dist,ttc,heading_err,approach_speed,ammo,mines,threat_density,threat_angle,session_id,fire,drop_mine
491.09171687187444,3.2812391072131333,-176.17886990413797,-149.66654389566116,0,0,1.2,-176.17886990413797,20260219-102058,0.0,0.0
486.1029462780135,3.2480560052256395,-176.1395953173964,-149.65965657487004,0,0,1.2,-176.1395953173964,20260219-102058,0.0,0.0
481.11440882618064,3.214876033057851,-176.09950625761812,-149.652553902231,0,0,1.2,-176.09950625761812,20260219-102058,0.0,0.0
476.1261118445042,3.1816992895461795,-176.05857716413993,-149.6452268160189,0,0,1.2,-176.05857716413993,20260219-102058,0.0,0.0
471.1380629711054,3.148525877732841,-176.01678139718354,-149.63766577340562,0,0,1.2,-176.01678139718354,20260219-102058,0.0,0.0
466.15027017064494,3.1153559050919757,-175.97409118039664,-149.6298607195195,0,0,1.2,-175.97409118039664,20260219-102058,0.0,0.0
461.1627417519387,3.0821894837705117,-175.93047753968978,-149.621801054161,0,0,1.2,-175.93047753968978,20260219-102058,0.0,0.0
456.1754863867252,3.049026730844913,-175.88591023808732,-149.61347559596987,0,0,1.2,-175.88591023808732,20260219-102058,0.0,0.0
451.1885131296732,3.015867768595041,-175.84035770628736,-149.60487254381908,0,0,1.2,-175.84035770628736,20260219-102058,0.0,0.0
446.2018314397256,2.982712724796484,-175.79378696859698,-149.59597943518708,0,0,1.2,-175.79378696859698,20260219-102058,0.0,0.0
441.2154512028849,2.9495617330328074,-175.74616356388083,-149.5867831012362,0,0,1.2,-175.74616356388083,20260219-102058,0.0,0.0
436.22938275655537,2.9164149330293534,-175.6974514611274,-149.5772696182957,0,0,1.2,-175.6974514611274,20260219-102058,0.0,0.0
431.24363691556687,2.883272471010314,-175.6476129692015,-149.56742425541793,0,0,1.2,-175.6476129692015,20260219-102058,0.0,0.0
426.2582250000172,2.8501345000810243,-175.59660864031113,-149.5572314176399,0,0,1.2,-175.59660864031113,20260219-102058,0.0,0.0
421.2731588650828,2.8170011806375443,-175.5443971666737,-149.54667458454531,0,0,1.2,-175.5443971666737,20260219-102058,0.0,0.0
416.28845093296223,2.7838726808058682,-175.49093526981645,-149.53573624367624,0,0,1.2,-175.49093526981645,20260219-102058,0.0,0.0
411.30411422713155,2.7507491769132564,-175.4361775818934,-149.52439781829727,0,0,1.2,-175.4361775818934,20260219-102058,0.0,0.0
406.3201624091097,2.71763085399449,-175.3800765183396,-149.51263958895777,0,0,1.2,-175.3800765183396,20260219-102058,0.0,0.0
401.3366098179498,2.684517906336088,-175.32258214111826,-149.50044060823802,0,0,1.2,-175.32258214111826,20260219-102058,0.0,0.0
396.3534715126957,2.6514105380618616,-175.2636420117416,-149.48777860799473,0,0,1.2,-175.2636420117416,20260219-102058,0.0,0.0
391.37076331806554,2.618308963763509,-175.20320103316445,-149.4746298983434,0,0,1.2,-175.20320103316445,20260219-102058,0.0,0.0
386.38850187365216,2.585213409180352,-175.1412012795573,-149.4609692575274,0,0,1.2,-175.1412012795573,20260219-102058,0.0,0.0
381.4067046869592,2.5521241119327245,-175.077581812864,-149.44676981172353,0,0,1.2,-175.077581812864,20260219-102058,0.0,0.0
376.42539019062633,2.5190413223140493,-175.0122784849347,-149.43200290372104,0,0,1.2,-175.0122784849347,20260219-102058,0.0,0.0
371.4445778042335,2.4859653041471224,-174.94522372389608,-149.4166379492845,0,0,1.2,-174.94522372389608,20260219-102058,0.0,0.0
366.46428800111653,2.4528963357107814,-174.87634630327952,-149.40064227986437,0,0,1.2,-174.87634630327952,20260219-102058,0.0,0.0
361.484542380674,2.4198347107438014,-174.8055710922652,-149.3839809701556,0,0,1.2,-174.8055710922652,20260219-102058,0.0,0.0
356.50536374669775,2.38678073953362,-174.73281878522113,-149.36661664881683,0,0,1.2,-174.73281878522113,20260219-102058,0.0,0.0
351.5267761923198,2.3537347500983867,-174.65800560851275,-149.34850929044825,0,0,1.2,-174.65800560851275,20260219-102058,0.0,0.0
346.5488051922345,2.3206970894717935,-174.5810430023297,-149.32961598668243,0,0,1.2,-174.5810430023297,20260219-102058,0.0,0.0
341.57147770293307,2.2876681251012805,-174.501837275019,-149.30989069396196,0,0,1.2,-174.501837275019,20260219-102058,0.0,0.0
336.59482227177125,2.2546482463714486,-174.42028922712163,-149.28928395525782,0,0,1.2,-174.42028922712163,20260219-102058,0.0,0.0
331.6188691557905,2.2216378662659655,-174.33629374197943,-149.26774259261316,0,0,1.2,-174.33629374197943,20260219-102058,0.0,0.0
326.6436504513218,2.1886374231828776,-174.24973933940512,-149.24520936697343,0,0,1.2,-174.24973933940512,20260219-102058,0.0,0.0
321.6692002355297,2.15564738292011,-174.16050768848257,-149.22162260127448,0,0,1.2,-174.16050768848257,20260219-102058,0.0,0.0
316.6955547211948,2.122668240850059,-174.06847307508022,-149.19691576219589,0,0,1.2,-174.06847307508022,20260219-102058,0.0,0.0
311.7227524261989,2.08970052430463,-173.97350181910966,-149.1710169953314,0,0,1.2,-173.97350181910966,20260219-102058,0.0,0.0
306.7508343593629,2.0567447951948696,-173.87545163592932,-149.14384860777017,0,0,1.2,-173.87545163592932,20260219-102058,0.0,0.0
301.779844224503,2.023801652892562,-173.77417093557423,-149.1153264911992,0,0,1.2,-173.77417093557423,20260219-102058,0.0,0.0
296.80982864481643,1.9908717374048654,-173.6694980526639,-149.08535947760905,0,0,1.2,-173.6694980526639,20260219-102058,0.0,0.0
291.8408374099918,1.9579557328773627,-173.5612603988909,-149.05384861848222,0,0,1.2,-173.5612603988909,20260219-102058,0.0,0.0
286.87292374876597,1.9250543714658548,-173.4492735288993,-149.02068637693765,0,0,1.2,-173.4492735288993,20260219-102058,0.0,0.0
281.9061446300263,1.8921684376229833,-173.33334010909863,-148.9857557206524,0,0,1.2,-173.33334010909863,20260219-102058,0.0,0.0
276.9405610959964,1.8592987728524921,-173.21324877750084,-148.94892910143793,0,0,1.2,-173.21324877750084,20260219-102058,0.0,0.0
271.976238631549,1.8264462809917352,-173.08877288097534,-148.91006730505626,0,0,1.2,-173.08877288097534,20260219-102058,0.0,0.0
267.0132475742829,1.7936119340922088,-172.9596690743524,-148.86901815214833,0,0,1.2,-172.9596690743524,20260219-102058,0.0,0.0
262.05166357068845,1.760796778978597,-172.8256757635177,-148.82561502793035,0,0,1.2,-172.8256757635177,20260219-102058,0.0,0.0
257.09156808453537,1.7280019445794847,-172.68651137196835,-148.77967521448565,0,0,1.2,-172.68651137196835,20260219-102058,0.0,0.0
252.13304896456015,1.695228650137741,-172.54187240717684,-148.73099799491578,0,0,1.2,-172.54187240717684,20260219-102058,0.0,0.0
247.17620107964538,1.6624782144262664,-172.39143129943994,-148.67936249314866,0,0,1.2,-172.39143129943994,20260219-102058,0.0,0.0
242.22112703099475,1.6297520661157026,-172.23483398157467,-148.62452520664485,0,0,1.2,-172.23483398157467,20260219-102058,0.0,0.0
237.2679379523607,1.597051755465682,-172.07169717273246,-148.5662171813437,0,0,1.2,-172.07169717273246,20260219-102058,0.0,0.0
232.3167544112247,1.5643789675410231,-171.9016053235773,-148.50414076864826,0,0,1.2,-171.9016053235773,20260219-102058,0.0,0.0
227.36770742602232,1.5317355371900825,-171.72410717292482,-148.43796589267671,0,0,1.2,-171.72410717292482,20260219-102058,0.0,0.0
222.42093961712618,1.499123466065615,-171.53871185742864,-148.36732574192862,0,0,1.2,-171.53871185742864,20260219-102058,0.0,0.0
217.47660651243686,1.4665449420206293,-171.34488450573755,-148.2918117823202,0,0,1.2,-171.34488450573755,20260219-102058,0.0,0.0
212.53487803220744,1.4340023612750887,-171.14204123637165,-148.21096796746227,0,0,1.2,-171.14204123637165,20260219-102058,0.0,0.0
207.59594018228125,1.4014983538265138,-170.92954346393165,-148.12428399611147,0,0,1.2,-170.92954346393165,20260219-102058,0.0,0.0
202.65999699044033,1.369035812672176,-170.7066914006029,-148.03118743466246,0,0,1.2,-170.7066914006029,20260219-102058,0.0,0.0
197.72727272727272,1.3366179275270182,-170.47271661854765,-147.93103448275863,0,0,1.2,-170.47271661854765,20260219-102058,0.0,0.0
192.79801446115903,1.3042482238654485,-170.2267735128206,-147.82309911050248,0,0,1.2,-170.2267735128206,20260219-102058,0.0,0.0
187.87249500702674,1.2719306082942445,-169.9679294727829,-147.706560233642,0,0,1.2,-169.9679294727829,20260219-102058,0.0,0.0
182.9510163408919,1.2396694214876034,-169.69515353123398,-147.58048651498612,0,0,1.2,-169.69515353123398,20260219-102058,0.0,0.0
178.0339135675147,1.2074695001967732,-169.40730321284343,-147.4438182815398,0,0,1.2,-169.40730321284343,20260219-102058,0.0,0.0
173.12155954751935,1.1753362502025604,-169.1031092446745,-147.29534592137625,0,0,1.2,-169.1031092446745,20260219-102058,0.0,0.0
168.21437031408848,1.143275732531931,-168.78115771873118,-147.13368396402166,0,0,1.2,-168.78115771873118,20260219-102058,0.0,0.0
163.31281143916814,1.1112947658402206,-168.43986920578223,-146.9572398423848,0,0,1.2,-168.43986920578223,20260219-102058,0.0,0.0
158.4174055467558,1.0794010486092598,-168.07747420636582,-146.76417606863234,0,0,1.2,-168.07747420636582,20260219-102058,0.0,0.0
153.52874121859168,1.047603305785124,-167.69198418257207,-146.55236421149883,0,0,1.2,-167.69198418257207,20260219-102058,0.0,0.0
148.6474835984965,1.015911465754726,-167.28115723474855,-146.31932861203168,0,0,1.2,-167.28115723474855,20260219-102058,0.0,0.0
143.77438707977612,0.9843368752459664,-166.84245725998517,-146.06217718283665,0,0,1.2,-166.84245725998517,20260219-102058,0.0,0.0
138.91031056104256,0.9528925619834714,-166.37300514010846,-145.7775158533057,0,0,1.2,-166.37300514010846,20260219-102058,0.0,0.0
134.05623588690415,0.9215935579571942,-165.86952013758597,-145.46134218217998,0,0,1.2,-165.86952013758597,20260219-102058,0.0,0.0
129.21329026135544,0.8904573002754822,-165.32824920409817,-145.1089122649458,0,0,1.2,-165.32824920409817,20260219-102058,0.0,0.0
124.3827736471787,0.859504132231405,-164.74488129694222,-144.71457318565982,0,0,1.2,-164.74488129694222,20260219-102058,0.0,0.0
119.56619246327655,0.8287579350820459,-164.11444301153816,-144.27155071696498,0,0,1.2,-164.11444301153816,20260219-102058,0.0,0.0
114.76530128991642,0.7982469321312298,-163.43117082040092,-143.77167849991724,0,0,1.2,-163.43117082040092,20260219-102058,0.0,0.0
109.98215482597752,0.768004722550177,-162.6883538911534,-143.20505017310217,0,0,1.2,-162.6883538911534,20260219-102058,0.0,0.0
105.219173063493,0.7380716253443528,-161.87813975209863,-142.55956935670332,0,0,1.2,-161.87813975209863,20260219-102058,0.0,0.0
100.47922362441547,0.7084964477308977,-160.99129287936148,-141.8203633147638,0,0,1.2,-160.99129287936148,20260219-102058,0.0,0.0
95.76572654225149,0.6793388429752067,-160.0168934781,-140.96901352326555,0,0,1.2,-160.0168934781,20260219-102058,0.0,0.0
91.08278860556088,0.6506725004051208,-158.9419602117472,-139.98253890989866,0,0,1.2,-158.9419602117472,20260219-102058,0.0,0.0
86.43537690185246,0.6225895316804408,-157.75097634278765,-138.8320434308515,0,0,1.2,-157.75097634278765,20260219-102058,0.0,0.0
81.82954466551364,0.5952066115702481,-156.42529379808738,-137.48090675544498,0,0,1.2,-156.42529379808738,20260219-102058,0.0,0.0
77.27272727272728,0.5686737504919324,-154.94238458169698,-135.88235294117646,0,0,1.2,-154.94238458169698,20260219-102058,0.0,0.0
72.77413263080015,0.5431871159143888,-153.274905162316,-133.976175978132,0,0,1.2,-153.274905162316,20260219-102058,0.0,0.0
68.34525865168183,0.51900826446281,-151.38954033403476,-131.68433593715764,0,0,1.2,-151.38954033403476,20260219-102058,0.0,0.0
64.0005810924033,0.4964938642624594,-149.2456059204414,-128.90507959746094,0,0,1.2,-149.2456059204414,20260219-102058,0.0,0.0
59.758467016526545,0.47614325068870544,-146.79342968491048,-125.50522753413055,0,0,1.2,-146.79342968491048,20260219-102058,0.0,0.0
55.64237935391773,0.4586776859504134,-143.9726266148964,-121.31041264547825,0,0,1.2,-143.9726266148964,20260219-102058,0.0,0.0
51.682437831097815,0.44517906336088175,-140.71059313749964,-116.09359488049813,0,0,1.2,-140.71059313749964,20260219-102058,0.0,0.0
47.91737033858693,0.43734750098386477,-136.92195595893142,-109.56360841388404,0,0,1.2,-136.92195595893142,20260219-102058,0.0,0.0
44.396783443908305,0.4380165289256201,-132.51044707800082,-101.35869427760191,0,0,1.2,-132.51044707800082,20260219-102058,0.0,0.0
41.1834236090844,0.4522865013774108,127.37580749554814,-91.05605293030592,0,0,1.4,127.37580749554816,20260219-102058,0.0,0.0
38.35458747223454,0.4903581267217636,121.42956561483851,-78.2175014180962,0,0,1.4,121.42956561483851,20260219-102058,0.0,0.0
36.001033043029345,0.5760330578512404,114.62356478616357,-62.498206573982,0,0,1.4,114.6235647861636,20260219-102058,0.0,0.0
34.22096404494313,0.780716253443527,106.99082329198615,-43.83278033985301,0,0,1.4,106.99082329198616,20260219-102058,0.0,0.0
32.49894288016575,0.568661763719666,-114.32044564987388,-57.14986474136636,0,0,1.4,-114.32044564987388,20260219-102058,0.0,0.0
30.682222172046988,0.5935059213047293,-109.9731744455326,-51.696572975374785,0,0,1.4,-109.9731744455326,20260219-102058,0.0,0.0
29.063594466613367,0.642341331482081,-105.11087982507148,-45.24634029006763,0,0,1.4,-105.11087982507148,20260219-102058,0.0,0.0
27.67783564592792,0.7338630016638832,-99.71930443482078,-37.71526236255831,0,0,1.4,-99.71930443482078,20260219-102058,0.0,0.0
26.561418365451967,0.9130055413361732,-93.81809915794788,-29.09228604087072,0,0,1.4,-93.81809915794788,20260219-102058,0.0,0.0
25.749400030767156,1.3218651492966917,-87.47318672852788,-19.47959672321138,0,0,1.4,-87.47318672852788,20260219-102058,0.0,0.0
25.271140756260014,2.7713110637112717,-80.80288458881684,-9.118839486180784,0,0,1.4,-80.80288458881684,20260219-102058,0.0,0.0
25.14569158164619,15.53539659058487,-73.971684933263,1.618606350666682,0,0,1.4,-73.971684933263,20260219-102058,0.0,0.0
25.378285047145518,2.065309584044092,-67.16946240301287,12.287884219978386,0,0,1.4,-67.16946240301287,20260219-102058,0.0,0.0
25.959298826574607,1.1559123373331115,-60.58139281770801,22.45784389365302,0,0,1.4,-60.58139281770801,20260219-102058,0.0,0.0
26.86613734832302,0.8450536504710141,-54.35965560662282,31.79222684068453,0,0,1.4,-54.35965560662283,20260219-102058,0.0,0.0
28.06723665216879,0.7000663157074856,-48.60683185017436,40.09225415138579,0,0,1.4,-48.606831850174366,20260219-102058,0.0,0.0
29.526708373556783,0.6243282723956638,-43.37389784358081,47.29356282434128,0,0,1.4,-43.37389784358081,20260219-102058,0.0,0.0
31.208324823412433,0.5840599720650262,-38.66890773163391,53.43342518931919,0,0,1.4,-38.668907731633915,20260219-102058,0.0,0.0
33.07822344093624,0.5643792300561331,-34.470040226288916,58.60992339786545,0,0,1.4,-34.4700402262889,20260219-102058,0.0,0.0
35.106331203241936,0.557707904548475,-30.738092878529756,62.94752309753314,0,0,1.4,-30.738092878529756,20260219-102058,0.0,0.0
37.26682723164482,0.5597806634699017,-27.426095191360446,66.57398096004182,0,0,1.4,-27.426095191360435,20260219-102058,0.0,0.0
39.53801499940457,0.5680130758909735,-24.485675156675768,69.60757890544343,0,0,1.4,-24.485675156675782,20260219-102058,0.0,0.0
41.90189906306573,0.5807478520035277,-21.87075634058209,72.15162125612338,0,0,1.4,-21.870756340582076,20260219-102058,0.0,0.0
44.34365745975276,0.5968733069588859,-19.539389404084602,74.29324940947185,0,0,1.4,-19.539389404084616,20260219-102058,0.0,0.0
46.85111594767788,0.6156159082158625,-17.45441655261149,76.10445948912968,0,0,1.4,-17.45441655261148,20260219-102058,0.0,0.0
49.41427396002047,0.6364207880056442,-15.583472389032238,77.64402874844848,0,0,1.4,-15.583472389032226,20260219-102058,0.0,0.0
52.02489955076789,0.6588795772551328,-13.898646903476731,78.95964808546903,0,0,1.4,-13.89864690347674,20260219-102058,0.0,0.0
54.67619383568458,0.6826850502571569,-12.376005632886773,80.08992406540747,0,0,1.4,-12.376005632886777,20260219-102058,0.0,0.0
57.362517973547384,0.7076016369945366,-10.995075940790969,81.06611824301119,0,0,1.4,-10.995075940790963,20260219-102058,0.0,0.0
60.07917327154287,0.73344568339814,-9.738355524988492,81.91359582783146,0,0,1.4,-9.738355524988483,20260219-102058,0.0,0.0
62.8222249728305,0.7600718963455757,-8.590868528407384,82.65300332097482,0,0,1.4,-8.590868528407386,20260219-102058,0.0,0.0
65.58836129146782,0.7873638248669073,-7.539777649778841,83.30121250179941,0,0,1.4,-7.539777649778839,20260219-102058,0.0,0.0
68.37478058525404,0.8152270417037446,-6.574051838308975,83.87207132182154,0,0,1.4,-6.574051838308975,20260219-102058,0.0,0.0
71.1791008659247,0.843584171841054,-5.684185009526317,84.37699904987795,0,0,1.4,-5.6841850095263045,20260219-102058,0.0,0.0
73.99928700264391,0.872371209534431,-4.861959635596719,84.82545755050309,0,0,1.4,-4.861959635596707,20260219-102058,0.0,0.0
76.83359194087033,0.9015347503575534,-4.100248819516935,85.22532482569056,0,0,1.4,-4.1002488195169455,20260219-102058,0.0,0.0
79.68050904073729,0.9310298835933318,-3.3928508669831103,85.58319173731404,0,0,1.4,-3.392850866983114,20260219-102058,0.0,0.0
82.53873326059826,0.9608185682044402,-2.734351043024617,85.90459842470062,0,0,1.4,-2.7343510430246103,20260219-102058,0.0,0.0
85.40712940004303,0.9908683677039579,-2.120005942922404,86.19422335375242,0,0,1.4,-2.1200059429223947,20260219-102058,0.0,0.0
88.28470599863564,1.0211514546795464,-1.545646619762806,86.45603509064264,0,0,1.4,-1.5456466197627996,20260219-102058,0.0,0.0
91.17059378436502,1.0516438202175487,-1.0075972509403073,86.69341466344089,0,0,1.4,-1.007597250940311,20260219-102058,0.0,0.0
94.06402779777292,1.082324640655067,-0.50260667915731,86.90925463994013,0,0,1.4,-0.5026066791573207,20260219-102058,0.0,0.0
96.96433249863078,1.113175766305529,-0.027790630913187897,87.10603970515952,0,0,1.4,-0.027790630913187318,20260219-102058,0.0,0.0
99.87090930340118,1.1441813056006263,0.41941719518234777,87.28591248130468,0,0,1.4,0.41941719518234705,20260219-102058,0.0,0.0
102.78322611248237,1.1753272845004368,0.8413066565535701,87.45072752749847,0,0,1.4,0.8413066565535696,20260219-102058,0.0,0.0
105.70080847330118,1.2066013657434491,1.2399265337193697,87.6020958323493,0,0,1.4,1.2399265337193615,20260219-102058,0.0,0.0
108.62323209400304,1.2379926160196257,1.6171147428360086,87.7414216275754,0,0,1.4,1.6171147428360082,20260219-102058,0.0,0.0
111.55011647687391,1.2694913117868243,1.974524223882213,87.86993297328344,0,0,1.4,1.9745242238822218,20260219-102058,0.0,0.0
114.4811194838649,1.3010887764492114,2.3136451905475894,87.98870727045559,0,0,1.4,2.313645190547593,20260219-102058,0.0,0.0
117.41593268109783,1.3327772431431946,2.635824310111275,88.09869262487292,0,0,1.4,2.6358243101112744,20260219-102058,0.0,0.0
120.35427733688394,1.3645497385522725,2.942281285223885,88.2007258046706,0,0,1.4,2.9422812852238835,20260219-102058,0.0,0.0
123.29590097003786,1.3963999840844996,3.234123230513177,88.29554738993532,0,0,1.4,3.23412323051318,20260219-102058,0.0,0.0
126.24057436324316,1.4283223114590313,3.5123571720591826,88.38381459874306,0,0,1.4,3.512357172059187,20260219-102058,0.0,0.0
129.18808897080254,1.460311590308788,3.7779009443846405,88.46611218328087,0,0,1.4,3.777900944384633,20260219-102058,0.0,0.0
132.1382546619744,1.4923631658499346,4.031592715545969,88.54296171717604,0,0,1.4,4.031592715545981,20260219-102058,0.0,0.0
135.09089775079568,1.524472805022071,4.274199334463248,88.61482953698203,0,0,1.4,4.274199334463235,20260219-102058,0.0,0.0
138.04585927124867,1.5566366497858632,4.506423664398511,88.68213355392781,0,0,1.4,4.506423664398515,20260219-102058,0.0,0.0
141.0029934631786,1.5888511764924687,4.728911041356042,88.7452491141778,0,0,1.4,4.728911041356055,20260219-102058,0.0,0.0
143.96216643978138,1.6211131604233329,4.942254975215974,88.80451405513698,0,0,1.4,4.942254975215974,20260219-102058,0.0,0.0
146.92325501196797,1.653419644748689,5.147002193889563,88.86023308033184,0,0,1.4,5.147002193889565,20260219-102058,0.0,0.0
149.88614564864412,1.6857679132754588,5.343657116092373,88.9126815549682,0,0,1.4,5.343657116092383,20260219-102058,0.0,0.0
152.85073355505912,1.718155466455605,5.532685825981872,88.96210880752018,0,0,1.4,5.532685825981881,20260219-102058,0.0,0.0
155.81692185398583,1.7505800002087544,5.714519612498236,89.00874100892554,0,0,1.4,5.714519612498232,20260219-102058,0.0,0.0
158.78462085668406,1.783039387181329,5.889558127451892,89.0527836895934,0,0,1.4,5.889558127451884,20260219-102058,0.0,0.0
161.75374741244488,1.8155316601212954,6.0581722089503955,89.09442394501572,0,0,1.4,6.058172208950406,20260219-102058,0.0,0.0
164.72422432707177,1.848054997095038,6.220706410428903,89.13383237295544,0,0,1.4,6.220706410428897,20260219-102058,0.0,0.0
167.69597984197546,1.8806077083125539,6.377481270160018,89.17116477866986,0,0,1.4,6.377481270160028,20260219-102058,0.0,0.0
170.668947166681,1.913188224360456,6.528795351521097,89.20656367918662,0,0,1.4,6.528795351521087,20260219-102058,0.0,0.0
173.6430640585013,1.945795085670356,6.674927080360874,89.2401596330883,0,0,1.4,6.674927080360884,20260219-102058,0.0,0.0
176.61827244394775,1.978426933073912,6.816136402435546,89.27207241843057,0,0,1.4,6.816136402435548,20260219-102058,0.0,0.0
179.59451807714692,2.011082499315942,6.952666280982385,89.3024120781892,0,0,1.4,6.952666280982398,20260219-102058,0.0,0.0
182.57175023113263,2.04376060141411,7.084744052003202,89.33127984990432,0,0,1.4,7.084744052003193,20260219-102058,0.0,0.0
185.54992141839844,2.07646013376827,7.212582652671671,89.35876899387924,0,0,1.4,7.212582652671675,20260219-102058,0.0,0.0
188.52898713754055,2.109180061935041,7.336381736414808,89.38496553232966,0,0,1.4,7.33638173641482,20260219-102058,0.0,0.0
191.50890564320594,2.1419194169938662,7.456328686599932,89.40994891020887,0,0,1.4,7.456328686599946,20260219-102058,0.0,0.0
194.4896377368936,2.1746772904400236,7.572599539355025,89.43379258700983,0,0,1.4,7.572599539355026,20260219-102058,0.0,0.0
197.47114657644593,2.2074528295479596,7.685359824826747,89.45656456762607,0,0,1.4,7.685359824826746,20260219-102058,0.0,0.0
200.45339750231875,2.240245233155183,7.794765335114505,89.4783278793091,0,0,1.4,7.794765335114517,20260219-102058,0.0,0.0
203.43635787893805,2.27305374782288,7.900962826186969,89.49914100086214,0,0,1.4,7.900962826186981,20260219-102058,0.0,0.0
206.41999694964255,2.305877664334545,8.00409066027197,89.51905824943817,0,0,1.4,8.004090660271958,20260219-102058,0.0,0.0
209.40428570387914,2.338716314498426,8.104279394495677,89.538130129643,0,0,1.4,8.104279394495691,20260219-102058,0.0,0.0
212.38919675546492,2.371569068223455,8.201652320918924,89.55640364906847,0,0,1.4,8.20165232091893,20260219-102058,0.0,0.0
215.3747042308582,2.4044353308417565,8.296325962564708,89.57392260388171,0,0,1.4,8.296325962564698,20260219-102058,0.0,0.0
218.36078366649554,2.43731454065383,8.388410529545155,89.59072783766285,0,0,1.4,8.388410529545158,20260219-102058,0.0,0.0
221.3474119143497,2.4702061666750685,8.478010338964935,89.60685747630788,0,0,1.4,8.47801033896494,20260219-102058,0.0,0.0
224.33456705495448,2.5031097065646333,8.565224201897763,89.6223471414843,0,0,1.4,8.56522420189777,20260219-102058,0.0,0.0
227.3222283172177,2.5360246847196826,8.650145780396343,89.63723014484167,0,0,1.4,8.650145780396336,20260219-102058,0.0,0.0
230.31037600441493,2.5689506505197603,8.732863917196482,89.65153766492853,0,0,1.4,8.732863917196495,20260219-102058,0.0,0.0
233.29899142581615,2.6018871767077183,8.813462940511386,89.66529890854821,0,0,1.4,8.813462940511373,20260219-102058,0.0,0.0
236.28805683345368,2.6348338578949497,8.892022946074746,89.6785412580934,0,0,1.4,8.892022946074745,20260219-102058,0.0,0.0
239.2775553635864,2.667790309179921,8.968620058382669,89.6912904062315,0,0,1.4,8.968620058382669,20260219-102058,0.0,0.0
242.26747098246022,2.7007561648701337,9.043326672894551,89.70357047916234,0,0,1.4,9.043326672894564,20260219-102058,0.0,0.0
245.25778843600173,2.7337310772985766,9.116211680787245,89.71540414954094,0,0,1.4,9.116211680787249,20260219-102058,0.0,0.0
248.24849320311753,2.7667147157266117,9.187340677705436,89.72681274004103,0,0,1.4,9.187340677705434,20260219-102058,0.0,0.0
251.23957145230196,2.7997067653260417,9.256776157817711,89.73781631843279,0,0,1.4,9.256776157817708,20260219-102058,0.0,0.0
254.23101000128352,2.8327069262337434,9.324577694366639,89.74843378495888,0,0,1.4,9.324577694366628,20260219-102058,0.0,0.0
257.2227962794655,2.865714912672923,9.390802107793206,89.75868295271125,0,0,1.4,9.390802107793212,20260219-102058,0.0,0.0
260.21491829293814,2.898730452135572,9.455503622418917,89.76858062164105,0,0,1.4,9.455503622418902,20260219-102058,0.0,0.0
263.20736459185906,2.9317532846212053,9.518734012580381,89.77814264677001,0,0,1.4,9.518734012580373,20260219-102058,0.0,0.0
266.20012424001897,2.9647831619274165,9.580542739033746,89.78738400111571,0,0,1.4,9.580542739033742,20260219-102058,0.0,0.0
269.19318678642213,2.99781984698818,9.640977076373474,89.79631883379267,0,0,1.4,9.64097707637346,20260219-102058,0.0,0.0
272.18654223872994,3.030863113256196,9.70008223214677,89.8049605237062,0,0,1.4,9.70008223214678,20260219-102058,0.0,0.0
275.1801810384255,3.0639127441258873,9.757901458286653,89.81332172921668,0,0,1.4,9.757901458286653,20260219-102058,0.0,0.0
278.1740940375714,3.0969685323939684,9.81447615543317,89.82141443411496,0,0,1.4,9.81447615543317,20260219-102058,0.0,0.0
281.16827247704356,3.130030279754766,9.86984597066592,89.82924999021822,0,0,1.4,9.869845970665915,20260219-102058,0.0,0.0
284.16270796613105,3.163097796327686,9.924048889126453,89.83683915686709,0,0,1.4,9.924048889126453,20260219-102058,0.0,0.0
287.1573924634062,3.1961709002144985,9.977121319970706,89.84419213757774,0,0,1.4,9.977121319970703,20260219-102058,0.0,0.0
290.15231825877083,3.2292494170842336,10.029098177055403,89.85131861408101,0,0,1.4,10.029098177055394,20260219-102058,0.0,0.0
293.14747795659736,3.262333179783719,10.080012954730137,89.85822777795859,0,0,1.4,10.080012954730147,20260219-102058,0.0,0.0
296.14286445988654,3.295422027971925,10.12989779907727,89.86492836006785,0,0,1.4,10.129897799077279,20260219-102058,0.0,0.0
299.1384709553722,3.3285158077764407,10.17878357491432,89.87142865792987,0,0,1.4,10.178783574914307,20260219-102058,0.0,0.0
302.1342908995067,3.361614371470529,10.226699928849655,89.87773656124004,0,0,1.4,10.226699928849662,20260219-102058,0.0,0.0
305.1303180052676,3.394717577169329,10.27367534865948,89.88385957564671,0,0,1.4,10.273675348659488,20260219-102058,0.0,0.0
308.12654622973025,3.4278252885439215,10.31973721923302,89.88980484493037,0,0,1.4,10.319737219233025,20260219-102058,0.0,0.0
311.12296976235416,3.4609373745520045,10.36491187531513,89.89557917170546,0,0,1.4,10.364911875315139,20260219-102058,0.0,0.0
314.11958301393713,3.4940537091841026,10.40922465125746,89.90118903675561,0,0,1.4,10.409224651257464,20260219-102058,0.0,0.0
317.1163806061918,3.5271741712242517,10.452699927973782,89.90664061710439,0,0,1.4,10.452699927973772,20260219-102058,0.0,0.0
320.11335736190506,3.5602986440241993,10.495361177280813,89.91193980291538,0,0,1.4,10.495361177280802,20260219-102058,0.0,0.0
323.1105082956429,3.5934270152902728,10.53723100379247,89.91709221330669,0,0,1.4,10.537231003792469,20260219-102058,0.0,0.0
326.1078286049647,3.6265591768820507,10.578331184523165,89.92210321115931,0,0,1.4,10.57833118452316,20260219-102058,0.0,0.0
329.1053136621159,3.659695024622108,10.618682706344714,89.92697791699149,0,0,1.4,10.618682706344703,20260219-102058,0.0,0.0
332.10295900616825,3.6928344581161268,10.658305801431197,89.93172122196569,0,0,1.4,10.658305801431204,20260219-102058,0.0,0.0
335.1007603355803,3.7259773805827203,10.697219980816499,89.93633780008953,0,0,1.4,10.697219980816499,20260219-102058,0.0,0.0
338.0987135011514,3.7591236986923477,10.735444066180207,89.94083211966733,0,0,1.4,10.7354440661802,20260219-102058,0.0,0.0
341.0968144993465,3.7922733224147906,10.77299621997031,89.94520845405407,0,0,1.4,10.772996219970315,20260219-102058,0.0,0.0
344.09505946596784,3.825426164874632,10.809893973962886,89.94947089176001,0,0,1.4,10.809893973962875,20260219-102058,0.0,0.0
347.093444670153,3.858582142214265,10.846154256352264,89.95362334595056,0,0,1.4,10.846154256352259,20260219-102058,0.0,0.0
350.0919665086812,3.891741173463992,10.881793417459448,89.95766956338171,0,0,1.4,10.881793417459457,20260219-102058,0.0,0.0
353.09062150056724,3.924903180418759,10.916827254139719,89.96161313280982,0,0,1.4,10.916827254139726,20260219-102058,0.0,0.0
356.0894062819287,3.9580680875211662,10.951271032965593,89.9654574929099,0,0,1.4,10.951271032965598,20260219-102058,0.0,0.0
359.0883176011083,3.991235821750357,10.985139512256268,89.96920593973574,0,0,1.4,10.985139512256255,20260219-102058,0.0,0.0
362.08735231403864,4.024406312516463,11.018446963019528,89.9728616337512,0,0,1.4,11.018446963019535,20260219-102058,0.0,0.0
365.0865073798337,4.057579491560274,11.051207188868602,89.97642760646097,0,0,1.4,11.051207188868613,20260219-102058,0.0,0.0
361.484542380674,2.4198347107438014,174.8055710922652,-149.3839809701556,0,0,1.4,174.8055710922652,20260219-102058,0.0,0.0
356.50536374669775,2.38678073953362,174.73281878522113,-149.36661664881683,0,0,1.4,174.73281878522113,20260219-102058,0.0,0.0
351.5267761923198,2.3537347500983867,174.65800560851278,-149.34850929044825,0,0,1.4,174.65800560851275,20260219-102058,0.0,0.0
346.5488051922345,2.3206970894717935,174.5810430023297,-149.32961598668243,0,0,1.4,174.5810430023297,20260219-102058,0.0,0.0
341.57147770293307,2.2876681251012805,174.501837275019,-149.30989069396196,0,0,1.4,174.501837275019,20260219-102058,0.0,0.0
336.59482227177125,2.2546482463714486,174.42028922712166,-149.28928395525782,0,0,1.4,174.42028922712163,20260219-102058,0.0,0.0
331.6188691557905,2.2216378662659655,174.33629374197943,-149.26774259261316,0,0,1.4,174.33629374197943,20260219-102058,0.0,0.0
326.6436504513218,2.1886374231828776,174.2497393394051,-149.24520936697343,0,0,1.4,174.24973933940512,20260219-102058,0.0,0.0
321.6692002355297,2.15564738292011,174.16050768848254,-149.22162260127448,0,0,1.4,174.16050768848257,20260219-102058,0.0,0.0
316.6955547211948,2.122668240850059,174.0684730750802,-149.19691576219589,0,0,1.4,174.06847307508022,20260219-102058,0.0,0.0
311.7227524261989,2.08970052430463,173.97350181910963,-149.1710169953314,0,0,1.4,173.97350181910966,20260219-102058,0.0,0.0
306.7508343593629,2.0567447951948696,173.87545163592932,-149.14384860777017,0,0,1.4,173.87545163592932,20260219-102058,0.0,0.0
301.779844224503,2.023801652892562,173.77417093557426,-149.1153264911992,0,0,1.4,173.77417093557423,20260219-102058,0.0,0.0
296.80982864481643,1.9908717374048654,173.66949805266393,-149.08535947760905,0,0,1.4,173.6694980526639,20260219-102058,0.0,0.0
291.8408374099918,1.9579557328773627,173.5612603988909,-149.05384861848222,0,0,1.4,173.5612603988909,20260219-102058,0.0,0.0
286.87292374876597,1.9250543714658548,173.4492735288993,-149.02068637693765,0,0,1.4,173.4492735288993,20260219-102058,0.0,0.0
281.9061446300263,1.8921684376229833,173.33334010909863,-148.9857557206524,0,0,1.4,173.33334010909863,20260219-102058,0.0,0.0
276.9405610959964,1.8592987728524921,173.21324877750084,-148.94892910143793,0,0,1.4,173.21324877750084,20260219-102058,0.0,0.0
271.976238631549,1.8264462809917352,173.08877288097534,-148.91006730505626,0,0,1.4,173.08877288097534,20260219-102058,0.0,0.0
267.0132475742829,1.7936119340922088,172.9596690743524,-148.86901815214833,0,0,1.4,172.9596690743524,20260219-102058,0.0,0.0
262.05166357068845,1.760796778978597,172.82567576351767,-148.82561502793035,0,0,1.4,172.8256757635177,20260219-102058,0.0,0.0
257.09156808453537,1.7280019445794847,172.68651137196832,-148.77967521448565,0,0,1.4,172.68651137196835,20260219-102058,0.0,0.0
252.13304896456015,1.695228650137741,172.5418724071768,-148.73099799491578,0,0,1.4,172.54187240717684,20260219-102058,0.0,0.0
247.17620107964538,1.6624782144262664,172.39143129943994,-148.67936249314866,0,0,1.4,172.39143129943994,20260219-102058,0.0,0.0
242.22112703099475,1.6297520661157026,172.23483398157464,-148.62452520664485,0,0,1.4,172.23483398157467,20260219-102058,0.0,0.0
237.2679379523607,1.597051755465682,172.07169717273246,-148.5662171813437,0,0,1.4,172.07169717273246,20260219-102058,0.0,0.0
232.3167544112247,1.5643789675410231,171.90160532357731,-148.50414076864826,0,0,1.4,171.9016053235773,20260219-102058,0.0,0.0
227.36770742602232,1.5317355371900825,171.72410717292485,-148.43796589267671,0,0,1.4,171.72410717292482,20260219-102058,0.0,0.0
222.42093961712618,1.499123466065615,171.53871185742867,-148.36732574192862,0,0,1.4,171.53871185742864,20260219-102058,0.0,0.0
217.47660651243686,1.4665449420206293,171.34488450573758,-148.2918117823202,0,0,1.4,171.34488450573755,20260219-102058,0.0,0.0
212.53487803220744,1.4340023612750887,171.14204123637165,-148.21096796746227,0,0,1.4,171.14204123637165,20260219-102058,0.0,0.0
207.59594018228125,1.4014983538265138,170.92954346393162,-148.12428399611147,0,0,1.4,170.92954346393165,20260219-102058,0.0,0.0
202.65999699044033,1.369035812672176,170.7066914006029,-148.03118743466246,0,0,1.4,170.7066914006029,20260219-102058,0.0,0.0
197.72727272727272,1.3366179275270182,170.47271661854768,-147.93103448275863,0,0,1.4,170.47271661854765,20260219-102058,0.0,0.0
192.79801446115903,1.3042482238654485,170.2267735128206,-147.82309911050248,0,0,1.4,170.2267735128206,20260219-102058,0.0,0.0
187.87249500702674,1.2719306082942445,169.96792947278288,-147.706560233642,0,0,1.4,169.9679294727829,20260219-102058,0.0,0.0
182.9510163408919,1.2396694214876034,169.69515353123398,-147.58048651498612,0,0,1.4,169.69515353123398,20260219-102058,0.0,0.0
178.0339135675147,1.2074695001967732,169.40730321284343,-147.4438182815398,0,0,1.4,169.40730321284343,20260219-102058,0.0,0.0
173.12155954751935,1.1753362502025604,169.1031092446745,-147.29534592137625,0,0,1.4,169.1031092446745,20260219-102058,0.0,0.0
168.21437031408848,1.143275732531931,168.78115771873115,-147.13368396402166,0,0,1.4,168.78115771873118,20260219-102058,0.0,0.0
163.31281143916814,1.1112947658402206,168.4398692057822,-146.9572398423848,0,0,1.4,168.43986920578223,20260219-102058,0.0,0.0
158.4174055467558,1.0794010486092598,168.07747420636582,-146.76417606863234,0,0,1.4,168.07747420636582,20260219-102058,0.0,0.0
153.52874121859168,1.047603305785124,167.69198418257207,-146.55236421149883,0,0,1.4,167.69198418257207,20260219-102058,0.0,0.0
148.6474835984965,1.015911465754726,167.28115723474855,-146.31932861203168,0,0,1.4,167.28115723474855,20260219-102058,0.0,0.0
143.77438707977612,0.9843368752459664,166.84245725998517,-146.06217718283665,0,0,1.4,166.84245725998517,20260219-102058,0.0,0.0
138.91031056104256,0.9528925619834714,166.3730051401085,-145.7775158533057,0,0,1.4,166.37300514010846,20260219-102058,0.0,0.0
134.05623588690415,0.9215935579571942,165.86952013758594,-145.46134218217998,0,0,1.4,165.86952013758597,20260219-102058,0.0,0.0
129.21329026135544,0.8904573002754822,165.32824920409814,-145.1089122649458,0,0,1.4,165.32824920409817,20260219-102058,0.0,0.0
124.3827736471787,0.859504132231405,164.74488129694225,-144.71457318565982,0,0,1.4,164.74488129694222,20260219-102058,0.0,0.0
119.56619246327655,0.8287579350820459,164.11444301153813,-144.27155071696498,0,0,1.4,164.11444301153816,20260219-102058,0.0,0.0
114.76530128991642,0.7982469321312298,163.4311708204009,-143.77167849991724,0,0,1.4,163.43117082040092,20260219-102058,0.0,0.0
109.98215482597752,0.768004722550177,162.68835389115338,-143.20505017310217,0,0,1.4,162.6883538911534,20260219-102058,0.0,0.0
105.219173063493,0.7380716253443528,161.8781397520986,-142.55956935670332,0,0,1.4,161.87813975209863,20260219-102058,0.0,0.0
100.47922362441547,0.7084964477308977,160.99129287936148,-141.8203633147638,0,0,1.4,160.99129287936148,20260219-102058,0.0,0.0
95.76572654225149,0.6793388429752067,160.01689347809997,-140.96901352326555,0,0,1.4,160.0168934781,20260219-102058,0.0,0.0
91.08278860556088,0.6506725004051208,158.9419602117472,-139.98253890989866,0,0,1.4,158.9419602117472,20260219-102058,0.0,0.0
86.43537690185246,0.6225895316804408,157.75097634278768,-138.8320434308515,0,0,1.4,157.75097634278765,20260219-102058,0.0,0.0
81.82954466551364,0.5952066115702481,156.4252937980874,-137.48090675544498,0,0,1.4,156.42529379808738,20260219-102058,0.0,0.0
77.27272727272728,0.5686737504919324,154.94238458169696,-135.88235294117646,0,0,1.4,154.94238458169698,20260219-102058,0.0,0.0
72.77413263080015,0.5431871159143888,153.27490516231603,-133.976175978132,0,0,1.4,153.274905162316,20260219-102058,0.0,0.0
68.34525865168183,0.51900826446281,151.3895403340348,-131.68433593715764,0,0,1.4,151.38954033403476,20260219-102058,0.0,0.0
64.0005810924033,0.4964938642624594,149.2456059204414,-128.90507959746094,0,0,1.4,149.2456059204414,20260219-102058,0.0,0.0
59.758467016526545,0.47614325068870544,146.7934296849105,-125.50522753413055,0,0,1.4,146.79342968491048,20260219-102058,0.0,0.0
55.64237935391773,0.4586776859504134,143.9726266148964,-121.31041264547825,0,0,1.4,143.9726266148964,20260219-102058,0.0,0.0
51.682437831097815,0.44517906336088175,140.71059313749964,-116.09359488049813,0,0,1.4,140.71059313749964,20260219-102058,0.0,0.0
47.91737033858693,0.43734750098386477,136.92195595893145,-109.56360841388404,0,0,1.4,136.92195595893142,20260219-102058,0.0,0.0
44.396783443908305,0.4380165289256201,132.51044707800082,-101.35869427760191,0,0,1.4,132.51044707800082,20260219-102058,0.0,0.0
41.1834236090844,1.1995032791513414,127.37580749554814,-34.33373157447474,0,0,1.6,127.37580749554816,20260219-102058,0.0,0.0
38.845677519880375,0.5650061998141005,124.66778317935103,-68.75265710829626,0,0,1.6,124.66778317935103,20260219-102058,0.0,0.0
36.6056722463899,0.5584162970154047,121.62080293922179,-65.55265747442911,0,0,1.6,121.62080293922178,20260219-102058,0.0,0.0
34.48246099193084,0.5586401009133826,118.18783897774847,-61.72571739041227,0,0,1.6,118.18783897774847,20260219-102058,0.0,0.0
32.49894288016575,0.568661763719666,114.32044564987388,-57.14986474136636,0,0,1.6,114.32044564987388,20260219-102058,0.0,0.0
30.682222172046988,0.5935059213047293,109.9731744455326,-51.696572975374785,0,0,1.6,109.9731744455326,20260219-102058,0.0,0.0
29.063594466613367,0.642341331482081,105.11087982507149,-45.24634029006763,0,0,1.6,105.11087982507148,20260219-102058,0.0,0.0
27.67783564592792,0.7338630016638832,99.7193044348208,-37.71526236255831,0,0,1.6,99.71930443482078,20260219-102058,0.0,0.0
26.561418365451967,0.9130055413361732,93.81809915794787,-29.09228604087072,0,0,1.6,93.81809915794788,20260219-102058,0.0,0.0
25.749400030767156,1.3218651492966917,87.47318672852788,-19.47959672321138,0,0,1.6,87.47318672852788,20260219-102058,0.0,0.0
25.271140756260014,2.7713110637112717,80.80288458881682,-9.118839486180784,0,0,1.6,80.80288458881684,20260219-102058,0.0,0.0
25.14569158164619,15.53539659058487,73.97168493326302,1.618606350666682,0,0,1.6,73.971684933263,20260219-102058,0.0,0.0
25.378285047145518,2.065309584044092,67.16946240301286,12.287884219978386,0,0,1.6,67.16946240301287,20260219-102058,0.0,0.0
25.959298826574607,1.1559123373331115,60.58139281770801,22.45784389365302,0,0,1.6,60.58139281770801,20260219-102058,0.0,0.0
26.86613734832302,0.8450536504710141,54.35965560662282,31.79222684068453,0,0,1.6,54.35965560662283,20260219-102058,0.0,0.0
28.06723665216879,0.7000663157074856,48.60683185017436,40.09225415138579,0,0,1.6,48.606831850174366,20260219-102058,0.0,0.0
29.526708373556783,0.6243282723956638,43.37389784358081,47.29356282434128,0,0,1.6,43.37389784358081,20260219-102058,0.0,0.0
31.208324823412433,0.5840599720650262,38.66890773163391,53.43342518931919,0,0,1.6,38.668907731633915,20260219-102058,0.0,0.0
33.07822344093624,0.5643792300561331,34.470040226288916,58.60992339786545,0,0,1.6,34.4700402262889,20260219-102058,0.0,0.0
35.106331203241936,0.557707904548475,30.738092878529756,62.94752309753314,0,0,1.6,30.738092878529756,20260219-102058,0.0,0.0
37.26682723164482,0.5597806634699017,27.426095191360446,66.57398096004182,0,0,1.6,27.426095191360435,20260219-102058,0.0,0.0
39.53801499940457,0.5680130758909735,24.485675156675768,69.60757890544343,0,0,1.6,24.485675156675782,20260219-102058,0.0,0.0
41.90189906306573,0.5807478520035277,21.87075634058209,72.15162125612338,0,0,1.6,21.870756340582076,20260219-102058,0.0,0.0
44.34365745975276,0.5968733069588859,19.539389404084602,74.29324940947185,0,0,1.6,19.539389404084616,20260219-102058,0.0,0.0
46.85111594767788,0.6156159082158625,17.45441655261149,76.10445948912968,0,0,1.6,17.45441655261148,20260219-102058,0.0,0.0
49.41427396002047,0.6364207880056442,15.583472389032238,77.64402874844848,0,0,1.6,15.583472389032226,20260219-102058,0.0,0.0
52.02489955076789,0.6588795772551328,13.898646903476731,78.95964808546903,0,0,1.6,13.89864690347674,20260219-102058,0.0,0.0
54.67619383568458,0.6826850502571569,12.376005632886773,80.08992406540747,0,0,1.6,12.376005632886777,20260219-102058,0.0,0.0
57.362517973547384,0.7076016369945366,10.995075940790969,81.06611824301119,0,0,1.6,10.995075940790963,20260219-102058,0.0,0.0
60.07917327154287,0.73344568339814,9.738355524988492,81.91359582783146,0,0,1.6,9.738355524988483,20260219-102058,0.0,0.0
62.8222249728305,0.7600718963455757,8.590868528407384,82.65300332097482,0,0,1.6,8.590868528407386,20260219-102058,0.0,0.0
65.58836129146782,0.7873638248669073,7.539777649778841,83.30121250179941,0,0,1.6,7.539777649778839,20260219-102058,0.0,0.0
68.37478058525404,0.8152270417037446,6.574051838308975,83.87207132182154,0,0,1.6,6.574051838308975,20260219-102058,0.0,0.0
71.1791008659247,0.843584171841054,5.684185009526317,84.37699904987795,0,0,1.6,5.6841850095263045,20260219-102058,0.0,0.0
73.99928700264391,0.872371209534431,4.861959635596719,84.82545755050309,0,0,1.6,4.861959635596707,20260219-102058,0.0,0.0
76.83359194087033,0.9015347503575534,4.100248819516935,85.22532482569056,0,0,1.6,4.1002488195169455,20260219-102058,0.0,0.0
79.68050904073729,0.9310298835933318,3.3928508669831103,85.58319173731404,0,0,1.6,3.392850866983114,20260219-102058,0.0,0.0
82.53873326059826,0.9608185682044402,2.734351043024617,85.90459842470062,0,0,1.6,2.7343510430246103,20260219-102058,0.0,0.0
85.40712940004303,0.9908683677039579,2.120005942922404,86.19422335375242,0,0,1.6,2.1200059429223947,20260219-102058,0.0,0.0
88.28470599863564,1.0211514546795464,1.545646619762806,86.45603509064264,0,0,1.6,1.5456466197627996,20260219-102058,0.0,0.0
91.17059378436502,1.0516438202175487,1.0075972509403073,86.69341466344089,0,0,1.6,1.007597250940311,20260219-102058,0.0,0.0
94.06402779777292,1.082324640655067,0.50260667915731,86.90925463994013,0,0,1.6,0.5026066791573207,20260219-102058,0.0,0.0
96.96433249863078,1.113175766305529,0.027790630913187897,87.10603970515952,0,0,1.6,0.027790630913187318,20260219-102058,0.0,0.0
99.87090930340118,1.1441813056006263,-0.41941719518234777,87.28591248130468,0,0,1.6,-0.41941719518234705,20260219-102058,0.0,0.0
102.78322611248237,1.1753272845004368,-0.8413066565535701,87.45072752749847,0,0,1.6,-0.8413066565535696,20260219-102058,0.0,0.0
105.70080847330118,1.2066013657434491,-1.2399265337193697,87.6020958323493,0,0,1.6,-1.2399265337193615,20260219-102058,0.0,0.0
108.62323209400304,1.2379926160196257,-1.6171147428360086,87.7414216275754,0,0,1.6,-1.6171147428360082,20260219-102058,0.0,0.0
111.55011647687391,1.2694913117868243,-1.974524223882213,87.86993297328344,0,0,1.6,-1.9745242238822218,20260219-102058,0.0,0.0
114.4811194838649,1.3010887764492114,-2.3136451905475894,87.98870727045559,0,0,1.6,-2.313645190547593,20260219-102058,0.0,0.0
117.41593268109783,1.3327772431431946,-2.635824310111275,88.09869262487292,0,0,1.6,-2.6358243101112744,20260219-102058,0.0,0.0
120.35427733688394,1.3645497385522725,-2.942281285223885,88.2007258046706,0,0,1.6,-2.9422812852238835,20260219-102058,0.0,0.0
123.29590097003786,1.3963999840844996,-3.234123230513177,88.29554738993532,0,0,1.6,-3.23412323051318,20260219-102058,0.0,0.0
126.24057436324316,1.4283223114590313,-3.5123571720591826,88.38381459874306,0,0,1.6,-3.512357172059187,20260219-102058,0.0,0.0
129.18808897080254,1.460311590308788,-3.7779009443846405,88.46611218328087,0,0,1.6,-3.777900944384633,20260219-102058,0.0,0.0
132.1382546619744,1.4923631658499346,-4.031592715545969,88.54296171717604,0,0,1.6,-4.031592715545981,20260219-102058,0.0,0.0
135.09089775079568,1.524472805022071,-4.274199334463248,88.61482953698203,0,0,1.6,-4.274199334463235,20260219-102058,0.0,0.0
138.04585927124867,1.5566366497858632,-4.506423664398511,88.68213355392781,0,0,1.6,-4.506423664398515,20260219-102058,0.0,0.0
141.0029934631786,1.5888511764924687,-4.728911041356042,88.7452491141778,0,0,1.6,-4.728911041356055,20260219-102058,0.0,0.0
143.96216643978138,1.6211131604233329,-4.942254975215974,88.80451405513698,0,0,1.6,-4.942254975215974,20260219-102058,0.0,0.0
146.92325501196797,1.653419644748689,-5.147002193889563,88.86023308033184,0,0,1.6,-5.147002193889565,20260219-102058,0.0,0.0
149.88614564864412,1.6857679132754588,-5.343657116092373,88.9126815549682,0,0,1.6,-5.343657116092383,20260219-102058,0.0,0.0
152.85073355505912,1.718155466455605,-5.532685825981872,88.96210880752018,0,0,1.6,-5.532685825981881,20260219-102058,0.0,0.0
155.81692185398583,1.7505800002087544,-5.714519612498236,89.00874100892554,0,0,1.6,-5.714519612498232,20260219-102058,0.0,0.0
158.78462085668406,1.783039387181329,-5.889558127451892,89.0527836895934,0,0,1.6,-5.889558127451884,20260219-102058,0.0,0.0
161.75374741244488,1.8155316601212954,-6.0581722089503955,89.09442394501572,0,0,1.6,-6.058172208950406,20260219-102058,0.0,0.0
164.72422432707177,1.848054997095038,-6.220706410428903,89.13383237295544,0,0,1.6,-6.220706410428897,20260219-102058,0.0,0.0
167.69597984197546,1.8806077083125539,-6.377481270160018,89.17116477866986,0,0,1.6,-6.377481270160028,20260219-102058,0.0,0.0
170.668947166681,1.913188224360456,-6.528795351521097,89.20656367918662,0,0,1.6,-6.528795351521087,20260219-102058,0.0,0.0
173.6430640585013,1.945795085670356,-6.674927080360874,89.2401596330883,0,0,1.6,-6.674927080360884,20260219-102058,0.0,0.0
176.61827244394775,1.978426933073912,-6.816136402435546,89.27207241843057,0,0,1.6,-6.816136402435548,20260219-102058,0.0,0.0
179.59451807714692,2.011082499315942,-6.952666280982385,89.3024120781892,0,0,1.6,-6.952666280982398,20260219-102058,0.0,0.0
182.57175023113263,2.04376060141411,-7.084744052003202,89.33127984990432,0,0,1.6,-7.084744052003193,20260219-102058,0.0,0.0
185.54992141839844,2.07646013376827,-7.212582652671671,89.35876899387924,0,0,1.6,-7.212582652671675,20260219-102058,0.0,0.0
188.52898713754055,2.109180061935041,-7.336381736414808,89.38496553232966,0,0,1.6,-7.33638173641482,20260219-102058,0.0,0.0
191.50890564320594,2.1419194169938662,-7.456328686599932,89.40994891020887,0,0,1.6,-7.456328686599946,20260219-102058,0.0,0.0
194.4896377368936,2.1746772904400236,-7.572599539355025,89.43379258700983,0,0,1.6,-7.572599539355026,20260219-102058,0.0,0.0
197.47114657644593,2.2074528295479596,-7.685359824826747,89.45656456762607,0,0,1.6,-7.685359824826746,20260219-102058,0.0,0.0
195.00654462922716,2.1932699928266066,-170.33852680440015,-88.91132658862023,0,0,1.6,-170.33852680440015,20260219-102058,0.0,0.0
192.04349652672462,2.1609180755753363,-170.18799651719738,-88.87125277787024,0,0,1.6,-170.18799651719738,20260219-102058,0.0,0.0
189.081815532345,2.1285978450946708,-170.03274947116998,-88.82928072490624,0,0,1.6,-170.03274947116998,20260219-102058,0.0,0.0
186.1215669088989,2.0963108611606387,-169.87256283402658,-88.78528960435345,0,0,1.6,-169.87256283402658,20260219-102058,0.0,0.0
183.1628201056591,2.0640587876300107,-169.70719967381194,-88.73914890571986,0,0,1.6,-169.70719967381194,20260219-102058,0.0,0.0
180.20564909655494,2.0318434012689535,-169.53640783962717,-88.69071749526098,0,0,1.6,-169.53640783962717,20260219-102058,0.0,0.0
177.25013275137954,1.9996666014958606,-169.35991873546087,-88.63984257114996,0,0,1.6,-169.35991873546087,20260219-102058,0.0,0.0
174.2963552437944,1.9675304211507452,-169.17744597521016,-88.5863584980069,0,0,1.6,-169.17744597521016,20260219-102058,0.0,0.0
171.34440650041256,1.9354370384196231,-168.98868390545584,-88.53008550478266,0,0,1.6,-168.98868390545584,20260219-102058,0.0,0.0
168.394382695815,1.9033887900610533,-168.79330598081967,-88.47082822759168,0,0,1.6,-168.79330598081967,20260219-102058,0.0,0.0
165.44638679901385,1.8713881861037887,-168.59096297475014,-88.40837407629016,0,0,1.6,-168.59096297475014,20260219-102058,0.0,0.0
162.50052917763543,1.839437926210052,-168.38128100630828,-88.3424914003208,0,0,1.6,-168.38128100630828,20260219-102058,0.0,0.0
159.55692826697472,1.8075409179288817,-168.16385936091507,-88.27292742550935,0,0,1.6,-168.16385936091507,20260219-102058,0.0,0.0
156.61571131208967,1.7757002970992557,-167.93826808002052,-88.1994059289924,0,0,1.6,-167.93826808002052,20260219-102058,0.0,0.0
153.67701519228387,1.743919450704298,-167.70404529119816,-88.12162461415289,0,0,1.6,-167.70404529119816,20260219-102058,0.0,0.0
150.7409873386977,1.7122020425271074,-167.4606942461809,-88.03925214118601,0,0,1.6,-167.4606942461809,20260219-102058,0.0,0.0
147.8077867573279,1.6805520420172546,-167.20768002974853,-87.95192476152448,0,0,1.6,-167.20768002974853,20260219-102058,0.0,0.0
144.8775851716626,1.6489737568466991,-166.94442589704695,-87.85924249559267,0,0,1.6,-166.94442589704695,20260219-102058,0.0,0.0
141.95056830130446,1.6174718697172206,-166.67030919074267,-87.7607647829581,0,0,1.6,-166.67030919074267,20260219-102058,0.0,0.0
139.02693729552053,1.5860514800815362,-166.38465678224827,-87.65600552156944,0,0,1.6,-166.38465678224827,20260219-102058,0.0,0.0
136.10691034367147,1.5547181515607942,-166.0867399729258,-87.54442739800307,0,0,1.6,-166.0867399729258,20260219-102058,0.0,0.0
133.1907244880295,1.5234779659869642,-165.77576878148125,-87.42543539298498,0,0,1.6,-165.77576878148125,20260219-102058,0.0,0.0
130.2786376686925,1.492337585175722,-165.45088553247297,-87.29836932529732,0,0,1.6,-165.45088553247297,20260219-102058,0.0,0.0
127.3709310352762,1.4613043217514408,-165.1111576476886,-87.16249527176944,0,0,1.6,-165.1111576476886,20260219-102058,0.0,0.0
124.46791156596964,1.4303862206106017,-164.75556952677522,-87.01699567046788,0,0,1.6,-164.75556952677522,20260219-102058,0.0,0.0
121.56991504156497,1.3995921529357862,-164.3830133855595,-86.86095787730716,0,0,1.6,-164.3830133855595,20260219-102058,0.0,0.0
118.67730943045068,1.3689319250755576,-163.9922788995241,-86.693360901712,0,0,1.6,-163.9922788995241,20260219-102058,0.0,0.0
115.7904987505749,1.3384164051068994,-163.58204147541164,-86.5130599929599,0,0,1.8,-163.58204147541164,20260219-102058,0.0,0.0
112.90992748638698,1.308057670523756,-163.15084894532953,-86.31876868332341,0,0,1.8,-163.15084894532953,20260219-102058,0.0,0.0
110.03608565317914,1.2778691812835727,-162.69710644437967,-86.10903781453743,0,0,1.8,-162.69710644437967,20260219-102058,0.0,0.0
107.16951461859253,1.2478659834410708,-162.21905919402465,-85.88223097729268,0,0,1.8,-162.21905919402465,20260219-102058,0.0,0.0
104.31081381196292,1.2180649498683358,-161.7147728683734,-85.63649567556983,0,0,1.8,-161.7147728683734,20260219-102058,0.0,0.0
101.46064847743483,1.1884850661878377,-161.18211116855926,-85.36972938404527,0,0,1.8,-161.18211116855926,20260219-102058,0.0,0.0
98.61975865731743,1.1591477721459713,-160.61871017069856,-85.07953949196587,0,0,1.8,-160.61871017069856,20260219-102058,0.0,0.0
95.7889696291374,1.1300773713870484,-160.02194894505433,-84.76319591424678,0,0,1.8,-160.02194894505433,20260219-102058,0.0,0.0
92.96920406464933,1.101301526169661,-159.38891586787608,-84.41757489249765,0,0,1.8,-159.38891586787608,20260219-102058,0.0,0.0
90.16149623334421,1.0728518583029214,-158.7163699635586,-84.03909219672244,0,0,1.8,-158.7163699635586,20260219-102058,0.0,0.0
87.36700863869959,1.0447646838974316,-158.00069652513105,-83.62362356352077,0,0,1.8,-158.00069652513105,20260219-102058,0.0,0.0
84.58705155478707,1.0170819180346078,-157.23785616959353,-83.16640976003357,0,0,1.8,-157.23785616959353,20260219-102058,0.0,0.0
81.8231060264039,0.989852197036697,-156.42332639857125,-82.66194313793139,0,0,1.8,-156.42332639857125,20260219-102058,0.0,0.0
79.07685101028237,0.963132281950533,-155.5520346667807,-82.10383193691331,0,0,1.8,-155.5520346667807,20260219-102058,0.0,0.0
76.35019547070583,0.9369888290375546,-154.61828193185264,-81.4846379215965,0,0,1.8,-154.61828193185264,20260219-102058,0.0,0.0
73.64531640196756,0.9115006443382809,-153.61565570292467,-80.79568221855905,0,0,1.8,-153.61565570292467,20260219-102058,0.0,0.0
70.96470393297761,0.8867615840943001,-152.5369317754693,-80.02681352672477,0,0,1.8,-152.5369317754693,20260219-102058,0.0,0.0
68.31121487327506,0.8628843277029825,-151.3739642188673,-79.16613233099395,0,0,1.8,-151.3739642188673,20260219-102058,0.0,0.0
65.6881362762613,0.8400053456001875,-150.11756389772947,-78.19966458585671,0,0,1.8,-150.11756389772947,20260219-102058,0.0,0.0
63.09926080591537,0.8182915281934021,-148.75736704773402,-77.11097895052623,0,0,1.8,-148.75736704773402,20260219-102058,0.0,0.0
60.548975861491755,0.7979491620334436,-147.28169747125284,-75.88074371454009,0,0,1.8,-147.28169747125284,20260219-102058,0.0,0.0
58.042368476109125,0.7792362836936699,-145.67742916845697,-74.48622412829855,0,0,1.8,-145.67742916845697,20260219-102058,0.0,0.0
55.585347849731704,0.7624799934372801,-143.9298612321004,-72.90072962983785,0,0,1.8,-143.9298612321004,20260219-102058,0.0,0.0
53.184786825306084,0.7481012183748934,-142.02262434048242,-71.09303596756578,0,0,1.8,-142.02262434048242,20260219-102058,0.0,0.0
50.848682387542375,0.7366509534667744,-139.93764906535594,-69.0268330587803,0,0,1.8,-139.93764906535594,20260219-102058,0.0,0.0
48.58633293698347,0.728864706693713,-137.65524136398986,-66.66029029911672,0,0,1.8,-137.65524136398986,20260219-102058,0.0,0.0
46.40852607868493,0.725746791243447,-135.15433057652095,-63.945892201840266,0,0,1.8,-135.15433057652095,20260219-102058,0.0,0.0
44.32772421574206,0.7287054734927714,-132.41297934774707,-60.83078257018442,0,0,1.8,-132.41297934774707,20260219-102058,0.0,0.0
42.35822555674544,0.7397787751810836,-129.40926977861935,-57.257962755658895,0,0,1.8,-129.40926977861935,20260219-102058,0.0,0.0
40.5162647254617,0.7620308028455646,-126.12269731241669,-53.16880180455494,0,0,1.8,-126.12269731241669,20260219-102058,0.0,0.0
38.82000050372995,0.8002904860285404,-122.53619679583716,-48.507387231822634,0,0,1.8,-122.53619679583716,20260219-102058,0.0,0.0
37.28932109510478,0.8626359072682728,-118.63886728524537,-43.22718400766513,0,0,1.8,-118.63886728524537,20260219-102058,0.0,0.0
279.99999999999994,279999999.99999994,60.0,0.0,0,0,2.4,59.99999999999999,20260219-102058,0.0,0.0
279.99999999999994,279999999.99999994,60.0,0.0,0,0,2.4,59.99999999999999,20260219-102058,0.0,0.0
279.99999999999994,279999999.99999994,60.0,0.0,0,0,2.4,59.99999999999999,20260219-102058,0.0,0.0
279.99999999999994,279999999.99999994,60.0,0.0,0,0,2.4,59.99999999999999,20260219-102058,0.0,0.0
279.99999999999994,279999999.99999994,60.0,0.0,0,0,2.4,59.99999999999999,20260219-102058,0.0,0.0
279.99999999999994,279999999.99999994,60.0,0.0,0,0,2.4,59.99999999999999,20260219-102058,0.0,0.0
279.99999999999994,279999999.99999994,60.0,0.0,0,0,2.4,59.99999999999999,20260219-102058,0.0,0.0
279.99999999999994,279999999.99999994,60.0,0.0,0,0,2.4,59.99999999999999,20260219-102058,0.0,0.0
279.99999999999994,279999999.99999994,60.0,0.0,0,0,2.4,59.99999999999999,20260219-102058,0.0,0.0
279.99999999999994,279999999.99999994,60.0,0.0,0,0,2.4,59.99999999999999,20260219-102058,0.0,0.0
279.99999999999994,279999999.99999994,60.0,0.0,0,0,2.4,59.99999999999999,20260219-102058,0.0,0.0
279.99999999999994,279999999.99999994,60.0,0.0,0,0,2.4,59.99999999999999,20260219-102058,0.0,0.0
279.99999999999994,279999999.99999994,60.0,0.0,0,0,2.4,59.99999999999999,20260219-102058,0.0,0.0
279.99999999999994,279999999.99999994,60.0,0.0,0,0,2.4,59.99999999999999,20260219-102058,0.0,0.0
279.99999999999994,279999999.99999994,60.0,0.0,0,0,2.4,59.99999999999999,20260219-102058,0.0,0.0
279.99999999999994,279999999.99999994,60.0,0.0,0,0,2.4,59.99999999999999,20260219-102058,0.0,0.0
279.99999999999994,279999999.99999994,60.0,0.0,0,0,2.4,59.99999999999999,20260219-102058,0.0,0.0
279.99999999999994,279999999.99999994,60.0,0.0,0,0,2.4,59.99999999999999,20260219-102058,0.0,0.0
279.99999999999994,279999999.99999994,60.0,0.0,0,0,2.4,59.99999999999999,20260219-102058,0.0,0.0
279.99999999999994,279999999.99999994,60.0,0.0,0,0,2.4,59.99999999999999,20260219-102058,0.0,0.0
279.99999999999994,279999999.99999994,60.0,0.0,0,0,2.4,59.99999999999999,20260219-102058,0.0,0.0
279.99999999999994,279999999.99999994,60.0,0.0,0,0,2.4,59.99999999999999,20260219-102058,0.0,0.0
279.99999999999994,279999999.99999994,60.0,0.0,0,0,2.4,59.99999999999999,20260219-102058,0.0,0.0
279.99999999999994,279999999.99999994,60.0,0.0,0,0,2.4,59.99999999999999,20260219-102058,0.0,0.0
279.99999999999994,279999999.99999994,60.0,0.0,0,0,2.4,59.99999999999999,20260219-102058,0.0,0.0
279.99999999999994,279999999.99999994,60.0,0.0,0,0,2.4,59.99999999999999,20260219-102058,0.0,0.0
279.99999999999994,279999999.99999994,60.0,0.0,0,0,2.4,59.99999999999999,20260219-102058,0.0,0.0
279.99999999999994,279999999.99999994,60.0,0.0,0,0,2.4,59.99999999999999,20260219-102058,0.0,0.0
279.99999999999994,279999999.99999994,60.0,0.0,0,0,2.4,59.99999999999999,20260219-102058,0.0,0.0
279.99999999999994,279999999.99999994,60.0,0.0,0,0,2.4,59.99999999999999,20260219-102058,0.0,0.0
279.99999999999994,279999999.99999994,60.0,0.0,0,0,2.4,59.99999999999999,20260219-102058,0.0,0.0
279.99999999999994,279999999.99999994,60.0,0.0,0,0,2.4,59.99999999999999,20260219-102058,0.0,0.0
279.99999999999994,279999999.99999994,60.0,0.0,0,0,2.4,59.99999999999999,20260219-102058,0.0,0.0
279.99999999999994,279999999.99999994,60.0,0.0,0,0,2.4,59.99999999999999,20260219-102058,0.0,0.0
279.99999999999994,279999999.99999994,60.0,0.0,0,0,2.4,59.99999999999999,20260219-102058,0.0,0.0
279.99999999999994,279999999.99999994,60.0,0.0,0,0,2.4,59.99999999999999,20260219-102058,0.0,0.0
279.99999999999994,279999999.99999994,60.0,0.0,0,0,2.4,59.99999999999999,20260219-102058,0.0,0.0
279.99999999999994,279999999.99999994,60.0,0.0,0,0,2.4,59.99999999999999,20260219-102058,0.0,0.0
279.99999999999994,279999999.99999994,60.0,0.0,0,0,2.4,59.99999999999999,20260219-102058,0.0,0.0
279.99999999999994,279999999.99999994,60.0,0.0,0,0,2.4,59.99999999999999,20260219-102058,0.0,0.0
279.99999999999994,279999999.99999994,60.0,0.0,0,0,2.4,59.99999999999999,20260219-102058,0.0,0.0
279.99999999999994,279999999.99999994,60.0,0.0,0,0,2.4,59.99999999999999,20260219-102058,0.0,0.0
279.99999999999994,279999999.99999994,60.0,0.0,0,0,2.4,59.99999999999999,20260219-102058,0.0,0.0
279.99999999999994,279999999.99999994,60.0,0.0,0,0,2.4,59.99999999999999,20260219-102058,0.0,0.0
279.99999999999994,279999999.99999994,60.0,0.0,0,0,2.4,59.99999999999999,20260219-102058,0.0,0.0
279.99999999999994,279999999.99999994,60.0,0.0,0,0,2.4,59.99999999999999,20260219-102058,0.0,0.0
279.99999999999994,279999999.99999994,60.0,0.0,0,0,2.4,59.99999999999999,20260219-102058,0.0,0.0
279.99999999999994,279999999.99999994,60.0,0.0,0,0,2.4,59.99999999999999,20260219-102058,0.0,0.0
279.99999999999994,279999999.99999994,60.0,0.0,0,0,2.4,59.99999999999999,20260219-102058,0.0,0.0
279.99999999999994,279999999.99999994,60.0,0.0,0,0,2.4,59.99999999999999,20260219-102058,0.0,0.0
279.99999999999994,279999999.99999994,60.0,0.0,0,0,2.4,59.99999999999999,20260219-102058,0.0,0.0
279.99999999999994,279999999.99999994,60.0,0.0,0,0,2.4,59.99999999999999,20260219-102058,0.0,0.0
279.99999999999994,279999999.99999994,60.0,0.0,0,0,2.4,59.99999999999999,20260219-102058,0.0,0.0
279.99999999999994,279999999.99999994,60.0,0.0,0,0,2.4,59.99999999999999,20260219-102058,0.0,0.0
279.99999999999994,279999999.99999994,60.0,0.0,0,0,2.4,59.99999999999999,20260219-102058,0.0,0.0
279.99999999999994,279999999.99999994,60.0,0.0,0,0,2.4,59.99999999999999,20260219-102058,0.0,0.0
279.99999999999994,279999999.99999994,60.0,0.0,0,0,2.4,59.99999999999999,20260219-102058,0.0,0.0
279.99999999999994,279999999.99999994,60.0,0.0,0,0,2.4,59.99999999999999,20260219-102058,0.0,0.0
279.99999999999994,279999999.99999994,60.0,0.0,0,0,2.4,59.99999999999999,20260219-102058,0.0,0.0
279.99999999999994,279999999.99999994,60.0,0.0,0,0,2.4,59.99999999999999,20260219-102058,0.0,0.0
279.99999999999994,279999999.99999994,60.0,0.0,0,0,2.4,59.99999999999999,20260219-102058,0.0,0.0
279.99999999999994,279999999.99999994,60.0,0.0,0,0,2.4,59.99999999999999,20260219-102058,0.0,0.0
279.99999999999994,279999999.99999994,60.0,0.0,0,0,2.4,59.99999999999999,20260219-102058,0.0,0.0
279.99999999999994,279999999.99999994,60.0,0.0,0,0,2.4,59.99999999999999,20260219-102058,0.0,0.0
279.99999999999994,279999999.99999994,60.0,0.0,0,0,2.4,59.99999999999999,20260219-102058,0.0,0.0
279.99999999999994,279999999.99999994,60.0,0.0,0,0,2.4,59.99999999999999,20260219-102058,0.0,0.0
279.99999999999994,279999999.99999994,60.0,0.0,0,0,2.4,59.99999999999999,20260219-102058,0.0,0.0
279.99999999999994,279999999.99999994,60.0,0.0,0,0,2.4,59.99999999999999,20260219-102058,0.0,0.0
279.99999999999994,279999999.99999994,60.0,0.0,0,0,2.4,59.99999999999999,20260219-102058,0.0,0.0
279.99999999999994,279999999.99999994,60.0,0.0,0,0,2.4,59.99999999999999,20260219-102058,0.0,0.0
279.99999999999994,279999999.99999994,60.0,0.0,0,0,2.4,59.99999999999999,20260219-102058,0.0,0.0
279.99999999999994,279999999.99999994,60.0,0.0,0,0,2.4,59.99999999999999,20260219-102058,0.0,0.0
279.99999999999994,279999999.99999994,60.0,0.0,0,0,2.4,59.99999999999999,20260219-102058,0.0,0.0
279.99999999999994,279999999.99999994,60.0,0.0,0,0,2.4,59.99999999999999,20260219-102058,0.0,0.0
279.99999999999994,279999999.99999994,60.0,0.0,0,0,2.4,59.99999999999999,20260219-102058,0.0,0.0
279.99999999999994,279999999.99999994,60.0,0.0,0,0,2.4,59.99999999999999,20260219-102058,0.0,0.0
279.99999999999994,279999999.99999994,60.0,0.0,0,0,2.4,59.99999999999999,20260219-102058,0.0,0.0
279.99999999999994,279999999.99999994,60.0,0.0,0,0,2.4,59.99999999999999,20260219-102058,0.0,0.0
279.99999999999994,279999999.99999994,60.0,0.0,0,0,2.4,59.99999999999999,20260219-102058,0.0,0.0
279.99999999999994,279999999.99999994,60.0,0.0,0,0,2.4,59.99999999999999,20260219-102058,0.0,0.0
279.99999999999994,279999999.99999994,60.0,0.0,0,0,2.4,59.99999999999999,20260219-102058,0.0,0.0
279.99999999999994,279999999.99999994,60.0,0.0,0,0,2.4,59.99999999999999,20260219-102058,0.0,0.0
279.99999999999994,279999999.99999994,60.0,0.0,0,0,2.4,59.99999999999999,20260219-102058,0.0,0.0
279.99999999999994,279999999.99999994,60.0,0.0,0,0,2.4,59.99999999999999,20260219-102058,0.0,0.0
279.99999999999994,279999999.99999994,60.0,0.0,0,0,2.4,59.99999999999999,20260219-102058,0.0,0.0
279.99999999999994,279999999.99999994,60.0,0.0,0,0,2.4,59.99999999999999,20260219-102058,0.0,0.0
279.99999999999994,279999999.99999994,60.0,0.0,0,0,2.4,59.99999999999999,20260219-102058,0.0,0.0
279.99999999999994,279999999.99999994,60.0,0.0,0,0,2.4,59.99999999999999,20260219-102058,0.0,0.0
279.99999999999994,279999999.99999994,60.0,0.0,0,0,2.4,59.99999999999999,20260219-102058,0.0,0.0
279.99999999999994,279999999.99999994,60.0,0.0,0,0,2.4,59.99999999999999,20260219-102058,0.0,0.0
279.99999999999994,279999999.99999994,60.0,0.0,0,0,2.4,59.99999999999999,20260219-102058,0.0,0.0
279.99999999999994,279999999.99999994,60.0,0.0,0,0,2.4,59.99999999999999,20260219-102058,0.0,0.0
279.99999999999994,279999999.99999994,60.0,0.0,0,0,2.4,59.99999999999999,20260219-102058,0.0,0.0
279.99999999999994,279999999.99999994,60.0,0.0,0,0,2.4,59.99999999999999,20260219-102058,0.0,0.0
279.99999999999994,279999999.99999994,60.0,0.0,0,0,2.4,59.99999999999999,20260219-102058,0.0,0.0
279.99999999999994,279999999.99999994,60.0,0.0,0,0,2.4,59.99999999999999,20260219-102058,0.0,0.0
279.99999999999994,279999999.99999994,60.0,0.0,0,0,2.4,59.99999999999999,20260219-102058,0.0,0.0
279.99999999999994,279999999.99999994,60.0,0.0,0,0,2.4,59.99999999999999,20260219-102058,0.0,0.0
279.99999999999994,279999999.99999994,60.0,0.0,0,0,2.4,59.99999999999999,20260219-102058,0.0,0.0
279.99999999999994,279999999.99999994,60.0,0.0,0,0,2.4,59.99999999999999,20260219-102058,0.0,0.0
279.99999999999994,279999999.99999994,60.0,0.0,0,0,2.4,59.99999999999999,20260219-102058,0.0,0.0
279.99999999999994,279999999.99999994,60.0,0.0,0,0,2.4,59.99999999999999,20260219-102058,0.0,0.0
279.99999999999994,279999999.99999994,60.0,0.0,0,0,2.4,59.99999999999999,20260219-102058,0.0,0.0
279.99999999999994,279999999.99999994,60.0,0.0,0,0,2.4,59.99999999999999,20260219-102058,0.0,0.0
279.99999999999994,279999999.99999994,60.0,0.0,0,0,2.4,59.99999999999999,20260219-102058,0.0,0.0
279.99999999999994,279999999.99999994,60.0,0.0,0,0,2.4,59.99999999999999,20260219-102058,0.0,0.0
279.99999999999994,279999999.99999994,60.0,0.0,0,0,2.4,59.99999999999999,20260219-102058,0.0,0.0
279.99999999999994,279999999.99999994,60.0,0.0,0,0,2.4,59.99999999999999,20260219-102058,0.0,0.0
279.99999999999994,279999999.99999994,60.0,0.0,0,0,2.4,59.99999999999999,20260219-102058,0.0,0.0
279.99999999999994,279999999.99999994,60.0,0.0,0,0,2.4,59.99999999999999,20260219-102058,0.0,0.0
279.99999999999994,279999999.99999994,60.0,0.0,0,0,2.4,59.99999999999999,20260219-102058,0.0,0.0
279.99999999999994,279999999.99999994,60.0,0.0,0,0,2.4,59.99999999999999,20260219-102058,0.0,0.0
279.99999999999994,279999999.99999994,60.0,0.0,0,0,2.4,59.99999999999999,20260219-102058,0.0,0.0
279.99999999999994,279999999.99999994,60.0,0.0,0,0,2.4,59.99999999999999,20260219-102058,0.0,0.0
279.99999999999994,279999999.99999994,60.0,0.0,0,0,2.4,59.99999999999999,20260219-102058,0.0,0.0
279.99999999999994,279999999.99999994,60.0,0.0,0,0,2.4,59.99999999999999,20260219-102058,0.0,0.0
279.99999999999994,279999999.99999994,60.0,0.0,0,0,2.4,59.99999999999999,20260219-102058,0.0,0.0
279.99999999999994,279999999.99999994,60.0,0.0,0,0,2.4,59.99999999999999,20260219-102058,0.0,0.0
279.99999999999994,279999999.99999994,60.0,0.0,0,0,2.4,59.99999999999999,20260219-102058,0.0,0.0
279.99999999999994,279999999.99999994,60.0,0.0,0,0,2.4,59.99999999999999,20260219-102058,0.0,0.0
279.99999999999994,279999999.99999994,60.0,0.0,0,0,2.4,59.99999999999999,20260219-102058,0.0,0.0
279.99999999999994,279999999.99999994,60.0,0.0,0,0,2.4,59.99999999999999,20260219-102058,0.0,0.0
279.99999999999994,279999999.99999994,60.0,0.0,0,0,2.4,59.99999999999999,20260219-102058,0.0,0.0
279.99999999999994,279999999.99999994,60.0,0.0,0,0,2.4,59.99999999999999,20260219-102058,0.0,0.0
279.99999999999994,279999999.99999994,60.0,0.0,0,0,2.4,59.99999999999999,20260219-102058,0.0,0.0
279.99999999999994,279999999.99999994,60.0,0.0,0,0,2.4,59.99999999999999,20260219-102058,0.0,0.0
279.99999999999994,279999999.99999994,60.0,0.0,0,0,2.4,59.99999999999999,20260219-102058,0.0,0.0
279.99999999999994,279999999.99999994,60.0,0.0,0,0,2.4,59.99999999999999,20260219-102058,0.0,0.0
279.99999999999994,279999999.99999994,60.0,0.0,0,0,2.4,59.99999999999999,20260219-102058,0.0,0.0
279.99999999999994,279999999.99999994,60.0,0.0,0,0,2.4,59.99999999999999,20260219-102058,0.0,0.0
279.99999999999994,279999999.99999994,60.0,0.0,0,0,2.4,59.99999999999999,20260219-102058,0.0,0.0
279.99999999999994,279999999.99999994,60.0,0.0,0,0,2.4,59.99999999999999,20260219-102058,0.0,0.0
279.99999999999994,279999999.99999994,60.0,0.0,0,0,2.4,59.99999999999999,20260219-102058,0.0,0.0
279.99999999999994,279999999.99999994,60.0,0.0,0,0,2.4,59.99999999999999,20260219-102058,0.0,0.0
279.99999999999994,279999999.99999994,60.0,0.0,0,0,2.4,59.99999999999999,20260219-102058,0.0,0.0
279.99999999999994,279999999.99999994,60.0,0.0,0,0,2.4,59.99999999999999,20260219-102058,0.0,0.0
279.99999999999994,279999999.99999994,60.0,0.0,0,0,2.4,59.99999999999999,20260219-102058,0.0,0.0
279.99999999999994,279999999.99999994,60.0,0.0,0,0,2.4,59.99999999999999,20260219-102058,0.0,0.0
279.99999999999994,279999999.99999994,60.0,0.0,0,0,2.4,59.99999999999999,20260219-102058,0.0,0.0
279.99999999999994,279999999.99999994,60.0,0.0,0,0,2.4,59.99999999999999,20260219-102058,0.0,0.0
279.99999999999994,279999999.99999994,60.0,0.0,0,0,2.4,59.99999999999999,20260219-102058,0.0,0.0
279.99999999999994,279999999.99999994,60.0,0.0,0,0,2.4,59.99999999999999,20260219-102058,0.0,0.0
279.99999999999994,279999999.99999994,60.0,0.0,0,0,2.4,59.99999999999999,20260219-102058,0.0,0.0
279.99999999999994,279999999.99999994,60.0,0.0,0,0,2.4,59.99999999999999,20260219-102058,0.0,0.0
279.99999999999994,279999999.99999994,60.0,0.0,0,0,2.4,59.99999999999999,20260219-102058,0.0,0.0
279.99999999999994,279999999.99999994,60.0,0.0,0,0,2.4,59.99999999999999,20260219-102058,0.0,0.0
279.99999999999994,279999999.99999994,60.0,0.0,0,0,2.4,59.99999999999999,20260219-102058,0.0,0.0
279.99999999999994,279999999.99999994,60.0,0.0,0,0,2.4,59.99999999999999,20260219-102058,0.0,0.0
279.99999999999994,279999999.99999994,60.0,0.0,0,0,2.4,59.99999999999999,20260219-102058,0.0,0.0
279.99999999999994,279999999.99999994,60.0,0.0,0,0,2.4,59.99999999999999,20260219-102058,0.0,0.0
279.99999999999994,279999999.99999994,60.0,0.0,0,0,2.4,59.99999999999999,20260219-102058,0.0,0.0
279.99999999999994,279999999.99999994,60.0,0.0,0,0,2.4,59.99999999999999,20260219-102058,0.0,0.0
279.99999999999994,279999999.99999994,60.0,0.0,0,0,2.4,59.99999999999999,20260219-102058,0.0,0.0
279.99999999999994,279999999.99999994,60.0,0.0,0,0,2.4,59.99999999999999,20260219-102058,0.0,0.0
279.99999999999994,279999999.99999994,60.0,0.0,0,0,2.4,59.99999999999999,20260219-102058,0.0,0.0
279.99999999999994,279999999.99999994,60.0,0.0,0,0,2.4,59.99999999999999,20260219-102058,0.0,0.0
279.99999999999994,279999999.99999994,60.0,0.0,0,0,2.4,59.99999999999999,20260219-102058,0.0,0.0
279.99999999999994,279999999.99999994,60.0,0.0,0,0,2.4,59.99999999999999,20260219-102058,0.0,0.0
279.99999999999994,279999999.99999994,60.0,0.0,0,0,2.4,59.99999999999999,20260219-102058,0.0,0.0
279.99999999999994,279999999.99999994,60.0,0.0,0,0,2.4,59.99999999999999,20260219-102058,0.0,0.0
279.99999999999994,279999999.99999994,60.0,0.0,0,0,2.4,59.99999999999999,20260219-102058,0.0,0.0
279.99999999999994,279999999.99999994,60.0,0.0,0,0,2.4,59.99999999999999,20260219-102058,0.0,0.0
279.99999999999994,279999999.99999994,60.0,0.0,0,0,2.4,59.99999999999999,20260219-102058,0.0,0.0
279.99999999999994,279999999.99999994,60.0,0.0,0,0,2.4,59.99999999999999,20260219-102058,0.0,0.0
279.99999999999994,279999999.99999994,60.0,0.0,0,0,2.4,59.99999999999999,20260219-102058,0.0,0.0
279.99999999999994,279999999.99999994,60.0,0.0,0,0,2.6,59.99999999999999,20260219-102058,0.0,0.0
279.99999999999994,279999999.99999994,60.0,0.0,0,0,2.6,59.99999999999999,20260219-102058,0.0,0.0
279.99999999999994,279999999.99999994,60.0,0.0,0,0,2.6,59.99999999999999,20260219-102058,0.0,0.0
279.99999999999994,279999999.99999994,60.0,0.0,0,0,2.6,59.99999999999999,20260219-102058,0.0,0.0
279.99999999999994,279999999.99999994,60.0,0.0,0,0,2.6,59.99999999999999,20260219-102058,0.0,0.0
279.99999999999994,279999999.99999994,60.0,0.0,0,0,2.6,59.99999999999999,20260219-102058,0.0,0.0
279.99999999999994,279999999.99999994,60.0,0.0,0,0,2.6,59.99999999999999,20260219-102058,0.0,0.0
279.99999999999994,279999999.99999994,60.0,0.0,0,0,2.6,59.99999999999999,20260219-102058,0.0,0.0
279.99999999999994,279999999.99999994,60.0,0.0,0,0,2.6,59.99999999999999,20260219-102058,0.0,0.0
279.99999999999994,279999999.99999994,60.0,0.0,0,0,2.6,59.99999999999999,20260219-102058,0.0,0.0
279.99999999999994,279999999.99999994,60.0,0.0,0,0,2.6,59.99999999999999,20260219-102058,0.0,0.0
279.99999999999994,279999999.99999994,60.0,0.0,0,0,2.6,59.99999999999999,20260219-102058,0.0,0.0
279.99999999999994,279999999.99999994,60.0,0.0,0,0,2.6,59.99999999999999,20260219-102058,0.0,0.0
279.99999999999994,279999999.99999994,60.0,0.0,0,0,2.6,59.99999999999999,20260219-102058,0.0,0.0
279.99999999999994,279999999.99999994,60.0,0.0,0,0,2.6,59.99999999999999,20260219-102058,0.0,0.0
279.99999999999994,279999999.99999994,60.0,0.0,0,0,2.6,59.99999999999999,20260219-102058,0.0,0.0
279.99999999999994,279999999.99999994,60.0,0.0,0,0,2.6,59.99999999999999,20260219-102058,0.0,0.0
279.99999999999994,279999999.99999994,60.0,0.0,0,0,2.6,59.99999999999999,20260219-102058,0.0,0.0
279.99999999999994,279999999.99999994,60.0,0.0,0,0,2.6,59.99999999999999,20260219-102058,0.0,0.0
279.99999999999994,279999999.99999994,60.0,0.0,0,0,2.6,59.99999999999999,20260219-102058,0.0,0.0
279.99999999999994,279999999.99999994,60.0,0.0,0,0,2.6,59.99999999999999,20260219-102058,0.0,0.0
279.99999999999994,279999999.99999994,60.0,0.0,0,0,2.6,59.99999999999999,20260219-102058,0.0,0.0
279.99999999999994,279999999.99999994,60.0,0.0,0,0,2.6,59.99999999999999,20260219-102058,0.0,0.0
279.99999999999994,279999999.99999994,60.0,0.0,0,0,2.6,59.99999999999999,20260219-102058,0.0,0.0
279.99999999999994,279999999.99999994,60.0,0.0,0,0,2.6,59.99999999999999,20260219-102058,0.0,0.0
279.99999999999994,279999999.99999994,60.0,0.0,0,0,2.6,59.99999999999999,20260219-102058,0.0,0.0
279.99999999999994,279999999.99999994,60.0,0.0,0,0,2.6,59.99999999999999,20260219-102058,0.0,0.0
279.99999999999994,279999999.99999994,60.0,0.0,0,0,2.6,59.99999999999999,20260219-102058,0.0,0.0
279.99999999999994,279999999.99999994,60.0,0.0,0,0,2.6,59.99999999999999,20260219-102058,0.0,0.0
279.99999999999994,279999999.99999994,60.0,0.0,0,0,2.6,59.99999999999999,20260219-102058,0.0,0.0
279.99999999999994,279999999.99999994,60.0,0.0,0,0,2.6,59.99999999999999,20260219-102058,0.0,0.0
279.99999999999994,279999999.99999994,60.0,0.0,0,0,2.6,59.99999999999999,20260219-102058,0.0,0.0
279.99999999999994,279999999.99999994,60.0,0.0,0,0,2.6,59.99999999999999,20260219-102058,0.0,0.0
279.99999999999994,279999999.99999994,60.0,0.0,0,0,2.6,59.99999999999999,20260219-102058,0.0,0.0
279.99999999999994,279999999.99999994,60.0,0.0,0,0,2.6,59.99999999999999,20260219-102058,0.0,0.0
279.99999999999994,279999999.99999994,60.0,0.0,0,0,2.6,59.99999999999999,20260219-102058,0.0,0.0
279.99999999999994,279999999.99999994,60.0,0.0,0,0,2.6,59.99999999999999,20260219-102058,0.0,0.0
279.99999999999994,279999999.99999994,60.0,0.0,0,0,2.6,59.99999999999999,20260219-102058,0.0,0.0
279.99999999999994,279999999.99999994,60.0,0.0,0,0,2.6,59.99999999999999,20260219-102058,0.0,0.0
279.99999999999994,279999999.99999994,60.0,0.0,0,0,2.6,59.99999999999999,20260219-102058,0.0,0.0
279.99999999999994,279999999.99999994,60.0,0.0,0,0,2.6,59.99999999999999,20260219-102058,0.0,0.0
279.99999999999994,279999999.99999994,60.0,0.0,0,0,2.6,59.99999999999999,20260219-102058,0.0,0.0
279.99999999999994,279999999.99999994,60.0,0.0,0,0,2.6,59.99999999999999,20260219-102058,0.0,0.0
279.99999999999994,279999999.99999994,60.0,0.0,0,0,2.6,59.99999999999999,20260219-102058,0.0,0.0
279.99999999999994,279999999.99999994,60.0,0.0,0,0,2.6,59.99999999999999,20260219-102058,0.0,0.0
279.99999999999994,279999999.99999994,60.0,0.0,0,0,2.6,59.99999999999999,20260219-102058,0.0,0.0
279.99999999999994,279999999.99999994,60.0,0.0,0,0,2.6,59.99999999999999,20260219-102058,0.0,0.0
279.99999999999994,279999999.99999994,60.0,0.0,0,0,2.6,59.99999999999999,20260219-102058,0.0,0.0
279.99999999999994,279999999.99999994,60.0,0.0,0,0,2.6,59.99999999999999,20260219-102058,0.0,0.0
279.99999999999994,279999999.99999994,60.0,0.0,0,0,2.6,59.99999999999999,20260219-102058,0.0,0.0
279.99999999999994,279999999.99999994,60.0,0.0,0,0,2.6,59.99999999999999,20260219-102058,0.0,0.0
279.99999999999994,279999999.99999994,60.0,0.0,0,0,2.6,59.99999999999999,20260219-102058,0.0,0.0
279.99999999999994,279999999.99999994,60.0,0.0,0,0,2.6,59.99999999999999,20260219-102058,0.0,0.0
279.99999999999994,279999999.99999994,60.0,0.0,0,0,2.6,59.99999999999999,20260219-102058,0.0,0.0
279.99999999999994,279999999.99999994,60.0,0.0,0,0,2.6,59.99999999999999,20260219-102058,0.0,0.0
279.99999999999994,279999999.99999994,60.0,0.0,0,0,2.6,59.99999999999999,20260219-102058,0.0,0.0
279.99999999999994,279999999.99999994,60.0,0.0,0,0,2.6,59.99999999999999,20260219-102058,0.0,0.0
279.99999999999994,279999999.99999994,60.0,0.0,0,0,2.6,59.99999999999999,20260219-102058,0.0,0.0
279.99999999999994,279999999.99999994,60.0,0.0,0,0,2.6,59.99999999999999,20260219-102058,0.0,0.0
279.99999999999994,279999999.99999994,60.0,0.0,0,0,2.6,59.99999999999999,20260219-102058,0.0,0.0
279.99999999999994,279999999.99999994,60.0,0.0,0,0,2.6,59.99999999999999,20260219-102058,0.0,0.0
279.99999999999994,279999999.99999994,60.0,0.0,0,0,2.6,59.99999999999999,20260219-102058,0.0,0.0
279.99999999999994,279999999.99999994,60.0,0.0,0,0,2.6,59.99999999999999,20260219-102058,0.0,0.0
279.99999999999994,279999999.99999994,60.0,0.0,0,0,2.6,59.99999999999999,20260219-102058,0.0,0.0
279.99999999999994,279999999.99999994,60.0,0.0,0,0,2.6,59.99999999999999,20260219-102058,0.0,0.0
279.99999999999994,279999999.99999994,60.0,0.0,0,0,2.6,59.99999999999999,20260219-102058,0.0,0.0
279.99999999999994,279999999.99999994,60.0,0.0,0,0,2.6,59.99999999999999,20260219-102058,0.0,0.0
279.99999999999994,279999999.99999994,60.0,0.0,0,0,2.6,59.99999999999999,20260219-102058,0.0,0.0
279.99999999999994,279999999.99999994,60.0,0.0,0,0,2.6,59.99999999999999,20260219-102058,0.0,0.0
279.99999999999994,279999999.99999994,60.0,0.0,0,0,2.6,59.99999999999999,20260219-102058,0.0,0.0
279.99999999999994,279999999.99999994,60.0,0.0,0,0,2.6,59.99999999999999,20260219-102058,0.0,0.0
279.99999999999994,279999999.99999994,60.0,0.0,0,0,2.6,59.99999999999999,20260219-102058,0.0,0.0
279.99999999999994,279999999.99999994,60.0,0.0,0,0,2.6,59.99999999999999,20260219-102058,0.0,0.0
279.99999999999994,279999999.99999994,60.0,0.0,0,0,2.6,59.99999999999999,20260219-102058,0.0,0.0
279.99999999999994,279999999.99999994,60.0,0.0,0,0,2.6,59.99999999999999,20260219-102058,0.0,0.0
279.99999999999994,279999999.99999994,60.0,0.0,0,0,2.6,59.99999999999999,20260219-102058,0.0,0.0
279.99999999999994,279999999.99999994,60.0,0.0,0,0,2.6,59.99999999999999,20260219-102058,0.0,0.0
279.99999999999994,279999999.99999994,60.0,0.0,0,0,2.6,59.99999999999999,20260219-102058,0.0,0.0
279.99999999999994,279999999.99999994,60.0,0.0,0,0,2.6,59.99999999999999,20260219-102058,0.0,0.0
279.99999999999994,279999999.99999994,60.0,0.0,0,0,2.6,59.99999999999999,20260219-102058,0.0,0.0
279.99999999999994,279999999.99999994,60.0,0.0,0,0,2.6,59.99999999999999,20260219-102058,0.0,0.0
279.99999999999994,279999999.99999994,60.0,0.0,0,0,2.6,59.99999999999999,20260219-102058,0.0,0.0
279.99999999999994,279999999.99999994,60.0,0.0,0,0,2.6,59.99999999999999,20260219-102058,0.0,0.0
279.99999999999994,279999999.99999994,60.0,0.0,0,0,2.6,59.99999999999999,20260219-102058,0.0,0.0
279.99999999999994,279999999.99999994,60.0,0.0,0,0,2.6,59.99999999999999,20260219-102058,0.0,0.0
279.99999999999994,279999999.99999994,60.0,0.0,0,0,2.6,59.99999999999999,20260219-102058,0.0,0.0
278.2629460652802,3.9362638252849234,123.6629412579731,-70.69214829499857,0,0,2.6,123.66294125797307,20260219-102058,0.0,0.0
275.9198670394383,3.9479615360917792,124.22605541951958,-69.88919839188219,0,0,2.6,124.22605541951957,20260219-102058,0.0,0.0
273.6038950305561,3.9615045959580586,124.79875886072011,-69.0656512956505,0,0,2.6,124.79875886072013,20260219-102058,0.0,0.0
271.3157242023022,3.9770088098833973,125.38118123185603,-68.2210518437994,0,0,2.6,125.38118123185605,20260219-102058,0.0,0.0
269.0560638559291,3.9945998796930704,125.97344858526628,-67.35494716847644,0,0,2.6,125.97344858526631,20260219-102058,0.0,0.0
266.8256383306706,4.014414484361739,126.57568285347901,-66.46688810288452,0,0,2.6,126.575682853479,20260219-102058,0.0,0.0
264.6251868552798,4.036601505007566,127.18800129680727,-65.55643070711876,0,0,2.6,127.18800129680726,20260219-102058,0.0,0.0
262.4554633466631,4.061323417674957,127.81051592026813,-64.62313791717546,0,0,2.6,127.81051592026812,20260219-102058,0.0,0.0
260.3172361514493,4.088757881344831,128.44333285990876,-63.6665813202489,0,0,2.6,128.4433328599088,20260219-102058,0.0,0.0
258.21128772624394,4.119099553862195,129.08655173888275,-62.686343058675796,0,0,2.6,129.08655173888275,20260219-102058,0.0,0.0
256.1384142522531,4.152562174879787,129.74026499390658,-61.68201786398733,0,0,2.6,129.74026499390658,20260219-102058,0.0,0.0
254.09942517992909,4.189380962774613,130.40455717305304,-60.65321522147747,0,0,2.6,130.404557173053,20260219-102058,0.0,0.0
252.09514269929892,4.2298153821748175,131.07950420619267,-59.59956166448114,0,0,2.6,131.07950420619267,20260219-102058,0.0,0.0
250.12640113168246,4.274152350719517,131.7651726497902,-58.52070319617311,0,0,2.6,131.7651726497902,20260219-102058,0.0,0.0
248.1940462386088,4.3227099685902095,132.46161890818576,-57.41630783514115,0,0,2.6,132.46161890818576,20260219-102058,0.0,0.0
246.29893444389072,4.37584187301767,133.1688884339531,-56.28606827925387,0,0,2.6,133.1688884339531,20260219-102058,0.0,0.0
244.4419319650317,4.433942343460039,133.88701491041525,-55.129704680435864,0,0,2.6,133.88701491041525,20260219-102058,0.0,0.0
242.62391385042062,4.4974523128940325,134.61601941991603,-53.94696752088436,0,0,2.6,134.61601941991603,20260219-102058,0.0,0.0
240.84576291912092,4.566866478568112,135.35590960198812,-52.737640579024614,0,0,2.6,135.35590960198812,20260219-102058,0.0,0.0
239.10836860049127,4.642741754200216,136.10667880611788,-51.501543971118714,0,0,2.6,136.10667880611786,20260219-102058,0.0,0.0
237.4126256713853,4.725707368445285,136.86830524437926,-50.23853725193567,0,0,2.6,136.86830524437923,20260219-102058,0.0,0.0
235.7594328892742,4.816476996276544,137.6407511497864,-48.948522555289244,0,0,2.6,137.6407511497864,20260219-102058,0.0,0.0
234.14969152031986,4.915863417307405,138.42396194678554,-47.63144775258464,0,0,2.6,138.42396194678554,20260219-102058,0.0,0.0
232.58430376220073,5.024796337221693,139.2178654408628,-46.28730960483089,0,0,2.6,139.2178654408628,20260219-102058,0.0,0.0
231.06417106235293,5.144344198345987,140.02237103477626,-44.91615688091882,0,0,2.6,140.02237103477626,20260219-102058,0.0,0.0
229.5901923332416,5.275741061483666,140.8373689794081,-43.51809341239262,0,0,2.6,140.83736897940807,20260219-102058,0.0,0.0
228.1632620673086,5.420419990132039,141.6627296676698,-42.093281052516865,0,0,2.6,141.6627296676698,20260219-102058,0.0,0.0
226.7842683553552,5.580054849153981,142.49830298026188,-40.641942505231654,0,0,2.6,142.49830298026188,20260219-102058,0.0,0.0
225.45409081329643,5.756613100733438,143.34391769237095,-39.164363987666945,0,0,2.6,143.34391769237095,20260219-102058,0.0,0.0
224.17359842346374,5.952423128058091,144.19938095057387,-37.66089768833315,0,0,2.6,144.19938095057387,20260219-102058,0.0,0.0
222.9436472979138,6.170260974715194,145.0644778292866,-36.1319639819942,0,0,2.6,145.0644778292866,20260219-102058,0.0,0.0
221.76507837251273,6.413463362240997,145.93897097603622,-34.578053361643185,0,0,2.6,145.9389709760362,20260219-102058,0.0,0.0
220.63871504188643,6.686076767689784,146.82260035463122,-32.99972804801087,0,0,2.6,146.82260035463122,20260219-102058,0.0,0.0
219.56536074663677,6.993056738221282,147.71508309494925,-31.397623237715113,0,0,2.6,147.71508309494925,20260219-102058,0.0,0.0
218.54579652549864,7.340538368685919,148.6161134575376,-29.772447952563738,0,0,2.6,148.61611345753764,20260219-102058,0.0,0.0
217.5807785463286,7.736209460330871,149.52536292053287,-28.12498545470133,0,0,2.6,149.52536292053287,20260219-102058,0.0,0.0
216.67103563094503,8.189834909926788,150.44248039553747,-26.456093195275646,0,0,2.6,150.44248039553747,20260219-102058,0.0,0.0
215.81726678985615,8.714009013133783,151.36709257805626,-24.766702268103653,0,0,2.6,151.3670925780563,20260219-102058,0.0,0.0
215.02013878378824,9.325260274947523,152.29880443688785,-23.057816344434233,0,0,2.6,152.29880443688788,20260219-102058,0.0,0.0
214.28028372963553,10.045717754680428,153.23719984550644,-21.3305100703033,0,0,2.6,153.23719984550644,20260219-102058,0.0,0.0
213.59829676896905,10.905702737774723,154.18184235696333,-19.585926914101197,0,0,2.6,154.18184235696336,20260219-102058,0.0,0.0
212.9747338175446,11.94790635143849,155.1322761222139,-17.825276458741502,0,0,2.6,155.1322761222139,20260219-102058,0.0,0.0
212.4101094143151,13.234413967337936,156.08802695005033,-16.049831140127225,0,0,2.6,156.08802695005033,20260219-102058,0.0,0.0
211.90489468826942,14.859129594183822,157.04860350503162,-14.260922441326139,0,0,2.6,157.04860350503162,20260219-102058,0.0,0.0
211.45951546097362,16.97115506531258,158.01349863797475,-12.459936559838326,0,0,2.6,158.01349863797478,20260219-102058,0.0,0.0
211.0743505019756,19.822334150510382,158.98219084174627,-10.64830957339809,0,0,2.6,158.9821908417463,20260219-102058,0.0,0.0
210.74972995325496,23.874166121069596,159.95414582330795,-8.827522137716159,0,0,2.6,159.95414582330798,20260219-102058,0.0,0.0
210.48593393765498,30.073312522745073,160.92881818126148,-6.999093757246066,0,0,2.6,160.92881818126148,20260219-102058,0.0,0.0
210.28319136474445,40.71644289659234,161.90565317654819,-5.16457667726037,0,0,2.6,161.9056531765482,20260219-102058,0.0,0.0
210.1416789458354,63.19006286785276,162.88408858252404,-3.3255494520601694,0,0,2.6,162.88408858252404,20260219-102058,0.0,0.0
210.06152042795773,141.5880757431134,163.8635565993833,-1.483610249842489,0,0,2.6,163.86355659938332,20260219-102058,0.0,0.0
210.0427860544941,584.0523937808015,164.8434858168834,0.3596300405427744,0,0,2.6,164.8434858168834,20260219-102058,0.0,0.0
210.08549225793908,95.38263892147906,165.82330320854226,2.202554832131304,0,0,2.6,165.82330320854223,20260219-102058,0.0,0.0
210.18960158791182,51.98146621201911,166.80243613997152,4.04354892050567,0,0,2.6,166.8024361399715,20260219-102058,0.0,0.0
210.35502287515638,35.76854690485778,167.78031437377803,5.8810055503425485,0,0,2.6,167.78031437377803,20260219-102058,0.0,0.0
210.58161162985704,27.30098659325203,168.75637205352166,7.713333395867327,0,0,2.6,168.7563720535217,20260219-102058,0.0,0.0
210.86917067021972,22.10608869785065,169.73004964955817,9.538963384812723,0,0,2.6,169.73004964955817,20260219-102058,0.0,0.0
211.21745097496677,18.59905272655099,170.70079585021324,11.35635529832357,0,0,2.6,170.70079585021324,20260219-102058,0.0,0.0
211.62615275120572,16.076123298982417,171.66806938260981,13.164004083285501,0,0,2.6,171.66806938260984,20260219-102058,0.0,0.0
212.09492670709676,14.17704587669748,172.63134074858397,14.960445818667544,0,0,2.6,172.631340748584,20260219-102058,0.0,0.0
212.62337551689552,12.69828190806218,173.5900938624493,16.744263283515565,0,0,2.6,173.5900938624493,20260219-102058,0.0,0.0
213.21105546431383,11.516150294978187,174.54382757886913,18.51409108105233,0,0,2.6,174.54382757886913,20260219-102058,0.0,0.0
213.85747824874534,10.551161119331729,175.49205710073693,20.26862028074975,0,0,2.6,175.49205710073696,20260219-102058,0.0,0.0
214.56211293776073,9.749897216949504,176.43431525870744,22.006602548051454,0,0,2.6,176.43431525870741,20260219-102058,0.0,0.0
215.3243880484004,9.075134462114248,177.37015365582704,23.72685373944707,0,0,2.6,177.37015365582707,20260219-102058,0.0,0.0
216.14369373918308,8.500138022661357,178.29914367254423,25.428256948645334,0,0,2.6,178.29914367254426,20260219-102058,0.0,0.0
217.0193840944061,8.00521082032779,179.2208773291925,27.109764997484447,0,0,2.6,179.2208773291925,20260219-102058,0.0,0.0
217.9507794822282,7.575520726409897,-179.86503199518802,28.77040237279067,0,0,2.6,-179.86503199518802,20260219-102058,0.0,0.0
218.93716896818663,7.1996859287009105,-178.95894898713937,30.409266617507992,0,0,2.6,-178.95894898713937,20260219-102058,0.0,0.0
219.9778127661871,6.868826786735776,-178.06121596405254,32.025529190950174,0,0,2.6,-178.06121596405254,20260219-102058,0.0,0.0
221.07194470960118,6.575914058008461,-177.17215257682722,33.618435818875895,0,0,2.6,-177.17215257682722,20260219-102058,0.0,0.0
222.21877472588176,6.315310767397352,-176.29205564504022,35.187306359186806,0,0,2.6,-176.29205564504022,20260219-102058,0.0,0.0
223.41749129904161,6.0824437662023785,-175.42119911859447,36.73153421335025,0,0,2.6,-175.42119911859447,20260219-102058,0.0,0.0
224.6672639054039,5.873564078633085,-174.5598341588519,38.250585317133236,0,0,2.6,-174.5598341588519,20260219-102058,0.0,0.0
225.96724540919953,5.685569240763838,-173.708189331454,39.7439967469012,0,0,2.6,-173.708189331454,20260219-102058,0.0,0.0
227.316574405828,5.515869696614391,-172.86647090241075,41.21137497960722,0,0,2.6,-172.86647090241075,20260219-102058,0.0,0.0
228.7143775018903,5.36228701088224,-172.03486322858035,42.65239384571112,0,0,2.6,-172.03486322858035,20260219-102058,0.0,0.0
230.1597715224187,5.222975396102372,-171.2135292333679,44.06679221467799,0,0,2.6,-171.2135292333679,20260219-102058,0.0,0.0
231.65186563704745,5.096360553115423,-170.40261095832508,45.454371452474625,0,0,2.6,-170.40261095832508,20260219-102058,0.0,0.0
233.18976339817178,4.981091526466657,-169.60223018132473,46.81499268968165,0,0,2.6,-169.60223018132473,20260219-102058,0.0,0.0
234.7725646854076,4.876002454193717,-168.81248909210143,48.148573937547155,0,0,2.6,-168.81248909210143,20260219-102058,0.0,0.0
236.39936755188324,4.780081918229168,-168.03347101617342,49.45508708759951,0,0,2.6,-168.03347101617342,20260219-102058,0.0,0.0
238.06926996904664,4.69244818988342,-167.26524117847936,50.73455482839572,0,0,2.6,-167.26524117847936,20260219-102058,0.0,0.0
239.78137146775427,4.612329088673563,-166.50784749846017,51.98704751067792,0,0,2.8,-166.50784749846017,20260219-102058,0.0,0.0
241.5347746744088,4.53904548166091,-165.76132140877456,53.212679989720506,0,0,2.8,-165.76132140877456,20260219-102058,0.0,0.0
243.32858674182867,4.471997678056974,-165.02567869034357,54.41160847103835,0,0,2.8,-165.02567869034357,20260219-102058,0.0,0.0
245.16192067536053,4.4106541432539785,-164.3009203169622,55.58402738295216,0,0,2.8,-164.3009203169622,20260219-102058,0.0,0.0
247.03389655548452,4.354542083711647,-163.58703330327822,56.73016629682498,0,0,2.8,-163.58703330327822,20260219-102058,0.0,0.0
248.94364265881106,4.303239550610943,-162.88399155051465,57.85028691313916,0,0,2.8,-162.88399155051465,20260219-102058,0.0,0.0
250.8902964799311,4.256368783930939,-162.19175668488762,58.94468012901437,0,0,2.8,-162.19175668488762,20260219-102058,0.0,0.0
248.0661015338001,1.8245832078242257,-62.22151649880247,-135.95768089393596,0,0,2.8,-62.22151649880247,20260219-102058,0.0,0.0
243.53911468612188,1.7952330043922928,-62.58629977994286,-135.65877749031395,0,0,2.8,-62.586299779942856,20260219-102058,0.0,0.0
239.02237326435628,1.7660522900864244,-62.964885317180745,-135.3427498189532,0,0,2.8,-62.964885317180745,20260219-102058,0.0,0.0
234.5164692439602,1.7370521181612488,-63.35803655081301,-135.00830907261832,0,0,2.8,-63.35803655081301,20260219-102058,0.0,0.0
230.02203950770505,1.7082445243480218,-63.7665713153707,-134.65404760802411,0,0,2.8,-63.76657131537069,20260219-102058,0.0,0.0
225.53977001588424,1.6796426384956467,-64.19136644773813,-134.27842616444082,0,0,2.8,-64.19136644773813,20260219-102058,0.0,0.0
221.0704004276794,1.6512608117889245,-64.6333628276086,-133.87975954457409,0,0,2.8,-64.6333628276086,20260219-102058,0.0,0.0
216.61472922817114,1.6231147621401547,-65.093570890914,-133.45620056006035,0,0,2.8,-65.093570890914,20260219-102058,0.0,0.0
212.17361942248172,1.595221740856722,-65.57307665972729,-133.005722018641,0,0,2.8,-65.57307665972729,20260219-102058,0.0,0.0
207.74800486642744,1.567600724307826,-66.07304833479051,-132.52609650212975,0,0,2.8,-66.07304833479051,20260219-102058,0.0,0.0
203.33889731192366,1.5402726350771871,-66.59474349907316,-132.01487365367223,0,0,2.8,-66.59474349907316,20260219-102058,0.0,0.0
198.947394255315,1.5132605980331364,-67.13951698235016,-131.4693546596649,0,0,2.8,-67.13951698235016,20260219-102058,0.0,0.0
194.5746876878729,1.4865902379217886,-67.7088294373342,-130.88656357644516,0,0,2.8,-67.7088294373342,20260219-102058,0.0,0.0
190.22207385997464,1.4602900265568777,-68.30425667690952,-130.26321511521024,0,0,2.8,-68.30425667690952,20260219-102058,0.0,0.0
185.8909641839776,1.4343916895251299,-68.9274998188179,-129.59567846180056,0,0,2.8,-68.9274998188179,20260219-102058,0.0,0.0
181.5828974155079,1.4089306846598026,-69.58039627784945,-128.87993667293327,0,0,2.8,-69.58039627784945,20260219-102058,0.0,0.0
177.29955326868628,1.3839467675051964,-70.26493163499862,-128.11154116014117,0,0,2.8,-70.26493163499862,20260219-102058,0.0,0.0
173.04276763749303,1.3594846628004664,-70.98325239659415,-127.28556075140568,0,0,2.8,-70.98325239659415,20260219-102058,0.0,0.0
168.81454961262645,1.3355948659213506,-71.73767963204544,-126.39652481455965,0,0,2.8,-71.73767963204544,20260219-102058,0.0,0.0
164.61710050018274,1.312334604601696,-72.53072344390405,-125.43835994490549,0,0,2.8,-72.53072344390405,20260219-102058,0.0,0.0
160.452835064275,1.2897689996208903,-73.36509817497573,-124.40431977465569,0,0,2.8,-73.36509817497573,20260219-102058,0.0,0.0
156.324405228814,1.2679724741958363,-74.2437381898473,-123.28690757104712,0,0,2.8,-74.2437381898473,20260219-102058,0.0,0.0
152.23472648191765,1.2470304765525988,-75.16981397687132,-122.07779147689219,0,0,2.8,-75.16981397687132,20260219-102058,0.0,0.0
148.1870072267098,1.2270415999901596,-76.14674819447501,-120.76771254364823,0,0,2.8,-76.14674819447501,20260219-102058,0.0,0.0
144.18478131029102,1.208120211726941,-77.17823112419413,-119.34638615489006,0,0,2.8,-77.17823112419413,20260219-102058,0.0,0.0
140.23194393249625,1.1903997389152,-78.26823478200104,-117.80239809216381,0,0,2.8,-78.26823478200104,20260219-102058,0.0,0.0
136.33279107969562,1.1740368118170126,-79.42102466767568,-116.12309742545338,0,0,2.8,-79.42102466767568,20260219-102058,0.0,0.0
132.4920625357456,1.1592165368552565,-80.64116778638758,-114.29448970351342,0,0,2.8,-80.64116778638758,20260219-102058,0.0,0.0
128.71498837848972,1.146159276135945,-81.93353514437742,-112.30113567847873,0,0,2.8,-81.93353514437742,20260219-102058,0.0,0.0
125.00733865848193,1.135129460664744,-83.30329639044129,-110.1260631410943,0,0,2.8,-83.30329639044129,20260219-102058,0.0,0.0
121.37547565542583,1.126447186450414,-84.75590364064841,-107.75070248778925,0,0,2.8,-84.75590364064841,20260219-102058,0.0,0.0
117.8264076919439,1.1205036756328908,-86.29706078956323,-105.1548604919947,0,0,2.8,-86.29706078956323,20260219-102058,0.0,0.0
114.36784292579061,1.1177821939671397,-87.93267379992946,-102.31675145932121,0,0,2.8,-87.93267379992946,20260219-102058,0.0,0.0
111.0082408126139,1.1188868115800106,-89.66877662723599,-99.21311044488597,0,0,2.8,-89.66877662723599,20260219-102058,0.0,0.0
107.75685800925653,1.1245826668042176,-91.51142667453543,-95.81941922995715,0,0,2.8,-91.51142667453543,20260219-102058,0.0,0.0
104.62378436400444,1.1358534839715047,-93.46656314963555,-92.11028168720144,0,0,2.8,-93.46656314963555,20260219-102058,0.0,0.0
101.6199633348052,1.1539856346163677,-95.53982165868807,-88.05998990497648,0,0,2.8,-95.53982165868807,20260219-102058,0.0,0.0
98.75718975644983,1.1806942236846076,-97.73629916240317,-83.64332422009909,0,0,2.8,-97.73629916240317,20260219-102058,0.0,0.0
96.04807648213759,1.2183179400466162,-100.06026548305378,-78.83662656930302,0,0,2.8,-100.06026548305378,20260219-102058,0.0,0.0
93.50598029082683,1.2701307986370005,-102.51482137700481,-73.61917401827412,0,0,2.8,-102.51482137700481,20260219-102058,0.0,0.0
91.14487693382041,1.3408616737881554,-105.10150923181048,-67.9748543161213,0,0,2.8,-105.10150923181048,20260219-102058,0.0,0.0
88.97917576217971,1.437603404737173,-107.81989094317144,-61.894104778116564,0,0,2.8,-107.81989094317144,20260219-102058,0.0,0.0
87.02346657227176,1.571500956554746,-110.66711822953937,-55.376018836829864,0,0,2.8,-110.66711822953937,20260219-102058,0.0,0.0
85.29219563416433,1.7611272924525254,-113.63753251876291,-48.43045474321587,0,0,2.8,-113.63753251876291,20260219-102058,0.0,0.0
83.79927460808149,2.0399089983953584,-116.72234252884242,-41.07990830669408,0,0,2.8,-116.72234252884242,20260219-102058,0.0,0.0
82.55763502237434,2.474685896042948,-119.90943467185228,-33.360854060058685,0,0,2.8,-119.90943467185228,20260219-102058,0.0,0.0
81.57875129613912,3.2213701174376372,-123.18337078060304,-25.324240407689945,0,0,2.8,-123.18337078060304,20260219-102058,0.0,0.0
80.87216525164821,4.747449078679326,-126.52561622154948,-17.034867338513028,0,0,2.8,-126.52561622154948,20260219-102058,0.0,0.0
80.4450523577759,9.387376072794881,-129.91501801643003,-8.569492873616726,0,0,2.8,-129.91501801643003,20260219-102058,0.0,0.0
80.30187215814799,5862.176774366559,-133.32851930571954,-0.013698302737863967,0,0,2.8,-133.32851930571954,20260219-102058,0.0,0.0
80.44414075782404,9.417216505403793,-136.74205932293242,8.54224183033952,0,0,2.8,-136.74205932293242,20260219-102058,0.0,0.0
80.8703516706123,4.754829262419448,-140.13157567132373,17.00804533819627,0,0,2.8,-140.13157567132373,20260219-102058,0.0,0.0
81.576054472469,3.2245910052751494,-143.4740067691979,25.298108919555283,0,0,2.8,-143.4740067691979,20260219-102058,0.0,0.0
82.55408187464012,2.4764510310117416,-146.74819229825172,33.33564073783162,0,0,2.8,-146.74819229825172,20260219-102058,0.0,0.0
83.79489896131606,2.0410003278730167,-149.93558836049195,41.05579887321286,0,0,2.8,-149.93558836049195,20260219-102058,0.0,0.0
85.28703674423437,1.761852604164992,-153.02074639668527,48.40758900183656,0,0,2.8,-153.02074639668527,20260219-102058,0.0,0.0
87.01756758373809,1.5720055711100056,-155.99154208268823,55.354490583830625,0,0,2.8,-155.99154208268823,20260219-102058,0.0,0.0
88.97258221874478,1.4379647783535003,-158.83917373323342,61.87396489684556,0,0,2.8,-158.83917373323342,20260219-102058,0.0,0.0
91.13763543155484,1.3411248418903474,-161.55797322073713,67.95611607871955,0,0,2.8,-161.55797322073713,20260219-102058,0.0,0.0
93.49813733086629,1.27032372091362,-164.1450838906949,73.60181959258557,0,0,2.8,-164.1450838906949,20260219-102058,0.0,0.0
96.03967754803685,1.2184588883571412,-166.60006061483824,78.82061386373732,0,0,2.8,-166.60006061483824,20260219-102058,0.0,0.0
98.7482786159996,1.1807956415318106,-168.92444013473605,83.6285934184991,0,0,2.8,-168.92444013473605,20260219-102058,0.0,0.0
101.61058154846917,1.1540562884679872,-171.12131886816533,88.04646927868438,0,0,2.8,-171.12131886816533,20260219-102058,0.0,0.0
104.61397097193067,1.135899727534499,-173.19496347293875,92.0978924777085,0,0,2.8,-173.19496347293875,20260219-102058,0.0,0.0
107.74664936468619,1.1246092173920512,-175.150468754482,95.80807955188982,0,0,2.8,-175.150468754482,20260219-102058,0.0,0.0
110.99767052970138,1.1188972449107435,-176.99346899942807,99.2027382626685,0,0,2.8,-176.99346899942807,20260219-102058,0.0,0.0
114.35694191270802,1.1177792697095628,-178.72990276554344,102.30726674902628,0,0,2.8,-178.72990276554344,20260219-102058,0.0,0.0
117.81520424434039,1.1204895575864053,179.63417267469612,105.14618672406074,0,0,2.8,179.63417267469612,20260219-102058,0.0,0.0
121.36399558990978,1.1264235951008352,178.09272310633992,107.74276756786642,0,0,2.8,178.0927231063399,20260219-102058,0.0,0.0
124.99560547020229,1.1350977811626175,176.63984202498318,110.11879993473008,0,0,2.8,176.6398420249832,20260219-102058,0.0,0.0
128.70302341079685,1.1461206361857859,175.26982479950607,112.29448222755333,0,0,2.8,175.26982479950607,20260219-102058,0.0,0.0
132.47988515318318,1.1591718638620605,173.97721845131872,114.28838922279782,0,0,2.8,173.97721845131872,20260219-102058,0.0,0.0
136.32041883820602,1.1739868754599025,172.75685239631161,116.11749814903449,0,0,2.8,172.7568523963116,20260219-102058,0.0,0.0
140.21939274276602,1.1903451833064616,171.6038546602241,117.79725302308859,0,0,2.8,171.60385466022413,20260219-102058,0.0,0.0
144.17206559170552,1.2080615800119427,170.51365726664983,119.34165275770152,0,0,2.8,170.51365726664983,20260219-102058,0.0,0.0
148.17414005051907,1.2269793533827151,169.48199376244065,120.76335240850716,0,0,2.8,169.48199376244062,20260219-102058,0.0,0.0
152.22171970302225,1.2469650092207603,168.504891210668,122.07376997542775,0,0,2.8,168.50489121066798,20260219-102058,0.0,0.0
156.31126960613852,1.2679041250163627,167.57865845078572,123.28319351758657,0,0,2.8,167.57865845078575,20260219-102058,0.0,0.0
160.4395803700671,1.2896980615447644,166.69987199306325,124.40088510166251,0,0,2.8,166.69987199306325,20260219-102058,0.0,0.0
164.6037356188077,1.3122613321785224,165.8653605685206,125.43517939795143,0,0,2.8,165.86536056852057,20260219-102058,0.0,0.0
168.80108262956222,1.3355194813914764,165.0721890835614,126.39357566966267,0,0,2.8,165.07218908356143,20260219-102058,0.0,0.0
173.0292059192929,1.3594073610630815,164.31764251749274,127.28282255583852,0,0,2.8,164.31764251749274,20260219-102058,0.0,0.0
177.28590353469357,1.3838677201971397,163.59921013951276,128.10899549664921,0,0,2.8,163.59921013951276,20260219-102058,0.0,0.0
181.56916580209074,1.4088500435253877,162.91457029946218,128.87756694654837,0,0,2.8,162.9145702994622,20260219-102058,0.0,0.0
185.8771563020168,1.4343095892167104,162.26157595522483,129.59346970797708,0,0,2.8,162.26157595522483,20260219-102058,0.0,0.0
190.20819484629067,1.4602065869752696,161.63824103222447,130.2611538277577,0,0,2.8,161.63824103222447,20260219-102058,0.0,0.0
194.56074225122447,1.486505566182393,161.04272766145368,130.8846375536222,0,0,2.8,161.0427276614537,20260219-102058,0.0,0.0
198.93338671754714,1.513174790125781,160.4733343074828,131.4675528667848,0,0,2.8,160.47333430748276,20260219-102058,0.0,0.0
203.32483164478887,1.5401857772739471,159.92848477350583,132.0131861006169,0,0,2.8,159.9284847735058,20260219-102058,0.0,0.0
207.73388472455127,1.5675128943623542,159.40671805400518,132.52451413425533,0,0,2.8,159.40671805400518,20260219-102058,0.0,0.0
212.1594481728952,1.5951330090302491,158.9066789950084,133.00423661966357,0,0,2.8,158.90667899500838,20260219-102058,0.0,0.0
216.60050997678763,1.62302519208269,158.4271097156004,133.4548046656273,0,0,2.8,158.42710971560044,20260219-102058,0.0,0.0
221.05613604305213,1.651170461298955,157.9668417411525,133.8784463653438,0,0,2.8,157.9668417411525,20260219-102058,0.0,0.0
225.5254631505434,1.679551560177435,157.52478879773042,134.27718951761025,0,0,2.8,157.52478879773042,20260219-102058,0.0,0.0
230.0076926173398,1.7081527661822529,157.09994021769182,134.65288185635202,0,0,2.8,157.09994021769185,20260219-102058,0.0,0.0
234.50208460468122,1.7369597240020684,156.69135490806048,135.0072090700947,0,0,2.8,156.69135490806048,20260219-102058,0.0,0.0
239.0079529882474,1.7659593000957097,156.29815583551613,135.341710862359,0,0,2.8,156.29815583551616,20260219-102058,0.0,0.0
243.52466073526585,1.7951394554202127,155.9195249844936,135.6577952760003,0,0,2.8,155.9195249844936,20260219-102058,0.0,0.0
248.0516157329422,1.8244891337436862,155.55469874774326,135.95675147922793,0,0,2.8,155.5546987477433,20260219-102058,0.0,0.0
252.5882670199131,1.8539981633610634,155.20296371163943,136.23976118832968,0,0,2.8,155.2029637116394,20260219-102058,0.0,0.0
257.1341013779103,1.8836571703730678,154.86365280142888,136.50790888183948,0,0,2.8,154.86365280142886,20260219-102058,0.0,0.0
261.68864024567597,1.9134575019717603,154.53614175443403,136.76219094284232,0,0,2.8,154.53614175443403,20260219-102058,0.0,0.0
266.25143692145406,1.9433911584110055,154.21984589191027,137.00352385010947,0,0,2.8,154.21984589191027,20260219-102058,0.0,0.0
270.8220740241646,1.9734507325359911,153.91421716279353,137.2327515246066,0,0,2.8,153.91421716279353,20260219-102058,0.0,0.0
275.40016118670655,2.0036293559097285,153.61874143493787,137.4506519254225,0,0,2.8,153.61874143493787,20260219-102058,0.0,0.0
276.08168824141865,31.439875862125117,-40.67422513799363,-8.781258852679116,0,0,2.8,-40.674225137993616,20260219-102058,0.0,0.0
275.8122220551246,37.34241279380448,-41.41805704838774,-7.386031094939986,0,0,2.8,-41.418057048387745,20260219-102058,0.0,0.0
275.5893277368279,46.030808595557666,-42.163217943795075,-5.987062494562053,0,0,2.8,-42.163217943795075,20260219-102058,0.0,0.0
275.41311835964905,60.06761358482208,-42.90945871976146,-4.585051776207747,0,0,2.8,-42.90945871976147,20260219-102058,0.0,0.0
275.2836835728433,86.54799884562283,-43.6565280848198,-3.180705357080198,0,0,2.8,-43.65652808481981,20260219-102058,0.0,0.0
275.20108937462163,155.0659667632017,-44.40417306295862,-1.7747355858869795,0,0,2.8,-44.40417306295862,20260219-102058,0.0,0.0
275.1653779442857,748.0187184730223,-45.152139504624444,-0.36785894677341513,0,0,2.8,-45.15213950462444,20260219-102058,0.0,0.0
275.1765675346697,264.79507503609636,-45.90017260369376,1.0392057612746692,0,0,2.8,-45.90017260369376,20260219-102058,0.0,0.0
275.2346524255287,112.53638401372419,-46.64801741779337,2.4457392587979627,0,0,2.8,-46.64801741779338,20260219-102058,0.0,0.0
275.3396029381507,71.49777043358334,-47.39541938931637,3.851023623092175,0,0,2.8,-47.395419389316366,20260219-102058,0.0,0.0
275.4913655111051,52.431161598445414,-48.142124864474255,5.254344117359273,0,0,2.8,-48.14212486447425,20260219-102058,0.0,0.0
275.68986283667743,41.42603089894335,-48.8878816077447,6.6549910009290665,0,0,2.8,-48.887881607744696,20260219-102058,0.0,0.0
275.9349940571813,34.268012852228,-49.63243930911756,8.05226130990087,0,0,2.8,-49.63243930911756,20260219-102058,0.0,0.0
276.2266350199873,29.244379578726143,-50.37555008161047,9.445460597869161,0,0,2.8,-50.375550081610456,20260219-102058,0.0,0.0
276.5646385897731,25.527697364545116,-51.116968946616055,10.83390462681871,0,0,2.8,-51.116968946616055,20260219-102058,0.0,0.0
276.94883501617454,22.66928263213588,-51.85645430475711,12.21692099879566,0,0,2.8,-51.85645430475712,20260219-102058,0.0,0.0
277.37903235471606,20.404743150173452,-52.593768390058415,13.593850719574395,0,0,2.8,-52.593768390058415,20260219-102058,0.0,0.0
277.85501693861664,18.568169898167444,-53.32867770539683,14.964049686234242,0,0,2.8,-53.32867770539683,20260219-102058,0.0,0.0
278.3765538988102,17.050188513654046,-54.06095343735913,16.326890091325506,0,0,2.8,-54.060953437359125,20260219-102058,0.0,0.0
278.9433877292905,15.77576894634666,-54.79037184881818,17.681761737128383,0,0,2.8,-54.79037184881819,20260219-102058,0.0,0.0
279.5552428946869,14.691726227738837,-55.516714647731945,19.02807325437839,0,0,2.8,-55.516714647731945,20260219-102058,0.0,0.0
279.99999999999994,279999999.99999994,60.0,0.0,0,0,2.8,59.99999999999999,20260219-102058,0.0,0.0
279.99999999999994,279999999.99999994,60.0,0.0,0,0,2.8,59.99999999999999,20260219-102058,0.0,0.0
279.99999999999994,279999999.99999994,60.0,0.0,0,0,2.8,59.99999999999999,20260219-102058,0.0,0.0
279.99999999999994,279999999.99999994,60.0,0.0,0,0,2.8,59.99999999999999,20260219-102058,0.0,0.0
279.99999999999994,279999999.99999994,60.0,0.0,0,0,2.8,59.99999999999999,20260219-102058,0.0,0.0
279.99999999999994,279999999.99999994,60.0,0.0,0,0,2.8,59.99999999999999,20260219-102058,0.0,0.0
279.99999999999994,279999999.99999994,60.0,0.0,0,0,2.8,59.99999999999999,20260219-102058,0.0,0.0
279.99999999999994,279999999.99999994,60.0,0.0,0,0,2.8,59.99999999999999,20260219-102058,0.0,0.0
279.99999999999994,279999999.99999994,60.0,0.0,0,0,2.8,59.99999999999999,20260219-102058,0.0,0.0
279.99999999999994,279999999.99999994,60.0,0.0,0,0,2.8,59.99999999999999,20260219-102058,0.0,0.0
279.99999999999994,279999999.99999994,60.0,0.0,0,0,2.8,59.99999999999999,20260219-102058,0.0,0.0
279.99999999999994,279999999.99999994,60.0,0.0,0,0,2.8,59.99999999999999,20260219-102058,0.0,0.0
279.99999999999994,279999999.99999994,60.0,0.0,0,0,2.8,59.99999999999999,20260219-102058,0.0,0.0
279.99999999999994,279999999.99999994,60.0,0.0,0,0,2.8,59.99999999999999,20260219-102058,0.0,0.0
279.99999999999994,279999999.99999994,60.0,0.0,0,0,2.8,59.99999999999999,20260219-102058,0.0,0.0
279.99999999999994,279999999.99999994,60.0,0.0,0,0,2.8,59.99999999999999,20260219-102058,0.0,0.0
279.99999999999994,279999999.99999994,60.0,0.0,0,0,2.8,59.99999999999999,20260219-102058,0.0,0.0
279.99999999999994,279999999.99999994,60.0,0.0,0,0,2.8,59.99999999999999,20260219-102058,0.0,0.0
279.99999999999994,279999999.99999994,60.0,0.0,0,0,2.8,59.99999999999999,20260219-102058,0.0,0.0
279.99999999999994,279999999.99999994,60.0,0.0,0,0,2.8,59.99999999999999,20260219-102058,0.0,0.0
279.99999999999994,279999999.99999994,60.0,0.0,0,0,2.8,59.99999999999999,20260219-102058,0.0,0.0
279.99999999999994,279999999.99999994,60.0,0.0,0,0,2.8,59.99999999999999,20260219-102058,0.0,0.0
279.99999999999994,279999999.99999994,60.0,0.0,0,0,2.8,59.99999999999999,20260219-102058,0.0,0.0
279.99999999999994,279999999.99999994,60.0,0.0,0,0,2.8,59.99999999999999,20260219-102058,0.0,0.0
279.99999999999994,279999999.99999994,60.0,0.0,0,0,2.8,59.99999999999999,20260219-102058,0.0,0.0
279.99999999999994,279999999.99999994,60.0,0.0,0,0,2.8,59.99999999999999,20260219-102058,0.0,0.0
279.99999999999994,279999999.99999994,60.0,0.0,0,0,2.8,59.99999999999999,20260219-102058,0.0,0.0
279.99999999999994,279999999.99999994,60.0,0.0,0,0,2.8,59.99999999999999,20260219-102058,0.0,0.0
279.99999999999994,279999999.99999994,60.0,0.0,0,0,2.8,59.99999999999999,20260219-102058,0.0,0.0
279.99999999999994,279999999.99999994,60.0,0.0,0,0,2.8,59.99999999999999,20260219-102058,0.0,0.0
279.99999999999994,279999999.99999994,60.0,0.0,0,0,2.8,59.99999999999999,20260219-102058,0.0,0.0
279.99999999999994,279999999.99999994,60.0,0.0,0,0,2.8,59.99999999999999,20260219-102058,0.0,0.0
279.99999999999994,279999999.99999994,60.0,0.0,0,0,2.8,59.99999999999999,20260219-102058,0.0,0.0
279.99999999999994,279999999.99999994,60.0,0.0,0,0,2.8,59.99999999999999,20260219-102058,0.0,0.0
279.99999999999994,279999999.99999994,60.0,0.0,0,0,2.8,59.99999999999999,20260219-102058,0.0,0.0
279.99999999999994,279999999.99999994,60.0,0.0,0,0,2.8,59.99999999999999,20260219-102058,0.0,0.0
279.99999999999994,279999999.99999994,60.0,0.0,0,0,2.8,59.99999999999999,20260219-102058,0.0,0.0
279.99999999999994,279999999.99999994,60.0,0.0,0,0,2.8,59.99999999999999,20260219-102058,0.0,0.0
279.99999999999994,279999999.99999994,60.0,0.0,0,0,2.8,59.99999999999999,20260219-102058,0.0,0.0
279.99999999999994,279999999.99999994,60.0,0.0,0,0,2.8,59.99999999999999,20260219-102058,0.0,0.0
279.99999999999994,279999999.99999994,60.0,0.0,0,0,2.8,59.99999999999999,20260219-102058,0.0,0.0
279.99999999999994,279999999.99999994,60.0,0.0,0,0,2.8,59.99999999999999,20260219-102058,0.0,0.0
279.99999999999994,279999999.99999994,60.0,0.0,0,0,2.8,59.99999999999999,20260219-102058,0.0,0.0
279.99999999999994,279999999.99999994,60.0,0.0,0,0,2.8,59.99999999999999,20260219-102058,0.0,0.0
279.99999999999994,279999999.99999994,60.0,0.0,0,0,2.8,59.99999999999999,20260219-102058,0.0,0.0
279.99999999999994,279999999.99999994,60.0,0.0,0,0,2.8,59.99999999999999,20260219-102058,0.0,0.0
279.99999999999994,279999999.99999994,60.0,0.0,0,0,2.8,59.99999999999999,20260219-102058,0.0,0.0
279.99999999999994,279999999.99999994,60.0,0.0,0,0,2.8,59.99999999999999,20260219-102058,0.0,0.0
279.99999999999994,279999999.99999994,60.0,0.0,0,0,2.8,59.99999999999999,20260219-102058,0.0,0.0
279.99999999999994,279999999.99999994,60.0,0.0,0,0,2.8,59.99999999999999,20260219-102058,0.0,0.0
279.99999999999994,279999999.99999994,60.0,0.0,0,0,2.8,59.99999999999999,20260219-102058,0.0,0.0
279.99999999999994,279999999.99999994,60.0,0.0,0,0,2.8,59.99999999999999,20260219-102058,0.0,0.0
279.99999999999994,279999999.99999994,60.0,0.0,0,0,2.8,59.99999999999999,20260219-102058,0.0,0.0
275.6066138747385,1.927245734107399,-7.7193725691425925,-143.00543464551257,0,0,2.8,-7.719372569142596,20260219-102058,0.0,0.0
270.8401714684541,1.8942402771057385,-7.620236618482892,-142.98089568778371,0,0,2.8,-7.62023661848289,20260219-102058,0.0,0.0
266.07456894172896,1.8612466859359593,-7.517549147156586,-142.9550263015936,0,0,2.8,-7.517549147156598,20260219-102058,0.0,0.0
261.3098522461313,1.8282656166044862,-7.4111165224068145,-142.9277288118804,0,0,2.8,-7.411116522406819,20260219-102058,0.0,0.0
256.54607073811496,1.795297774382322,-7.300730828708822,-142.898896438715,0,0,2.8,-7.300730828708823,20260219-102058,0.0,0.0
251.7832774993995,1.7623439185181036,-7.186168531432145,-142.86841226263923,0,0,2.8,-7.186168531432152,20260219-102058,0.0,0.0
247.02152969410622,1.7294048675027827,-7.0671889882450785,-142.8361480506292,0,0,2.8,-7.067188988245087,20260219-102058,0.0,0.0
242.2608889676491,1.6964815049627409,-6.943532787723058,-142.80196292088064,0,0,2.8,-6.943532787723048,20260219-102058,0.0,0.0
237.50142189317063,1.6635747862706598,-6.814919891409517,-142.76570182071134,0,0,2.8,-6.814919891409518,20260219-102058,0.0,0.0
232.74320047224344,1.6306857459782205,-6.68104755179138,-142.7271937871909,0,0,2.8,-6.681047551791366,20260219-102058,0.0,0.0
227.9863026976638,1.5978155061923576,-6.541587974174462,-142.68624995445313,0,0,2.8,-6.541587974174466,20260219-102058,0.0,0.0
223.23081318747535,1.5649652860378471,-6.396185685139017,-142.64266126480504,0,0,2.8,-6.396185685139019,20260219-102058,0.0,0.0
218.47682390092334,1.532136412374199,-6.244454563942867,-142.59619583244,0,0,2.8,-6.244454563942875,20260219-102058,0.0,0.0
213.72443494891138,1.4993303319652462,-6.085974485711489,-142.5465958984317,0,0,2.8,-6.0859744857114855,20260219-102058,0.0,0.0
208.97375551377417,1.4665486253364426,-5.920287516239114,-142.49357430329545,0,0,2.8,-5.920287516239121,20260219-102058,0.0,0.0
204.2249048958836,1.4337930225994229,-5.746893587398063,-142.4368103881759,0,0,2.8,-5.7468935873980485,20260219-102058,0.0,0.0
199.478013707871,1.401065421577531,-5.565245569098721,-142.37594521693967,0,0,2.8,-5.565245569098734,20260219-102058,0.0,0.0
194.73322524121372,1.3683679086323581,-5.37474363794891,-142.31057598818114,0,0,2.8,-5.374743637948919,20260219-102058,0.0,0.0
189.99069703476485,1.335702782672827,-5.174728823573389,-142.24024947719377,0,0,2.8,-5.174728823573376,20260219-102058,0.0,0.0
185.25060268071778,1.303072582929029,-4.9644755901585995,-142.16445431175748,0,0,2.8,-4.96447559015861,20260219-102058,0.0,0.0
180.51313391076383,1.2704801211980312,-4.743183282135249,-142.08261184011633,0,0,2.8,-4.74318328213524,20260219-102058,0.0,0.0
175.77850301417513,1.2379285194248646,-4.509966227675733,-141.99406529210665,0,0,2.8,-4.50996622767572,20260219-102058,0.0,0.0
171.04694565067868,1.2054212536777478,-4.263842250161247,-141.89806686153358,0,0,2.8,-4.263842250161258,20260219-102058,0.0,0.0
166.31872413486974,1.1729622058238662,-4.003719283762621,-141.79376224492302,0,0,2.8,-4.003719283762632,20260219-102058,0.0,0.0
161.59413128631377,1.1405557245261937,-3.7283797219401436,-141.68017205248145,0,0,2.8,-3.728379721940141,20260219-102058,0.0,0.0
156.87349496141388,1.1082066975836542,-3.4364620432945685,-141.55616935312025,0,0,2.8,-3.436462043294561,20260219-102058,0.0,0.0
152.157183410912,1.0759206381544029,-3.1264391529464604,-141.42045241544693,0,0,2.8,-3.1264391529464635,20260219-102058,0.0,0.0
147.44561164232022,1.0437037880733633,-2.7965927431069417,-141.27151144531064,0,0,2.8,-2.7965927431069444,20260219-102058,0.0,0.0
142.73924901202452,1.0115632423530114,-2.4449828052888165,-141.10758777671356,0,0,2.8,-2.4449828052888076,20260219-102058,0.0,0.0
138.03862833047276,0.9795071001137534,-2.0694112074641566,-140.92662351752415,0,0,2.8,-2.069411207464161,20260219-102058,0.0,0.0
133.34435684011112,0.9475446487296898,-1.6673779673792808,-140.72619904389418,0,0,2.8,-1.667377967379277,20260219-102058,0.0,0.0
128.65712952553466,0.9156865900424881,-1.2360284879837025,-140.5034549207114,0,0,2.8,-1.2360284879837147,20260219-102058,0.0,0.0
123.97774534689825,0.8839453202993879,-0.7720895451971899,-140.2549937194165,0,0,2.8,-0.7720895451972039,20260219-102058,0.0,0.0
119.30712716243454,0.8523352793144034,-0.2717911949066547,-139.9767556945456,0,0,2.8,-0.2717911949066608,20260219-102058,0.0,0.0
114.64634633999084,0.8208733896816487,0.2692290554860506,-139.66386020194054,0,0,2.8,0.2692290554860602,20260219-102058,0.0,0.0
109.99665337349026,0.7895796143540242,0.8560445547848019,-139.31040185666572,0,0,2.8,0.8560445547848119,20260219-102058,0.0,0.0
105.35951625045186,0.7584776715526567,1.4945864906052861,-138.90918639011954,0,0,2.8,1.494586490605282,20260219-102058,0.0,0.0
100.73666890757072,0.7275959613555988,2.1918276873423963,-138.45138546383103,0,0,2.8,2.191827687342387,20260219-102058,0.0,0.0
96.13017293004653,0.6969687808843531,2.9560139760915547,-137.92608157867727,0,0,2.8,2.9560139760915463,20260219-102058,0.0,0.0
91.54249679482533,0.6666379386987691,3.796957421837135,-137.31966256452478,0,0,2.8,3.7969574218371296,20260219-102058,0.0,0.0
86.97661857190924,0.6366549302670671,4.726410455564519,-136.61500828309593,0,0,2.8,4.726410455564517,20260219-102058,0.0,0.0
82.43616029315655,0.6070839159976842,5.758546367292183,-135.79038765617867,0,0,2.8,5.758546367292174,20260219-102058,0.0,0.0
77.92556548692761,0.5780058698854502,6.910580164354457,-134.81794830625333,0,0,2.8,6.910580164354446,20260219-102058,0.0,0.0
73.45033611862316,0.5495244732485897,8.203574990600004,-133.66162872494354,0,0,2.8,8.203574990599993,20260219-102058,0.0,0.0
69.01735203789565,0.5217746745221542,9.66349341420758,-132.27424673514932,0,0,2.8,9.663493414207585,20260219-102058,0.0,0.0
64.63530595278212,0.4949354368365943,11.322569352290998,-130.5934090432119,0,0,2.8,11.322569352290985,20260219-102058,0.0,0.0
60.31530117473934,0.46924927588882603,13.22109225492477,-128.53573627896054,0,0,2.8,13.221092254924764,20260219-102058,0.0,0.0
56.07167933005132,0.445053219078985,15.409701503428437,-125.98870635311617,0,0,2.8,15.409701503428426,20260219-102058,0.0,0.0
51.92317186851672,0.42282981602371483,17.95226287003561,-122.79922063396909,0,0,2.8,17.95226287003561,20260219-102058,0.0,0.0
47.894500913839536,0.40329518502903966,20.92928619720641,-118.75792891103038,0,0,2.8,20.929286197206395,20260219-102058,0.0,0.0
44.0185818216223,0.3875597857391561,24.44152471750354,-113.57881658869694,0,0,2.8,24.44152471750355,20260219-102058,0.0,0.0
40.339469013495545,0.37744318996279363,28.612629774101777,-106.87560429285264,0,0,2.8,28.61262977410179,20260219-102058,0.0,0.0
36.91605154803946,0.3761476376834263,33.58810100099669,-98.14245219083041,0,0,2.8,33.588101000996694,20260219-102058,0.0,0.0
33.8260528351606,0.389879386116886,39.524792559987276,-86.7603008511446,0,0,2.8,39.52479255998727,20260219-102058,0.0,0.0
31.168794102747633,0.4324505313675371,46.56125841844917,-72.07481975841871,0,0,2.8,46.56125841844918,20260219-102058,0.0,0.0
29.06321537845915,0.54207677454939,54.7582123768608,-53.61457406585703,0,0,2.8,54.75821237686081,20260219-102058,0.0,0.0
189.76701268892424,2.3958377838273934,16.95306520644874,-79.20695381377952,0,0,2.7,16.953065206448727,20260219-102058,0.0,0.0
187.14263956030595,2.3916370616649703,16.20715313299624,-78.24876213869344,0,0,2.7,16.20715313299624,20260219-102058,0.0,0.0
184.5508831000729,2.38901874437788,15.440157425569112,-77.24965889630617,0,0,2.7,15.440157425569124,20260219-102058,0.0,0.0
181.99313679128912,2.388115359174616,14.65145819325977,-76.20784988133482,0,0,2.7,14.651458193259778,20260219-102058,0.0,0.0
179.4708547367703,2.389074657229592,13.840432893525076,-75.12149283140756,0,0,2.7,13.840432893525078,20260219-102058,0.0,0.0
176.98555318290494,2.392061864372104,13.006459054683887,-73.98870230697906,0,0,2.7,13.006459054683884,20260219-102058,0.0,0.0
174.53881186048207,2.3972623432272866,12.148917405201246,-72.80755581615286,0,0,2.7,12.148917405201233,20260219-102058,0.0,0.0
172.13227509847354,2.404884757321398,11.267195443480915,-71.57610133892545,0,0,2.7,11.267195443480919,20260219-102058,0.0,0.0
169.76765266146057,2.415164851157675,10.360691480975333,-70.29236641137969,0,0,2.7,10.360691480975348,20260219-102058,0.0,0.0
167.4467202559847,2.4283699908535175,9.428819189447154,-68.95436893334815,0,0,2.7,9.428819189447147,20260219-102058,0.0,0.0
165.17131964565638,2.444804650065,8.471012679945687,-67.5601298620178,0,0,2.7,8.471012679945693,20260219-102058,0.0,0.0
162.94335830952767,2.464817079043798,7.486732136239539,-66.10768794767519,0,0,2.7,7.486732136239525,20260219-102058,0.0,0.0
160.7648085732216,2.4888074656153605,6.475470018805595,-64.59511665498492,0,0,2.7,6.475470018805603,20260219-102058,0.0,0.0
158.63770613785348,2.5172379925389974,5.436757846750908,-63.02054339242056,0,0,2.7,5.436757846750898,20260219-102058,0.0,0.0
156.564147928168,2.5506453260730226,4.370173553975519,-61.382171142239685,0,0,2.7,4.370173553975521,20260219-102058,0.0,0.0
154.54628917888812,2.5896562501844618,3.2753494022571488,-59.67830254223114,0,0,2.7,3.275349402257141,20260219-102058,0.0,0.0
152.58633967742222,2.635007411296316,2.1519804175788124,-57.907366416990826,0,0,2.7,2.1519804175788244,20260219-102058,0.0,0.0
150.68655908222462,2.68757049221884,0.9998332968586112,-56.06794668958388,0,0,2.7,0.9998332968586228,20260219-102058,0.0,0.0
148.8492512397217,2.7483846405794004,-0.18124428968692996,-54.158813523401896,0,0,2.7,-0.18124428968691875,20260219-102058,0.0,0.0
147.0767574292714,2.8186987137968003,-1.3913140997982794,-52.1789564487218,0,0,2.7,-1.3913140997982782,20260219-102058,0.0,0.0
145.37144847558486,2.900026991680377,-2.63033754994251,-50.12761911962466,0,0,2.7,-2.6303375499425066,20260219-102058,0.0,0.0
143.73571568183192,2.9942236467649823,-3.89816592965326,-48.00433522630375,0,0,2.7,-3.898165929653257,20260219-102058,0.0,0.0
142.1719605546226,3.103583778496555,-5.194530782275024,-45.80896495840491,0,0,2.7,-5.194530782275032,20260219-102058,0.0,0.0
140.68258331442388,3.2309827646797955,-6.519034663150876,-43.54173128136947,0,0,2.7,-6.5190346631508795,20260219-102058,0.0,0.0
139.26997021178832,3.3800720279303715,-7.871142512455236,-41.2032551557973,0,0,2.7,-7.871142512455238,20260219-102058,0.0,0.0
137.9364797008497,3.555559790620994,-9.250173902263498,-38.794588707157835,0,0,2.7,-9.250173902263496,20260219-102058,0.0,0.0
136.68442755643878,3.763623221436727,-10.655296434136858,-36.31724524865186,0,0,2.7,-10.65529643413687,20260219-102058,0.0,0.0
135.51607105910995,4.012529781357977,-12.085520572446853,-33.77322498357798,0,0,2.7,-12.085520572446855,20260219-102058,0.0,0.0
134.43359241224655,4.313603102164533,-13.539696197852038,-31.16503517553314,0,0,2.7,-13.539696197852024,20260219-102058,0.0,0.0
133.43908159577634,4.682778973921179,-15.016511152942797,-28.495703585181083,0,0,2.7,-15.016511152942789,20260219-102058,0.0,0.0
132.53451890011303,5.143219745841671,-16.5144920266373,-25.76878403985521,0,0,2.7,-16.5144920266373,20260219-102058,0.0,0.0
131.72175741973115,5.729934487100577,-18.032007384575564,-22.988353133228248,0,0,2.7,-18.032007384575568,20260219-102058,0.0,0.0
131.00250581610453,6.498463400470595,-19.567273599426414,-20.15899724950637,0,0,2.7,-19.567273599426425,20260219-102058,0.0,0.0
130.3783116823977,7.542514194945877,-21.118363368534858,-17.285789368452527,0,0,2.7,-21.11836336853487,20260219-102058,0.0,0.0
129.85054585524202,9.03354935583862,-22.68321692857208,-14.374255427222105,0,0,2.7,-22.683216928572072,20260219-102058,0.0,0.0
129.4203880204124,11.322541318979487,-24.25965589072979,-11.430330380289323,0,0,2.7,-24.25965589072978,20260219-102058,0.0,0.0
129.08881394800179,15.258175880729532,-25.84539952940301,-8.460304492297524,0,0,2.7,-25.84539952940302,20260219-102058,0.0,0.0
128.85658466817856,23.55368648076677,-27.438083266861156,-5.470760798883816,0,0,2.7,-27.438083266861167,20260219-102058,0.0,0.0
128.72423786098344,52.146637375176,-29.03527901119108,-2.468505053065255,0,0,2.7,-29.035279011191072,20260219-102058,0.0,0.0
128.69208168388818,238.53503631828502,-30.634516929936126,0.5395101854646215,0,0,2.7,-30.634516929936115,20260219-102058,0.0,0.0
128.76019120082097,36.308673248079046,-32.23330818209868,3.5462653873653505,0,0,2.7,-32.23330818209868,20260219-102058,0.0,0.0
128.92840750862214,19.699498872030897,-33.82916809045767,6.544755698921514,0,0,2.7,-33.829168090457664,20260219-102058,0.0,0.0
129.19633958454327,13.559546674949699,-35.41963921722896,9.528072190143668,0,0,2.7,-35.419639217228955,20260219-102058,0.0,0.0
129.56336880491273,10.37379966303506,-37.00231381026245,12.489480519523202,0,0,2.7,-37.00231381026246,20260219-102058,0.0,0.0
130.02865601400708,8.431103813297652,-38.57485511393787,15.422494953617358,0,0,2.7,-38.574855113937865,20260219-102058,0.0,0.0
130.5911509568625,7.127969902385656,-40.13501708685101,18.320945899779264,0,0,2.7,-40.135017086851,20260219-102058,0.0,0.0
131.2496038331737,6.19714621101929,-41.6806621340595,21.179039410074868,0,0,2.7,-41.68066213405951,20260219-102058,0.0,0.0
132.00257868386498,5.502077309798433,-43.209776540806274,23.991407472371712,0,0,2.7,-43.20977654080628,20260219-102058,0.0,0.0
132.8484682889224,4.9657134486491845,-44.720483382325796,26.75314829635628,0,0,2.7,-44.72048338232579,20260219-102058,0.0,0.0
133.78551023535246,4.541281848579511,-46.211052775406074,29.45985620275911,0,0,2.7,-46.211052775406074,20260219-102058,0.0,0.0
134.81180380757579,4.1987451942251095,-47.67990942686998,32.10764110977582,0,0,2.7,-47.67990942686997,20260219-102058,0.0,0.0
135.92532735832916,3.917931191746341,-49.12563751766277,34.693137961349215,0,0,2.7,-49.12563751766277,20260219-102058,0.0,0.0
137.12395583479756,3.6847899550380485,-50.54698303523634,37.21350674203671,0,0,2.7,-50.54698303523633,20260219-102058,0.0,0.0
133.78515738284355,0.9464620334148492,-32.975559249271555,-141.35290445845428,0,0,2.7,-32.97555924927156,20260219-102058,0.0,0.0
129.07626715022872,0.9142844339946713,-32.59326136496867,-141.17736488881425,0,0,2.7,-32.59326136496866,20260219-102058,0.0,0.0
124.37355841908297,0.882197566162645,-32.18203374650321,-140.98152521558083,0,0,2.7,-32.18203374650321,20260219-102058,0.0,0.0
119.67775989345597,0.8502125508537284,-31.738511070469087,-140.76216561762504,0,0,2.7,-31.738511070469084,20260219-102058,0.0,0.0
114.98971814605507,0.8183424038721536,-31.258793510208676,-140.5154096890957,0,0,2.7,-31.258793510208665,20260219-102058,0.0,0.0
110.31042213864247,0.7866024574252096,-30.73833822917254,-140.23655926492043,0,0,2.7,-30.73833822917253,20260219-102058,0.0,0.0
105.64103403699079,0.7550108994264381,-30.171823912668742,-139.91987945769193,0,0,2.7,-30.17182391266875,20260219-102058,0.0,0.0
100.98292825674358,0.7235894708295353,-29.552980398409915,-139.55831632123534,0,0,2.7,-29.552980398409915,20260219-102058,0.0,0.0
96.33774137435144,0.692364377792166,-28.87437277082961,-139.14312241417787,0,0,2.7,-28.874372770829602,20260219-102058,0.0,0.0
91.70743652408487,0.661367500062765,-28.12712556302938,-138.6633551170592,0,0,2.7,-28.127125563029367,20260219-102058,0.0,0.0
87.09438731301529,0.6306380142430007,-27.300567541693198,-138.10519719075424,0,0,2.7,-27.30056754169321,20260219-102058,0.0,0.0
82.50148832562242,0.6002246081913284,-26.381770337159708,-137.45102616539862,0,0,2.7,-26.381770337159704,20260219-102058,0.0,0.0
77.93230227164428,0.5701885539505229,-25.354944089336186,-136.67812468646417,0,0,2.7,-25.3549440893362,20260219-102058,0.0,0.0
73.39125823746234,0.540608054349371,-24.200639181198852,-135.7568716318696,0,0,2.7,-24.200639181198852,20260219-102058,0.0,0.0
68.88392207837518,0.5115845248838113,-22.894683591580105,-134.64817391421246,0,0,2.7,-22.894683591580097,20260219-102058,0.0,0.0
64.41736988595757,0.48325189672853663,-21.4067588575777,-133.29977662176373,0,0,2.7,-21.40675885757769,20260219-102058,0.0,0.0
60.000710429558346,0.4557907836917584,-19.69848314272474,-131.640903187142,0,0,2.7,-19.698483142724736,20260219-102058,0.0,0.0
55.64582507234465,0.4294507632052002,-17.720829362397325,-129.57440023399366,0,0,2.7,-17.72082936239732,20260219-102058,0.0,0.0
51.36842737338839,0.4045867653251161,-15.41067061279523,-126.96516983720407,0,0,2.7,-15.410670612795224,20260219-102058,0.0,0.0
47.18959313822281,0.3817212211572634,-12.686249921230228,-123.62318499128295,0,0,2.7,-12.686249921230214,20260219-102058,0.0,0.0
43.137975812383246,0.36165609037625734,-9.441515391892096,-119.27899725815111,0,0,2.7,-9.441515391892098,20260219-102058,0.0,0.0
39.25298843058128,0.3456886837859525,-5.539794251759105,-113.55011104409306,0,0,2.7,-5.539794251759108,20260219-102058,0.0,0.0
35.58924178984098,0.336063965376093,-0.8087700915649805,-105.90020191546766,0,0,2.7,-0.8087700915649685,20260219-102058,0.0,0.0
32.222291174325406,0.33703317250303805,4.957716373176652,-95.60569642157391,0,0,2.7,4.957716373176638,20260219-102058,0.0,0.0
29.254791962567147,0.3577398022305571,11.978521940698926,-81.77673208337309,0,0,2.7,11.97852194069893,20260219-102058,0.0,0.0
26.819667110648247,0.42209941738526285,20.423063209313113,-63.53874467959554,0,0,2.7,20.423063209313117,20260219-102058,0.0,0.0
25.07251726456122,0.6188442990361035,30.28926728876769,-40.51506542697986,0,0,2.7,30.289267288767693,20260219-102058,0.0,0.0
24.163041756788054,1.7825307993214499,41.25296477614276,-13.55546942918805,0,0,2.7,41.252964776142754,20260219-102058,0.0,0.0
24.185924394194142,1.6215890267904653,52.623824721031696,14.91495316915421,0,0,2.7,52.62382472103169,20260219-102058,0.0,0.0
25.138619245413956,0.6024280504467171,63.547864953401046,41.72883255813366,0,0,2.7,63.54786495340105,20260219-102058,0.0,0.0
26.92259837446876,0.4172193968260529,73.34987470712855,64.52863548358306,0,0,2.7,73.34987470712856,20260219-102058,0.0,0.0
29.386856174195096,0.356037459784448,81.72382045644287,82.5386637461869,0,0,2.7,81.72382045644288,20260219-102058,0.0,0.0
32.37642993406682,0.3366384324251031,88.67947806160475,96.17567935078262,0,0,2.7,88.67947806160478,20260219-102058,0.0,0.0
35.759809865980515,0.33633111276329003,94.39095384452412,106.32322883297533,0,0,2.7,94.3909538445241,20260219-102058,0.0,0.0
39.4357664427794,0.346336508686957,99.07748921257735,113.86546163524501,0,0,2.7,99.07748921257733,20260219-102058,0.0,0.0
43.32990001270075,0.3625427530475579,102.94387056993577,119.51666292724595,0,0,2.7,102.94387056993575,20260219-102058,0.0,0.0
47.38845515729197,0.3827675016340409,106.16064748939516,123.8048030592719,0,0,2.7,106.16064748939516,20260219-102058,0.0,0.0
51.57262855606188,0.4057449657456453,108.86287679286312,127.10602203353497,0,0,2.7,108.8628767928631,20260219-102058,0.0,0.0
55.8541962351193,0.4306904571355256,111.15529477731843,129.68524217276453,0,0,2.7,111.15529477731846,20260219-102058,0.0,0.0
60.21238531119433,0.4570916515474846,113.11863860020947,131.72934816758345,0,0,2.7,113.11863860020948,20260219-102058,0.0,0.0
64.63169763791662,0.4845998528621759,114.81526053703442,133.37126962830175,0,0,2.7,114.8152605370344,20260219-102058,0.0,0.0
69.10040680891287,0.5129694981295527,116.2936029084347,134.706658116856,0,0,2.7,116.29360290843472,20260219-102058,0.0,0.0
73.6095169774823,0.5420226534454156,117.59160556119349,135.8052408134177,0,0,2.7,117.5916055611935,20260219-102058,0.0,0.0
78.15203545053762,0.5716272320136844,118.73925112565598,136.71853101754732,0,0,2.7,118.73925112565601,20260219-102058,0.0,0.0
82.72245878459339,0.6016831213556524,119.76045456572297,137.4850911526509,0,0,2.7,119.76045456572297,20260219-102058,0.0,0.0
87.31640519729523,0.6321130603603199,120.67446707857414,138.13415775260637,0,0,2.7,120.67446707857411,20260219-102058,0.0,0.0
91.93034826808046,0.6628564712779689,121.49692400991171,138.68816591748936,0,0,2.7,121.49692400991172,20260219-102058,0.0,0.0
96.56142157044768,0.6938651872181059,122.24063233392792,139.16452842603138,0,0,2.7,122.24063233392789,20260219-102058,0.0,0.0
101.20727358062611,0.7251004286667517,122.91616707536457,139.5769049078026,0,0,2.7,122.91616707536457,20260219-102058,0.0,0.0
105.86595865737252,0.7565306228211632,123.53232680969256,139.93611820046343,0,0,2.7,123.53232680969255,20260219-102058,0.0,0.0
110.53585421105745,0.7881298038128003,124.09648450242435,140.25082375556548,0,0,2.7,124.09648450242432,20260219-102058,0.0,0.0
115.21559710731276,0.8198764209653522,124.61486001923691,140.52800417367015,0,0,2.7,124.61486001923693,20260219-102058,0.0,0.0
119.9040343538278,0.8517524386209986,125.0927335410156,140.7733384925254,0,0,2.7,125.09273354101563,20260219-102058,0.0,0.0
124.60018450530498,0.8837426475721709,125.53461403127551,140.9914807750969,0,0,2.7,125.5346140312755,20260219-102058,0.0,0.0
129.30320719182103,0.9158341322538355,125.94437324026649,141.18627231506474,0,0,2.7,125.94437324026647,20260219-102058,0.0,0.0
134.01237886228566,0.9480158540828998,126.32535307577177,141.36090476242907,0,0,2.7,126.3253530757718,20260219-102058,0.0,0.0
138.72707332553875,0.9802783224414865,126.68045223400043,141.51804660948164,0,0,2.7,126.68045223400041,20260219-102058,0.0,0.0
143.44674602622692,1.012613332524216,127.01219656065109,141.6599420715177,0,0,2.7,127.01219656065112,20260219-102058,0.0,0.0
148.17092125130065,1.0450137547157792,127.32279655831269,141.7884889865396,0,0,2.7,127.32279655831269,20260219-102058,0.0,0.0
152.8991816534943,1.0774733640563785,127.61419467013167,141.9053006358066,0,0,2.7,127.61419467013167,20260219-102058,0.0,0.0
157.63115961972812,1.1099867011671383,127.88810437879442,142.0117551444362,0,0,2.7,127.88810437879441,20260219-102058,0.0,0.0
162.36653011847912,1.1425489580664758,128.14604271257372,142.10903521653057,0,0,2.7,128.1460427125737,20260219-102058,0.0,0.0
167.10500474035058,1.1751558838306306,128.38935740919783,142.19816029482143,0,0,2.7,128.38935740919786,20260219-102058,0.0,0.0
171.84632670712816,1.2078037061880689,128.61924972656817,142.2800127427078,0,0,2.7,128.61924972656817,20260219-102058,0.0,0.0
176.59026667145702,1.240489065993971,128.8367936871274,142.35535927917263,0,0,2.7,128.83679368712743,20260219-102058,0.0,0.0
181.33661916546916,1.2732089621820608,129.04295238544057,142.42486862069322,0,0,2.7,129.04295238544054,20260219-102058,0.0,0.0
186.08519958484428,1.3059607052900106,129.23859186553324,142.48912607483157,0,0,2.7,129.23859186553324,20260219-102058,0.0,0.0
190.83584161682808,1.3387418780399598,129.4244929777272,142.54864567038805,0,0,2.7,129.4244929777272,20260219-102058,0.0,0.0
195.58839503809443,1.3715503017554902,129.60136154809413,142.60388028623865,0,0,2.7,129.6013615480941,20260219-102058,0.0,0.0
200.34272382209218,1.4043840076311576,129.76983713268606,142.6552301460766,0,0,2.7,129.76983713268606,20260219-102058,0.0,0.0
205.09870450647745,1.4372412120557867,129.93050057993258,142.70304997246106,0,0,2.7,129.93050057993258,20260219-102058,0.0,0.0
209.85622478001082,1.4701202953375676,130.08388058539072,142.747655035824,0,0,2.7,130.08388058539072,20260219-102058,0.0,0.0
214.61518225536688,1.503019783296123,130.23045939136256,142.7893262886505,0,0,2.7,130.23045939136256,20260219-102058,0.0,0.0
219.37548340002144,1.535938331280709,130.37067775819412,142.828314739108,0,0,2.7,130.37067775819412,20260219-102058,0.0,0.0
224.137042602031,1.568874710249517,130.50493931311496,142.86484518982638,0,0,2.7,130.50493931311493,20260219-102058,0.0,0.0
228.89978135131335,1.601827794606487,130.63361436532512,142.89911944470037,0,0,2.7,130.6336143653251,20260219-102058,0.0,0.0
233.6636275201519,1.6347965515420928,130.75704326193414,142.9313190682587,0,0,2.7,130.75704326193414,20260219-102058,0.0,0.0
238.42851472920842,1.6677800316655347,130.87553934771722,142.961607767363,0,0,2.7,130.87553934771725,20260219-102058,0.0,0.0
243.19438178744846,1.7007773607493923,130.9893915820113,142.9901334530304,0,0,2.7,130.9893915820113,20260219-102058,0.0,0.0
247.96117219614237,1.733787732435633,131.09886685805452,143.0170300304325,0,0,2.7,131.09886685805452,20260219-102058,0.0,0.0
252.728833708569,1.7668104017748216,131.20421206338165,143.04241895717516,0,0,2.7,131.20421206338162,20260219-102058,0.0,0.0
257.49731793827465,1.7998446794895864,131.30565591428228,143.06641060344035,0,0,2.7,131.30565591428226,20260219-102058,0.0,0.0
262.26658000976624,1.83288992686935,131.4034105926234,143.08910544220632,0,0,2.7,131.4034105926234,20260219-102058,0.0,0.0
267.0365782463821,1.8659455512167387,131.49767320936735,143.11059509333157,0,0,2.7,131.49767320936738,20260219-102058,0.0,0.0
271.8072738908141,1.899011001777359,131.58862711576273,143.13096324161313,0,0,2.7,131.5886271157627,20260219-102058,0.0,0.0
276.57863085437157,1.9320857660941024,131.67644308034096,143.15028644587653,0,0,2.7,131.676443080341,20260219-102058,0.0,0.0
279.99999999999994,279999999.99999994,60.0,0.0,0,0,2.7,59.99999999999999,20260219-102058,0.0,0.0
279.99999999999994,279999999.99999994,60.0,0.0,0,0,2.7,59.99999999999999,20260219-102058,0.0,0.0
279.99999999999994,279999999.99999994,60.0,0.0,0,0,2.7,59.99999999999999,20260219-102058,0.0,0.0
279.99999999999994,279999999.99999994,60.0,0.0,0,0,2.7,59.99999999999999,20260219-102058,0.0,0.0
279.99999999999994,279999999.99999994,60.0,0.0,0,0,2.7,59.99999999999999,20260219-102058,0.0,0.0
279.99999999999994,279999999.99999994,60.0,0.0,0,0,2.7,59.99999999999999,20260219-102058,0.0,0.0
279.99999999999994,279999999.99999994,60.0,0.0,0,0,2.7,59.99999999999999,20260219-102058,0.0,0.0
279.99999999999994,279999999.99999994,60.0,0.0,0,0,2.7,59.99999999999999,20260219-102058,0.0,0.0
279.99999999999994,279999999.99999994,60.0,0.0,0,0,2.7,59.99999999999999,20260219-102058,0.0,0.0
279.99999999999994,279999999.99999994,60.0,0.0,0,0,2.7,59.99999999999999,20260219-102058,0.0,0.0
279.99999999999994,279999999.99999994,60.0,0.0,0,0,2.7,59.99999999999999,20260219-102058,0.0,0.0
279.99999999999994,279999999.99999994,60.0,0.0,0,0,2.7,59.99999999999999,20260219-102058,0.0,0.0
279.99999999999994,279999999.99999994,60.0,0.0,0,0,2.7,59.99999999999999,20260219-102058,0.0,0.0
279.99999999999994,279999999.99999994,60.0,0.0,0,0,2.7,59.99999999999999,20260219-102058,0.0,0.0
279.99999999999994,279999999.99999994,60.0,0.0,0,0,2.7,59.99999999999999,20260219-102058,0.0,0.0
279.99999999999994,279999999.99999994,60.0,0.0,0,0,2.7,59.99999999999999,20260219-102058,0.0,0.0
279.99999999999994,279999999.99999994,60.0,0.0,0,0,2.7,59.99999999999999,20260219-102058,0.0,0.0
279.99999999999994,279999999.99999994,60.0,0.0,0,0,2.7,59.99999999999999,20260219-102058,0.0,0.0
279.99999999999994,279999999.99999994,60.0,0.0,0,0,2.7,59.99999999999999,20260219-102058,0.0,0.0
279.99999999999994,279999999.99999994,60.0,0.0,0,0,2.7,59.99999999999999,20260219-102058,0.0,0.0
279.99999999999994,279999999.99999994,60.0,0.0,0,0,2.7,59.99999999999999,20260219-102058,0.0,0.0
279.99999999999994,279999999.99999994,60.0,0.0,0,0,2.7,59.99999999999999,20260219-102058,0.0,0.0
279.99999999999994,279999999.99999994,60.0,0.0,0,0,2.7,59.99999999999999,20260219-102058,0.0,0.0
279.99999999999994,279999999.99999994,60.0,0.0,0,0,2.7,59.99999999999999,20260219-102058,0.0,0.0
279.99999999999994,279999999.99999994,60.0,0.0,0,0,2.7,59.99999999999999,20260219-102058,0.0,0.0
279.99999999999994,279999999.99999994,60.0,0.0,0,0,2.7,59.99999999999999,20260219-102058,0.0,0.0
279.99999999999994,279999999.99999994,60.0,0.0,0,0,2.7,59.99999999999999,20260219-102058,0.0,0.0
279.99999999999994,279999999.99999994,60.0,0.0,0,0,2.7,59.99999999999999,20260219-102058,0.0,0.0
279.99999999999994,279999999.99999994,60.0,0.0,0,0,2.7,59.99999999999999,20260219-102058,0.0,0.0
279.99999999999994,279999999.99999994,60.0,0.0,0,0,2.7,59.99999999999999,20260219-102058,0.0,0.0
279.99999999999994,279999999.99999994,60.0,0.0,0,0,2.7,59.99999999999999,20260219-102058,0.0,0.0
279.99999999999994,279999999.99999994,60.0,0.0,0,0,2.7,59.99999999999999,20260219-102058,0.0,0.0
279.99999999999994,279999999.99999994,60.0,0.0,0,0,2.7,59.99999999999999,20260219-102058,0.0,0.0
279.99999999999994,279999999.99999994,60.0,0.0,0,0,2.7,59.99999999999999,20260219-102058,0.0,0.0
279.99999999999994,279999999.99999994,60.0,0.0,0,0,2.7,59.99999999999999,20260219-102058,0.0,0.0
279.99999999999994,279999999.99999994,60.0,0.0,0,0,2.7,59.99999999999999,20260219-102058,0.0,0.0
279.99999999999994,279999999.99999994,60.0,0.0,0,0,2.7,59.99999999999999,20260219-102058,0.0,0.0
279.99999999999994,279999999.99999994,60.0,0.0,0,0,2.7,59.99999999999999,20260219-102058,0.0,0.0
279.99999999999994,279999999.99999994,60.0,0.0,0,0,2.7,59.99999999999999,20260219-102058,0.0,0.0
279.99999999999994,279999999.99999994,60.0,0.0,0,0,2.7,59.99999999999999,20260219-102058,0.0,0.0
279.99999999999994,279999999.99999994,60.0,0.0,0,0,2.7,59.99999999999999,20260219-102058,0.0,0.0
279.99999999999994,279999999.99999994,60.0,0.0,0,0,2.7,59.99999999999999,20260219-102058,0.0,0.0
279.99999999999994,279999999.99999994,60.0,0.0,0,0,2.7,59.99999999999999,20260219-102058,0.0,0.0
279.99999999999994,279999999.99999994,60.0,0.0,0,0,2.7,59.99999999999999,20260219-102058,0.0,0.0
279.99999999999994,279999999.99999994,60.0,0.0,0,0,2.7,59.99999999999999,20260219-102058,0.0,0.0
279.99999999999994,279999999.99999994,60.0,0.0,0,0,2.7,59.99999999999999,20260219-102058,0.0,0.0
279.99999999999994,279999999.99999994,60.0,0.0,0,0,2.7,59.99999999999999,20260219-102058,0.0,0.0
279.99999999999994,279999999.99999994,60.0,0.0,0,0,2.7,59.99999999999999,20260219-102058,0.0,0.0
279.99999999999994,279999999.99999994,60.0,0.0,0,0,2.7,59.99999999999999,20260219-102058,0.0,0.0
279.99999999999994,279999999.99999994,60.0,0.0,0,0,2.7,59.99999999999999,20260219-102058,0.0,0.0
279.99999999999994,279999999.99999994,60.0,0.0,0,0,2.7,59.99999999999999,20260219-102058,0.0,0.0
279.99999999999994,279999999.99999994,60.0,0.0,0,0,2.7,59.99999999999999,20260219-102058,0.0,0.0
279.99999999999994,279999999.99999994,60.0,0.0,0,0,2.7,59.99999999999999,20260219-102058,0.0,0.0
279.99999999999994,279999999.99999994,60.0,0.0,0,0,2.7,59.99999999999999,20260219-102058,0.0,0.0
279.99999999999994,279999999.99999994,60.0,0.0,0,0,2.7,59.99999999999999,20260219-102058,0.0,0.0
279.99999999999994,279999999.99999994,60.0,0.0,0,0,2.7,59.99999999999999,20260219-102058,0.0,0.0
279.99999999999994,279999999.99999994,60.0,0.0,0,0,2.7,59.99999999999999,20260219-102058,0.0,0.0
279.99999999999994,279999999.99999994,60.0,0.0,0,0,2.7,59.99999999999999,20260219-102058,0.0,0.0
279.99999999999994,279999999.99999994,60.0,0.0,0,0,2.7,59.99999999999999,20260219-102058,0.0,0.0
279.99999999999994,279999999.99999994,60.0,0.0,0,0,2.7,59.99999999999999,20260219-102058,0.0,0.0
279.99999999999994,279999999.99999994,60.0,0.0,0,0,2.7,59.99999999999999,20260219-102058,0.0,0.0
279.0902210324419,2.0745484637990126,-7.760841698658567,-134.53058624687827,0,0,2.7,-7.760841698658577,20260219-102058,0.0,0.0
274.61102645251583,2.045998834916283,-7.409659566848205,-134.21856443224817,0,0,2.7,-7.409659566848206,20260219-102058,0.0,0.0
270.1424903816026,2.0176312646595966,-7.046845335076171,-133.89091213709932,0,0,2.7,-7.046845335076157,20260219-102058,0.0,0.0
265.6851506139306,1.9894563478418283,-6.671841937785189,-133.54660980732103,0,0,2.7,-6.6718419377852,20260219-102058,0.0,0.0
261.2395802531128,1.9614855176181154,-6.284058426243632,-133.18455726879037,0,0,2.7,-6.2840584262436385,20260219-102058,0.0,0.0
256.80639051978625,1.9337311300792952,-5.8828675688361045,-132.80356639304637,0,0,2.7,-5.882867568836119,20260219-102058,0.0,0.0
252.38623381571784,1.906206559299483,-5.467603270358666,-132.4023530317029,0,0,2.7,-5.467603270358672,20260219-102058,0.0,0.0
247.97980706998354,1.878926304376701,-5.037557798057463,-131.97952814453052,0,0,2.7,-5.037557798057451,20260219-102058,0.0,0.0
243.5878553954469,1.851906110270007,-4.591978801938438,-131.53358803915384,0,0,2.7,-4.591978801938447,20260219-102058,0.0,0.0
239.2111760866178,1.8251631045532521,-4.130066116871603,-131.0629036330262,0,0,2.7,-4.130066116871606,20260219-102058,0.0,0.0
234.85062299307495,1.7987159525863445,-3.650968334293026,-130.56570864087075,0,0,2.7,-3.6509683342930286,20260219-102058,0.0,0.0
230.50711130598725,1.7725850340642468,-3.15377913197014,-130.0400865833061,0,0,2.7,-3.153779131970142,20260219-102058,0.0,0.0
226.1816227988671,1.7467926444605255,-2.6375333514592683,-129.483956505164,0,0,2.7,-2.637533351459274,20260219-102058,0.0,0.0
221.87521156751612,1.7213632255593407,-2.1012028147076194,-128.89505728543716,0,0,2.7,-2.1012028147076216,20260219-102058,0.0,0.0
217.5890103181544,1.6963236300971563,-1.5436918739259795,-128.2709304153784,0,0,2.7,-1.5436918739259775,20260219-102058,0.0,0.0
213.3242372569057,1.6717034265510995,-0.9638326926274488,-127.60890111771565,0,0,2.7,-0.9638326926274376,20260219-102058,0.0,0.0
209.082203638067,1.64753525136366,-0.36038026089218533,-126.90605767919702,0,0,2.7,-0.36038026089217895,20260219-102058,0.0,0.0
204.86432203280899,1.6238552174464138,0.267992845147063,-126.15922887199726,0,0,2.7,0.2679928451470704,20260219-102058,0.0,0.0
200.6721153839707,1.60070338974089,0.9227019404402768,-125.36495934856114,0,0,2.7,0.9227019404402783,20260219-102058,0.0,0.0
196.5072269162019,1.5781243410400443,1.605255913661182,-124.51948291140108,0,0,2.7,1.6052559136611817,20260219-102058,0.0,0.0
192.3714309735635,1.5561678043309446,2.3172630688068807,-123.61869358701406,0,0,2.7,2.317263068806892,20260219-102058,0.0,0.0
188.26664485840334,1.5348894417964711,3.060437059476328,-122.658114475041,0,0,2.7,3.0604370594763406,20260219-102058,0.0,0.0
184.19494174533313,1.5143517555630286,3.836602824532946,-121.63286440464445,0,0,2.7,3.836602824532942,20260219-102058,0.0,0.0
180.15856474171855,1.494625171642212,4.647702402402331,-120.53762251559715,0,0,2.7,4.647702402402345,20260219-102058,0.0,0.0
176.15994216032246,1.4757893367491721,5.495800462021123,-119.36659099893126,0,0,2.7,5.495800462021137,20260219-102058,0.0,0.0
172.20170405940567,1.4579346784231964,6.383089339914818,-118.11345638999917,0,0,2.7,6.38308933991483,20260219-102058,0.0,0.0
168.28670008916615,1.441164293005126,7.311893313364067,-116.77135001607174,0,0,2.7,7.311893313364078,20260219-102058,0.0,0.0
164.41801865897057,1.4255962447708241,8.284671767337016,-115.3328084736938,0,0,2.7,8.284671767337004,20260219-102058,0.0,0.0
160.59900740504304,1.411366384618319,9.304020826050248,-113.78973536235554,0,0,2.7,9.304020826050262,20260219-102058,0.0,0.0
156.83329489024763,1.3986318306451022,10.372672917089034,-112.13336594656947,0,0,2.7,10.372672917089025,20260219-102058,0.0,0.0
153.12481340292467,1.3875752993322708,11.493493615861382,-110.35423697482322,0,0,2.7,11.493493615861386,20260219-102058,0.0,0.0
149.47782263644484,1.3784105401563753,12.669474980591076,-108.44216456694184,0,0,2.7,12.669474980591062,20260219-102058,0.0,0.0
145.89693392078962,1.3713892161373824,13.903724434404609,-106.38623390354415,0,0,2.7,13.903724434404616,20260219-102058,0.0,0.0
142.38713453730597,1.3668096999730732,15.19944808508535,-104.17480541739721,0,0,2.7,15.199448085085354,20260219-102058,0.0,0.0
138.9538114731126,1.3650284382313007,16.559927202031588,-101.79554328784411,0,0,2.7,16.559927202031574,20260219-102058,0.0,0.0
135.60277375838814,1.3664748030503704,17.988486406153413,-99.23547324523159,0,0,2.7,17.988486406153417,20260219-102058,0.0,0.0
132.3402722754291,1.3716707472994831,19.488451990867247,-96.48107793796571,0,0,2.7,19.488451990867244,20260219-102058,0.0,0.0
129.17301563331114,1.3812571789724553,21.06309870857106,-93.51843928833406,0,0,2.7,21.063098708571054,20260219-102058,0.0,0.0
126.10818037135977,1.396029896571365,22.71558336487206,-90.33343818859478,0,0,2.7,22.71558336487207,20260219-102058,0.0,0.0
123.15341340072553,1.4169893891159717,24.448863711586114,-86.91202231059629,0,0,2.7,24.448863711586128,20260219-102058,0.0,0.0
120.31682423845564,1.4454111704712755,26.265601479221004,-83.2405523746066,0,0,2.7,26.265601479221008,20260219-102058,0.0,0.0
117.60696426788543,1.4829472551472516,28.168049008124655,-79.30623551153036,0,0,2.7,28.168049008124644,20260219-102058,0.0,0.0
115.03279002393518,1.5317761435822816,30.157919893013684,-75.0976508583782,0,0,2.7,30.157919893013688,20260219-102058,0.0,0.0
112.60360741990762,1.5948307134085538,32.23624540396173,-70.60536674719879,0,0,2.7,32.23624540396174,20260219-102058,0.0,0.0
110.32899398691812,1.676155701734205,34.40322021163391,-65.82264038643198,0,0,2.7,34.403220211633915,20260219-102058,0.0,0.0
108.21869668064288,1.7814897541617498,36.65804309076279,-60.74617966667082,0,0,2.7,36.65804309076278,20260219-102058,0.0,0.0
106.28250371181224,1.9192558694121773,38.99876068084572,-55.3769330112113,0,0,2.7,38.99876068084573,20260219-102058,0.0,0.0
104.53009024270769,2.102338821662171,41.422124810103696,-49.72085810605121,0,0,2.7,41.4221248101037,20260219-102058,0.0,0.0
102.97083967778777,2.3514904446313185,43.923475975745305,-43.78960582760615,0,0,2.7,43.92347597574531,20260219-102058,0.0,0.0
101.61364459880157,2.702415472989012,46.49666685050349,-37.60104455234324,0,0,2.7,46.49666685050348,20260219-102058,0.0,0.0
100.46669398490862,3.2221987781646155,49.13403963420285,-31.179545677233193,0,0,2.7,49.13403963420285,20260219-102058,0.0,0.0
99.53725593347356,4.0534871509101915,51.826469231032604,-24.5559569397236,0,0,2.7,51.826469231032604,20260219-102058,0.0,0.0
98.83146727726546,5.562577166463144,54.563480352043314,-17.76720831364314,0,0,2.7,54.56348035204331,20260219-102058,0.0,0.0
98.3541428537273,9.060283404530132,57.33344080981246,-10.855526087026188,0,0,2.7,57.33344080981245,20260219-102058,0.0,0.0
98.10861733664596,25.368949988084065,60.1238260224053,-3.86727150247559,0,0,2.7,60.123826022405304,20260219-102058,0.0,0.0
98.09663124607435,31.156281197328514,62.921542041918144,3.1485346606284197,0,0,2.7,62.921542041918144,20260219-102058,0.0,0.0
98.31826999520986,9.694266495340939,65.71328751573964,10.141898826740691,0,0,2.7,65.71328751573962,20260219-102058,0.0,0.0
98.77196087340022,5.788452761782439,68.48593013328508,17.063620441982383,0,0,2.7,68.4859301332851,20260219-102058,0.0,0.0
99.45452821065943,4.167032149342078,71.22687125442906,23.866993257146348,0,0,2.7,71.22687125442906,20260219-102058,0.0,0.0
100.36130227999253,3.289530627601917,73.92437393254744,30.50930775286819,0,0,2.7,73.92437393254743,20260219-102058,0.0,0.0
101.48627343621423,2.746357287981177,76.56783412866332,36.95304827246855,0,0,2.7,76.56783412866332,20260219-102058,0.0,0.0
102.82228009291994,2.381980438505274,79.14798166516687,43.16671893302464,0,0,2.7,79.1479816651669,20260219-102058,0.0,0.0
104.36121769099164,2.1243893821000914,81.65700514797675,49.125277395156274,0,0,2.7,81.65700514797675,20260219-102058,0.0,0.0
106.09425582607685,1.9356663807012704,84.08860243300012,54.81019708966588,0,0,2.7,84.08860243300015,20260219-102058,0.0,0.0
108.01205195502197,1.7939456606772224,86.4379642229901,60.20921052549995,0,0,2.7,86.43796422299008,20260219-102058,0.0,0.0
110.10495221688497,1.6857321261202054,88.70170247329702,65.31580582159093,0,0,2.7,88.70170247329702,20260219-102058,0.0,0.0
112.36317245758735,1.6022456410387431,90.87773732552887,70.12855555952194,0,0,2.7,90.87773732552884,20260219-102058,0.0,0.0
114.77695515079381,1.5375272805805948,92.96515650360112,74.65035359076829,0,0,2.7,92.96515650360111,20260219-102058,0.0,0.0
117.33670026698373,1.4873904559517155,94.9640599420353,78.8876248314402,0,0,2.7,94.9640599420353,20260219-102058,0.0,0.0
120.03307007780587,1.4488075961655822,96.87540038932224,82.84955876507391,0,0,2.7,96.87540038932222,20260219-102058,0.0,0.0
122.85706932027055,1.419535030954212,98.70082831822049,86.54740224176503,0,0,2.7,98.70082831822049,20260219-102058,0.0,0.0
125.8001030942777,1.3978747049236098,100.44254705462123,89.99383324641556,0,0,2.7,100.44254705462124,20260219-102058,0.0,0.0
128.8540153895053,1.3825178296878993,102.10318185648623,93.202425764443,0,0,2.7,102.10318185648622,20260219-102058,0.0,0.0
132.01111132162194,1.372439384290902,103.68566486770266,96.1872071237799,0,0,2.7,103.68566486770266,20260219-102058,0.0,0.0
135.26416609598897,1.3668251625813892,105.19313648098188,98.96230315260567,0,0,2.7,105.19313648098186,20260219-102058,0.0,0.0
138.60642349407817,1.3650202260928563,106.62886265032677,101.54166278606438,0,0,2.7,106.62886265032675,20260219-102058,0.0,0.0
142.03158636338267,1.3664917765404512,107.99616704362933,103.93885188461522,0,0,2.7,107.99616704362934,20260219-102058,0.0,0.0
145.5338012383417,1.3708019515896732,109.29837655191943,106.16690548884252,0,0,2.7,109.2983765519194,20260219-102058,0.0,0.0
149.1076388645669,1.3775875815678986,110.53877850536924,108.23822808772734,0,0,2.7,110.53877850536927,20260219-102058,0.0,0.0
152.7480720649327,1.3865449141086355,111.72058792629167,110.16453236434066,0,0,2.7,111.72058792629166,20260219-102058,0.0,0.0
156.4504520870569,1.3974179402357272,112.84692322567469,111.95680804031014,0,0,2.7,112.84692322567471,20260219-102058,0.0,0.0
160.21048431309956,1.4099893687202523,113.92078888328854,113.62531368481969,0,0,2.7,113.92078888328857,20260219-102058,0.0,0.0
164.02420399542925,1.424073573345642,114.94506381351675,115.17958556739424,0,0,2.7,114.94506381351678,20260219-102058,0.0,0.0
167.8879525032493,1.4395110276340553,115.92249429002277,116.62845874768031,0,0,2.7,115.9224942900228,20260219-102058,0.0,0.0
171.79835442179072,1.4561638734628224,116.8556904692706,117.9800965761131,0,0,2.7,116.85569046927063,20260219-102058,0.0,0.0
175.75229573248816,1.4739123628958466,117.74712570805241,119.24202561621883,0,0,2.7,117.7471257080524,20260219-102058,0.0,0.0
179.7469032149026,1.4926519788659396,118.59913800949016,120.42117369614013,0,0,2.7,118.59913800949015,20260219-102058,0.0,0.0
183.7795251445546,1.5122910882631164,119.41393305392961,121.5239093656417,0,0,2.7,119.41393305392963,20260219-102058,0.0,0.0
187.84771331126507,1.532749016009359,120.19358837580285,122.55608149098173,0,0,2.7,120.19358837580283,20260219-102058,0.0,0.0
191.94920634659397,1.5539544545752344,120.94005833593587,123.52305808027194,0,0,2.7,120.94005833593589,20260219-102058,0.0,0.0
196.08191432359646,1.5758441426992644,121.65517961246894,124.429763712373,0,0,2.7,121.65517961246897,20260219-102058,0.0,0.0
200.24390457496568,1.598361761609522,122.3406769943009,125.2807151575771,0,0,2.7,122.3406769943009,20260219-102058,0.0,0.0
204.43338866474951,1.6214570080914827,122.99816931055346,126.08005494106531,0,0,2.7,122.99816931055345,20260219-102058,0.0,0.0
208.6487104426479,1.6450848122053905,123.62917536966717,126.83158272121833,0,0,2.7,123.62917536966718,20260219-102058,0.0,0.0
212.88833510718752,1.6692046739857567,124.2351198139267,127.53878444328157,0,0,2.7,124.23511981392672,20260219-102058,0.0,0.0
217.1508392038659,1.693780098532108,124.8173388208333,128.20485929198057,0,0,2.7,124.81733882083331,20260219-102058,0.0,0.0
221.43490148592005,1.7187781128743584,125.37708560296733,128.83274451034785,0,0,2.7,125.37708560296733,20260219-102058,0.0,0.0
225.73929456813192,1.7441688511277764,125.91553567381663,129.4251381809561,0,0,2.7,125.91553567381662,20260219-102058,0.0,0.0
230.06287730761647,1.7699251969354497,126.43379185932582,129.98452008365132,0,0,2.7,126.43379185932581,20260219-102058,0.0,0.0
234.4045878495209,1.7960224741763509,126.93288904434314,130.5131707536221,0,0,2.7,126.93288904434316,20260219-102058,0.0,0.0
238.76343727977067,1.8224381785051438,127.4137986502833,131.01318886746355,0,0,2.7,127.41379865028328,20260219-102058,0.0,0.0
243.13850383125464,1.8491517435702367,127.8774328456501,131.48650708449523,0,0,2.7,127.87743284565013,20260219-102058,0.0,0.0
247.52892759403676,1.8761443367940869,128.32464849496324,131.93490646727565,0,0,2.7,128.32464849496324,20260219-102058,0.0,0.0
246.58831658586186,2.010126643335111,-11.950977991433803,-122.6730253058751,0,0,2.7,-11.950977991433792,20260219-102058,0.0,0.0
242.51204368729665,1.989485240406765,-11.361657648528421,-121.89688003803097,0,0,2.7,-11.36165764852843,20260219-102058,0.0,0.0
238.4623024233226,1.9694489328914788,-10.752254453879772,-121.0807238719413,0,0,2.7,-10.752254453879779,20260219-102058,0.0,0.0
234.4404677259834,1.950062049929914,-10.121869218857654,-120.22205536198672,0,0,2.7,-10.12186921885765,20260219-102058,0.0,0.0
230.4480006965268,1.9313733591050053,-9.469560113443947,-119.31820412150448,0,0,2.7,-9.469560113443958,20260219-102058,0.0,0.0
226.4864544059485,1.9134366362008657,-8.794341419645662,-118.3663206405612,0,0,2.7,-8.794341419645665,20260219-102058,0.0,0.0
222.55748003747703,1.8963113250417292,-8.095182452150823,-117.3633659718715,0,0,2.7,-8.095182452150828,20260219-102058,0.0,0.0
218.6628333731844,1.8800633044760784,-7.371006699764649,-116.30610142360057,0,0,2.7,-7.371006699764657,20260219-102058,0.0,0.0
214.80438162162537,1.864765783368607,-6.620691251257114,-115.1910784385972,0,0,2.7,-6.620691251257113,20260219-102058,0.0,0.0
210.98411057662983,1.85050034923809,-5.8430665807689195,-114.01462888861313,0,0,2.7,-5.843066580768916,20260219-102058,0.0,0.0
207.20413208881013,1.8373582022205517,-5.036916780946768,-112.77285607041249,0,0,2.7,-5.036916780946767,20260219-102058,0.0,0.0
203.4666918206649,1.825441613728615,-4.200980346561096,-111.46162675949269,0,0,2.7,-4.200980346561096,20260219-102058,0.0,0.0
199.77417724299755,1.8148656590359413,-3.333951627493178,-110.07656475748063,0,0,2.7,-3.333951627493186,20260219-102058,0.0,0.0
196.12912581432315,1.80576028574041,-2.434483087570271,-108.61304646198094,0,0,2.7,-2.4344830875702685,20260219-102058,0.0,0.0
192.53423326558692,1.798272796608088,-1.5011885245645828,-107.06619909323327,0,0,2.7,-1.5011885245645935,20260219-102058,0.0,0.0
188.99236188943485,1.7925708469930848,-0.5326474263802652,-105.43090233027979,0,0,2.7,-0.5326474263802649,20260219-102058,0.0,0.0
185.50654870604865,1.788846085706568,0.47258934156144505,-103.70179423948387,0,0,2.7,0.47258934156143106,20260219-102058,0.0,0.0
182.08001334582255,1.787318606463482,1.5159923033297957,-101.87328251793856,0,0,2.7,1.5159923033297906,20260219-102058,0.0,0.0
178.71616545266147,1.788242428558409,2.599044361884978,-99.93956221961103,0,0,2.7,2.599044361884983,20260219-102058,0.0,0.0
175.41861137032765,1.791912295530183,3.723229764722703,-97.89464127675154,0,0,2.7,3.7232297647226966,20260219-102058,0.0,0.0
172.19115982822075,1.798672177028299,4.890020791048386,-95.73237526401768,0,0,2.7,4.8900207910483875,20260219-102058,0.0,0.0
169.03782629276947,1.8089259933721764,6.100861905479007,-93.44651296521609,0,0,2.7,6.100861905479006,20260219-102058,0.0,0.0
165.96283559726248,1.8231512716289233,7.357151134561406,-91.03075437562588,0,0,2.7,7.357151134561416,20260219-102058,0.0,0.0
162.97062240810848,1.841916712706238,8.66021844916196,-88.47882278491504,0,0,2.7,8.660218449161965,20260219-102058,0.0,0.0
160.06582903165622,1.8659050417341514,10.011300982433426,-85.78455251018177,0,0,2.7,10.011300982433417,20260219-102058,0.0,0.0
157.25330001624565,1.895943093327844,11.411514984350958,-82.9419936545815,0,0,2.7,11.411514984350957,20260219-102058,0.0,0.0
154.53807296362325,1.9330419531055096,12.861824514481953,-79.94553491989743,0,0,2.7,12.861824514481947,20260219-102058,0.0,0.0
151.92536493793182,1.9784513084431377,14.363007008968992,-76.79004496576837,0,0,2.7,14.363007008969,20260219-102058,0.0,0.0
149.42055385602146,2.033734244425002,15.915616028700242,-73.4710320513225,0,0,2.7,15.915616028700246,20260219-102058,0.0,0.0
147.02915426764682,2.1008720578766806,17.519941704202097,-69.9848206921496,0,0,2.7,17.5199417042021,20260219-102058,0.0,0.0
144.75678699660887,2.1824141521245584,19.17596963653523,-66.3287428079082,0,0,2.7,19.17596963653523,20260219-102058,0.0,0.0
142.60914222239234,2.281697380105533,20.883339285528052,-62.50133933878487,0,0,2.7,20.883339285528066,20260219-102058,0.0,0.0
140.5919357436062,2.403175516259954,22.641303164513403,-58.5025666216875,0,0,2.7,22.641303164513392,20260219-102058,0.0,0.0
138.71085838450026,2.5529292580196827,24.44868844530191,-54.33400003104622,0,0,2.7,24.448688445301908,20260219-102058,0.0,0.0
136.97151878510476,2.7394837603535276,26.303862832654204,-49.99902564395152,0,0,2.7,26.30386283265419,20260219-102058,0.0,0.0
135.3793801497649,2.9751742272112853,28.204706762253636,-45.503009172225795,0,0,2.7,28.204706762253647,20260219-102058,0.0,0.0
133.9396919067445,3.278542114832068,30.148594074524055,-40.853430340517406,0,0,2.7,30.14859407452404,20260219-102058,0.0,0.0
132.65741763397762,3.6787999465406584,32.13238328272763,-36.059970523464145,0,0,2.7,32.13238328272764,20260219-102058,0.0,0.0
131.53716100577924,4.224798326447962,34.15242135663374,-31.134542016439944,0,0,2.7,34.152421356633724,20260219-102058,0.0,0.0
130.58309187834337,5.004861667926994,36.20456156263853,-26.091248978002362,0,0,2.7,36.20456156263853,20260219-102058,0.0,0.0
129.7988749198477,6.196752778233544,38.28419633470065,-20.94627292148459,0,0,2.7,38.28419633470064,20260219-102058,0.0,0.0
129.18760336546032,8.219254165756471,40.3863054172088,-15.717679580184921,0,0,2.7,40.38630541720879,20260219-102058,0.0,0.0
128.7517405050027,12.350110591605844,42.50551866492748,-10.42514879117868,0,0,2.7,42.50551866492749,20260219-102058,0.0,0.0
128.49307136856228,25.246031996253155,44.63619197361612,-5.089634338878773,0,0,2.7,44.63619197361611,20260219-102058,0.0,0.0
128.41266675561315,480.88498096775254,46.77249393201808,0.26703405562217863,0,0,2.7,46.77249393201808,20260219-102058,0.0,0.0
128.51086126764812,22.856168716442486,48.908500022713156,5.62258980767843,0,0,2.7,48.908500022713156,20260219-102058,0.0,0.0
128.78724638379407,11.756250313319999,51.03829064063365,10.954789405757744,0,0,2.7,51.03829064063365,20260219-102058,0.0,0.0
129.2406789110545,7.957253016139274,53.15604890908054,16.24187123985155,0,0,2.7,53.156048909080546,20260219-102058,0.0,0.0
129.86930440471036,6.050848258470982,55.256154288508725,21.462991444695007,0,0,2.7,55.256154288508725,20260219-102058,0.0,0.0
130.67059445276578,4.912683816745773,57.33326829131602,26.598616830855548,0,0,2.7,57.33326829131603,20260219-102058,0.0,0.0
131.64139610934654,4.161802816786118,59.3824091982857,31.630858525633947,0,0,2.7,59.38240919828569,20260219-102058,0.0,0.0
132.77799129185308,3.633399612672636,61.399013451477714,36.54373464144919,0,0,2.7,61.399013451477714,20260219-102058,0.0,0.0
134.0761636544087,3.2445613822962094,63.37898228818571,41.32335556540515,0,0,2.7,63.37898228818572,20260219-102058,0.0,0.0
135.5312703252315,2.9490225790677793,65.31871309015372,45.958030734398285,0,0,2.7,65.31871309015374,20260219-102058,0.0,0.0
137.1383159389126,2.718932132031552,67.21511576865333,50.438300508973924,0,0,2.7,67.21511576865333,20260219-102058,0.0,0.0
138.89202658199594,2.5365209690705397,69.06561522422174,54.75690060346329,0,0,2.7,69.06561522422176,20260219-102058,0.0,0.0
140.78692156748633,2.389918552800229,70.86814146830844,58.9086692525687,0,0,2.7,70.86814146830844,20260219-102058,0.0,0.0
142.81738132226087,2.2708928745988612,72.62110935577007,62.89040884303653,0,0,2.7,72.62110935577007,20260219-102058,0.0,0.0
144.97771007278814,2.173555588029225,74.32339005690602,66.70071419900525,0,0,2.7,74.32339005690602,20260219-102058,0.0,0.0
147.26219241561492,2.0935833742741763,75.97427641694088,70.33977926323054,0,0,2.7,75.97427641694088,20260219-102058,0.0,0.0
149.66514323335477,2.027730389157951,77.57344424127496,73.80919279683219,0,0,2.7,77.57344424127493,20260219-102058,0.0,0.0
152.18095074604588,1.973512284863162,79.12091134246742,77.11173217074638,0,0,2.7,79.12091134246744,20260219-102058,0.0,0.0
154.80411276120253,1.9289952670209438,80.61699592515981,80.25116256520175,0,0,2.7,80.6169959251598,20260219-102058,0.0,0.0
157.5292663999252,1.8926515911366981,82.06227559920382,83.23204711191218,0,0,2.7,82.06227559920383,20260219-102058,0.0,0.0
160.35121173261192,1.863258302366473,83.45754802425898,86.05957184194712,0,0,2.7,83.45754802425897,20260219-102058,0.0,0.0
163.2649298613701,1.8398248383101798,84.80379391942824,88.73938782744324,0,0,2.7,84.80379391942826,20260219-102058,0.0,0.0
166.2655960445879,1.8215403318848318,86.10214293103843,91.277471672859,0,0,2.7,86.10214293103841,20260219-102058,0.0,0.0
169.34858848065107,1.8077346315606497,87.35384264680738,93.68000453387863,0,0,2.7,87.35384264680738,20260219-102058,0.0,0.0
170.59617662282926,4.615297080208293,114.59473775184381,-36.96320597744275,0,0,2.7,114.59473775184384,20260219-102058,0.0,0.0
169.3976867452591,4.848376806159454,115.73622345581282,-34.93905146358543,0,0,2.7,115.7362234558128,20260219-102058,0.0,0.0
168.26737516720297,5.118753262687551,116.89350932701086,-32.87272633236005,0,0,2.7,116.89350932701083,20260219-102058,0.0,0.0
167.20662454392607,5.434848025659348,118.06596228286355,-30.765648598543986,0,0,2.7,118.06596228286354,20260219-102058,0.0,0.0
166.21676663858136,5.807824485529051,119.25288179319716,-28.61945416097405,0,0,2.7,119.25288179319713,20260219-102058,0.0,0.0
165.2990750333882,6.2528025300660115,120.45350033535004,-26.435997976677367,0,0,2.7,120.45350033535006,20260219-102058,0.0,0.0
164.45475784148266,6.790781763043394,121.6669845139337,-24.217352814439398,0,0,2.7,121.66698451393368,20260219-102058,0.0,0.0
163.68495050311023,7.451807361812558,122.8924368780053,-21.965805415465802,0,0,2.7,122.89243687800528,20260219-102058,0.0,0.0
162.99070875485052,8.280428336103208,124.12889845697737,-19.683849933728716,0,0,2.7,124.12889845697737,20260219-102058,0.0,0.0
162.37300186394688,9.345650564088478,125.37535202351529,-17.374178581839992,0,0,2.7,125.37535202351528,20260219-102058,0.0,0.0
161.83270622129513,10.760389818318703,126.6307260772661,-15.039669468645819,0,0,2.7,126.63072607726612,20260219-102058,0.0,0.0
161.37059938602403,12.723004848489479,127.8938995279139,-12.68337168048651,0,0,2.7,127.89389952791389,20260219-102058,0.0,0.0
160.9873546717233,15.616971076074757,129.16370704023007,-10.308487727069968,0,0,2.7,129.1637070402301,20260219-102058,0.0,0.0
160.68353635917939,20.292543834188805,130.43894498802615,-7.9183535426672504,0,0,2.7,130.43894498802612,20260219-102058,0.0,0.0
160.45959561298338,29.08765163004001,131.71837794878206,-5.516416301110749,0,0,2.7,131.71837794878206,20260219-102058,0.0,0.0
160.31586716969255,51.61140047801704,133.00074565680592,-3.1062103660212874,0,0,2.7,133.00074565680592,20260219-102058,0.0,0.0
160.25256685356646,231.80269986150526,134.2847703206353,-0.691331753035285,0,0,2.7,134.28477032063532,20260219-102058,0.0,0.0
160.26978996255343,92.93219361027894,135.56916420053062,1.7245884739863333,0,0,2.7,135.56916420053062,20260219-102058,0.0,0.0
160.36751055255277,38.75566544537851,136.85263733475392,4.137911417843455,0,0,2.7,136.85263733475392,20260219-102058,0.0,0.0
160.54558163245474,24.529434295240325,138.13390529919332,6.5450176999641165,0,0,2.7,138.13390529919332,20260219-102058,0.0,0.0
160.80373626654693,17.982299452735308,139.41169688396138,8.942334471139446,0,0,2.7,139.41169688396138,20260219-102058,0.0,0.0
161.1415895650688,14.22712739228791,140.68476157291127,11.326361613407547,0,0,2.7,140.6847615729113,20260219-102058,0.0,0.0
161.5586415284894,11.798029792713066,141.95187671747112,13.693696690635115,0,0,2.7,141.9518767174711,20260219-102058,0.0,0.0
162.05428069694028,10.102468193451477,143.2118543045549,16.041058243765175,0,0,2.7,143.2118543045549,20260219-102058,0.0,0.0
162.6277885435709,8.855163045511144,144.46354722920535,18.365307076532048,0,0,2.7,144.46354722920532,20260219-102058,0.0,0.0
163.2783445397461,7.90178910807112,145.70585499559013,20.66346523636891,0,0,2.7,145.70585499559016,20260219-102058,0.0,0.0
164.0050318112392,7.15156957824705,146.93772878448516,22.93273246059072,0,0,2.7,146.93772878448516,20260219-102058,0.0,0.0
164.80684329805322,6.547618989557847,148.15817584084812,25.170499926902806,0,0,2.7,148.15817584084812,20260219-102058,0.0,0.0
165.68268832630184,6.05247687836909,149.3662631509481,27.37436121704722,0,0,2.7,149.3662631509481,20260219-102058,0.0,0.0
166.63139949868335,5.640468485199409,150.56112039419577,29.542120470298556,0,0,2.7,150.5611203941958,20260219-102058,0.0,0.0
167.65173981037915,5.293407751675092,151.74194216982175,31.671797767199394,0,0,2.7,151.74194216982175,20260219-102058,0.0,0.0
168.74240989953373,4.99805254355344,152.90798951242857,33.76163184142194,0,0,2.7,152.90798951242854,20260219-102058,0.0,0.0
169.90205534558837,4.744531541862924,154.05859072284784,35.81008026745606,0,0,2.7,154.05859072284787,20260219-102058,0.0,0.0
171.12927393437516,4.525335853993823,155.19314155140717,37.81581731295048,0,0,2.7,155.19314155140717,20260219-102058,0.0,0.0
172.42262281572968,4.3346521839781635,156.3111047794892,39.77772967645293,0,0,2.7,156.3111047794892,20260219-102058,0.0,0.0
173.78062548714192,4.167909800307802,157.41200925208108,41.69491035394004,0,0,2.7,157.41200925208108,20260219-102058,0.0,0.0
175.2017785453307,4.021465386052916,158.49544841886882,43.566650891229465,0,0,2.7,158.4954484188688,20260219-102058,0.0,0.0
175.02834225325458,2.2157851585880173,31.78448623997636,-78.99156719904619,0,0,2.7,31.784486239976367,20260219-102058,0.0,0.0
172.4126134945343,2.211998460874755,30.97226501501376,-77.94427371633529,0,0,2.7,30.97226501501375,20260219-102058,0.0,0.0
169.83259541915638,2.209964845063336,30.135193485761334,-76.84855069008535,0,0,2.7,30.135193485761334,20260219-102058,0.0,0.0
167.28994027225895,2.2098451039340077,29.2724876406063,-75.70211141697047,0,0,2.7,29.272487640606286,20260219-102058,0.0,0.0
164.7863775937896,2.2118203143167565,28.383361250434405,-74.50260607842054,0,0,2.7,28.383361250434394,20260219-102058,0.0,0.0
162.32371619504025,2.2160951397981106,27.467030136845892,-73.24762970683116,0,0,2.7,27.4670301368459,20260219-102058,0.0,0.0
159.9038458353984,2.222901800456819,26.522717114000017,-71.9347322506722,0,0,2.7,26.52271711400002,20260219-102058,0.0,0.0
157.52873852485357,2.232504872271785,25.549657661489448,-70.56143101025046,0,0,2.7,25.549657661489448,20260219-102058,0.0,0.0
155.2004493685841,2.2452071258045265,24.547106382885374,-69.12522572409483,0,0,2.7,24.54710638288536,20260219-102058,0.0,0.0
152.92111686057982,2.261356676541269,23.514344299419292,-67.62361658686754,0,0,2.7,23.514344299419278,20260219-102058,0.0,0.0
150.6929625240068,2.281355804041819,22.45068702014251,-66.0541254709274,0,0,2.7,22.450687020142507,20260219-102058,0.0,0.0
148.51828978726573,2.30567191267906,21.3554938182547,-64.41432060240344,0,0,2.7,21.35549381825469,20260219-102058,0.0,0.0
146.3994819769001,2.3348512662870635,20.228177627537406,-62.70184490582479,0,0,2.7,20.2281776275374,20260219-102058,0.0,0.0
144.33899930224362,2.369536351798475,19.068215952409872,-60.9144481757752,0,0,2.7,19.068215952409883,20260219-102058,0.0,0.0
142.33937470264294,2.4104880420695913,17.875162659557276,-59.050023156486404,0,0,2.7,17.875162659557276,20260219-102058,0.0,0.0
140.4032084270286,2.4586141801625994,16.648660588018885,-57.106645507813305,0,0,2.7,16.64866058801889,20260219-102058,0.0,0.0
138.53316121840936,2.5150068658692604,15.388454877927472,-55.08261750630579,0,0,2.7,15.388454877927465,20260219-102058,0.0,0.0
136.73194598346757,2.5809917005682648,14.09440687592354,-52.97651517180891,0,0,2.7,14.094406875923529,20260219-102058,0.0,0.0
135.00231784078343,2.6581937175052874,12.766508428191031,-50.787238323429264,0,0,2.7,12.766508428191019,20260219-102058,0.0,0.0
133.34706246123258,2.748626987944526,11.404896321127097,-48.514062856143305,0,0,2.7,11.404896321127104,20260219-102058,0.0,0.0
131.7689826415676,2.8548184537885093,10.009866576507193,-46.156694295815036,0,0,2.7,10.00986657650719,20260219-102058,0.0,0.0
130.27088308768595,2.9799822758752086,8.581888254921324,-43.71532144412702,0,0,2.7,8.581888254921337,20260219-102058,0.0,0.0
128.85555342784133,3.1282704934043357,7.121616371194591,-41.1906686776355,0,0,2.7,7.12161637119458,20260219-102058,0.0,0.0
127.52574952786173,3.3051420285372943,5.629903482045876,-38.58404523217988,0,0,2.7,5.629903482045883,20260219-102058,0.0,0.0
126.28417323951768,3.517920791262734,4.107809473484906,-35.89738960387133,0,0,2.7,4.107809473484914,20260219-102058,0.0,0.0
125.13345077808741,3.776666500012072,2.556609057785465,-33.133307052049055,0,0,2.7,2.556609057785465,20260219-102058,0.0,0.0
124.07610999371904,4.095583698096997,0.9777964916827102,-30.295098120292526,0,0,2.7,0.9777964916826982,20260219-102058,0.0,0.0
123.1145568704726,4.495401588313463,-0.6269129473383828,-27.386776120409166,0,0,2.7,-0.6269129473383722,20260219-102058,0.0,0.0
122.25105165335032,5.007606306469716,-2.255585138134194,-24.41307166967273,0,0,2.7,-2.2555851381341867,20260219-102058,0.0,0.0
121.48768506307687,5.682458646108312,-3.906073278136489,-21.379422645913827,0,0,2.7,-3.9060732781364784,20260219-102058,0.0,0.0
120.82635510648535,6.605439339351597,-5.576028255032043,-18.291948332137117,0,0,2.7,-5.576028255032048,20260219-102058,0.0,0.0
120.26874502275965,7.93465165820628,-7.2629133195466125,-15.157407054961729,0,0,2.7,-7.262913319546603,20260219-102058,0.0,0.0
119.81630291858691,9.998742426236921,-8.964022998174556,-11.983137259760417,0,0,2.7,-8.964022998174563,20260219-102058,0.0,0.0
119.47022363545449,13.611764773970062,-10.676506019100373,-8.776982677802279,0,0,2.7,-10.67650601910037,20260219-102058,0.0,0.0
119.23143335811395,21.49397339619239,-12.397391855575108,-5.547202983848279,0,0,2.7,-12.397391855575117,20260219-102058,0.0,0.0
119.10057741444058,51.729509404321085,-14.12362032937503,-2.302372065498302,0,0,2.7,-14.12362032937503,20260219-102058,0.0,0.0
119.07801163512039,125.5126265283948,-15.852073573818728,0.9487333261102722,0,0,2.7,-15.85207357381873,20260219-102058,0.0,0.0
119.16379754016111,28.390913567684827,-17.579609541642498,4.197251252802094,0,0,2.7,-17.579609541642505,20260219-102058,0.0,0.0
119.35770150312494,16.05488334991544,-19.30309616655603,7.4343549499382435,0,0,2.7,-19.30309616655602,20260219-102058,0.0,0.0
119.65919791943939,11.234158102506182,-21.019445254541154,10.651372076804323,0,0,2.7,-21.019445254541164,20260219-102058,0.0,0.0
120.06747627911562,8.675458917215378,-22.72564519452942,13.839899125204377,0,0,2.7,-22.72564519452941,20260219-102058,0.0,0.0
120.58145192377782,7.0964046704119825,-24.418791636911862,16.991907525586115,0,0,2.7,-24.41879163691187,20260219-102058,0.0,0.0
121.19978015967942,6.029888274344296,-26.096115387738337,20.0998384456566,0,0,2.7,-26.096115387738326,20260219-102058,0.0,0.0
121.92087330789927,5.265040277353108,-27.755006898743147,23.1566838780562,0,0,2.7,-27.75500689874316,20260219-102058,0.0,0.0
122.74292020424215,4.692715809704753,-29.393036888616024,26.15605231205438,0,0,2.7,-29.393036888616024,20260219-102058,0.0,0.0
123.66390761684274,4.250755563180539,-31.007972798208897,29.09221802542647,0,0,2.7,-31.007972798208886,20260219-102058,0.0,0.0
124.68164302962566,3.901159047968686,-32.5977909506137,31.960153763673585,0,0,2.7,-32.5977909506137,20260219-102058,0.0,0.0
125.7937782434605,3.619387067827063,-34.16068444620811,34.75554724766757,0,0,2.7,-34.16068444620811,20260219-102058,0.0,0.0
126.99783327151987,3.388885989929113,-35.69506696456256,37.474802530661805,0,0,2.7,-35.69506696456256,20260219-102058,0.0,0.0
128.29122004741606,3.198083796673751,-37.199572763500356,40.11502768653174,0,0,2.7,-37.19957276350036,20260219-102058,0.0,0.0
129.67126551995327,3.0386472603034096,-38.67305325702702,42.674010640842056,0,0,2.7,-38.67305325702703,20260219-102058,0.0,0.0
131.13523377237655,2.904422945867078,-40.11457061709007,45.15018515432773,0,0,2.7,-40.11457061709005,20260219-102058,0.0,0.0
132.6803468725621,2.790768225735365,-41.52338888006449,47.542589043775195,0,0,2.7,-41.52338888006449,20260219-102058,0.0,0.0
134.30380422984626,2.694114422503597,-42.89896304997876,49.85081669435551,0,0,2.7,-42.898963049978754,20260219-102058,0.0,0.0
136.0028003009213,2.6116732480994376,-44.240926680425815,52.0749678007741,0,0,2.7,-44.240926680425815,20260219-102058,0.0,0.0
137.7745405489476,2.5412345442321462,-45.549078390094394,54.21559409447476,0,0,2.7,-45.549078390094394,20260219-102058,0.0,0.0
139.6162556149995,2.481023828207975,-46.82336772733325,56.273645592450144,0,0,2.7,-46.82336772733325,20260219-102058,0.0,0.0
141.5252137081236,2.4295999821777223,-48.06388075138025,58.25041765981179,0,0,2.7,-48.06388075138026,20260219-102058,0.0,0.0
143.49873125921766,2.3857804800922655,-49.27082564566442,60.14749992994667,0,0,2.7,-49.27082564566442,20260219-102058,0.0,0.0
145.53418191469046,2.348585876315003,-50.44451862514882,61.966727886074864,0,0,2.7,-50.444518625148824,20260219-102058,0.0,0.0
147.62900396889896,2.3171980053881187,-51.585370347590725,63.710137685955694,0,0,2.7,-51.58537034759073,20260219-102058,0.0,0.0
149.78070635037773,2.2909280981197546,-52.69387298975087,65.37992461365681,0,0,2.7,-52.69387298975088,20260219-102058,0.0,0.0
151.9868732867576,2.2691921738419216,-53.77058810527885,66.97840537208967,0,0,2.7,-53.770588105278854,20260219-102058,0.0,0.0
154.24516777795554,2.251491842592395,-54.816135341985586,68.50798428847772,0,0,2.7,-54.816135341985586,20260219-102058,0.0,0.0
156.55333400765483,2.237399178688033,-55.83118206280716,69.97112339133628,0,0,2.7,-55.83118206280715,20260219-102058,0.0,0.0
158.90919882018454,2.226544692729174,-56.81643388694047,71.37031622994395,0,0,2.7,-56.81643388694048,20260219-102058,0.0,0.0
161.31067238447517,2.2186076860317,-57.77262614512142,72.70806524293738,0,0,2.7,-57.772626145121414,20260219-102058,0.0,0.0
163.7557481595316,2.213308454535497,-58.70051622538318,73.98686243842987,0,0,2.7,-58.70051622538318,20260219-102058,0.0,0.0
166.2425022674476,2.210401941271958,-59.600876772343824,75.20917312069707,0,0,2.7,-59.600876772343824,20260219-102058,0.0,0.0
168.76909237089188,2.2096725328134403,-60.47448969354929,76.37742238484928,0,0,2.7,-60.47448969354928,20260219-102058,0.0,0.0
171.3337561426378,2.2109297661829963,-61.32214092006333,77.49398409811661,0,0,2.7,-61.32214092006334,20260219-102058,0.0,0.0
173.93480940540067,2.2140047656378123,-62.14461586479199,78.56117209182852,0,0,2.7,-62.14461586479199,20260219-102058,0.0,0.0
176.57064401122614,2.2187472685474625,-62.94269552044803,79.58123329964519,0,0,2.7,-62.94269552044803,20260219-102058,0.0,0.0
179.2397255211109,2.225023129788629,-63.71715313914473,80.55634259322876,0,0,2.7,-63.717153139144735,20260219-102058,0.0,0.0
181.94059073754028,2.232712217180192,-64.46875143695863,81.48859908480391,0,0,2.7,-64.46875143695863,20260219-102058,0.0,0.0
184.67184513526962,2.241706628293159,-65.19824026908218,82.38002368573947,0,0,2.7,-65.19824026908218,20260219-102058,0.0,0.0
187.4321602289821,2.2519091728021277,-65.90635472411775,83.2325577304496,0,0,2.7,-65.90635472411775,20260219-102058,0.0,0.0
190.22027091043307,2.2632320753622497,-66.5938135894119,84.04806249486664,0,0,2.7,-66.5938135894119,20260219-102058,0.0,0.0
193.03497278232308,2.2755958625110604,-67.26131814291372,84.82831945797003,0,0,2.7,-67.26131814291372,20260219-102058,0.0,0.0
195.87511951139635,2.2889284038395177,-67.90955123071645,85.57503117302818,0,0,2.7,-67.90955123071645,20260219-102058,0.0,0.0
193.30186040425917,1.8350391598423357,-71.18900540479734,-105.33936530317284,0,0,2.7,-71.18900540479734,20260219-102058,0.0,0.0
189.81850628096996,1.8314031242419324,-72.17239849146202,-103.64649037034978,0,0,2.7,-72.17239849146202,20260219-102058,0.0,0.0
186.3931498329067,1.8299202675929238,-73.19224507972521,-101.8586181779866,0,0,2.7,-73.19224507972521,20260219-102058,0.0,0.0
183.02904733792664,1.8308335702343204,-74.24992707827349,-99.97033608822322,0,0,2.7,-74.24992707827349,20260219-102058,0.0,0.0
179.72963840482296,1.8344240010249862,-75.34682754918711,-97.97606131646711,0,0,2.7,-75.34682754918711,20260219-102058,0.0,0.0
176.4985511547635,1.841018243421917,-76.48431888476516,-95.87007178522255,0,0,2.7,-76.48431888476516,20260219-102058,0.0,0.0
173.33960622210884,1.8509983870977187,-77.6637487880909,-93.6465463343258,0,0,2.7,-77.6637487880909,20260219-102058,0.0,0.0
170.25681923976987,1.8648141943075336,-78.88642385008461,-91.29961567189368,0,0,2.7,-78.88642385008461,20260219-102058,0.0,0.0
167.2544014277484,1.8829987760100182,-80.15359053734146,-88.82342546294812,0,0,2.7,-80.15359053734146,20260219-102058,0.0,0.0
164.33675785766243,1.9061888372630817,-81.46641344249454,-86.21221289576862,0,0,2.7,-81.46641344249454,20260219-102058,0.0,0.0
161.50848292360493,1.9351511250608373,-82.8259507059267,-83.46039791518992,0,0,2.7,-82.8259507059267,20260219-102058,0.0,0.0
158.7743525142005,1.9708174147971964,-84.23312659815326,-80.56269004023333,0,0,2.7,-84.23312659815326,20260219-102058,0.0,0.0
156.13931235670813,2.0143314343735734,-85.6887013595519,-77.51421126249022,0,0,2.7,-85.6887013595519,20260219-102058,0.0,0.0
153.60846199689183,2.067112764569192,-87.1932385309036,-74.31063492508859,0,0,2.7,-87.1932385309036,20260219-102058,0.0,0.0
151.18703389437297,2.1309453407516012,-88.7470701754681,-70.94833968901713,0,0,2.7,-88.7470701754681,20260219-102058,0.0,0.0
148.8803671590342,2.2081023635393136,-90.35026058971282,-67.42457669416986,0,0,2.7,-90.35026058971282,20260219-102058,0.0,0.0
146.693875536582,2.3015263795528007,-92.00256932072786,-63.737646824228634,0,0,2.7,-92.00256932072786,20260219-102058,0.0,0.0
144.63300937676163,2.415095219792527,-93.70341454498084,-59.88708361949662,0,0,2.7,-93.70341454498084,20260219-102058,0.0,0.0
142.70321149055286,2.5540256751236234,-95.45183810167539,-55.87383591343323,0,0,2.7,-95.45183810167539,20260219-102058,0.0,0.0
140.90986702484443,2.7255059996118964,-97.2464736956256,-51.700442796643834,0,0,2.7,-97.2464736956256,20260219-102058,0.0,0.0
139.2582477525265,2.9397243633194785,-99.08551996540734,-47.371192173703946,0,0,2.7,-99.08551996540734,20260219-102058,0.0,0.0
137.75345148544042,3.2116161168849695,-100.96672022513054,-42.89225314358277,0,0,2.7,-100.96672022513054,20260219-102058,0.0,0.0
136.40033765391476,3.563993275023301,-102.88735070376201,-38.27177189413271,0,0,2.7,-102.88735070376201,20260219-102058,0.0,0.0
135.2034604400167,4.033525635759322,-104.84421899801502,-33.519920944933894,0,0,2.7,-104.84421899801502,20260219-102058,0.0,0.0
134.16700117656052,4.683147905024567,-106.8336742035288,-28.64889256062407,0,0,2.7,-106.8336742035288,20260219-102058,0.0,0.0
133.29470200037977,5.630704362527717,-108.8516297859096,-23.672829084662077,0,0,2.7,-108.8516297859096,20260219-102058,0.0,0.0
132.5898029447655,7.1255396452171755,-110.89359970543376,-18.607685809981113,0,0,2.7,-110.89359970543376,20260219-102058,0.0,0.0
132.0549847427058,9.802890131278929,-112.95474764261587,-13.47102568469543,0,0,2.7,-112.95474764261587,20260219-102058,0.0,0.0
131.69231956634226,15.901509850939613,-115.02994843110655,-8.281749393662805,0,0,2.7,-115.02994843110655,20260219-102058,0.0,0.0
131.50323173608243,42.9781597191478,-117.11386005019685,-3.0597687894368963,0,0,2.7,-117.11386005019685,20260219-102058,0.0,0.0
131.4884700960765,60.47214691474956,-119.20100383202752,2.1743641792880615,0,0,2.7,-119.20100383202752,20260219-102058,0.0,0.0
131.64809328768362,17.790625604647953,-121.28584996970895,7.399857442522394,0,0,2.7,-121.28584996970895,20260219-102058,0.0,0.0
131.981468590334,10.477971417436825,-123.36290503379942,12.596089770840393,0,0,2.7,-123.36290503379942,20260219-102058,0.0,0.0
132.48728438285247,7.467011243890512,-125.42679805878211,17.74301391219321,0,0,2.7,-125.42679805878211,20260219-102058,0.0,0.0
133.16357565763678,5.83499677237066,-127.47236186512762,22.82153373043507,0,0,2.7,-127.47236186512762,20260219-102058,0.0,0.0
134.0077614454264,4.818024587314998,-129.49470662423366,27.81383926479849,0,0,2.7,-129.49470662423366,20260219-102058,0.0,0.0
135.01669252431088,4.1284853562540045,-131.48928321418936,32.70368691505273,0,0,2.7,-131.48928321418936,20260219-102058,0.0,0.0
136.18670742659555,3.63391153769859,-133.4519345946642,37.47661604135928,0,0,2.7,-133.4519345946642,20260219-102058,0.0,0.0
137.5136945401904,3.2647999905703387,-135.37893417886204,42.12009768971105,0,0,2.7,-135.37893417886204,20260219-102058,0.0,0.0
138.99315803085872,2.981175026155701,-137.26701092812306,46.62361545745733,0,0,2.7,-137.26701092812306,20260219-102058,0.0,0.0
140.62028537729748,2.7584134975923016,-139.11336157753473,50.9786823114224,0,0,2.7,-139.11336157753473,20260219-102058,0.0,0.0
142.39001449082278,2.5805203086346338,-140.91565097113372,55.178800187843535,0,0,2.7,-140.91565097113372,20260219-102058,0.0,0.0
144.29709865656932,2.436653674388549,-142.67200191389583,59.219371293205654,0,0,2.7,-142.67200191389583,20260219-102058,0.0,0.0
146.33616785201633,2.3192044502570117,-144.38097622448748,63.09757116747492,0,0,2.7,-144.38097622448748,20260219-102058,0.0,0.0
148.501785340871,2.2226748859472214,-146.041548803782,66.8121938479478,0,0,2.7,-146.041548803782,20260219-102058,0.0,0.0
150.78849877938833,2.1429937923551816,-147.65307653771598,70.3634790344724,0,0,2.7,-147.65307653771598,20260219-102058,0.0,0.0
153.190885387349,2.0770820222092223,-149.21526375488307,73.75293019214156,0,0,2.7,-149.21526375488307,20260219-102058,0.0,0.0
155.7035910127991,2.0225676525410354,-150.7281257879649,76.98313122786386,0,0,2.7,-150.7281257879649,20260219-102058,0.0,0.0
158.32136315009726,1.977593964806292,-152.19195197155628,80.0575679171862,0,0,2.7,-152.19195197155628,20260219-102058,0.0,0.0
161.0390781519559,1.9406867655132838,-153.60726917172917,82.98045878071589,0,0,2.7,-153.60726917172917,20260219-102058,0.0,0.0
163.85176300931698,1.9106607007731393,-154.97480670461434,85.75659872159153,0,0,2.7,-154.97480670461434,20260219-102058,0.0,0.0
166.7546121622842,1.8865518189185289,-156.29546327696227,88.39121750595578,0,0,2.7,-156.29546327696227,20260219-102058,0.0,0.0
169.7429998569281,1.8675681843022112,-157.5702763806722,90.88985413421466,0,0,2.7,-157.5702763806722,20260219-102058,0.0,0.0
172.81248858334052,1.8530531458996407,-158.80039440091562,93.25824732319893,0,0,2.7,-158.80039440091562,20260219-102058,0.0,0.0
175.9588341266449,1.842457632527917,-159.9870515555564,95.50224169074822,0,0,2.7,-159.9870515555564,20260219-102058,0.0,0.0
179.1779877411059,1.8353189885375674,-161.13154567138295,97.62770878531576,0,0,2.7,-161.13154567138295,20260219-102058,0.0,0.0
182.4660959235948,1.831244616771427,-162.2352187178507,99.6404818081002,0,0,2.7,-162.2352187178507,20260219-102058,0.0,0.0
185.81949822111758,1.8298992013462634,-163.29943995824954,101.54630270585916,0,0,2.7,-163.29943995824954,20260219-102058,0.0,0.0
189.23472346163157,1.8309946283844378,-164.3255915377116,103.35078024155712,0,0,2.7,-164.3255915377116,20260219-102058,0.0,0.0
192.70848475081544,1.834281962662694,-165.31505630349028,105.05935765244865,0,0,2.7,-165.31505630349028,20260219-102058,0.0,0.0
191.86192982508413,6.016725079306261,-13.137716521235006,-31.888099804488014,0,0,2.7,-13.137716521235,20260219-102058,0.0,0.0
190.82985142728114,6.3543024258005865,-14.168117019735945,-30.031597276901447,0,0,2.7,-14.168117019735936,20260219-102058,0.0,0.0
189.86015050559928,6.745629351592117,-15.209382675185054,-28.14565411317598,0,0,2.7,-15.209382675185068,20260219-102058,0.0,0.0
188.95378741628164,7.203302001547266,-16.26098789225324,-26.231551498978448,0,0,2.7,-16.26098789225324,20260219-102058,0.0,0.0
188.11167768802613,7.744185880716935,-17.322368751869334,-24.290697638911954,0,0,2.7,-17.32236875186934,20260219-102058,0.0,0.0
187.33468782088443,8.39139214726853,-18.392923996088655,-22.32462558454779,0,0,2.7,-18.392923996088655,20260219-102058,0.0,0.0
186.6236311778081,9.177463703453816,-19.4720163351071,-20.334989841210138,0,0,2.7,-19.472016335107092,20260219-102058,0.0,0.0
185.9792640100794,10.149733266987234,-20.558974079519544,-18.323561725015065,0,0,2.7,-20.558974079519544,20260219-102058,0.0,0.0
185.40228165847634,11.379802277323119,-21.653093096000532,-16.292223462259372,0,0,2.7,-21.653093096000518,20260219-102058,0.0,0.0
184.8933149719186,12.981381777348908,-22.75363907936915,-14.242961045528855,0,0,2.7,-22.75363907936915,20260219-102058,0.0,0.0
184.4529269844725,15.146584812374424,-23.859850128608542,-12.177855884303275,0,0,2.7,-23.85985012860854,20260219-102058,0.0,0.0
184.08160988993743,18.227570763418125,-24.970939608976664,-10.099075311745903,0,0,2.7,-24.97093960897668,20260219-102058,0.0,0.0
183.77978235078254,22.947053100887604,-26.086099277020196,-8.008862033080572,0,0,2.7,-26.086099277020196,20260219-102058,0.0,0.0
183.54778717497203,31.059664013737276,-27.20450264023458,-5.909522623740917,0,0,2.7,-27.204502640234587,20260219-102058,0.0,0.0
183.38588939025428,48.21611089764084,-28.325308518457945,-3.8034152065804037,0,0,2.7,-28.325308518457955,20260219-102058,0.0,0.0
183.29427474086103,108.27002636528746,-29.44766476998427,-1.6929364561384013,0,0,2.7,-29.447664769984275,20260219-102058,0.0,0.0
183.27304862635927,436.8929312662776,-30.570712141968954,0.4194919063926396,0,0,2.7,-30.57071214196894,20260219-102058,0.0,0.0
183.32223549673233,72.41825057684183,-31.69358820208626,2.531436951824901,0,0,2.7,-31.69358820208625,20260219-102058,0.0,0.0
183.44177871176686,39.53087440670516,-32.81543130667268,4.640468531620737,0,0,2.7,-32.81543130667269,20260219-102058,0.0,0.0
183.63154086662846,27.22817677179494,-33.93538455981104,6.744173229286813,0,0,2.7,-33.93538455981104,20260219-102058,0.0,0.0
183.8913045792692,20.801788240347353,-35.05259971800365,8.840168088173872,0,0,2.7,-35.052599718003634,20260219-102058,0.0,0.0
184.22077372917744,16.86059424514575,-36.1662409962436,10.92611393469809,0,0,2.7,-36.1662409962436,20260219-102058,0.0,0.0
184.61957513109482,14.20180278749146,-37.275488733379234,12.999728125622365,0,0,2.7,-37.275488733379234,20260219-102058,0.0,0.0
185.08726062182956,12.29097291175723,-38.37954287760982,15.058796561562659,0,0,2.7,-38.37954287760983,20260219-102058,0.0,0.0
185.6233095333075,10.854412219030477,-39.47762625665237,17.101184825822607,0,0,2.7,-39.47762625665238,20260219-102058,0.0,0.0
186.22713152062735,9.737443577725807,-40.56898760145663,19.124848327400624,0,0,2.7,-40.56898760145662,20260219-102058,0.0,0.0
186.8980697102084,8.846056093666295,-41.65290429718385,21.12784134887251,0,0,2.7,-41.65290429718386,20260219-102058,0.0,0.0
187.63540413019268,8.119818496349183,-42.728684840353594,23.10832492309489,0,0,2.7,-42.72868484035361,20260219-102058,0.0,0.0
188.43835538312646,7.51811537843323,-43.79567098644819,25.06457348655334,0,0,2.7,-43.79567098644818,20260219-102058,0.0,0.0
189.30608851960395,7.012640370515271,-44.85323957769947,26.994980280971433,0,0,2.7,-44.85323957769948,20260219-102058,0.0,0.0
190.23771707099704,6.583061534605598,-45.90080404611959,28.898061497824735,0,0,2.7,-45.90080404611958,20260219-102058,0.0,0.0
191.23230719958184,6.214397948117213,-46.93781559194875,30.772459182070858,0,0,2.7,-46.93781559194875,20260219-102058,0.0,0.0
192.28888192525247,5.8953680095287,-47.96376404246746,32.61694293120555,0,0,2.7,-47.963764042467474,20260219-102058,0.0,0.0
193.40642538951508,5.617313964586138,-48.978178400459456,34.430410443288174,0,0,2.7,-48.97817840045945,20260219-102058,0.0,0.0
194.58388711950013,5.37348101227639,-49.98062709544848,36.211886982562866,0,0,2.7,-49.98062709544848,20260219-102058,0.0,0.0
195.8201862572309,5.1585217070298786,-50.97071795411438,37.96052384356026,0,0,2.7,-50.97071795411437,20260219-102058,0.0,0.0
197.11421572224756,4.968147578652865,-51.94809790899188,39.675595904036314,0,0,2.7,-51.9480979089919,20260219-102058,0.0,0.0
198.46484627881796,4.798879357069511,-52.91245246666591,41.356498363820656,0,0,2.7,-52.91245246666592,20260219-102058,0.0,0.0
199.87093048227612,4.6478647082563,-53.863504958203436,43.00274277072493,0,0,2.7,-53.86350495820344,20260219-102058,0.0,0.0
201.33130648243653,4.512743110351868,-54.80101559553708,44.613952436290646,0,0,2.7,-54.80101559553708,20260219-102058,0.0,0.0
202.84480166545225,4.391544233545395,-55.72478035797076,46.18985734357296,0,0,2.7,-55.724780357970765,20260219-102058,0.0,0.0
204.410236118856,4.282610516608127,-56.63462973296713,47.73028864664328,0,0,2.7,-56.63462973296713,20260219-102058,0.0,0.0
206.02642590778055,4.1845374749618225,-57.53042733495134,49.23517285734434,0,0,2.7,-57.53042733495134,20260219-102058,0.0,0.0
207.69218615345122,4.096127176780065,-58.41206842508676,50.70452580935646,0,0,2.7,-58.41206842508676,20260219-102058,0.0,0.0
209.40633390793943,4.016351618295377,-59.27947835390515,52.13844648313333,0,0,2.7,-59.27947835390514,20260219-102058,0.0,0.0
211.16769082183222,3.944323625098189,-60.132610947367255,53.537110768028185,0,0,2.7,-60.13261094736725,20260219-102058,0.0,0.0
212.9750856038902,3.8792735349095335,-60.97144685544649,54.90076523022419,0,0,2.7,-60.97144685544648,20260219-102058,0.0,0.0
214.82735627391992,3.8205303646422437,-61.795991880722,56.229720947143015,0,0,2.7,-61.795991880722,20260219-102058,0.0,0.0
216.72335221197787,3.7675064868618833,-62.606275302787495,57.52434746104339,0,0,2.7,-62.606275302787495,20260219-102058,0.0,0.0
218.66193600864835,3.719685075681712,-63.40234821257057,58.78506689671137,0,0,2.7,-63.40234821257057,20260219-102058,0.0,0.0
220.64198512250874,3.6766097552246944,-64.1842818689526,60.0123482806307,0,0,2.7,-64.1842818689526,20260219-102058,0.0,0.0
222.66239335202172,3.6378760126241674,-64.9521660884117,61.20670209191794,0,0,2.7,-64.9521660884117,20260219-102058,0.0,0.0
224.72207212999228,3.6031240343405093,-65.70610767680752,62.36867506869601,0,0,2.7,-65.70610767680752,20260219-102058,0.0,0.0
226.24376247555506,2.3010840440886895,98.83144013568909,-98.32051248052332,0,0,2.7,98.83144013568908,20260219-102058,0.0,0.0
222.97126747252238,2.274589185471582,99.20955787681339,-98.02704985001263,0,0,2.7,99.20955787681338,20260219-102058,0.0,0.0
219.70877236061557,2.248340974812325,99.59892247514483,-97.72039687127761,0,0,2.7,99.59892247514485,20260219-102058,0.0,0.0
216.45672930360098,2.2223530012061214,100.00000568057965,-97.39979615575248,0,0,2.7,100.00000568057966,20260219-102058,0.0,0.0
213.21561655777916,2.1966398706810213,100.41330347089456,-97.06443892037532,0,0,2.7,100.41330347089455,20260219-102058,0.0,0.0
209.98594024865895,2.1712173031386004,100.83933740614975,-96.71346112851718,0,0,2.7,100.83933740614972,20260219-102058,0.0,0.0
206.76823628113374,2.1461022405993804,101.2786560502052,-96.34593933576336,0,0,2.7,101.27865605020523,20260219-102058,0.0,0.0
203.56307239331514,2.1213129683215137,101.731836459595,-95.96088622151034,0,0,2.7,101.73183645959499,20260219-102058,0.0,0.0
200.37105036481518,2.0968692506149775,102.1994857391656,-95.55724578728484,0,0,2.7,102.19948573916561,20260219-102058,0.0,0.0
197.19280839090067,2.0727924834744083,102.68224266282908,-95.1338882030133,0,0,2.7,102.68224266282908,20260219-102058,0.0,0.0
194.02902363455718,2.0491058665116704,103.18077935645391,-94.68960428328954,0,0,2.7,103.18077935645393,20260219-102058,0.0,0.0
190.8804149690758,2.0258345970965195,103.69580303827786,-94.22309957715736,0,0,2.7,103.69580303827787,20260219-102058,0.0,0.0
187.74774592428938,2.003006090125676,104.22805781020338,-93.73298805722023,0,0,2.7,104.2280578102034,20260219-102058,0.0,0.0
184.63182785000637,1.9806502274561435,104.77832649086548,-93.21778539724252,0,0,2.7,104.77832649086547,20260219-102058,0.0,0.0
181.53352331047614,1.9587996417816833,105.3474324783536,-92.67590183208173,0,0,2.7,105.34743247835358,20260219-102058,0.0,0.0
178.45374972382595,1.9374900406319513,105.93624162683551,-92.10563460012402,0,0,2.7,105.9362416268355,20260219-102058,0.0,0.0
175.39348326026987,1.9167605772699146,106.5456641169551,-91.5051599767806,0,0,2.7,106.54566411695512,20260219-102058,0.0,0.0
172.3537630124308,1.8966542766031917,107.1766562946413,-90.87252491851459,0,0,2.7,107.17665629464132,20260219-102058,0.0,0.0
169.33569545024363,1.8772185258706495,107.8302224467289,-90.20563835087134,0,0,2.7,107.83022244672891,20260219-102058,0.0,0.0
166.34045917150794,1.858505641896502,108.50741647440435,-89.50226215173967,0,0,2.7,108.50741647440434,20260219-102058,0.0,0.0
163.36930995709218,1.8405735292230776,109.20934341678236,-88.76000190334793,0,0,2.7,109.20934341678235,20260219-102058,0.0,0.0
160.42358613689808,1.8234864465743548,109.93716076672052,-87.97629751417877,0,0,2.7,109.93716076672054,20260219-102058,0.0,0.0
157.5047142687703,1.8073159030405819,110.69207950910493,-87.1484138460733,0,0,2.7,110.69207950910491,20260219-102058,0.0,0.0
154.6142151273586,1.7921417103414286,111.47536479811606,-86.27343152339353,0,0,2.7,111.47536479811609,20260219-102058,0.0,0.0
151.75370999322948,1.7780532238285578,112.28833617425147,-85.34823815142542,0,0,2.7,112.28833617425148,20260219-102058,0.0,0.0
148.9249272239782,1.7651508129402123,113.13236720400641,-84.36952023148316,0,0,2.7,113.13236720400643,20260219-102058,0.0,0.0
146.12970907834972,1.7535476121760907,114.00888440503894,-83.33375613166723,0,0,2.7,114.00888440503894,20260219-102058,0.0,0.0
143.37001875105193,1.743371617077205,114.91936529738143,-82.23721055606862,0,0,2.7,114.91936529738146,20260219-102058,0.0,0.0
140.64794755960276,1.7347682072116668,115.86533539698053,-81.07593105229284,0,0,2.7,115.86533539698054,20260219-102058,0.0,0.0
137.96572220475082,1.7279032012245934,116.84836394189227,-79.84574720792938,0,0,2.7,116.84836394189226,20260219-102058,0.0,0.0
135.3257120022877,1.7229665796269102,117.8700581144584,-78.54227331071681,0,0,2.7,117.87005811445839,20260219-102058,0.0,0.0
132.730435956007,1.7201770520316535,118.93205549570467,-77.16091538324079,0,0,2.7,118.93205549570466,20260219-102058,0.0,0.0
130.18256950880624,1.7197877010904883,120.03601446246057,-75.69688364805707,0,0,2.7,120.03601446246057,20260219-102058,0.0,0.0
127.68495077125021,1.7220930113717896,121.183602215294,-74.14521162799365,0,0,2.7,121.183602215294,20260219-102058,0.0,0.0
125.24058598432033,1.7274376965727964,122.37648010896135,-72.50078323102204,0,0,2.7,122.37648010896137,20260219-102058,0.0,0.0
122.85265392588477,1.7362278857612021,123.6162859501764,-70.75836929783175,0,0,2.7,123.61628595017642,20260219-102058,0.0,0.0
120.5245089194244,1.7489454384460206,124.90461293447186,-68.91267518700485,0,0,2.7,124.90461293447188,20260219-102058,0.0,0.0
118.25968205014566,1.7661664594026643,126.24298492005909,-66.95840101625659,0,0,2.7,126.2429849200591,20260219-102058,0.0,0.0
116.06188014000375,1.7885855246310256,127.63282778803784,-64.89031614182755,0,0,2.7,127.63282778803784,20260219-102058,0.0,0.0
113.93498198253943,1.81704778511965,129.07543672187995,-62.70334930957084,0,0,2.7,129.07543672187995,20260219-102058,0.0,0.0
111.8830312951365,1.852592108332386,130.5719393618437,-60.39269561384897,0,0,2.7,130.5719393618437,20260219-102058,0.0,0.0
109.91022581595095,1.8965099539500807,132.1232549584563,-57.95394091500981,0,0,2.7,132.1232549584563,20260219-102058,0.0,0.0
108.02090196224108,1.9504271120571197,133.73004986853243,-55.383203655486106,0,0,2.7,133.73004986853246,20260219-102058,0.0,0.0
106.21951448418879,2.0164193780107693,135.39269000962412,-52.67729304852053,0,0,2.7,135.39269000962412,20260219-102058,0.0,0.0
104.51061060234703,2.097179824502986,137.11119121200352,-49.83388137787143,0,0,2.7,137.1111912120035,20260219-102058,0.0,0.0
102.89879821646102,2.196266678259925,138.88516877246968,-46.8516866530919,0,0,2.7,138.88516877246968,20260219-102058,0.0,0.0
101.38870792650647,2.318481073737582,140.7137879042965,-43.73066016150804,0,0,2.7,140.7137879042965,20260219-102058,0.0,0.0
99.98494881890393,2.4704616719528354,142.5957171655528,-40.47217164064255,0,0,2.7,142.5957171655528,20260219-102058,0.0,0.0
98.69205824345325,2.6616567632277843,144.52908729662482,-37.079183013729256,0,0,2.7,144.52908729662482,20260219-102058,0.0,0.0
97.5144461351108,2.905986514383897,146.5114581606814,-33.55640009079154,0,0,2.7,146.51145816068137,20260219-102058,0.0,0.0
96.45633480722564,3.224843705291074,148.53979660581348,-29.9103905869818,0,0,2.7,148.53979660581348,20260219-102058,0.0,0.0
95.52169553848864,3.6528852865912294,150.6104680023297,-26.149656516486676,0,0,2.7,150.6104680023297,20260219-102058,0.0,0.0
94.7141836651183,4.2501984459902635,152.71924390896248,-22.28464973311396,0,0,2.7,152.71924390896248,20260219-102058,0.0,0.0
94.03707423590829,5.130865575810709,154.8613277611072,-18.327721287270293,0,0,2.7,154.86132776110716,20260219-102058,0.0,0.0
93.49320054981337,6.5411887602884216,157.03139965373146,-14.292998409923728,0,0,2.7,157.03139965373146,20260219-102058,0.0,0.0
93.08489803369527,9.129382989971766,159.22368024717588,-10.196187205197221,0,0,2.7,159.22368024717588,20260219-102058,0.0,0.0
92.81395589854573,15.330243139875735,161.43201262911793,-6.054304230643668,0,0,2.7,161.43201262911793,20260219-102058,0.0,0.0
92.68157881601321,49.158933818412116,163.6499597272457,-1.8853455845557825,0,0,2.7,163.6499597272457,20260219-102058,0.0,0.0
92.68836048187751,40.43831220323108,165.87091371316524,2.292092706937249,0,0,2.7,165.87091371316527,20260219-102058,0.0,0.0
92.83427039895344,14.372354442211686,168.08821290100593,6.459224949692214,0,0,2.7,168.08821290100596,20260219-102058,0.0,0.0
93.11865455907028,8.786854536631731,170.29526103886064,10.597495858257998,0,0,2.7,170.29526103886067,20260219-102058,0.0,0.0
93.54024998884088,6.368052410120109,172.48564369486724,14.688988715009115,0,0,2.7,172.48564369486724,20260219-102058,0.0,0.0
94.09721241225034,5.027419618426406,174.65323667792995,18.71680097427455,0,0,2.7,174.65323667792993,20260219-102058,0.0,0.0
94.78715563954538,4.18202558552065,176.7923020748533,22.665369616036113,0,0,2.7,176.7923020748533,20260219-102058,0.0,0.0
95.60720077176492,3.604998437359978,178.89756844934345,26.52073293040877,0,0,2.7,178.89756844934342,20260219-102058,0.0,0.0
96.55403295195732,3.18968398847889,-179.03570708348357,30.270720642141864,0,0,2.7,-179.03570708348357,20260219-102058,0.0,0.0
97.623963215292,2.8793323249638467,-177.01169595356467,33.905069716646125,0,0,2.7,-177.01169595356467,20260219-102058,0.0,0.0
98.81299298741858,2.640966361672919,-175.03397426529696,37.41546822460303,0,0,2.7,-175.03397426529696,20260219-102058,0.0,0.0
100.11687893207873,2.454113712299237,-173.10551679662342,40.79553381341899,0,0,2.7,-173.10551679662342,20260219-102058,0.0,0.0
101.53119612103127,2.3053927913738925,-171.2287069083792,44.04073635561428,0,0,2.7,-171.2287069083792,20260219-102058,0.0,0.0
103.05139785142192,2.1856875017813895,-169.40535986972435,47.14827612247061,0,0,2.7,-169.40535986972435,20260219-102058,0.0,0.0
104.67287082713794,2.0885731030163672,-167.6367568301263,50.11692943664116,0,0,2.7,-167.6367568301263,20260219-102058,0.0,0.0
106.39098481523372,2.0093912638496207,-165.92368662378104,52.946873378661124,0,0,2.7,-165.92368662378104,20260219-102058,0.0,0.0
108.20113625749872,1.9446820376512999,-164.2664927331412,55.63950001213526,0,0,2.7,-164.2664927331412,20260219-102058,0.0,0.0
110.09878564076102,1.8918217842637581,-162.66512301171565,58.197229018381485,0,0,2.7,-162.66512301171565,20260219-102058,0.0,0.0
112.07948869630256,1.8487848884248919,-161.11918012063776,60.62332583851378,0,0,2.7,-161.11918012063776,20260219-102058,0.0,0.0
114.13892170498593,1.8139825557932674,-159.62797102309716,62.92173060896508,0,0,2.7,-159.62797102309716,20260219-102058,0.0,0.0
116.27290133228435,1.786151086624157,-158.19055426935228,65.09690149003087,0,0,2.7,-158.19055426935228,20260219-102058,0.0,0.0
118.47739951220774,1.7642727723307887,-156.8057841667494,67.15367451694372,0,0,2.7,-156.8057841667494,20260219-102058,0.0,0.0
120.74855394919378,1.7475188175315959,-155.47235124770054,69.09714089359761,0,0,2.7,-155.47235124770054,20260219-102058,0.0,0.0
123.08267482129793,1.735207450010182,-154.1888187158435,70.93254170881741,0,0,2.7,-154.1888187158435,20260219-102058,0.0,0.0
125.47624825522676,1.7267727038852614,-152.9536547648269,72.6651793677903,0,0,2.7,-152.9536547648269,20260219-102058,0.0,0.0
127.92593711185843,1.7217408325518617,-151.76526082793012,74.30034456594389,0,0,2.7,-151.76526082793012,20260219-102058,0.0,0.0
130.4285795766593,1.7197122609392854,-150.62199593534544,75.84325735133204,0,0,2.7,-150.62199593534544,20260219-102058,0.0,0.0
132.9811859983233,1.7203476165542628,-149.52219743607836,77.29902068552599,0,0,2.7,-149.52219743607836,20260219-102058,0.0,0.0
135.58093436525027,1.7233568029085156,-148.46419839011568,78.6725848857473,0,0,2.7,-148.46419839011568,20260219-102058,0.0,0.0
138.22516475622618,1.7284903693531617,-147.44634196051572,79.96872138081568,0,0,2.7,-147.44634196051572,20260219-102058,0.0,0.0
140.91137305099033,1.7355326333079921,-146.46699314047805,81.19200431420747,0,0,2.7,-146.46699314047805,20260219-102058,0.0,0.0
143.6372041396058,1.7442961533378136,-145.5245481424499,82.34679865844315,0,0,2.7,-145.5245481424499,20260219-102058,0.0,0.0
146.4004448274258,1.7546172533510185,-144.61744175920973,83.43725365051894,0,0,2.7,-144.61744175920973,20260219-102058,0.0,0.0
149.1990165952558,1.7663523718635856,-143.74415298402982,84.46730050688797,0,0,2.7,-143.74415298402982,20260219-102058,0.0,0.0
152.0309683420211,1.7793750641770383,-142.9032091510716,85.44065352086717,0,0,2.7,-142.9032091510716,20260219-102058,0.0,0.0
154.89446920962595,1.7935735251818261,-142.0931888300356,86.36081378036805,0,0,2.7,-142.0931888300356,20260219-102058,0.0,0.0
157.7878015663721,1.8088485302682193,-141.31272368215204,87.23107486671371,0,0,2.7,-141.31272368215204,20260219-102058,0.0,0.0
160.7093542058576,1.8251117142665834,-140.56049945878527,88.05453000472262,0,0,2.7,-140.56049945878527,20260219-102058,0.0,0.0
163.65761580224955,1.8422841254000377,-139.83525629982702,88.83408023000392,0,0,2.7,-139.83525629982702,20260219-102058,0.0,0.0
163.1476666010009,1.5342283366033278,54.019621868982256,-106.33858253602473,0,0,2.7,54.01962186898224,20260219-102058,0.0,0.0
159.60411830737,1.5018228029959537,54.22953313578685,-106.27360164526681,0,0,2.7,54.22953313578686,20260219-102058,0.0,0.0
156.06280953094654,1.4694606169076974,54.44897388909121,-106.20414574931712,0,0,2.7,54.448973889091214,20260219-102058,0.0,0.0
152.52389626353622,1.4371448888455125,54.67860122581598,-106.12979766157171,0,0,2.7,54.67860122581599,20260219-102058,0.0,0.0
148.98754920739302,1.40487903421188,54.919133383255144,-106.05009084712637,0,0,2.7,54.919133383255144,20260219-102058,0.0,0.0
145.45395553555315,1.3726668116010308,55.17135693004383,-105.96450231495051,0,0,2.7,55.17135693004382,20260219-102058,0.0,0.0
141.92332090868618,1.3405123670161332,55.43613498224127,-105.87244429873888,0,0,2.7,55.43613498224126,20260219-102058,0.0,0.0
138.39587179269145,1.3084202851036746,55.71441661644678,-105.7732544873572,0,0,2.7,55.714416616446776,20260219-102058,0.0,0.0
134.87185813010137,1.276395648739578,56.007247685012686,-105.66618451205576,0,0,2.7,56.007247685012686,20260219-102058,0.0,0.0
131.35155642919204,1.2444441085997158,56.3157832787696,-105.55038633032109,0,0,2.7,56.3157832787696,20260219-102058,0.0,0.0
127.83527334806375,1.2125719647227597,56.641302131972395,-105.4248960615643,0,0,2.7,56.6413021319724,20260219-102058,0.0,0.0
124.32334986749295,1.1807862625484205,56.98522332459811,-105.28861472284856,0,0,2.7,56.985223324598124,20260219-102058,0.0,0.0
120.81616616692432,1.1490949065196363,57.34912571145054,-105.1402851770101,0,0,2.7,57.34912571145055,20260219-102058,0.0,0.0
117.31414734366271,1.1175067951140751,57.73477059926131,-104.97846443223398,0,0,2.7,57.73477059926131,20260219-102058,0.0,0.0
113.81777014757085,1.08603198217406,58.14412830658631,-104.80149021000847,0,0,2.7,58.14412830658631,20260219-102058,0.0,0.0
110.32757094424703,1.0546818707108436,58.57940938245525,-104.60744041223302,0,0,2.7,58.57940938245524,20260219-102058,0.0,0.0
106.84415517120429,1.0234694470742458,59.04310143566431,-104.39408374782043,0,0,2.7,59.04310143566432,20260219-102058,0.0,0.0
103.36820861723794,0.9924095656488442,59.538012746498595,-104.15881929720729,0,0,2.7,59.5380127464986,20260219-102058,0.0,0.0
99.90051093924994,0.9615192972702609,60.06732410819225,-103.89860216312456,0,0,2.7,60.06732410819226,20260219-102058,0.0,0.0
96.44195193901614,0.9308183586449035,60.63465069131831,-103.60985152830192,0,0,2.7,60.6346506913183,20260219-102058,0.0,0.0
92.99355126238446,0.9003296456301191,61.2441161590136,-103.28833634851655,0,0,2.7,61.24411615901361,20260219-102058,0.0,0.0
89.5564823654317,0.8700799009123054,61.90044180733952,-102.92903246187964,0,0,2.7,61.900441807339526,20260219-102058,0.0,0.0
86.13210182996791,0.8401005573319115,62.60905419081462,-102.52594296987041,0,0,2.7,62.609054190814604,20260219-102058,0.0,0.0
82.72198542300572,0.8104288132362836,63.37621555052323,-102.0718711772749,0,0,2.7,63.37621555052323,20260219-102058,0.0,0.0
79.32797270634052,0.7811090179184557,64.20918242649012,-101.55813194647051,0,0,2.7,64.20918242649012,20260219-102058,0.0,0.0
75.95222254660997,0.7521944767266523,65.11639914081638,-100.97418273680177,0,0,2.7,65.1163991408164,20260219-102058,0.0,0.0
72.59728259748817,0.7237498320424617,66.10773440448042,-100.3071494919932,0,0,2.7,66.10773440448044,20260219-102058,0.0,0.0
69.26617678208663,0.6958542464973514,67.19477111445883,-99.5412144579767,0,0,2.7,67.19477111445882,20260219-102058,0.0,0.0
65.96251606915037,0.6686057225440991,68.39116137360901,-98.6568224665467,0,0,2.7,68.39116137360901,20260219-102058,0.0,0.0
62.69063950093741,0.6421270615922734,69.71306061851391,-97.62964878864366,0,0,2.7,69.71306061851391,20260219-102058,0.0,0.0
59.455794592268234,0.6165742377838218,71.17965587725362,-96.42925530909733,0,0,2.7,71.17965587725362,20260219-102058,0.0,0.0
56.2643689634694,0.5921484105598522,72.8138023469262,-95.01734355796671,0,0,2.7,72.8138023469262,20260219-102058,0.0,0.0
53.124188406174945,0.5691135648153214,74.6427772113667,-93.34549673475779,0,0,2.7,74.64277721136669,20260219-102058,0.0,0.0
50.04490031431827,0.5478231149172965,76.69914523802345,-91.35229776106367,0,0,2.7,76.69914523802342,20260219-102058,0.0,0.0
47.0384648540241,0.5287612784599649,79.02169867035883,-88.95973810908625,0,0,2.7,79.02169867035883,20260219-102058,0.0,0.0
44.119777638542054,0.5126097614876148,81.65636940144668,-86.06893772468285,0,0,2.7,81.65636940144671,20260219-102058,0.0,0.0
41.307443114086084,0.5003598721349063,84.65689017102466,-82.55546740356675,0,0,2.7,84.65689017102466,20260219-102058,0.0,0.0
38.62469946899843,0.49351079255001523,88.08476871100765,-78.26515661272794,0,0,2.7,88.08476871100763,20260219-102058,0.0,0.0
36.100449252265044,0.49444260357768294,92.00779671159086,-73.01241638776628,0,0,2.7,92.00779671159087,20260219-102058,0.0,0.0
33.770252265243855,0.5071746978899943,96.49584002143888,-66.5850493049805,0,0,2.7,96.49584002143891,20260219-102058,0.0,0.0
31.67696189029148,0.539070728170797,101.61217814559308,-58.76216280149249,0,0,2.7,101.61217814559308,20260219-102058,0.0,0.0
29.870426274790205,0.6052302674271304,107.39864294415958,-49.35382098745846,0,0,2.7,107.39864294415958,20260219-102058,0.0,0.0
28.405409551251015,0.7422659894064074,113.85424180009426,-38.26850476332199,0,0,2.7,113.85424180009427,20260219-102058,0.0,0.0
52.773099207835045,2.1602381030052724,-99.8193006387579,-24.42929746235767,0,0,1.5,80.1806993612421,20260219-102058,0.0,0.0
51.980566962151954,5.041356435245544,-98.16071465282866,-10.310829561413502,0,0,1.9,81.83928534717134,20260219-102058,0.0,0.0
51.0997661053555,1.94205774413098,-97.474475373664,-26.31217648382608,0,0,1.9,82.525524626336,20260219-102058,0.0,0.0
50.22655207325353,1.9259642023454757,-96.7642699954237,-26.078652973968406,0,0,1.9,83.2357300045763,20260219-102058,0.0,0.0
49.361327505876424,1.910809088057755,-96.02905080327828,-25.832684078371127,0,0,1.9,83.97094919672172,20260219-102058,0.0,0.0
48.50451995378854,1.8966711683364743,-95.26772797573899,-25.573499910546282,0,0,1.9,84.73227202426101,20260219-102058,0.0,0.0
47.65658340232211,1.883638279084399,-94.47916985256015,-25.300283993743786,0,0,1.9,85.52083014743985,20260219-102058,0.0,0.0
46.8179998509914,1.8718086688930138,-93.66220368758944,-25.012171718747048,0,0,1.9,86.33779631241056,20260219-102058,0.0,0.0
45.9892809396093,1.8612925891606324,-92.81561698773116,-24.708249099271708,0,0,1.9,87.18438301226884,20260219-102058,0.0,0.0
45.17096960955263,1.8522141847822067,-91.93815955366206,-24.387551926055504,0,0,1.9,88.06184044633794,20260219-102058,0.0,0.0
44.36364178493327,1.84471375385176,-91.02854635338531,-24.049065440262503,0,0,1.9,88.97145364661469,20260219-102058,0.0,0.0
43.56790805405467,1.83895046322767,-90.08546137582451,-23.69172466863822,0,0,1.9,89.91453862417549,20260219-102058,0.0,0.0
42.78441532639169,1.8351056309848874,-89.10756262797686,-23.314415586763587,0,0,1.9,90.89243737202314,20260219-102058,0.0,0.0
42.01384843436427,1.833386718794488,-88.09348845498384,-22.915977302371733,0,0,1.9,91.90651154501616,20260219-102058,0.0,0.0
41.256931642333996,1.8340322200623942,-87.04186537689533,-22.495205477322763,0,0,1.9,92.95813462310467,20260219-102058,0.0,0.0
40.514430017521434,1.8373176874115202,-85.95131764763676,-22.05085723340509,0,0,1.9,94.04868235236324,20260219-102058,0.0,0.0
39.78715060894657,1.8435632218517097,-84.82047874909982,-21.58165781208393,0,0,1.9,95.17952125090018,20260219-102058,0.0,0.0
39.07594337112398,1.853142854598238,-83.64800503430786,-21.086309279483828,0,0,1.9,96.35199496569214,20260219-102058,0.0,0.0
38.38170175926951,1.8664964041003698,-82.43259172574156,-20.563501582404097,0,0,1.9,97.56740827425844,20260219-102058,0.0,0.0
37.705362912477995,1.8841446051971498,-81.17299145518214,-20.011926265358305,0,0,1.9,98.82700854481786,20260219-102058,0.0,0.0
37.047907331126865,1.9067086146830972,-79.86803549646407,-19.430293148009078,0,0,1.9,100.13196450353593,20260219-102058,0.0,0.0
36.410357945230245,1.9349354450550627,-78.51665778867246,-18.81735023164771,0,0,1.9,101.48334221132754,20260219-102058,0.0,0.0
35.79377846237741,3.647742392820034,-77.11792177085039,-9.812583951331495,0,0,2.1,102.88207822914961,20260219-102058,0.0,0.0
35.46781009426968,3.6395121580599015,-76.66304206073477,-9.745209949559928,0,0,2.1,103.33695793926523,20260219-102058,0.0,0.0
35.144118652169674,3.6321069777442476,-76.19975344865533,-9.675959124418808,0,0,2.1,103.80024655134467,20260219-102058,0.0,0.0
34.82276763092733,3.6255682066169572,-75.72788287876196,-9.60477520940661,0,0,2.1,104.27211712123804,20260219-102058,0.0,0.0
34.50382242306666,3.6199400101850063,-75.24725548287624,-9.531600613818805,0,0,2.1,104.75274451712376,20260219-102058,0.0,0.0
34.18735036256323,3.615269607645599,-74.75769477369477,-9.456376445691234,0,0,2.1,105.24230522630523,20260219-102058,0.0,0.0
33.87342076773416,3.6116075404511383,-74.2590228618008,-9.379042542231184,0,0,2.1,105.7409771381992,20260219-102058,0.0,0.0
33.56210498297825,3.609007969725297,-73.75106069819559,-9.299537508511753,0,0,2.1,106.24893930180441,20260219-102058,0.0,0.0
33.25347641907715,3.6075290062120113,-73.23362834411695,-9.21779876525347,0,0,2.1,106.76637165588305,20260219-102058,0.0,0.0
32.94761059174041,3.60723307698625,-72.70654526996205,-9.13376260656472,0,0,2.1,107.29345473003795,20260219-102058,0.0,0.0
32.64458515804706,3.6081873337954886,-72.16963068516885,-9.047364268558608,0,0,2.1,107.83036931483115,20260219-102058,0.0,0.0
32.34447995040553,3.6104641086519877,-71.62270390093832,-8.95853800980776,0,0,2.1,108.37729609906168,20260219-102058,0.0,0.0
32.047377007620476,3.614141423180189,-71.0655847276902,-8.867217204638619,0,0,2.1,108.9344152723098,20260219-102058,0.0,0.0
31.7533606026215,3.6193035592672853,-70.49809390914035,-8.773334450302325,0,0,2.1,109.50190609085965,20260219-102058,0.0,0.0
31.462517266373432,3.626041699801079,-69.92005359486055,-8.676821689088527,0,0,2.1,110.07994640513945,20260219-102058,0.0,0.0
31.17493580745203,3.6344546497478265,-69.33128785313126,-8.577610346469745,0,0,2.1,110.66871214686874,20260219-102058,0.0,0.0
30.89070732673243,3.644649649573393,-68.73162322582068,-8.475631486375704,0,0,2.1,111.26837677417932,20260219-102058,0.0,0.0
30.609925226600993,3.6567432951053256,-68.12088932691258,-8.370815984696932,0,0,2.1,111.87911067308742,20260219-102058,0.0,0.0
30.33268521406479,3.670862580447965,-67.4989194861615,-8.263094722102949,0,0,2.1,112.5010805138385,20260219-102058,0.0,0.0
30.05908529709716,3.687146083593289,-66.86555143916821,-8.15239879722998,0,0,2.1,113.13444856083179,20260219-102058,0.0,0.0
29.789225773523523,3.7057453180372737,-66.22062806493955,-8.038659761243714,0,0,2.1,113.77937193506045,20260219-102058,0.0,0.0
29.523209211719024,3.7268262781672084,-65.5639981717189,-7.9218098747114265,0,0,2.1,114.4360018282811,20260219-102058,0.0,0.0
29.261140422360185,3.75057121162267,-64.89551733154262,-7.801782387622089,0,0,2.1,115.10448266845738,20260219-102058,0.0,0.0
29.003126420446623,3.7771806584980943,-64.21504876359072,-7.678511843269637,0,0,2.1,115.78495123640928,20260219-102058,0.0,0.0
28.749276376787535,3.8068758054640495,-63.522464265950134,-7.551934406560727,0,0,2.1,116.47753573404987,20260219-102058,0.0,0.0
28.499701558132085,3.839901213045405,-62.81764519489735,-7.421988217121118,0,0,2.1,117.18235480510265,20260219-102058,0.0,0.0
28.25451525511376,3.8765279869372034,-62.10048349022584,-7.288613767351465,0,0,2.1,117.89951650977416,20260219-102058,0.0,0.0
28.013832697178252,3.9170574800553823,-61.37088274449658,-7.151754305321599,0,0,2.1,118.62911725550342,20260219-102058,0.0,0.0
27.777770953672793,3.961825631920108,-60.62875931337095,-7.0113562620902705,0,0,2.1,119.37124068662905,20260219-102058,0.0,0.0
27.54644882029442,4.011208077161029,-59.87404346339946,-6.86736970269333,0,0,2.1,120.12595653660054,20260219-102058,0.0,0.0
27.319986690126136,4.065626187026579,-59.10668055278778,-6.719748799657053,0,0,2.1,120.89331944721222,20260219-102058,0.0,0.0
27.098506408535062,4.125554248940447,-58.32663223974642,-6.568452327464772,0,0,2.1,121.67336776025358,20260219-102058,0.0,0.0
26.88213111126683,4.191528042316486,-57.53387771206316,-6.413444175935938,0,0,2.1,122.46612228793684,20260219-102058,0.0,0.0
26.67098504514675,4.2641551380411284,-56.72841493052107,-6.254693879969595,0,0,2.1,123.27158506947893,20260219-102058,0.0,0.0
26.465193370892276,4.344127339815524,-55.91026187773741,-6.092177162563596,0,0,2.1,124.08973812226259,20260219-102058,0.0,0.0
26.26488194765354,4.43223580566799,-55.079457802931415,-5.925876487452615,0,0,2.1,124.92054219706858,20260219-102058,0.0,0.0
26.070177099030424,4.529389548326148,-54.23606445205887,-5.75578161711985,0,0,2.1,125.76393554794113,20260219-102058,0.0,0.0
25.881205360466144,4.6366382293503134,-53.38016727170553,-5.581890171339208,0,0,2.1,126.61983272829447,20260219-102058,0.0,0.0
25.69809320808861,4.755200456441905,-52.51187657412447,-5.404208180808701,0,0,2.1,127.48812342587553,20260219-102058,0.0,0.0
25.52096676926201,4.886499198980452,-51.63132864987102,-5.2227506298551845,0,0,2.1,128.36867135012898,20260219-102058,0.0,0.0
25.349951515320875,5.032206502239104,-50.73868681365653,-5.037541981641909,0,0,2.1,129.26131318634347,20260219-102058,0.0,0.0
25.185171937186368,5.194300478990292,-49.83414236834233,-4.848616678810629,0,0,2.1,130.16585763165767,20260219-102058,0.0,0.0
25.02675120480758,5.375138700015583,-48.91791547146076,-4.656019612058574,0,0,2.1,131.08208452853924,20260219-102058,0.0,0.0
24.87481081162655,5.577553765931629,-47.99025588831705,-4.459806548807273,0,0,2.1,132.00974411168295,20260219-102058,0.0,0.0
24.729470205531413,5.804979296560245,-47.05144361562219,-4.260044513885678,0,0,2.1,132.9485563843778,20260219-102058,0.0,0.0
24.590846408033542,6.061618264967818,-46.10178935976927,-4.056812114044285,0,0,2.1,133.89821064023073,20260219-102058,0.0,0.0
24.459053623676933,6.35267126536376,-45.14163485432067,-3.850199798159457,0,0,2.1,134.85836514567933,20260219-102058,0.0,0.0
24.3342028419566,6.684651180762792,-44.17135300204461,-3.640310045195178,0,0,2.1,135.8286469979554,20260219-102058,0.0,0.0
24.216401434281085,7.065824972140965,-43.19134782794495,-3.427257472377418,0,0,2.1,136.80865217205505,20260219-102058,0.0,0.0
24.105752748756693,7.506846829028754,-42.20205423118077,-3.2111688566150653,0,0,2.1,137.79794576881923,20260219-102058,0.0,0.0
24.002355705790794,8.021686909059792,-41.20393752557209,-2.9921830629767214,0,0,2.1,138.7960624744279,20260219-102058,0.0,0.0
23.906304397702343,8.629030246803987,-40.19749276052676,-2.770450875004957,0,0,2.1,139.80250723947324,20260219-102058,0.0,0.0
23.817687695682686,9.354449111542126,-39.18324381668569,-2.5461347228127926,0,0,2.1,140.8167561833143,20260219-102058,0.0,0.0
23.736588867563167,10.233898362620412,-38.16174227333556,-2.3194083062483495,0,0,2.1,141.83825772666444,20260219-102058,0.0,0.0
23.66308520991188,11.31958000699796,-37.13356604764033,-2.09045611191254,0,0,2.1,142.86643395235967,20260219-102058,0.0,0.0
23.59724769799551,12.690289090428436,-36.099317808941265,-1.8594728244444465,0,0,2.1,143.90068219105873,20260219-102058,0.0,0.0
23.53914065709995,14.470819063507262,-35.05962317470892,-1.626662634215455,0,0,2.1,144.94037682529108,20260219-102058,0.0,0.0
23.488821458602278,16.87126335071442,-34.01512869812336,-1.3922384453567098,0,0,2.1,145.98487130187664,20260219-102058,0.0,0.0
23.446340244025954,20.274917568961754,-32.96649966063751,-1.1564209898401379,0,0,2.1,147.0335003393625,20260219-102058,0.0,0.0
23.41173968009094,25.46310177506916,-31.914417686153655,-0.9194378550932588,0,0,2.1,148.08558231384634,20260219-102058,0.0,0.0
23.385054747492802,34.312963991321574,-30.85957819653501,-0.6815224343023046,0,0,2.1,149.140421803465,20260219-102058,0.0,0.0
23.36631256581372,52.75600983558111,-29.802687730994933,-0.4429128100975974,0,0,2.1,150.19731226900507,20260219-102058,0.0,0.0
23.355532256588585,114.57181939755412,-28.744461154379508,-0.20385058367229855,0,0,2.1,151.2555388456205,20260219-102058,0.0,0.0
23.352724846128194,659.3027200232694,-27.685618781413694,0.03542033748215688,0,0,2.1,152.3143812185863,20260219-102058,0.0,0.0
23.35789320924671,85.04449211094627,-26.62688344555417,0.27465497916990045,0,0,2.1,153.37311655444583,20260219-102058,0.0,0.0
23.371032054561724,45.503588147237004,-25.56897754213884,0.5136085527791685,0,0,2.1,154.43102245786116,20260219-102058,0.0,0.0
23.39212795154188,31.104993519375952,-24.512620076012325,0.7520377053597659,0,0,2.1,155.48737992398767,20260219-102058,0.0,0.0
23.421159398980226,23.6648660434505,-23.45852374371995,0.9897017526309759,0,0,2.1,156.54147625628005,20260219-102058,0.0,0.0
23.4580969340812,19.128170120225132,-22.407392079708472,1.2263638804256467,0,0,2.1,157.59260792029153,20260219-102058,0.0,0.0
23.502903280876545,16.07814138089057,-21.35991669476371,1.46179230074507,0,0,2.1,158.6400833052363,20260219-102058,0.0,0.0
23.55553353623947,13.890830536077248,-20.3167746331944,1.695761349550775,0,0,2.1,159.6832253668056,20260219-102058,0.0,0.0
23.615935391356928,12.248595519185697,-19.278625873086526,1.9280525146222598,0,0,2.1,160.72137412691347,20260219-102058,0.0,0.0
23.684049386153635,10.972684249215598,-18.24611099136925,2.158455383225552,0,0,2.1,161.75388900863075,20260219-102058,0.0,0.0
23.759809193845843,9.954802564500655,-17.219849012522275,2.3867685009218125,0,0,2.1,162.78015098747773,20260219-102058,0.0,0.0
23.843141932541858,9.125513129478891,-16.20043545660164,2.6128001345501772,0,0,2.1,163.79956454339836,20260219-102058,0.0,0.0
23.93396850060365,8.438242364052542,-15.18844059894468,2.8363689341946263,0,0,2.1,164.81155940105532,20260219-102058,0.0,0.0
24.03220393234081,7.860585690799392,-14.184407950524445,3.057304490741685,0,0,2.1,165.81559204947555,20260219-102058,0.0,0.0
24.13775777052466,7.3693001193082015,-13.188852964540047,3.2754477874067924,0,0,2.1,166.81114703545995,20260219-102058,0.0,0.0
24.25053445218492,6.947280224740594,-12.202261971529055,3.490651545308929,0,0,2.1,167.79773802847095,20260219-102058,0.0,0.0
24.37043370418075,6.581657739655446,-11.225091342141582,3.7027804647673093,0,0,2.1,168.77490865785842,20260219-102058,0.0,0.0
24.497350945118697,6.262566088464011,-10.257766873781634,3.9117113654487667,0,0,2.1,169.74223312621837,20260219-102058,0.0,0.0
24.631177690316072,5.9823133848227315,-9.300683394653134,4.117333229784642,0,0,2.1,170.69931660534687,20260219-102058,0.0,0.0
24.771801956674807,5.734814568917752,-8.354204576377043,4.319547155183717,0,0,2.1,171.64579542362296,20260219-102058,0.0,0.0
24.919108664530693,5.515192652007326,-7.418662944307869,4.5182662214820475,0,0,2.1,172.58133705569213,20260219-102058,0.0,0.0
25.07298003377016,5.319493093674841,-6.494360072979077,4.713415280787424,0,0,2.1,173.50563992702092,20260219-102058,0.0,0.0
25.23329597175452,5.144475555593935,-5.581566952758777,4.904930677397554,0,0,2.1,174.41843304724122,20260219-102058,0.0,0.0
25.399934450853728,4.987459633018196,-4.680524512791919,5.092759905804546,0,0,2.1,175.31947548720808,20260219-102058,0.0,0.0
25.572771873661768,4.846208916994829,-3.7914442846287955,5.276861214955553,0,0,2.1,176.2085557153712,20260219-102058,0.0,0.0
25.75168342423859,4.7188427178708645,-2.914509190576041,5.457203166936175,0,0,2.1,177.08549080942396,20260219-102058,0.0,0.0
25.936543403993518,4.603768044978507,-2.049874440724267,5.633764158097285,0,0,2.1,177.95012555927573,20260219-102058,0.0,0.0
34.985526583723555,5.059168634545445,-10.560289766298041,6.915271877840246,0,0,2.0,169.43971023370196,20260219-102058,0.0,0.0
35.217925912202794,5.01086431413272,-9.966655265684892,7.028313621040109,0,0,2.0,170.0333447343151,20260219-102058,0.0,0.0
35.45405600858046,4.966164798474705,-9.380865988407265,7.139121927542502,0,0,2.0,170.61913401159273,20260219-102058,0.0,0.0
35.6938428310387,4.924836483630024,-8.802887485386066,7.247721411600919,0,0,2.0,171.19711251461393,20260219-102058,0.0,0.0
35.93721318242975,4.886665523337053,-8.23267986156958,7.354138115409341,0,0,2.0,171.76732013843042,20260219-102058,0.0,0.0
36.18409475552885,4.851455783442923,-7.670198130286735,7.458399369322945,0,0,2.0,172.32980186971326,20260219-102058,0.0,0.0
36.434416173721715,4.81902704531766,-7.115392558812033,7.560533657747928,0,0,2.0,172.88460744118797,20260219-102058,0.0,0.0
36.688107027318765,4.789213423599267,-6.568209004385636,7.660570490873286,0,0,2.0,173.43179099561436,20260219-102058,0.0,0.0
36.945097905692656,4.761861969020184,-6.0285892400549415,7.758540282362405,0,0,2.0,173.97141075994506,20260219-102058,0.0,0.0
37.205320425439325,4.736831431540374,-5.496471269821228,7.85447423307198,0,0,2.0,174.50352873017877,20260219-102058,0.0,0.0
37.468707254763764,4.713991162731139,-4.9717896326814355,7.948404220820722,0,0,2.0,175.02821036731856,20260219-102058,0.0,0.0
37.73519213429207,4.693220139456356,-4.454475695254956,8.040362696189906,0,0,2.2,175.54552430474504,20260219-102058,0.0,0.0
38.00470989451001,4.674406093495276,-3.944457932777283,8.130382584302186,0,0,2.2,176.05554206722272,20260219-102058,0.0,0.0
38.277196470026034,4.657444733933335,-3.441662198324053,8.218497192493775,0,0,2.2,176.55833780167595,20260219-102058,0.0,0.0
38.5525889108534,4.642239050986812,-2.9460119802052134,8.304740123768116,0,0,2.2,177.0539880197948,20260219-102058,0.0,0.0
38.83082539090198,4.628698691482664,-2.457428647536318,8.389145195896019,0,0,2.2,177.54257135246368,20260219-102058,0.0,0.0
39.11184521386527,4.616739397534182,-1.9758316840539294,8.471746366007805,0,0,2.2,178.02416831594607,20260219-102058,0.0,0.0
39.395588816683166,4.606282501075569,-1.5011389102962482,8.552577660506987,0,0,2.2,178.49886108970375,20260219-102058,0.0,0.0
39.6819977707545,4.597254467876103,-1.0332666943150741,8.631673110122026,0,0,2.2,178.96673330568493,20260219-102058,0.0,0.0
39.97101478106774,4.589586485473847,-0.5721301511281638,8.709066689902668,0,0,2.2,179.42786984887184,20260219-102058,0.0,0.0
40.262583683411115,4.5832140901716025,-0.11764333115331738,8.784792263959815,0,0,2.2,179.88235666884668,20260219-102058,0.0,0.0
40.556649439816994,4.57807682884219,0.33028060210284593,8.858883534742667,0,0,2.2,-179.66971939789715,20260219-102058,0.0,0.0
40.85315813238813,4.574117951811235,0.7717292048056947,8.931373996643726,0,0,2.2,-179.2282707951943,20260219-102058,0.0,0.0
41.15205695564671,4.5712841335359675,1.2067905956861296,9.00229689372095,0,0,2.2,-178.79320940431387,20260219-102058,0.0,0.0
41.45329420753974,4.569525218188647,1.635553308734643,9.071685181326512,0,0,2.2,-178.36444669126533,20260219-102058,0.0,0.0
41.756819279227706,4.56879398759194,2.058106155351652,9.139571491433419,0,0,2.2,-177.94189384464838,20260219-102058,0.0,0.0
42.0625826437761,4.569045949248275,2.4745380956002236,9.205988101453976,0,0,2.2,-177.52546190439978,20260219-102058,0.0,0.0
42.37053584386305,4.570239142462151,2.8849381182039906,9.27096690634804,0,0,2.2,-177.115061881796,20260219-102058,0.0,0.0
42.68063147860925,4.57233396077899,3.2893951289262304,9.33453939382366,0,0,2.2,-176.71060487107377,20260219-102058,0.0,0.0
42.99282318963009,4.575292989160578,3.6879978469692674,9.396736622438231,0,0,2.2,-176.31200215303073,20260219-102058,0.0,0.0
43.307065646403665,4.579080854489743,4.080834709032615,9.457589202414173,0,0,2.2,-175.9191652909674,20260219-102058,0.0,0.0
43.62331453104194,4.583664088148304,4.467993780671975,9.517127278989758,0,0,2.2,-175.53200621932803,20260219-102058,0.0,0.0
43.94152652254689,4.589010999545916,4.849562674607,9.575380518132318,0,0,2.2,-175.150437325393,20260219-102058,0.0,0.0
44.26165928062735,4.595091559595007,5.22562847563006,9.632378094448327,0,0,2.2,-174.7743715243699,20260219-102058,0.0,0.0
44.583671429147415,4.601877293231086,5.596277671778353,9.688148681131864,0,0,2.2,-174.40372232822162,20260219-102058,0.0,0.0
44.90752253927157,4.609341180169706,5.961596091437116,9.742720441800355,0,0,2.2,-174.03840390856288,20260219-102058,0.0,0.0
45.2331731123671,4.617457563172921,6.321668846053342,9.796121024073859,0,0,2.2,-173.67833115394666,20260219-102058,0.0,0.0
45.560584562719704,4.626202063170602,6.676580278147526,9.848377554761285,0,0,2.2,-173.3234197218525,20260219-102058,0.0,0.0
45.88971920011358,4.63555150064634,7.026413914321779,9.899516636524291,0,0,2.2,-172.97358608567822,20260219-102058,0.0,0.0
46.22054021232326,4.645483822755052,7.371252422973612,9.949564345896633,0,0,2.2,-172.62874757702636,20260219-102058,0.0,0.0
46.55301164756031,4.655978035690621,7.711177576434636,9.998546232543621,0,0,2.2,-172.28882242356536,20260219-102058,0.0,0.0
46.88709839691467,4.667014141867579,8.04627021726509,10.046487319653174,0,0,2.2,-171.9537297827349,20260219-102058,0.0,0.0
47.22276617682628,4.678573081521743,8.376610228447078,10.093412105356427,0,0,2.2,-171.62338977155292,20260219-102058,0.0,0.0
47.559981511619995,4.690636678371365,8.70227650722768,10.139344565082215,0,0,2.2,-171.29772349277235,20260219-102058,0.0,0.0
47.89871171613325,4.703187589013163,9.023346942377543,10.184308154755847,0,0,2.2,-170.97665305762243,20260219-102058,0.0,0.0
48.23892487846327,4.716209255757155,9.33989839463942,10.22832581475837,0,0,2.2,-170.66010160536058,20260219-102058,0.0,0.0
48.58058984285783,4.729685862630692,9.652006680151203,10.271419974568223,0,0,2.2,-170.3479933198488,20260219-102058,0.0,0.0
48.92367619277111,4.743602294306029,9.959746556641335,10.313612558012403,0,0,2.2,-170.04025344335867,20260219-102058,0.0,0.0
49.268154234103726,4.75794409772723,10.263191712201774,10.354924989059475,0,0,2.2,-169.73680828779825,20260219-102058,0.0,0.0
49.61399497864412,4.772697446231719,10.562414756454814,10.395378198091485,0,0,2.2,-169.43758524354516,20260219-102058,0.0,0.0
49.96117012772612,4.7878491059792765,10.857487213940828,10.434992628596506,0,0,2.2,-169.14251278605917,20260219-102058,0.0,0.0
50.30965205611582,4.80338640451718,11.148479519560908,10.47378824422783,0,0,2.2,-168.8515204804391,20260219-102058,0.0,0.0
50.65941379613924,4.81929720132459,11.435461015920396,10.511784536179972,0,0,2.2,-168.56453898407958,20260219-102058,0.0,0.0
51.01042902206042,4.8355698601922965,11.718499952425418,10.549000530835446,0,0,2.2,-168.28150004757455,20260219-102058,0.0,0.0
51.362672034718386,4.852193223305772,11.997663485994622,10.585454797640002,0,0,2.2,-168.0023365140054,20260219-102058,0.0,0.0
51.716117746429866,4.869156586910238,12.273017683255375,10.621165457167345,0,0,2.2,-167.72698231674465,20260219-102058,0.0,0.0
52.07074166616346,4.8864496784461995,12.544627524102452,10.656150189337668,0,0,2.2,-167.45537247589752,20260219-102058,0.0,0.0
52.4265198849899,4.904062635052851,12.81255690650346,10.690426241757187,0,0,2.2,-167.18744309349657,20260219-102058,0.0,0.0
52.7834290618119,4.921985983344783,13.076868652442386,10.724010438148873,0,0,2.2,-166.92313134755761,20260219-102058,0.0,0.0
53.14144640937612,4.940210620374884,13.337624514901336,10.756919186847043,0,0,2.2,-166.66237548509866,20260219-102058,0.0,0.0
53.50054968056905,4.9587277957030516,13.594885185783255,10.789168489330983,0,0,2.2,-166.40511481421672,20260219-102058,0.0,0.0
53.86071715499764,4.97752909449648,13.84871030468878,10.820773948775104,0,0,2.2,-166.1512896953112,20260219-102058,0.0,0.0
54.22192762585497,4.99660642159295,14.099158468461837,10.85175077859518,0,0,2.2,-165.9008415315382,20260219-102058,0.0,0.0
54.58416038707043,5.01595198646371,14.346287241427774,10.88211381097225,0,0,2.2,-165.65371275857223,20260219-102058,0.0,0.0
54.94739522074345,5.035558289017244,14.590153166251355,10.911877505337578,0,0,2.2,-165.40984683374865,20260219-102058,0.0,0.0
55.3116123848592,5.05541810618959,14.830811775345524,10.94105595680376,0,0,2.2,-165.16918822465448,20260219-102058,0.0,0.0
55.67679260128422,5.075524479270802,15.068317602769298,10.96966290452869,0,0,2.2,-164.9316823972307,20260219-102058,0.0,0.0
56.04291704403957,5.0958707019208775,15.302724196555687,10.997711740000451,0,0,2.2,-164.6972758034443,20260219-102058,0.0,0.0
56.40996732784874,5.1164503088317455,15.53408413141483,11.025215515232668,0,0,2.2,-164.4659158685852,20260219-102058,0.0,0.0
56.77792549695701,5.1372570649950715,15.76244902176171,11.052186950861,0,0,2.2,-164.2375509782383,20260219-102058,0.0,0.0
57.14677401421901,5.158284955538426,15.987869535021957,11.078638444132636,0,0,2.2,-164.01213046497804,20260219-102058,0.0,0.0
57.51649575045068,5.179528176095016,16.21039540517154,11.10458207678173,0,0,2.2,-163.7896045948285,20260219-102058,0.0,0.0
57.887073974041755,5.200981123674598,16.430075446470255,11.130029622784589,0,0,2.2,-163.56992455352975,20260219-102058,0.0,0.0
58.2584923408247,5.222638388005374,16.646957567352274,11.154992555989452,0,0,2.2,-163.35304243264775,20260219-102058,0.0,0.0
58.63073488419582,5.244494743318801,16.861088784438152,11.179482057616354,0,0,2.2,-163.13891121556182,20260219-102058,0.0,0.0
59.00378600548408,5.266545140551057,17.072515236638537,11.203509023623466,0,0,2.2,-162.92748476336146,20260219-102058,0.0,0.0
59.37763046456333,5.288784699936778,17.28128219931773,11.227084071936817,0,0,2.2,-162.7187178006823,20260219-102058,0.0,0.0
59.75225337070308,5.3112087039721665,17.48743409849294,11.250217549541095,0,0,2.2,-162.51256590150706,20260219-102058,0.0,0.0
60.127640173653354,5.333812590726223,17.691014525043215,11.272919539429619,0,0,2.2,-162.30898547495676,20260219-102058,0.0,0.0
60.50377665495886,5.356591947480118,17.89206624890528,11.295199867412233,0,0,2.2,-162.10793375109472,20260219-102058,0.0,0.0
60.88064891949769,5.37954250467612,18.090631233236422,11.317068108780202,0,0,2.2,-161.9093687667636,20260219-102058,0.0,0.0
61.25824338723975,5.402660130158609,18.2867506485253,11.33853359482773,0,0,2.2,-161.7132493514747,20260219-102058,0.0,0.0
61.63654678522027,5.4259408236908815,18.48046488663374,11.359605419230007,0,0,2.2,-161.5195351133663,20260219-102058,0.0,0.0
62.015546139723455,5.449380711732453,18.671813574753116,11.380292444278064,0,0,2.2,-161.32818642524688,20260219-102058,0.0,0.0
62.395228768671636,5.4729760424625296,18.860835589262763,11.400603306971048,0,0,2.2,-161.13916441073724,20260219-102058,0.0,0.0
62.77558227421507,5.496723181036218,19.047569069475912,11.420546424966755,0,0,2.2,-160.95243093052412,20260219-102058,0.0,0.0
63.15659453551782,5.520618605060881,19.23205143126313,11.440130002391522,0,0,2.2,-160.76794856873684,20260219-102058,0.0,0.0
63.53825370173492,5.544658900280808,19.414319380542622,11.459362035510793,0,0,2.2,-160.58568061945738,20260219-102058,0.0,0.0
63.92054818517626,5.568840756459078,19.594408926627068,11.478250318261901,0,0,2.2,-160.40559107337293,20260219-102058,0.0,0.0
64.30346665465265,5.593160963446208,19.772355395420846,11.496802447650689,0,0,2.2,-160.22764460457915,20260219-102058,0.0,0.0
64.68699802899954,5.6176164074257695,19.94819344245866,11.515025829013817,0,0,2.2,-160.0518065575413,20260219-102058,0.0,0.0
65.07113147077382,5.642204067327718,20.121957065780293,11.532927681148735,0,0,2.2,-159.87804293421968,20260219-102058,0.0,0.0
65.45585638011964,5.6669210114008175,20.29367961863545,11.550515041313322,0,0,2.2,-159.70632038136455,20260219-102058,0.0,0.0
65.84116238879858,5.691764393935932,20.4633938220137,11.567794770097384,0,0,2.2,-159.53660617798633,20260219-102058,0.0,0.0
66.22703935438015,5.716731452132522,20.631131776996597,11.58477355616825,0,0,2.2,-159.3688682230034,20260219-102058,0.0,0.0
66.61347735458845,5.741819503101094,20.796924976926903,11.601457920892715,0,0,2.2,-159.2030750230731,20260219-102058,0.0,0.0
67.00046668180077,5.767025940994763,20.96080431939322,11.617854222837735,0,0,2.2,-159.03919568060678,20260219-102058,0.0,0.0
67.38799783769437,5.7923482342635,21.1228001180275,11.633968662152231,0,0,2.2,-158.87719988197253,20260219-102058,0.0,0.0
67.77606152803719,5.817783923024958,21.282942114112984,11.649807284832436,0,0,2.2,-158.71705788588704,20260219-102058,0.0,0.0
68.16464865761903,5.8433306165461865,21.44125948800246,11.66537598687323,0,0,2.2,-158.55874051199754,20260219-102058,0.0,0.0
68.55375032531904,5.8689859908307636,21.597780870344593,11.680680518307927,0,0,2.2,-158.4022191296554,20260219-102058,0.0,0.0
68.94335781930624,5.89474778630628,21.752534353118563,11.695726487138982,0,0,2.2,-158.2474656468814,20260219-102058,0.0,0.0
69.33346261236913,5.920613805607325,21.905547500476928,11.71051936316205,0,0,2.2,-158.09445249952304,20260219-102058,0.0,0.0
69.72405635737107,5.946581911449361,22.056847359396215,11.725064481685953,0,0,2.2,-157.94315264060378,20260219-102058,0.0,0.0
70.11513088282803,5.972650024589263,22.206460470136108,11.73936704715087,0,0,2.2,-157.79353952986386,20260219-102058,0.0,0.0
70.50667818860514,5.998816121868319,22.35441287650832,11.75343213664732,0,0,2.2,-157.64558712349168,20260219-102058,0.0,0.0
70.8986904417291,6.0250782343339315,22.50073013595511,11.767264703338231,0,0,2.2,-157.49926986404492,20260219-102058,0.0,0.0
71.2911599723129,6.051434445436252,22.645437329439403,11.780869579786627,0,0,2.2,-157.3545626705606,20260219-102058,0.0,0.0
71.68407926959001,6.077882889296384,22.78855907114803,11.794251481191116,0,0,2.2,-157.211440928852,20260219-102058,0.0,0.0
72.07744097805497,6.104421749042774,22.930119518008553,11.807415008531699,0,0,2.2,-157.06988048199145,20260219-102058,0.0,0.0
72.47123789370724,6.131049255212747,23.07014237902297,11.82036465162805,0,0,2.2,-156.92985762097703,20260219-102058,0.0,0.0
72.8654629603957,6.157763684216181,23.208650924418635,11.833104792112644,0,0,2.2,-156.79134907558134,20260219-102058,0.0,0.0
73.26010926626074,6.184563356858541,23.345667994619532,11.84563970632089,0,0,2.2,-156.65433200538047,20260219-102058,0.0,0.0
73.65517004027149,6.211446636920632,23.481216009039258,11.857973568100482,0,0,2.2,-156.51878399096074,20260219-102058,0.0,0.0
74.0506386488552,6.23841192979251,23.61531697469843,11.870110451542134,0,0,2.2,-156.38468302530154,20260219-102058,0.0,0.0
74.44650859261651,6.26545768115916,23.74799249466878,11.882054333633821,0,0,2.2,-156.25200750533122,20260219-102058,0.0,0.0
74.8427735031439,6.29258237573573,23.879263776345454,11.893809096840512,0,0,2.2,-156.12073622365455,20260219-102058,0.0,0.0
75.23942713990087,6.319784536050045,24.009151639551533,11.905378531611552,0,0,2.2,-155.9908483604485,20260219-102058,0.0,0.0
75.63646338719958,6.347062721270452,24.137676524475637,11.916766338817574,0,0,2.2,-155.86232347552433,20260219-102058,0.0,0.0
76.03387625125454,6.374415526076981,24.264858499446518,11.927976132118927,0,0,2.2,-155.73514150055345,20260219-102058,0.0,0.0
76.4316598573142,6.401841579574003,24.39071726854604,11.939011440267503,0,0,2.2,-155.60928273145396,20260219-102058,0.0,0.0
76.82980844686804,6.429339544242563,24.515272179064084,11.949875709343848,0,0,2.2,-155.48472782093592,20260219-102058,0.0,0.0
77.22831637492737,6.456908114930785,24.638542228797633,11.96057230493131,0,0,2.2,-155.3614577712024,20260219-102058,0.0,0.0
77.62717810737739,6.484546017880663,24.76054607319645,11.971104514229078,0,0,2.2,-155.23945392680358,20260219-102058,0.0,0.0
78.02638821839882,6.512252009789795,24.88130203235869,11.98147554810573,0,0,2.2,-155.11869796764134,20260219-102058,0.0,0.0
78.42594138795694,6.540024876906527,25.00082809787824,11.9916885430951,0,0,2.2,-154.99917190212176,20260219-102058,0.0,0.0
78.82583239935629,6.567863434157212,25.119141939547376,12.001746563335967,0,0,2.2,-154.88085806045262,20260219-102058,0.0,0.0
79.226056136859,6.595766524304167,25.236260911916474,12.011652602457316,0,0,2.2,-154.7637390880835,20260219-102058,0.0,0.0
79.62660758336523,6.623733017133179,25.352202060714376,12.021409585410563,0,0,2.2,-154.64779793928565,20260219-102058,0.0,0.0
80.02748181815367,6.651761808669257,25.466982129131054,12.03102037025043,0,0,2.2,-154.53301787086895,20260219-102058,0.0,0.0
80.42867401468071,6.679851820419577,25.580617563966427,12.040487749865804,0,0,2.2,-154.41938243603357,20260219-102058,0.0,0.0
80.8301794384363,6.708001998642453,25.69312452164661,12.049814453662133,0,0,2.2,-154.3068754783534,20260219-102058,0.0,0.0
81.23199344485536,6.736211313641357,25.80451887411124,12.05900314919667,0,0,2.4,-154.19548112588876,20260219-102058,0.0,0.0
81.63411147728267,6.764478759082955,25.91481621457382,12.068056443767977,0,0,2.4,-154.08518378542618,20260219-102058,0.0,0.0
82.0365290649902,6.792803351338226,26.02403186315803,12.076976885961004,0,0,2.4,-153.97596813684194,20260219-102058,0.0,0.0
82.4392418212451,6.821184128845739,26.13218087241239,12.085766967149036,0,0,2.4,-153.86781912758764,20260219-102058,0.0,0.0
82.84224544142711,6.849620151496269,26.239278032705215,12.094429122953715,0,0,2.4,-153.7607219672948,20260219-102058,0.0,0.0
83.24553570119392,6.878110500037853,26.345337877503653,12.102965734664451,0,0,2.4,-153.65466212249632,20260219-102058,0.0,0.0
83.64910845469322,6.906654275500578,26.450374688537977,12.11137913061828,0,0,2.4,-153.54962531146202,20260219-102058,0.0,0.0
84.05295963282009,6.935250598640258,26.554402500853598,12.119671587541438,0,0,2.6,-153.44559749914643,20260219-102058,0.0,0.0
84.45708524151846,6.96389860940036,26.657435107754054,12.127845331853676,0,0,2.6,-153.34256489224592,20260219-102058,0.0,0.0
84.86148136012548,6.992597466391426,26.759486065636906,12.13590254093645,0,0,2.6,-153.24051393436307,20260219-102058,0.0,0.0
85.26614413975756,7.021346346387354,26.86056869872391,12.143845344366039,0,0,2.6,-153.1394313012761,20260219-102058,0.0,0.0
85.67106980173689,7.050144443837906,26.960696103689088,12.151675825112584,0,0,2.6,-153.03930389631094,20260219-102058,0.0,0.0
86.07625463605754,7.078990970396848,27.059881154186314,12.159396020706057,0,0,2.6,-152.9401188458137,20260219-102058,0.0,0.0
86.48169499988964,7.107885154465084,27.15813650527832,12.167007924370152,0,0,2.8,-152.8418634947217,20260219-102058,0.0,0.0
86.88738731612105,7.136826240748318,27.255474597769762,12.174513486124981,0,0,2.8,-152.74452540223027,20260219-102058,0.0,0.0
87.29332807193518,7.165813489828639,27.351907662446024,12.181914613859519,0,0,2.8,-152.64809233755398,20260219-102058,0.0,0.0
87.69951381742408,7.194846177749539,27.447447724220183,12.189213174374693,0,0,2.8,-152.55255227577982,20260219-102058,0.0,0.0
88.10594116423583,7.223923595613897,27.54210660618992,12.196410994397912,0,0,2.8,-152.45789339381005,20260219-102058,0.0,0.0
88.51260678425527,7.253045049194428,27.635895933606548,12.203509861569945,0,0,2.8,-152.36410406639342,20260219-102058,0.0,0.0
88.91950740831717,7.282209858556166,27.72882713775772,12.21051152540489,0,0,2.8,-152.27117286224228,20260219-102058,0.0,0.0
89.32663982495107,7.31141735769055,27.820911459766307,12.217417698224054,0,0,2.8,-152.17908854023372,20260219-102058,0.0,0.0
89.73400087915657,7.340666894160679,27.9121599543069,12.224230056064492,0,0,2.8,-152.0878400456931,20260219-102058,0.0,0.0
90.1415874712088,7.369957828757384,28.002583493242014,12.230950239562928,0,0,2.8,-151.997416506758,20260219-102058,0.0,0.0
90.54939655549273,7.399289535165672,28.09219276917952,12.237579854815792,0,0,2.8,-151.90780723082048,20260219-102058,0.0,0.0
90.9574251393659,7.428661399641245,28.180998298953114,12.244120474216059,0,0,2.8,-151.8190017010469,20260219-102058,0.0,0.0
91.36567028204848,7.458072820696671,28.269010427028036,12.250573637267578,0,0,2.8,-151.73098957297196,20260219-102058,0.0,0.0
91.77412909354042,7.487523208796962,28.356239328833112,12.256940851377472,0,0,2.8,-151.64376067116686,20260219-102058,0.0,0.0
92.1827987335643,7.5170119860641265,28.44269501402107,12.263223592627368,0,0,2.8,-151.5573049859789,20260219-102058,0.0,0.0
92.59167641053381,7.54653858599048,28.52838732965853,12.269423306523938,0,0,2.8,-151.47161267034147,20260219-102058,0.0,0.0
93.00075938054678,7.576102453160355,28.613325963347734,12.27554140872946,0,0,2.8,-151.38667403665227,20260219-102058,0.0,0.0
93.41004494640228,7.605703042979952,28.697520446281203,12.281579285772873,0,0,2.8,-151.3024795537188,20260219-102058,0.0,0.0
93.81953045664109,7.635339821415052,28.7809801562305,12.28753829574197,0,0,2.8,-151.2190198437695,20260219-102058,0.0,0.0
94.22921330460896,7.665012264736304,28.86371432047156,12.293419768957238,0,0,2.8,-151.1362856795284,20260219-102058,0.0,0.0
94.63909092754199,7.6947198592718795,28.945732018647163,12.29922500862784,0,0,2.8,-151.05426798135284,20260219-102058,0.0,0.0
95.04916080567364,7.724462101167182,29.027042185568007,12.30495529149033,0,0,2.8,-150.972957814432,20260219-102058,0.0,0.0
95.45942046136267,7.754238496151442,29.107653613954653,12.310611868430508,0,0,2.8,-150.89234638604532,20260219-102058,0.0,0.0
95.86986745824166,7.784048559310914,29.18757495712066,12.316195965088966,0,0,2.8,-150.81242504287934,20260219-102058,0.0,0.0
96.28049940038532,7.81389181486852,29.266814731598515,12.321708782450731,0,0,2.8,-150.7331852684015,20260219-102058,0.0,0.0
96.69131393149827,7.843767795969643,29.345381319710214,12.32715149741953,0,0,2.8,-150.6546186802898,20260219-102058,0.0,0.0
97.10230873412168,7.873676044473966,29.423282972083257,12.332525263377025,0,0,2.8,-150.57671702791674,20260219-102058,0.0,0.0
97.5134815288583,7.903616110753075,29.500527810113056,12.337831210727542,0,0,2.8,-150.49947218988694,20260219-102058,0.0,0.0
97.92483007361552,7.9335875534937,29.577123828373487,12.343070447428609,0,0,2.8,-150.42287617162648,20260219-102058,0.0,0.0
98.33635216286568,7.963589939506379,29.653078896977036,12.348244059507794,0,0,2.8,-150.34692110302294,20260219-102058,0.0,0.0
98.74804562692357,7.993622843539385,29.72840076388428,12.353353111566156,0,0,2.8,-150.27159923611572,20260219-102058,0.0,0.0
99.15990833124039,8.023685848097735,29.803097057165587,12.358398647268741,0,0,2.8,-150.1969029428344,20260219-102058,0.0,0.0
99.5719381757139,8.053778543267144,29.877175287215323,12.363381689822445,0,0,2.8,-150.1228247127847,20260219-102058,0.0,0.0
99.98413309401428,8.083900526542736,29.950642848918847,12.368303242441648,0,0,2.8,-150.04935715108113,20260219-102058,0.0,0.0
100.39649105292531,8.114051402662398,30.02350702377555,12.373164288801897,0,0,2.8,-149.97649297622442,20260219-102058,0.0,0.0
100.80901005170044,8.14423078344458,30.095774981976092,12.377965793482039,0,0,2.8,-149.9042250180239,20260219-102058,0.0,0.0
101.22168812143346,8.174438287630474,30.167453784437384,12.382708702395087,0,0,2.8,-149.83254621556264,20260219-102058,0.0,0.0
101.63452332444338,8.204673540730365,30.23855038479485,12.387393943208137,0,0,2.8,-149.76144961520518,20260219-102058,0.0,0.0
102.04751375367302,8.234936174874068,30.309071631353333,12.392022425751655,0,0,2.8,-149.69092836864667,20260219-102058,0.0,0.0
102.46065753210117,8.265225828665319,30.379024268997796,12.39659504241842,0,0,2.8,-149.62097573100223,20260219-102058,0.0,0.0
102.87395281216783,8.29554214703997,30.448414941064016,12.40111266855241,0,0,2.8,-149.55158505893598,20260219-102058,0.0,0.0
103.28739777521227,8.325884781127925,30.517250191171343,12.405576162827911,0,0,2.8,-149.4827498088287,20260219-102058,0.0,0.0
103.70099063092354,8.35625338811866,30.585536465016958,12.409986367619108,0,0,2.8,-149.414463534983,20260219-102058,0.0,0.0
104.1147296168032,8.386647631130206,30.653280112134098,12.414344109360469,0,0,2.8,-149.3467198878659,20260219-102058,0.0,0.0
104.52861299763985,8.417067179081581,30.72048738761316,12.418650198898066,0,0,2.8,-149.27951261238687,20260219-102058,0.0,0.0
104.94263906499523,8.447511706568418,30.787164453788648,12.42290543183224,0,0,2.8,-149.21283554621135,20260219-102058,0.0,0.0
105.35680613670168,8.477980893741853,30.85331738189086,12.427110588851688,0,0,2.8,-149.1466826181091,20260219-102058,0.0,0.0
105.7711125563705,8.50847442619046,30.918952153664293,12.431266436059314,0,0,2.8,-149.0810478463357,20260219-102058,0.0,0.0
106.18555669291106,8.538991994825192,30.98407466295282,12.435373725290027,0,0,2.8,-149.01592533704718,20260219-102058,0.0,0.0
106.60013694006044,8.569533295767233,31.048690717253066,12.439433194420712,0,0,3.2,-148.95130928274693,20260219-102058,0.0,0.0
107.01485171592317,8.600098030238684,31.11280603923592,12.443445567672573,0,0,3.2,-148.88719396076408,20260219-102058,0.0,0.0
107.42969946252103,8.63068590445597,31.176426268237606,12.447411555906088,0,0,3.2,-148.8235737317624,20260219-102058,0.0,0.0
107.84467864535242,8.66129662952592,31.239556961720268,12.451331856908745,0,0,3.2,-148.7604430382797,20260219-102058,0.0,0.0
108.2597877529614,8.691929921344435,31.302203596703748,12.455207155675753,0,0,3.2,-148.69779640329628,20260219-102058,0.0,0.0
108.6750252965158,8.722585500497658,31.36437157116768,12.459038124683955,0,0,3.2,-148.6356284288323,20260219-102058,0.0,0.0
109.09038980939441,8.75326309216558,31.426066205426764,12.462825424159067,0,0,3.2,-148.5739337945732,20260219-102058,0.0,0.0
109.50587984678299,8.783962426028019,31.487292743477155,12.466569702336486,0,0,3.2,-148.51270725652284,20260219-102058,0.0,0.0
109.92149398527889,8.814683236172902,31.548056354316884,12.470271595715767,0,0,3.2,-148.45194364568312,20260219-102058,0.0,0.0
110.33723082250393,8.845425261006772,31.60836213323978,12.473931729309024,0,0,3.2,-148.3916378667602,20260219-102058,0.0,0.0
110.75308897672558,8.876188243167462,31.668215103103535,12.477550716883332,0,0,3.2,-148.33178489689644,20260219-102058,0.0,0.0
111.16906708648614,8.906971929438908,31.7276202155727,12.481129161197345,0,0,3.2,-148.2723797844273,20260219-102058,0.0,0.0
111.58516381023954,8.937776070667965,31.786582352337064,12.484667654232268,0,0,3.2,-148.21341764766296,20260219-102058,0.0,0.0
112.001377825996,8.96860042168328,31.84510632630611,12.488166777417309,0,0,3.2,-148.1548936736939,20260219-102058,0.0,0.0
112.41770783097385,8.999444741216019,31.903196882779866,12.491627101849819,0,0,3.2,-148.09680311722013,20260219-102058,0.0,0.0
112.83415254125886,9.03030879182258,31.960858700596702,12.495049188510157,0,0,3.2,-148.0391412994033,20260219-102058,0.0,0.0
113.25071069147036,9.061192339809027,32.01809639325853,12.498433588471562,0,0,3.2,-147.98190360674147,20260219-102058,0.0,0.0
113.66738103443461,9.09209515515742,32.07491451003443,12.501780843104978,0,0,3.2,-147.92508548996557,20260219-102058,0.0,0.0
114.0841623408646,9.123017011453767,32.13131753704221,12.50509148427918,0,0,3.2,-147.8686824629578,20260219-102058,0.0,0.0
114.50105339904663,9.153957685817756,32.18730989830914,12.508366034556104,0,0,3.2,-147.81269010169086,20260219-102058,0.0,0.0
114.9180530145333,9.18491695883406,32.24289595681216,12.511605007381696,0,0,3.2,-147.7571040431878,20260219-102058,0.0,0.0
115.28997327514001,0.9470787446496702,-11.490872961516175,-121.73219378689195,0,0,3.2,168.50912703848383,20260219-102058,0.0,0.0
111.23464451776083,0.9148722366923799,-11.868115086993754,-121.58489465142965,0,0,3.2,168.13188491300625,20260219-102058,0.0,0.0
107.1845026099622,0.8827540517933492,-12.273885350694087,-121.42057279965208,0,0,3.2,167.7261146493059,20260219-102058,0.0,0.0
103.14015859033577,0.8507349979646521,-12.711501243492506,-121.2365293976318,0,0,3.2,167.2884987565075,20260219-102058,0.0,0.0
99.1023222930547,0.8188277216286663,-13.184807197778639,-121.02951533680125,0,0,3.2,166.81519280222136,20260219-102058,0.0,0.0
95.07182289856239,0.7870471158634695,-13.69828162097744,-120.7955927698929,0,0,3.2,166.30171837902256,20260219-102058,0.0,0.0
91.04963476135964,0.7554108424924886,-14.257170558086841,-120.52995487983745,0,0,3.2,165.74282944191316,20260219-102058,0.0,0.0
87.03691013955296,0.7239400068617363,-14.86765584217062,-120.22668911040849,0,0,3.2,165.13234415782938,20260219-102058,0.0,0.0
83.03502103718945,0.6926600400706479,-15.53706826945833,-119.87846307507546,0,0,3.2,164.46293173054167,20260219-102058,0.0,0.0
79.04561320019363,0.6616018670846534,-16.274160038403807,-119.47610357949544,0,0,3.2,163.7258399615962,20260219-102058,0.0,0.0
75.07067649412124,0.6308034749777639,-17.089455845542687,-119.00802622681735,0,0,3.2,162.9105441544573,20260219-102058,0.0,0.0
71.11263761046725,0.6003120508928904,-17.9957092419304,-118.45945372027087,0,0,3.2,162.0042907580696,20260219-102058,0.0,0.0
67.174483564018,0.5701869467465384,-19.008500976646445,-117.81133178742982,0,0,3.2,160.99149902335355,20260219-102058,0.0,0.0
63.25992816791416,0.5405038693560491,-20.147030260866643,-117.0388072212719,0,0,3.2,159.85296973913336,20260219-102058,0.0,0.0
59.373639243935905,0.5113609306417135,-21.435169701351356,-116.10906443209721,0,0,3.2,158.56483029864864,20260219-102058,0.0,0.0
55.52155273288639,0.482887598214461,-22.902881822406385,-114.97821219303307,0,0,3.2,157.09711817759361,20260219-102058,0.0,0.0
51.711312632871476,0.4552583093490475,-24.58813095413231,-113.5867518965465,0,0,3.2,155.4118690458677,20260219-102058,0.0,0.0
47.95289507527897,0.4287138525375518,-26.539467688393614,-111.85291725808811,0,0,3.2,153.46053231160639,20260219-102058,0.0,0.0
44.259503990997295,0.403596230482803,-28.81950476553095,-109.66282796559263,0,0,3.2,151.18049523446905,20260219-102058,0.0,0.0
40.64886832987788,0.38040808604067156,-31.50951055054432,-106.85595238775203,0,0,3.2,148.49048944945568,20260219-102058,0.0,0.0
37.145128281009384,0.3599195677405767,-34.71522581588147,-103.20397002638906,0,0,3.2,145.28477418411853,20260219-102058,0.0,0.0
33.78156108097713,0.34337359824820674,-38.57352016978979,-98.38135853577832,0,0,3.2,141.4264798302102,20260219-102058,0.0,0.0
30.604418613415703,0.33291442270381993,-43.25807989799691,-91.92878567668177,0,0,3.2,136.7419201020031,20260219-102058,0.0,0.0
