dist,ttc,heading_err,approach_speed,ammo,mines,threat_density,threat_angle,session_id,fire,drop_mine
51.428571428571445,0.2272843225242475,-90.0,-226.27416997969522,0,0,11.2,-90.0,20260302-204149,0.0,0.0
44.52952484302244,0.24111980163367158,-80.24814690635105,-184.67800877953295,0,0,11.4,-80.24814690635105,20260302-204149,0.0,0.0
39.34990167538653,0.32189630016746534,-67.4584036064195,-122.2440321771791,0,0,11.4,-67.4584036064195,20260302-204149,0.0,0.0
36.6265818298047,0.9603060049291018,-51.84530915104952,-38.14053191566661,0,0,11.4,-51.84530915104951,20260302-204149,0.0,0.0
36.907367648800545,0.6755455198786007,-35.16976572075424,54.6334281891663,0,0,11.4,-35.16976572075423,20260302-204149,0.0,0.0
40.129249090253786,0.2965824738909397,-19.986627060863242,135.30553091620055,0,0,11.4,-19.98662706086324,20260302-204149,0.0,0.0
45.67400829670084,0.23590466627632675,-7.768427146697093,193.6121443363084,0,0,11.4,-7.768427146697081,20260302-204149,0.0,0.0
52.81504511767567,0.2275900303816881,1.4850221920163449,232.06220865255077,0,0,11.4,1.4850221920163567,20260302-204149,0.0,0.0
60.99424975547034,0.2374197516573251,8.400932937409152,256.9046986600556,0,0,11.2,8.40093293740914,20260302-204149,0.0,0.0
69.847860176521,0.2556575306842491,13.624903234203089,273.208694418577,0,0,11.2,13.624903234203076,20260302-204149,0.0,0.0
79.07047712024927,0.2828918729524405,17.66662140261866,279.5077719802241,0,0,11.2,17.666621402618656,20260302-204149,0.0,0.0
82.93065579858894,0.6260389641509837,22.35233816964876,-132.46884067520804,0,0,11.2,22.352338169648757,20260302-204149,0.0,0.0
79.07316455775191,0.8075929428180654,29.619627312418856,-97.91215396438342,0,0,11.2,29.61962731241885,20260302-204149,0.0,0.0
76.47141936879184,1.335716621590437,37.56681646206022,-57.251229888670075,0,0,11.2,37.56681646206022,20260302-204149,0.0,0.0
71.47321675683544,0.21139996083989882,-42.941369960172466,-338.0947492746454,0,0,11.1,-42.94136996017247,20260302-204149,0.0,0.0
60.14287161515029,0.1760023106775573,-43.171256581977616,-341.71637510676914,0,0,11.1,-43.171256581977616,20260302-204149,0.0,0.0
48.69319932771243,0.1410423336973518,-43.642870734321434,-345.2381852401715,0,0,11.3,-43.64287073432143,20260302-204149,0.0,0.0
37.12996745475589,0.10654825233991892,-44.58432149437968,-348.48030483222607,0,0,11.3,-44.58432149437967,20260302-204149,0.0,0.0
25.47111983635188,0.2310729479842561,-46.64762897015083,-110.22977833860209,0,0,11.5,-46.64762897015083,20260302-204149,0.0,0.0
21.7452548758948,0.19200932649018151,-47.95583709900643,-113.2510345897534,0,0,11.5,-47.95583709900644,20260302-204149,0.0,0.0
16.593583458325305,0.06420576794341804,-168.04847125576276,-258.44381260182985,0,0,11.5,-168.04847125576276,20260302-204149,0.0,0.0
9.990898698333666,0.10030209504079465,155.73267514813455,-99.60807592573404,0,0,11.5,155.73267514813455,20260302-204149,0.0,0.0
9.974626072020211,0.08135471219017126,-40.02494465453776,-122.60661741023624,0,0,11.5,-40.024944654537755,20260302-204149,0.0,0.0
5.842573259172906,0.04672446037966399,-35.44596261747188,-125.04314039581257,0,0,11.5,-35.44596261747189,20260302-204149,0.0,0.0
1.7523159258981613,0.01584709325987722,-11.913269301790223,-110.57648851823177,0,0,11.5,-11.913269301790216,20260302-204149,0.0,0.0
3.1064730630996134,0.023844033124112565,124.77133361848246,130.28303756037627,0,0,11.5,118.77133361848246,20260302-204149,0.0,0.0
7.678246074644083,0.05410730551419,141.24452520707268,141.90775167376265,0,0,11.5,129.24452520707266,20260302-204149,0.0,0.0
12.531229798858298,0.0840222655715217,149.80557154542032,149.14177466675693,0,0,11.5,131.8055715454203,20260302-204149,0.0,0.0
17.61687506245892,0.11295845174963448,156.75217944992687,155.95889275736224,0,0,11.5,132.75217944992684,20260302-204149,0.0,0.0
22.560867317380254,0.15010000906305407,136.0319846404883,150.3055693214707,0,0,11.5,106.0319846404883,20260302-204149,0.0,0.0
27.7406689891824,0.17312114896052508,145.1700237470102,160.23847551697915,0,0,11.5,109.17002374701019,20260302-204149,0.0,0.0
33.23043333366925,0.1966468190192013,153.16737359407801,168.98535912968165,0,0,11.5,111.16737359407803,20260302-204149,0.0,0.0
38.99672776096367,0.22049625806362685,160.40104745872384,176.85890954988767,0,0,11.5,112.40104745872382,20260302-204149,0.0,0.0
45.012446455186534,0.2446894877260497,167.08998225505047,183.957418332502,0,0,11.5,113.08998225505047,20260302-204149,0.0,0.0
40.43130498070319,0.2113206324093206,73.2692768476752,-191.3268218050246,0,0,11.5,13.269276847675176,20260302-204149,0.0,0.0
36.11818420297167,0.5921488256023574,98.03341372084827,-60.995112446994746,0,0,11.5,32.03341372084825,20260302-204149,0.0,0.0
36.553098844844364,0.4292519038133138,124.6657267870363,85.15535637727001,0,0,11.5,52.665726787036306,20260302-204149,0.0,0.0
41.40228242167237,0.20940872335691657,148.2470317176369,197.7103998246828,0,0,11.5,70.24703171763689,20260302-204149,0.0,0.0
49.211109809511306,0.18632881385457664,166.90185817006818,264.1089630287612,0,0,11.5,82.9018581700682,20260302-204149,0.0,0.0
44.11906153887232,0.15094646361236927,-2.059208664682501,-292.2828430891242,0,0,11.5,-92.05920866468247,20260302-204149,0.0,0.0
35.16106771379553,0.1469478356964404,-8.81785662112128,-239.27584606574274,0,0,11.5,-104.8178566211213,20260302-204149,0.0,0.0
28.70197865601329,0.20734904878500446,-22.13714310291516,-138.423488432656,0,0,11.5,-124.13714310291518,20260302-204149,0.0,0.0
26.541732192373026,1.8907000582553215,-41.62781853935951,14.038044837669757,0,0,11.5,-149.62781853935954,20260302-204149,0.0,0.0
20.91055969404319,0.06810962943723894,-57.692002571260105,-307.01326474418227,0,0,11.5,-171.69200257126008,20260302-204149,0.0,0.0
13.995815979783039,0.2484955532607407,-98.25661438804977,-56.322198913143325,0,0,11.5,147.74338561195023,20260302-204149,0.0,0.0
18.345878464071745,0.06674943799043574,-146.86481812833233,274.8469352910575,0,0,11.5,99.13518187166765,20260302-204149,0.0,0.0
29.540976920443576,0.07880037082311629,-167.8737621514656,374.8837297574957,0,0,11.5,78.1262378485344,20260302-204149,1.0,0.0
42.634450267994545,0.10041187909076191,-176.79589044324658,424.59568184614324,0,0,11.7,69.20410955675342,20260302-204149,1.0,0.0
55.054373171556435,0.14294871128459397,176.01966266224622,385.13374955825725,0,0,11.7,62.01966266224624,20260302-204149,1.0,0.0
68.18319691793225,0.16987465003468777,171.54421621322444,401.3735828389315,0,0,11.7,57.54421621322445,20260302-204149,1.0,0.0
81.75640526666322,0.1982260863882601,168.54934734230585,412.4401926925458,0,0,11.7,54.549347342305865,20260302-204149,1.0,0.0
95.6512179487272,0.22722986510119664,166.4348221760468,420.9447464404778,0,0,11.7,52.434822176046794,20260302-204149,1.0,0.0
103.23244557031896,0.8265133498210028,54.34538075215585,-124.90112300385216,0,0,11.7,-53.65461924784414,20260302-204149,1.0,0.0
99.8925469683593,1.3319546098644646,56.365349663403265,-74.9969602781915,0,0,11.7,-45.63465033659673,20260302-204149,1.0,0.0
87.11372119441234,0.21982576134662157,52.767771106423766,-396.2853155188272,0,0,11.7,-43.232228893576256,20260302-204149,1.0,0.0
73.84617607447092,0.18491756176100843,49.49141344509161,-399.34647294296127,0,0,11.7,-40.50858655490837,20260302-204149,1.0,0.0
60.525612873993865,0.1516121265547588,47.083395014312316,-399.2135342296212,0,0,11.9,-36.91660498568767,20260302-204149,1.0,0.0
47.29498195640422,0.12026421875005973,46.26855122653126,-393.25896303950117,0,0,11.9,-31.73144877346873,20260302-204149,1.0,0.0
34.457714170665085,0.4925236909442764,48.81473464856492,-69.96153647878756,0,0,12.1,-23.185265351435095,20260302-204149,1.0,0.0
32.004418159229395,0.43491344951040206,42.55205700694677,-73.5880166393059,0,0,12.1,-23.447942993053232,20260302-204149,1.0,0.0
29.55190651034598,0.401729897642866,36.24577279168312,-73.56163104548753,0,0,12.3,-23.754227208316863,20260302-204149,1.0,0.0
27.10039217287277,0.36857359484280583,29.884063394128248,-73.52776365987614,0,0,12.7,-24.115936605871763,20260302-204149,1.0,0.0
24.65017270309958,0.33545272113822694,23.450426134255224,-73.4832992841999,0,0,12.6,-24.549573865744772,20260302-204149,1.0,0.0
22.201676817385337,0.3023790947481469,16.921105989967486,-73.42331928031344,0,0,12.5,-25.078894010032524,20260302-204149,1.0,0.0
19.755545387472175,0.2693704477977766,10.260636431504622,-73.3396909311417,0,0,12.5,-25.739363568495357,20260302-204149,1.0,0.0
28.22118380546098,3.5046089607807263,161.40453598476313,8.05259135078343,0,0,12.3,131.40453598476316,20260302-204149,1.0,0.0
28.808086244587212,1.0682756614595297,146.87698574308166,26.96690309805263,0,0,12.3,122.87698574308165,20260302-204149,1.0,0.0
30.00028663320898,0.6785023957816129,132.85857858514908,44.215446872003476,0,0,12.3,114.85857858514906,20260302-204149,1.0,0.0
31.729628273570746,0.5366324456716612,119.58267658727777,59.12730124593423,0,0,12.2,107.58267658727779,20260302-204149,1.0,0.0
33.91404089736909,0.4741571017567165,107.15021016004039,71.5249033953517,0,0,12.2,101.15021016004039,20260302-204149,1.0,0.0
36.47184910178022,0.4470780884085465,95.5569884227811,81.57825231741555,0,0,12.2,95.5569884227811,20260302-204149,1.0,0.0
39.330269909101695,0.4388382511466687,84.73598730734716,89.62361372631739,0,0,12.2,90.73598730734714,20260302-204149,1.0,0.0
42.42858980272282,0.44181397427842567,74.59310748616957,96.03270216162255,0,0,12.2,86.59310748616957,20260302-204149,1.0,0.0
45.71806077993465,0.4520061185485146,65.02988499387851,101.14478301033807,0,0,12.2,83.0298849938785,20260302-204149,1.0,0.0
49.16032625616966,0.467114869046061,55.95509628050988,105.24247784397137,0,0,12.2,79.95509628050988,20260302-204149,1.0,0.0
52.72546842896182,0.4857238099709723,47.28927605608254,108.55030646348752,0,0,12.2,77.28927605608253,20260302-204149,1.0,0.0
56.3901863075395,0.5069129265176927,38.96544550969338,111.24235220222052,0,0,12.4,74.96544550969338,20260302-204149,1.0,0.0
60.13627815096093,0.5300586605549368,30.928118211008155,113.45211884285067,0,0,12.4,72.92811821100817,20260302-204149,1.0,0.0
63.949445151663575,0.5547234036366486,23.13170108176962,115.28167863916434,0,0,12.6,71.13170108176963,20260302-204149,1.0,0.0
67.8183741169506,0.5805909915267706,15.538828092274457,116.80920838714655,0,0,12.6,69.53882809227447,20260302-204149,1.0,0.0
71.73404315827236,0.6074273087466888,8.118851671338746,118.09486028259408,0,0,12.6,68.11885167133876,20260302-204149,1.0,0.0
75.60599348516895,0.6621467079043473,0.8496976556547509,114.18314488711599,0,0,12.6,66.84969765565475,20260302-204149,1.0,0.0
79.34530209425944,0.7201113029724382,-6.308507223892917,110.1847752795186,0,0,12.6,65.69149277610708,20260302-204149,1.0,0.0
85.92480976921803,0.53002528927395,-76.69446916520725,162.11454718872244,0,0,12.5,1.3055308347927477,20260302-204149,1.0,0.0
79.09467227311612,0.27942814841398195,-96.01259362125978,-283.05907161484237,0,0,12.7,-18.012593621259786,20260302-204149,1.0,0.0
69.78832106694921,0.2537873677165594,-92.64901902771985,-274.9873711007232,0,0,12.7,-14.649019027719845,20260302-204149,1.0,0.0
60.790795955678036,0.22999270587619983,-88.42829865400186,-264.31619091607377,0,0,12.6,-10.428298654001864,20260302-204149,1.0,0.0
52.215014242668246,0.20944625762438662,-82.96671583080804,-249.30029705428672,0,0,12.8,-4.966715830808039,20260302-204149,1.0,0.0
44.25318209968914,0.19513023171486127,-75.66992748745147,-226.7879339391918,0,0,12.8,2.33007251254853,20260302-204149,1.0,0.0
37.239369364200044,0.1947137493041337,-65.66407252869902,-191.2518735697185,0,0,12.7,12.33592747130097,20260302-204149,1.0,0.0
31.73790179066322,0.5295415071479216,-51.926285007904255,-59.934681913041395,0,0,12.9,26.07371499209573,20260302-204149,1.0,0.0
30.013555043096723,0.6941430286802449,-43.48860110684623,-43.23828635167693,0,0,12.9,34.511398893153775,20260302-204149,1.0,0.0
28.871378441099644,1.1496276986576868,-34.43668262172034,-25.113676779717526,0,0,12.9,43.563317378279656,20260302-204149,1.0,0.0
28.34584427566125,4.422140188914799,-25.04046695462324,-6.409983190202156,0,0,12.9,52.95953304537677,20260302-204149,1.0,0.0
28.438262854082126,2.4150308385908623,-15.643908711944363,11.775527831634426,0,0,12.9,62.35609128805564,20260302-204149,1.0,0.0
29.113519250164323,1.0247206217294644,-6.586854417735083,28.41117728364654,0,0,12.9,71.41314558226492,20260302-204149,1.0,0.0
36.708476293358856,0.6174423436620358,-5.387230081467294,59.452476284087936,0,0,12.7,72.61276991853269,20260302-204149,1.0,0.0
38.79232435316982,0.5943440111052546,0.2116171439876382,65.2691431701832,0,0,12.7,78.21161714398764,20260302-204149,1.0,0.0
34.210774116438536,0.2769438631641838,-158.94555559316342,-123.52963422105863,0,0,13.1,-80.9455555931634,20260302-204149,1.0,0.0
30.296054186232368,0.27303689799576664,-153.73558867406376,-110.95956044264061,0,0,13.0,-75.73558867406378,20260302-204149,1.0,0.0
26.844001671582273,0.2806779255788131,-147.24856860232921,-95.63987483598741,0,0,13.0,-69.24856860232923,20260302-204149,1.0,0.0
27.433923474551044,0.6168802121545566,-135.33802608184695,-44.47204324926149,0,0,12.9,-57.33802608184695,20260302-204149,1.0,0.0
26.42916466735448,1.6859723612776871,-125.12978335034236,-15.675918107771093,0,0,12.9,-47.129783350342365,20260302-204149,1.0,0.0
26.38129742821494,2.12109457682129,-114.81064314931419,12.437586572754533,0,0,12.9,-36.81064314931419,20260302-204149,1.0,0.0
34.621888365778055,0.585381960294784,-109.60361997130758,59.14409857854746,0,0,12.8,-31.60361997130758,20260302-204149,1.0,0.0
36.894624118165474,0.4827709379372332,-102.62532119630526,76.42262866072166,0,0,12.8,-24.62532119630526,20260302-204149,1.0,0.0
39.66690751710055,0.4445489294776008,-96.7743537938066,89.22956481688979,0,0,12.8,-18.774353793806597,20260302-204149,1.0,0.0
42.802345814731325,0.43518366647001006,-91.95558309415767,98.35466979246331,0,0,12.7,-13.955583094157669,20260302-204149,1.0,0.0
46.19227841416019,0.44147894946434757,-88.02594340964848,104.6307609234957,0,0,12.7,-10.025943409648479,20260302-204149,1.0,0.0
49.75408608977622,0.4574097614590024,-84.83818218355331,108.77355553382888,0,0,12.7,-6.838182183553316,20260302-204149,1.0,0.0
53.426427576991756,0.47983330918494904,-82.26062123847755,111.34372406897421,0,0,12.7,-4.260621238477552,20260302-204149,1.0,0.0
52.11419884465353,0.18150697195043256,-135.7013691604373,-287.1195430381887,0,0,12.7,-57.70136916043731,20260302-204149,1.0,0.0
42.72457214208021,0.15517511760935512,-140.02132481861526,-275.3313340456876,0,0,12.9,-62.02132481861524,20260302-204149,1.0,0.0
33.74484867407867,0.27801479341892027,-146.74441461156212,-121.37788877741843,0,0,13.1,-68.74441461156212,20260302-204149,1.0,0.0
29.018441160630648,0.20466246575120856,-146.9315678484523,-141.78682473173168,0,0,13.0,-68.93156784845229,20260302-204149,1.0,0.0
24.362546137004895,0.17711085925449085,-147.2977343301128,-137.55534945487625,0,0,13.0,-69.2977343301128,20260302-204149,1.0,0.0
19.85663535866098,0.1401368841763977,-154.0565809143575,-141.69456867377176,0,0,13.2,-70.05658091435751,20260302-204149,1.0,0.0
15.21255748278038,0.1111556014972488,-160.93842981573664,-136.85821747055098,0,0,13.2,-70.93842981573664,20260302-204149,1.0,0.0
10.61480576792982,0.07636853420995181,-168.6131033282859,-138.9944939724478,0,0,13.2,-72.61310332828587,20260302-204149,1.0,0.0
5.953722817253431,0.04250897839035794,-178.65030945780336,-140.0580075714988,0,0,13.0,-76.65030945780337,20260302-204149,1.0,0.0
1.484953740574207,0.013496244225258585,145.2814592716561,-110.02718354748471,0,0,13.2,-106.71854072834391,20260302-204149,0.0,0.0
3.696229387027626,0.026941864430060167,19.089046202217162,137.19278398949956,0,0,13.2,127.08904620221718,20260302-204149,0.0,0.0
8.35570987973661,0.059289431723517916,10.842980784063712,140.93084782295543,0,0,13.4,118.84298078406371,20260302-204149,0.0,0.0
13.064165313943692,0.09235227686575269,8.51733818861436,141.46013241161702,0,0,13.4,116.51733818861436,20260302-204149,1.0,0.0
22.155846948858454,0.2113225705583095,-8.342362851837322,104.84373197961392,0,0,13.4,99.65763714816266,20260302-204149,1.0,0.0
25.795922079121116,0.22839215951109174,-14.426165730235851,112.9457426837297,0,0,13.4,93.57383426976415,20260302-204149,1.0,0.0
29.575099146037008,0.26057752521264965,-19.02035926113055,113.49827319874053,0,0,13.4,88.97964073886945,20260302-204149,1.0,0.0
33.34708070791309,0.2960285358565216,-22.666216342087182,112.64819660519375,0,0,13.6,85.33378365791283,20260302-204149,1.0,0.0
37.07616957498611,0.3340291054676882,-25.673132624833755,110.99682323513157,0,0,13.6,82.32686737516624,20260302-204149,1.0,0.0
40.741694610292434,0.3742047758284037,-28.235563100079276,108.87539989327942,0,0,13.6,79.76443689992072,20260302-204149,1.0,0.0
44.33147821676605,0.4163479749992785,-30.48039346007343,106.4769877092422,0,0,13.6,77.51960653992657,20260302-204149,1.0,0.0
37.39988282785829,0.16469798267007763,-111.00809810358284,-227.08160853905292,0,0,13.6,-3.0080981035828334,20260302-204149,1.0,0.0
30.48207253266426,0.27955504894870037,-99.41639315693718,-109.03781794424991,0,0,13.8,8.58360684306283,20260302-204149,1.0,0.0
28.13369310844043,0.4614353327996272,-91.13692253835815,-60.969958537304194,0,0,13.7,16.863077461641854,20260302-204149,1.0,0.0
26.469507098670547,0.6856475146741785,-81.59140232765279,-38.60512367094181,0,0,13.9,26.408597672347216,20260302-204149,1.0,0.0
25.569676458658734,1.6611384073771838,-71.45385281816097,-15.392863318976163,0,0,13.9,36.54614718183903,20260302-204149,1.0,0.0
30.45297045398449,0.6587712460443798,-63.4218731790194,46.22692723284548,0,0,13.8,44.57812682098061,20260302-204149,1.0,0.0
32.284597731594495,0.5140377659868575,-55.24749243366867,62.80588678073884,0,0,14.0,52.75250756633134,20260302-204149,1.0,0.0
34.585741757288446,0.46414458464074,-48.28401346080028,74.51501730664101,0,0,14.0,59.71598653919973,20260302-204149,1.0,0.0
37.20761808786449,0.4526083376406701,-42.43819022810442,82.20709826473404,0,0,14.0,65.56180977189557,20260302-204149,1.0,0.0
40.01329807840623,0.4670216441826409,-31.5141764474684,85.67760954299153,0,0,14.0,70.48582355253158,20260302-204149,1.0,0.0
34.704447687785304,0.3371288185499075,-169.2697944653758,-102.94120756884439,0,0,14.2,-73.26979446537582,20260302-204149,1.0,0.0
31.502442736081967,0.35451595645797457,-157.69875527896653,-88.86043677928603,0,0,14.2,-67.69875527896652,20260302-204149,1.0,0.0
28.800044863055756,0.39439058378370484,-145.1394060312512,-73.0241695599166,0,0,14.3,-61.13940603125122,20260302-204149,1.0,0.0
30.047281092865674,1.1378993098853227,-129.181550187288,-26.405922590720117,0,0,14.2,-51.18155018728799,20260302-204149,1.0,0.0
29.553204384263204,8.323644859357836,-114.5062089180291,-3.5505124117637106,0,0,14.2,-42.506208918029095,20260302-204149,1.0,0.0
29.778920112650635,1.806797660265146,-100.06044614218749,16.481602100525524,0,0,14.2,-34.06044614218748,20260302-204149,1.0,0.0
30.60535353414775,0.9459915188985822,-86.22794081496829,32.35267222034037,0,0,14.4,-26.227940814968285,20260302-204149,1.0,0.0
31.885361818692683,0.7294115799217961,-73.20993766987378,43.71381356752148,0,0,14.4,-19.209937669873785,20260302-204149,1.0,0.0
33.47407431706198,0.6564900272183368,-61.035341953652704,50.98946355498725,0,0,14.4,-13.035341953652697,20260302-204149,1.0,0.0
35.28809087862492,0.614629208422229,-55.66798278347801,57.41362498734883,0,0,14.6,-7.667982783478013,20260302-204149,1.0,0.0
37.275280547791375,0.6064576029735839,-51.06160630600331,61.46395125565771,0,0,14.6,-3.0616063060033194,20260302-204149,1.0,0.0
39.36470894087853,0.6187106432367186,-47.122299477796076,63.623778532314006,0,0,14.8,0.8777005222039267,20260302-204149,1.0,0.0
41.50051140908797,0.6453304062819841,-43.75352541862634,64.30893539975841,0,0,14.8,4.246474581373645,20260302-204149,1.0,0.0
43.63933314496983,0.683422022150288,-40.86659241256527,63.85415121342596,0,0,14.8,7.1334075874347285,20260302-204149,0.0,0.0
40.3662713316933,0.1588970448808065,-122.22097727770927,-254.04041567905347,0,0,14.8,-74.22097727770927,20260302-204149,0.0,0.0
32.5314518754982,0.34199104291014404,-133.75461375489505,-95.12369563446616,0,0,15.0,-85.75461375489505,20260302-204149,0.0,0.0
28.268144322512967,0.22225322413764606,-135.94075882609195,-127.18890550269775,0,0,15.0,-87.94075882609194,20260302-204149,0.0,0.0
24.060537182937,0.19233116930786592,-138.89716741657122,-125.09952115157746,0,0,15.0,-90.89716741657124,20260302-204149,0.0,0.0
20.01060907042988,0.17040510215371119,-143.23270699941364,-117.42963571818191,0,0,14.9,-95.23270699941364,20260302-204149,0.0,0.0
14.612478685338145,0.057521806751455094,141.93067245360334,-254.0337223494549,0,0,14.9,-170.06932754639666,20260302-204149,0.0,0.0
8.546678171256419,0.13837274365220367,98.53548767428549,-61.76561904950208,0,0,14.9,146.53548767428552,20260302-204149,0.0,0.0
10.738530731648192,0.21315164656073296,-177.5576147226141,-50.37976907482382,0,0,14.9,-129.5576147226141,20260302-204149,0.0,0.0
9.891335608920123,7.471605498591192,160.0039227893662,1.3238567816227962,0,0,14.9,-151.9960772106338,20260302-204149,0.0,0.0
10.798697697823645,0.21320850247356124,138.02369922005028,50.64853217644418,0,0,14.9,-173.9763007799497,20260302-204149,0.0,0.0
13.05254900481801,0.1602680262082921,122.05587615566776,81.44200258543324,0,0,14.9,170.0558761556678,20260302-204149,0.0,0.0
16.062677709027408,0.16498283377103515,111.91029317372073,97.35969095620794,0,0,14.9,159.91029317372073,20260302-204149,0.0,0.0
19.457643279996525,0.18450888985987643,105.58242652506931,105.45639993158841,0,0,15.1,153.58242652506928,20260302-204149,0.0,0.0
23.051524325567897,0.2100492917707283,101.57779727662819,109.74340418499936,0,0,15.1,149.57779727662816,20260302-204149,0.0,0.0
26.753091311832794,0.2385905541911124,99.01640936449706,112.12971696441686,0,0,15.1,147.01640936449706,20260302-204149,0.0,0.0
30.516086185691005,0.26878281770288337,97.39105078126812,113.53436371600195,0,0,15.1,145.39105078126812,20260302-204149,0.0,0.0
34.31641845412449,0.29990161293768913,96.40000107193805,114.42558817199308,0,0,15.1,144.40000107193805,20260302-204149,0.0,0.0
38.14161346103013,0.3315009313353656,95.85592399385212,115.05733425057518,0,0,15.1,143.8559239938521,20260302-204149,0.0,0.0
41.98566532554395,0.3632749251747408,95.63749101891261,115.57545653707919,0,0,15.1,143.6374910189126,20260302-204149,0.0,0.0
45.846371279513136,0.39499579296736814,95.66304907119468,116.06799894018276,0,0,15.1,143.6630490711947,20260302-204149,0.0,0.0
49.72387034227125,0.4264834864664963,95.87573940383072,116.59037669721698,0,0,15.1,143.87573940383072,20260302-204149,0.0,0.0
53.61979980227983,0.45759008847301447,96.2347543684773,117.17867399884025,0,0,15.1,144.2347543684773,20260302-204149,0.0,0.0
57.69775616875642,0.4519914416394996,102.68549557171161,127.65232005161533,0,0,15.1,144.68549557171158,20260302-204149,0.0,0.0
62.13919666090928,0.44718384789647925,109.15687010295528,138.95671087676266,0,0,15.1,145.15687010295528,20260302-204149,0.0,0.0
66.96856465930328,0.4438146260445827,115.59940458665142,150.8930997974277,0,0,15.1,145.59940458665145,20260302-204149,0.0,0.0
72.20338035677835,0.4422942676829803,121.97364820772412,163.24737992881018,0,0,15.1,145.97364820772412,20260302-204149,0.0,0.0
71.57175828260824,0.32562175694037265,-150.23395109401886,-219.80029514954788,0,0,15.1,-132.23395109401886,20260302-204149,0.0,0.0
64.22876620186862,0.2908627658816654,-145.66606949206243,-220.82154794608346,0,0,15.1,-133.66606949206243,20260302-204149,0.0,0.0
56.85301902043942,0.2565843716552364,-141.91208378597798,-221.57631290510113,0,0,15.1,-135.91208378597798,20260302-204149,0.0,0.0
49.477306209606354,0.22443157029001273,-139.34510388165492,-220.4560888901293,0,0,15.1,-139.34510388165492,20260302-204149,0.0,0.0
42.21089648908459,0.1969846674384821,-138.58736511067463,-214.28518796909393,0,0,15.1,-144.58736511067463,20260302-204149,0.0,0.0
35.45808436387666,0.18780236507545334,-146.38101074210914,-188.8053132325073,0,0,15.1,-152.38101074210914,20260302-204149,0.0,0.0
29.806953176995837,0.2030813007851916,-157.63349531674805,-146.77349939039448,0,0,15.1,-163.63349531674808,20260302-204149,0.0,0.0
18.087246190721654,0.04760198955496328,4.914612139316432,-379.9682819945446,0,0,15.1,-1.0853878606835632,20260302-204149,0.0,0.0
9.479886265698264,0.4231187550810683,60.640602837459255,-22.404788612790153,0,0,15.1,54.64060283745923,20260302-204149,0.0,0.0
17.415928616620803,0.04561372723812058,120.70045949915169,381.81331961107225,0,0,15.1,114.70045949915169,20260302-204149,0.0,0.0
30.335951386766478,0.21982888387561125,128.7853071037032,137.998023062028,0,0,15.1,128.78530710370316,20260302-204149,0.0,0.0
35.27998126801511,0.22764951899445543,112.86837952334929,154.9749870935347,0,0,15.1,118.86837952334926,20260302-204149,0.0,0.0
40.48605376118753,0.2604943890865153,100.00109298258855,155.42006068983434,0,0,15.1,112.00109298258853,20260302-204149,0.0,0.0
45.54456780221852,0.3097413229098675,89.02725551887767,147.04065758598077,0,0,15.1,107.02725551887768,20260302-204149,0.0,0.0
50.23719099869188,0.3750084947575372,79.19841479987042,133.9628080456494,0,0,15.1,103.1984147998704,20260302-204149,0.0,0.0
50.14870857594852,0.35671136892727245,-130.91230431983092,-140.58623566375036,0,0,15.1,-100.91230431983092,20260302-204149,0.0,0.0
45.78428412271955,0.37780729449145484,-135.21162296188135,-121.18422484231597,0,0,15.1,-99.21162296188136,20260302-204149,0.0,0.0
42.07986154133536,0.4172102982780189,-138.68658054993483,-100.86007396033727,0,0,15.1,-96.68658054993485,20260302-204149,0.0,0.0
39.080902095474386,0.49677430937807815,-141.11988126131956,-78.66933003117767,0,0,15.1,-93.11988126131956,20260302-204149,0.0,0.0
36.86963263635418,0.6906464834783235,-142.34350229237208,-53.384232770818656,0,0,15.1,-88.34350229237208,20260302-204149,1.0,0.0
35.56945915801864,0.16138671825478001,-142.32018739664227,-220.3989246616032,0,0,15.3,-82.32018739664228,20260302-204149,1.0,0.0
28.605819524326627,0.14651602906856687,-139.8275592845778,-195.24020481704167,0,0,15.3,-73.8275592845778,20260302-204149,1.0,0.0
22.762801496120254,0.150748664345652,-132.72792277119441,-150.99836270474256,0,0,15.3,-60.727922771194415,20260302-204149,1.0,0.0
25.477321908757652,8.835095099061634,-116.13872955150717,-2.883649991663765,0,0,15.2,-38.13872955150717,20260302-204149,1.0,0.0
26.782725959101864,0.3405452898123295,-103.80351438403473,78.64659051329562,0,0,16.2,-19.80351438403473,20260302-204149,1.0,0.0
29.25101898760629,0.9578137145746299,142.4595076637283,-30.53936119571729,0,0,16.1,-127.54049233627171,20260302-204149,1.0,0.0
29.99304650682938,0.4050972124644449,116.48427724256544,74.03913328448748,0,0,16.1,-147.51572275743456,20260302-204149,1.0,0.0
33.95692638232342,0.21369681618772032,93.25044092674113,158.90235048001003,0,0,16.1,-164.74955907325887,20260302-204149,1.0,0.0
40.25896587498071,0.18737541747433903,74.37107715888226,214.85724444346684,0,0,16.1,-177.62892284111774,20260302-204149,1.0,0.0
48.04500514571912,0.19269140581458577,59.20474593266414,249.33652304114517,0,0,16.1,173.20474593266414,20260302-204149,1.0,0.0
56.72250117368022,0.21036989057070257,46.68996689839679,269.6322226522076,0,0,16.1,166.6899668983968,20260302-204149,1.0,0.0
65.93596182331576,0.23362558651334214,35.947707033221434,282.22919761209556,0,0,16.1,161.94770703322143,20260302-204149,1.0,0.0
75.48939850041842,0.25992871117890837,26.386161491222992,290.42347095107635,0,0,16.1,158.386161491223,20260302-204149,1.0,0.0
70.9313542864664,0.22440897797551573,78.02345286676518,-316.0807331612437,0,0,16.1,-143.97654713323482,20260302-204149,1.0,0.0
60.418257457694374,0.1920567808456239,70.44494533077261,-314.5853907978331,0,0,16.3,-145.5550546692274,20260302-204149,1.0,0.0
49.97029320598214,0.1601341182397209,62.20401268255148,-312.0527577463322,0,0,16.2,-147.7959873174485,20260302-204149,1.0,0.0
39.63899755941066,0.1290021084729945,52.787200955195885,-307.27402853038444,0,0,16.2,-151.21279904480411,20260302-204149,1.0,0.0
29.486136051895077,0.29482014929408984,41.11264972497702,-100.01397842886912,0,0,16.4,-156.887350275023,20260302-204149,1.0,0.0
25.573967114923295,0.2252731059103455,31.50110586756631,-113.52427983614368,0,0,16.3,-160.4988941324337,20260302-204149,1.0,0.0
21.798256297065073,0.19340294361380916,26.606704049496443,-112.70902029594887,0,0,16.3,-165.39329595050356,20260302-204149,1.0,0.0
18.089941434572836,0.1657382300914894,19.917070895184338,-109.14766873392446,0,0,16.3,-172.0829291048157,20260302-204149,1.0,0.0
75.50697151229052,0.26278044773249776,135.8323266582621,-287.33862113346515,0,0,16.1,-56.16767334173787,20260302-204149,1.0,0.0
66.14213990477259,0.24137474259624953,131.93003027949226,-274.0226222236075,0,0,16.0,-60.06996972050775,20260302-204149,1.0,0.0
57.28365316108836,0.2232101118642982,126.90788600479141,-256.6355649510819,0,0,16.2,-65.09211399520858,20260302-204149,0.0,0.0
49.10609319854223,0.21109542993221728,120.29290837625399,-232.6250891092725,0,0,16.2,-71.70709162374598,20260302-204149,0.0,0.0
41.89423163700833,0.21174670923683392,111.42957318621166,-197.85068579342396,0,0,16.1,-80.57042681378834,20260302-204149,0.0,0.0
36.09858606484988,0.2461014893057927,99.5825262757516,-146.6817050424091,0,0,16.1,-92.41747372424841,20260302-204149,0.0,0.0
32.34277509546921,0.4288150793811539,84.46216637556927,-75.42359550915235,0,0,16.1,-107.53783362443076,20260302-204149,0.0,0.0
31.27678719502881,2.5545047227193396,73.26604329915034,12.243777401097862,0,0,16.0,-124.73395670084965,20260302-204149,0.0,0.0
33.07969893008381,0.35558142599699394,62.81576835732278,93.02988432911977,0,0,16.0,-141.18423164267722,20260302-204149,0.0,0.0
37.22881688397318,0.24503186855778167,55.38764295186286,151.93459162310614,0,0,16.0,-154.61235704813717,20260302-204149,0.0,0.0
29.785460200890295,0.11966303629271251,-167.4958546345128,-248.91111845123916,0,0,16.0,-23.495854634512796,20260302-204149,0.0,0.0
21.81949967525601,0.09622751865148149,-152.42202727702428,-226.74906285677235,0,0,16.0,-14.422027277024283,20260302-204149,0.0,0.0
14.96200876322296,0.0846483647644964,-129.11767651602165,-176.75484700560207,0,0,16.0,2.882323483978366,20260302-204149,0.0,0.0
10.973931021907136,0.2516271667632021,-88.53224763305147,-43.61186895306235,0,0,16.2,37.46775236694853,20260302-204149,0.0,0.0
12.56083490362514,0.09952238602668881,-40.97411504794826,126.21115112992483,0,0,16.2,79.02588495205173,20260302-204149,0.0,0.0
18.17891744240874,0.0920636217620565,-11.107985013059192,197.46037679674555,0,0,16.2,102.8920149869408,20260302-204149,0.0,0.0
25.22214128253884,0.11393314182839716,7.037871821010356,221.37668528905934,0,0,16.2,115.03787182101034,20260302-204149,0.0,0.0
30.305383630495708,0.9249576175885997,11.749434855126992,32.76407810933328,0,0,16.2,113.749434855127,20260302-204149,0.0,0.0
32.67389500118649,0.3103667981070359,1.3995943650535878,105.27509772459062,0,0,16.2,97.3995943650536,20260302-204149,1.0,0.0
37.05867394682021,0.2208147281772289,-11.662844145475901,167.82700254068385,0,0,16.4,84.33715585452408,20260302-204149,1.0,0.0
41.522024260806816,0.3059777558080981,-16.643250245758054,135.7027544409092,0,0,16.4,79.35674975424195,20260302-204149,1.0,0.0
46.08141903019907,0.3349575104808434,-20.70620691126544,137.57392382110663,0,0,16.4,75.29379308873457,20260302-204149,1.0,0.0
50.67819118668331,0.36710858093692705,-24.10091912866443,138.04687173844712,0,0,16.4,71.89908087133557,20260302-204149,1.0,0.0
50.32625689499366,27.386155668613092,-143.5523592093237,1.8376532107670707,0,0,16.4,-47.55235920932371,20260302-204149,1.0,0.0
51.47733325860061,0.7775296063295585,-132.11188279676398,66.20626769648919,0,0,16.4,-36.111882796763986,20260302-204149,1.0,0.0
54.63687955976958,0.4498766909645445,-121.71661580983545,121.44856725656764,0,0,16.4,-25.716615809835446,20260302-204149,1.0,0.0
51.044931091202834,0.5296757744538512,-49.90773285081147,-96.37014481894188,0,0,16.4,46.09226714918853,20260302-204149,1.0,0.0
48.703108365727836,1.1287890438837223,-38.72809777652111,-43.14633334689311,0,0,16.4,57.27190222347889,20260302-204149,1.0,0.0
48.205026057584064,3.62555564716191,-27.007167247743155,13.29590020093031,0,0,16.6,68.99283275225686,20260302-204149,1.0,0.0
49.55629629397016,0.741905255133469,-15.580105384043861,66.79599039240524,0,0,16.6,80.41989461595614,20260302-204149,1.0,0.0
86.11581632760546,0.686797969869425,-40.47693595035835,125.3874066400894,0,0,16.5,55.52306404964165,20260302-204149,1.0,0.0
90.26062922441174,0.7320205659808048,-41.91987183789365,123.30340624170192,0,0,16.4,54.08012816210634,20260302-204149,1.0,0.0
90.48927908277012,0.39669387829437086,-165.55742436440516,-228.10858456359037,0,0,16.4,-69.55742436440516,20260302-204149,1.0,0.0
83.11654317979858,0.3887168922635169,-169.0022779572509,-213.822822815358,0,0,16.6,-73.0022779572509,20260302-204149,1.0,0.0
76.2672649503613,0.3879765533140534,-173.11446747616765,-196.57699492119986,0,0,16.6,-77.11446747616766,20260302-204149,1.0,0.0
70.05315551216647,0.3989984076437694,-178.01160575407738,-175.57251901293492,0,0,16.6,-82.0116057540774,20260302-204149,1.0,0.0
64.6134677074367,0.43081195190765015,176.20006601154955,-149.98067584087684,0,0,16.6,-87.79993398845048,20260302-204149,1.0,0.0
60.1125858867421,0.5044017780610578,169.46101476451537,-119.17599917632621,0,0,16.6,-94.53898523548465,20260302-204149,1.0,0.0
56.726889791255026,0.682269004650531,161.8108174737116,-83.14446267467689,0,0,16.6,-102.18918252628838,20260302-204149,1.0,0.0
54.61634476771421,1.2715462874373769,153.44058692273654,-42.95269885753494,0,0,16.6,-110.55941307726344,20260302-204149,1.0,0.0
53.8841228587665,58.47296733858584,144.7055182548537,-0.9215219495660656,0,0,16.6,-119.2944817451463,20260302-204149,1.0,0.0
54.54106596457475,1.3678386088424404,136.06063537493628,39.87390442994673,0,0,16.5,-127.9393646250637,20260302-204149,1.0,0.0
56.49713650334245,0.7371922639183823,127.93692238424455,76.63826557680412,0,0,16.4,-136.06307761575545,20260302-204149,1.0,0.0
59.58653211013445,0.5532116686621994,120.63259583347838,107.71018668899231,0,0,16.4,-143.3674041665216,20260302-204149,1.0,0.0
53.11402563610933,0.21048106886366283,121.14582193807911,-252.3458566742335,0,0,16.4,-142.8541780619209,20260302-204149,1.0,0.0
44.79865975900966,0.18197666239913923,123.93474450237903,-246.17804925309787,0,0,16.4,-140.06525549762097,20260302-204149,1.0,0.0
36.74026434701117,0.15534266467044336,128.18453285528642,-236.5110990271409,0,0,16.4,-135.81546714471355,20260302-204149,1.0,0.0
29.113312407836972,0.17255018297605212,134.9918032818075,-168.7237411500024,0,0,16.8,-129.00819671819252,20260302-204149,1.0,0.0
22.75737303352982,0.12049636351811685,135.4824565410919,-188.86356707443878,0,0,16.8,-128.5175434589081,20260302-204149,1.0,0.0
17.118756947909688,0.09680108973770192,125.50119881971034,-176.84467183474592,0,0,16.6,-138.49880118028963,20260302-204149,1.0,0.0
11.53934757398206,0.07468080731464362,113.15140569803361,-154.51557085295985,0,0,16.6,-150.84859430196641,20260302-204149,1.0,0.0
7.317352247889184,0.08657403257869474,84.50370102019258,-84.52132850849705,0,0,16.5,-179.49629897980745,20260302-204149,1.0,0.0
90.96156649035031,0.5275166366025634,-179.60571713983305,-172.433550297451,0,0,16.3,-77.60571713983305,20260302-204149,1.0,0.0
85.76945995863676,0.6205010565048845,-179.58860534736448,-138.22613041427044,0,0,16.3,-71.58860534736449,20260302-204149,1.0,0.0
80.40271029080255,0.2806604323566546,178.89324310054786,-286.4768275872577,0,0,16.3,-67.10675689945215,20260302-204149,1.0,0.0
71.04724535793416,0.25882400968101044,169.67952507585431,-274.50021134243633,0,0,16.3,-70.3204749241457,20260302-204149,1.0,0.0
62.13023481859619,0.23893686520049234,159.594294985501,-260.02783106099014,0,0,16.3,-74.405705014499,20260302-204149,1.0,0.0
53.752509238861215,0.2222239785172878,148.32324755773823,-241.8843798833327,0,0,16.3,-79.67675244226174,20260302-204149,1.0,0.0
46.068264207016156,0.21135817764881232,135.40850283523366,-217.96300819532084,0,0,16.3,-86.59149716476632,20260302-204149,1.0,0.0
39.32462276262552,0.21289275645895925,120.21894031951103,-184.71564470633547,0,0,16.3,-95.781059680489,20260302-204149,1.0,0.0
33.91317833548854,1.3268523943284616,102.04415610250169,-25.55911907040155,0,0,16.5,-107.9558438974983,20260302-204149,1.0,0.0
30.930580900600095,0.3777847400977575,88.97386519203724,-81.8735581871209,0,0,16.7,-115.02613480796279,20260302-204149,1.0,0.0
28.46905230377518,0.4340191297039351,74.87981556251225,-65.59400347905232,0,0,16.7,-123.12018443748775,20260302-204149,1.0,0.0
30.4994939475694,19.487486134385687,58.75102529134131,1.5650809825980074,0,0,16.6,-133.2489747086587,20260302-204149,1.0,0.0
30.90859629357844,1.3806801911907998,43.465474792623354,22.386499415857195,0,0,16.6,-142.53452520737665,20260302-204149,1.0,0.0
31.958173047872084,0.7991239444660064,34.81148685608923,39.991509789169555,0,0,16.8,-151.1885131439108,20260302-204149,1.0,0.0
30.147518767957585,0.14109046822998264,-14.367998893603215,-213.67509191915093,0,0,17.0,159.63200110639679,20260302-204149,1.0,0.0
29.812401047776795,2.6924516383063803,-36.433572477720986,-11.0725855289752,0,0,16.9,137.566427522279,20260302-204149,1.0,0.0
31.22149863943669,0.33305848032191043,-56.23052909058403,93.74179155942893,0,0,16.9,117.76947090941597,20260302-204149,1.0,0.0
35.79457910197206,0.20388035877907246,-72.84648561721379,175.5665887402109,0,0,17.1,101.15351438278621,20260302-204149,1.0,0.0
42.60265907735019,0.18624571606694498,-85.16237528418779,228.74437048547685,0,0,17.1,88.83762471581221,20260302-204149,1.0,0.0
50.82273313117136,0.1940372830561014,-93.99197583137878,261.9225147389697,0,0,17.0,80.00802416862122,20260302-204149,1.0,0.0
48.69606314180896,0.42654377547829064,117.84301788476245,-114.16428029504183,0,0,16.9,-68.15698211523754,20260302-204149,1.0,0.0
44.238764650555524,0.125095942805219,149.8983509318549,-353.6386845050412,0,0,16.9,-36.101649068145065,20260302-204149,1.0,0.0
32.86097796771495,0.10099891098309248,158.124124986788,-325.3597256431406,0,0,16.9,-27.87587501321201,20260302-204149,1.0,0.0
49.58843412338561,0.5158890047204987,158.48055833613364,96.12229310886731,0,0,16.7,-27.51944166386634,20260302-204149,1.0,0.0
53.84584672562893,0.34266274510245126,169.40508432352578,157.13948334106118,0,0,16.7,-16.594915676474177,20260302-204149,0.0,0.0
59.91227260960673,0.2927976132999318,178.45939708249102,204.62008530183837,0,0,16.7,-7.540602917508985,20260302-204149,0.0,0.0
67.35199439208134,0.2806608693059812,-174.30905260308032,239.97643333261772,0,0,16.9,-0.30905260308031074,20260302-204149,0.0,0.0
61.12130624726869,0.2579070224026429,25.625025258247433,-236.98969371933762,0,0,17.1,-166.37497474175257,20260302-204149,1.0,0.0
53.64978617232851,0.25614370572431977,23.920051884513214,-209.45190130914347,0,0,17.1,-174.07994811548681,20260302-204149,1.0,0.0
47.30309735595433,0.2801488850592827,20.124794653851808,-168.84985048555325,0,0,17.1,176.1247946538518,20260302-204149,1.0,0.0
59.083522277527216,0.2605714960291257,8.001967394284947,-226.74591495196802,0,0,17.0,158.00196739428495,20260302-204149,1.0,0.0
52.09143782948707,0.27348068615918114,5.032525297341778,-190.4757464268132,0,0,17.0,149.03252529734178,20260302-204149,1.0,0.0
60.15061487690552,1.3318795742217644,-2.4053950241443545,-45.16220238008557,0,0,16.9,135.59460497585565,20260302-204149,1.0,0.0
59.49762480678976,9.985043902439836,-6.58320691435469,5.958674332143054,0,0,16.9,125.41679308564531,20260302-204149,1.0,0.0
60.51941886275396,1.1094805842981543,-10.550114006985496,54.54752405697834,0,0,16.9,115.44988599301449,20260302-204149,1.0,0.0
63.06116081024143,0.6525304856674511,-13.802931854221754,96.64094198715993,0,0,16.9,106.19706814577826,20260302-204149,1.0,0.0
57.50576362914046,0.21744838279630327,-146.28905409346012,-264.45707661578473,0,0,16.9,-32.28905409346012,20260302-204149,1.0,0.0
48.71778191659362,0.18542959397021286,-142.21591019912864,-262.7292703041758,0,0,16.9,-34.21591019912866,20260302-204149,1.0,0.0
40.00621130344319,0.15415446517816594,-139.40890702086463,-259.5202886741264,0,0,16.9,-37.40890702086464,20260302-204149,1.0,0.0
31.471565871674475,0.12531189745350801,-138.91605062103653,-251.14587290764425,0,0,16.9,-42.916050621036526,20260302-204149,1.0,0.0
30.98901043841405,0.13928124921623433,113.13805000572142,-222.49233556416172,0,0,16.8,-156.86194999427858,20260302-204149,1.0,0.0
24.568306954878945,0.15776255038417542,103.08758887191993,-155.72965127054198,0,0,16.8,-172.91241112808007,20260302-204149,1.0,0.0
21.153842257072498,0.5094328665685107,85.66157776474205,-41.5242981858683,0,0,16.8,163.66157776474205,20260302-204149,1.0,0.0
58.21292695230906,0.2484011704904211,-89.56354415329477,-234.35045349173942,0,0,16.7,-17.563544153294764,20260302-204149,1.0,0.0
50.90782602577364,0.2516850695649377,-75.4225008048032,-202.26796175781428,0,0,16.7,-9.422500804803205,20260302-204149,1.0,0.0
44.87848021720943,0.2859224042404417,-65.04652976499352,-156.96034851284202,0,0,16.7,0.9534702350064848,20260302-204149,1.0,0.0
40.624813248861145,0.4251552148267072,-52.22141711793489,-95.55289887581357,0,0,16.9,13.778582882065106,20260302-204149,1.0,0.0
38.65934996155665,1.8507097308992824,-37.49062895390048,-20.888932130254485,0,0,16.9,28.50937104609951,20260302-204149,1.0,0.0
39.25303187262672,0.7064144664839169,-22.38616497269851,55.56657420678743,0,0,17.1,43.6138350273015,20260302-204149,1.0,0.0
42.23174746742938,0.3506167975882421,-8.674602760578892,120.44986936714186,0,0,17.1,57.3253972394211,20260302-204149,1.0,0.0
100.4743271345795,0.6128306863512956,-78.74449165853824,163.95120115931036,0,0,17.1,-12.744491658538243,20260302-204149,1.0,0.0
106.20950591672587,0.5916405947609453,-74.53583774890899,179.5169345329325,0,0,17.1,-8.535837748908996,20260302-204149,1.0,0.0
103.82728017920941,0.37678293868850116,174.2122635473225,-275.56258396574276,0,0,17.1,-119.78773645267749,20260302-204149,1.0,0.0
94.72480609237647,0.35007343088801324,174.2628039150784,-270.58553358960415,0,0,17.1,-119.7371960849216,20260302-204149,1.0,0.0
85.78827250501672,0.32299077234737933,174.33509901963674,-265.60595487462007,0,0,17.1,-119.66490098036326,20260302-204149,1.0,0.0
77.01778705880406,0.2955149201838742,174.43625428448308,-260.62233003627136,0,0,17.1,-119.56374571551692,20260302-204149,1.0,0.0
68.41352213984473,0.26762481830276,174.5766325978363,-255.6322039701472,0,0,17.1,-119.42336740216372,20260302-204149,1.0,0.0
59.97575744175917,0.23929864167743295,174.77194791887666,-250.63141613066324,0,0,17.1,-119.22805208112332,20260302-204149,1.0,0.0
51.70496024937629,0.21051437986588192,175.04720915551957,-245.61248634092058,0,0,17.1,-118.95279084448046,20260302-204149,1.0,0.0
43.60194907145136,0.1812511921008842,175.44474905004228,-240.56089544052523,0,0,17.1,-118.55525094995772,20260302-204149,1.0,0.0
35.66826240397493,0.15149269641977972,176.0422946937004,-235.44542573286643,0,0,17.1,-117.9577053062996,20260302-204149,1.0,0.0
40.513427251921954,0.1262453841988164,-130.92387156466418,-320.91016641146854,0,0,17.2,-64.9238715646642,20260302-204149,1.0,0.0
29.885308914060207,0.09440445173417401,-132.69635626949307,-316.5667335075667,0,0,17.2,-66.69635626949307,20260302-204149,1.0,0.0
19.43832907224844,0.06283796827672872,-136.75443351498816,-309.34050869762433,0,0,17.2,-70.75443351498816,20260302-204149,1.0,0.0
53.3002718944729,1.776416409408847,-122.38016658632037,-30.00437938546744,0,0,17.1,-50.38016658632038,20260302-204149,1.0,0.0
53.402543981746234,1.4912376135356717,-116.98323273402869,35.81088855124214,0,0,17.1,-38.98323273402869,20260302-204149,1.0,0.0
47.9843390827764,0.15543897041978635,-117.23606489964945,-308.7021160342703,0,0,17.1,-33.23606489964944,20260302-204149,1.0,0.0
37.79632885027104,0.12508140907892815,-120.4826720680112,-302.17383325463675,0,0,17.3,-30.482672068011198,20260302-204149,1.0,0.0
27.87912875734305,0.20372631574774522,-121.98068156638193,-136.84598700475743,0,0,17.5,-25.980681566381932,20260302-204149,1.0,0.0
23.371995079732613,0.17513409784619483,-126.74279064545992,-133.45199688217323,0,0,17.5,-24.74279064545992,20260302-204149,1.0,0.0
18.99082703172259,0.13974991816755714,-131.29587787549465,-135.8915073492422,0,0,17.3,-23.295877875494657,20260302-204149,1.0,0.0
14.534088033722707,0.11057343469226716,-128.44544453358802,-131.44285581950123,0,0,17.3,-20.445444533588013,20260302-204149,1.0,0.0
10.236876951067652,0.08115338401748914,-123.88545919327862,-126.14233004579982,0,0,17.3,-15.885459193278619,20260302-204149,1.0,0.0
79.359084752746,0.4213546925708456,153.05566529941353,-188.3427101963573,0,0,17.1,-98.94433470058648,20260302-204149,1.0,0.0
73.6573742087716,0.4822365479530904,146.36193200661762,-152.74116929009003,0,0,17.1,-105.63806799338238,20260302-204149,1.0,0.0
69.2436524408836,0.6231407358436326,138.7619131373063,-111.12040741027594,0,0,17.3,-113.23808686269372,20260302-204149,1.0,0.0
66.30561173287519,1.0282100312258582,130.40934671636495,-64.48644704800628,0,0,17.3,-121.59065328363505,20260302-204149,1.0,0.0
56.51296980032858,0.19240497740312096,133.13600399994812,-293.71885573378046,0,0,17.3,-118.86399600005191,20260302-204149,1.0,0.0
46.91094921082236,0.16666866550481982,137.42919235463262,-281.46231967919465,0,0,17.3,-114.57080764536737,20260302-204149,1.0,0.0
37.84033210596393,0.14509647063776387,144.02013996300946,-260.7942973363773,0,0,17.3,-107.97986003699054,20260302-204149,1.0,0.0
29.724578904953916,0.22104227627599105,154.64855371534225,-134.4746326618539,0,0,17.5,-97.35144628465773,20260302-204149,1.0,0.0
25.347339552764865,0.19809530965030017,157.43365846600727,-127.95527363828454,0,0,17.5,-94.5663415339927,20260302-204149,1.0,0.0
22.49761082834336,0.2181634925407388,166.89838491227658,-103.12271116645358,0,0,17.4,-85.10161508772345,20260302-204149,1.0,0.0
19.39630123036649,0.2374862729201538,176.19837562743004,-81.67335733500603,0,0,17.4,-75.80162437256995,20260302-204149,1.0,0.0
17.14922766590412,0.33214937860623595,-171.52405520279922,-51.631069544268456,0,0,17.4,-63.524055202799225,20260302-204149,1.0,0.0
46.730545843147844,0.23501058075239487,-100.78773596195062,-198.84443369970114,0,0,17.2,7.212264038049382,20260302-204149,1.0,0.0
40.97766300497146,0.28612076134952985,-89.03087325515453,-143.21806922257022,0,0,17.2,18.96912674484547,20260302-204149,1.0,0.0
37.3915261336028,0.5407106185804925,-74.5418939080208,-69.15256488168363,0,0,17.2,33.458106091979204,20260302-204149,1.0,0.0
36.487572925843224,2.379707362830742,-58.48572301438129,15.332798265766606,0,0,17.2,49.51427698561871,20260302-204149,1.0,0.0
38.33683301656061,0.4117663916086683,-43.056161347950024,93.10335616947317,0,0,17.2,64.94383865204998,20260302-204149,1.0,0.0
39.24142629306774,0.2298318151429589,-113.23686947300457,-170.73974840541104,0,0,17.2,-5.236869473004577,20260302-204149,1.0,0.0
34.452649393494276,0.30331777176068814,-93.99700973021766,-113.58599001141533,0,0,17.4,8.002990269782348,20260302-204149,1.0,0.0
31.857760147290374,0.7991043226342499,-71.93506605382333,-39.86683496126159,0,0,17.4,24.06493394617666,20260302-204149,1.0,0.0
31.862099436757426,0.8036453338758931,-48.753530436563324,39.64696625946924,0,0,17.3,41.246469563436676,20260302-204149,1.0,0.0
34.3774691742438,0.2314160452540973,-26.923244346783093,148.5526603675945,0,0,17.5,57.07675565321691,20260302-204149,1.0,0.0
31.513742416755417,0.2938299210733447,173.6320649013182,-107.25164510692932,0,0,17.4,-108.36793509868181,20260302-204149,1.0,0.0
28.198484679274916,0.30978685539697076,173.22913807839643,-91.02543954984945,0,0,17.3,-114.77086192160358,20260302-204149,1.0,0.0
28.93648959012531,0.6775500871230592,167.7091003196432,-42.70752840279652,0,0,17.2,-126.29089968035683,20260302-204149,1.0,0.0
27.396160147089248,0.10519486900553336,130.48687210594693,-260.43247551977254,0,0,17.2,-169.51312789405307,20260302-204149,1.0,0.0
19.673928418695287,0.10204831863436045,119.14767497049979,-192.79032405410865,0,0,17.2,173.1476749704998,20260302-204149,1.0,0.0
15.546459287768661,0.12882888610647159,94.02020435941995,-120.67525970006582,0,0,17.2,142.02020435941992,20260302-204149,1.0,0.0
15.184705349234195,0.15197290452950932,53.42299856025244,99.91718850307099,0,0,17.2,101.42299856025242,20260302-204149,0.0,0.0
20.991325265591264,0.09257693066571383,25.02661671552366,226.74466645895694,0,0,17.2,73.02661671552366,20260302-204149,0.0,0.0
29.35816586010687,0.10974328364728744,10.929084702178727,267.5167434798414,0,0,17.2,58.92908470217874,20260302-204149,0.0,0.0
37.46499627570645,0.1316108900716506,-149.5716009301522,-284.6648651590308,0,0,17.2,-101.57160093015219,20260302-204149,1.0,0.0
28.191797439426487,0.10424148577994813,-143.78261709272874,-270.44700321078363,0,0,17.2,-95.78261709272876,20260302-204149,1.0,0.0
46.049575105060676,21.33373674589696,23.553319372252872,2.1585330152682802,0,0,17.1,71.55331937225289,20260302-204149,1.0,0.0
46.2553160563,0.2138950205699538,-164.8870918558754,-216.25242108510108,0,0,17.0,-116.88709185587541,20260302-204149,1.0,0.0
40.302048098554025,0.29709851574005286,-178.75455992405043,-135.6521354479482,0,0,16.9,-130.75455992405043,20260302-204149,1.0,0.0
37.53913322569809,1.415572637643375,164.06249251922952,-26.518690901084874,0,0,16.9,-147.93750748077048,20260302-204149,0.0,0.0
38.6024903160482,0.436433376881842,146.16922185690441,88.44990406519541,0,0,16.9,-165.83077814309559,20260302-204149,0.0,0.0
43.16390414841122,0.23993645702174193,130.79885432863108,179.89723064261096,0,0,17.1,178.79885432863108,20260302-204149,0.0,0.0
50.17955748247627,0.2118449828610414,119.06776314491083,236.86922770029105,0,0,17.3,167.06776314491086,20260302-204149,0.0,0.0
45.89338267269568,0.38234390426676396,-41.65161419577629,-120.03168393833096,0,0,17.2,6.348385804223724,20260302-204149,0.0,0.0
43.17299708738194,1.0620497010412076,-27.844705699400407,-40.650637201871234,0,0,17.1,20.155294300599593,20260302-204149,0.0,0.0
43.277008122137964,0.9225841896149509,-13.128123722477937,46.908464950174384,0,0,17.1,34.871876277522055,20260302-204149,0.0,0.0
46.20926371979587,0.36517924522638595,0.627589279668058,126.53858159750922,0,0,17.1,48.62758927966805,20260302-204149,0.0,0.0
51.50983562752147,0.2736086903646674,12.150454372813442,188.26096334465413,0,0,17.1,60.15045437281345,20260302-204149,0.0,0.0
55.560784325323695,2.1612431274167525,91.64049753265982,-25.707789938345936,0,0,17.1,139.64049753265982,20260302-204149,0.0,0.0
55.69462489746274,1.642046257360763,80.81015537084488,33.91781726477054,0,0,17.1,128.81015537084488,20260302-204149,0.0,0.0
55.32305297468238,0.18124484260543788,-163.2250368790339,-305.23932256168115,0,0,17.1,-115.2250368790339,20260302-204149,0.0,0.0
45.277174840446676,0.1530253737412415,-158.48739393211764,-295.88017812659086,0,0,17.1,-110.48739393211766,20260302-204149,0.0,0.0
35.708353814823745,0.12943119409146203,-151.13184642031507,-275.88676798879396,0,0,17.1,-103.13184642031507,20260302-204149,0.0,0.0
27.138427582355853,0.11678694959595114,-138.79866693913286,-232.3755152116475,0,0,17.3,-90.79866693913286,20260302-204149,0.0,0.0
20.838563289410885,0.1572698847125111,-117.32878296590071,-132.50193021698794,0,0,17.3,-69.32878296590071,20260302-204149,0.0,0.0
19.192210324417253,0.4698188042885264,-86.16050234623927,40.85023874998175,0,0,17.3,-38.16050234623926,20260302-204149,0.0,0.0
18.230696549921692,0.1636084679505073,-137.7984542964466,-111.42880792353978,0,0,17.3,-89.79845429644661,20260302-204149,0.0,0.0
14.671412726898577,0.14526142498165714,-146.1345813180319,-101.00006060625667,0,0,17.3,-98.13458131803192,20260302-204149,0.0,0.0
11.60961469713086,0.14458572352272941,-159.29414642813288,-80.2957194823304,0,0,17.3,-111.29414642813286,20260302-204149,0.0,0.0
9.537122350784465,0.237738644608511,-179.7952881557107,-40.11599530437904,0,0,17.3,-131.7952881557107,20260302-204149,0.0,0.0
9.15264985438582,0.5015625206824224,153.82987364457716,18.248273100495606,0,0,17.3,-158.17012635542284,20260302-204149,0.0,0.0
10.640772682719302,0.15799763283922297,130.36633084555274,67.34767155370777,0,0,17.3,178.3663308455527,20260302-204149,0.0,0.0
13.391110279539271,0.14161729550323918,114.57462693322049,94.55843816218747,0,0,17.3,162.5746269332205,20260302-204149,0.0,0.0
16.794593566306382,0.1553310025573711,104.64584597881918,108.12132343060969,0,0,17.3,152.64584597881918,20260302-204149,0.0,0.0
20.52889814143023,0.17816187433054476,98.18795031271958,115.22610108682875,0,0,17.3,146.18795031271958,20260302-204149,0.0,0.0
24.442865872278066,0.20495303420570907,93.75572633203637,119.26081488378959,0,0,17.3,141.75572633203637,20260302-204149,0.0,0.0
28.462474813415195,0.23381979372045456,90.56046350496149,121.72825217459466,0,0,17.3,138.56046350496152,20260302-204149,0.0,0.0
32.54860980539067,0.2639096207405936,88.16147573874349,123.33241097483099,0,0,17.3,136.1614757387435,20260302-204149,0.0,0.0
36.679044089616255,0.29478064963948747,86.30010802331765,124.42826262332417,0,0,17.2,134.30010802331765,20260302-204149,0.0,0.0
40.840339098709904,0.3261809851098616,84.81674515676929,125.20760241420693,0,0,17.2,132.8167451567693,20260302-204149,0.0,0.0
38.46951247034507,0.15480572457752406,-53.9474419784554,-248.50187275264616,0,0,17.2,-5.9474419784554025,20260302-204149,0.0,0.0
30.925147932273656,0.15559723096783223,-41.396341079618026,-198.7512742991361,0,0,17.2,6.603658920381978,20260302-204149,0.0,0.0
25.697893203831732,0.24162552947980462,-22.411893397579433,-106.3542137254979,0,0,17.2,25.58810660242058,20260302-204149,0.0,0.0
24.33010914800075,0.8701957178283082,2.0124943119632235,27.95935287836149,0,0,17.1,50.01249431196321,20260302-204149,0.0,0.0
27.405880076131023,0.1834777621465552,24.825349282329398,149.36894670777718,0,0,17.1,72.82534928232938,20260302-204149,0.0,0.0
33.73078519537424,0.15156225890268374,41.0655761147317,222.55398830544192,0,0,17.1,89.06557611473168,20260302-204149,0.0,0.0
41.85695918961669,0.16043628796513018,51.61659928673899,260.8945876304121,0,0,17.1,99.61659928673899,20260302-204149,0.0,0.0
44.67612656356267,0.1412735543466465,-100.55314614737009,-316.2384267188445,0,0,17.1,-52.55314614737008,20260302-204149,0.0,0.0
34.15826348895385,0.1085709276215306,-102.67486457136114,-314.61703641353023,0,0,17.1,-54.67486457136114,20260302-204149,0.0,0.0
23.72874630063397,0.07644744256397695,-106.67193249446107,-310.39293800804353,0,0,17.1,-58.671932494461075,20260302-204149,0.0,0.0
13.59248299541435,0.04637790083467827,-116.76057356972106,-293.08103106837484,0,0,17.1,-68.76057356972106,20260302-204149,0.0,0.0
5.647436898552426,0.05296500387453539,-164.15366849086547,-106.62581866188837,0,0,17.1,-116.15366849086548,20260302-204149,0.0,0.0
10.220922151516461,0.037586614263151706,117.66411204293348,271.9298439587471,0,0,17.1,165.66411204293348,20260302-204149,0.0,0.0
20.06182225754464,0.06532747675794134,101.67021594605126,307.0962365786749,0,0,17.1,149.67021594605123,20260302-204149,0.0,0.0
19.415228803716115,0.06403123748162488,161.4935968315981,-303.21495518945306,0,0,17.1,-150.5064031684019,20260302-204149,0.0,0.0
9.711984279732377,0.03639178272262326,144.9111553961182,-266.87300135189145,0,0,17.1,-167.0888446038818,20260302-204149,0.0,0.0
5.600796698569211,0.04460533683076124,63.290848779369384,125.56337641433807,0,0,17.1,111.29084877936938,20260302-204149,0.0,0.0
13.714589477175492,0.04704158669986877,18.816517135719067,291.5418130913886,0,0,17.1,66.81651713571907,20260302-204149,0.0,0.0
23.758909092296637,0.0773957558740568,9.31038190664691,306.9794825824638,0,0,17.1,57.31038190664691,20260302-204149,0.0,0.0
34.06693872135259,0.10960412481292539,5.498145196067469,310.8180351743035,0,0,17.1,53.49814519606748,20260302-204149,0.0,0.0
44.45561406945791,0.14234648446346582,3.461803342900936,312.3056690653132,0,0,17.1,51.461803342900936,20260302-204149,0.0,0.0
54.87915530144928,0.1753155564577976,2.197881648057944,313.03072248845143,0,0,17.1,50.197881648057944,20260302-204149,0.0,0.0
65.32087343849904,0.20840187826252426,1.337728291601536,313.43706680135676,0,0,17.1,49.33772829160153,20260302-204149,0.0,0.0
70.63149920017835,0.4821417503573467,-80.14520926709946,146.49529759210594,0,0,17.1,-32.14520926709945,20260302-204149,0.0,0.0
76.10889900036946,0.42080329308093534,-72.98084453965188,180.8657400067709,0,0,17.1,-24.98084453965189,20260302-204149,0.0,0.0
75.62566406782382,0.25259514320075255,-114.54433358828298,-299.39476709462923,0,0,17.1,-66.54433358828298,20260302-204149,0.0,0.0
65.75695252736196,0.22501961222892455,-117.87562337593042,-292.22765018572636,0,0,17.1,-69.87562337593042,20260302-204149,0.0,0.0
56.188146166606685,0.19994259034522993,-122.36138256973024,-281.02139754011233,0,0,17.1,-74.36138256973024,20260302-204149,0.0,0.0
47.102377408810376,0.17944098166034736,-128.62979785949182,-262.4950943367415,0,0,17.1,-80.6297978594918,20260302-204149,0.0,0.0
38.84012576513999,0.1687759166558111,-137.71799609533716,-230.12836508153956,0,0,17.0,-89.71799609533716,20260302-204149,0.0,0.0
32.0448436618062,0.186287858196482,-151.14320679463236,-172.01788657641757,0,0,17.0,-103.14320679463235,20260302-204149,0.0,0.0
27.813375651566265,0.3707819529236759,-170.06172615417643,-75.01275461832293,0,0,17.0,-122.06172615417644,20260302-204149,0.0,0.0
27.362217544060755,0.5589037563382336,167.62261195088342,48.95693978392565,0,0,17.0,-144.3773880491166,20260302-204149,0.0,0.0
30.857628824809304,0.19980977803491143,147.60866138860717,154.43502879732821,0,0,17.0,-164.39133861139283,20260302-204149,0.0,0.0
36.45792379316353,0.11626201236374872,-171.50740252627406,-313.58414543090566,0,0,16.9,-123.50740252627405,20260302-204149,0.0,0.0
26.09181595752989,0.0848931213536623,-166.83534834796689,-307.34900003066366,0,0,16.9,-118.83534834796687,20260302-204149,0.0,0.0
16.12268799458266,0.05643580411206139,-156.22162789807007,-285.68190439120434,0,0,16.9,-108.22162789807007,20260302-204149,0.0,0.0
8.16424105078147,0.05588909090370348,-120.1613539906778,-146.07933174022102,0,0,16.9,-72.1613539906778,20260302-204149,0.0,0.0
10.046101296295381,0.04544686712709242,-49.30762797792747,221.0515692578193,0,0,16.9,-1.3076279779274618,20260302-204149,0.0,0.0
19.045971388489146,0.06438524392172715,-25.419750892637012,295.81267738370684,0,0,16.9,22.580249107363,20260302-204149,0.0,0.0
23.77692077448714,0.12576989330695426,47.553103965536025,189.05097356214768,0,0,16.9,95.55310396553604,20260302-204149,0.0,0.0
31.29959625681764,0.12346692494508368,63.60934549062631,253.50591885834405,0,0,16.9,111.60934549062631,20260302-204149,0.0,0.0
40.29011064823318,0.1427169173668942,73.0033183393337,282.30788186558186,0,0,16.9,121.0033183393337,20260302-204149,0.0,0.0
49.96225407382536,0.1685068688413639,78.87223906917802,296.4998069061561,0,0,16.9,126.87223906917805,20260302-204149,0.0,0.0
52.191264149309255,0.646105074476812,11.621481771703913,80.77829166033325,0,0,16.9,59.621481771703905,20260302-204149,0.0,0.0
51.786028417206765,2.8745091694153393,75.85621329976868,-18.015607314183583,0,0,16.9,123.8562132997687,20260302-204149,0.0,0.0
52.28326007314288,1.099859530192146,64.0944828998218,47.53630680820574,0,0,16.9,112.09448289982178,20260302-204149,0.0,0.0
54.892377899520426,0.5103904447454459,53.007045839308944,107.54977579350582,0,0,16.9,101.00704583930896,20260302-204149,0.0,0.0
59.335439174167526,0.37767696013438434,43.25116790446583,157.10632481540546,0,0,16.9,91.25116790446582,20260302-204149,0.0,0.0
65.23881402553714,0.3340665965621454,35.05418081412114,195.2868520735235,0,0,16.9,83.05418081412115,20260302-204149,0.0,0.0
60.76266762676145,0.22654996028610835,143.94550258638037,-268.20868805284584,0,0,16.9,-168.0544974136196,20260302-204149,0.0,0.0
52.147942085766,0.21107282781073455,137.5398486072047,-247.06137036514326,0,0,16.9,-174.4601513927953,20260302-204149,0.0,0.0
44.4327526268189,0.2084671917037356,128.76395298515286,-213.1402656872971,0,0,16.9,176.76395298515283,20260302-204149,0.0,0.0
38.166565260281374,0.24049340904030467,116.73181315006957,-158.7010862899988,0,0,16.9,164.73181315006957,20260302-204149,0.0,0.0
34.15639701569984,0.4412909589290921,100.9974302149505,-77.40108045401443,0,0,17.1,148.9974302149505,20260302-204149,0.0,0.0
33.229320877448835,1.4347716328357714,82.84958792581858,23.1600068728515,0,0,17.1,130.84958792581855,20260302-204149,0.0,0.0
35.62683862503608,0.3034411904841459,65.47517773726037,117.40936874190618,0,0,17.1,113.47517773726035,20260302-204149,0.0,0.0
30.279560540344956,0.24311425263962255,-131.57045353865448,-124.54868528514243,0,0,17.0,-83.57045353865446,20260302-204149,0.0,0.0
27.84761315436786,1.6514275709569717,-111.32965939395292,-16.86275174528586,0,0,17.0,-63.32965939395292,20260302-204149,0.0,0.0
29.111148245508666,0.10386750236635789,-153.4144449509485,-280.2719578528886,0,0,17.0,-105.4144449509485,20260302-204149,0.0,0.0
20.433885564480374,0.08811876280733799,-138.7555075078976,-231.89029116485466,0,0,17.0,-90.75550750789759,20260302-204149,0.0,0.0
14.685695843748482,0.16365876932151224,-108.64662902604891,-89.7336323903183,0,0,17.0,-60.64662902604892,20260302-204149,0.0,0.0
15.55110612240873,0.11500610163599824,-67.41135042485132,135.21983530603435,0,0,17.0,-19.41135042485132,20260302-204149,0.0,0.0
22.272076618677925,0.08980738087752475,-41.64959159412297,247.99828701219533,0,0,17.0,6.350408405877045,20260302-204149,0.0,0.0
31.277710086395654,0.10937936682120647,-29.16977379291552,285.9562182099918,0,0,17.0,18.830226207084486,20260302-204149,0.0,0.0
41.09240995185714,0.1365653540938784,-22.44363476598457,300.8992304417796,0,0,17.0,25.556365234015423,20260302-204149,0.0,0.0
51.253472264002504,0.16641555890888152,-18.34489825293312,307.98485790661925,0,0,17.0,29.65510174706687,20260302-204149,0.0,0.0
61.589706434149974,0.19750647074189373,-15.611532506550986,311.8363980825565,0,0,17.0,32.388467493449,20260302-204149,0.0,0.0
59.3788247554923,0.22425955060768066,-163.1429171808469,-264.7772395627847,0,0,17.0,-115.1429171808469,20260302-204149,0.0,0.0
50.908195839804435,0.21063684094583798,-156.3699108066992,-241.6870458710245,0,0,17.0,-108.36991080669921,20260302-204149,0.0,0.0
43.420401897311024,0.21217967139807653,-147.0886213280129,-204.63978293117785,0,0,17.0,-99.08862132801289,20260302-204149,0.0,0.0
37.508739263321715,0.2573341645343997,-134.44436148759615,-145.7588786595324,0,0,17.0,-86.44436148759614,20260302-204149,0.0,0.0
34.00539757543508,0.5643782941884374,-118.21383924440234,-60.25284445840363,0,0,17.0,-70.21383924440234,20260302-204149,0.0,0.0
33.670698394043946,0.8278997641091441,-100.0724819078682,40.67001810330876,0,0,17.0,-52.072481907868195,20260302-204149,0.0,0.0
36.591694677367066,0.27966513076373906,-83.2531140180399,130.84110477927157,0,0,17.0,-35.25311401803989,20260302-204149,0.0,0.0
42.096028688230746,0.21594857297133535,-69.87111841819168,194.93543351091512,0,0,17.0,-21.871118418191685,20260302-204149,0.0,0.0
49.32632629964198,0.20931005004131678,-59.984994276307134,235.66152838769662,0,0,17.0,-11.984994276307125,20260302-204149,0.0,0.0
57.63666041728016,0.2208380597416828,-52.781286790774544,260.9906122373042,0,0,17.0,-4.781286790774536,20260302-204149,0.0,0.0
66.6240955273293,0.24044121231138202,-47.45426364559049,277.0909981981298,0,0,17.0,0.5457363544095193,20260302-204149,0.0,0.0
76.04895073932477,0.2643346416088995,-43.419451598028246,287.6995246496832,0,0,17.0,4.580548401971753,20260302-204149,0.0,0.0
85.50881312436887,0.3470170630474742,126.64303099369306,246.41097579882032,0,0,17.0,174.6430309936931,20260302-204149,0.0,0.0
87.59621932946058,0.9209412591505869,-20.738898919804285,-95.11596799371692,0,0,17.0,27.26110108019573,20260302-204149,0.0,0.0
82.74321244500369,0.5227877876383626,-122.64359160547131,-158.27304003941487,0,0,17.0,-74.64359160547131,20260302-204149,0.0,0.0
78.02018327593358,0.6286632366199572,-115.81940540797173,-124.10489230357008,0,0,17.0,-67.81940540797173,20260302-204149,0.0,0.0
74.53465198588555,0.8861224195719106,-108.23947368997612,-84.11326735406779,0,0,17.0,-60.23947368997612,20260302-204149,0.0,0.0
68.1743711936066,0.21778676442934924,-104.97807839705146,-313.0326646444238,0,0,17.0,-56.978078397051455,20260302-204149,0.0,0.0
57.78237038297452,0.18623944163188297,-107.17370629221426,-310.2585031219432,0,0,17.0,-59.173706292214256,20260302-204149,0.0,0.0
47.51226496455836,0.1555321617118056,-110.32498509765088,-305.481930178509,0,0,17.0,-62.324985097650874,20260302-204149,0.0,0.0
37.46443476959324,0.12643982694027647,-115.18867324099479,-296.3024837679465,0,0,17.0,-67.18867324099479,20260302-204149,0.0,0.0
27.880243519441684,0.3097545266882773,-123.49628120701846,-90.00754183489005,0,0,17.2,-75.49628120701846,20260302-204149,0.0,0.0
23.783118171765608,0.19502942555715147,-126.25232213271435,-121.94630683971428,0,0,17.2,-78.25232213271435,20260302-204149,0.0,0.0
19.76375947400001,0.1661692809286706,-130.14168768197732,-118.93750375247609,0,0,17.2,-82.1416876819773,20260302-204149,0.0,0.0
15.881322817235452,0.14003924032908543,-135.9718010689546,-113.40623370931684,0,0,17.2,-87.97180106895459,20260302-204149,0.0,0.0
12.266514892565125,0.12023637915324732,-145.39143052151474,-102.01999576959011,0,0,17.2,-97.39143052151472,20260302-204149,0.0,0.0
9.238999301816241,0.12162560179270723,-161.73098047753706,-75.96261942911282,0,0,17.2,-113.73098047753705,20260302-204149,0.0,0.0
7.542650455480515,0.3737767283810894,171.04169781491623,-20.179561440728055,0,0,17.2,-140.9583021850838,20260302-204149,0.0,0.0
8.066274914315793,0.16372461931964316,139.43810302400817,49.267330398049836,0,0,17.2,-172.56189697599183,20260302-204149,0.0,0.0
10.482306683084621,0.11602640787855686,117.28530847619493,90.34414556775987,0,0,17.2,165.28530847619496,20260302-204149,0.0,0.0
13.832333971832853,0.12784318265972075,104.58264440205039,108.19766595337566,0,0,17.2,152.58264440205042,20260302-204149,0.0,0.0
17.590591807087172,0.15121848083112793,97.05328002930628,116.32567468212652,0,0,17.2,145.0532800293063,20260302-204149,0.0,0.0
21.544491742530475,0.17881054850413722,92.22735629020025,120.48781194825311,0,0,17.2,140.22735629020025,20260302-204149,0.0,0.0
25.603555926267855,0.20840897714520087,88.91384008279147,122.85246190920832,0,0,17.2,136.9138400827915,20260302-204149,0.0,0.0
21.6227643168749,0.08057808268208289,175.26363673833168,-268.3454805221231,0,0,17.2,-136.73636326166832,20260302-204149,0.0,0.0
15.069053261093787,0.16085814150526764,142.54354289856906,-93.67914561290837,0,0,17.2,-169.45645710143094,20260302-204149,0.0,0.0
14.69911474110876,0.04868901243059236,-164.5644123335045,-301.89798493166785,0,0,17.2,-116.56441233350448,20260302-204149,0.0,0.0
5.647089300752431,0.029321155391025464,-129.7421191391146,-192.5943649028536,0,0,17.2,-81.74211913911462,20260302-204149,0.0,0.0
8.429173378720563,0.031404601992939964,-34.48229068043639,268.4056744490988,0,0,17.2,13.517709319563606,20260302-204149,0.0,0.0
18.263296882158418,0.059429770576843115,-16.54943354333642,307.30889089574805,0,0,17.2,31.450566456663566,20260302-204149,0.0,0.0
28.624827773152635,0.09142314504511269,-11.347384165627886,313.1026367450795,0,0,17.2,36.65261583437211,20260302-204149,0.0,0.0
39.09666507464429,0.12414567988955313,-8.919952420312086,314.9256994639431,0,0,17.2,39.0800475796879,20260302-204149,0.0,0.0
49.60900500669851,0.15712949948138785,-7.519582727541035,315.72050550937286,0,0,17.2,40.48041727245895,20260302-204149,0.0,0.0
56.30714408475676,0.22537528434730655,-117.07767763803675,-249.83726253667922,0,0,17.2,-69.07767763803675,20260302-204149,0.0,0.0
48.43006701733157,0.21955032042192874,-124.90160460405018,-220.58754878726361,0,0,17.2,-76.90160460405018,20260302-204149,0.0,0.0
41.78618398690437,0.23923835752285796,-135.47151265826446,-174.6633960355288,0,0,17.2,-87.47151265826446,20260302-204149,0.0,0.0
37.04505118951986,0.35062557443294406,-149.34683885337728,-105.65416184895149,0,0,17.2,-101.34683885337729,20260302-204149,0.0,0.0
34.98890292140351,2.3124257681378166,-165.98925813154642,-15.13082210183978,0,0,17.2,-117.98925813154642,20260302-204149,0.0,0.0
36.07974088342623,0.45593096782838427,176.90954225934286,79.13421861926894,0,0,17.2,-135.09045774065717,20260302-204149,0.0,0.0
40.06131477310107,0.25720951473229675,162.0276402649995,155.75362682362984,0,0,17.2,-149.9723597350005,20260302-204149,0.0,0.0
30.010795744477733,0.09819982217913943,159.75186529484165,-305.6094713667712,0,0,17.2,-152.24813470515835,20260302-204149,0.0,0.0
20.0745297365461,0.0699842378994657,150.68704232406117,-286.8435856282913,0,0,17.2,-161.31295767593883,20260302-204149,0.0,0.0
11.527410057152544,0.05666776113911425,126.47121510587681,-203.42095444451724,0,0,17.2,174.47121510587678,20260302-204149,0.0,0.0
9.50427149567848,0.08454677565694353,66.43346448753806,112.41435787265209,0,0,17.2,114.43346448753805,20260302-204149,0.0,0.0
16.593273524442015,0.06143509382523547,29.430247518315838,270.09437914500353,0,0,17.2,77.43024751831584,20260302-204149,0.0,0.0
26.227806454331766,0.08712990226383178,16.83288703148594,301.01957850145675,0,0,17.2,64.83288703148595,20260302-204149,0.0,0.0
36.441933155506206,0.11743593659115104,11.133581034090497,310.3133011352179,0,0,17.2,59.133581034090504,20260302-204149,0.0,0.0
46.8581551959788,0.14914576879168073,7.947137536458683,314.1768993891332,0,0,17.2,55.94713753645869,20260302-204149,0.0,0.0
57.268661517927306,0.19761447939862362,-39.212074158237584,289.79992605909314,0,0,17.2,8.787925841762416,20260302-204149,0.0,0.0
53.41010791144406,0.5164711461655375,123.0713613078587,-103.4135368606347,0,0,17.2,171.0713613078587,20260302-204149,0.0,0.0
50.86020356264091,1.0545071522695546,112.2933903200933,-48.231255191752325,0,0,17.2,160.29339032009332,20260302-204149,0.0,0.0
50.255010690419745,4.091806198370409,100.8298664320705,12.281864842580804,0,0,17.2,148.8298664320705,20260302-204149,0.0,0.0
51.66291712916428,0.7238116857493281,89.54681528240354,71.37618547244108,0,0,17.2,137.54681528240354,20260302-204149,0.0,0.0
54.92934577104799,0.4464829610621889,79.23493215554373,123.0267458367736,0,0,17.2,127.23493215554375,20260302-204149,0.0,0.0
59.75026494598631,0.3632553977068217,70.3310502350493,164.48555292827308,0,0,17.2,118.33105023504932,20260302-204149,0.0,0.0
65.78480378579488,0.335519382236861,62.905558498503694,196.06856494315394,0,0,17.2,110.9055584985037,20260302-204149,0.0,0.0
65.99146116055142,0.31026382479043074,128.65707786370183,-212.69466785283683,0,0,17.2,176.6570778637018,20260302-204149,0.0,0.0
59.43833159702487,0.3325817104432557,120.95169015759245,-178.71798036580878,0,0,17.2,168.95169015759248,20260302-204149,0.0,0.0
54.20805415735525,0.4075966517519796,111.55757079106615,-132.99435587694808,0,0,17.2,159.55757079106615,20260302-204149,0.0,0.0
50.71160186358928,0.6774617871335314,100.52813383384017,-74.85529490624059,0,0,17.2,148.52813383384017,20260302-204149,0.0,0.0
49.31911948900933,6.355852042637339,88.38949427051716,-7.7596393305191755,0,0,17.2,136.38949427051716,20260302-204149,0.0,0.0
50.20597659967114,0.8317201810610692,76.126714775501,60.36402355371579,0,0,17.2,124.12671477550101,20260302-204149,0.0,0.0
53.258428262931574,0.4401729093931133,64.78350663698978,120.99433455902914,0,0,17.2,112.7835066369898,20260302-204149,0.0,0.0
58.13635550414635,0.3428763803669856,55.004076419025694,169.55485659852732,0,0,17.2,103.0040764190257,20260302-204149,0.0,0.0
64.42644672125496,0.3127783345763191,46.93238678828823,205.98116812830162,0,0,17.2,94.93238678828824,20260302-204149,0.0,0.0
55.033453689017826,0.17809707042733589,-94.68476345976255,-309.0081917516528,0,0,17.2,-46.68476345976255,20260302-204149,0.0,0.0
44.80713896842803,0.14736073234433103,-91.39232740327897,-304.0643070620011,0,0,17.2,-43.39232740327897,20260302-204149,0.0,0.0
34.81542957788252,0.11833914148741603,-86.18359926254189,-294.2004576024808,0,0,17.4,-38.1835992625419,20260302-204149,0.0,0.0
25.337409642871872,0.09356764058833673,-76.94509141105284,-270.7924393898866,0,0,17.3,-28.945091411052843,20260302-204149,0.0,0.0
17.24210760581838,0.08543701392590444,-58.02960089580159,-201.81074704660978,0,0,17.3,-10.029600895801584,20260302-204149,0.0,0.0
9.897364619254663,0.05060128299246123,-132.98486675063234,-195.59513186116664,0,0,17.3,-84.98486675063234,20260302-204149,0.0,0.0
12.095082406916093,0.043206303774837224,153.2304580233963,279.9379106796011,0,0,17.3,-158.76954197660368,20260302-204149,0.0,0.0
11.761371331369734,0.1659012629736945,-120.16514845688545,-70.89380225655444,0,0,17.3,-72.16514845688545,20260302-204149,0.0,0.0
14.02723284888443,0.07606404134586134,-72.23220545030202,184.41345740627878,0,0,17.2,-24.23220545030201,20260302-204149,0.0,0.0
21.982673251035592,0.08044005101566537,-48.82989567645558,273.2802002668367,0,0,17.2,-0.8298956764555827,20260302-204149,0.0,0.0
31.58724174709286,0.1058282500415152,-38.67083309828877,298.47646289815384,0,0,17.2,9.32916690171124,20260302-204149,0.0,0.0
41.717035071770056,0.1354468141382053,-33.33785268293053,307.99569068640784,0,0,17.2,14.662147317069484,20260302-204149,0.0,0.0
52.06639458644911,0.16662743937773242,-30.105436125420198,312.47191207456734,0,0,17.2,17.894563874579806,20260302-204149,0.0,0.0
62.5263874803819,0.1985560208895063,-27.949432372618958,314.905522382406,0,0,17.2,20.050567627381042,20260302-204149,0.0,0.0
73.04950426610995,0.23090044071291518,-26.412908523949625,316.3679724497988,0,0,17.2,21.587091476050364,20260302-204149,0.0,0.0
67.22110150864499,0.27466393629788405,-148.4426903360968,-244.73945292818132,0,0,17.2,-100.44269033609679,20260302-204149,0.0,0.0
59.45102726579092,0.2703006838678869,-154.9914412660413,-219.94405051097985,0,0,17.2,-106.9914412660413,20260302-204149,0.0,0.0
52.68038713650454,0.28610123967077045,-163.35929580005157,-184.13197788701032,0,0,17.3,-115.35929580005157,20260302-204149,0.0,0.0
47.339963304993034,0.35435398974608556,-173.88978073218067,-133.5951186521556,0,0,17.3,-125.88978073218065,20260302-204149,0.0,0.0
43.95419722342905,0.6552093835998015,173.4574729539816,-67.08419983538582,0,0,17.3,-138.5425270460184,20260302-204149,0.0,0.0
42.98745366227251,4.3264307503886545,159.49893451308702,9.936008719984905,0,0,17.3,-152.50106548691298,20260302-204149,0.0,0.0
44.59732371059804,0.523004013359255,145.74567681867904,85.27147511574417,0,0,17.3,-166.25432318132096,20260302-204149,0.0,0.0
38.39152578104001,0.14139340403437076,-140.71224944632502,-271.522749192088,0,0,17.3,-92.71224944632503,20260302-204149,0.0,0.0
29.885816402830848,0.12762658576719482,-151.6716064916482,-234.16607302608503,0,0,17.2,-103.67160649164819,20260302-204149,0.0,0.0
23.255322321976053,0.15138919133183937,-169.96308998970642,-153.6128313876865,0,0,17.2,-121.96308998970643,20260302-204149,0.0,0.0
20.416983971735704,2.8476003764724522,162.68806792261518,-7.169890880906483,0,0,17.1,-149.31193207738482,20260302-204149,0.0,0.0
22.83181282055935,0.15895264200228976,134.78815461765294,143.63908981286673,0,0,17.1,-177.21184538234704,20260302-204149,0.0,0.0
29.22542288508131,0.12737741698951358,115.70764158164843,229.43959436300483,0,0,17.0,163.70764158164843,20260302-204149,0.0,0.0
37.62119393265505,0.13969980237551288,104.26486048996844,269.3002659483321,0,0,16.9,152.26486048996844,20260302-204149,0.0,0.0
46.95719696694937,0.16264109638884916,97.17220099844087,288.7166774545231,0,0,17.1,145.17220099844087,20260302-204149,0.0,0.0
56.771451320493355,0.18977503589811864,92.47879921842912,299.15131382702674,0,0,17.1,140.47879921842912,20260302-204149,0.0,0.0
66.85366292915629,0.2189902620046637,89.1840811397193,305.28144181923733,0,0,16.9,137.1840811397193,20260302-204149,0.0,0.0
62.48890305386953,0.3565411288691709,-81.29029502312845,-175.26422057411276,0,0,16.8,-33.29029502312845,20260302-204149,0.0,0.0
57.62883173547642,0.5061580776012092,-70.69757519681302,-113.85540266114434,0,0,16.8,-22.697575196813016,20260302-204149,0.0,0.0
55.04557953119141,1.3959097347324605,-58.65235216890022,-39.43348066251678,0,0,16.8,-10.652352168900219,20260302-204149,0.0,0.0
55.0605461384329,1.3655673947596327,-46.0362402126695,40.3206362056738,0,0,17.0,1.9637597873305057,20260302-204149,0.0,0.0
57.671708771365466,0.5031207072725528,-34.003427208253385,114.62797682092479,0,0,17.0,13.996572791746607,20260302-204149,0.0,0.0
50.17602504761589,0.1542697731064234,-101.07299588362108,-325.2485826436124,0,0,17.0,-53.07299588362107,20260302-204149,0.0,0.0
39.69901664384488,0.132116390028729,-93.30166134842743,-300.4851754972433,0,0,17.0,-45.30166134842743,20260302-204149,0.0,0.0
30.448393911772847,0.12298671131207703,-80.42639218037385,-247.57466548162654,0,0,17.2,-32.42639218037386,20260302-204149,0.0,0.0
23.893760640251166,0.18138372914549328,-58.69679792542128,-131.73045207977432,0,0,17.2,-10.696797925421276,20260302-204149,0.0,0.0
22.526278868682752,0.40817386422937957,-28.668403282726928,55.187950142794456,0,0,17.2,19.331596717273083,20260302-204149,0.0,0.0
19.652164458605718,0.15637598260003024,-81.15465903334834,-125.67252420642451,0,0,17.2,-33.15465903334833,20260302-204149,0.0,0.0
15.488021198713987,0.12492868313748746,-77.90263422947655,-123.97490159780995,0,0,17.2,-29.902634229476554,20260302-204149,0.0,0.0
11.410117470942284,0.09499407866640432,-72.2955854492518,-120.11398637815934,0,0,17.2,-24.295585449251796,20260302-204149,0.0,0.0
7.5593325138368686,0.06961050733226386,-60.747828488720046,-108.5947050745482,0,0,17.2,-12.747828488720048,20260302-204149,0.0,0.0
4.553787732641968,0.07643779274311857,-30.642637780236043,-59.57508150380141,0,0,17.2,17.35736221976395,20260302-204149,0.0,0.0
4.579432790022156,0.07534954362527432,25.24915606346036,60.775853040284204,0,0,17.2,73.24915606346036,20260302-204149,0.0,0.0
7.6056672256850755,0.06986842353649426,54.96781728155253,108.85700350334109,0,0,17.2,102.96781728155251,20260302-204149,0.0,0.0
11.461321499833712,0.09535967119786623,66.39230085404108,120.19044692438254,0,0,17.2,114.39230085404108,20260302-204149,0.0,0.0
15.540860799917143,0.12532394115602744,71.95518139739846,124.00552246093888,0,0,17.4,119.95518139739845,20260302-204149,0.0,0.0
16.921573318923148,0.060329381621391356,134.89030755271193,-280.48643735680463,0,0,17.4,-177.10969244728807,20260302-204149,0.0,0.0
9.032683657011574,0.0584352202508785,101.85049155045795,-154.57601799448645,0,0,17.1,149.85049155045792,20260302-204149,0.0,0.0
10.008736552985221,0.051271800966817514,34.66047917699393,195.20938145829427,0,0,17.1,82.66047917699392,20260302-204149,0.0,0.0
18.495835845020558,0.06449973567167652,7.905826929472482,286.75832005219445,0,0,17.1,55.90582692947247,20260302-204149,0.0,0.0
28.41395401390483,0.09329383839813372,-1.218161933350757,304.56410092859073,0,0,17.1,46.78183806664926,20260302-204149,0.0,0.0
38.67745240682375,0.12462154710198868,-5.567076490152118,310.3592701763734,0,0,17.1,42.43292350984789,20260302-204149,0.0,0.0
45.15035466201619,0.3530312364118531,81.87400538675081,127.89337034568497,0,0,17.1,129.87400538675084,20260302-204149,0.0,0.0
46.992263663277,0.45175154604287787,-21.96980911377787,-104.0223637858159,0,0,17.1,26.030190886222126,20260302-204149,0.0,0.0
44.67849071141537,1.3534137371096695,-8.921256947228585,-33.01170180733506,0,0,17.1,39.07874305277141,20260302-204149,0.0,0.0
44.85106214858988,1.0377613948358866,4.762062398713965,43.21905051756402,0,0,17.1,52.76206239871396,20260302-204149,0.0,0.0
47.482876650629244,0.42128687543226906,17.622917273300004,112.70912867130878,0,0,17.1,65.62291727329999,20260302-204149,0.0,0.0
52.203303820128355,0.31091362055435157,28.64782180840433,167.9029169807714,0,0,17.1,76.64782180840432,20260302-204149,0.0,0.0
44.750635023490844,0.18048942028422285,-132.21182539355334,-247.94048843982372,0,0,17.1,-84.21182539355333,20260302-204149,0.0,0.0
37.10387435837873,0.17920706131405859,-142.6830988131657,-207.04471177815122,0,0,17.1,-94.68309881316573,20260302-204149,0.0,0.0
31.27828648367076,0.2291803014966239,-157.75456270583538,-136.47894814437848,0,0,17.3,-109.75456270583538,20260302-204149,0.0,0.0
28.009370829296884,0.08707543784663851,138.47910753670556,-321.66787238702545,0,0,17.3,-173.52089246329442,20260302-204149,0.0,0.0
17.666745617238174,0.06045656476783718,126.57972239102253,-292.2221215360364,0,0,17.2,174.57972239102253,20260302-204149,0.0,0.0
9.806953465041811,0.07310937462240256,90.50044207639769,-134.14084740422211,0,0,17.2,138.50044207639772,20260302-204149,0.0,0.0
11.692397570085506,0.05400253610144864,27.650984105576015,216.51571230136824,0,0,17.2,75.650984105576,20260302-204149,0.0,0.0
20.82597836161705,0.06799538278373471,2.878768364486234,306.2851845081291,0,0,16.6,50.878768364486234,20260302-204149,0.0,0.0
31.419802316537513,0.0965406124688523,-6.091900686736182,325.45683638245765,0,0,16.6,41.90809931326381,20260302-204149,0.0,0.0
42.39292357943959,0.12770368641488647,-10.485158890306536,331.9631936208369,0,0,16.6,37.51484110969346,20260302-204149,0.0,0.0
44.65996640907884,2.842484656857594,173.55659187540755,15.711594538016275,0,0,16.6,-138.44340812459245,20260302-204149,0.0,0.0
43.72978265740211,0.14291603024233662,160.47389283271502,-305.9823490986377,0,0,16.6,-151.52610716728498,20260302-204149,0.0,0.0
33.67790736562813,0.11385013616325663,155.10884911489075,-295.80910924283245,0,0,16.6,-156.89115088510925,20260302-204149,0.0,0.0
24.16601582246741,0.08924255615241518,145.3678190160402,-270.79026940011516,0,0,16.6,-166.6321809839598,20260302-204149,0.0,0.0
16.176480453898936,0.08372072806020828,124.74291532679149,-193.2195386818127,0,0,16.6,172.7429153267915,20260302-204149,0.0,0.0
12.932441453906394,0.5714018644634231,83.57835679404911,22.632830339205572,0,0,16.6,131.5783567940491,20260302-204149,0.0,0.0
17.340844471414066,0.08103052313688743,45.69710433199512,214.00385681972742,0,0,16.6,93.69710433199512,20260302-204149,0.0,0.0
25.730313930159117,0.09286289471299453,27.72106992916784,277.07852538607773,0,0,16.6,75.72106992916784,20260302-204149,0.0,0.0
35.37344407669434,0.11863147151180545,19.019266321228088,298.1792573750061,0,0,16.6,67.01926632122809,20260302-204149,0.0,0.0
45.4796587464024,0.14810315559085607,14.109079325863092,307.0809569516716,0,0,16.6,62.10907932586309,20260302-204149,0.0,0.0
55.79789867433293,0.17909349200846036,10.998515169933768,311.55737737079266,0,0,16.6,58.99851516993377,20260302-204149,0.0,0.0
63.64145822771532,0.8746015890600046,178.65771087059778,72.76622753008628,0,0,16.5,-133.34228912940222,20260302-204149,0.0,0.0
66.88947235755225,0.5531873362666759,169.66344668218971,120.91649242907963,0,0,16.5,-142.33655331781026,20260302-204149,0.0,0.0
67.61773220333389,0.35814614874755324,108.40541835267533,-188.79927214014424,0,0,16.5,156.40541835267533,20260302-204149,0.0,0.0
61.934869904287964,0.4115489472627859,100.35439154179466,-150.49211112363935,0,0,16.7,148.35439154179466,20260302-204149,0.0,0.0
57.700922567262296,0.5666826293567727,90.90794842813807,-101.82228919343649,0,0,16.6,138.90794842813804,20260302-204149,0.0,0.0
52.574712101852946,0.1610020000923551,-98.4718682454922,-326.54695017263555,0,0,16.6,-50.471868245492196,20260302-204149,0.0,0.0
41.792099623576426,0.1307563659621756,-94.46239837132569,-319.6180875481488,0,0,16.6,-46.46239837132569,20260302-204149,0.0,0.0
31.354407852030935,0.10297561092939138,-87.72936506516082,-304.48382455851726,0,0,16.6,-39.72936506516082,20260302-204149,0.0,0.0
21.763691208212126,0.08257195492250409,-74.71834321215412,-263.57243483744463,0,0,16.6,-26.718343212154128,20260302-204149,0.0,0.0
14.77354665311172,0.11333891958658969,-46.17527733256787,-130.34839847599653,0,0,16.6,1.824722667432135,20260302-204149,0.0,0.0
14.727429132991114,0.11507135574823851,-1.2564050716357542,127.98518829666746,0,0,16.6,46.74359492836424,20260302-204149,0.0,0.0
21.66971895233601,0.08244706112284236,27.520081587646388,262.831914894445,0,0,16.6,75.52008158764639,20260302-204149,0.0,0.0
31.245741030251363,0.10270214709769261,40.63478244648016,304.23649274371746,0,0,16.6,88.63478244648016,20260302-204149,0.0,0.0
41.67800388737667,0.13044196999657293,47.40992394691881,319.51375687189994,0,0,16.6,95.40992394691882,20260302-204149,0.0,0.0
52.45813326828533,0.16067075968064543,51.43933748840948,326.49458664758214,0,0,16.6,99.43933748840948,20260302-204149,0.0,0.0
63.40895478085514,0.1920295746647735,54.08658553665356,330.2041099218613,0,0,16.6,102.08658553665356,20260302-204149,0.0,0.0
74.45519061326905,0.22399643473883757,55.951395749863195,332.39453431514664,0,0,16.6,103.95139574986321,20260302-204149,0.0,0.0
80.49176942038329,0.23622447485905387,-76.46817234743354,-340.74271714821106,0,0,16.6,-28.468172347433537,20260302-204149,0.0,0.0
69.14409811441875,0.20332536868402115,-75.47349075443994,-340.0662620800285,0,0,16.6,-27.47349075443994,20260302-204149,0.0,0.0
57.82544087454487,0.1705996598761133,-74.08885015517579,-338.9540220451598,0,0,16.6,-26.088850155175795,20260302-204149,0.0,0.0
46.55696370320454,0.13817712188892353,-72.03220900654024,-336.93684646746584,0,0,16.6,-24.03220900654024,20260302-204149,0.0,0.0
35.38663695287287,0.10636007269309868,-68.67023646846195,-332.7060245152407,0,0,16.6,-20.670236468461955,20260302-204149,0.0,0.0
24.449360503993834,0.0760529184313902,-62.25860056322503,-321.4782681357638,0,0,16.6,-14.258600563225032,20260302-204149,0.0,0.0
14.290637911618296,0.05174733039829096,-46.20596270787442,-276.16183871951523,0,0,16.6,1.7940372921255723,20260302-204149,0.0,0.0
8.459750790337338,2.1608762347730077,6.844579217147441,-3.9149631312530975,0,0,16.6,54.844579217147434,20260302-204149,0.0,0.0
14.135288592566726,0.05149264701954053,60.74060860296001,274.510816800749,0,0,16.6,108.74060860296001,20260302-204149,0.0,0.0
24.268072284435437,0.07556608793423551,77.09917999190827,321.1503062796598,0,0,16.5,125.0991799919083,20260302-204149,0.0,0.0
35.198952113051924,0.10583025472586757,83.59350745802908,332.59819891984455,0,0,16.5,131.59350745802908,20260302-204149,0.0,0.0
41.37860728802785,0.2867677393150804,-96.93066125804285,-144.29310419246258,0,0,16.5,-48.930661258042846,20260302-204149,0.0,0.0
36.58020195639948,0.2547962365926607,-98.35891996151477,-143.56649236887964,0,0,16.5,-50.35891996151477,20260302-204149,0.0,0.0
31.811375896474065,0.2232567453910801,-100.21685887158316,-142.48786006778832,0,0,16.5,-52.21685887158315,20260302-204149,0.0,0.0
27.087755995361253,0.19239358833179904,-102.72624352314538,-140.7934444709567,0,0,16.5,-54.726243523145385,20260302-204149,0.0,0.0
22.437910786954898,0.16267812185048788,-106.28507739135027,-137.92826307385602,0,0,16.5,-58.28507739135027,20260302-204149,0.0,0.0
17.919363361574078,0.1351522476561307,-111.6692409604156,-132.5864990952019,0,0,16.5,-63.669240960415614,20260302-204149,0.0,0.0
13.663006743266982,0.11266625113719407,-120.53363276580569,-121.26973787944264,0,0,16.5,-72.53363276580569,20260302-204149,0.0,0.0
10.009113368858083,0.1068095817824414,-136.54806299942206,-93.70988259504165,0,0,16.5,-88.54806299942206,20260302-204149,0.0,0.0
7.849673545849363,0.2813624610627585,-165.24594141080138,-27.898794729757775,0,0,16.4,-117.24594141080138,20260302-204149,0.0,0.0
8.425130640163395,0.14197701736425067,159.97103477019948,59.3415103132376,0,0,16.4,-152.0289652298005,20260302-204149,0.0,0.0
11.32601893927835,0.10523995463861735,136.6817785639911,107.62090289919524,0,0,16.4,-175.31822143600888,20260302-204149,0.0,0.0
15.280870750831669,0.12049553089380623,124.09079642309388,126.81690878891463,0,0,16.4,172.09079642309388,20260302-204149,0.0,0.0
19.663716433472405,0.14553504003326082,116.87776326156336,135.1132787607605,0,0,16.4,164.87776326156333,20260302-204149,0.0,0.0
24.243533245590704,0.174107296059946,112.33859015910792,139.2447863715231,0,0,16.4,160.33859015910792,20260302-204149,0.0,0.0
28.92691638709128,0.2043514557252077,109.2547239758145,141.5547361012658,0,0,16.4,157.25472397581447,20260302-204149,0.0,0.0
33.67067724717068,0.23551839077355793,107.03479775799121,142.9641105162941,0,0,16.4,155.03479775799119,20260302-204149,0.0,0.0
38.45247648828568,0.26724836327003815,105.36497959083528,143.882926045956,0,0,16.4,153.36497959083528,20260302-204149,0.0,0.0
43.259701999237684,0.29934711958993926,104.06536891418148,144.51350678936547,0,0,16.3,152.0653689141815,20260302-204149,0.0,0.0
48.08472848239026,0.3317005487283756,103.0261261954546,144.96427174067202,0,0,16.3,151.02612619545457,20260302-204149,0.0,0.0
52.922687352110124,0.3642372163598391,102.17665096121766,145.29730893788314,0,0,16.3,150.17665096121763,20260302-204149,0.0,0.0
57.77032964329405,0.3969101197627429,101.46960416922684,145.5501554806082,0,0,16.3,149.46960416922684,20260302-204149,0.0,0.0
62.62540670368681,0.42968706559007014,100.8721063358442,145.7465484042116,0,0,16.3,148.8721063358442,20260302-204149,0.0,0.0
67.48631394357793,0.46254526317148825,100.360632562901,145.90207557386105,0,0,16.3,148.360632562901,20260302-204149,0.0,0.0
72.35187628363069,0.4954681253221949,99.91791914622729,146.02730748134692,0,0,16.3,147.91791914622726,20260302-204149,0.0,0.0
77.22121380174039,0.5284432921311611,99.53101734916544,146.1296130570882,0,0,16.3,147.53101734916544,20260302-204149,0.0,0.0
82.09365473316471,0.5614613649613389,99.19002846823366,146.21425418793956,0,0,16.3,147.1900284682337,20260302-204149,0.0,0.0
86.9686774710509,0.59451506971398,98.88725805533227,146.28506811928474,0,0,16.3,146.8872580553323,20260302-204149,0.0,0.0
91.84587090262116,0.6275986886303974,98.61663612933518,146.34490569611535,0,0,16.3,146.61663612933518,20260302-204149,0.0,0.0
96.72490666751706,0.6607076651894761,98.37331085721775,146.3959202588917,0,0,16.3,146.37331085721775,20260302-204149,0.0,0.0
101.60551936287949,0.6938383235531177,98.1533581481059,146.43976256970325,0,0,16.3,146.15335814810592,20260302-204149,0.0,0.0
106.48749216383459,0.7269876656008302,97.95357040134218,146.4777151010208,0,0,16.3,145.9535704013422,20260302-204149,0.0,0.0
111.3706462083553,0.7601532216224453,97.77130037269649,146.51078629996405,0,0,16.3,145.7713003726965,20260302-204149,0.0,0.0
116.25483264609784,0.7933329388174919,97.6043441048547,146.5397778886911,0,0,16.3,145.60434410485468,20260302-204149,0.0,0.0
121.13992660332698,0.8265250968847871,97.45085199134229,146.56533366005362,0,0,16.3,145.4508519913423,20260302-204149,0.0,0.0
126.0258225465255,0.8597282433222718,97.30926039981796,146.58797535779493,0,0,16.3,145.309260399818,20260302-204149,0.0,0.0
130.91243068089022,0.8929411432687142,97.17823852201411,146.60812940220242,0,0,16.3,145.17823852201408,20260302-204149,0.0,0.0
135.79967412409755,0.9261627402118312,97.0566466402122,146.62614703441596,0,0,16.3,145.05664664021216,20260302-204149,0.0,0.0
133.89420993375404,0.9587078861144572,-99.81273173448841,-139.66111249633428,0,0,16.3,-51.81273173448841,20260302-204149,0.0,0.0
129.247722554546,0.9290473679312921,-99.1409790482524,-139.11854983491492,0,0,16.3,-51.140979048252404,20260302-204149,0.0,0.0
124.62032481214177,0.8996928415914702,-98.41923391197821,-138.5143007158981,0,0,16.3,-50.4192339119782,20260302-204149,0.0,0.0
120.01422484865981,0.8706842087215164,-97.64195680593612,-137.83898185644676,0,0,16.3,-49.64195680593612,20260302-204149,0.0,0.0
115.43197223802319,0.8420686238217411,-96.80280439941751,-137.08143133766634,0,0,16.3,-48.80280439941752,20260302-204149,0.0,0.0
110.87652367606486,0.8139022206503576,-95.89448909308105,-136.22830957196277,0,0,16.3,-47.89448909308105,20260302-204149,0.0,0.0
106.35132358937672,0.7862523563683397,-94.90861128952528,-135.26359918411967,0,0,16.3,-46.90861128952528,20260302-204149,0.0,0.0
101.86040346930592,0.7592005641390882,-93.83545923823135,-134.16797652780028,0,0,16.3,-45.83545923823135,20260302-204149,0.0,0.0
97.40850476032057,0.7328464896017944,-92.6637707588816,-132.91802054376936,0,0,16.3,-44.6637707588816,20260302-204149,0.0,0.0
93.00123140769229,0.7073132162007988,-91.3804509567255,-131.48521655968918,0,0,16.3,-43.3804509567255,20260302-204149,0.0,0.0
88.64523972581378,0.6827545867688989,-89.9702406321058,-129.83470407034955,0,0,16.3,-41.9702406321058,20260302-204149,0.0,0.0
84.34847507655957,0.6593654525792997,-88.41533221697696,-127.92371020745169,0,0,16.3,-40.415332216976964,20260302-204149,0.0,0.0
76.13371438314665,0.3106244348512792,-116.54657306858623,-245.09892281847678,0,0,16.3,-68.54657306858623,20260302-204149,0.0,0.0
68.28341550824268,0.3037295728161359,-122.09279543418586,-224.81648683441952,0,0,16.3,-74.09279543418586,20260302-204149,0.0,0.0
61.2332490397072,0.31136468732846834,-128.9945471841702,-196.66086596104694,0,0,16.3,-80.99454718417019,20260302-204149,0.0,0.0
55.29014676447337,0.35004635637785836,-137.52914887970874,-157.9509278045171,0,0,16.2,-89.52914887970874,20260302-204149,0.0,0.0
50.8438143465449,0.4765960824396271,-147.82506639906114,-106.68114199823611,0,0,16.2,-99.82506639906114,20260302-204149,0.0,0.0
45.438010426234996,0.2620439784209968,-150.7430413750048,-173.3984146479215,0,0,16.2,-102.74304137500478,20260302-204149,0.0,0.0
40.646926397923984,0.3676129911458078,-163.40719830666404,-110.56988565945981,0,0,16.2,-115.40719830666403,20260302-204149,0.0,0.0
38.280142688662856,1.3204225341649094,-178.49090979510277,-28.99082808585422,0,0,16.2,-130.49090979510277,20260302-204149,0.0,0.0
38.78405455200703,0.6612520472437242,165.68234527082075,58.652452893974946,0,0,16.2,-146.31765472917922,20260302-204149,0.0,0.0
42.055597906631355,0.3125232860828134,151.3086223704097,134.5678859126271,0,0,16.2,-160.6913776295903,20260302-204149,0.0,0.0
45.84841284044101,0.7297546915865887,-53.168353979739464,-62.82715735716635,0,0,16.4,-5.168353979739469,20260302-204149,0.0,0.0
43.97738679834298,0.8947676147836421,-47.39316665178825,-49.1495066112522,0,0,16.4,0.606833348211735,20260302-204149,0.0,0.0
42.5896862893912,1.2575367221222802,-41.17441334023516,-33.8675487881696,0,0,16.4,6.825586659764843,20260302-204149,0.0,0.0
41.7335529980443,2.4078111345203874,-34.61987608161908,-17.332569153667123,0,0,16.6,13.38012391838091,20260302-204149,0.0,0.0
41.4419443613173,400.23102900025714,-27.88298005495517,-0.10354505612629718,0,0,16.6,20.11701994504483,20260302-204149,0.0,0.0
41.72669766524299,2.4359212686576885,-21.144972084667984,17.129739865622355,0,0,16.5,26.855027915332013,20260302-204149,0.0,0.0
42.5762502181768,1.2642656815080942,-14.587275369266706,33.6766637273498,0,0,16.5,33.41272463073328,20260302-204149,0.0,0.0
43.957867398557184,0.897537222705859,-8.363778605709314,48.976094012050865,0,0,16.5,39.63622139429069,20260302-204149,0.0,0.0
45.823447805807916,0.7311385357500195,-2.582859592577506,62.67409740453787,0,0,16.5,45.4171404074225,20260302-204149,0.0,0.0
48.116731709335774,0.6447281257294002,2.6969113910971316,74.63104181301208,0,0,16.5,50.69691139109714,20260302-204149,0.0,0.0
50.77980514888694,0.5982720358978156,7.460095492401081,84.87745056090185,0,0,16.5,55.460095492401095,20260302-204149,0.0,0.0
53.75773981971137,0.5746323756923479,11.722481572997538,93.55153328237233,0,0,16.5,59.72248157299752,20260302-204149,0.0,0.0
57.00120883878488,0.5652465966891674,15.518924967573582,100.84308189144251,0,0,16.4,63.51892496757359,20260302-204149,0.0,0.0
60.46749760520841,0.5653602525993277,18.893578760765166,106.95392420531886,0,0,16.4,66.89357876076517,20260302-204149,0.0,0.0
63.71177298095436,0.6775334273060972,-35.778737828475755,-94.03487770968759,0,0,16.4,12.221262171524232,20260302-204149,0.0,0.0
61.49135447103464,1.6097201362987643,-25.887251638729424,-38.200028119435686,0,0,16.4,22.112748361270576,20260302-204149,0.0,0.0
61.204524509145386,2.8967173172019294,-15.586226988584087,21.128925541228032,0,0,16.6,32.41377301141592,20260302-204149,0.0,0.0
62.87775006710328,0.8010813699465223,-5.514726592468861,78.49109020136218,0,0,16.6,42.485273407531146,20260302-204149,0.0,0.0
66.36293825633413,0.5134409019157479,3.7666910383655363,129.25136662996871,0,0,16.6,51.76669103836552,20260302-204149,0.0,0.0
71.395225203996,0.4171375562310588,11.932747816456754,171.15511211474114,0,0,16.6,59.93274781645674,20260302-204149,0.0,0.0
77.67449566779933,0.3803680250216077,18.903185700136873,204.20879400519235,0,0,16.6,66.90318570013689,20260302-204149,0.0,0.0
84.9245951416139,0.3697804074686016,24.758904760224993,229.6622358198492,0,0,16.6,72.75890476022498,20260302-204149,0.0,0.0
84.4837957406719,0.2759752131782841,-94.56597826612318,-306.12820176025775,0,0,16.6,-46.565978266123174,20260302-204149,0.0,0.0
74.33603056642634,0.24573383674893395,-96.80017425281392,-302.5062870864439,0,0,16.6,-48.80017425281392,20260302-204149,0.0,0.0
64.33684425712605,0.21658476262021986,-99.73454330836957,-297.051572228746,0,0,16.6,-51.73454330836957,20260302-204149,0.0,0.0
54.56797603476449,0.18923098491154208,-103.73342936352205,-288.36702435530225,0,0,16.6,-55.733429363522056,20260302-204149,0.0,0.0
45.17907567743601,0.1651435124711138,-109.43277823248283,-273.5746321572187,0,0,16.6,-61.432778232482825,20260302-204149,0.0,0.0
36.464834300683,0.14800426922383453,-117.97919522159208,-246.37690853049205,0,0,16.6,-69.97919522159208,20260302-204149,0.0,0.0
29.039107993479476,0.1503600355829102,-131.34742814660189,-193.1304942892687,0,0,16.6,-83.34742814660189,20260302-204149,0.0,0.0
103.95337354595391,0.36531324278810473,-140.69197937711516,-284.5595542953003,0,0,16.5,-92.69197937711515,20260302-204149,0.0,0.0
94.58735305255469,0.34141230272077155,-137.81402899973557,-277.0472894467256,0,0,16.5,-89.81402899973556,20260302-204149,0.0,0.0
85.51187773850218,0.32030087420234327,-134.31471563551173,-266.9736008415696,0,0,16.5,-86.31471563551173,20260302-204149,0.0,0.0
76.8299778876213,0.30343113295416624,-130.00523698187715,-253.20400428134906,0,0,16.5,-82.00523698187713,20260302-204149,0.0,0.0
68.69104862376265,0.2934748642340054,-124.63767707114215,-234.06109686106237,0,0,16.5,-76.63767707114215,20260302-204149,0.0,0.0
61.31170533286276,0.29594409605072736,-117.90592017735639,-207.17326735368766,0,0,16.5,-69.90592017735639,20260302-204149,0.0,0.0
54.99855135898922,0.32433133330355646,-109.48728894957121,-169.57520199725374,0,0,16.5,-61.48728894957121,20260302-204149,0.0,0.0
50.15582202818406,0.42274591803047246,-99.17759357306977,-118.6429481373933,0,0,16.5,-51.17759357306977,20260302-204149,0.0,0.0
47.23793714833756,0.8666127389012923,-87.15068393096104,-54.50870386261191,0,0,16.5,-39.15068393096104,20260302-204149,0.0,0.0
46.03992313862438,0.22361645099236205,-117.47655786613936,-205.88790732662574,0,0,16.5,-69.47655786613936,20260302-204149,0.0,0.0
39.31783024166644,0.19987173883690235,-122.32756038040826,-196.7153058779873,0,0,16.5,-74.32756038040826,20260302-204149,0.0,0.0
32.99119057593029,0.1817127909795846,-129.1049485948579,-181.5567874890923,0,0,16.5,-81.10494859485787,20260302-204149,0.0,0.0
27.33596833340634,0.1760264440092236,-138.87759121371874,-155.29466886221914,0,0,16.5,-90.87759121371876,20260302-204149,0.0,0.0
22.856099891176278,0.20891992989760283,-153.05980311370692,-109.40124239166008,0,0,16.5,-105.05980311370692,20260302-204149,0.0,0.0
20.34347728753995,0.5475449265474762,-172.2812652263952,-37.15398737381236,0,0,16.5,-124.2812652263952,20260302-204149,0.0,0.0
20.53344740818431,0.4263967726510918,166.2212537849349,48.15572894822596,0,0,16.5,-145.77874621506507,20260302-204149,0.0,0.0
23.360168774721632,0.19963707897898011,147.61055537883868,117.0131765811963,0,0,16.5,-164.38944462116132,20260302-204149,0.0,0.0
28.03715635197478,0.17553952438741588,134.0941122166122,159.71990609987498,0,0,16.5,-177.90588778338784,20260302-204149,0.0,0.0
33.804976199214686,0.18364531956526203,124.79955931446193,184.07752661075259,0,0,16.5,172.79955931446196,20260302-204149,0.0,0.0
32.2664321376822,0.3497686223950042,104.53504631069927,-92.2507911565685,0,0,16.5,152.53504631069927,20260302-204149,0.0,0.0
30.880271462992663,2.7194214418807396,85.49823925182852,11.355456343550783,0,0,16.5,133.4982392518285,20260302-204149,0.0,0.0
32.98298429229302,0.29578575749548136,66.89037698675051,111.50971085143236,0,0,16.5,114.89037698675051,20260302-204149,0.0,0.0
37.99974874243562,0.20613025830949808,51.86148527460472,184.34823229775512,0,0,16.5,99.8614852746047,20260302-204149,0.0,0.0
44.96556594346265,0.19568467550573088,40.896720298346594,229.78583186063426,0,0,16.5,88.8967202983466,20260302-204149,0.0,0.0
53.11911992125433,0.2065666247766645,33.076403017086136,257.15248036165383,0,0,16.5,81.07640301708612,20260302-204149,0.0,0.0
61.993525841545505,0.22624374347326914,27.41249274855329,274.0121114061662,0,0,16.5,75.41249274855329,20260302-204149,0.0,0.0
71.32020159666686,0.25039435694164097,23.197090846215758,284.8315052614758,0,0,16.5,71.19709084621574,20260302-204149,0.0,0.0
76.57056160064216,0.5300693929026489,129.44478713144935,-144.45384439449217,0,0,16.5,177.44478713144935,20260302-204149,0.0,0.0
72.38508432403079,0.6855780704159531,121.88206212798411,-105.58255499641841,0,0,16.4,169.8820621279841,20260302-204149,0.0,0.0
69.59911841608391,1.1467097770359052,113.556684999494,-60.69462370503941,0,0,16.3,161.556684999494,20260302-204149,0.0,0.0
68.38392690490072,5.802063568959381,104.74041714727116,-11.786138861137227,0,0,16.3,152.74041714727113,20260302-204149,0.0,0.0
68.82276481305622,1.8131620800657546,95.82389152672732,37.95731532757422,0,0,16.3,143.82389152672732,20260302-204149,0.0,0.0
66.27508263667616,0.3249609473409798,-118.59569402514735,-203.94783797554007,0,0,16.3,-70.59569402514735,20260302-204149,0.0,0.0
60.030532062464424,0.3552160530566716,-110.80766833071615,-168.9972385704288,0,0,16.3,-62.80766833071616,20260302-204149,0.0,0.0
55.133662058995974,0.44877798268902896,-101.43286439756537,-122.85286753294146,0,0,16.3,-53.432864397565375,20260302-204149,0.0,0.0
51.96685785668844,0.7938924175255944,-90.58697486396444,-65.45831237267495,0,0,16.3,-42.58697486396444,20260302-204149,0.0,0.0
50.854357237975556,86.21371864227704,-78.81589170752599,-0.5898638643460375,0,0,16.3,-30.815891707525996,20260302-204149,0.0,0.0
51.9283611893029,0.8069485887879325,-67.03595713066831,64.35151124968354,0,0,16.3,-19.03595713066831,20260302-204149,0.0,0.0
55.061070209853796,0.45159698125782494,-56.16744569676544,121.92523974915241,0,0,16.3,-8.167445696765434,20260302-204149,0.0,0.0
53.6112286633334,3.202658688917116,-169.70046620847336,-16.739601022380704,0,0,16.3,-121.70046620847334,20260302-204149,0.0,0.0
54.26584660637007,0.9763935518519556,178.16435997262738,55.57784205297379,0,0,16.3,-133.8356400273726,20260302-204149,0.0,0.0
55.4623014881764,0.3612458370648616,-47.34741583504203,-153.53063149131367,0,0,16.2,0.6525841649579638,20260302-204149,0.0,0.0
51.20610495435844,0.5136380527378703,-36.82263781002618,-99.69297383909156,0,0,16.2,11.17736218997382,20260302-204149,0.0,0.0
42.33153023069258,0.13565594484840746,-100.41039094967604,-312.05068290959997,0,0,16.2,-52.41039094967605,20260302-204149,0.0,0.0
31.96313315961701,0.103197044095362,-97.79508231419207,-309.7291539676332,0,0,16.2,-49.79508231419207,20260302-204149,0.0,0.0
21.72486807280951,0.07161643601844626,-92.69411184624047,-303.35031007705874,0,0,16.2,-44.69411184624047,20260302-204149,0.0,0.0
11.955855714951923,0.0435723646078798,-78.94341492968948,-274.3907938562916,0,0,16.2,-30.94341492968948,20260302-204149,0.0,0.0
5.8787465217272405,1.1879444181644228,-17.492228847113353,4.948671361923573,0,0,16.2,30.507771152886644,20260302-204149,0.0,0.0
12.116988782320988,0.04397482476432148,42.588504384894065,275.54376503512486,0,0,16.2,90.58850438489405,20260302-204149,0.0,0.0
21.902688312836535,0.07215655366306734,56.040621238035044,303.5439915147614,0,0,16.2,104.04062123803506,20260302-204149,0.0,0.0
27.70295964985595,0.090930274603885,-152.1709404378438,-304.6615637150219,0,0,16.2,-104.17094043784381,20260302-204149,0.0,0.0
17.804643425205832,0.06248340460969353,-142.4228405744675,-284.9499564952269,0,0,16.1,-94.42284057446751,20260302-204149,0.0,0.0
9.53919934296508,0.053312814907907485,-112.96940832564151,-178.92882526355223,0,0,16.1,-64.96940832564151,20260302-204149,0.0,0.0
9.456583060484753,0.05387955484910166,-45.181334366316236,175.5133851229735,0,0,16.1,2.818665633683757,20260302-204149,0.0,0.0
16.601013609416945,0.6365753260184817,-101.2633956826056,26.078631908731833,0,0,16.1,-53.263395682605605,20260302-204149,0.0,0.0
20.653063808548623,0.1041448145784388,-69.03123577357061,198.31101425595554,0,0,16.1,-21.031235773570618,20260302-204149,0.0,0.0
28.66515289293854,0.10590809937396285,-51.03932606979606,270.66062994598286,0,0,16.1,-3.039326069796056,20260302-204149,0.0,0.0
30.505524919481946,0.11389934549348057,-76.5930795976667,-267.828799079693,0,0,16.1,-28.593079597666694,20260302-204149,0.0,0.0
22.271939585221293,0.10193618825490001,-62.251877278702324,-218.48903678376158,0,0,16.0,-14.251877278702315,20260302-204149,0.0,0.0
16.785820414136772,0.18037600876293475,-35.49874934540486,-93.06016098958095,0,0,16.0,12.501250654595143,20260302-204149,0.0,0.0
16.96350414498269,0.16519043648888457,0.7301755492249242,102.6905945982178,0,0,16.0,48.73017554922492,20260302-204149,0.0,0.0
16.503963791551524,0.10312051078784334,-107.35411584031935,-160.04540382374773,0,0,16.0,-59.35411584031935,20260302-204149,0.0,0.0
14.499387768291337,0.2705948391435022,-67.73643065968851,53.58338619533688,0,0,16.0,-19.736430659688512,20260302-204149,0.0,0.0
19.389971465100732,0.0896185532844984,-34.86524946444928,216.36113008370418,0,0,15.9,13.13475053555072,20260302-204149,0.0,0.0
27.741612500344612,0.10108260538263979,-18.385649224453545,274.4449689967037,0,0,15.9,29.614350775546463,20260302-204149,0.0,0.0
34.104299912178114,1.504214531062367,-85.80746308776068,-22.67249731199685,0,0,15.9,-37.80746308776069,20260302-204149,0.0,0.0
33.561874853526824,3.435346845074737,-79.34399579446787,-9.769573893723292,0,0,15.9,-31.343995794467865,20260302-204149,0.0,0.0
32.84311129804544,2.8326062620001524,12.759078948856256,11.59466168617955,0,0,15.9,60.759078948856256,20260302-204149,0.0,0.0
33.79438817896248,2.0292346691306893,-66.2114812029672,16.65376050047468,0,0,15.9,-18.211481202967203,20260302-204149,0.0,0.0
34.560464839365196,1.1847721135077713,-59.87774298938332,29.170559000617885,0,0,15.9,-11.877742989383322,20260302-204149,0.0,0.0
35.727866102177565,0.8782160259517037,-53.8880569069177,40.68232080308493,0,0,15.9,-5.888056906917701,20260302-204149,0.0,0.0
37.258887950350726,0.7310921230458006,-48.33358345103167,50.96332839030817,0,0,15.9,-0.3335834510316709,20260302-204149,0.0,0.0
39.11085111779063,0.6525342673044073,-43.260876719356844,59.93685401282598,0,0,15.9,4.739123280643161,20260302-204149,0.0,0.0
41.240541313114576,0.6097029984348389,-38.67902799027968,67.64037805125227,0,0,15.9,9.320972009720313,20260302-204149,0.0,0.0
43.607286652794244,0.587842883890801,-34.570481336701505,74.1818738438532,0,0,15.9,13.429518663298484,20260302-204149,0.0,0.0
46.17464974873936,0.5793407372317447,-30.901600966496204,79.70205922230673,0,0,15.9,17.098399033503792,20260302-204149,0.0,0.0
46.651938986320225,0.32473981748671044,-171.97671458264986,-143.65943587508912,0,0,15.9,-123.97671458264986,20260302-204149,0.0,0.0
42.9365538537536,0.5614270801903845,175.18562482228208,-76.47752552155744,0,0,15.9,-136.81437517771792,20260302-204149,0.0,0.0
41.69627351969157,12.913906483526226,160.79112140180803,3.228788560059801,0,0,15.9,-151.20887859819194,20260302-204149,0.0,0.0
43.145082187443954,0.5239320141201358,146.4676796849282,82.3486273498663,0,0,15.9,-165.5323203150718,20260302-204149,0.0,0.0
47.03513932618215,0.31734694953920023,133.79893079238275,148.213617286944,0,0,15.9,-178.20106920761722,20260302-204149,0.0,0.0
48.3483368326721,2.2258614932290506,-166.59807731409768,-21.721179408397653,0,0,15.9,-118.59807731409767,20260302-204149,0.0,0.0
47.76232958119424,3.5674280646860423,-170.9550969282409,-13.388449245548458,0,0,15.8,-122.95509692824089,20260302-204149,0.0,0.0
47.4584014805872,9.84637135826713,-175.39398128953934,-4.819887423882359,0,0,15.8,-127.39398128953935,20260302-204149,0.0,0.0
47.44197410200651,12.368392246072165,-179.8629002750207,3.8357430099350767,0,0,15.7,-131.8629002750207,20260302-204149,0.0,0.0
47.71334439998089,3.8410393121067576,175.69210730949357,12.421988040994762,0,0,15.7,-136.30789269050643,20260302-204149,0.0,0.0
44.8212285050801,0.31074343890775613,-29.766334542272403,-144.23869627826716,0,0,15.6,18.233665457727607,20260302-204149,0.0,0.0
41.090633216560185,0.5359929986935525,-16.61710258442443,-76.66263051330127,0,0,15.6,31.38289741557558,20260302-204149,0.0,0.0
39.861347867235686,9.646025245109541,-1.7964589411091367,4.132411729633931,0,0,15.6,46.20354105889087,20260302-204149,0.0,0.0
41.35702203579571,0.4915569152098245,12.926556248346884,84.13475786042432,0,0,15.6,60.92655624834689,20260302-204149,0.0,0.0
45.308595120213454,0.3021411774149787,25.846628518717637,149.95835889652315,0,0,15.6,73.84662851871762,20260302-204149,0.0,0.0
48.98716511190912,1.0409430882432282,-52.9673064927845,-47.06036829984956,0,0,15.6,-4.967306492784512,20260302-204149,0.0,0.0
46.52915590691946,0.7231095824329327,-94.4829673466854,-64.34592631226121,0,0,15.6,-46.48296734668539,20260302-204149,0.0,0.0
44.90637455821657,1.3836521535248094,-85.73766132368519,-32.45495946637963,0,0,15.6,-37.73766132368519,20260302-204149,0.0,0.0
44.191325218077715,0.3063068627953395,-93.20458319998647,-144.27141728001172,0,0,15.6,-45.204583199986466,20260302-204149,0.0,0.0
39.451985317904146,0.2821268400834749,-96.61106778887759,-139.83775987506615,0,0,15.6,-48.61106778887759,20260302-204149,0.0,0.0
34.889677431382985,0.26132135600122675,-100.92726669903361,-133.51253783949903,0,0,15.6,-52.92726669903361,20260302-204149,0.0,0.0
30.583730344014683,0.2461782717782034,-106.4985290485678,-124.2340768870511,0,0,15.6,-58.498529048567804,20260302-204149,0.0,0.0
44.66264777859998,3.5015211668371466,-21.284242732923218,12.755212849089485,0,0,15.5,26.71575726707677,20260302-204149,0.0,0.0
45.237390776690994,2.0873312296346977,-16.623772622093412,21.67235852864998,0,0,15.5,31.37622737790659,20260302-204149,0.0,0.0
46.102844093436225,1.5278852559355374,-12.10919683246675,30.17428430200215,0,0,15.5,35.890803167533264,20260302-204149,0.0,0.0
47.24303371140769,1.2386807977330583,-7.786654199483223,38.139796627079704,0,0,15.4,40.21334580051676,20260302-204149,0.0,0.0
48.63864231805402,1.0692223126482414,-3.689864826437855,45.48973748741383,0,0,15.4,44.310135173562145,20260302-204149,0.0,0.0
44.573283380642955,0.3785918018578794,-160.15696526271992,-117.73441253061111,0,0,15.4,-112.15696526271992,20260302-204149,0.0,0.0
42.594779613407624,24.537966777924275,-177.542806317297,1.7358724135093486,0,0,15.4,-129.542806317297,20260302-204149,0.0,0.0
44.68373460648916,0.3700429507623994,165.1156917995106,120.75283291960372,0,0,15.4,-146.88430820048936,20260302-204149,0.0,0.0
50.33627176834093,0.23641291269147086,150.50647022818612,212.9167615900573,0,0,15.4,-161.49352977181388,20260302-204149,0.0,0.0
58.52886127180437,0.2135786654634757,139.40420750880537,274.03889402901734,0,0,15.4,-172.5957924911946,20260302-204149,0.0,0.0
55.646066111839076,0.41416606134283257,-117.6859423486865,-134.35689523043067,0,0,15.4,-69.6859423486865,20260302-204149,0.0,0.0
52.11744144885191,0.6909276778998302,-106.72984954365637,-75.43110967456109,0,0,15.4,-58.72984954365637,20260302-204149,0.0,0.0
50.71798972230391,6.661952470232794,-94.69399305656717,-7.61308189287211,0,0,15.4,-46.693993056567166,20260302-204149,0.0,0.0
51.62116822210456,0.8435310609945439,-82.54066846614188,61.19652329250559,0,0,15.4,-34.54066846614189,20260302-204149,0.0,0.0
54.71306319887221,0.4465145345205456,-71.28683275229837,122.53366681024508,0,0,15.3,-23.286832752298363,20260302-204149,0.0,0.0
55.43390736628811,3.488866294957458,84.15395062136423,15.888802458955812,0,0,15.3,132.15395062136423,20260302-204149,0.0,0.0
56.75780178587288,0.20009973237048875,-125.14690153284668,-283.6475647093053,0,0,15.3,-77.14690153284668,20260302-204149,0.0,0.0
47.640030334560755,0.1821917379766391,-131.96742900350722,-261.48293475672995,0,0,15.3,-83.96742900350723,20260302-204149,0.0,0.0
39.503258149090506,0.17703068934083122,-141.7920257373474,-223.14355943695284,0,0,15.3,-93.79202573734739,20260302-204149,0.0,0.0
33.07949222572625,0.21154218805832586,-156.01756621685252,-156.37302672035167,0,0,15.3,-108.01756621685252,20260302-204149,0.0,0.0
29.509467884603808,0.5689392138550636,-175.22338763031127,-51.867523218607495,0,0,15.3,-127.22338763031127,20260302-204149,0.0,0.0
29.835801835302252,0.421569381197101,163.385843705029,70.77317083745413,0,0,15.2,-148.614156294971,20260302-204149,0.0,0.0
33.94630959148238,0.20027905587358133,144.90084538209862,169.49505500420236,0,0,15.2,-167.09915461790138,20260302-204149,0.0,0.0
40.71043215207245,0.176389833861426,131.46456732768218,230.79806392955197,0,0,15.2,179.46456732768218,20260302-204149,0.0,0.0
49.04219738692997,0.18447067002757475,122.20897488549224,265.85363071321376,0,0,15.1,170.20897488549224,20260302-204149,0.0,0.0
58.273025067101926,0.20357937727862624,115.75733635866425,286.24227977349256,0,0,15.1,163.75733635866422,20260302-204149,0.0,0.0
55.94387265195921,1.0768394526686398,-28.105393086606853,-51.95191587131978,0,0,15.0,19.89460691339315,20260302-204149,0.0,0.0
55.206362444932665,6.815800844162302,-17.21513134218648,8.099761672499076,0,0,15.0,30.784868657813522,20260302-204149,0.0,0.0
56.474224248293815,0.8391431021383797,-6.428372171444721,67.29987305428732,0,0,15.0,41.571627828555265,20260302-204149,0.0,0.0
57.09552433212409,0.3507416309206887,-48.64630871110725,-162.7851366895046,0,0,15.0,-0.6463087111072452,20260302-204149,0.0,0.0
52.49300050020646,0.47206020381512004,-38.48318767455248,-111.19980052536917,0,0,14.9,9.516812325447512,20260302-204149,0.0,0.0
49.81570108054981,1.0426383767247043,-26.815388142865118,-47.77850325923983,0,0,14.9,21.184611857134875,20260302-204149,0.0,0.0
49.37778667231065,2.263908454912715,-14.40009911966564,21.810858369807367,0,0,14.9,33.599900880334374,20260302-204149,0.0,0.0
51.23670880377915,0.5789950564804562,-2.334397564931237,88.49248060118563,0,0,14.9,45.66560243506878,20260302-204149,0.0,0.0
55.160743389731564,0.38075942817312486,8.450274600850491,144.87032837083396,0,0,14.9,56.450274600850506,20260302-204149,0.0,0.0
49.97972422286076,0.17859115065671138,-63.99159581751614,-279.85554737217626,0,0,14.9,-15.991595817516144,20260302-204149,0.0,0.0
40.9789833025546,0.15881536223695977,-56.739953057943396,-258.02908941146444,0,0,14.9,-8.739953057943394,20260302-204149,0.0,0.0
32.9869196377055,0.15196516027620505,-45.71410011598584,-217.0689622394367,0,0,14.9,2.285899884014154,20260302-204149,0.0,0.0
26.623685064986493,0.083962673322244,-168.69747139213158,-317.08953528440304,0,0,14.9,-120.69747139213158,20260302-204149,0.0,0.0
16.056040253808852,0.050661230214573555,-169.60326217463006,-316.9295373563602,0,0,14.9,-121.60326217463007,20260302-204149,0.0,0.0
5.507826418012075,0.017483051394758378,-173.98575576133453,-315.03804991749814,0,0,14.9,-125.98575576133452,20260302-204149,0.0,0.0
5.141962280749376,0.016338159607654137,19.818631106730294,314.72102147542114,0,0,14.9,67.8186311067303,20260302-204149,0.0,0.0
15.687807411140124,0.04950122001462784,15.013175505603328,316.9175912533934,0,0,14.9,63.013175505603336,20260302-204149,0.0,0.0
26.255260952199137,0.08280145506007541,14.073111727304678,317.0869513482584,0,0,14.9,62.073111727304685,20260302-204149,0.0,0.0
36.82572545101859,0.11612069806418729,13.672658029908234,317.13317319762126,0,0,14.9,61.67265802990823,20260302-204149,0.0,0.0
47.39718644968497,0.1494462277852488,13.450831424201112,317.1521098397597,0,0,14.9,61.45083142420112,20260302-204149,0.0,0.0
57.969098774478795,0.18277460420415007,13.30991300938723,317.16167039120063,0,0,15.1,61.30991300938723,20260302-204149,0.0,0.0
64.54886999619505,0.4602893166846333,-29.834603862523238,-140.23542944930142,0,0,15.1,18.165396137476755,20260302-204149,0.0,0.0
60.6284195937927,0.6482327598763076,-20.788642220861533,-93.52878062713384,0,0,15.1,27.211357779138467,20260302-204149,0.0,0.0
58.39939780218636,1.4899696851896551,-10.780813563843054,-39.19502415564436,0,0,15.1,37.219186436156946,20260302-204149,0.0,0.0
58.05695325658036,3.0850271861425296,-0.32483931627518814,18.818943806188585,0,0,15.1,47.67516068372482,20260302-204149,0.0,0.0
59.633595697201,0.794832538370072,9.912376240992586,75.02661607121544,0,0,15.1,57.91237624099258,20260302-204149,0.0,0.0
62.98537454583745,0.5050073286955662,19.340929037516048,124.72170395730426,0,0,15.1,67.34092903751605,20260302-204149,0.0,0.0
54.349559722727925,0.16646929578344521,-128.56757203523824,-326.4839889358912,0,0,15.0,-80.56757203523824,20260302-204149,0.0,0.0
43.56539838297322,0.13621287731546594,-132.42387842475836,-319.8331849497368,0,0,15.0,-84.42387842475837,20260302-204149,0.0,0.0
33.106695590625016,0.10827293145874205,-138.76272287001632,-305.77075123564464,0,0,15.0,-90.76272287001632,20260302-204149,0.0,0.0
23.41372913578275,0.08684456843496327,-150.61762710827708,-269.60499151212866,0,0,15.0,-102.61762710827708,20260302-204149,0.0,0.0
15.9496769123278,0.10168133601282472,-175.8581199743918,-156.85943495388494,0,0,15.0,-127.85811997439178,20260302-204149,0.0,0.0
14.64997398024416,0.16399066473621107,141.18040962165355,89.33419474705791,0,0,15.0,-170.81959037834642,20260302-204149,0.0,0.0
19.257032059794017,0.071794201165375,-151.72211718559183,-268.2254520171655,0,0,15.0,-103.72211718559183,20260302-204149,0.0,0.0
11.675712102423855,0.07289551567680767,-123.79685985936793,-160.17051246594832,0,0,15.0,-75.79685985936793,20260302-204149,0.0,0.0
11.022067787182824,0.0852523281620804,-68.89017701972121,129.28758691760112,0,0,15.0,-20.89017701972121,20260302-204149,0.0,0.0
18.064452922013267,0.06913451838186832,-36.96284751397687,261.2942614604367,0,0,15.0,11.037152486023135,20260302-204149,0.0,0.0
27.40141777897319,0.09367603410231935,-24.68079965988133,292.5125731629874,0,0,15.0,23.319200340118662,20260302-204149,0.0,0.0
37.35004269186096,0.12334029625195285,-18.775492256919364,302.82108789137595,0,0,15.0,29.224507743080647,20260302-204149,0.0,0.0
33.433716589920486,0.16294939853494458,-43.385497281721314,-205.17852100417915,0,0,15.0,4.614502718278679,20260302-204149,0.0,0.0
27.833175328964106,0.22559593504199194,-26.227331852820782,-123.37622716377092,0,0,15.0,21.772668147179232,20260302-204149,0.0,0.0
25.689552676884368,82.24942126574543,-3.649261841242776,-0.31233718464573984,0,0,14.9,44.35073815875724,20260302-204149,0.0,0.0
27.813949891229154,0.2263421332162631,18.94527681854018,122.8845442781692,0,0,14.9,66.94527681854018,20260302-204149,0.0,0.0
33.40170241668865,0.16301884308820122,36.13263930224335,204.89473354081335,0,0,14.9,84.13263930224335,20260302-204149,0.0,0.0
41.06247513341191,0.16418364738656574,47.67878851694451,250.10088268249683,0,0,14.9,95.67878851694452,20260302-204149,0.0,0.0
49.849525853301216,0.18144213938344542,55.386260149417524,274.74061991714717,0,0,14.9,103.38626014941752,20260302-204149,0.0,0.0
45.37358314670216,0.21360972583749122,-135.61336582523745,-212.41347026128022,0,0,14.9,-87.61336582523747,20260302-204149,0.0,0.0
39.097573064190534,0.24394324240218973,-123.97058467832375,-160.27323683650266,0,0,14.9,-75.97058467832375,20260302-204149,0.0,0.0
34.97507830695201,0.4225951360832842,-108.79312154819087,-82.76261442833831,0,0,14.9,-60.793121548190875,20260302-204149,0.0,0.0
33.8033977104938,2.3953494261617916,-91.16646537522641,14.112094603524698,0,0,14.9,-43.166465375226416,20260302-204149,0.0,0.0
35.87284491225771,0.3343623028992986,-73.99483557700503,107.28734848755273,0,0,14.9,-25.994835577005027,20260302-204149,0.0,0.0
40.69189131206186,0.22932764647787482,-59.797849628770564,177.43997262008162,0,0,14.9,-11.797849628770555,20260302-204149,0.0,0.0
47.429703205218374,0.21238383485413095,-49.107768313064355,223.32068369418957,0,0,14.9,-1.1077683130643583,20260302-204149,0.0,0.0
50.50535115004881,12.064124076040851,-3.7495949346072166,-4.186408464610505,0,0,14.9,44.25040506539278,20260302-204149,0.0,0.0
51.48274018798276,0.8277818698751068,8.207048212045152,62.19360686861905,0,0,14.9,56.207048212045144,20260302-204149,0.0,0.0
54.568398687266715,0.4501294510566101,19.261738693821115,121.22823458712985,0,0,14.9,67.26173869382112,20260302-204149,0.0,0.0
59.434865936394644,0.3522441796542834,28.822365276072844,168.73200288143326,0,0,14.9,76.82236527607284,20260302-204149,0.0,0.0
51.969877458297965,0.19249161567082432,-76.23564066459164,-269.98514858522725,0,0,14.9,-28.235640664591635,20260302-204149,0.0,0.0
43.31558901646664,0.1752227695040338,-68.99711436742317,-247.20296990551492,0,0,14.9,-20.997114367423173,20260302-204149,0.0,0.0
35.68149655802301,0.1724136047232318,-58.422334372554616,-206.95290615436636,0,0,14.9,-10.422334372554625,20260302-204149,0.0,0.0
29.860592716166817,0.2195634001751127,-42.98340909277516,-135.99986469671865,0,0,14.9,5.016590907224852,20260302-204149,0.0,0.0
27.049910426195623,0.9918853088405221,-22.425213458241245,-27.271207855488843,0,0,14.9,25.574786541758765,20260302-204149,0.0,0.0
28.165531536497642,0.3068053695429954,-0.5681699699809428,91.80260299372156,0,0,14.9,47.43183003001905,20260302-204149,0.0,0.0
32.80935134021251,0.18217118579319044,17.3066815629019,180.10176086496617,0,0,14.9,65.3066815629019,20260302-204149,0.0,0.0
39.7638876364144,0.1712632769092433,29.863682209534147,232.17988324190642,0,0,14.8,77.86368220953413,20260302-204149,0.0,0.0
48.03578708131158,0.18377563681395326,38.403440790619925,261.38278127661175,0,0,14.8,86.40344079061991,20260302-204149,0.0,0.0
57.05491895572752,0.20500329245704674,44.343769856888,278.312207925548,0,0,14.8,92.34376985688799,20260302-204149,0.0,0.0
60.37400630657879,0.257032406385503,134.77980007127007,-234.88869421402254,0,0,14.8,-177.22019992872993,20260302-204149,0.0,0.0
53.04365967593718,0.26147633113666335,126.91237349910193,-202.86218429542424,0,0,14.8,174.9123734991019,20260302-204149,0.0,0.0
47.013618050400964,0.3011308187790612,116.78828998241192,-156.12356862382364,0,0,14.8,164.78828998241192,20260302-204149,0.0,0.0
42.83657302614024,0.46818691444273924,104.21633827941957,-91.4945969327797,0,0,14.8,152.2163382794196,20260302-204149,0.0,0.0
41.0816863227548,3.3842350255888225,89.79237487155405,-12.139135140475949,0,0,14.7,137.79237487155405,20260302-204149,0.0,0.0
42.053289641609574,0.6052450225212164,75.09375757056557,69.48142996109551,0,0,14.6,123.09375757056559,20260302-204149,0.0,0.0
45.57734792968443,0.3275177042620385,61.872815222449105,139.15995177231446,0,0,14.6,109.87281522244909,20260302-204149,0.0,0.0
41.023809127305476,0.1462053224153156,-170.06499847940648,-280.5903947242899,0,0,14.6,-122.06499847940648,20260302-204149,0.0,0.0
32.07912086890192,0.1269578927182861,-160.91352389097972,-252.6752782521687,0,0,14.6,-112.9135238909797,20260302-204149,0.0,0.0
24.539888815877564,0.1281203856266458,-145.49434731447437,-191.53773769764464,0,0,14.6,-97.49434731447437,20260302-204149,0.0,0.0
20.05894706697324,0.3106968453710384,-120.33072969245968,-64.56115459755817,0,0,14.6,-72.33072969245968,20260302-204149,0.0,0.0
20.725241584638365,0.20354657920240185,-90.10108988226894,101.82063322238238,0,0,14.6,-42.10108988226894,20260302-204149,0.0,0.0
26.148211927655776,0.12396403381453015,-67.38145878925216,210.93385817678092,0,0,14.6,-19.38145878925216,20260302-204149,0.0,0.0
34.1312379243936,0.13058667217029746,-53.81797577784566,261.3684640028442,0,0,14.6,-5.817975777845661,20260302-204149,0.0,0.0
43.28016733395928,0.15196782187224833,-45.67235200233847,284.79823426266336,0,0,14.6,2.3276479976615128,20260302-204149,0.0,0.0
52.99456041543749,0.17852341255661883,-40.43651943917337,296.849358056217,0,0,14.6,7.563480560826647,20260302-204149,0.0,0.0
55.857038224984535,0.8131275518045589,-170.60389345712963,-68.69406663323859,0,0,14.6,-122.60389345712963,20260302-204149,0.0,0.0
54.570902105985006,7.028290205410602,178.39035827210614,-7.7644634059041255,0,0,14.6,-133.60964172789386,20260302-204149,0.0,0.0
55.34901579621963,1.024716853499438,167.28231460536767,54.01396064405609,0,0,14.6,-144.7176853946323,20260302-204149,0.0,0.0
58.10851312944515,0.5273503263086174,156.8583383352834,110.18958409715427,0,0,14.6,-155.1416616647166,20260302-204149,0.0,0.0
62.5878630580657,0.39905525484504106,147.6511832192686,156.8400924387513,0,0,14.6,-164.3488167807314,20260302-204149,0.0,0.0
63.553861417170175,0.16837319539541068,-68.1455175337552,-377.45830782577434,0,0,14.5,-20.145517533755193,20260302-204149,0.0,0.0
51.15879901333987,0.14020447001369482,-63.24668549410322,-364.8870753431956,0,0,14.5,-15.246685494103215,20260302-204149,0.0,0.0
39.37175841928405,0.1161547174487758,-55.32339658582919,-338.9596159677887,0,0,14.4,-7.3233965858291965,20260302-204149,0.0,0.0
28.945314554351484,0.10441972174454756,-41.22221028815707,-277.201605891685,0,0,14.4,6.777789711842933,20260302-204149,0.0,0.0
21.915983604642665,0.17776504002339058,-15.265812164967599,-123.28624121907733,0,0,14.4,32.7341878350324,20260302-204149,0.0,0.0
21.853436094864065,0.18229292043759923,20.165409545999523,119.88088205731898,0,0,14.6,68.16540954599954,20260302-204149,0.0,0.0
28.803094105154333,0.10446542964820105,46.33994967503389,275.7189072227239,0,0,14.6,94.33994967503388,20260302-204149,0.0,0.0
39.19753844303456,0.11584193353941212,60.57653194512358,338.37089252052795,0,0,14.6,108.57653194512358,20260302-204149,0.0,0.0
42.238135093091344,0.3742314258674094,-46.41744109066278,-112.86635000037748,0,0,14.6,1.58255890933722,20260302-204149,0.0,0.0
38.60320790402087,0.3681063198455618,-41.763369512629595,-104.86972329140332,0,0,14.6,6.236630487370413,20260302-204149,0.0,0.0
35.2744339713842,0.37373216917129276,-36.18784555602144,-94.38425932025363,0,0,14.6,11.812154443978546,20260302-204149,0.0,0.0
32.34647045202439,0.4008183376579371,-29.529374309051747,-80.70107430970195,0,0,14.6,18.47062569094826,20260302-204149,0.0,0.0
29.93715144410853,0.47383672948045386,-21.676899671024245,-63.18030997076486,0,0,14.6,26.323100328975762,20260302-204149,0.0,0.0
28.179821675322057,0.6772831325506415,-12.65430998599004,-41.60715116172631,0,0,14.6,35.34569001400996,20260302-204149,0.0,0.0
27.201141334511522,1.631444705887506,-2.7154093262930132,-16.673039077787255,0,0,14.6,45.284590673707,20260302-204149,0.0,0.0
27.085646703168283,2.7639312824659132,7.6293231190196025,9.799681661768059,0,0,14.6,55.62932311901962,20260302-204149,0.0,0.0
27.844081093462027,0.7875893881682559,17.732650563233676,35.353550354735845,0,0,14.6,65.73265056323366,20260302-204149,0.0,0.0
29.408908067648266,0.5077565729525165,27.030435284144545,57.91930549838195,0,0,14.6,75.03043528414454,20260302-204149,0.0,0.0
31.660785250924274,0.41382378242505097,35.19917769480389,76.5078919954497,0,0,14.6,83.19917769480388,20260302-204149,0.0,0.0
34.46530427633796,0.3781471704147574,42.16302904027293,91.1425682189712,0,0,14.5,90.16302904027292,20260302-204149,0.0,0.0
37.69933026192421,0.36817646922566366,48.0071751517487,102.394730280325,0,0,14.5,96.0071751517487,20260302-204149,0.0,0.0
41.261995016193396,0.37180374269145877,52.88610549009303,110.97789042547281,0,0,14.5,100.88610549009302,20260302-204149,0.0,0.0
45.07544110063441,0.3834932494170713,56.96516664395352,117.53907316269922,0,0,14.4,104.96516664395352,20260302-204149,0.0,0.0
49.081248713727874,0.40035502000298934,60.393531969017374,122.5943132007222,0,0,14.4,108.39353196901737,20260302-204149,0.0,0.0
43.89446594187272,0.14256510807257794,149.78100030398127,-307.89066508143526,0,0,14.4,-162.2189996960187,20260302-204149,0.0,0.0
33.70164370580092,0.11121123240733033,146.082242853225,-303.04172497938725,0,0,14.4,-165.917757146775,20260302-204149,0.0,0.0
23.769523369699193,0.08174862124261177,139.24035274899586,-290.76359953712887,0,0,14.4,-172.7596472510041,20260302-204149,0.0,0.0
14.638732819885755,0.0593670503606329,123.32220885234551,-246.58009335078734,0,0,14.4,171.3222088523455,20260302-204149,0.0,0.0
9.14918359859081,0.27184130920227134,77.88061534263915,-33.65634025762838,0,0,14.4,125.88061534263916,20260302-204149,0.0,0.0
13.161892989568198,0.05786542465459683,25.462157735979304,227.45694977843073,0,0,14.4,73.46215773597932,20260302-204149,0.0,0.0
21.97444193185266,0.07670232154987723,6.196046220742147,286.48991957255606,0,0,14.4,54.19604622074215,20260302-204149,0.0,0.0
31.821841146660308,0.10551359174123313,-1.6478039556980093,301.58997169484854,0,0,14.4,46.352196044301984,20260302-204149,0.0,0.0
41.98208968488348,0.13663987006260706,-5.744141202786665,307.2462646930775,0,0,14.4,42.255858797213335,20260302-204149,0.0,0.0
52.2730804454388,0.16866575043284807,-8.236495868946804,309.92113283989215,0,0,14.4,39.76350413105318,20260302-204149,0.0,0.0
58.51540721383019,0.5315282540459235,67.34804243815978,110.08898730861166,0,0,14.4,115.3480424381598,20260302-204149,0.0,0.0
60.80415669258069,1.4174551564036035,-149.25378175321913,-42.89670570380107,0,0,14.4,-101.25378175321914,20260302-204149,0.0,0.0
59.51502012604023,1.7321006736554823,-153.19508417024855,-34.36002365869287,0,0,14.4,-105.19508417024853,20260302-204149,0.0,0.0
58.519117712238135,2.3113798168592536,-157.290543196707,-25.31782846133658,0,0,14.4,-109.29054319670699,20260302-204149,0.0,0.0
57.831600554915774,3.642380787263345,-161.50542935338325,-15.877417527882029,0,0,14.4,-113.50542935338325,20260302-204149,0.0,0.0
57.463538660411665,9.305348410790312,-165.7978849124013,-6.175323708865967,0,0,14.4,-117.79788491240127,20260302-204149,0.0,0.0
57.421075361914454,15.813466377569734,-170.12108703929673,3.6311504379180346,0,0,14.4,-122.12108703929673,20260302-204149,0.0,0.0
57.70492945814451,4.31404266909861,-174.42617019885614,13.376068315569434,0,0,14.4,-126.42617019885614,20260302-204149,0.0,0.0
58.31033561495723,2.5464575082121583,-178.66547779269547,22.89860931388418,0,0,14.4,-130.66547779269547,20260302-204149,0.0,0.0
59.22743420913324,1.847632269517538,177.2043822206515,32.055856128015655,0,0,14.4,-134.7956177793485,20260302-204149,0.0,0.0
60.44203879895354,1.4838827196247126,173.22014585821375,40.73235573107818,0,0,14.4,-138.77985414178627,20260302-204149,0.0,0.0
61.93664919141125,1.2680195213709575,169.41045001552487,48.84518585679704,0,0,14.4,-142.58954998447513,20260302-204149,0.0,0.0
62.31080599224023,0.19592978017712662,160.741036982565,-318.02621294174537,0,0,14.4,-151.258963017435,20260302-204149,0.0,0.0
51.71003212107822,0.16260013946612278,160.62841606846916,-318.0196049699689,0,0,14.4,-151.3715839315308,20260302-204149,0.0,0.0
41.10956107345306,0.1292724034680691,160.45771354554063,-318.0072464855759,0,0,14.4,-151.54228645445934,20260302-204149,0.0,0.0
30.50970849532454,0.09594855808412346,160.16839392130095,-317.9798540440282,0,0,14.4,-151.83160607869905,20260302-204149,0.0,0.0
19.911462136570385,0.06263482049438537,159.57105116465726,-317.897648295412,0,0,14.4,-152.42894883534274,20260302-204149,0.0,0.0
9.320302972069085,0.02936575304629507,157.61532475683669,-317.38681985698236,0,0,14.4,-154.38467524316334,20260302-204149,0.0,0.0
1.430902405801885,0.004951296609623512,5.967601496761063,288.9954932250945,0,0,14.4,53.96760149676107,20260302-204149,0.0,0.0
11.916569431987776,0.037515851654137164,-15.83602736379467,317.64091461518626,0,0,14.4,32.16397263620534,20260302-204149,0.0,0.0
22.510874782836126,0.07080476484632181,-17.18888993120592,317.92881215967384,0,0,14.4,30.811110068794086,20260302-204149,0.0,0.0
33.109697236283445,0.10412212835168744,-17.675761696573602,317.98905535671236,0,0,14.4,30.32423830342641,20260302-204149,0.0,0.0
43.70975096928453,0.13744723922341737,-17.926502370848652,318.011123513622,0,0,14.4,30.07349762915136,20260302-204149,0.0,0.0
54.31031503907954,0.17077556033460423,-18.07936340937397,318.02158887763665,0,0,14.4,29.92063659062603,20260302-204149,0.0,0.0
55.59979468565682,0.37592008982779396,114.52900493128243,-147.90322781399271,0,0,14.4,162.52900493128243,20260302-204149,0.0,0.0
51.54501922473248,0.5523613728968378,103.95481198344345,-93.31756664012659,0,0,14.4,151.95481198344345,20260302-204149,0.0,0.0
49.49743831982062,1.7541039952522344,92.05899785138087,-28.218075127696775,0,0,14.4,140.05899785138087,20260302-204149,0.0,0.0
49.70572752838861,1.2251542173485943,79.71618774020459,40.5709965525473,0,0,14.4,127.71618774020459,20260302-204149,0.0,0.0
52.14286004415109,0.5007192959358743,68.00869138361827,104.13591101316152,0,0,14.4,116.00869138361826,20260302-204149,0.0,0.0
56.52125187570605,0.3612520232959651,57.72936575669229,156.4593365042541,0,0,14.4,105.7293657566923,20260302-204149,0.0,0.0
62.43381719201252,0.31803094353784694,49.15843012012584,196.31365582696088,0,0,14.3,97.15843012012584,20260302-204149,0.0,0.0
68.41620230378538,0.25225625800512025,129.88076208195423,-271.2170665054291,0,0,14.3,177.88076208195423,20260302-204149,0.0,0.0
59.63181851625273,0.23411302678113635,124.56786824680648,-254.71379929661205,0,0,14.2,172.56786824680648,20260302-204149,0.0,0.0
51.532227430095034,0.2246209475342546,117.50650396486247,-229.4186183247063,0,0,14.2,165.50650396486247,20260302-204149,0.0,0.0
44.4929970976074,0.23411306604559465,108.02319779893998,-190.04918370913214,0,0,14.2,156.02319779893998,20260302-204149,0.0,0.0
39.091210777069655,0.3002640494975385,95.47879329924228,-130.189447729373,0,0,14.2,143.4787932992423,20260302-204149,0.0,0.0
36.070186744398725,0.755257536734399,79.93861612286139,-47.758790862729924,0,0,14.2,127.93861612286139,20260302-204149,0.0,0.0
36.03378450847528,0.7898369645599745,63.041966896883366,45.62180060609094,0,0,14.2,111.04196689688337,20260302-204149,0.0,0.0
38.99036448533911,0.30341128054328426,47.44443512351711,128.50664093808072,0,0,14.2,95.44443512351712,20260302-204149,0.0,0.0
44.345271020311486,0.23474704197787233,34.824466165320075,188.90662325999213,0,0,14.2,82.82446616532008,20260302-204149,0.0,0.0
43.65457217854745,0.159897123485427,-140.95372749841042,-273.0166198551165,0,0,14.2,-92.95372749841042,20260302-204149,0.0,0.0
34.83536488208505,0.13714765839374715,-133.6668563356458,-253.9989766509442,0,0,14.2,-85.6668563356458,20260302-204149,0.0,0.0
68.20487177741983,0.25176867905913125,12.8188100046778,270.9029257821264,0,0,14.1,60.818810004677815,20260302-204149,0.0,0.0
77.43331094054588,0.2744944401205166,8.717020138450522,282.09427814475526,0,0,14.1,56.71702013845052,20260302-204149,0.0,0.0
86.97338900333348,0.3000533047462587,5.501439605734532,289.8597936686046,0,0,13.9,53.50143960573453,20260302-204149,0.0,0.0
96.73294572535254,0.3274439764048712,2.9279000946548877,295.41830876664585,0,0,13.9,50.92790009465488,20260302-204149,0.0,0.0
98.08249671475325,0.24548665378583814,-72.89838752619049,-399.54309206691187,0,0,13.8,-24.898387526190486,20260302-204149,0.0,0.0
84.76451011678328,0.21215761424385945,-72.9933691123835,-399.53555482271196,0,0,13.8,-24.993369112383498,20260302-204149,0.0,0.0
71.44684330298753,0.1788301757337866,-73.1237602459806,-399.5234194107488,0,0,13.8,-25.123760245980606,20260302-204149,0.0,0.0
58.129716063901235,0.1455054389288567,-73.31389623935789,-399.50201512620515,0,0,13.7,-25.31389623935788,20260302-204149,0.0,0.0
44.81360943354847,0.11218581335518005,-73.617033057394,-399.4587915645687,0,0,13.8,-25.617033057394003,20260302-204149,0.0,0.0
31.49981778265068,0.07887778595087884,-74.17644756078572,-399.3496699091833,0,0,13.8,-26.176447560785714,20260302-204149,0.0,0.0
18.193424067571545,0.0456068700035876,-75.55449502395456,-398.9184977206369,0,0,13.8,-27.554495023954555,20260302-204149,0.0,0.0
4.954398787896607,0.012679114252717649,-84.34970757266433,-390.7527520571619,0,0,13.8,-36.34970757266432,20260302-204149,0.0,0.0
8.53666705929518,0.021523601418967073,114.66851487319332,396.618897234014,0,0,13.8,162.66851487319332,20260302-204149,0.0,0.0
21.817115544858897,0.05466364548174763,110.42470141624995,399.1156343962406,0,0,13.8,158.42470141624995,20260302-204149,0.0,0.0
35.1266509362751,0.08795033076651679,109.39423433071624,399.39191393749735,0,0,13.8,157.39423433071627,20260302-204149,0.0,0.0
48.441303764296364,0.12126267349055696,108.93014993255701,399.4741528444746,0,0,13.8,156.930149932557,20260302-204149,0.0,0.0
48.525016957150925,5.018542975875478,174.68822445757422,9.669144448979397,0,0,13.8,-137.31177554242578,20260302-204149,0.0,0.0
49.19822674783298,0.1779942284694556,-136.30249863776493,-276.4034944890113,0,0,13.8,-88.30249863776494,20260302-204149,0.0,0.0
40.39884408210063,0.16233967613563316,-128.09217664419282,-248.8537925155635,0,0,13.8,-80.0921766441928,20260302-204149,0.0,0.0
32.86352750473448,0.16594500075646695,-115.74768204973157,-198.03867157747908,0,0,13.8,-67.74768204973157,20260302-204149,0.0,0.0
27.645976665418708,0.257939929858525,-97.54325860340663,-107.17990301300766,0,0,13.8,-49.54325860340663,20260302-204149,0.0,0.0
26.171212435827,1.1767320745618595,-74.44587815103095,22.240587302399746,0,0,13.8,-26.44587815103095,20260302-204149,0.0,0.0
29.01565859640911,0.20398926463103986,-52.49714613433406,142.2411059174629,0,0,13.8,-4.497146134334058,20260302-204149,0.0,0.0
35.14581448837725,0.1609968463995276,-36.33648923245221,218.30126039338603,0,0,13.8,11.663510767547798,20260302-204149,0.0,0.0
43.18439367601865,0.16624796656875687,-25.558062638368057,259.7589285891111,0,0,13.8,22.44193736163195,20260302-204149,0.0,0.0
52.25800596200706,0.1849865806934309,-18.332639126761734,282.49619927086314,0,0,13.8,29.66736087323827,20260302-204149,0.0,0.0
61.91324790326255,0.20937747795133543,-13.29979516823758,295.70156498710304,0,0,13.8,34.70020483176242,20260302-204149,0.0,0.0
58.75002061987429,0.5202756503173386,-104.54285629795561,-112.92094985425537,0,0,13.8,-56.5428562979556,20260302-204149,0.0,0.0
55.14907306822325,0.5363837665719313,-100.13546685919177,-102.81644692695511,0,0,13.8,-52.135466859191766,20260302-204149,0.0,0.0
51.91853256410826,0.5727434117695565,-95.14676525182168,-90.6488516449277,0,0,13.8,-47.14676525182168,20260302-204149,0.0,0.0
49.131519545136015,0.6450019448453111,-89.54520856937751,-76.17266883888091,0,0,13.8,-41.545208569377515,20260302-204149,0.0,0.0
46.867225519496714,0.7905185304093503,-83.33766470156152,-59.286688061856935,0,0,13.8,-35.33766470156152,20260302-204149,0.0,0.0
45.20426825924976,1.126024343719392,-76.58841589260645,-40.14501863248773,0,0,13.8,-28.58841589260645,20260302-204149,0.0,0.0
44.21055683533782,2.2972013720217777,-69.43153470254259,-19.24539893358496,0,0,13.8,-21.431534702542585,20260302-204149,0.0,0.0
43.04693387041117,0.26737816692080824,-152.66613916565785,-160.9964432255262,0,0,13.8,-104.66613916565785,20260302-204149,0.0,0.0
38.74705051352014,0.41464899329590826,-166.1412904433084,-93.44542285158491,0,0,13.7,-118.1412904433084,20260302-204149,0.0,0.0
37.01721103818076,4.405093517664772,178.1360719437463,-8.403274729523636,0,0,13.7,-133.86392805625374,20260302-204149,0.0,0.0
38.20809448647424,0.4868462139586219,162.18578614375474,78.48082904003363,0,0,13.7,-149.81421385624523,20260302-204149,0.0,0.0
42.072409453508556,0.28059787744385284,148.19391164661386,149.938445139975,0,0,13.7,-163.80608835338612,20260302-204149,0.0,0.0
47.96833718041736,0.23923639370037217,137.09006720821782,200.50602016888175,0,0,13.9,-174.90993279178218,20260302-204149,0.0,0.0
39.26183557289958,0.12716502411780764,-80.43280491078906,-308.74712481103927,0,0,13.9,-32.43280491078905,20260302-204149,0.0,0.0
29.0713742507809,0.09638497281833959,-75.65281705108629,-301.6172895081147,0,0,13.9,-27.65281705108629,20260302-204149,0.0,0.0
19.296835285797435,0.06876752505725553,-65.89145642436155,-280.6097103208379,0,0,13.8,-17.891456424361554,20260302-204149,0.0,0.0
11.09778744651805,0.059748273774852194,-39.523516534333965,-185.74239463950946,0,0,13.8,8.476483465666043,20260302-204149,0.0,0.0
9.875419146125228,0.0754700388513105,20.68619021453253,130.85218050015283,0,0,13.8,68.68619021453253,20260302-204149,0.0,0.0
17.188859862070153,0.06359697347258834,54.763915064860356,270.2779538633064,0,0,13.7,102.76391506486036,20260302-204149,0.0,0.0
26.77610663159942,0.0896276084320682,66.6902021978128,298.74842250079604,0,0,13.7,114.6902021978128,20260302-204149,0.0,0.0
36.905729260893146,0.11997256455289314,72.21340086935066,307.6180741691344,0,0,13.7,120.21340086935066,20260302-204149,0.0,0.0
45.115627665956715,0.8177868579933768,-12.927381158716372,-55.167953880621184,0,0,13.7,35.072618841283635,20260302-204149,0.0,0.0
44.5339029621961,2.1454739215555776,0.7191628935823644,20.75714018929056,0,0,13.7,48.719162893582364,20260302-204149,0.0,0.0
46.461518722001706,0.49765034276861936,13.963087092507124,93.36177377778641,0,0,13.7,61.96308709250712,20260302-204149,0.0,0.0
50.612572414560084,0.3304878882104607,25.592581176355964,153.14501444703194,0,0,13.7,73.59258117635595,20260302-204149,0.0,0.0
47.2483729953135,0.18435157545465006,-129.7817974426339,-256.2949238637587,0,0,13.7,-81.78179744263387,20260302-204149,0.0,0.0
39.22862880406804,0.17696097180608203,-139.1519200721039,-221.67955116711093,0,0,13.7,-91.15192007210392,20260302-204149,0.0,0.0
32.75541849138856,0.20309437848051973,-152.73464285571106,-161.28175844379845,0,0,13.7,-104.73464285571104,20260302-204149,0.0,0.0
28.887802249395843,0.44637443854213155,-171.3320715967157,-64.71652441332444,0,0,13.7,-123.3320715967157,20260302-204149,0.0,0.0
28.69927442654181,0.5335148705499825,167.3224819695182,53.792829423773505,0,0,13.7,-144.6775180304818,20260302-204149,0.0,0.0
32.254412751982805,0.20986806033256333,148.2964312144253,153.6890020371441,0,0,13.6,-163.70356878557467,20260302-204149,0.0,0.0
38.53052668853803,0.1773615324886791,134.24350841625767,217.2428606580596,0,0,13.6,-177.7564915837423,20260302-204149,0.0,0.0
43.97187867546871,0.2619635885430832,-136.9964822170703,-167.85492564069443,0,0,13.6,-88.99648221707031,20260302-204149,0.0,0.0
39.447675666656664,0.3948224623222697,-150.37787331790196,-99.91244022600192,0,0,13.6,-102.37787331790196,20260302-204149,0.0,0.0
37.52356116677704,2.806321770203846,-166.1137304829399,-13.371082947502275,0,0,13.6,-118.1137304829399,20260302-204149,0.0,0.0
38.59043528719916,0.506908303855502,177.7914776890774,76.12902569100477,0,0,13.6,-134.20852231092258,20260302-204149,0.0,0.0
42.423239793274625,0.2822029920386315,163.59729794838097,150.32880936807078,0,0,13.6,-148.40270205161903,20260302-204149,0.0,0.0
48.368857536057014,0.23831538004221833,152.3153840773482,202.961544183545,0,0,13.8,-159.68461592265183,20260302-204149,0.0,0.0
52.0719106060052,0.1664234030318521,150.3359903311583,-312.8881494872392,0,0,13.8,-161.66400966884166,20260302-204149,0.0,0.0
41.70429976606475,0.13509384081272907,147.21152034469856,-308.7061520730352,0,0,13.8,-164.78847965530142,20260302-204149,0.0,0.0
31.542046330818376,0.1052129808190584,142.04899096777706,-299.79234582340445,0,0,13.8,-169.95100903222297,20260302-204149,0.0,0.0
21.873273130304717,0.07924139675094917,132.17038608497546,-276.0334121702961,0,0,13.8,-179.82961391502454,20260302-204149,0.0,0.0
13.779215909116184,0.07248361255480505,109.04644955649212,-190.10111973513574,0,0,13.8,157.04644955649215,20260302-204149,0.0,0.0
11.365774397148815,0.1617053588930424,59.95228913452445,70.2869371488581,0,0,13.8,107.95228913452446,20260302-204149,0.0,0.0
17.215754039932126,0.07027978801914324,22.729226109173084,244.96024426315563,0,0,13.8,70.72922610917308,20260302-204149,0.0,0.0
26.295833693186225,0.09056017466217703,7.572352451632071,290.368628277048,0,0,13.7,55.57235245163208,20260302-204149,0.0,0.0
36.255301336710595,0.11891362872754825,0.44038968541309487,304.887688019157,0,0,13.7,48.44038968541308,20260302-204149,0.0,0.0
46.53289377796511,0.14961957685013522,-3.582802675540705,311.0080562824627,0,0,13.7,44.41719732445929,20260302-204149,0.0,0.0
49.42397949428571,0.4498555159442488,156.12014610107474,109.86634095292698,0,0,13.6,-155.87985389892523,20260302-204149,0.0,0.0
54.01435272367418,0.3309912358480844,145.48315571578485,163.1896765643222,0,0,13.6,-166.51684428421513,20260302-204149,0.0,0.0
56.79443053484165,0.9491645724721474,38.157917491044174,59.836230915064256,0,0,13.6,86.15791749104417,20260302-204149,0.0,0.0
50.53746758700977,0.16027074434279845,-69.00676839501311,-315.3255935401201,0,0,13.6,-21.006768395013115,20260302-204149,0.0,0.0
40.066539767113106,0.12816491967986382,-66.44873113827553,-312.6170551754188,0,0,13.6,-18.448731138275537,20260302-204149,0.0,0.0
29.73165216341384,0.09697759055475828,-62.09787748813682,-306.58270630704004,0,0,13.6,-14.097877488136826,20260302-204149,0.0,0.0
19.74756249459129,0.06835592016044555,-53.24355481823781,-288.89322897328657,0,0,13.6,-5.243554818237802,20260302-204149,0.0,0.0
11.104632422747203,0.05373896648887367,-28.90584021352379,-206.64023051218058,0,0,13.6,19.094159786476197,20260302-204149,0.0,0.0
9.165754233332395,0.07530507019024923,33.704392546653594,121.71496833050172,0,0,13.5,81.70439254665358,20260302-204149,0.0,0.0
16.494265450221036,0.060112204889937675,70.41474018436026,274.3912900952673,0,0,13.5,118.41474018436024,20260302-204149,0.0,0.0
26.21949823077937,0.08662406356007166,82.4765683521108,302.68146232365086,0,0,13.5,130.4765683521108,20260302-204149,0.0,0.0
36.47211174116892,0.11723643563611151,87.89933828285513,311.09877695680024,0,0,13.5,135.89933828285513,20260302-204149,0.0,0.0
46.90756159620497,0.1491064357502421,90.92734130744691,314.5911265344481,0,0,13.5,138.92734130744688,20260302-204149,0.0,0.0
57.42625956475137,0.18152582462443023,92.84992833229467,316.3531122007793,0,0,13.5,140.84992833229464,20260302-204149,0.0,0.0
67.98957856134729,0.21423411041452067,94.17623452872789,317.3611262454636,0,0,13.5,142.1762345287279,20260302-204149,0.0,0.0
78.5795256473085,0.24711300799217936,95.14546453695414,317.99024375841594,0,0,13.5,143.1454645369541,20260302-204149,0.0,0.0
89.18661593320712,0.28010105137327773,95.88432229734622,318.4087153402086,0,0,13.5,143.88432229734622,20260302-204149,0.0,0.0
88.63841315672822,0.37138651970814784,121.4828910336164,-238.66890275496334,0,0,13.6,169.4828910336164,20260302-204149,0.0,0.0
80.98272274659799,0.3684015578953058,116.5501020154976,-219.82187917243297,0,0,13.6,164.55010201549763,20260302-204149,0.0,0.0
74.04862173591447,0.3795043287232507,110.6422345760235,-195.11930729494682,0,0,13.6,158.6422345760235,20260302-204149,0.0,0.0
68.05702961157948,0.41746902816316267,103.60710502075233,-163.02294306963586,0,0,13.5,151.60710502075236,20260302-204149,0.0,0.0
63.27625209461241,0.5172042171240735,95.3665814227304,-122.34287733859081,0,0,13.7,143.3665814227304,20260302-204149,0.0,0.0
59.99643972568,0.8203331377760288,86.00959067520932,-73.13667699482903,0,0,13.7,134.0095906752093,20260302-204149,0.0,0.0
58.470722429264036,3.3048678609269913,75.87577557016078,-17.692302654685694,0,0,13.7,123.8757755701608,20260302-204149,0.0,0.0
58.83571945739767,1.492745372630734,65.53986375463157,39.414437677143,0,0,13.7,113.53986375463157,20260302-204149,0.0,0.0
61.05753260463316,0.6572172412663115,55.64635677319802,92.90312056784887,0,0,13.7,103.64635677319802,20260302-204149,0.0,0.0
64.94587433000464,0.4673184365574682,46.69170115744109,138.97563042543896,0,0,13.7,94.69170115744109,20260302-204149,0.0,0.0
70.22446011354124,0.39836290794735213,38.91375419697576,176.28262750512442,0,0,13.6,86.91375419697576,20260302-204149,0.0,0.0
76.60644166788202,0.37301324966537563,32.32544418630505,205.3719049835481,0,0,13.6,80.32544418630505,20260302-204149,0.0,0.0
71.90990663337304,0.32464378535477517,-139.86666166734318,-221.50402957749188,0,0,13.5,-91.86666166734317,20260302-204149,0.0,0.0
64.9853013721928,0.3375764357310414,-146.67948570174684,-192.50544319381578,0,0,13.4,-98.67948570174684,20260302-204149,0.0,0.0
59.18641262814238,0.3852993271211069,-154.96625357732196,-153.6115130809428,0,0,13.3,-106.96625357732196,20260302-204149,0.0,0.0
54.871311339191195,0.5306973581146168,-164.79440088329778,-103.39473242175143,0,0,13.3,-116.7944008832978,20260302-204149,0.0,0.0
52.40779998545909,1.2179433031373739,-175.90898221209875,-43.02975339694275,0,0,13.3,-127.90898221209875,20260302-204149,0.0,0.0
52.059403698938326,2.329905649238277,172.3678077037597,22.343996511600484,0,0,13.3,-139.63219229624033,20260302-204149,0.0,0.0
53.867177860009456,0.633342143514717,160.96652632168139,85.0522555803327,0,0,13.3,-151.0334736783186,20260302-204149,0.0,0.0
57.628565058089606,0.41514001028798025,150.67971371025305,138.8171788551843,0,0,13.3,-161.32028628974692,20260302-204149,0.0,0.0
62.99458305002703,0.34754486034314497,141.89619435318951,181.25597653157627,0,0,13.3,-170.10380564681049,20260302-204149,0.0,0.0
69.5950486714303,0.32645742929880184,134.63196183670618,213.18261563510305,0,0,13.3,-177.3680381632938,20260302-204149,0.0,0.0
77.1136267364625,0.3257512018653628,128.70307690795278,236.72553253797224,0,0,13.3,176.7030769079528,20260302-204149,0.0,0.0
85.30790924798175,0.33578251582436214,123.86912780662061,254.05703164307633,0,0,13.3,171.8691278066206,20260302-204149,0.0,0.0
89.16101389334555,0.6703301071580499,-72.38470244564645,-133.01060617932717,0,0,13.3,-24.384702445646454,20260302-204149,0.0,0.0
84.72836580131208,0.6373110299514655,-72.10098530367546,-132.94664899768733,0,0,13.3,-24.100985303675458,20260302-204149,0.0,0.0
80.29802461691102,0.604327003628887,-71.7859522472732,-132.87181299980676,0,0,13.3,-23.785952247273205,20260302-204149,0.0,0.0
75.87039446675267,0.5713842386929663,-71.43413821667156,-132.78349196384062,0,0,13.2,-23.434138216671563,20260302-204149,0.0,0.0
71.4459793749709,0.538490504955241,-71.03873432338165,-132.67825285221966,0,0,13.2,-23.038734323381654,20260302-204149,0.0,0.0
67.0254160322962,0.505655653692935,-70.59115013623067,-132.5515012890534,0,0,13.2,-22.591150136230667,20260302-204149,0.0,0.0
62.60952030563339,0.47289236468878876,-70.08039412443003,-132.3969786377008,0,0,13.2,-22.080394124430022,20260302-204149,0.0,0.0
58.199354675513,0.4402172398869368,-69.49217828723386,-132.20598695875844,0,0,13.2,-21.49217828723385,20260302-204149,0.0,0.0
53.79632840200438,0.40765244701963793,-68.80759363548633,-131.9661608689248,0,0,13.2,-20.807593635486327,20260302-204149,0.0,0.0
49.40235042558154,0.37522826538184917,-68.00109855352163,-131.6594590103906,0,0,13.2,-20.00109855352163,20260302-204149,0.0,0.0
45.02007017712342,0.3429871696176564,-67.03737088221364,-131.25875882561255,0,0,13.2,-19.03737088221364,20260302-204149,0.0,0.0
40.65327075500552,0.310990656934774,-65.86621093094948,-130.72183954237565,0,0,13.2,-17.86621093094947,20260302-204149,0.0,0.0
36.3075383433243,0.2793312390017481,-64.41395942409903,-129.98022875306503,0,0,13.2,-16.41395942409903,20260302-204149,0.0,0.0
31.99145934729533,0.24815481430752148,-62.56838366101093,-128.91734313745965,0,0,13.2,-14.568383661010936,20260302-204149,0.0,0.0
41.946260078246524,2.40172266524466,153.53989170994691,17.46507233547447,0,0,13.0,-158.46010829005306,20260302-204149,0.0,0.0
43.992594795885985,0.4259883683412443,138.7162508923857,103.2718216396112,0,0,13.0,-173.28374910761428,20260302-204149,0.0,0.0
48.63381664694309,0.2831345205686736,125.96822222733931,171.7692937945625,0,0,13.0,173.96822222733934,20260302-204149,0.0,0.0
55.21945226885442,0.25066493961883685,115.84300906582126,220.29188586493814,0,0,13.0,163.84300906582126,20260302-204149,0.0,0.0
63.14402393375364,0.24958799401802026,108.06114737740018,252.99303430915285,0,0,13.0,156.06114737740015,20260302-204149,0.0,0.0
71.96657328698484,0.26176552104093054,102.09775867998792,274.9276260708602,0,0,13.0,150.09775867998792,20260302-204149,0.0,0.0
81.39562423893447,0.2807760410921312,97.47489343828272,289.8951916350515,0,0,13.0,145.47489343828275,20260302-204149,0.0,0.0
91.24334322168946,0.30376940654455603,93.83018749062035,300.3704166907478,0,0,13.0,141.83018749062032,20260302-204149,0.0,0.0
101.38780884182563,0.32928710066102856,90.904866134994,307.9009430928036,0,0,13.0,138.90486613499402,20260302-204149,0.0,0.0
111.74823463335998,0.35650527894203976,88.5166635519189,313.4546421443815,0,0,13.0,136.51666355191887,20260302-204149,0.0,0.0
109.88822718554269,0.38806473596837215,-103.72923220430442,-283.16983482492657,0,0,13.0,-55.72923220430443,20260302-204149,0.0,0.0
100.55710894416043,0.36381410367425027,-106.38342826381913,-276.39695088400606,0,0,13.0,-58.38342826381912,20260302-204149,0.0,0.0
91.48551087684802,0.34203054279975115,-109.57203315612631,-267.4776063212872,0,0,13.0,-61.57203315612632,20260302-204149,0.0,0.0
82.75881885063266,0.3238771912966378,-113.44734080638108,-255.52530735279288,0,0,13.0,-65.44734080638108,20260302-204149,0.0,0.0
74.49833790541645,0.3113846916666169,-118.20814805715743,-239.24855620448378,0,0,13.0,-70.20814805715743,20260302-204149,0.0,0.0
66.87704733128707,0.3084453187661693,-124.10315644548966,-216.8197838074054,0,0,13.0,-76.10315644548966,20260302-204149,0.0,0.0
60.13845213169888,0.3235806762898384,-131.41271206514665,-185.85303925204585,0,0,13.0,-83.41271206514665,20260302-204149,0.0,0.0
54.61029432081361,0.3797365481881876,-140.37642379293894,-143.81100418532841,0,0,13.0,-92.37642379293894,20260302-204149,0.0,0.0
50.69015607372857,0.5671906635059534,-151.02884504686713,-89.37057560221373,0,0,13.0,-103.02884504686713,20260302-204149,0.0,0.0
48.76737080995715,1.9706222375529958,-162.97532607423716,-24.74719399823359,0,0,13.0,-114.97532607423715,20260302-204149,0.0,0.0
49.077264029452415,1.1380018759438268,-175.3205073441548,43.12581997173696,0,0,13.0,-127.3205073441548,20260302-204149,0.0,0.0
51.57960924126055,0.4890679052080544,173.01713771516086,105.46512803639827,0,0,13.0,-138.98286228483914,20260302-204149,0.0,0.0
55.98116817564191,0.3576193789613727,162.80959033446345,156.53840778491082,0,0,13.0,-149.19040966553652,20260302-204149,0.0,0.0
61.87796980429867,0.3167886054102192,154.314737347995,195.3288999273538,0,0,13.0,-157.68526265200498,20260302-204149,0.0,0.0
68.887095742655,0.3079467944702177,147.42002228607043,223.69804453125178,0,0,13.0,-164.5799777139296,20260302-204149,0.0,0.0
71.34510907857029,0.2158522210755972,-108.55237393256607,-330.52756521594154,0,0,13.0,-60.55237393256608,20260302-204149,0.0,0.0
60.32767319851843,0.1825247507817016,-108.42476395601444,-330.5177678104047,0,0,13.0,-60.424763956014445,20260302-204149,0.0,0.0
49.31067029623272,0.14919990107270414,-108.24013138315051,-330.50069029338,0,0,13.0,-60.24013138315051,20260302-204149,0.0,0.0
38.2944740658842,0.11587993458209586,-107.94926743074132,-330.4668250287477,0,0,13.0,-59.949267430741315,20260302-204149,0.0,0.0
27.2800617723635,0.08257077131039268,-107.4235048331162,-330.3840007720737,0,0,13.0,-59.42350483311619,20260302-204149,0.0,0.0
16.271056635253913,0.049294389811402,-106.18602619590686,-330.07927874766693,0,0,13.0,-58.186026195906855,20260302-204149,0.0,0.0
5.301253168232358,0.01625800574442951,-99.80531910090974,-326.07032200420576,0,0,13.0,-51.80531910090974,20260302-204149,0.0,0.0
5.854039091270912,0.01790876034117212,62.20214260137652,326.88131281831465,0,0,13.0,110.20214260137652,20260302-204149,0.0,0.0
16.82993611434528,0.050982783837799486,67.78574641512552,330.1101832314477,0,0,13.0,115.78574641512552,20260302-204149,0.0,0.0
16.16336880649692,0.3808457913246916,-71.05641297501201,42.440717935403875,0,0,13.0,-23.05641297501201,20260302-204149,0.0,0.0
20.48843051551481,0.10314778644485818,-40.143652192207895,198.63180027103857,0,0,13.0,7.8563478077921145,20260302-204149,0.0,0.0
28.35268951812996,0.10785458181617902,-23.11380948029168,262.87886004187203,0,0,13.0,24.88619051970833,20260302-204149,0.0,0.0
37.59723586837245,0.13043768992069263,-13.930248971975146,288.2390503176799,0,0,13.0,34.06975102802485,20260302-204149,0.0,0.0
47.421590136569066,0.15813662264663228,-8.45467869828667,299.8773424074956,0,0,13.0,39.54532130171333,20260302-204149,0.0,0.0
57.52947245827667,0.18800149371433142,-4.879353912742744,306.00540092353094,0,0,13.0,43.12064608725726,20260302-204149,0.0,0.0
67.79418201942288,0.21898473040072575,-2.379266898563401,309.58406047473983,0,0,13.0,45.620733101436585,20260302-204149,0.0,0.0
78.15395034255035,0.2506205239141537,-0.5392093193163703,311.8417802419119,0,0,13.0,47.46079068068363,20260302-204149,0.0,0.0
88.57542953165492,0.28267021352720073,0.8690403005869314,313.3525404972728,0,0,13.0,48.86904030058693,20260302-204149,0.0,0.0
99.03914076463236,0.3149988732180181,1.9802786310101226,314.4110953567921,0,0,13.0,49.98027863101012,20260302-204149,0.0,0.0
102.58558618657713,0.970839362431045,-70.04559239847649,-105.66690037134067,0,0,13.0,-22.04559239847649,20260302-204149,0.0,0.0
94.088847679914,0.3693440533005729,-131.52380499953642,-254.74580364596883,0,0,13.0,-83.52380499953644,20260302-204149,0.0,0.0
85.83883066612407,0.3583204051405333,-127.2248295258704,-239.55886808192815,0,0,13.0,-79.2248295258704,20260302-204149,0.0,0.0
78.17235770710114,0.3561521152725328,-122.0483640834289,-219.49148792021776,0,0,13.0,-74.0483640834289,20260302-204149,0.0,0.0
71.27797160282005,0.369417084159259,-115.81059839276239,-192.94714472948272,0,0,13.0,-67.81059839276239,20260302-204149,0.0,0.0
65.40030603218808,0.4133520869764291,-108.34829776910023,-158.21936816764506,0,0,13.0,-60.34829776910023,20260302-204149,0.0,0.0
60.83477532925791,0.5330891839167113,-99.59567717565272,-114.1174444438974,0,0,13.0,-51.59567717565272,20260302-204149,0.0,0.0
57.89264907209469,0.9475648679324074,-89.69724302188484,-61.09623840151105,0,0,13.0,-41.697243021884844,20260302-204149,0.0,0.0
56.82663821460951,24.512966966633957,-79.09283886298701,-2.318227666685946,0,0,13.0,-31.09283886298701,20260302-204149,0.0,0.0
57.74074706764297,1.018464655283464,-68.46021279425358,56.69391349822767,0,0,13.0,-20.460212794253586,20260302-204149,0.0,0.0
60.54535490069337,0.5488592010025809,-58.487548727746145,110.31126888298019,0,0,13.0,-10.487548727746148,20260302-204149,0.0,0.0
62.8088613699485,0.31666117952017037,-117.15647574325469,-198.34720967414248,0,0,13.0,-69.15647574325469,20260302-204149,0.0,0.0
56.81076762882514,0.3559677306603945,-108.72867870607902,-159.59527433407882,0,0,13.0,-60.72867870607902,20260302-204149,0.0,0.0
52.30732001618718,0.4820820789142363,-98.59252911923035,-108.50293405221726,0,0,13.0,-50.59252911923035,20260302-204149,0.0,0.0
49.70644115894595,1.081630161637309,-86.98883820093077,-45.955117490162465,0,0,13.0,-38.98883820093077,20260302-204149,0.0,0.0
41.02753929045916,0.1405797858991222,-99.97160170017943,-291.84522531496714,0,0,13.0,-51.97160170017944,20260302-204149,0.0,0.0
31.542156799904273,0.1146623315561029,-107.08517505361571,-275.0873488428157,0,0,13.0,-59.085175053615714,20260302-204149,0.0,0.0
22.94222907175401,0.097833712372028,-119.87977849655864,-234.50228469827042,0,0,13.0,-71.87977849655864,20260302-204149,0.0,0.0
16.660541341848187,0.13324630586165306,-144.66811689791203,-125.03567160163142,0,0,13.0,-96.66811689791203,20260302-204149,0.0,0.0
15.766767095937592,0.2048239261158252,177.73688241844422,76.97717446848321,0,0,13.0,-134.26311758155578,20260302-204149,0.0,0.0
20.961817558197527,0.09741612334112103,148.73155035185488,215.17811260868746,0,0,13.0,-163.26844964814512,20260302-204149,0.0,0.0
29.154659830982183,0.10887078009867839,133.52925453481356,267.79141110734173,0,0,13.0,-178.47074546518644,20260302-204149,0.0,0.0
35.37730490065987,0.6937371803992931,-25.231402691548936,-50.99525569654176,0,0,13.0,22.76859730845106,20260302-204149,0.0,0.0
33.837445242163916,0.8217377654583671,-19.657672573783913,-41.177911816294966,0,0,13.0,28.34232742621608,20260302-204149,0.0,0.0
32.64617880444058,1.0846061312236286,-13.615985108359979,-30.099570585692604,0,0,13.0,34.384014891640014,20260302-204149,0.0,0.0
31.842653345464875,1.7729063805885883,-7.194269199388714,-17.960707736238962,0,0,13.0,40.805730800611286,20260302-204149,0.0,0.0
31.456596210656055,6.138551656094233,-0.5286244141656766,-5.1244329237543464,0,0,13.0,47.47137558583433,20260302-204149,0.0,0.0
31.241832293726915,0.14657464731399408,-125.04569100746201,-213.14622184831364,0,0,12.9,-77.04569100746201,20260302-204149,0.0,0.0
25.345913095861153,0.19176434960455535,-142.81335187012766,-132.1721850183725,0,0,12.9,-94.81335187012766,20260302-204149,0.0,0.0
23.008305523163845,12.920925611462398,-167.29228597025957,-1.7807010283189573,0,0,12.9,-119.29228597025958,20260302-204149,0.0,0.0
25.237918341699178,0.1949009691439471,168.11710761025563,129.49098433194206,0,0,12.9,-143.8828923897444,20260302-204149,0.0,0.0
31.0664852886196,0.14673961537005697,150.16671756786718,211.71164453630487,0,0,12.9,-161.83328243213285,20260302-204149,0.0,0.0
37.65503692516503,0.615644173449834,35.55375741434915,61.1636372909381,0,0,12.9,83.55375741434914,20260302-204149,0.0,0.0
39.482337175079515,1.103732101063262,-83.99937347052676,-35.77166699876253,0,0,12.9,-35.99937347052677,20260302-204149,0.0,0.0
39.745687621964706,0.7750216308229985,-68.44441067906887,51.28332686632063,0,0,12.9,-20.44441067906887,20260302-204149,0.0,0.0
42.785828192512284,0.3335124869064565,-54.11728044404188,128.28853452948178,0,0,12.9,-6.117280444041889,20260302-204149,0.0,0.0
47.4459398713586,0.5704812974531454,50.642478662527736,83.1682652580831,0,0,12.9,98.64247866252774,20260302-204149,0.0,0.0
50.27797022771527,0.5802247281157145,53.43616958320689,86.65258095943872,0,0,12.9,101.43616958320688,20260302-204149,0.0,0.0
43.76806986794746,0.1462403397880289,-88.84218011868906,-299.28862262894086,0,0,12.9,-40.84218011868906,20260302-204149,0.0,0.0
33.98357611736109,0.11877204136032771,-82.75207637280013,-286.1243751318759,0,0,12.9,-34.75207637280014,20260302-204149,0.0,0.0
24.883193976162637,0.09754181226969615,-71.99705480236427,-255.10284663732085,0,0,12.8,-23.99705480236428,20260302-204149,0.0,0.0
17.56455607631786,0.10380611957413886,-50.83237141753261,-169.20540087979268,0,0,12.7,-2.8323714175326287,20260302-204149,0.0,0.0
14.929980202023359,0.5521012309250574,-13.837241584844094,27.04210634888073,0,0,12.7,34.16275841515589,20260302-204149,0.0,0.0
19.035371771505304,0.09587139989785931,19.890807030586245,198.5510985735626,0,0,12.7,67.89080703058625,20260302-204149,0.0,0.0
26.95991170419423,0.10158091683612532,37.798821862748355,265.4033114082551,0,0,12.7,85.79882186274834,20260302-204149,0.0,0.0
36.281933392370284,0.125000282728945,47.082631621772265,290.2548106314711,0,0,12.7,95.08263162177226,20260302-204149,0.0,0.0
46.16244072025173,0.15323272225624884,52.488911497677975,301.2570685982786,0,0,12.7,100.48891149767799,20260302-204149,0.0,0.0
48.51008164544707,0.6203855278126975,-63.23564516569762,78.19344499617809,0,0,12.7,-15.23564516569762,20260302-204149,0.0,0.0
52.15409580699002,0.37718327126126017,-51.78779538579778,138.27255814551995,0,0,12.7,-3.7877953857977786,20260302-204149,0.0,0.0
47.01785615074288,0.18545129787204148,-160.43702626173678,-253.53209543555997,0,0,12.7,-112.43702626173679,20260302-204149,0.0,0.0
39.08509019561435,0.17824447427332435,-151.09576743295173,-219.27799083230113,0,0,12.7,-103.09576743295175,20260302-204149,0.0,0.0
32.679434772745594,0.2045690485504816,-137.59069468958984,-159.74769890314698,0,0,12.7,-89.59069468958982,20260302-204149,0.0,0.0
28.837169441753904,0.44459445280693916,-119.1379760350065,-64.86173918655743,0,0,12.7,-71.1379760350065,20260302-204149,0.0,0.0
28.61039895978703,0.5532247150779286,-97.94326838824634,51.71569197836163,0,0,12.7,-49.94326838824634,20260302-204149,0.0,0.0
32.07589778546201,0.21303094359860494,-78.97565579055849,150.56919545875806,0,0,12.7,-30.975655790558495,20260302-204149,0.0,0.0
38.24274064091245,0.17879765821845428,-64.90216812102685,213.88837539576508,0,0,12.7,-16.902168121026843,20260302-204149,0.0,0.0
46.03788556821711,0.1838282417844668,-55.14802483667509,250.43967739296107,0,0,12.7,-7.148024836675084,20260302-204149,0.0,0.0
54.77045103279575,0.20160302140729353,-48.35426591591994,271.6747529400583,0,0,12.7,-0.35426591591994055,20260302-204149,0.0,0.0
64.05820328388056,0.22509610324200768,-43.47721632154298,284.58157365349695,0,0,12.7,4.5227836784570306,20260302-204149,0.0,0.0
64.42929805962399,1.6912631580947097,168.1781303173051,-38.09537135084686,0,0,12.7,-143.82186968269494,20260302-204149,0.0,0.0
64.04045353591987,4.290766097674418,158.6633707401552,14.925179345159268,0,0,12.7,-153.3366292598448,20260302-204149,0.0,0.0
65.41082847947835,0.9799564161523241,149.2926829631681,66.74871188282614,0,0,12.7,-162.70731703683188,20260302-204149,0.0,0.0
68.43482175261468,0.6022514034550873,140.5286144935718,113.6316517653714,0,0,12.7,-171.47138550642816,20260302-204149,0.0,0.0
72.90695938597034,0.4751584965507887,132.6716730419629,153.43713711363145,0,0,12.7,-179.32832695803714,20260302-204149,0.0,0.0
70.52576143246789,0.9944199265350075,-25.07230321932576,-70.92150866104461,0,0,12.7,22.927696780674253,20260302-204149,0.0,0.0
68.29637871710013,1.0890900947199278,-21.473635923262066,-62.709576598126475,0,0,12.7,26.526364076737934,20260302-204149,0.0,0.0
66.35388529160457,1.2354056171403534,-17.64838240396614,-53.71020203485619,0,0,12.7,30.35161759603386,20260302-204149,0.0,0.0
64.72411658643884,1.472521236818174,-13.61166416340214,-43.95462351788882,0,0,12.5,34.388335836597854,20260302-204149,0.0,0.0
63.431182155782786,1.8925568523042036,-9.388616965526978,-33.516130349561124,0,0,12.5,38.611383034473036,20260302-204149,0.0,0.0
62.49599106060264,2.7759185214453965,-5.014720365153352,-22.51362587834946,0,0,12.5,42.98527963484664,20260302-204149,0.0,0.0
61.934750784962496,5.575010154343156,-0.5349309113776428,-11.10935210345991,0,0,12.5,47.465069088622364,20260302-204149,0.0,0.0
61.75765732381337,123.42488029837745,3.9985273252399622,0.5003663538057751,0,0,12.5,51.99852732523997,20260302-204149,0.0,0.0
61.96800423313118,5.121015255815385,8.52954771904433,12.10072634772193,0,0,12.5,56.529547719044324,20260302-204149,0.0,0.0
62.561883653953615,2.66472716682605,13.002202951031393,23.47778205318893,0,0,12.5,61.0022029510314,20260302-204149,0.0,0.0
63.528540446054265,1.8447433698854483,17.364774880803736,34.437603345336406,0,0,12.5,65.36477488080375,20260302-204149,0.0,0.0
64.85130718237478,1.4468823252720866,21.573053771191383,44.82141087056232,0,0,12.5,69.57305377119138,20260302-204149,0.0,0.0
62.080059538387324,0.19400864841962565,179.8823561173308,-319.9860420867062,0,0,12.5,-132.11764388266923,20260302-204149,0.0,0.0
51.415567851379976,0.16073753246735797,-179.65038938714187,-319.8728203807737,0,0,12.5,-131.65038938714187,20260302-204149,0.0,0.0
40.756284982928875,0.12749906559666188,-178.9386559354067,-319.6594797946185,0,0,12.6,-130.9386559354067,20260302-204149,0.0,0.0
30.107743799216887,0.09432808861890268,-177.72315524331182,-319.18110755806737,0,0,12.6,-129.72315524331182,20260302-204149,0.0,0.0
65.59613366988597,4.341184149694682,-20.84898775595292,-15.110193764643546,0,0,12.5,27.151012244047084,20260302-204149,0.0,0.0
59.155081931448414,0.23365105724963434,-129.61063791168104,-253.1770351385431,0,0,12.4,-81.61063791168104,20260302-204149,0.0,0.0
51.1353122867892,0.2262268585410183,-122.26681338283403,-226.03554952126788,0,0,12.4,-74.26681338283403,20260302-204149,0.0,0.0
44.25159804976817,0.24056297587648387,-112.42824324488967,-183.95016061195128,0,0,12.4,-64.42824324488967,20260302-204149,0.0,0.0
39.10850316988301,0.3239192493825362,-99.51823800022447,-120.73534760417208,0,0,12.4,-51.518238000224464,20260302-204149,0.0,0.0
35.12437939466954,0.11234496502730723,-179.8645414578245,-312.64756178554154,0,0,12.4,-131.8645414578245,20260302-204149,0.0,0.0
24.810527017087413,0.08138867863891239,174.79410507162504,-304.84002728636705,0,0,12.4,-137.20589492837493,20260302-204149,0.0,0.0
15.009656785225783,0.054353075721216414,162.21191602650924,-276.15101051892907,0,0,12.4,-149.78808397349076,20260302-204149,0.0,0.0
6.847274089290072,0.043157934368017445,-168.0705939345546,-158.65620515805554,0,0,12.4,-120.07059393455461,20260302-204149,0.0,0.0
9.45951009276179,0.037847641819138,111.41383500936274,249.9365782937235,0,0,12.4,159.4138350093627,20260302-204149,0.0,0.0
19.02950797515544,0.06227468606169638,90.62618966769077,305.573727923777,0,0,12.4,138.62618966769077,20260302-204149,0.0,0.0
29.40756178601331,0.09333541583285163,84.07088711891004,315.0739890491024,0,0,12.4,132.07088711891,20260302-204149,0.0,0.0
39.96911157957003,0.12562952323106727,80.95514163980044,318.15062695140404,0,0,12.4,128.95514163980047,20260302-204149,0.0,0.0
48.0230491527986,0.48196683868190543,143.41416802156493,99.63973721539266,0,0,12.4,-168.58583197843507,20260302-204149,0.0,0.0
52.34326341525836,0.3331848260278581,132.20278785577352,157.0997816415621,0,0,12.4,-179.7972121442265,20260302-204149,0.0,0.0
54.65446631567341,0.5071510138153102,-97.03434266916074,-107.76763691056524,0,0,12.4,-49.03434266916074,20260302-204149,0.0,0.0
52.04218325190052,1.0957715749004264,-85.89779817627793,-47.49364232835628,0,0,12.4,-37.89779817627793,20260302-204149,0.0,0.0
51.55147243229258,2.8073636367551487,-74.08154038401403,18.362947983424625,0,0,12.4,-26.081540384014026,20260302-204149,0.0,0.0
53.24102840094432,0.6494024330778357,-62.53505860615341,81.98464571284258,0,0,12.4,-14.53505860615341,20260302-204149,0.0,0.0
54.4856364593077,0.5317273338347862,-126.71291644535769,-102.46912842783631,0,0,12.4,-78.71291644535769,20260302-204149,0.0,0.0
50.25567742334485,0.31030204257650457,-111.01136530977536,-161.95728847306694,0,0,12.4,-63.01136530977536,20260302-204149,0.0,0.0
45.10246629544182,0.3080888485105396,-105.03219379863963,-146.3943486221277,0,0,12.4,-57.032193798639625,20260302-204149,0.0,0.0
40.56189044743351,0.3247524284141879,-97.61682927527823,-124.90096115832904,0,0,12.4,-49.61682927527824,20260302-204149,0.0,0.0
36.86104428110644,0.38494479778343327,-88.53080566479971,-95.75670198261558,0,0,12.4,-40.530805664799715,20260302-204149,0.0,0.0
34.27304118988774,0.5893347392523615,-77.75923847359577,-58.15547414253403,0,0,12.4,-29.759238473595772,20260302-204149,0.0,0.0
33.06026704973439,2.393540445799734,-65.73179930579403,-13.812286777000018,0,0,12.4,-17.731799305794034,20260302-204149,0.0,0.0
33.372987586995045,1.0313616611555432,-53.37493213027847,32.35818127038363,0,0,12.4,-5.374932130278474,20260302-204149,0.0,0.0
35.170534281549614,0.47277128788432715,-41.770142794620625,74.39228054423386,0,0,12.4,6.229857205379371,20260302-204149,0.0,0.0
34.83603733907532,4.539100930101367,-79.68318802347389,-7.674655813017439,0,0,12.4,-31.683188023473885,20260302-204149,0.0,0.0
34.86278513921892,3.7595934628651393,-72.3833515877544,9.273019937812752,0,0,12.4,-24.383351587754404,20260302-204149,0.0,0.0
35.449315052817816,1.3750134452970215,-65.21047313058828,25.78106794087405,0,0,12.4,-17.210473130588287,20260302-204149,0.0,0.0
36.56870174946366,0.8888118449002835,-58.3738437119555,41.143355547389596,0,0,12.4,-10.373843711955502,20260302-204149,0.0,0.0
38.17409877711871,0.6955249650192028,-52.027281842185104,54.88530347155081,0,0,12.4,-4.0272818421851015,20260302-204149,0.0,0.0
40.20733200705941,0.6019095032853484,-46.257110624191654,66.79962982408377,0,0,12.4,1.7428893758083563,20260302-204149,0.0,0.0
42.60719583219822,0.5540632416891038,-41.08903045748889,76.89951728670351,0,0,12.4,6.910969542511108,20260302-204149,0.0,0.0
45.315478438579625,0.5310146904033654,-36.50484357179906,85.3375231562001,0,0,12.4,11.495156428200945,20260302-204149,0.0,0.0
48.28030546121428,0.5229069897117185,-32.46027172878294,92.3305796463564,0,0,12.4,15.539728271217054,20260302-204149,0.0,0.0
51.45735190053642,0.5244961081115858,-28.899119010955246,98.10816725753273,0,0,12.4,19.100880989044757,20260302-204149,0.0,0.0
54.80972626897365,0.5327350776582178,-25.762655466289004,102.8836443620434,0,0,12.4,22.23734453371098,20260302-204149,0.0,0.0
58.30719494728501,0.5457324696067826,-22.994965033587278,106.84208507750543,0,0,12.4,25.00503496641271,20260302-204149,0.0,0.0
61.925178493390526,0.5622520460214433,-20.545499870876284,110.1377557121932,0,0,12.4,27.454500129123716,20260302-204149,0.0,0.0
65.6437532453207,0.5814516723676887,-18.369934802237083,112.89631858485738,0,0,12.4,29.630065197762907,20260302-204149,0.0,0.0
69.4467624062024,0.6027378634135023,-16.430094630892,115.21884822848624,0,0,12.4,31.56990536910799,20260302-204149,0.0,0.0
73.32106884894137,0.6256803211450114,-14.6934374599291,117.1861514115737,0,0,12.4,33.30656254007091,20260302-204149,0.0,0.0
70.15334737536358,0.356977044505824,124.8885076332831,-196.5206123337128,0,0,12.4,172.8885076332831,20260302-204149,0.0,0.0
64.15734309894023,0.39680586883851765,117.3488749350771,-161.68446118686168,0,0,12.4,165.34887493507708,20260302-204149,0.0,0.0
59.48439084850237,0.5083961830605058,108.44682225926294,-117.00400756435842,0,0,12.4,156.44682225926292,20260302-204149,0.0,0.0
56.46393885724948,0.8989441898593311,98.31983515659755,-62.81139529483481,0,0,12.4,146.31983515659755,20260302-204149,0.0,0.0
55.367098384226175,23.006531033027787,87.43090087130793,-2.4065817790931674,0,0,12.4,135.4309008713079,20260302-204149,0.0,0.0
56.306396894646966,0.9665626178783734,76.51112621797739,58.254267083327484,0,0,12.4,124.51112621797739,20260302-204149,0.0,0.0
59.18496966783033,0.5233288808911805,66.30357715797732,113.09326090897913,0,0,12.4,114.30357715797732,20260302-204149,0.0,0.0
63.740618866324475,0.4019951680250695,57.29713779432262,158.5606592722762,0,0,12.4,105.29713779432261,20260302-204149,0.0,0.0
69.64501351782222,0.35875712863705056,49.65220005056824,194.1285843779876,0,0,12.4,97.65220005056825,20260302-204149,0.0,0.0
76.58684533187665,0.34638864780388334,43.295408545636036,221.1009102562686,0,0,12.4,91.29540854563604,20260302-204149,0.0,0.0
84.31024494944556,0.3493538680094739,38.04777315111335,241.33193495129476,0,0,12.4,86.04777315111335,20260302-204149,0.0,0.0
89.21594534738999,0.6047281260531179,-15.440991982939977,-147.53066957489833,0,0,12.4,32.55900801706004,20260302-204149,0.0,0.0
84.80864939231581,0.7304077807836411,-9.151899659698358,-116.11137178923008,0,0,12.4,38.84810034030165,20260302-204149,0.0,0.0
81.52618242927021,1.0174681855894132,-2.2668574433477318,-80.12651755007218,0,0,12.4,45.73314255665227,20260302-204149,0.0,0.0
79.5079815707465,1.9646876400298525,5.0796509508911925,-40.46851008312874,0,0,12.3,53.079650950891185,20260302-204149,0.0,0.0
78.85118355255872,63.920124004084634,12.676833433420342,1.2335893395250603,0,0,12.3,60.67683343342034,20260302-204149,0.0,0.0
77.87745037624698,0.35322504383505265,-154.6432374705311,-220.47544967568558,0,0,12.3,-106.64323747053109,20260302-204149,0.0,0.0
70.93667041210925,0.3642026076299216,-160.79436284926965,-194.77254947111845,0,0,12.3,-112.79436284926963,20260302-204149,0.0,0.0
64.98226776706308,0.4035848880229474,-168.17234770488605,-161.0126387174543,0,0,12.3,-120.17234770488605,20260302-204149,0.0,0.0
60.30712248223271,0.5115678538188909,-176.86004150073725,-117.88684928506686,0,0,12.3,-128.86004150073725,20260302-204149,0.0,0.0
57.22563152090515,0.8719086637802036,173.26361544914448,-65.6325988008888,0,0,12.3,-138.7363845508555,20260302-204149,0.0,0.0
56.00148896938788,7.795259551359398,162.61940699820673,-7.184044174593507,0,0,12.3,-149.38059300179324,20260302-204149,0.0,0.0
56.75500518503363,1.0914526501340742,151.88589142264186,51.99951200637227,0,0,12.3,-160.1141085773581,20260302-204149,0.0,0.0
59.4109791474655,0.5598392244823662,141.77503250655263,106.12150158359762,0,0,12.3,-170.2249674934474,20260302-204149,0.0,0.0
63.73200338849101,0.42054551758131353,132.78081493510797,151.54602944060215,0,0,12.3,-179.21918506489206,20260302-204149,0.0,0.0
69.40779532230758,0.37023407707995437,125.09054693204826,187.4700348215611,0,0,12.3,173.09054693204823,20260302-204149,0.0,0.0
76.13596935771369,0.354203053692344,118.65897931231694,214.9500648400518,0,0,12.3,166.65897931231694,20260302-204149,0.0,0.0
83.66301208728238,0.3549625351874077,113.32678167550523,235.69533061597969,0,0,12.3,161.32678167550526,20260302-204149,0.0,0.0
91.7926104647725,0.365191115006896,108.90606892430145,251.35499384490544,0,0,12.3,156.90606892430145,20260302-204149,0.0,0.0
100.37846912212214,0.38128382132114785,105.22263029600498,263.264433235879,0,0,12.3,153.22263029600498,20260302-204149,0.0,0.0
109.31313175280845,0.401259537552322,102.13019582935448,272.42500557025295,0,0,12.3,150.13019582935448,20260302-204149,0.0,0.0
117.55026924084277,1.0908844597354421,-97.18244332685393,-107.75684646690328,0,0,12.3,-49.182443326853935,20260302-204149,0.0,0.0
114.3913953412845,1.4050087476298905,-92.19552200251687,-81.41685632509503,0,0,12.3,-44.195522002516874,20260302-204149,0.0,0.0
112.14401793535015,2.1101392582958183,-86.96753672514194,-53.14531611810276,0,0,12.3,-38.96753672514193,20260302-204149,0.0,0.0
110.86358324656888,4.715469760364488,-81.57270499086789,-23.510612702561268,0,0,12.3,-33.5727049908679,20260302-204149,0.0,0.0
110.5836847047536,16.370752229992814,-76.10152172441012,6.754954393736013,0,0,12.3,-28.101521724410116,20260302-204149,0.0,0.0
104.55868509009797,0.33743844041218357,-166.99499033517753,-309.8600294690159,0,0,12.3,-118.99499033517755,20260302-204149,0.0,0.0
94.27426026478865,0.30702161080619034,-165.23957669822502,-307.06066591612006,0,0,12.2,-117.23957669822502,20260302-204149,0.0,0.0
84.0999188050511,0.27739418351358636,-163.0569417598814,-303.1783786516635,0,0,12.2,-115.0569417598814,20260302-204149,0.0,0.0
74.08103138725536,0.24892681959620777,-160.27894110687285,-297.6016465699622,0,0,12.2,-112.27894110687285,20260302-204149,0.0,0.0
64.29031617299052,0.22226529694650118,-156.64394824261285,-289.2503555715451,0,0,12.2,-108.64394824261286,20260302-204149,0.0,0.0
54.8500954391777,0.1986439162998277,-151.73177155644964,-276.1227046912852,0,0,12.2,-103.73177155644964,20260302-204149,0.0,0.0
45.97677521957108,0.18075374823687926,-144.85488110971824,-254.36139315527856,0,0,12.2,-96.85488110971825,20260302-204149,0.0,0.0
38.068851090297876,0.17579136063175757,-134.92064065652818,-216.55700799792632,0,0,12.2,-86.92064065652819,20260302-204149,0.0,0.0
31.853628693130524,0.21167562891603361,-120.50181696331231,-150.483212716784,0,0,12.1,-72.50181696331231,20260302-204149,0.0,0.0
28.462476567309253,0.6033026658861745,-101.04776275373783,-47.17777357323875,0,0,12.1,-53.04776275373783,20260302-204149,0.0,0.0
28.906991500494723,0.39643077187011766,-79.51701912324057,72.91813237435943,0,0,12.1,-31.517019123240566,20260302-204149,0.0,0.0
33.032687094981625,0.19630504080220942,-61.08227531106063,168.27223060595927,0,0,12.1,-13.08227531106063,20260302-204149,0.0,0.0
39.7082529162453,0.1750164989695279,-47.77304975626379,226.8829118971172,0,0,12.0,0.22695024373622671,20260302-204149,0.0,0.0
47.87875266176309,0.18398221088463218,-38.634355251604575,260.23577188006465,0,0,12.0,9.36564474839543,20260302-204149,0.0,0.0
47.65859130365714,0.15006984974265328,-97.39593584626981,-317.5760579848937,0,0,12.0,-49.39593584626981,20260302-204149,0.0,0.0
37.07898798753475,0.11691438070821053,-98.4492312010469,-317.14651151490733,0,0,12.0,-50.44923120104689,20260302-204149,0.0,0.0
38.29903926939396,0.21558939649038597,-160.68558073530824,-177.64806568815584,0,0,11.9,-112.68558073530825,20260302-204149,0.0,0.0
32.73206185936261,0.2117741577530305,-169.12725073799027,-154.5611712338127,0,0,11.8,-121.12725073799028,20260302-204149,0.0,0.0
28.147272808826273,0.23903400067512873,179.35045966650932,-117.7542639512663,0,0,11.8,-132.6495403334907,20260302-204149,0.0,0.0
25.089035214344758,0.40097648432985766,164.2447962008257,-62.56984186061549,0,0,11.8,-147.7552037991743,20260302-204149,0.0,0.0
24.144565388541622,3.3344878257966255,146.55866650289892,7.240861760463428,0,0,11.8,-165.44133349710108,20260302-204149,0.0,0.0
25.549364297752753,0.3400779249140619,129.2014150589083,75.12797046209073,0,0,11.8,177.20141505890828,20260302-204149,0.0,0.0
25.49193353478298,0.5658923936652531,-101.40829855790064,-45.047316097806444,0,0,11.8,-53.408298557900636,20260302-204149,0.0,0.0
26.136561379530992,0.3182070027787056,-78.0271073171175,82.13697734901027,0,0,11.8,-30.02710731711749,20260302-204149,0.0,0.0
30.595355235885116,0.17201268860070856,-58.71880969253172,177.86685089787665,0,0,11.8,-10.718809692531712,20260302-204149,0.0,0.0
37.53273823122726,0.16123418579626464,-45.406753780117384,232.78399705291775,0,0,11.8,2.593246219882607,20260302-204149,0.0,0.0
45.83679604987099,0.174616609705253,-36.565847961281776,262.49963349558766,0,0,11.8,11.43415203871823,20260302-204149,0.0,0.0
54.89072836974312,0.1965772990492617,-30.53350661978331,279.23228488345273,0,0,11.8,17.46649338021668,20260302-204149,0.0,0.0
52.12870688806615,0.2071017008890029,-158.8737737738625,-251.70583662180914,0,0,11.8,-110.8737737738625,20260302-204149,0.0,0.0
44.28130498257627,0.20476665943368927,-149.89351132535504,-216.25251447204536,0,0,11.8,-101.89351132535504,20260302-204149,0.0,0.0
37.95536337520468,0.23887587705572874,-137.51417219885116,-158.89157098248918,0,0,11.8,-89.51417219885117,20260302-204149,0.0,0.0
34.01071883647271,0.46536632266876654,-121.30631898667109,-73.08375612878308,0,0,11.8,-73.30631898667109,20260302-204149,0.0,0.0
33.304536199281415,1.046876640824602,-102.75820202567378,31.81323844712798,0,0,11.8,-54.75820202567378,20260302-204149,0.0,0.0
36.02775341276178,0.2818868250980229,-85.28306701940883,127.80928445390646,0,0,12.0,-37.28306701940883,20260302-204149,0.0,0.0
41.51083773351444,0.2114336174961884,-71.34180761237258,196.33035760863703,0,0,12.0,-23.341807612372573,20260302-204149,0.0,0.0
48.83281715763939,0.203902974403411,-61.103046214677846,239.49046010984765,0,0,12.0,-13.103046214677846,20260302-204149,0.0,0.0
57.292950374462215,0.21538384759331816,-53.70355714785276,266.0039321177008,0,0,12.0,-5.703557147852761,20260302-204149,0.0,0.0
66.45798704832713,0.23511269757724862,-48.273445532914906,282.6643891765637,0,0,12.0,-0.2734455329149068,20260302-204149,0.0,0.0
68.9573440104599,0.22862608270892334,158.4400083633086,-301.61626002337346,0,0,12.0,-153.5599916366914,20260302-204149,0.0,0.0
58.992874876943524,0.19943578794973374,155.28517420762284,-295.79884073670985,0,0,12.0,-156.71482579237718,20260302-204149,0.0,0.0
49.279259595359335,0.1722131730590421,150.86841603433322,-286.15267183111644,0,0,12.0,-161.13158396566678,20260302-204149,0.0,0.0
39.99967141161551,0.1487965669168367,144.34680751427595,-268.821198233502,0,0,12.0,-167.65319248572405,20260302-204149,0.0,0.0
31.539564780730593,0.1343499501399369,134.12491511367227,-234.75680301987052,0,0,12.0,-177.8750848863277,20260302-204149,0.0,0.0
24.753923463339863,0.15109294853506813,117.46098409866602,-163.8324203964725,0,0,11.9,165.46098409866602,20260302-204149,0.0,0.0
21.307544528879188,0.6422905961544135,92.34447788030081,-33.1743056125278,0,0,11.9,140.34447788030084,20260302-204149,0.0,0.0
22.770777931852617,0.1962731362786786,64.86523398137476,116.01576437603518,0,0,11.9,112.86523398137476,20260302-204149,0.0,0.0
28.394495032375875,0.13458987022232383,44.60649580750652,210.97052092755644,0,0,11.9,92.60649580750653,20260302-204149,0.0,0.0
36.293642906379425,0.1410454839830837,32.05922551406695,257.31871649809295,0,0,11.9,80.05922551406694,20260302-204149,0.0,0.0
45.292955627097776,0.16168867150216704,24.23164170975656,280.12448371493196,0,0,11.9,72.23164170975657,20260302-204149,0.0,0.0
54.85359869881835,0.1876316646097764,19.06163788960933,292.3472368744324,0,0,11.9,67.06163788960933,20260302-204149,0.0,0.0
64.72731183769383,0.21612793296630933,15.446435119054769,299.4861004282298,0,0,11.9,63.44643511905476,20260302-204149,0.0,0.0
74.79020425167596,0.24604919149775484,12.7957399492349,303.96443815324795,0,0,11.9,60.79573994923491,20260302-204149,0.0,0.0
83.30486889066022,0.7607440844695401,-92.8401327027567,-109.50445832089243,0,0,11.9,-44.84013270275671,20260302-204149,0.0,0.0
79.65495041008442,0.7275066883034814,-92.9778593836995,-109.49033416563745,0,0,11.9,-44.977859383699496,20260302-204149,0.0,0.0
75.63669686534024,0.4359596095313179,134.24689857999817,-173.49473486008054,0,0,11.9,-177.7531014200018,20260302-204149,0.0,0.0
70.42097045506152,0.5096024757498655,126.9685078455642,-138.1880461852919,0,0,11.9,174.96850784556423,20260302-204149,0.0,0.0
66.50863405362057,0.6976854680496007,118.68459835108706,-95.32753239012892,0,0,11.9,166.6845983510871,20260302-204149,0.0,0.0
64.13864579359841,1.3950305132045322,109.58270773523958,-45.976518209816916,0,0,11.9,157.58270773523958,20260302-204149,0.0,0.0
61.414723394027476,0.5614914358316416,-93.91198394772944,-109.37784527926826,0,0,11.9,-45.91198394772944,20260302-204149,0.0,0.0
57.76937904733565,0.5283379863608136,-94.169575777226,-109.3417103041379,0,0,11.9,-46.169575777226,20260302-204149,0.0,0.0
54.125359630513316,0.49520891189974875,-94.46185921675337,-109.2980322645538,0,0,11.9,-46.461859216753375,20260302-204149,0.0,0.0
50.48295205728243,0.46210952688499135,-94.79632966243062,-109.24456026167688,0,0,11.9,-46.79632966243062,20260302-204149,0.0,0.0
46.84253233303226,0.42904681176039594,-95.18280252617777,-109.17813872298808,0,0,11.9,-47.18280252617777,20260302-204149,0.0,0.0
43.204602949133644,0.3960301213319005,-95.63438276918805,-109.0942345593082,0,0,11.9,-47.63438276918804,20260302-204149,0.0,0.0
39.56985077405805,0.36307228812684467,-96.16896274924474,-108.98614977806771,0,0,11.8,-48.168962749244734,20260302-204149,0.0,0.0
35.93923981163175,0.3301914040691019,-96.81161587966577,-108.84365664501202,0,0,11.8,-48.81161587966576,20260302-204149,0.0,0.0
32.314165931717156,0.29741382252204895,-97.59857584256463,-108.65051818269652,0,0,11.8,-49.59857584256462,20260302-204149,0.0,0.0
28.6967276035952,0.2647794815898279,-98.5841672588115,-108.37972576760892,0,0,11.8,-50.58416725881151,20260302-204149,0.0,0.0
25.09022766168444,0.23235195245495713,-99.85356982729115,-107.98371778928063,0,0,11.8,-51.85356982729116,20260302-204149,0.0,0.0
21.500171318926434,0.20023895528742452,-101.54797630206289,-107.37257037755178,0,0,11.8,-53.54797630206289,20260302-204149,0.0,0.0
17.936435070521622,0.1686387371971083,-103.9185129828249,-106.36011256154723,0,0,11.8,-55.918512982824886,20260302-204149,0.0,0.0
14.41854822798428,0.13796046354848004,-107.45456694446702,-104.51217585911868,0,0,11.7,-59.454566944467025,20260302-204149,0.0,0.0
10.990625852707325,0.10920635839034222,-113.23144147473467,-100.64089687363197,0,0,11.7,-65.23144147473467,20260302-204149,0.0,0.0
7.77262336238596,0.08565682168612564,-123.99280250804817,-90.74144019570761,0,0,11.6,-75.99280250804817,20260302-204149,0.0,0.0
5.172425436933515,0.08786443370680674,-147.36792957888747,-58.86824985628757,0,0,11.6,-99.36792957888747,20260302-204149,0.0,0.0
4.451380632521231,0.2057273603000721,168.78227177665963,21.63728065157929,0,0,11.6,-143.21772822334034,20260302-204149,0.0,0.0
6.292542239695559,0.0796504561974147,134.0702331858496,79.00196106974465,0,0,11.6,-177.9297668141504,20260302-204149,0.0,0.0
9.278894320388604,0.09588478388908864,118.2163905939729,96.77129096021784,0,0,11.6,166.2163905939729,20260302-204149,0.0,0.0
12.62220921421232,0.12267306187368263,110.38892839168511,102.89308036681683,0,0,11.6,158.3889283916851,20260302-204149,0.0,0.0
16.1016441630528,0.15254840850876833,105.88758577142102,105.55104651994645,0,0,11.6,153.88758577142102,20260302-204149,0.0,0.0
19.645004905258173,0.18374352073467293,102.99715428549456,106.91536129660709,0,0,11.6,150.99715428549456,20260302-204149,0.0,0.0
23.2230485589098,0.215623926811559,100.99352224345466,107.70163080837129,0,0,11.8,148.99352224345463,20260302-204149,0.0,0.0
26.821898603178088,0.24790567713632713,99.52615253417025,108.19396680628783,0,0,11.8,147.52615253417025,20260302-204149,0.0,0.0
30.43417484763913,0.28044265662764184,98.40651509292479,108.5219175057529,0,0,11.8,146.4065150929248,20260302-204149,0.0,0.0
34.05560521121293,0.31315200140258764,97.52471968928353,108.75103802204701,0,0,11.8,145.52471968928356,20260302-204149,0.0,0.0
37.68355062378193,0.345983215320418,96.81256951702824,108.91727966885006,0,0,11.8,144.81256951702827,20260302-204149,0.0,0.0
41.31629487981827,0.3789037719106271,96.22557339392756,109.04165633263646,0,0,11.8,144.2255733939276,20260302-204149,0.0,0.0
44.95267457276462,0.4118917740039146,95.73350071304407,109.13710204937813,0,0,11.7,143.73350071304407,20260302-204149,0.0,0.0
48.59187353417729,0.44493193973790485,95.31510666345503,109.21192477843061,0,0,11.7,143.315106663455,20260302-204149,0.0,0.0
52.23330249511225,0.4780132798164417,94.95503201175029,109.27165562255921,0,0,11.7,142.9550320117503,20260302-204149,0.0,0.0
55.87652547535628,0.5111276892154637,94.6419009837038,109.32009095637504,0,0,11.7,142.6419009837038,20260302-204149,0.0,0.0
59.52121304642739,0.5442690591848405,94.36711073408514,109.35990580756723,0,0,11.7,142.36711073408512,20260302-204149,0.0,0.0
63.16711169197208,0.5774326982928366,94.12403627384009,109.39302862259768,0,0,11.7,142.1240362738401,20260302-204149,0.0,0.0
66.81402315503665,0.6106149439132975,93.90749374139205,109.4208777905765,0,0,11.7,141.90749374139207,20260302-204149,0.0,0.0
70.46179017371962,0.6438128948687623,93.71336923921604,109.44451522376369,0,0,11.6,141.71336923921604,20260302-204149,0.0,0.0
74.11028641475235,0.6770242233283768,93.538356633474,109.4647486177266,0,0,11.6,141.538356633474,20260302-204149,0.0,0.0
69.42638758873206,0.37042830178742125,-144.76242962737683,-187.42193092085597,0,0,11.5,-96.76242962737682,20260302-204149,0.0,0.0
63.73689797624891,0.41807464703492453,-137.175941223368,-152.45339182436612,0,0,11.5,-89.17594122336801,20260302-204149,0.0,0.0
59.36695873554996,0.5488249483315627,-128.29433568884428,-108.17102778586603,0,0,11.5,-80.29433568884428,20260302-204149,0.0,0.0
56.62291206960335,1.025423446918094,-118.28603536284058,-55.21905339670482,0,0,11.5,-70.28603536284058,20260302-204149,0.0,0.0
55.74537925994752,18.44704458669079,-107.62015612031144,3.021913835464289,0,0,11.5,-59.62015612031143,20260302-204149,0.0,0.0
53.74952111229077,0.1999538837316339,143.8219791299344,-268.80958803696035,0,0,11.5,-168.1780208700656,20260302-204149,0.0,0.0
45.150572606513855,0.18424095850010258,136.568058585774,-245.06262328465206,0,0,11.4,-175.43194141422603,20260302-204149,0.0,0.0
37.59940581578019,0.18405237817700093,126.16903460993422,-204.28644382753532,0,0,11.4,174.16903460993422,20260302-204149,0.0,0.0
31.85018607185094,0.23605879460886833,111.34337227559206,-134.92480178348916,0,0,11.4,159.3433722755921,20260302-204149,0.0,0.0
28.995367078750483,0.9201280772477132,91.9648327201827,-31.512316378260532,0,0,11.4,139.96483272018273,20260302-204149,0.0,0.0
29.876515783464523,0.3613852181850832,71.24936590097704,82.67221314006066,0,0,11.4,119.24936590097704,20260302-204149,0.0,0.0
34.20612522335553,0.19988617215834276,53.80121481181931,171.12802178361116,0,0,11.4,101.8012148118193,20260302-204149,0.0,0.0
40.90341959225795,0.18112333331029593,41.15032978618814,225.83186188486957,0,0,11.5,89.15032978618812,20260302-204149,0.0,0.0
49.00712591035003,0.19029436574343403,32.35732967703618,257.53324707692235,0,0,11.4,80.35732967703618,20260302-204149,0.0,0.0
57.93000060205116,0.20968209287132017,26.16100802726612,276.27538340912224,0,0,11.4,74.16100802726612,20260302-204149,0.0,0.0
67.34723063068408,0.23393742661075687,21.656222775334385,287.8856607358582,0,0,11.4,69.65622277533438,20260302-204149,0.0,0.0
77.07783015627524,0.26089054568931874,18.272045068030366,295.44125469407885,0,0,11.2,66.27204506803035,20260302-204149,0.0,0.0
77.12512204517813,0.2670654725898375,167.02729110189853,-288.7873198181177,0,0,11.2,-144.97270889810144,20260302-204149,0.0,0.0
67.65631992811407,0.24277442445884123,163.117731578406,-278.67976653193216,0,0,11.1,-148.882268421594,20260302-204149,0.0,0.0
58.603396871570006,0.22248817770050344,157.96961510710292,-263.4000488352123,0,0,11.1,-154.03038489289708,20260302-204149,0.0,0.0
50.19189124248924,0.20962406835165368,151.02251905974373,-239.43763536871214,0,0,11.1,-160.97748094025627,20260302-204149,0.0,0.0
42.80164822817816,0.2130329990922536,141.49002919842826,-200.91557838719143,0,0,11.1,-170.50997080157177,20260302-204149,0.0,0.0
37.048934647831054,0.2649234582286422,128.5250643073686,-139.84769372841257,0,0,11.0,176.5250643073686,20260302-204149,0.0,0.0
33.78096133874106,0.6473166374855852,112.01009627201029,-52.186147215308225,0,0,11.0,160.01009627201026,20260302-204149,0.0,0.0
33.7278884951236,0.6871828413011477,93.81483782008758,49.081389214057594,0,0,11.0,141.81483782008758,20260302-204149,0.0,0.0
36.90358923802908,0.26841735550311685,77.20610219160159,137.48585358371344,0,0,11.0,125.20610219160157,20260302-204149,0.0,0.0
42.59186140448163,0.2136198739156626,64.12392939180307,199.3815492152989,0,0,11.0,112.12392939180309,20260302-204149,0.0,0.0
49.941423088330986,0.2094101006556653,54.49554409534278,238.48621882117362,0,0,11.0,102.49554409534278,20260302-204149,0.0,0.0
53.52556192383141,0.16805784611417776,179.39737153410124,-318.49487043566165,0,0,11.0,-132.6026284658988,20260302-204149,0.0,0.0
42.91292420265774,0.13484674919886877,-179.83433756404378,-318.23476989697974,0,0,11.0,-131.83433756404378,20260302-204149,0.0,0.0
32.31307018369928,0.1017164172029325,-178.56162186161438,-317.6780216239045,0,0,10.9,-130.56162186161438,20260302-204149,0.0,0.0
29.94288362665112,0.14430995790125947,-59.53295349407128,-207.490072494781,0,0,11.0,-11.53295349407128,20260302-204149,0.0,0.0
24.34178142260837,0.20370218621897518,-40.612217105082266,-119.4969080814946,0,0,11.0,7.387782894917734,20260302-204149,0.0,0.0
22.555278707792606,1.2869217986434882,-15.115099702044603,17.526534037707307,0,0,10.9,32.8849002979554,20260302-204149,0.0,0.0
25.40139964961879,0.1744150996814957,9.247433612983258,145.63761793563168,0,0,10.9,57.247433612983265,20260302-204149,0.0,0.0
31.654286321861612,0.14307079336099118,26.341023298081865,221.24911435971865,0,0,10.9,74.34102329808186,20260302-204149,0.0,0.0
39.7369955173567,0.15319123526115003,37.17089458474976,259.3947065549525,0,0,10.9,85.17089458474976,20260302-204149,0.0,0.0
29.46262550461318,0.09392594754231195,-97.01943283617966,-313.67930029495625,0,0,10.8,-49.01943283617966,20260302-204149,0.0,0.0
19.127700146270723,0.06282622849535743,-90.57001789137763,-304.4540569180302,0,0,10.8,-42.57001789137764,20260302-204149,0.0,0.0
9.569683750569745,0.03807541864072386,-70.33796725301126,-251.3349581489411,0,0,10.8,-22.337967253011254,20260302-204149,0.0,0.0
6.721317149629505,0.044591343199292276,9.44809533543986,150.73143501396436,0,0,10.7,57.44809533543986,20260302-204149,0.0,0.0
15.055254375320276,0.05114850295890028,48.17170580622201,294.3439886680111,0,0,10.7,96.17170580622202,20260302-204149,0.0,0.0
25.21968650330548,0.08102601062461567,57.7688484555901,311.25420477808575,0,0,10.6,105.7688484555901,20260302-204149,0.0,0.0
35.683214727433516,0.11300025905935336,61.80244209513387,315.7799373600632,0,0,10.6,109.80244209513387,20260302-204149,0.0,0.0
46.24325207187487,0.1456071728315825,64.00096626724218,317.5891075459753,0,0,10.6,112.00096626724216,20260302-204149,0.0,0.0
56.84603973911905,0.1784883946245373,65.38081159188425,318.4859153375133,0,0,10.6,113.38081159188425,20260302-204149,0.0,0.0
67.47142675829345,0.21151322644202974,66.32647507180656,318.9938893811239,0,0,10.5,114.32647507180656,20260302-204149,0.0,0.0
73.46104389564051,0.505523047309868,-135.85487336664215,-145.3169035250958,0,0,10.4,-87.85487336664217,20260302-204149,0.0,0.0
69.24717923864205,0.6510347042298638,-128.1200969579533,-106.36480480799781,0,0,10.4,-80.12009695795331,20260302-204149,0.0,0.0
66.44142741147434,1.0884338062108228,-119.56230031217358,-61.0431493696228,0,0,10.3,-71.56230031217358,20260302-204149,0.0,0.0
65.22575643205687,5.701990769604497,-110.47254391563547,-11.439119961357124,0,0,10.3,-62.47254391563547,20260302-204149,0.0,0.0
65.68850667725675,1.6832091809274732,-101.27770241501395,39.02575355551555,0,0,10.3,-53.27770241501395,20260302-204149,0.0,0.0
67.79531767413,0.7825709242661534,-92.43421222223346,86.63153149691098,0,0,10.3,-44.434212222233455,20260302-204149,0.0,0.0
71.40080440218165,0.5551716189678475,-84.3032316953811,128.6103287032704,0,0,10.3,-36.30323169538109,20260302-204149,0.0,0.0
76.29278617087728,0.4659248420167036,-77.08301049208195,163.7448345545442,0,0,10.3,-29.083010492081957,20260302-204149,0.0,0.0
82.24200967781614,0.42802523009608,-70.818668968318,192.14290162137183,0,0,10.3,-22.818668968317997,20260302-204149,0.0,0.0
89.03679953632097,0.41479690781750045,-65.4538068454444,214.65155081506725,0,0,10.3,-17.453806845444408,20260302-204149,0.0,0.0
91.35808765057696,3.090700638170135,-87.94352430526396,-29.55902183547158,0,0,10.3,-39.943524305263956,20260302-204149,0.0,0.0
90.545010970209,4.721004632103385,-84.40908013641581,-19.179182827843952,0,0,10.4,-36.40908013641582,20260302-204149,0.0,0.0
90.08194197450233,10.501780102440328,-80.82450029973236,-8.577778347650769,0,0,10.4,-32.824500299732364,20260302-204149,0.0,0.0
89.97428496007907,42.345690089076,-77.21715271497938,2.1247566109045395,0,0,10.4,-29.21715271497938,20260302-204149,0.0,0.0
90.22331219887124,7.047527948484686,-73.61546491863118,12.80212194380449,0,0,10.4,-25.61546491863117,20260302-204149,0.0,0.0
90.82608986447691,3.893188196538654,-70.04759918669515,23.32948865539774,0,0,10.4,-22.047599186695145,20260302-204149,0.0,0.0
91.7756479785496,2.7321793175360805,-66.54015813657927,33.59063857540443,0,0,10.4,-18.54015813657926,20260302-204149,0.0,0.0
93.06137195191592,2.140129950851465,-63.11706547783659,43.483981855817134,0,0,10.4,-15.117065477836588,20260302-204149,0.0,0.0
94.66956619284046,1.7886892873067175,-59.798731052524886,52.926781003640514,0,0,10.4,-11.798731052524884,20260302-204149,0.0,0.0
96.58412396758554,1.5614025462333825,-56.60155575481562,61.85728606667017,0,0,10.3,-8.601555754815621,20260302-204149,0.0,0.0
98.78723433677467,1.4065269837081757,-53.5377756596327,70.23486607866666,0,0,10.3,-5.537775659632693,20260302-204149,0.0,0.0
98.29640641650411,0.24655816128230418,-68.46681733400165,-398.6743164585685,0,0,10.3,-20.466817334001643,20260302-204149,0.0,0.0
85.01191065400981,0.21339742979979195,-67.86766347477632,-398.37363895979166,0,0,10.3,-19.867663474776315,20260302-204149,0.0,0.0
71.74015347611731,0.18030105645278025,-67.04670602986477,-397.8909213707554,0,0,10.3,-19.04670602986477,20260302-204149,0.0,0.0
58.48980695465758,0.14731328587359843,-65.85344139406021,-397.0436651915057,0,0,10.3,-17.85344139406021,20260302-204149,0.0,0.0
45.27967141548268,0.11453097548662955,-63.962651645946806,-395.3486925532095,0,0,10.3,-15.9626516459468,20260302-204149,0.0,0.0
32.15933765611121,0.08221488443516976,-60.5223343450467,-391.161988209937,0,0,10.3,-12.522334345046703,20260302-204149,0.0,0.0
19.31270521056513,0.05139057762996896,-52.43433769217029,-375.8024544815142,0,0,10.3,-4.434337692170291,20260302-204149,0.0,0.0
8.156064964511444,0.03435998395704659,-18.74047703954284,-237.37103529231382,0,0,10.3,29.259522960457165,20260302-204149,0.0,0.0
10.716596378757425,0.03392038744156207,69.95649542064837,315.93378457778357,0,0,10.3,117.95649542064838,20260302-204149,0.0,0.0
22.758574412071304,0.05948362944128037,90.95113519173935,382.60231639929725,0,0,10.3,138.95113519173938,20260302-204149,0.0,0.0
35.71894748840034,0.09094177320283899,97.12197237343003,392.76722050197804,0,0,10.3,145.12197237343,20260302-204149,0.0,0.0
48.87245583325171,0.1234313155900497,99.99121042232093,395.9485937553397,0,0,10.3,147.99121042232096,20260302-204149,0.0,0.0
62.096488610483455,0.1562848585076798,101.64118284727942,397.3288852383102,0,0,10.3,149.6411828472794,20260302-204149,0.0,0.0
63.76764884764104,0.4371957272474551,-156.38092913132533,-145.85606599844058,0,0,10.3,-108.38092913132533,20260302-204149,0.0,0.0
59.67764323106855,0.6092211001300012,-165.60603134348003,-97.95728220564584,0,0,10.3,-117.60603134348003,20260302-204149,0.0,0.0
57.33118762339483,1.3747850485557394,-175.87747110745676,-41.70192837318335,0,0,10.3,-127.87747110745676,20260302-204149,0.0,0.0
56.94422672790152,3.0469755616265273,173.3522927712304,18.688770413866965,0,0,10.2,-138.64770722876958,20260302-204149,0.0,0.0
58.555621007756045,0.758700230765373,162.80987389473222,77.17886278838407,0,0,10.2,-149.19012610526778,20260302-204149,0.0,0.0
62.009777101718576,0.4822009350059708,153.13731739841285,128.59738046951475,0,0,10.2,-158.86268260158715,20260302-204149,0.0,0.0
62.45841571568333,4.14846743462269,-105.75079563933866,15.055780646706229,0,0,10.2,-57.75079563933866,20260302-204149,0.0,0.0
63.83064613352367,0.9567415477878571,-96.27817903508087,66.7167076428431,0,0,10.2,-48.27817903508087,20260302-204149,0.0,0.0
66.84955572985498,0.5898102579672595,-87.43296052248678,113.34078176301541,0,0,10.2,-39.43296052248678,20260302-204149,0.0,0.0
71.30630294778098,0.4666904929141533,-79.52135820048125,152.7914196462914,0,0,10.2,-31.521358200481245,20260302-204149,0.0,0.0
76.951469136257,0.4166217271683296,-72.65375053269793,184.70344707962371,0,0,10.2,-24.653750532697934,20260302-204149,0.0,0.0
83.5444934613992,0.3981243726770949,-66.79598493144739,209.84521218739675,0,0,10.2,-18.795984931447396,20260302-204149,0.0,0.0
90.87931665984895,0.3961246911181377,-61.83841262014863,229.42098459786666,0,0,10.2,-13.83841262014864,20260302-204149,0.0,0.0
92.03310156647788,1.0543687241305761,114.53208507046463,-87.28739715071464,0,0,10.2,162.53208507046463,20260302-204149,0.0,0.0
88.33083670140786,0.2913833900094972,-111.68004325775493,-303.1430058471379,0,0,10.2,-63.68004325775494,20260302-204149,0.0,0.0
78.30063516369492,0.2624169513142135,-114.18072206004847,-298.3825350136741,0,0,10.2,-66.18072206004847,20260302-204149,0.0,0.0
68.46311252974765,0.2349447994477347,-117.40776962186474,-291.40084262634554,0,0,10.2,-69.40776962186474,20260302-204149,0.0,0.0
58.914867758820264,0.20989222995750878,-121.69840978511807,-280.6910373516312,0,0,10.2,-73.69840978511807,20260302-204149,0.0,0.0
49.82249556548955,0.1891471876916317,-127.59926946136012,-263.4059547674354,0,0,10.2,-79.59926946136012,20260302-204149,0.0,0.0
41.48681768059257,0.17725221959538454,-135.99419912674784,-234.05527882976563,0,0,10.2,-87.99419912674786,20260302-204149,0.0,0.0
34.46137800070956,0.18859934623578037,-148.17942720667912,-182.72268005440029,0,0,10.1,-100.17942720667912,20260302-204149,0.0,0.0
29.691289323779895,0.3057256171870914,-165.3325379762576,-97.11744013132552,0,0,10.1,-117.33253797625761,20260302-204149,0.0,0.0
21.311838311412505,0.09659250290473836,115.95241929253245,-220.63656775133683,0,0,10.0,163.95241929253245,20260302-204149,0.0,0.0
16.211405614037247,0.25285415912020476,85.3763667858413,-64.1136601052723,0,0,10.0,133.3763667858413,20260302-204149,0.0,0.0
17.76545652747248,0.12030507994166052,47.77053370086662,147.67004465719546,0,0,10.0,95.77053370086664,20260302-204149,0.0,0.0
24.75075298151186,0.0974511513799328,24.211759042055576,253.98112419437817,0,0,10.0,72.21175904205559,20260302-204149,0.0,0.0
33.96725856688687,0.11596864606966542,12.145396610940566,292.90036331442417,0,0,10.0,60.14539661094055,20260302-204149,0.0,0.0
39.61966984809537,0.13180588064057094,158.54402410966316,-300.59106358187864,0,0,10.0,-153.45597589033687,20260302-204149,0.0,0.0
29.80417511800285,0.10409355057934451,151.83308830242686,-286.3210540146274,0,0,10.0,-160.1669116975731,20260302-204149,0.0,0.0
20.782441171070356,0.08373905103553701,138.96056671836857,-248.1809969670034,0,0,10.0,-173.03943328163146,20260302-204149,0.0,0.0
14.162671307537208,0.11255640090241961,111.0023435892225,-125.8273291788664,0,0,9.9,159.0023435892225,20260302-204149,0.0,0.0
13.939262788024076,0.12191909816732655,66.65644473785977,114.33206936039902,0,0,9.9,114.65644473785976,20260302-204149,0.0,0.0
20.32425217698711,0.08312274867777918,37.50758657783689,244.5089040038001,0,0,9.9,85.5075865778369,20260302-204149,0.0,0.0
29.272816690674905,0.10268131427484076,24.09626552664656,285.08416450847284,0,0,9.9,72.09626552664655,20260302-204149,0.0,0.0
39.06111568337319,0.1301744183326899,17.164748401460116,300.0675261981487,0,0,9.9,65.16474840146012,20260302-204149,0.0,0.0
49.19038636589255,0.16027937151999413,13.046365340426206,306.9040382389837,0,0,9.9,61.0463653404262,20260302-204149,0.0,0.0
59.48670317132754,0.19156426598235304,10.34341202684584,310.53131368878303,0,0,9.9,58.343412026845854,20260302-204149,0.0,0.0
52.47271800504917,0.17379612718423337,-75.06394190737097,-301.92110063203666,0,0,9.9,-27.063941907370978,20260302-204149,0.0,0.0
42.5444455705177,0.14528977344345553,-70.48542869780505,-292.8247774236865,0,0,9.9,-22.485428697805048,20260302-204149,0.0,0.0
33.05011993216675,0.12038448685321575,-63.20440905672683,-274.53803057253225,0,0,9.9,-15.204409056726828,20260302-204149,0.0,0.0
72.76560636153151,0.6995588092277337,126.57110507710439,-104.01642492624728,0,0,9.8,174.5711050771044,20260302-204149,0.0,0.0
69.33965769463217,0.6832884890872621,124.59430902190616,-101.47932945168766,0,0,9.8,172.59430902190618,20260302-204149,0.0,0.0
66.00475644623337,0.6698108706383479,122.41493710129413,-98.54237866179905,0,0,9.8,170.41493710129413,20260302-204149,0.0,0.0
62.77541479046418,0.6598726843490299,120.00754674673254,-95.13261615366406,0,0,9.8,168.00754674673254,20260302-204149,0.0,0.0
59.66877420371137,0.6545129311736695,117.34435009511952,-91.16515711418201,0,0,9.8,165.34435009511952,20260302-204149,0.0,0.0
56.70500517681461,0.655221385499981,114.39581199164945,-86.54327595480514,0,0,9.7,162.39581199164945,20260302-204149,0.0,0.0
53.907677500538554,0.6642127976508388,111.13183975933566,-81.16025118937344,0,0,9.7,159.1318397593357,20260302-204149,0.0,0.0
51.304023810730364,0.6849289744100563,107.52382285542797,-74.90415171137941,0,0,9.7,155.523822855428,20260302-204149,0.0,0.0
48.92497428831541,0.7230252035784863,103.54778841972251,-67.6670385017975,0,0,9.7,151.5477884197225,20260302-204149,0.0,0.0
46.804790815931206,0.7884905611725083,99.18884077544362,-59.35998871861082,0,0,9.7,147.18884077544365,20260302-204149,0.0,0.0
44.98009406175415,0.9007830750639408,94.44676145422437,-49.934435167491685,0,0,9.7,142.44676145422437,20260302-204149,0.0,0.0
43.48809451511807,1.10353435538264,89.34209341914334,-39.40801145247443,0,0,9.7,137.3420934191433,20260302-204149,0.0,0.0
42.363958167029814,1.5190015229964562,83.92127643392917,-27.889345419128095,0,0,9.7,131.92127643392917,20260302-204149,0.0,0.0
41.637490592857304,2.6703774807933067,78.25875733940535,-15.592361339299408,0,0,9.7,126.25875733940536,20260302-204149,0.0,0.0
41.32966704962825,14.605673974120597,72.45405067236157,-2.829699411534119,0,0,9.7,120.45405067236157,20260302-204149,0.0,0.0
41.449815660222086,4.136722326890001,66.6229707614676,10.019965659958658,0,0,9.7,114.6229707614676,20260302-204149,0.0,0.0
41.99426320784871,1.8610325371957097,60.884485146629856,22.56503439275039,0,0,9.7,108.88448514662986,20260302-204149,0.0,0.0
42.94687591367011,1.246341813066468,55.34667072316148,34.458344784248794,0,0,9.7,103.34667072316148,20260302-204149,0.0,0.0
44.28131935013566,0.9744953592013801,50.09570072836942,45.44025677703089,0,0,9.7,98.09570072836944,20260302-204149,0.0,0.0
45.964349449368235,0.8303316530102062,45.190321755249045,55.3566147728241,0,0,9.7,93.19032175524904,20260302-204149,0.0,0.0
47.959281494711696,0.7475826083709252,40.6619508186827,64.15248423076734,0,0,9.7,88.6619508186827,20260302-204149,0.0,0.0
50.22896601508707,0.6990747275700362,36.51875747436313,71.85063918657383,0,0,9.7,84.51875747436313,20260302-204149,0.0,0.0
52.73794133895412,0.6716049560137084,32.751553842459344,78.52524146334272,0,0,9.7,80.75155384245934,20260302-204149,0.0,0.0
55.453737211008416,0.6579851047780938,29.339732779552378,84.27810418248032,0,0,9.6,77.33973277955236,20260302-204149,0.0,0.0
58.34748125613145,0.6539668546601755,26.256258916531408,89.22085399335856,0,0,9.6,74.25625891653141,20260302-204149,0.0,0.0
61.39401641424074,0.6568782159437307,23.47137944818573,93.46331621918156,0,0,9.4,71.47137944818573,20260302-204149,0.0,0.0
64.57171995757841,0.6649544741902791,20.955123819073464,97.10697869385413,0,0,9.4,68.95512381907346,20260302-204149,0.0,0.0
67.86216817460385,0.6769832390498798,18.678833171021438,100.24202116118241,0,0,9.4,66.67883317102142,20260302-204149,0.0,0.0
70.36344581905284,0.22010905571648384,-90.24888898528496,-319.67537905249105,0,0,9.4,-42.24888898528497,20260302-204149,0.0,0.0
59.7109210119134,0.186913016783844,-89.64458182371698,-319.4583343596997,0,0,9.4,-41.64458182371697,20260302-204149,0.0,0.0
49.067922226143324,0.1537769279759681,-88.77798782172094,-319.085072591719,0,0,9.4,-40.77798782172094,20260302-204149,0.0,0.0
38.442362284730265,0.12075102279479188,-87.431870920368,-318.3605521094462,0,0,9.4,-39.43187092036799,20260302-204149,0.0,0.0
27.854205560557048,0.08796340746578957,-85.06009445963409,-316.6567367389674,0,0,9.3,-37.06009445963408,20260302-204149,0.0,0.0
17.37197857841171,0.05586644878897451,-79.80573959587079,-310.95548321016867,0,0,9.3,-31.80573959587079,20260302-204149,0.0,0.0
7.456663797405424,0.02803073943712779,-59.801782773619806,-266.0173776054151,0,0,9.3,-11.801782773619815,20260302-204149,0.0,0.0
6.107810834168907,0.026002058339381774,43.55106401357884,234.8972052307966,0,0,9.3,91.55106401357884,20260302-204149,0.0,0.0
15.712930799954496,0.050874778904860724,71.04965962768415,308.8550188952907,0,0,9.3,119.04965962768416,20260302-204149,0.0,0.0
26.160549657873002,0.082740571941422,77.23824330556329,316.1755961318945,0,0,9.3,125.23824330556329,20260302-204149,0.0,0.0
34.5263060110038,3.6869476226260747,-3.9735280831606588,-9.364468808594575,0,0,9.3,44.02647191683933,20260302-204149,0.0,0.0
35.05233116240822,0.8644517347474046,8.581437445855698,40.54862724366054,0,0,9.3,56.5814374458557,20260302-204149,0.0,0.0
37.16955288237382,0.4363832845721553,20.23056591500773,85.1763901058128,0,0,9.3,68.23056591500772,20260302-204149,0.0,0.0
40.629977005098404,0.33616884721017937,30.26259666269911,120.86181495483947,0,0,9.3,78.26259666269911,20260302-204149,0.0,0.0
45.12564713992319,0.3059722520311297,38.5121993812478,147.48280878532768,0,0,9.3,86.51219938124778,20260302-204149,0.0,0.0
50.380181188257765,0.3021657601539395,45.157158363189836,166.73027798580287,0,0,9.3,93.15715836318984,20260302-204149,0.0,0.0
56.18105474027074,0.31113377563839967,50.49025109444398,180.5688071794702,0,0,9.3,98.49025109444396,20260302-204149,0.0,0.0
62.376027408770625,0.32725262550359857,54.795543168950445,190.60512444409622,0,0,9.3,102.79554316895045,20260302-204149,0.0,0.0
68.85881430342017,0.34777715474901794,58.30707102237474,197.99694535172634,0,0,9.3,106.30707102237474,20260302-204149,0.0,0.0
75.55536676933606,0.37120792825867016,61.205494518117234,203.539205436061,0,0,9.3,109.20549451811725,20260302-204149,0.0,0.0
82.4135924252042,0.3966566099558138,63.626894724031274,207.77062667475727,0,0,9.3,111.62689472403127,20260302-204149,0.0,0.0
81.78851710517152,0.25837348775154423,161.95945176909493,-316.55150772985104,0,0,9.3,-150.04054823090505,20260302-204149,0.0,0.0
71.31224471920675,0.22879049828476208,159.3236801630194,-311.69233536284617,0,0,9.3,-152.67631983698064,20260302-204149,0.0,0.0
61.0384920963547,0.20068738909020079,155.79088593946778,-304.1471234095352,0,0,9.3,-156.2091140605322,20260302-204149,0.0,0.0
51.089581538481085,0.17515539866087154,150.8567419968092,-291.68145503410125,0,0,9.5,-161.14325800319077,20260302-204149,0.0,0.0
41.69867767727277,0.15470829639680234,143.62387487641075,-269.5309731180948,0,0,9.4,-168.37612512358925,20260302-204149,0.0,0.0
33.34067564049495,0.14672103526764693,132.50025846439473,-227.23855226127085,0,0,9.4,-179.4997415356053,20260302-204149,0.0,0.0
26.992742324038286,0.1861786811890816,115.16065122461168,-144.98299242234222,0,0,9.4,163.1606512246117,20260302-204149,0.0,0.0
24.285843161290277,2.352712893660102,91.00886712857897,-10.322484833034146,0,0,9.4,139.00886712857897,20260302-204149,0.0,0.0
26.36631889007791,0.20373996353524249,66.24520821556564,129.4116207374167,0,0,9.4,114.24520821556563,20260302-204149,0.0,0.0
32.3225914717152,0.1476697874175882,47.9009305065652,218.88425545241503,0,0,9.4,95.9009305065652,20260302-204149,0.0,0.0
40.478434023034296,0.1525934704192906,36.07130280646197,265.2697648976013,0,0,9.4,84.07130280646196,20260302-204149,0.0,0.0
49.763881242749875,0.17196926238953092,28.419481494975514,289.37660458197894,0,0,9.4,76.41948149497551,20260302-204149,0.0,0.0
59.65375667636962,0.19700555440472328,23.235640793755238,302.8024100976282,0,0,9.4,71.23564079375524,20260302-204149,0.0,0.0
69.89194552121252,0.2248394391273563,19.54717202929652,310.8526946717007,0,0,9.4,67.54717202929653,20260302-204149,0.0,0.0
80.34540413584584,0.25426010962847767,16.809457712754664,315.99689095252,0,0,9.4,64.80945771275466,20260302-204149,0.0,0.0
90.93992762609983,0.2846673865359781,14.705713333432072,319.46029621698955,0,0,9.4,62.70571333343208,20260302-204149,0.0,0.0
101.63140981706289,0.315729880935388,13.04272405344497,321.89354240392936,0,0,9.4,61.04272405344497,20260302-204149,0.0,0.0
99.99205075489337,0.375833565181167,-145.6526245099355,-266.0540729157417,0,0,9.4,-97.6526245099355,20260302-204149,0.0,0.0
91.35788216514887,0.3634952111461726,-149.7569717326667,-251.33173522996165,0,0,9.4,-101.7569717326667,20260302-204149,0.0,0.0
83.28820769253987,0.3590731162811776,-154.6863307616032,-231.9533374013993,0,0,9.4,-106.68633076160319,20260302-204149,0.0,0.0
75.96314195037272,0.3680847759243201,-160.6179561576817,-206.37403913165667,0,0,9.4,-112.61795615768172,20260302-204149,0.0,0.0
69.61812132420461,0.40272692048220887,-167.7198065354546,-172.86681814279189,0,0,9.4,-119.71980653545462,20260302-204149,0.0,0.0
64.54283218029133,0.49636869863119726,-176.0865869987638,-130.03002074521777,0,0,9.3,-128.0865869987638,20260302-204149,0.0,0.0
61.05474627248245,0.7847175939371325,174.36283447819818,-77.80473732741851,0,0,9.3,-137.63716552180182,20260302-204149,0.0,0.0
59.433975017186505,3.1875342749895847,163.9825736390968,-18.645752449949956,0,0,9.3,-148.01742636090322,20260302-204149,0.0,0.0
59.832459565793144,1.4127746939136656,153.38783482250108,42.35102725406652,0,0,9.3,-158.61216517749895,20260302-204149,0.0,0.0
62.21141001812589,0.6266486698423882,143.27119755659567,99.27637767710098,0,0,9.3,-168.72880244340436,20260302-204149,0.0,0.0
66.35816711300018,0.44849057138384396,134.15838920249973,147.95888999014664,0,0,9.3,-177.8416107975003,20260302-204149,0.0,0.0
71.96779582669406,0.38478418113184093,126.28942334668625,187.03418528017735,0,0,9.2,174.28942334668628,20260302-204149,0.0,0.0
73.00333742501938,0.6764268156611108,-45.19208893134919,-107.92496059410215,0,0,9.2,2.8079110686508253,20260302-204149,0.0,0.0
65.1583647387298,0.23793135516675668,-166.98065120672447,-273.85362762744273,0,0,9.2,-118.98065120672446,20260302-204149,0.0,0.0
56.283963976168714,0.21865602394203187,-161.53472978520034,-257.40870505854537,0,0,9.2,-113.53472978520033,20260302-204149,0.0,0.0
48.1028224161849,0.2078565089674318,-154.1485406109382,-231.4232191002589,0,0,9.2,-106.14854061093821,20260302-204149,0.0,0.0
41.03173486488765,0.2165061463270483,-143.9916997894066,-189.51764446865278,0,0,9.2,-95.99169978940658,20260302-204149,0.0,0.0
35.73583391679711,0.2889014120567802,-130.26033767308914,-123.69560142466057,0,0,9.2,-82.26033767308914,20260302-204149,0.0,0.0
33.07901454884093,1.0279269103359265,-113.13653290568823,-32.1803177018011,0,0,9.2,-65.13653290568823,20260302-204149,0.0,0.0
33.69150337107274,0.4953861246057482,-94.93844257856904,68.01059153177945,0,0,9.2,-46.93844257856904,20260302-204149,0.0,0.0
37.413078106066536,0.24786189383414872,-78.90937813533033,150.9432431396682,0,0,9.2,-30.909378135330325,20260302-204149,0.0,0.0
43.45209138148954,0.20971435313524417,-66.54668485776615,207.196554417367,0,0,9.2,-18.546684857766152,20260302-204149,0.0,0.0
43.69137707329034,0.8011416356018592,-13.13265070810067,-54.53639547826909,0,0,9.2,34.86734929189933,20260302-204149,0.0,0.0
42.052413203949946,0.9646765213104441,-7.8455104258350445,-43.59224286585181,0,0,9.2,40.154489574164955,20260302-204149,0.0,0.0
40.79847091860437,1.2968081355600956,-2.1822890568932394,-31.460683966933463,0,0,9.2,45.817710943106746,20260302-204149,0.0,0.0
39.96580725597608,2.176299384270131,3.777652028245882,-18.36411274332988,0,0,9.2,51.77765202824587,20260302-204149,0.0,0.0
39.58101839584998,8.49941017825117,9.921607153049933,-4.656913546440246,0,0,9.2,57.92160715304995,20260302-204149,0.0,0.0
39.65714352028596,4.305365574227222,16.11356887758791,9.211097835148202,0,0,9.2,64.1135688775879,20260302-204149,0.0,0.0
40.19156372212537,1.7656214050548842,22.211109732106337,22.763409872047866,0,0,9.2,70.21110973210634,20260302-204149,0.0,0.0
41.16643419068416,1.1571633729685775,28.084294142575118,35.57530004175307,0,0,9.2,76.08429414257513,20260302-204149,0.0,0.0
42.55149305050712,0.8989683079775083,33.63069689512591,47.333696497309376,0,0,9.2,81.63069689512591,20260302-204149,0.0,0.0
44.30829002550134,0.7657686472877333,38.78270545559255,57.86119630574631,0,0,9.2,86.78270545559255,20260302-204149,0.0,0.0
46.394615166479056,0.6913665127958619,43.506930765085315,67.10567305156401,0,0,9.2,91.50693076508531,20260302-204149,0.0,0.0
48.76819470938611,0.6492949156550624,47.79826979062062,75.10946648979181,0,0,9.2,95.79826979062061,20260302-204149,0.0,0.0
51.389240715198966,0.6268994075352057,51.671853706095305,81.97366291547026,0,0,9.2,99.6718537060953,20260302-204149,0.0,0.0
54.22187800751548,0.6173674303475458,55.15532144047995,87.82756482147329,0,0,9.2,103.15532144047997,20260302-204149,0.0,0.0
57.234699224721005,0.616706010819032,58.28264390605946,92.80710455328467,0,0,9.2,106.28264390605946,20260302-204149,0.0,0.0
60.40074737395083,0.6224198271915863,61.089776998498735,97.04181122649062,0,0,9.2,109.08977699849873,20260302-204149,0.0,0.0
63.69717826265569,0.6328692462772385,63.611914280165706,100.64824391032603,0,0,9.2,111.61191428016572,20260302-204149,0.0,0.0
64.60185618062675,0.466895382601517,-95.04786841758016,-138.3647356302145,0,0,9.2,-47.04786841758017,20260302-204149,0.0,0.0
59.99748277555537,0.4351435524511147,-94.12489380059793,-137.87974666658002,0,0,9.1,-46.124893800597924,20260302-204149,0.0,0.0
55.411263523032105,0.40366874882098225,-93.04881655206195,-137.26914378404288,0,0,9.1,-45.04881655206195,20260302-204149,0.0,0.0
50.84811087375734,0.37255074741681304,-91.77908569785203,-136.48640145356634,0,0,9.1,-43.779085697852025,20260302-204149,0.0,0.0
46.31484321506549,0.34190320724291806,-90.25992097486915,-135.46185655450537,0,0,9.1,-42.25992097486914,20260302-204149,0.0,0.0
41.8211799574981,0.31189379681778867,-88.41274719572203,-134.08788627473228,0,0,9.1,-40.41274719572203,20260302-204149,0.0,0.0
37.381406506897925,0.28278059999847205,-86.12392216167147,-132.19225967799738,0,0,9.1,-38.12392216167147,20260302-204149,0.0,0.0
33.017269424130546,0.2549825581208372,-83.22432540850147,-129.48834487919578,0,0,9.1,-35.224325408501464,20260302-204149,0.0,0.0
28.763217421082555,0.2292279254396206,-79.45482561097648,-125.47867964132007,0,0,9.1,-31.454825610976492,20260302-204149,0.0,0.0
88.57285628554483,0.31014297659944856,-102.71970170580846,-285.587174201714,0,0,9.0,-54.71970170580846,20260302-204149,0.0,0.0
79.18066588120364,0.2853450296474232,-105.97012891393996,-277.49095885441045,0,0,9.0,-57.97012891393996,20260302-204149,0.0,0.0
70.11106677383863,0.263589257678394,-110.07778081419086,-265.98605493772186,0,0,9.0,-62.07778081419086,20260302-204149,0.0,0.0
61.50692948688251,0.24685479547957664,-115.36873574522244,-249.1623845807413,0,0,9.0,-67.36873574522244,20260302-204149,0.0,0.0
53.59290924746331,0.23931289239598255,-122.29748618429188,-223.94493130267728,0,0,9.0,-74.29748618429188,20260302-204149,0.0,0.0
46.72102657554909,0.25152416059358956,-131.4354675144461,-185.75164495247236,0,0,8.9,-83.43546751444607,20260302-204149,0.0,0.0
41.41335029798138,0.32026443281666583,-143.2953475990832,-129.30986414494643,0,0,8.9,-95.29534759908317,20260302-204149,0.0,0.0
38.32536624087615,0.7229217205819971,-157.80484657390963,-53.01454521247728,0,0,8.9,-109.80484657390961,20260302-204149,0.0,0.0
38.00208768021946,1.1181584719051563,-173.6495144825348,33.986316461449526,0,0,8.9,-125.64951448253481,20260302-204149,0.0,0.0
40.5097580167632,0.3555958172594877,171.3808085701496,113.92079448224261,0,0,8.8,-140.61919142985042,20260302-204149,0.0,0.0
45.38148495875997,0.25943721223014266,158.8887166009755,174.92280528555315,0,0,8.8,-153.11128339902447,20260302-204149,0.0,0.0
51.95646942885389,0.23970594224192543,149.17938116914058,216.75086125489685,0,0,8.8,-162.8206188308594,20260302-204149,0.0,0.0
59.674342140693305,0.24415744298174338,141.8105619587809,244.40926892060952,0,0,8.8,-170.1894380412191,20260302-204149,0.0,0.0
68.14790063018408,0.2593284915314341,136.19902699561618,262.7860140925689,0,0,8.8,-175.80097300438382,20260302-204149,0.0,0.0
77.12848025627231,0.28018535625577146,131.86017160297502,275.27662861104136,0,0,8.8,179.860171602975,20260302-204149,0.0,0.0
86.45822938822398,0.3044194290569533,128.44144882074335,284.01022121373427,0,0,8.8,176.44144882074335,20260302-204149,0.0,0.0
96.03543745521831,0.33082292921847356,125.69636524021638,290.2925673322875,0,0,8.8,173.69636524021638,20260302-204149,0.0,0.0
97.94167786707607,0.38109398419988333,-146.4091199683848,-257.0013747992038,0,0,8.8,-98.40911996838479,20260302-204149,0.0,0.0
89.58994520404059,0.3679237965227463,-142.4390904566202,-243.501361017571,0,0,8.8,-94.43909045662018,20260302-204149,0.0,0.0
81.75493329454162,0.3620848261737614,-137.68136971677777,-225.7894487279843,0,0,8.8,-89.68136971677777,20260302-204149,0.0,0.0
74.59962984099825,0.36846387057653157,-131.96469950995203,-202.46117950254657,0,0,8.8,-83.96469950995203,20260302-204149,0.0,0.0
68.33787562486866,0.3975316383229902,-125.12072962593271,-171.90550144173648,0,0,8.8,-77.12072962593271,20260302-204149,0.0,0.0
63.235674547783034,0.4765077717279376,-117.03926046306353,-132.70649147751462,0,0,8.8,-69.03926046306353,20260302-204149,0.0,0.0
59.59161555280495,0.7051673021852436,-107.76188644890166,-84.50706005246761,0,0,8.8,-59.76188644890167,20260302-204149,0.0,0.0
57.682714663584704,1.9804859673329647,-97.58231902815636,-29.12553565893907,0,0,8.8,-49.58231902815636,20260302-204149,0.0,0.0
57.681498904023016,1.9853748486673213,-87.06188001430338,29.053203198751913,0,0,8.8,-39.061880014303384,20260302-204149,0.0,0.0
59.5880850401835,0.7056733602822818,-76.88148618471338,84.44145463610418,0,0,8.8,-28.88148618471338,20260302-204149,0.0,0.0
63.23012936713421,0.4766632044951472,-67.60273679609412,132.65158453777386,0,0,8.8,-19.602736796094113,20260302-204149,0.0,0.0
68.33069192463932,0.39759047024779715,-59.51969879013356,171.86199629496252,0,0,8.8,-11.519698790133567,20260302-204149,0.0,0.0
74.59116888816305,0.368482949069979,-52.6742258320302,202.42773533056302,0,0,8.8,-4.674225832030198,20260302-204149,0.0,0.0
81.7454971933746,0.3620837815463471,-46.95624285145428,225.76403959399957,0,0,8.8,1.0437571485457267,20260302-204149,0.0,0.0
89.57976872468815,0.3679111781241604,-42.19742985166667,243.48205232964497,0,0,8.8,5.8025701483333405,20260302-204149,0.0,0.0
93.44440731309372,5.76045951186944,158.36626485719262,16.221693273002145,0,0,8.8,-153.6337351428074,20260302-204149,0.0,0.0
94.58032329444652,1.828741062309635,151.93503387228384,51.71881642718457,0,0,8.8,-160.06496612771613,20260302-204149,0.0,0.0
96.87140053617783,1.1350773327997041,145.73222842440134,85.34343673064237,0,0,8.8,-166.26777157559866,20260302-204149,0.0,0.0
100.23846227956156,0.8629793101060029,139.88081078931162,116.15395769714213,0,0,8.8,-172.11918921068838,20260302-204149,0.0,0.0
104.57763044491634,0.7281836365626981,134.461920906744,143.61436483050107,0,0,8.8,-177.53807909325602,20260302-204149,0.0,0.0
106.85708394137092,3.050652247286533,-101.36629444086091,35.02761877772768,0,0,8.8,-53.366294440860905,20260302-204149,0.0,0.0
108.52649741250323,1.6720665552912075,-95.85423511096559,64.90560861293122,0,0,8.8,-47.8542351109656,20260302-204149,0.0,0.0
111.16489330634755,1.1945504599704757,-90.556399765197,93.06002302246411,0,0,8.8,-42.55639976519701,20260302-204149,0.0,0.0
114.70542697714822,0.9641872780748477,-85.54469822232977,118.96592040311477,0,0,8.8,-37.54469822232977,20260302-204149,0.0,0.0
117.33447915249768,0.6498510447364537,-53.41038570460776,-180.5559598662837,0,0,8.8,-5.410385704607759,20260302-204149,0.0,0.0
111.65066207189695,0.6979829171493761,-48.972735483380376,-159.96188349120078,0,0,8.6,-0.9727354833803751,20260302-204149,0.0,0.0
106.70551362627226,0.7833949539306543,-44.09202633189031,-136.20908979676398,0,0,8.6,3.9079736681096957,20260302-204149,0.0,0.0
102.60589110498896,0.9392699944413192,-38.779893275589814,-109.24003929883789,0,0,8.6,9.220106724410176,20260302-204149,0.0,0.0
99.45640801225306,1.254785471099714,-33.07933473354268,-79.26168281585846,0,0,8.5,14.920665266457307,20260302-204149,0.0,0.0
91.53079443331953,0.3663179950594591,-40.70404604487308,-249.86704357361057,0,0,8.4,7.2959539551269135,20260302-204149,0.0,0.0
83.4450667691657,0.3557367387917895,-36.328812891295456,-234.56971875487278,0,0,8.4,11.671187108704558,20260302-204149,0.0,0.0
75.94775540105158,0.35437226136004263,-31.053537998618964,-214.3163099435951,0,0,8.4,16.94646200138103,20260302-204149,0.0,0.0
69.23029305612468,0.3692475848002929,-24.691023685068984,-187.49017165154322,0,0,8.4,23.308976314931023,20260302-204149,0.0,0.0
63.54049847654141,0.41695029925308136,-17.079381603107294,-152.39345934123784,0,0,8.3,30.920618396892696,20260302-204149,0.0,0.0
59.17555205056669,0.5483204226522203,-8.164661724454476,-107.9214809551232,0,0,8.3,39.83533827554552,20260302-204149,0.0,0.0
56.44365790912921,1.0312080907885945,1.8818947676733728,-54.73546844067633,0,0,8.3,49.881894767673366,20260302-204149,0.0,0.0
55.58611894769944,14.899794622018675,12.584611927140912,3.730663432471423,0,0,8.3,60.58461192714091,20260302-204149,0.0,0.0
56.688061044670484,0.9170485003455676,23.240645018383532,61.81577203747561,0,0,8.3,71.24064501838353,20260302-204149,0.0,0.0
59.64097127120159,0.5230134360640812,33.16458868162698,114.03334438217797,0,0,8.3,81.16458868162698,20260302-204149,0.0,0.0
54.215407514281914,0.20186377066627667,-164.3701639787604,-268.57423367916476,0,0,8.3,-116.37016397876039,20260302-204149,0.0,0.0
45.63474522363472,0.18689883887795516,-157.0512452519389,-244.16815801319225,0,0,8.3,-109.0512452519389,20260302-204149,0.0,0.0
38.126589858682095,0.18819152541229295,-146.6145186237444,-202.59461617707686,0,0,8.3,-98.61451862374442,20260302-204149,0.0,0.0
32.44427622583037,0.2444606791679731,-131.85294249873334,-132.7177701389652,0,0,8.3,-83.85294249873333,20260302-204149,0.0,0.0
29.656577488366995,0.9908637227650555,-112.73169810057313,-29.930026508195102,0,0,8.3,-64.73169810057313,20260302-204149,0.0,0.0
30.56601772833293,0.3691808523370201,-92.38517603981893,82.79415775450249,0,0,8.3,-44.38517603981893,20260302-204149,0.0,0.0
34.884632922731505,0.20456179489346665,-75.19233127309107,170.53347102717302,0,0,8.3,-27.192331273091067,20260302-204149,0.0,0.0
41.56297765413825,0.18441597366741982,-62.63712164088162,225.37623410591274,0,0,8.3,-14.637121640881617,20260302-204149,0.0,0.0
49.65794933082498,0.19286608445665387,-53.85315442484034,257.47372572384785,0,0,8.3,-5.853154424840349,20260302-204149,0.0,0.0
58.585237687892665,0.2118147076382601,-47.63359204137382,276.5872036985519,0,0,8.3,0.36640795862618475,20260302-204149,0.0,0.0
68.01790603282852,0.235775134166356,-43.09703927360107,288.4863421807538,0,0,8.3,4.902960726398937,20260302-204149,0.0,0.0
77.77228510320508,0.26251670125819243,-39.6812369818299,296.2565228439081,0,0,8.3,8.318763018170088,20260302-204149,0.0,0.0
69.39285699259199,0.2377094378058452,-102.78533467142182,-291.92302010856736,0,0,8.3,-54.78533467142182,20260302-204149,0.0,0.0
59.821007058049354,0.2124135950496282,-106.96260604358255,-281.62513347638037,0,0,8.3,-58.96260604358256,20260302-204149,0.0,0.0
50.68617880585437,0.19119759076491621,-112.68602585878962,-265.098417836105,0,0,8.3,-64.68602585878962,20260302-204149,0.0,0.0
42.27264021910475,0.17822438050642875,-120.79899226068959,-237.1877523096787,0,0,8.2,-72.79899226068959,20260302-204149,0.0,0.0
35.10292086000376,0.1862398805207709,-132.55679591851407,-188.48229907497614,0,0,8.2,-84.55679591851406,20260302-204149,0.0,0.0
30.079985827265354,0.28222204351258023,-149.19776358845985,-106.58269443763176,0,0,8.2,-101.19776358845984,20260302-204149,0.0,0.0
28.36807350681861,3.9396780139131375,-169.9520673550012,7.200607107138089,0,0,8.2,-121.9520673550012,20260302-204149,0.0,0.0
30.52934971896758,0.2578588226545812,169.61287927309365,118.3955988190625,0,0,8.1,-142.38712072690632,20260302-204149,0.0,0.0
33.29387493562139,2.415309141978083,125.40859110250852,13.784519073344981,0,0,8.1,173.40859110250852,20260302-204149,0.0,0.0
35.852967520671065,0.26505705116695805,105.70312122283008,135.26509618522644,0,0,8.1,153.7031212228301,20260302-204149,0.0,0.0
41.8939469166693,0.18993858043135756,90.15978759049847,220.56575773877321,0,0,8.1,138.15978759049844,20260302-204149,0.0,0.0
50.17454168085675,0.18468702948709184,79.12062577825014,271.6733374303557,0,0,8.1,127.12062577825016,20260302-204149,0.0,0.0
59.77107004162023,0.19823662268024925,71.40771113089019,301.5137628632298,0,0,8.1,119.40771113089019,20260302-204149,0.0,0.0
70.14550114843736,0.21953766763138027,65.89888605619268,319.5146505164515,0,0,8.1,113.8988860561927,20260302-204149,0.0,0.0
80.99948262315937,0.244780800829859,61.836676329069604,330.90619177874197,0,0,8.1,109.8366763290696,20260302-204149,0.0,0.0
92.16374219552112,0.27230141211128117,58.74603367140742,338.4622264017369,0,0,8.1,106.74603367140742,20260302-204149,0.0,0.0
103.53795875018196,0.3012564620451357,56.32862728176974,343.6870965266445,0,0,8.1,104.32862728176973,20260302-204149,0.0,0.0
107.30623021703785,0.5591544304021865,-130.33411800473294,-191.90803896493324,0,0,8.1,-82.33411800473294,20260302-204149,0.0,0.0
99.17005001786623,0.32182933611163056,148.9689931206995,-308.1448422820841,0,0,8.1,-163.0310068793005,20260302-204149,0.0,0.0
88.93386012238894,0.29072412460883956,147.35450224339485,-305.904644968995,0,0,8.1,-164.64549775660515,20260302-204149,0.0,0.0
78.78659805460487,0.26024544084078316,145.3221574897467,-302.7395899811598,0,0,8.1,-166.67784251025333,20260302-204149,0.0,0.0
68.76764130602248,0.2307007778512853,142.6934534614668,-298.08153204559886,0,0,8.1,-169.3065465385332,20260302-204149,0.0,0.0
58.94245371204314,0.20263820514570677,139.17877288352548,-290.87532466871505,0,0,8.1,-172.82122711647452,20260302-204149,0.0,0.0
49.42672464796348,0.17713885547373837,134.28590219956806,-279.0281359545716,0,0,8.1,-177.71409780043194,20260302-204149,0.0,0.0
40.439501360446194,0.15667322271914977,127.144504122061,-258.1136754487873,0,0,8.1,175.14450412206097,20260302-204149,0.0,0.0
32.42328379674295,0.14838942876316916,116.22010447292632,-218.50130475595265,0,0,8.1,164.2201044729263,20260302-204149,0.0,0.0
86.86472034703274,0.69084261034605,-127.5509787328031,-125.73735181667693,0,0,8.0,-79.5509787328031,20260302-204149,0.0,0.0
82.68718514593908,0.6620590094425455,-128.59435517932684,-124.89398069752392,0,0,8.0,-80.59435517932684,20260302-204149,0.0,0.0
78.53998183660931,0.6338317368857597,-129.74833713192766,-123.91298394508316,0,0,8.0,-81.74833713192766,20260302-204149,0.0,0.0
74.42818095033992,0.6062694768441691,-131.03039225702534,-122.76418951150724,0,0,8.0,-83.03039225702534,20260302-204149,0.0,0.0
66.95612444857451,0.30812254203781375,145.5501259790051,-217.30355723326937,0,0,7.9,-166.44987402099494,20260302-204149,0.0,0.0
60.19113758980068,0.3219080578540016,138.3210203345534,-186.9823886704315,0,0,7.9,-173.67897966544663,20260302-204149,0.0,0.0
54.612253601142015,0.37470635804650576,129.44598695898702,-145.74680260526551,0,0,7.9,177.44598695898702,20260302-204149,0.0,0.0
50.61322157595182,0.5491973729230103,118.87372943330763,-92.15852819282709,0,0,7.9,166.8737294333076,20260302-204149,0.0,0.0
48.58572742130299,1.7239032530519742,106.97201276451642,-28.183558059472013,0,0,7.9,154.97201276451645,20260302-204149,0.0,0.0
48.77624806888825,1.2353926053237596,94.6151167057618,39.482386294602634,0,0,7.9,142.61511670576178,20260302-204149,0.0,0.0
47.406895030386686,0.4520087512360446,-146.06929190838878,-104.88048052332998,0,0,7.9,-98.06929190838879,20260302-204149,0.0,0.0
43.99746327082715,0.44225606105258547,-149.6644213260429,-99.48413859181848,0,0,7.9,-101.66442132604291,20260302-204149,0.0,0.0
40.78979118920534,0.4399230016867436,-153.84373269775296,-92.72029658101525,0,0,7.9,-105.84373269775297,20260302-204149,0.0,0.0
37.83522921029647,0.4491652320411398,-158.70525234735635,-84.23454557771977,0,0,7.9,-110.70525234735635,20260302-204149,0.0,0.0
35.19757501132537,0.4779541936225383,-164.34150182375316,-73.64215123745197,0,0,7.8,-116.34150182375318,20260302-204149,0.0,0.0
32.95301529610893,0.5437616440001762,-170.81613937462907,-60.60194877610427,0,0,7.8,-122.81613937462906,20260302-204149,0.0,0.0
31.18654133883412,0.6937191812802892,-178.12779400704375,-44.955570179388715,0,0,7.7,-130.12779400704375,20260302-204149,0.0,0.0
29.982773677522527,1.1139604758611914,173.83165053023782,-26.9154735084682,0,0,7.7,-138.16834946976218,20260302-204149,0.0,0.0
29.410887223301742,4.080337206528513,165.30214157781495,-7.207955062205279,0,0,7.7,-146.69785842218508,20260302-204149,0.0,0.0
29.507644268418268,2.2732769009637543,156.63424239866475,12.980224387054882,0,0,7.7,-155.36575760133525,20260302-204149,0.0,0.0
30.26663288882278,0.936652912504053,148.21322223087367,32.31360569616743,0,0,7.7,-163.78677776912633,20260302-204149,0.0,0.0
31.64023191646243,0.6364168842051282,140.36349875711358,49.71620442782633,0,0,7.7,-171.63650124288645,20260302-204149,0.0,0.0
33.55304305385422,0.5192738474112688,133.28678127221826,64.61531467668918,0,0,7.7,-178.71321872778174,20260302-204149,0.0,0.0
35.91902467725939,0.46693942285525725,127.0566331702318,76.9243780223578,0,0,7.7,175.0566331702318,20260302-204149,0.0,0.0
38.65505377700115,0.4449636376935175,121.65142754582996,86.8723879941534,0,0,7.7,169.65142754582993,20260302-204149,0.0,0.0
41.68833463195239,0.4396379094674095,116.99604049230703,94.82424907909984,0,0,7.7,164.99604049230703,20260302-204149,0.0,0.0
44.95874241361671,0.4444274354996508,112.99453826075433,101.16104187643482,0,0,7.7,160.99453826075435,20260302-204149,0.0,0.0
48.418250769598686,0.45582148435859615,109.54995208101366,106.22195844438939,0,0,7.7,157.54995208101366,20260302-204149,0.0,0.0
52.029152490762876,0.4717654984396829,106.57391654941682,110.2860481803864,0,0,7.7,154.57391654941685,20260302-204149,0.0,0.0
55.76204464841544,0.49097704060886743,103.99010742519755,113.57362979593537,0,0,7.7,151.99010742519755,20260302-204149,0.0,0.0
55.26977035381423,0.33008103474662664,-49.495935135693315,-167.44303530264875,0,0,7.7,-1.495935135693306,20260302-204149,0.0,0.0
50.48323222328784,0.4296875953281247,-39.314926095837535,-117.48822347253719,0,0,7.6,8.685073904162474,20260302-204149,0.0,0.0
47.5806978975853,0.8681243421615699,-27.46652953559044,-54.80862082396243,0,0,7.6,20.53347046440957,20260302-204149,0.0,0.0
46.91317240494372,3.075867179749741,-14.701825662513926,15.252015013457335,0,0,7.6,33.298174337486074,20260302-204149,0.0,0.0
48.57288887573492,0.5841543886378737,-2.2021278203788484,83.1507728444817,0,0,7.6,45.79787217962114,20260302-204149,0.0,0.0
52.33891648034794,0.37208340864696055,8.984047880059848,140.66447270700007,0,0,7.6,56.98404788005983,20260302-204149,0.0,0.0
57.801000673889774,0.31266024062387004,18.366588546047467,184.86840718396402,0,0,7.6,66.36658854604748,20260302-204149,0.0,0.0
64.52988482426572,0.297246507049197,25.964867933520907,217.09215514376234,0,0,7.6,73.96486793352089,20260302-204149,0.0,0.0
72.17210851795046,0.30052663950500014,32.04373402587731,240.15211642077963,0,0,7.6,80.04373402587733,20260302-204149,0.0,0.0
80.46786511635848,0.31347748686653915,36.915308118620175,256.69423957905184,0,0,7.6,84.91530811862017,20260302-204149,0.0,0.0
89.2350729299076,0.3320781294714556,40.85372590328865,268.7171030261358,0,0,7.6,88.85372590328866,20260302-204149,0.0,0.0
98.34773012729487,0.35426541878578127,44.075289601317394,277.6103026492806,0,0,7.5,92.0752896013174,20260302-204149,0.0,0.0
107.71820021491419,0.378871737994589,46.74363078702015,284.3131049707714,0,0,7.5,94.74363078702017,20260302-204149,0.0,0.0
113.6119879509098,0.8802766610080119,87.19028307406421,129.06395566686024,0,0,7.4,135.1902830740642,20260302-204149,0.0,0.0
117.91973930519482,0.9113162749705915,86.63091858986638,129.39496697675034,0,0,7.4,134.6309185898664,20260302-204149,0.0,0.0
122.23793700238095,0.94252806607515,86.11102783300794,129.69156187719784,0,0,7.4,134.11102783300794,20260302-204149,0.0,0.0
126.56551181319698,0.9738933490103432,85.62665202930646,129.9582874673198,0,0,7.3,133.62665202930648,20260302-204149,0.0,0.0
115.46529969079918,0.3348421573522939,-124.24377502864286,-344.83501302172033,0,0,7.2,-76.24377502864286,20260302-204149,0.0,0.0
104.03922686209098,0.30554488558929865,-122.1656170961012,-340.50390554380414,0,0,7.2,-74.1656170961012,20260302-204149,0.0,0.0
92.7836211615289,0.27738962567347564,-119.57912588830784,-334.48843278208074,0,0,7.2,-71.57912588830784,20260302-204149,0.0,0.0
81.76890803991152,0.25094095341198597,-116.28749346456148,-325.8491965066628,0,0,7.2,-68.28749346456148,20260302-204149,0.0,0.0
71.10712077311116,0.2272090155745375,-111.99076633722771,-312.9590636766963,0,0,7.2,-63.99076633722771,20260302-204149,0.0,0.0
60.983647510238676,0.20819713829198302,-106.22524456812343,-292.91299587755645,0,0,7.2,-58.22524456812343,20260302-204149,0.0,0.0
51.715589903559824,0.19852026038521145,-98.28584295357619,-260.50534994871646,0,0,7.2,-50.28584295357619,20260302-204149,0.0,0.0
43.848757689383085,0.21171825246326084,-87.21039835043806,-207.10901010762922,0,0,7.2,-39.210398350438055,20260302-204149,0.0,0.0
38.25753780812613,0.3120261748948006,-72.15944788908297,-122.61002725500394,0,0,7.2,-24.159447889082976,20260302-204149,0.0,0.0
36.01776205967111,4.323648442462717,-53.729970958062225,-8.330409499981378,0,0,7.2,-5.729970958062226,20260302-204149,0.0,0.0
37.73106816461576,0.34801944201289564,-35.03388445205849,108.41655266839277,0,0,6.9,12.966115547941524,20260302-204149,0.0,0.0
42.92670686539551,0.2172642374004053,-19.431681311307386,197.57833769155528,0,0,6.9,28.568318688692603,20260302-204149,0.0,0.0
50.54191484482183,0.19845127630395842,-7.848847318839461,254.68173239364393,0,0,6.8,40.15115268116054,20260302-204149,0.0,0.0
59.65720816853369,0.20616463628504858,0.4580694592574446,289.3668344072845,0,0,6.8,48.458069459257445,20260302-204149,0.0,0.0
65.73215211007962,1.1331739272945922,-13.443872915907889,-58.007116583605594,0,0,6.7,34.55612708409212,20260302-204149,0.0,0.0
64.65522478050563,10.461225351907764,-4.106676599110102,-6.180463818104709,0,0,6.7,43.8933234008899,20260302-204149,0.0,0.0
65.32561455790778,1.4159961822036482,5.289152279238351,46.13403297192836,0,0,6.7,53.289152279238365,20260302-204149,0.0,0.0
67.69142707074886,0.7129424699252386,14.25998274309552,94.94654888191357,0,0,6.7,62.259982743095534,20260302-204149,0.0,0.0
71.5847625960738,0.5207489390316319,22.440793567637087,137.4650186118296,0,0,6.7,70.44079356763709,20260302-204149,0.0,0.0
76.77358092829552,0.44471865088602136,29.648342475624275,172.63404801066486,0,0,6.7,77.64834247562428,20260302-204149,0.0,0.0
83.01531651885928,0.41348262509380934,35.85924648893146,200.77099128415634,0,0,6.7,83.85924648893146,20260302-204149,0.0,0.0
90.09138904720471,0.40419802834526425,41.14917291354692,222.88923430930006,0,0,6.7,89.14917291354692,20260302-204149,0.0,0.0
92.89199556691634,0.9193736899300791,-39.893090579192574,-101.03834445597528,0,0,6.7,8.106909420807419,20260302-204149,0.0,0.0
89.56301125113188,0.9078196742821162,-38.20303382455279,-98.6572705884088,0,0,6.7,9.796966175447205,20260302-204149,0.0,0.0
86.3179232583935,0.8991547569924385,-36.38421868251842,-95.99896189963593,0,0,6.7,11.615781317481584,20260302-204149,0.0,0.0
82.16745164017705,0.35669832388475653,-154.56353561243492,-230.3555866069167,0,0,6.7,-106.56353561243492,20260302-204149,0.0,0.0
74.83309275258871,0.35857804816414507,-149.06638058036603,-208.69401553084649,0,0,6.7,-101.06638058036603,20260302-204149,0.0,0.0
68.3315029315919,0.3794024493020183,-142.45159878052982,-180.10295678718066,0,0,6.7,-94.4515987805298,20260302-204149,0.0,0.0
62.92136103866997,0.440085906887821,-134.57726298191267,-142.9751783774089,0,0,6.7,-86.57726298191268,20260302-204149,0.0,0.0
58.90417571890005,0.6102527697455844,-125.43263154799146,-96.52422510668377,0,0,6.7,-77.43263154799146,20260302-204149,0.0,0.0
56.57744267270613,1.3476976560640515,-115.25227092579512,-41.98081254955985,0,0,6.7,-67.25227092579512,20260302-204149,0.0,0.0
56.15169616084218,3.370959373130002,-104.56715844684749,16.657482320442274,0,0,6.7,-56.56715844684748,20260302-204149,0.0,0.0
57.66905412950367,0.7832855426050216,-94.08661269924495,73.62456089475378,0,0,6.7,-46.08661269924495,20260302-204149,0.0,0.0
60.984649599219686,0.4921842968873141,-84.44491970742655,123.906126190739,0,0,6.7,-36.44491970742655,20260302-204149,0.0,0.0
61.30688289369373,1.3469907863365653,-8.759800497409344,-45.513958607267945,0,0,6.6,39.24019950259067,20260302-204149,0.0,0.0
59.92355965535906,1.6025441285615323,-4.930125879617947,-37.392767280079426,0,0,6.6,43.06987412038207,20260302-204149,0.0,0.0
58.81983390577395,2.0458754646880326,-0.9382659264694553,-28.75044689718841,0,0,6.6,47.061734073530545,20260302-204149,0.0,0.0
58.011666645093506,2.9482232159537856,3.185377901170341,-19.67682308828371,0,0,6.6,51.18537790117035,20260302-204149,0.0,0.0
57.511519024324464,5.588308163656123,7.402997355427203,-10.291400785367182,0,0,6.6,55.402997355427196,20260302-204149,0.0,0.0
57.32745346981824,77.7617788637082,11.671047596670576,-0.7372189050651108,0,0,6.6,59.67104759667059,20260302-204149,0.0,0.0
57.46250751131799,6.508230328383594,15.9427449442924,8.829206191537718,0,0,6.6,63.9427449442924,20260302-204149,0.0,0.0
57.91444867170486,3.1733318528830097,20.171067082966374,18.250359986488302,0,0,6.6,68.17106708296637,20260302-204149,0.0,0.0
58.67595510694273,2.142991658311612,24.31179126683179,27.380393609731293,0,0,6.6,72.31179126683178,20260302-204149,0.0,0.0
57.50632454300971,0.5262741181937562,-102.91812240786504,-109.27066818406189,0,0,6.6,-54.91812240786504,20260302-204149,0.0,0.0
54.03877874461827,0.5489203967901942,-98.30829241408338,-98.44556525975244,0,0,6.6,-50.30829241408339,20260302-204149,0.0,0.0
50.967247128437535,0.5963405067512944,-93.10548558173963,-85.4666864843605,0,0,6.6,-45.105485581739636,20260302-204149,0.0,0.0
48.36723454333739,0.6896529876484901,-87.2906056371389,-70.13271226193793,0,0,6.6,-39.290605637138896,20260302-204149,0.0,0.0
46.318213488505414,0.8835078035865035,-80.88974931877442,-52.425358667440946,0,0,6.6,-32.88974931877443,20260302-204149,0.0,0.0
44.89568854623893,1.3764412798558656,-73.9916309655205,-32.61722036623327,0,0,6.6,-25.9916309655205,20260302-204149,0.0,0.0
44.16024484978071,3.896387841522312,-66.75466244532689,-11.33363685698377,0,0,6.6,-18.754662445326883,20260302-204149,0.0,0.0
44.14623456447727,4.205811957826,-59.394160071955554,10.496483201616229,0,0,6.6,-11.394160071955548,20260302-204149,0.0,0.0
44.85433371624954,1.4096352795938192,-52.14817225337946,31.819814930550077,0,0,6.8,-4.148172253379459,20260302-204149,0.0,0.0
46.25138815120129,0.8946348524210855,-45.23363850571769,51.69862098043074,0,0,6.8,2.7663614942823127,20260302-204149,0.0,0.0
48.277624056855316,0.694701184035265,-38.81154707876982,69.49408632993578,0,0,6.8,9.188452921230196,20260302-204149,0.0,0.0
50.85789505194445,0.5988872203491936,-32.9732668981066,84.92065504802507,0,0,6.8,15.02673310189339,20260302-204149,0.0,0.0
53.912711112795165,0.5502008867360285,-27.747016120452685,97.98732138114678,0,0,6.8,20.252983879547312,20260302-204149,0.0,0.0
57.36631220347346,0.5268263491704469,-23.11508120606993,108.89036262860391,0,0,6.8,24.884918793930076,20260302-204149,0.0,0.0
61.15116971897298,0.5186128308492336,-19.032420690656238,117.91295178493239,0,0,6.8,28.967579309343762,20260302-204149,0.0,0.0
65.20962939665013,0.520197235766587,-15.44150471257899,125.35558613754293,0,0,6.8,32.558495287421024,20260302-204149,0.0,0.0
69.49377238268079,0.5284791994432745,-12.282139154746744,131.497649209068,0,0,6.8,35.71786084525324,20260302-204149,0.0,0.0
73.9643931887554,0.5415416183352734,-9.497045213829267,136.58117988443016,0,0,6.8,38.50295478617074,20260302-204149,0.0,0.0
78.58967454738143,0.5581353257935638,-7.034507337454386,140.80756210089666,0,0,6.8,40.96549266254562,20260302-204149,0.0,0.0
83.34387114253471,0.5774115051475623,-4.849245250759367,144.3405100167436,0,0,6.8,43.15075474924064,20260302-204149,0.0,0.0
88.20614034442895,0.5987732001618516,-2.902323553167548,147.3114366517846,0,0,6.7,45.09767644683244,20260302-204149,0.0,0.0
93.15956181614602,0.6217883511372566,-1.1606048068389612,149.82519638033799,0,0,6.7,46.83939519316104,20260302-204149,0.0,0.0
98.19034141385363,0.646136536324077,0.40396577563214464,151.96531366646812,0,0,6.8,48.40396577563214,20260302-204149,0.0,0.0
103.28717617419655,0.6715751027191941,1.8150928523118637,153.7983998453618,0,0,6.8,49.815092852311864,20260302-204149,0.0,0.0
105.11818991332576,0.36761903950768476,-155.61157857820754,-285.94326902681644,0,0,6.8,-107.61157857820754,20260302-204149,0.0,0.0
95.7074792702082,0.3438469795572223,-152.73337878425883,-278.3432310310021,0,0,6.8,-104.73337878425882,20260302-204149,0.0,0.0
86.59039582309549,0.3228898790356992,-149.2386317900017,-268.1731495632352,0,0,6.8,-101.23863179000172,20260302-204149,0.0,0.0
77.87014211033062,0.3062054636795325,-144.941996893329,-254.30683428897825,0,0,6.7,-96.94199689332899,20260302-204149,0.0,0.0
69.69583013857812,0.29646795725193,-139.60110991650077,-235.08722758646257,0,0,6.7,-91.60110991650077,20260302-204149,0.0,0.0
62.28278869854572,0.2991716116569597,-132.91809566968138,-208.18415341480085,0,0,6.7,-84.91809566968138,20260302-204149,0.0,0.0
55.93451635948566,0.32767875383695205,-124.5803631179662,-170.69924645562412,0,0,6.6,-76.5803631179662,20260302-204149,0.0,0.0
51.049797214202094,0.42515858392942274,-114.39022503896075,-120.07236627421939,0,0,6.6,-66.39022503896075,20260302-204149,0.0,0.0
48.0768217937964,0.8524801959473247,-102.5121081242045,-56.39640899853478,0,0,6.6,-54.512108124204495,20260302-204149,0.0,0.0
47.37686265376243,3.1750023962427973,-89.69805670650817,14.921835243282585,0,0,6.6,-41.698056706508176,20260302-204149,0.0,0.0
48.392121869641386,0.167110727671496,164.2613200689338,-289.5811809566766,0,0,6.6,-147.7386799310662,20260302-204149,0.0,0.0
39.06071530496015,0.14574866111848797,156.9073698994289,-268.0005085824103,0,0,6.6,-155.09263010057109,20260302-204149,0.0,0.0
30.75752347101349,0.13664693875581527,145.2893767664974,-225.0875413021614,0,0,6.6,-166.71062323350262,20260302-204149,0.0,0.0
65.2394484096444,0.29597563666824545,-48.871855507722984,220.42168451442606,0,0,6.5,-0.8718555077229925,20260302-204149,0.0,0.0
66.7516644499418,0.32499834154201135,-133.26977100434686,-205.39078486747619,0,0,6.5,-85.26977100434688,20260302-204149,0.0,0.0
60.43280031059271,0.35117705780246716,-125.69399722962416,-172.08641330033987,0,0,6.5,-77.69399722962416,20260302-204149,0.0,0.0
55.40002581243278,0.4329380036892842,-116.55377902578687,-127.96295391104748,0,0,6.5,-68.55377902578687,20260302-204149,0.0,0.0
52.0279081527631,0.7163700762481184,-105.92104583436246,-72.62713767338178,0,0,6.5,-57.92104583436246,20260302-204149,0.0,0.0
50.649229545792494,5.480039837534726,-94.27764897764871,-9.242492946653062,0,0,6.5,-46.2776489776487,20260302-204149,0.0,0.0
51.42457136922288,0.9303750117207407,-82.49569972513248,55.27294985504014,0,0,6.5,-34.49569972513248,20260302-204149,0.0,0.0
54.26167604792638,0.47852706424517866,-71.50825103785718,113.39311838823144,0,0,6.5,-23.50825103785717,20260302-204149,0.0,0.0
58.863174350758634,0.3661335599042255,-61.92337991918684,160.76967750827393,0,0,6.5,-13.92337991918684,20260302-204149,0.0,0.0
64.85459090813389,0.3292736947709013,-53.9153419258968,196.96256317486205,0,0,6.5,-5.9153419258967945,20260302-204149,0.0,0.0
71.88924460008525,0.32130827648907984,-47.36540161556891,223.73916223265576,0,0,6.5,0.6345983844310886,20260302-204149,0.0,0.0
78.9053752282853,0.6387721844985476,-41.552126434116815,-123.52662990519542,0,0,6.5,6.447873565883187,20260302-204149,0.0,0.0
69.17994388281313,0.2219772908661098,-69.0219028818079,-311.65324891067553,0,0,6.5,-21.021902881807907,20260302-204149,0.0,0.0
58.8174694754118,0.1897595013151878,-67.31930066290394,-309.95796820585457,0,0,6.5,-19.31930066290395,20260302-204149,0.0,0.0
48.52908603248209,0.15804016126827816,-64.89181146845209,-307.0680619599118,0,0,6.5,-16.891811468452087,20260302-204149,0.0,0.0
38.37443240753308,0.1272494561986254,-61.16963239417723,-301.56853753177467,0,0,6.5,-13.169632394177235,20260302-204149,0.0,0.0
28.49683017193015,0.0985125245008604,-54.8223771614324,-289.2711390385825,0,0,6.5,-6.822377161432398,20260302-204149,0.0,0.0
19.325863315530267,0.07600354578946644,-42.141427445238946,-254.27581193466762,0,0,6.5,5.85857255476106,20260302-204149,0.0,0.0
12.524218607502643,0.09896976158596704,-12.175403086920028,-126.54591065801311,0,0,6.5,35.824596913079986,20260302-204149,0.0,0.0
12.734618422304576,0.09297049489127204,37.113930187101744,136.97483741694148,0,0,6.5,85.11393018710173,20260302-204149,0.0,0.0
412.310562561766,1.923076923076923,104.03624346792651,-214.40149253211834,0,0,2.4,104.03624346792648,20260302-204149,0.0,0.0
342.2994806371234,1.619517892139585,106.9862284359728,211.35887556321043,0,0,2.4,106.98622843597282,20260302-204149,0.0,0.0
349.35140538495676,1.6498093227148838,106.63326667022375,211.7525950272078,0,0,2.4,106.63326667022372,20260302-204149,0.0,0.0
356.4160630499136,1.680231759917782,106.29428483890172,212.12315559810267,0,0,2.4,106.2942848389017,20260302-204149,0.0,0.0
363.49271122143716,1.7107769189911166,105.96849088813906,212.47230260494567,0,0,2.4,105.96849088813906,20260302-204149,0.0,0.0
370.5806629841576,1.7414371993183437,105.65514979408317,212.80162335409807,0,0,2.4,105.65514979408319,20260302-204149,0.0,0.0
369.5857681242609,1.737129761750335,105.69837779177044,-212.75656906129203,0,0,2.4,105.69837779177041,20260302-204149,0.0,0.0
362.4993624515465,1.7064851950243698,106.01342334460128,-212.42455751066143,0,0,2.4,106.01342334460125,20260302-204149,0.0,0.0
355.4243535706452,1.6759567771295678,106.34102160610041,-212.07250593859882,0,0,2.4,106.34102160610044,20260302-204149,0.0,0.0
348.3614358679788,1.645552200272008,106.68191529378396,-211.69880591475314,0,0,2.4,106.68191529378394,20260302-204149,0.0,0.0
341.3113599698146,1.6152798512349067,107.03690488138864,-211.30168850238348,0,0,2.4,107.03690488138864,20260302-204149,0.0,0.0
334.27493840317186,1.585148891586345,107.40685409485707,-210.87920521374159,0,0,2.4,107.40685409485707,20260302-204149,0.0,0.0
327.25305193382064,1.5551693492643424,107.7926960157306,-210.42920636818394,0,0,2.4,107.79269601573057,20260302-204149,0.0,0.0
320.24665667436875,1.5253522234677042,108.19543986620647,-209.94931645775992,0,0,2.4,108.19543986620648,20260302-204149,0.0,0.0
313.25679206966555,1.495709605163905,108.61617855953637,-209.4369060599419,0,0,2.4,108.6161785595364,20260302-204149,0.0,0.0
306.2845898833304,1.466254815995748,109.05609710994605,-208.88905976095944,0,0,2.4,109.05609710994605,20260302-204149,0.0,0.0
299.3312843285474,1.4370025689496382,109.51648200789816,-208.302539464032,0,0,2.4,109.51648200789813,20260302-204149,0.0,0.0
292.39822350881514,1.4079691548695548,109.99873167930843,-207.67374235261937,0,0,2.4,109.99873167930842,20260302-204149,0.0,0.0
285.4868823606435,1.3791726598009315,110.50436816122476,-206.99865265734778,0,0,2.4,110.50436816122476,20260302-204149,0.0,0.0
278.59887732086133,1.3506332192782642,111.03505014135055,-206.2727862341012,0,0,2.4,111.03505014135057,20260302-204149,0.0,0.0
271.73598297694093,1.3223733170962715,111.59258752436597,-205.4911267974095,0,0,2.4,111.59258752436595,20260302-204149,0.0,0.0
264.9001510003343,1.2944181379158954,112.17895770378789,-204.6480524653666,0,0,2.4,112.17895770378789,20260302-204149,0.0,0.0
258.0935317111047,1.2667959853726165,112.79632373332856,-203.73725105798215,0,0,2.4,112.79632373332855,20260302-204149,0.0,0.0
251.31849867802742,1.2395387803368136,113.44705460512927,-202.7516223491918,0,0,2.4,113.44705460512925,20260302-204149,0.0,0.0
244.57767682272208,1.2126826578439474,114.13374785200176,-201.68316520462295,0,0,2.4,114.13374785200179,20260302-204149,0.0,0.0
237.8739745701023,1.1862686862686855,114.8592546941336,-200.52284724661837,0,0,2.4,114.8592546941336,20260302-204149,0.0,0.0
231.21062067109074,1.1603437389814102,115.6267079435695,-199.26045438402193,0,0,2.4,115.62670794356947,20260302-204149,0.0,0.0
224.59120641734816,1.1349615575871161,116.43955285634388,-197.8844172438935,0,0,2.4,116.43955285634385,20260302-204149,0.0,0.0
218.01973407112564,1.1101840577408362,117.30158107410267,-196.38161127514647,0,0,2.4,117.30158107410267,20260302-204149,0.0,0.0
211.5006724444259,1.086082944659227,118.21696771270149,-194.73712710845214,0,0,2.4,118.21696771270149,20260302-204149,0.0,0.0
205.03902067655292,1.0627417275461961,119.19031151823913,-192.93400772921106,0,0,2.3,119.19031151823913,20260302-204149,0.0,0.0
198.64038137073493,1.0402582527849564,120.22667779867555,-190.95294926902938,0,0,2.3,120.22667779867557,20260302-204149,0.0,0.0
192.3110443468541,1.018747918747918,121.33164352077893,-188.77196292406865,0,0,2.2,121.3316435207789,20260302-204149,0.0,0.0
186.0580823291477,0.9983477962445454,122.51134349626841,-186.36599692916312,0,0,2.2,122.51134349626841,20260302-204149,0.0,0.0
179.8894598851686,0.9792219669170178,123.77251591322585,-183.70652003603692,0,0,2.2,123.77251591322586,20260302-204149,0.0,0.0
173.81415682018257,0.9615685213575008,125.12254452939499,-180.76107210206848,0,0,2.2,125.12254452939499,20260302-204149,0.0,0.0
167.84230694315397,0.9456288518603053,126.56949354693086,-177.4927939359752,0,0,2.4,126.56949354693083,20260302-204149,0.0,0.0
161.9853525614102,0.9317001683467806,128.1221294336467,-173.8599584551314,0,0,2.4,128.12212943364668,20260302-204149,0.0,0.0
156.25621409865389,0.9201526217628379,129.7899216390564,-169.81553973002502,0,0,2.4,129.78992163905642,20260302-204149,0.0,0.0
150.66947268773433,0.9114531431301616,131.58301118606835,-165.30687707137318,0,0,2.4,131.58301118606835,20260302-204149,0.0,0.0
145.24156123889276,0.9061992859461213,133.51213247117232,-160.27551940437988,0,0,2.4,133.51213247117232,20260302-204149,0.0,0.0
139.99095605708857,0.9051683373901815,135.58846938113868,-154.65737175553028,0,0,2.4,135.5884693811387,20260302-204149,0.0,0.0
134.93835629649539,0.9093903888605882,137.8234223916147,-148.38331034657742,0,0,2.4,137.82342239161474,20260302-204149,0.0,0.0
130.10683217178763,0.9202602096875233,140.22825944443764,-141.3804821746729,0,0,2.4,140.22825944443767,20260302-204149,0.0,0.0
125.5219148639434,0.9397142985895199,142.8136215560031,-133.57455032061088,0,0,2.4,142.81362155600314,20260302-204149,0.0,0.0
121.21159185490448,0.970522178551378,145.58885661606143,-124.89317043308323,0,0,2.4,145.58885661606143,20260302-204149,0.0,0.0
117.2061621436535,1.0167883007577698,148.56116497339798,-115.27095862167636,0,0,2.4,148.56116497339798,20260302-204149,0.0,0.0
113.53789871423727,1.0848665490327043,151.73456206302774,-104.65609693235604,0,0,2.4,151.73456206302774,20260302-204149,0.0,0.0
110.24046444024064,1.185145888594172,155.10869987513433,-93.01847603842985,0,0,2.4,155.10869987513436,20260302-204149,0.0,0.0
107.34803729510418,1.3358580218529092,158.67764105203923,-80.35886713934352,0,0,2.4,158.67764105203923,20260302-204149,0.0,0.0
104.89412651706363,1.5721997300944857,162.4287412216778,-66.718066737462,0,0,2.4,162.4287412216778,20260302-204149,0.0,0.0
98.16645588603313,0.37820459423957964,176.66291676324545,-259.55913117186526,0,0,2.4,176.66291676324542,20260302-204149,0.0,0.0
89.51590643940847,0.34499558721307116,176.34001110857065,-259.4697142723827,0,0,2.4,176.34001110857065,20260302-204149,0.0,0.0
80.8688084018529,0.3118132949301779,175.94803571293266,-259.35009737144554,0,0,2.4,175.94803571293266,20260302-204149,0.0,0.0
72.22640141405691,0.2786673643816499,175.46222749209335,-259.1850020698476,0,0,2.4,175.46222749209338,20260302-204149,0.0,0.0
63.59059814418788,0.24557272301633176,174.84441568259382,-258.9481330137745,0,0,2.6,174.84441568259382,20260302-204149,0.0,0.0
54.964511329301594,0.2125537644701404,174.03256543337,-258.5910979573501,0,0,2.6,174.03256543336997,20260302-204149,0.0,0.0
46.35356578759048,0.17965326598866924,172.91878775534133,-258.0168277626192,0,0,2.6,172.91878775534136,20260302-204149,0.0,0.0
37.76811934690761,0.1469537265455627,171.29777621005326,-257.00688396763917,0,0,2.6,171.29777621005326,20260302-204149,0.0,0.0
29.230648966491632,0.31245182503497715,168.72667824273083,-93.55249873550726,0,0,2.7,168.7266782427308,20260302-204149,0.0,0.0
20.800313969374862,0.08320251177394745,15.94539590092117,-249.99622638661614,0,0,2.7,15.945395900921179,20260302-204149,0.0,0.0
12.692419220502435,0.05467109920891997,26.757318171872242,-232.1595761592366,0,0,2.7,26.75731817187225,20260302-204149,0.0,0.0
6.305883945618652,0.05735217163785739,64.98310652188326,-109.95022098616094,0,0,2.7,64.98310652188326,20260302-204149,0.0,0.0
8.285714285712812,0.04400837257980009,136.39718102728716,188.2758620689366,0,0,2.7,136.39718102728713,20260302-204149,0.0,0.0
11.932624478307302,0.11585105985835016,174.16157978170736,-102.99970058881803,0,0,2.7,174.16157978170736,20260302-204149,0.0,0.0
8.517318800093223,0.08374788582381144,177.88903246610766,-101.70189630830721,0,0,2.7,177.8890324661077,20260302-204149,0.0,0.0
5.185608014757376,0.05341801097095471,-173.50746410745373,-97.07602212251926,0,0,2.7,-173.50746410745373,20260302-204149,0.0,0.0
2.3291543017116725,0.03859288123105626,-140.3428553923367,-60.351915364053404,0,0,2.7,-140.3428553923367,20260302-204149,0.0,0.0
2.8544714708365273,0.03665974301017139,-56.72748285348676,77.86392474285874,0,0,2.7,-56.72748285348676,20260302-204149,0.0,0.0
5.921120952372862,0.05992188499542841,-33.71547607410929,98.8139968030812,0,0,2.9,-33.71547607410928,20260302-204149,0.0,0.0
9.282238826145864,0.0908938068964479,-26.810858636649584,102.12179622667571,0,0,2.9,-26.810858636649577,20260302-204149,0.0,0.0
12.706252801544688,0.12317305725790915,-23.59940378412361,103.15772851963368,0,0,2.9,-23.59940378412362,20260302-204149,0.0,0.0
16.15321581686099,0.15590935507788697,-21.754629742934128,103.6064565130899,0,0,2.9,-21.754629742934114,20260302-204149,0.0,0.0
19.611030583158705,0.1888584021091255,-20.559495449849265,103.83986290335724,0,0,3.1,-20.55949544984926,20260302-204149,0.0,0.0
23.07481913643651,0.22192367807347474,-19.722888753339873,103.97637303396203,0,0,3.1,-19.722888753339866,20260302-204149,0.0,0.0
26.54224282465782,0.2550593789200062,-19.104762588271,104.06299480946441,0,0,3.1,-19.104762588270997,20260302-204149,0.0,0.0
30.01204172469968,0.28824097370037477,-18.629518802245002,104.121358387781,0,0,3.0,-18.629518802245013,20260302-204149,0.0,0.0
33.48347743507688,0.32145413932287253,-18.252796216004725,104.16253312403502,0,0,3.0,-18.25279621600473,20260302-204149,0.0,0.0
36.956088701913,0.3546899512313705,-17.94686053298568,104.19265776663038,0,0,3.0,-17.94686053298568,20260302-204149,0.0,0.0
40.429572610654624,0.38794255897025204,-17.693487207767134,104.21535785599336,0,0,3.0,-17.69348720776713,20260302-204149,0.0,0.0
43.903722042156055,0.4212079675195585,-17.480209659736488,104.23288595583703,0,0,3.0,-17.4802096597365,20260302-204149,0.0,0.0
47.3783905928407,0.454483355779707,-17.29821287610568,104.2467012055014,0,0,3.0,-17.298212876105673,20260302-204149,0.0,0.0
50.85347185314711,0.48776667488994935,-17.14108824944293,104.2577824010235,0,0,3.0,-17.141088249442923,20260302-204149,0.0,0.0
54.32888662772363,0.5210564009152905,-17.004065200359122,104.26680592022133,0,0,3.2,-17.004065200359125,20260302-204149,0.0,0.0
57.80457476044125,0.55435137685601,-16.88351944256587,104.27425126691026,0,0,3.2,-16.88351944256588,20260302-204149,0.0,0.0
61.280489738586525,0.587650708479117,-16.77664830294981,104.28046602238413,0,0,3.2,-16.776648302949813,20260302-204149,0.0,0.0
64.75659503328404,0.6209536937298576,-16.681250451215277,104.28570711016019,0,0,3.2,-16.681250451215288,20260302-204149,0.0,0.0
68.23286155765899,0.6542597737380894,-16.595572869791255,104.2901677537242,0,0,3.1,-16.595572869791244,20260302-204149,0.0,0.0
71.70926586381108,0.6875684980859385,-16.518202281829474,104.29399552689836,0,0,3.0,-16.518202281829467,20260302-204149,0.0,0.0
75.18578883968031,0.7208794997177139,-16.447986667742327,104.29730470782147,0,0,3.0,-16.447986667742324,20260302-204149,0.0,0.0
78.66241475127386,0.7541924765072056,-16.383977573420367,104.3001849018343,0,0,3.0,-16.38397757342036,20260302-204149,0.0,0.0
82.13913052800125,0.7875071775087611,-16.32538705686312,104.30270716750063,0,0,3.0,-16.325387056863132,20260302-204149,0.0,0.0
85.61592522205667,0.8208233925600532,-16.271555116405978,104.30492843902816,0,0,3.0,-16.27155511640598,20260302-204149,0.0,0.0
89.09278959433107,0.8541409443204937,-16.22192473995989,104.30689476572073,0,0,3.0,-16.22192473995988,20260302-204149,0.0,0.0
92.56971579360533,0.8874596821046504,-16.176022573303214,104.30864371671747,0,0,3.0,-16.176022573303225,20260302-204149,0.0,0.0
96.04669710539844,0.9207794770556141,-16.13344378467164,104.31020618805269,0,0,3.0,-16.13344378467165,20260302-204149,0.0,0.0
99.52372775344388,0.9541002183305,-16.093840100178454,104.31160777595473,0,0,3.0,-16.093840100178454,20260302-204149,0.0,0.0
103.00080274136339,0.9874218100588305,-16.056910261303244,104.31286983141138,0,0,3.0,-16.056910261303237,20260302-204149,0.0,0.0
106.47791772535307,1.0207441688970678,-16.02239235114351,104.3140102778195,0,0,3.0,-16.0223923511435,20260302-204149,0.0,0.0
109.95506891101945,1.0540672220472933,-15.990057576000567,104.31504425064652,0,0,3.0,-15.990057576000572,20260302-204149,0.0,0.0
113.43225296918504,1.0873909056404032,-15.959705190188828,104.31598460204222,0,0,3.0,-15.95970519018884,20260302-204149,0.0,0.0
116.90946696671537,1.1207151634079142,-15.931158326174199,104.3168423020284,0,0,3.0,-15.931158326174193,20260302-204149,0.0,0.0
120.38670830933127,1.1540399455840062,-15.904260547085215,104.31762675979914,0,0,3.0,-15.904260547085205,20260302-204149,0.0,0.0
123.86397469405169,1.18736520799255,-15.878872979707012,104.31834608280762,0,0,3.0,-15.87887297970701,20260302-204149,0.0,0.0
127.34126406942693,1.2206909112837505,-15.854871917047944,104.31900728703498,0,0,3.0,-15.854871917047934,20260302-204149,0.0,0.0
130.81857460211273,1.2540170202925607,-15.83214680314208,104.31961646867673,0,0,3.0,-15.83214680314207,20260302-204149,0.0,0.0
134.2959046486367,1.2873435034967942,-15.810598530833914,104.32017894513044,0,0,3.0,-15.810598530833909,20260302-204149,0.0,0.0
137.7732527314394,1.3206703325573113,-15.790137997268317,104.32069937140098,0,0,3.0,-15.79013799726832,20260302-204149,0.0,0.0
141.25061751845408,1.353997481926143,-15.770684872691248,104.3211818367022,0,0,3.0,-15.770684872691245,20260302-204149,0.0,0.0
144.72799780562954,1.387324928511113,-15.752166546696401,104.32162994501414,0,0,3.0,-15.752166546696415,20260302-204149,0.0,0.0
148.20539250191334,1.4206526513876845,-15.734517222782841,104.32204688256996,0,0,3.0,-15.734517222782847,20260302-204149,0.0,0.0
151.68280061630006,1.453980631550448,-15.71767713742949,104.32243547464147,0,0,3.0,-15.71767713742949,20260302-204149,0.0,0.0
155.16022124662126,1.487308851698037,-15.701591884158006,104.32279823351908,0,0,3.0,-15.70159188415801,20260302-204149,0.0,0.0
158.63765356980937,1.5206372960463284,-15.6862118264782,104.32313739921335,0,0,3.0,-15.68621182647821,20260302-204149,0.0,0.0
162.11509683341467,1.5539659501656944,-15.671491586373548,104.32345497411244,0,0,3.0,-15.671491586373554,20260302-204149,0.0,0.0
165.59255034819094,1.587294800838761,-15.65738959722512,104.32375275260036,0,0,3.0,-15.657389597225105,20260302-204149,0.0,0.0
168.6092471230861,2.7558198531571683,124.49022327374581,61.182971350584175,0,0,3.0,124.49022327374583,20260302-204149,0.0,0.0
170.65772977947293,2.7649090142462605,125.08029869925076,61.722728994030135,0,0,3.0,125.08029869925079,20260302-204149,0.0,0.0
172.7238827035873,2.774978892595686,125.65631684383499,62.2433140534713,0,0,3.0,125.656316843835,20260302-204149,0.0,0.0
174.8070793291017,2.785971160456097,126.21866175321628,62.745473395526346,0,0,3.0,126.21866175321627,20260302-204149,0.0,0.0
182.97995123358302,1.753941610243342,-15.5949197541959,104.32499586357174,0,0,2.8,-15.5949197541959,20260302-204149,0.0,0.0
186.45745459215138,1.7872714165855488,-15.583823883918342,104.32520369422384,0,0,2.8,-15.583823883918352,20260302-204149,0.0,0.0
189.93496468755336,1.82060135209182,-15.5731343207581,104.32540021423328,0,0,2.8,-15.573134320758102,20260302-204149,0.0,0.0
193.41248115640897,1.853931409794448,-15.562829149525982,104.3255862296725,0,0,2.8,-15.562829149525985,20260302-204149,0.0,0.0
196.89000366101004,1.8872615832180324,-15.55288800321614,104.3257624760667,0,0,2.8,-15.552888003216143,20260302-204149,0.0,0.0
200.36753188709244,1.9205918663367565,-15.543291928669731,104.32592962567509,0,0,2.8,-15.54329192866974,20260302-204149,0.0,0.0
203.84506554183656,1.9539222535360323,-15.534023265987344,104.32608829391043,0,0,2.8,-15.534023265987335,20260302-204149,0.0,0.0
207.32260435206877,1.9872527395780113,-15.5250655400759,104.32623904501108,0,0,2.8,-15.525065540075888,20260302-204149,0.0,0.0
210.80014806264114,2.020583319570506,-15.51640336292931,104.3263823970638,0,0,2.8,-15.516403362929319,20260302-204149,0.0,0.0
214.27769643496865,2.0539139889389375,-15.508022345423399,104.3265188264605,0,0,2.8,-15.508022345423402,20260302-204149,0.0,0.0
217.7552492457068,2.087244743400974,-15.499909017561578,104.32664877186112,0,0,2.8,-15.499909017561565,20260302-204149,0.0,0.0
221.23280628555383,2.1205755789435607,-15.49205075624181,104.32677263772354,0,0,2.8,-15.492050756241799,20260302-204149,0.0,0.0
224.7103673581641,2.153906491802079,-15.484435719730072,104.32689079745461,0,0,2.8,-15.484435719730069,20260302-204149,0.0,0.0
228.18793227916086,2.1872374784414186,-15.477052788124837,104.32700359622724,0,0,2.8,-15.477052788124826,20260302-204149,0.0,0.0
231.66550087523802,2.2205685355387437,-15.469891509183185,104.3271113535041,0,0,2.7,-15.469891509183185,20260302-204149,0.0,0.0
228.53938391445718,1.150053395867047,115.94838851686143,-198.72067221901207,0,0,2.7,115.94838851686141,20260302-204149,0.0,0.0
221.93877033492242,1.1249067719022565,116.7805635710186,-197.2952567079103,0,0,2.7,116.78056357101859,20260302-204149,0.0,0.0
215.3878388189797,1.1003924256835598,117.66355500085655,-195.7372967968055,0,0,2.7,117.66355500085656,20260302-204149,0.0,0.0
208.89126357988187,1.076586547713622,118.60170352948376,-194.03109208777528,0,0,2.6,118.60170352948377,20260302-204149,0.0,0.0
202.4542774170112,1.053578082216818,119.59979049143823,-192.1587785795906,0,0,2.6,119.59979049143824,20260302-204149,0.0,0.0
196.08274897207082,1.031471512289924,120.66308173207551,-190.10001404377735,0,0,2.6,120.66308173207554,20260302-204149,0.0,0.0
189.78327112788344,1.010390408249711,121.79737330491707,-187.83162387363024,0,0,2.6,121.79737330491709,20260302-204149,0.0,0.0
183.5632618775087,0.9904819948434429,123.00903764973759,-185.3272071912049,0,0,2.6,123.00903764973756,20260302-204149,0.0,0.0
177.43107895117336,0.9719230957896339,124.30506816627775,-182.55670610134067,0,0,2.6,124.30506816627776,20260302-204149,0.0,0.0
171.39614931497073,0.9549279658813107,125.69311902622394,-179.485945996762,0,0,2.5,125.69311902622397,20260302-204149,0.0,0.0
165.46911427144806,0.9397587489726985,127.18153559740142,-176.07616258144057,0,0,2.5,127.1815355974014,20260302-204149,0.0,0.0
159.66199018899545,0.9267396497554964,128.77936888553393,-172.2835428818864,0,0,2.4,128.7793688855339,20260302-204149,0.0,0.0
153.98834371471037,0.916276454745334,130.4963648287121,-168.05882429611185,0,0,2.4,130.49636482871207,20260302-204149,0.0,0.0
148.4634784869472,0.9088839162172012,132.34291603639923,-163.3470191714428,0,0,2.4,132.34291603639923,20260302-204149,0.0,0.0
143.10462761365983,0.9052249600088014,134.32995966097678,-158.08736384408627,0,0,2.4,134.32995966097678,20260302-204149,0.0,0.0
137.93114224133654,0.9061681352703029,136.46880071438613,-152.21363108314634,0,0,2.4,136.4688007143861,20260302-204149,0.0,0.0
132.96466113637464,0.912874040390655,138.77083580411932,-145.65499209449948,0,0,2.4,138.77083580411932,20260302-204149,0.0,0.0
128.22923916867643,0.9269293406092338,141.2471489899035,-138.337663455983,0,0,2.4,141.2471489899035,20260302-204149,0.0,0.0
123.75140403243859,0.9505620418474492,143.90795103573936,-130.18761383730785,0,0,2.4,143.90795103573936,20260302-204149,0.0,0.0
119.56010111143955,0.987001959403378,146.76183846874846,-121.13461373846829,0,0,2.4,146.7618384687485,20260302-204149,0.0,0.0
115.68647765020333,1.0411151015398536,149.81486315786958,-111.11785572901411,0,0,2.4,149.8148631578696,20260302-204149,0.0,0.0
112.16345215799974,1.120590016745658,153.06943046734773,-100.09321025698344,0,0,2.4,153.06943046734776,20260302-204149,0.0,0.0
109.02501751636802,1.2383314291535341,156.5230870008782,-88.04187227234672,0,0,2.4,156.5230870008782,20260302-204149,0.0,0.0
106.3052418483885,1.4177872940730711,160.16731604270967,-74.97968298403276,0,0,2.4,160.16731604270964,20260302-204149,0.0,0.0
104.03696458470874,1.7064798902676048,163.9865209497625,-60.96583099399665,0,0,2.4,163.9865209497625,20260302-204149,0.0,0.0
102.25023770686828,2.217571644042333,167.9574248571156,-46.109102261282494,0,0,2.4,167.9574248571156,20260302-204149,0.0,0.0
100.97062829247795,3.302973394241362,172.04912191900326,-30.569615991614498,0,0,2.4,172.04912191900326,20260302-204149,0.0,0.0
100.21756333098499,6.885753462225163,176.22395501510562,-14.554335103743202,0,0,2.4,176.2239550151056,20260302-204149,0.0,0.0
100.00293884570483,59.02373270370047,-179.56074096315422,1.6942835409566563,0,0,2.4,-179.56074096315422,20260302-204149,0.0,0.0
100.33021036114262,5.600187918798556,-175.35017827115297,17.91550780365011,0,0,2.4,-175.35017827115297,20260302-204149,0.0,0.0
101.19412038255994,2.9894176032693935,-171.1892670140145,33.8507809253175,0,0,2.4,-171.1892670140145,20260302-204149,0.0,0.0
101.49432252924106,0.39098295188522025,3.2275467688474464,-259.58759081402724,0,0,2.4,3.2275467688474353,20260302-204149,0.0,0.0
92.8426850771574,0.35776553011908874,3.528673448335468,-259.507071702109,0,0,2.4,3.5286734483354603,20260302-204149,0.0,0.0
84.19413911446011,0.32457202661285595,3.891676294080554,-259.4004788184826,0,0,2.4,3.891676294080566,20260302-204149,0.0,0.0
75.54974634197073,0.2914106963411772,4.3377701005215386,-259.2552273836879,0,0,2.4,4.337770100521527,20260302-204149,0.0,0.0
66.91111645809984,0.2582940868655288,4.8990924537874605,-259.0501287508553,0,0,2.4,4.8990924537874685,20260302-204149,0.0,0.0
58.280812118783125,0.22524224543930316,5.626745715140345,-258.7472523420935,0,0,2.4,5.626745715140342,20260302-204149,0.0,0.0
49.66317387161858,0.19228930657503435,6.60713330222697,-258.273196550528,0,0,2.4,6.607133302226969,20260302-204149,0.0,0.0
41.066176337742476,0.15949850305823557,7.998560946502835,-257.470606622236,0,0,2.4,7.998560946502824,20260302-204149,0.0,0.0
32.506200350467324,0.31270048396316025,10.124671655396611,-103.95315011503766,0,0,2.6,10.124671655396606,20260302-204149,0.0,0.0
29.04259932261054,0.27963883926098265,9.541572768235483,-103.85753066120233,0,0,2.6,9.54157276823548,20260302-204149,0.0,0.0
25.582820562651936,0.24665149487893256,8.800664224887441,-103.72051697967252,0,0,2.6,8.800664224887454,20260302-204149,0.0,0.0
22.12865695893376,0.21377375763178497,7.828244464507236,-103.51437521648148,0,0,2.6,7.82824446450725,20260302-204149,0.0,0.0
18.683223169722634,0.18106751450643174,6.496660228478561,-103.18373906357996,0,0,2.6,6.496660228478556,20260302-204149,0.0,0.0
15.25243638083196,0.14865204485119818,4.564568707660328,-102.60495505527531,0,0,2.5,4.564568707660336,20260302-204149,0.0,0.0
11.849026180710615,0.1167906305885067,1.5172400484424315,-101.45528045360747,0,0,2.4,1.5172400484424302,20260302-204149,0.0,0.0
8.505918271954913,0.0862018113760276,-3.95282489773669,-98.67447256822236,0,0,2.4,-3.952824897736699,20260302-204149,0.0,0.0
5.337648190482297,0.059792701392082925,-16.169727801722473,-89.26922628033408,0,0,2.4,-16.16972780172247,20260302-204149,0.0,0.0
2.969671547446455,0.07759167200985922,-53.47888507701043,-38.27307068558997,0,0,2.4,-53.47888507701043,20260302-204149,0.0,0.0
3.651852725978788,0.05352162829425678,-115.84322949890948,68.23134576364627,0,0,2.4,-115.84322949890948,20260302-204149,0.0,0.0
6.483959122552824,0.06869561921247092,-139.78146495130775,94.38679200923099,0,0,2.4,-139.78146495130775,20260302-204149,0.0,0.0
9.743512806570578,0.09738734196220475,-148.52866244372237,100.04906808476154,0,0,2.4,-148.52866244372237,20260302-204149,0.0,0.0
13.115600484112244,0.12859706465408074,-152.8403039127676,101.98989004447738,0,0,2.4,-152.8403039127676,20260302-204149,0.0,0.0
16.53150110074876,0.16071300737569402,-155.37997901457098,102.86349170296813,0,0,2.4,-155.37997901457098,20260302-204149,0.0,0.0
19.96874306428527,0.1932571004106314,-157.04774348309962,103.3273448781743,0,0,2.4,-157.04774348309962,20260302-204149,0.0,0.0
23.417930925446775,0.22603725461343604,-158.2249908168857,103.60208526464191,0,0,2.4,-158.2249908168857,20260302-204149,0.0,0.0
26.874465509638014,0.2589613394924429,-159.09970248717363,103.77790585386694,0,0,2.4,-159.09970248717363,20260302-204149,0.0,0.0
30.33583561345594,0.29197964804249193,-159.77493082739463,103.89708946097898,0,0,2.4,-159.77493082739463,20260302-204149,0.0,0.0
33.80055571499812,0.32506299904301394,-160.31179319090865,103.98155377421304,0,0,2.4,-160.31179319090865,20260302-204149,0.0,0.0
37.26769149353007,0.3581931336724726,-160.74879605702768,104.04356753417612,0,0,2.4,-160.74879605702768,20260302-204149,0.0,0.0
40.7366261515279,0.3913580425220139,-161.1113910115447,104.09042801065335,0,0,2.4,-161.1113910115447,20260302-204149,0.0,0.0
44.20693621480606,0.42454950262597535,-161.41706817363632,104.12669415785894,0,0,2.4,-161.41706817363632,20260302-204149,0.0,0.0
47.67832135393074,0.45776169420988816,-161.67824012710898,104.15533225475562,0,0,2.4,-161.67824012710898,20260302-204149,0.0,0.0
51.15056268601174,0.49099038254072574,-161.90395810875907,104.17833934205218,0,0,2.4,-161.90395810875907,20260302-204149,0.0,0.0
54.62349693493374,0.5242324127100642,-162.1009767626276,104.19709962715376,0,0,2.4,-162.1009767626276,20260302-204149,0.0,0.0
58.096999836858934,0.557485386076472,-162.2744385690562,104.21259693593042,0,0,2.4,-162.2744385690562,20260302-204149,0.0,0.0
61.570975150840596,0.5907474464706501,-162.42832743221615,104.22554599040421,0,0,2.4,-162.42832743221615,20260302-204149,0.0,0.0
65.04534718444545,0.6240171350465139,-162.56577737246573,104.23647610188942,0,0,2.4,-162.56577737246573,20260302-204149,0.0,0.0
68.52005558960698,0.6572932893698352,-162.68928756550028,104.24578601022841,0,0,2.4,-162.68928756550028,20260302-204149,0.0,0.0
71.99505166328301,0.690574971775297,-162.80087526573675,104.25378069842523,0,0,2.4,-162.80087526573675,20260302-204149,0.0,0.0
75.47029566877897,0.7238614175447641,-162.90218657644886,104.26069664655367,0,0,2.4,-162.90218657644886,20260302-204149,0.0,0.0
78.94575486373678,0.7571519967909327,-162.99457802196184,104.2667194940193,0,0,2.4,-162.99457802196184,20260302-204149,0.0,0.0
82.42140202651063,0.7904461859960866,-163.07917751979218,104.27199660992316,0,0,2.4,-163.07917751979218,20260302-204149,0.0,0.0
85.89721433995595,0.8237435464682321,-163.1569305749027,104.27664618222123,0,0,2.4,-163.1569305749027,20260302-204149,0.0,0.0
89.37317253544909,0.8570437078295207,-163.22863571122218,104.2807638851796,0,0,2.4,-163.22863571122218,20260302-204149,0.0,0.0
92.84926022901927,0.8903463552169838,-163.29497195576263,104.2844278352678,0,0,2.4,-163.29497195576263,20260302-204149,0.0,0.0
96.32546340111371,0.9236512192569992,-163.35652037956504,104.28770231971279,0,0,2.4,-163.35652037956504,20260302-204149,0.0,0.0
99.80176998500892,0.9569580681366547,-163.41378114228874,104.29064063312448,0,0,2.4,-163.41378114228874,20260302-204149,0.0,0.0
103.27816953829173,0.9902667012775744,-163.46718709835145,104.29328725791677,0,0,2.4,-163.46718709835145,20260302-204149,0.0,0.0
106.7546529784899,1.0235769442466607,-163.51711474737502,104.2956795564206,0,0,2.4,-163.51711474737502,20260302-204149,0.0,0.0
110.23121236870095,1.05688864463051,-163.56389311449962,104.29784909576541,0,0,2.4,-163.56389311449962,20260302-204149,0.0,0.0
113.70784074252605,1.090201668667121,-163.60781100310697,104.29982269385543,0,0,2.4,-163.60781100310697,20260302-204149,0.0,0.0
117.18453196015186,1.1235158984775357,-163.649122957597,104.3016232515689,0,0,2.4,-163.649122957597,20260302-204149,0.0,0.0
120.66128058930178,1.156831229776342,-163.68805419613025,104.3032704196878,0,0,2.4,-163.68805419613025,20260302-204149,0.0,0.0
124.13808180618365,1.1901475699671065,-163.72480471508098,104.30478113702706,0,0,2.4,-163.72480471508098,20260302-204149,0.0,0.0
127.61493131262286,1.223464836549299,-163.75955272302232,104.30617006742283,0,0,2.4,-163.75955272302232,20260302-204149,0.0,0.0
131.09182526637701,1.256782955778838,-163.7924575286145,104.30744995673372,0,0,2.4,-163.7924575286145,20260302-204149,0.0,0.0
134.56876022224984,1.2901018615363824,-163.8236619810842,104.30863192615806,0,0,2.4,-163.8236619810842,20260302-204149,0.0,0.0
138.0457330821007,1.3234214943667146,-163.85329454211669,104.30972571452644,0,0,2.4,-163.85329454211669,20260302-204149,0.0,0.0
141.52274105222094,1.3567418006597842,-163.88147105250408,104.31073987946591,0,0,2.4,-163.88147105250408,20260302-204149,0.0,0.0
144.99978160684083,1.3900627319496275,-163.9082962447516,104.31168196522462,0,0,2.4,-163.9082962447516,20260302-204149,0.0,0.0
148.47685245676269,1.4233842443118296,-163.93386504325863,104.31255864332508,0,0,2.4,-163.93386504325863,20260302-204149,0.0,0.0
151.95395152229895,1.456706297843734,-163.95826368607987,104.31337583095943,0,0,2.4,-163.95826368607987,20260302-204149,0.0,0.0
155.43107690984212,1.490028856214453,-163.98157069618853,104.3141387910622,0,0,2.4,-163.98157069618853,20260302-204149,0.0,0.0
158.90822689150963,1.523351886273967,-164.00385772528134,104.31485221723145,0,0,2.6,-164.00385772528134,20260302-204149,0.0,0.0
162.38539988740342,1.5566753577124646,-164.02519028921932,104.3155203060636,0,0,2.6,-164.02519028921932,20260302-204149,0.0,0.0
165.86259445010052,1.5899992427625462,-164.04562841099863,104.31614681898989,0,0,2.6,-164.04562841099863,20260302-204149,0.0,0.0
169.33980925105377,1.6233235159381199,-164.0652271845363,104.31673513532031,0,0,2.6,-164.0652271845363,20260302-204149,0.0,0.0
172.81704306863432,1.656648153804838,-164.0840372704183,104.31728829789472,0,0,2.6,-164.0840372704183,20260302-204149,0.0,0.0
176.29429477758862,1.689973134777698,-164.10210533299994,104.31780905249637,0,0,2.6,-164.10210533299994,20260302-204149,0.0,0.0
179.77156333971897,1.7232984389421488,-164.11947442679548,104.31829988198226,0,0,2.6,-164.11947442679548,20260302-204149,0.0,0.0
183.24884779562473,1.7566240478955562,-164.13618433889013,104.31876303592547,0,0,2.8,-164.13618433889013,20260302-204149,0.0,0.0
186.72614725736634,1.789949944606401,-164.15227189310542,104.31920055643023,0,0,2.8,-164.15227189310542,20260302-204149,0.0,0.0
190.20346090193377,1.8232761132889137,-164.16777122080975,104.31961430067525,0,0,2.8,-164.16777122080975,20260302-204149,0.0,0.0
193.68078796541855,1.856602539291223,-164.18271400256538,104.32000596065012,0,0,2.8,-164.18271400256538,20260302-204149,0.0,0.0
197.15812773780226,1.8899292089953412,-164.19712968421035,104.32037708047734,0,0,2.8,-164.19712968421035,20260302-204149,0.0,0.0
200.63547955828713,1.9232561097275511,-164.21104567047658,104.32072907165193,0,0,2.8,-164.21104567047658,20260302-204149,0.0,0.0
204.11284281110372,1.9565832296779597,-164.2244874988215,104.32106322647941,0,0,3.0,-164.2244874988215,20260302-204149,0.0,0.0
207.5902169217398,1.9899105578281289,-164.23747899579323,104.3213807299522,0,0,2.8,-164.23747899579323,20260302-204149,0.0,0.0
211.0676013535422,2.0232380838858735,-164.25004241794232,104.32168267026752,0,0,2.8,-164.25004241794232,20260302-204149,0.0,0.0
214.54499560464888,2.0565657982263903,-164.26219857903348,104.3219700481625,0,0,2.8,-164.26219857903348,20260302-204149,0.0,0.0
212.76475271999226,1.0907155489376832,118.03446928292237,-195.06896452261756,0,0,2.7,118.03446928292237,20260302-204149,0.0,0.0
206.2915116474191,1.0672192997194854,118.99615463698018,-193.29814565913682,0,0,2.7,118.99615463698018,20260302-204149,0.0,0.0
199.88014186284389,1.0445604910211048,120.01983824726017,-191.35334294278357,0,0,2.7,120.0198382472602,20260302-204149,0.0,0.0
193.536792367755,1.0228508152715574,121.11099392226669,-189.2131183533082,0,0,2.7,121.1109939222667,20260302-204149,0.0,0.0
187.268375452034,1.0022227514487538,122.2756443145779,-186.85304756984408,0,0,2.7,122.27564431457787,20260302-204149,0.0,0.0
181.08267295476944,0.9828346366486159,123.52040675613796,-184.2453106580027,0,0,2.7,123.52040675613797,20260302-204149,0.0,0.0
174.98845676215208,0.964877298680343,124.8525363666837,-181.35824835083463,0,0,2.7,124.85253636668372,20260302-204149,0.0,0.0
168.99562453244374,0.9485828405631482,126.27996273981319,-178.1558945680649,0,0,2.7,126.27996273981319,20260302-204149,0.0,0.0
163.1153511407721,0.9342364380190348,127.81131485395849,-174.59750498133394,0,0,2.7,127.81131485395852,20260302-204149,0.0,0.0
157.36025546496685,0.9221924287283745,129.45592665604215,-170.6371149478568,0,0,2.7,129.45592665604212,20260302-204149,0.0,0.0
151.7445807196337,0.9128966324128486,131.2238129297449,-166.22317941798332,0,0,2.7,131.22381292974492,20260302-204149,0.0,0.0
146.2843843720538,0.9069179111400549,133.12560154214498,-161.29837394893303,0,0,2.7,133.125601542145,20260302-204149,0.0,0.0
140.9977304781878,0.9049937634858929,135.17240403186815,-155.79967085639004,0,0,2.7,135.17240403186815,20260302-204149,0.0,0.0
135.90487277667478,0.9080978157847167,137.37560205604746,-149.65884777427306,0,0,2.7,137.37560205604746,20260302-204149,0.0,0.0
131.02841082927083,0.9175425470006323,139.74652314342813,-142.80363483697997,0,0,2.7,139.74652314342816,20260302-204149,0.0,0.0
126.39339381470757,0.9351407514941543,142.29597681017492,-135.15975387957164,0,0,2.7,142.29597681017495,20260302-204149,0.0,0.0
122.02733755642991,0.9634690511828481,145.0336235268536,-126.6541332143646,0,0,2.7,145.03362352685363,20260302-204149,0.0,0.0
117.96011096034786,1.0063175649342677,147.96715738194195,-117.2195687233711,0,0,2.7,147.96715738194195,20260302-204149,0.0,0.0
114.22364028518713,1.0694996393206282,151.10130239915912,-106.80100870136313,0,0,2.7,151.10130239915912,20260302-204149,0.0,0.0
110.85137697736381,1.162409804447132,154.43665594161405,-95.36342222275663,0,0,2.7,154.43665594161408,20260302-204149,0.0,0.0
107.87748194647008,1.301283417942047,157.96846181278858,-82.90083502107183,0,0,2.7,157.96846181278858,20260302-204149,0.0,0.0
105.33570145017259,1.5168090661782399,161.6854564206073,-69.4455906144977,0,0,2.7,161.6854564206073,20260302-204149,0.0,0.0
103.25795099867302,1.8748161520488085,165.56899073090568,-55.076307554653944,0,0,2.7,165.56899073090568,20260302-204149,0.0,0.0
101.67268288210154,2.546747857317091,169.5926657351323,-39.922555580044786,0,0,2.7,169.59266573513233,20260302-204149,0.0,0.0
100.60318086422498,4.163307280954956,173.72270151040334,-24.164245892786756,0,0,2.7,173.72270151040337,20260302-204149,0.0,0.0
100.06598378625526,12.47025751726811,177.91916866510343,-8.02437188227184,0,0,2.7,177.91916866510343,20260302-204149,0.0,0.0
100.0696646230904,12.137125619473109,-177.86195051787325,8.244922872227352,0,0,2.7,-177.86195051787325,20260302-204149,0.0,0.0
100.61416401282693,4.126700909053238,-173.6660968919207,24.381259080855024,0,0,2.7,-173.6660968919207,20260302-204149,0.0,0.0
101.6907949510566,2.5338593310134985,-169.53724953103517,40.132770476402925,0,0,2.7,-169.53724953103517,20260302-204149,0.0,0.0
103.28291780885742,1.8684620250084067,-165.51526643967614,55.2769692005877,0,0,2.7,-165.51526643967614,20260302-204149,0.0,0.0
105.36716756181744,1.5131439786293874,-161.6338335924302,69.63459462546287,0,0,2.7,-161.6338335924302,20260302-204149,0.0,0.0
107.49412903864874,1.3259090254217643,-158.47902943840558,-81.07202453385175,0,0,2.7,-158.47902943840558,20260302-204149,0.0,0.0
105.01557556434673,1.5561854231538048,-162.22068596628364,-67.48268811792332,0,0,2.7,-162.22068596628364,20260302-204149,0.0,0.0
103.00529112623258,1.943702713100288,-166.12564669559274,-52.994365049753306,0,0,2.7,-166.12564669559274,20260302-204149,0.0,0.0
101.4911052479201,2.688943032834645,-170.16643603579368,-37.743865901439214,0,0,2.7,-170.16643603579368,20260302-204149,0.0,0.0
100.4954448940071,4.585118317973581,-174.30831698410014,-21.91774299478091,0,0,2.7,-174.30831698410014,20260302-204149,0.0,0.0
100.03379428972987,17.415175774461485,-178.51064527344943,-5.744058836111468,0,0,2.7,-178.51064527344943,20260302-204149,0.0,0.0
100.11354109765135,9.514338301213234,177.27096681458454,10.522386100658753,0,0,2.7,177.27096681458457,20260302-204149,0.0,0.0
96.79760406838248,0.4505603213792566,159.60867254571338,-214.83827908339856,0,0,2.7,159.6086725457134,20260302-204149,0.0,0.0
89.77449785185114,0.435325547544907,156.42943231717345,-206.22382113374647,0,0,2.7,156.42943231717342,20260302-204149,0.0,0.0
83.07400809958393,0.4251801977337387,152.72430929076086,-195.3854119791522,0,0,2.7,152.72430929076089,20260302-204149,0.0,0.0
76.78064355625368,0.42262226193588753,148.39104441039956,-181.67676071901158,0,0,2.7,148.39104441039953,20260302-204149,0.0,0.0
71.0027441307746,0.43210425360526744,143.31928692477288,-164.31854937405103,0,0,2.7,143.3192869247729,20260302-204149,0.0,0.0
65.87608192123334,0.462409690003769,137.4052147242199,-142.46258965874264,0,0,2.7,137.4052147242199,20260302-204149,0.0,0.0
61.56356642114612,0.5336111470990516,130.58035042550756,-115.37158988494366,0,0,2.7,130.58035042550756,20260302-204149,0.0,0.0
58.24631574351911,0.7037934281930207,122.8563540214463,-82.76052803315551,0,0,2.7,122.85635402144628,20260302-204149,0.0,0.0
56.10115801747414,1.2399375711053968,114.37500411623705,-45.24514727581027,0,0,2.7,114.37500411623708,20260302-204149,0.0,0.0
55.26475015879934,11.925107740488386,105.43242692284377,-4.634318729982057,0,0,2.7,105.43242692284376,20260302-204149,0.0,0.0
55.79597956244202,1.536561803312352,96.44053350685596,36.31222606351606,0,0,2.7,96.44053350685594,20260302-204149,0.0,0.0
47.82144536252388,0.18652566410873617,-153.202523474099,-256.3799764017787,0,0,2.7,-153.202523474099,20260302-204149,0.0,0.0
39.3114636943488,0.15477867291774308,-150.74968899465867,-253.98501585060643,0,0,2.7,-150.74968899465867,20260302-204149,0.0,0.0
30.913119209998168,0.12396840801675371,-146.95362764860818,-249.36287966060203,0,0,2.7,-146.95362764860818,20260302-204149,0.0,0.0
49.491337923132285,1.5607915636199787,-111.45218708789989,31.70912700754604,0,0,2.6,-111.45218708789989,20260302-204149,0.0,0.0
51.25313872157599,0.699490743390642,-120.96520938724599,73.27207572917494,0,0,2.6,-120.96520938724599,20260302-204149,0.0,0.0
54.314967651563315,0.49652536914985684,-129.62657412862012,109.39011584556208,0,0,2.6,-129.62657412862012,20260302-204149,0.0,0.0
58.47295935689798,0.4206751906096947,-137.21175059357483,138.99787927153895,0,0,2.6,-137.21175059357483,20260302-204149,0.0,0.0
63.51218799334765,0.39111012673282397,-143.693399826871,162.3895257427948,0,0,2.6,-143.693399826871,20260302-204149,0.0,0.0
69.24051454341628,0.383545712799679,-149.1637308373109,180.52741103008944,0,0,2.6,-149.1637308373109,20260302-204149,0.0,0.0
74.61153466044061,2.040558133709478,-66.29576417035642,36.56427789430641,0,0,2.6,-66.29576417035642,20260302-204149,0.0,0.0
76.31919924686865,1.1639800023817017,-59.80728381493938,65.56744883134293,0,0,2.6,-59.80728381493938,20260302-204149,0.0,0.0
78.95624397885545,0.8563315979759528,-53.67725273562172,92.20288515042355,0,0,2.6,-53.67725273562173,20260302-204149,0.0,0.0
82.43352457029887,0.7111065792063762,-48.003455809378494,115.92288270247482,0,0,2.6,-48.003455809378494,20260302-204149,0.0,0.0
86.64994346901672,0.6345753154388521,-42.834877114373455,136.54792640191553,0,0,2.6,-42.83487711437347,20260302-204149,0.0,0.0
91.50338055806314,0.5934918033807867,-38.179803184872185,154.17800218439447,0,0,2.6,-38.1798031848722,20260302-204149,0.0,0.0
96.89816213010373,0.5730834338126991,-34.017982172718064,169.0821203562708,0,0,2.6,-34.017982172718064,20260302-204149,0.0,0.0
102.74905457033762,0.5657849104241662,-30.31233944462764,181.6044448645814,0,0,2.6,-30.31233944462765,20260302-204149,0.0,0.0
108.98262167094703,0.5673206689354386,-27.01807600907992,192.10056611448667,0,0,2.6,-27.018076009079916,20260302-204149,0.0,0.0
115.53694066278341,0.5750920543024952,-24.08876686884679,200.90164661188595,0,0,2.6,-24.088766868846776,20260302-204149,0.0,0.0
122.3604785436315,0.5874286121397415,-21.479958682787668,208.29846557512178,0,0,2.6,-21.479958682787668,20260302-204149,0.0,0.0
129.41065636726245,0.6032076373842096,-19.150996155549365,214.53749645552827,0,0,2.6,-19.150996155549358,20260302-204149,0.0,0.0
136.65240017523683,0.6216466727079519,-17.06572429375089,219.82326323724376,0,0,2.6,-17.065724293750883,20260302-204149,0.0,0.0
144.05682276854733,0.6421836918217128,-15.192540557297775,224.3233900255152,0,0,2.6,-15.192540557297763,20260302-204149,0.0,0.0
151.60008944242895,0.6644045829572011,-13.504108164449491,228.17435841226666,0,0,2.6,-13.504108164449493,20260302-204149,0.0,0.0
159.26247289303424,0.6879974925110242,-11.976919753324495,231.48699613971675,0,0,2.6,-11.976919753324495,20260302-204149,0.0,0.0
162.34047296142745,4.064764832181496,-127.50764834970374,-39.9384662246996,0,0,2.6,-127.50764834970374,20260302-204149,0.0,0.0
161.0412416249047,4.237073677763336,-126.36451683963328,-38.0076566688156,0,0,2.6,-126.36451683963328,20260302-204149,0.0,0.0
159.8071414711498,4.435298945431441,-125.20326145521243,-36.03074864564843,0,0,2.6,-125.20326145521243,20260302-204149,0.0,0.0
158.63969252557004,4.664669359774355,-124.02442407461514,-34.00877539008337,0,0,2.6,-124.02442407461514,20260302-204149,0.0,0.0
157.5403765463727,4.931921607687194,-122.82862258245797,-31.94300093919187,0,0,2.6,-122.82862258245797,20260302-204149,0.0,0.0
156.51062921883792,5.245886198579695,-121.61655181584993,-29.83492651083674,0,0,2.6,-121.61655181584993,20260302-204149,0.0,0.0
155.55183217473973,5.618369471767916,-120.38898381591967,-27.686294565777764,0,0,2.6,-120.38898381591967,20260302-204149,0.0,0.0
154.66530491903606,6.065522468476885,-119.14676732086036,-25.499090263509338,0,0,2.6,-119.14676732086036,20260302-204149,0.0,0.0
153.852296755091,6.610041975005796,-117.89082644641012,-23.27554005509263,0,0,2.6,-117.89082644641012,20260302-204149,0.0,0.0
153.1139788075306,7.284860493855733,-116.62215851219973,-21.018107201458623,0,0,2.6,-116.62215851219973,20260302-204149,0.0,0.0
152.45143624796538,8.139649535320737,-115.34183098740344,-18.729484062726065,0,0,2.6,-115.34183098740344,20260302-204149,0.0,0.0
151.86566083285632,9.253002935160662,-114.05097754633071,-16.41258107200843,0,0,2.6,-114.05097754633071,20260302-204149,0.0,0.0
151.35754386442392,10.757074065999648,-112.75079324357776,-14.07051238429475,0,0,2.6,-112.75079324357776,20260302-204149,0.0,0.0
150.92786968442923,12.892569129933444,-111.44252883855694,-11.706578274923578,0,0,2.6,-111.44252883855694,20260302-204149,0.0,0.0
150.57730980671442,16.149009243028505,-110.12748431997208,-9.324244449963292,0,0,2.6,-110.12748431997208,20260302-204149,0.0,0.0
150.30641778750712,21.698259871669812,-108.8070017013511,-6.927118519017909,0,0,2.6,-108.8070017013511,20260302-204149,0.0,0.0
150.11562492271145,33.219329658439854,-107.4824571782795,-4.518923965841448,0,0,2.6,-107.4824571782795,20260302-204149,0.0,0.0
150.00523684891107,71.31315972947807,-106.15525275568484,-2.1034720298181484,0,0,2.6,-106.15525275568484,20260302-204149,0.0,0.0
149.97543110989147,475.55687552579275,-104.82680746863468,0.31536802184612145,0,0,2.8,-104.82680746863468,20260302-204149,0.0,0.0
150.0262557335744,54.88029859344083,-103.4985483319464,2.7336996987750575,0,0,2.8,-103.4985483319464,20260302-204149,0.0,0.0
150.15762884586354,29.170241707828293,-102.17190116191826,5.147630600728495,0,0,2.8,-102.17190116191826,20260302-204149,0.0,0.0
150.36933932862283,19.907757745462504,-100.84828141730004,7.553303654345298,0,0,2.8,-100.84828141730004,20260302-204149,0.0,0.0
150.66104850949066,15.146490775312953,-99.5290852060475,9.946927690673467,0,0,2.8,-99.5290852060475,20260302-204149,0.0,0.0
151.03229285212433,12.254333497293015,-98.21568059947421,12.324806802874052,0,0,2.8,-98.21568059947421,20260302-204149,0.0,0.0
151.4824875974077,10.316603654589843,-96.90939938636264,14.68336796383695,0,0,2.8,-96.90939938636264,20260302-204149,0.0,0.0
152.01093128971308,8.931739000881285,-95.61152938684693,17.01918644003305,0,0,2.8,-95.61152938684693,20260302-204149,0.0,0.0
152.6168111079875,7.895739207528598,-94.32330743002156,19.329008607891605,0,0,2.8,-94.32330743002156,20260302-204149,0.0,0.0
153.2992089096176,7.093976276590266,-93.04591308097007,21.60977185890748,0,0,2.7,-93.04591308097007,20260302-204149,0.0,0.0
154.05710788599202,6.45708339656601,-91.7804631830337,23.858621365789126,0,0,2.7,-91.7804631830337,20260302-204149,0.0,0.0
154.8893997225632,5.940622627312482,-90.52800726046651,26.07292357040943,0,0,2.7,-90.52800726046651,20260302-204149,0.0,0.0
155.79489215302894,5.5148094931934635,-89.28952380594667,28.250276341424936,0,0,2.7,-89.28952380594667,20260302-204149,0.0,0.0
156.7723167969079,5.158932988514441,-88.06591745747177,30.388515831846814,0,0,2.7,-88.06591745747177,20260302-204149,0.0,0.0
157.8203371720652,4.858144947483074,-86.8580170506009,32.48572014176509,0,0,2.7,-86.8580170506009,20260302-204149,0.0,0.0
158.93755677836756,4.6015226015649615,-85.66657451534064,34.540209956659446,0,0,2.7,-85.66657451534064,20260302-204149,0.0,0.0
160.12252715526148,4.3808518062969295,-84.49226457259658,36.55054638577486,0,0,2.7,-84.49226457259658,20260302-204149,0.0,0.0
161.37375582428595,4.189836449468276,-83.3356851732753,38.5155262670851,0,0,2.7,-83.3356851732753,20260302-204149,0.0,0.0
162.68971403694596,4.023569495122365,-82.19735861394149,40.43417523524053,0,0,2.7,-82.19735861394149,20260302-204149,0.0,0.0
164.0688442585868,3.8781699280657524,-81.07773325640389,42.30573886699611,0,0,2.7,-81.07773325640389,20260302-204149,0.0,0.0
165.50956732954063,3.7505279097175346,-79.97718577460986,44.129672225797606,0,0,2.7,-79.97718577460986,20260302-204149,0.0,0.0
167.01028925552237,3.638122297377813,-78.8960238505769,45.90562812467726,0,0,2.7,-78.8960238505769,20260302-204149,0.0,0.0
168.56940758973118,3.538887637816585,-77.83448924151872,47.63344441580936,0,0,2.7,-77.83448924151872,20260302-204149,0.0,0.0
170.18531737911698,3.451115662641186,-76.7927611425381,49.31313059756213,0,0,2.7,-76.7927611425381,20260302-204149,0.0,0.0
166.61333813486806,0.942552875230975,126.88365303438775,-176.76816071887643,0,0,2.7,126.88365303438773,20260302-204149,0.0,0.0
160.78187086857605,0.9290865047674807,128.45945471788468,-173.05371463641524,0,0,2.7,128.45945471788465,20260302-204149,0.0,0.0
155.08111139371746,0.9180895374503499,130.15246996583073,-168.9171971444062,0,0,2.7,130.1524699658307,20260302-204149,0.0,0.0
149.52601037203294,0.9100528921059816,131.97297162299208,-164.30474719552856,0,0,2.7,131.97297162299208,20260302-204149,0.0,0.0
144.13341042242618,0.9056068492314661,133.93180208111562,-159.15671413565778,0,0,2.7,133.93180208111562,20260302-204149,0.0,0.0
138.9222364410297,0.9055742810831167,136.04021293408067,-153.40788640206418,0,0,2.9,136.04021293408067,20260302-204149,0.0,0.0
133.9136703668103,0.9110502975948583,138.30961023110683,-146.98822965135713,0,0,2.9,138.3096102311068,20260302-204149,0.0,0.0
129.1312897790448,0.9235249810309258,140.75117751112316,-139.8243603923916,0,0,2.9,140.75117751112316,20260302-204149,0.0,0.0
124.60114142512548,0.9450791009746513,143.37534763870156,-131.8420239074438,0,0,2.9,143.37534763870158,20260302-204149,0.0,0.0
120.35171143130518,0.9787090070549922,146.191098257656,-122.96986189332453,0,0,2.8,146.19109825765597,20260302-204149,0.0,0.0
116.41374489294526,1.0288924656078413,149.20505788665622,-113.14471510311938,0,0,2.8,149.20505788665622,20260302-204149,0.0,0.0
112.8198613326168,1.102633308981172,152.42043421175185,-102.3185681165952,0,0,2.8,152.42043421175183,20260302-204149,0.0,0.0
109.60391314993083,1.2115352118673908,155.83581599442346,-90.4669646216833,0,0,2.8,155.83581599442348,20260302-204149,0.0,0.0
106.80004681646837,1.3763197586727618,159.44395478041764,-77.59828059103052,0,0,2.8,159.44395478041764,20260302-204149,0.0,0.0
104.4414562220273,1.6379716760769314,163.23069493089326,-63.76267535478553,0,0,2.7,163.23069493089326,20260302-204149,0.0,0.0
102.55886656506598,2.0905218084532664,167.17427329655737,-49.05897950949727,0,0,2.7,167.17427329655737,20260302-204149,0.0,0.0
101.17885154517188,3.0079214902748523,171.24522701020203,-33.63746423312616,0,0,2.7,171.24522701020203,20260302-204149,0.0,0.0
100.3221533084513,5.668989191592674,175.40710210414147,-17.69665630289662,0,0,2.7,175.4071021041415,20260302-204149,0.0,0.0
100.0022221975314,67.87631975890412,179.61803379527225,-1.4733005936788868,0,0,2.7,179.61803379527228,20260302-204149,0.0,0.0
100.2241986747713,6.783879246300135,-176.16691150094104,14.773877163192823,0,0,2.7,-176.16691150094104,20260302-204149,0.0,0.0
100.98450926311013,3.2803943013583825,-171.99293012678208,30.78425944749792,0,0,2.7,-171.99293012678208,20260302-204149,0.0,0.0
102.27114831553362,2.2081281417936474,-167.9026343601023,46.31576690674277,0,0,2.7,-167.9026343601023,20260302-204149,0.0,0.0
104.06459532425104,1.7014580191049629,-163.9335994648021,61.16201173097019,0,0,2.7,-163.9335994648021,20260302-204149,0.0,0.0
106.33921091383904,1.414770871127538,-160.11663161164418,75.16355692924981,0,0,2.7,-160.11663161164418,20260302-204149,0.0,0.0
106.44161675668794,1.405835752948405,-159.96477297387102,-75.71411989875207,0,0,2.7,-159.96477297387102,20260302-204149,0.0,0.0
104.14801966432142,1.686618152415704,-163.77500412361354,-61.749613873865066,0,0,2.7,-163.77500412361354,20260302-204149,0.0,0.0
102.33444081919679,2.180344039456458,-167.7383979178023,-46.934996939615054,0,0,2.7,-167.7383979178023,20260302-204149,0.0,0.0
101.02673463549662,3.214580774305518,-171.82444815457436,-31.427654717222826,0,0,2.6,-171.82444815457436,20260302-204149,0.0,0.0
100.24470060806193,6.495798319329606,-175.99582705929177,-15.43223722167649,0,0,2.6,-175.99582705929177,20260302-204149,0.0,0.0
100.00067221996284,123.40766488344627,179.78991641659985,0.8103278861520439,0,0,2.6,179.78991641659985,20260302-204149,0.0,0.0
100.29857648264245,5.886139283297981,175.57792768891176,17.03978986145322,0,0,2.6,175.57792768891176,20260302-204149,0.0,0.0
101.1336244777179,3.064939618230998,171.41320763480587,32.99693862683323,0,0,2.6,171.41320763480587,20260302-204149,0.0,0.0
102.4926880860835,2.115703729562865,167.3377961212675,48.4437809764886,0,0,2.6,167.33779612126753,20260302-204149,0.0,0.0
104.35529587796636,1.6517143170116246,163.38840412889294,63.17999111781745,0,0,2.6,163.38840412889292,20260302-204149,0.0,0.0
106.69507954915332,1.3846932321315035,159.5947989589214,77.0532252728022,0,0,2.6,159.59479895892136,20260302-204149,0.0,0.0
109.48144946874774,1.2169665772067608,155.97906042359023,89.96257704959714,0,0,2.6,155.97906042359023,20260302-204149,0.0,0.0
112.68128110343497,1.1062800473205716,152.55564363263534,101.85601862417286,0,0,2.5,152.55564363263537,20260302-204149,0.0,0.0
116.2604403913913,1.0313758555698664,149.3320591434848,112.72363975124654,0,0,2.5,149.33205914348477,20260302-204149,0.0,0.0
119.43785892573825,0.8664489811740623,-122.37326573501349,-137.84753807881066,0,0,2.5,-122.37326573501349,20260302-204149,0.0,0.0
115.08197446753297,0.9338484223968033,-118.67976199224158,-123.23410492268656,0,0,2.5,-118.67976199224158,20260302-204149,0.0,0.0
111.24057531284299,1.0398856145937436,-114.71366457184052,-106.97385727015927,0,0,2.5,-114.71366457184052,20260302-204149,0.0,0.0
107.96858983298665,1.2120658575493748,-110.48580492708805,-89.07815459077761,0,0,2.5,-110.48580492708805,20260302-204149,0.0,0.0
105.31910192894806,1.512124019288631,-106.0197679508229,-69.64977778641116,0,0,2.5,-106.0197679508229,20260302-204149,0.0,0.0
103.34000250494297,2.1133195703737124,-101.35326376604246,-48.89937326737038,0,0,2.5,-101.35326376604246,20260302-204149,0.0,0.0
102.07029465191191,3.7596821974501506,-96.53788362505247,-27.14864961754929,0,0,2.5,-96.53788362505247,20260302-204149,0.0,0.0
101.53659453093572,21.088366346552874,-91.63676935691525,-4.814815565243298,0,0,2.5,-91.63676935691525,20260302-204149,0.0,0.0
101.75048429150694,5.773210950606416,-86.72021261118081,17.624591438291215,0,0,2.5,-86.72021261118081,20260302-204149,0.0,0.0
102.70729343224747,2.5883411824834033,-81.85983234641385,39.680739976367484,0,0,2.5,-81.85983234641385,20260302-204149,0.0,0.0
104.38659512027584,1.713917736019187,-77.12247707778619,60.90525404254714,0,0,2.5,-77.12247707778619,20260302-204149,0.0,0.0
106.75429922694465,1.3190549788320178,-72.56509998600143,80.93241065772123,0,0,2.5,-72.56509998600143,20260302-204149,0.0,0.0
109.76586724511725,1.1031372055961617,-68.2315032331396,99.50336792946545,0,0,2.5,-68.2315032331396,20260302-204149,0.0,0.0
108.90773137776924,2.337570810146558,-93.99417724987211,-46.59013147539307,0,0,2.5,-93.99417724987211,20260302-204149,0.0,0.0
107.68066558117644,3.999669603157319,-98.45326748700911,-26.92239016347097,0,0,2.5,-98.45326748700911,20260302-204149,0.0,0.0
107.11842901639534,15.848204615392525,-102.98699676425501,-6.759026124155215,0,0,2.5,-102.98699676425501,20260302-204149,0.0,0.0
107.2314797000324,7.924660502742019,-107.5397575342787,13.531365749097912,0,0,2.5,-107.5397575342787,20260302-204149,0.0,0.0
108.01769739796785,3.217828313594089,-112.05453670896654,33.56850859371041,0,0,2.5,-112.05453670896654,20260302-204149,0.0,0.0
109.46257795448635,2.06551643805397,-116.47710922293388,52.995258685821305,0,0,2.5,-116.47710922293388,20260302-204149,0.0,0.0
111.54052762340517,1.5598402415469728,-120.75973682505128,71.50766126714667,0,0,2.5,-120.75973682505128,20260302-204149,0.0,0.0
114.21699935366794,1.2851457073845258,-124.8637826622119,88.87474680681737,0,0,2.5,-124.8637826622119,20260302-204149,0.0,0.0
117.45108296216988,1.1191582009348595,-128.76097074778016,104.94591637184108,0,0,2.5,-128.76097074778016,20260302-204149,0.0,0.0
121.19814827545758,1.0129628835131614,-132.43335907075505,119.64717587195075,0,0,2.5,-132.43335907075505,20260302-204149,0.0,0.0
125.41222313074452,0.9431641939686732,-135.87233510173587,132.96966099087305,0,0,2.5,-135.87233510173587,20260302-204149,0.0,0.0
130.04791649455234,0.8971639580760318,-139.07703531178598,144.95445935371737,0,0,2.5,-139.07703531178598,20260302-204149,0.0,0.0
135.06182201989958,0.8675767949364243,-142.05255916273762,155.67707989446268,0,0,2.5,-142.05255916273762,20260302-204149,0.0,0.0
140.41342976680883,0.8497867238743244,-144.80824943079966,165.2337296194035,0,0,2.5,-144.80824943079966,20260302-204149,0.0,0.0
146.06562586455667,0.8407603247111198,-147.35619816781974,173.7303980355447,0,0,2.5,-147.35619816781974,20260302-204149,0.0,0.0
148.77719666601533,1.427069603093506,2.201177418806452,-104.25363720417425,0,0,2.5,2.201177418806452,20260302-204149,0.0,0.0
145.30213682049697,1.3937866953456308,2.2538478417448005,-104.24990947733576,0,0,2.5,2.253847841744814,20260302-204149,0.0,0.0
141.82720578134794,1.3605062625380009,2.3090992862023825,-104.24590440088951,0,0,2.5,2.3090992862023825,20260302-204149,0.0,0.0
138.3524132540715,1.3272284914635792,2.3671261241983643,-104.24159377524036,0,0,2.5,2.3671261241983514,20260302-204149,0.0,0.0
134.87776994391672,1.293953588197716,2.4281427353524805,-104.23694572521825,0,0,2.4,2.428142735352478,20260302-204149,0.0,0.0
131.40328768794575,1.2606817806521757,2.492386147549553,-104.23192411011779,0,0,2.4,2.4923861475495612,20260302-204149,0.0,0.0
127.92897960859422,1.2274133215461684,2.5601191068824676,-104.22648782029064,0,0,2.4,2.560119106882472,20260302-204149,0.0,0.0
124.45486029291654,1.194148491876025,2.6316336604979256,-104.22058993467061,0,0,2.4,2.631633660497921,20260302-204149,0.0,0.0
120.98094600266936,1.16088760498397,2.7072553551049054,-104.2141767069172,0,0,2.4,2.707255355104906,20260302-204149,0.0,0.0
117.50725492160218,1.1276310113502623,2.787348178108658,-104.20718633916883,0,0,2.4,2.7873481781086493,20260302-204149,0.0,0.0
114.03380744787123,1.0943791042633044,2.872320399137635,-104.1995474910265,0,0,2.4,2.8723203991376276,20260302-204149,0.0,0.0
110.56062654147776,1.0611323265613124,2.962631509199497,-104.19117745640516,0,0,2.4,2.9626315091995106,20260302-204149,0.0,0.0
107.08773813919235,1.0278911786894742,3.0588005056252996,-104.18197992099273,0,0,2.4,3.0588005056252863,20260302-204149,0.0,0.0
103.61517165275808,0.9946562283821428,3.1614158371527594,-104.17184218641373,0,0,2.4,3.161415837152772,20260302-204149,0.0,0.0
100.14296057053129,0.9614281223657338,3.271147410217168,-104.1606317112037,0,0,2.4,3.271147410217162,20260302-204149,0.0,0.0
96.67114318849042,0.9282076005920771,3.388761172071952,-104.14819176962854,0,0,2.4,3.388761172071947,20260302-204149,0.0,0.0
93.19976350424083,0.8949955136644242,3.5151369390427476,-104.13433596180661,0,0,2.4,3.5151369390427574,20260302-204149,0.0,0.0
89.7288723180081,0.8617928443240537,3.651290343637129,-104.118841214546,0,0,2.4,3.6512903436371307,20260302-204149,0.0,0.0
86.25852859871047,0.8286007341459728,3.7984000534135873,-104.10143877994017,0,0,2.4,3.798400053413577,20260302-204149,0.0,0.0
82.7888011925881,0.7954205169791024,3.9578417980528116,-104.08180255018887,0,0,2.4,3.9578417980528227,20260302-204149,0.0,0.0
79.31977097883838,0.7622537612062642,4.131231274112736,-104.05953373495342,0,0,2.4,4.131231274112747,20260302-204149,0.0,0.0
75.85153361470708,0.729102323662668,4.320478747029199,-104.03414054925042,0,0,2.4,4.320478747029201,20260302-204149,0.0,0.0
72.3842030667526,0.6959684191460912,4.527859239666924,-104.00501096811749,0,0,2.4,4.527859239666923,20260302-204149,0.0,0.0
68.91791620364685,0.6628547110452152,4.7561037446279215,-103.97137571063558,0,0,2.4,4.756103744627921,20260302-204149,0.0,0.0
65.45283884168107,0.6297644309706827,5.008519172794081,-103.93225724227682,0,0,2.4,5.008519172794068,20260302-204149,0.0,0.0
61.98917380765315,0.5967015388272565,5.289148152672794,-103.88639843209597,0,0,2.4,5.289148152672808,20260302-204149,0.0,0.0
58.52717184875723,0.5636709402289167,5.602984977915213,-103.83216105657019,0,0,2.4,5.602984977915205,20260302-204149,0.0,0.0
55.067146632185896,0.5306787867443751,5.956272059078117,-103.7673787000486,0,0,2.4,5.956272059078122,20260302-204149,0.0,0.0
51.60949573620668,0.4977328982852037,6.356914051312998,-103.68913912263473,0,0,2.3,6.356914051313,20260302-204149,0.0,0.0
48.15473061308288,0.4648433698231078,6.815067723337961,-103.59345478329132,0,0,2.3,6.815067723337955,20260302-204149,0.0,0.0
44.70352032032601,0.4320234636451315,7.3440006504053486,-103.47475098492784,0,0,2.3,7.344000650405363,20260302-204149,0.0,0.0
41.256756973606045,0.39929095726997615,7.961372338822713,-103.32504711773562,0,0,2.2,7.961372338822725,20260302-204149,0.0,0.0
37.81565656268253,0.36667024376447616,8.691199680399905,-103.1326026743875,0,0,2.2,8.691199680399912,20260302-204149,0.0,0.0
34.38191944747253,0.33419572470416375,9.566970084317944,-102.8795909280648,0,0,2.2,9.56697008431795,20260302-204149,0.0,0.0
30.95799584689547,0.30191753001946336,10.636757278415757,-102.537921017371,0,0,2.2,10.636757278415766,20260302-204149,0.0,0.0
214.03096608772162,1.0953762250418437,117.85412837342778,-195.39493481296398,0,0,2.1,117.85412837342777,20260302-204149,0.0,0.0
207.54634288380868,1.0717285244799395,118.80434333157223,-193.6557049132581,0,0,2.1,118.80434333157223,20260302-204149,0.0,0.0
201.12247512398775,1.0488985984519363,119.81555135609483,-191.74634747422039,0,0,2.1,119.81555135609484,20260302-204149,0.0,0.0
194.76537451793175,1.026994581085472,120.89312484670415,-189.64596123971404,0,0,2.1,120.89312484670418,20260302-204149,0.0,0.0
188.48179694012077,1.0061445502947133,122.04297603942757,-187.33073382439127,0,0,2.1,122.04297603942759,20260302-204149,0.0,0.0
182.27934605982978,0.9865013479649819,123.27160305309303,-184.7735397785794,0,0,2.1,123.27160305309302,20260302-204149,0.0,0.0
176.16659098074467,0.968248869124929,124.58613377430402,-181.9435029549357,0,0,2.3,124.58613377430405,20260302-204149,0.0,0.0
170.15319894468738,0.9516103703541332,125.99436415383582,-178.80553243799392,0,0,2.3,125.99436415383583,20260302-204149,0.0,0.0
164.25008371382734,0.9368595965453844,127.5047859233739,-175.31984976136235,0,0,2.3,127.50478592337387,20260302-204149,0.0,0.0
158.4695694587569,0.9243359082328035,129.12659665563217,-171.4415376999989,0,0,2.3,129.1265966556322,20260302-204149,0.0,0.0
152.82556868679995,0.9144651945666523,130.86968238468637,-167.120158968129,0,0,2.3,130.86968238468637,20260302-204149,0.0,0.0
147.33377073841356,0.9077893292963408,132.7445596173435,-162.29951816311512,0,0,2.6,132.74455961734353,20260302-204149,0.0,0.0
142.01183440513174,0.9050085386983782,134.76225954070776,-156.91767351651643,0,0,2.6,134.76225954070776,20260302-204149,0.0,0.0
136.8795739976468,0.9070438051221824,136.9341328075302,-150.90734672864951,0,0,2.6,136.93413280753018,20260302-204149,0.0,0.0
131.95912245843226,0.9151313058056287,139.27154905817952,-144.19692739312757,0,0,2.6,139.2715490581795,20260302-204149,0.0,0.0
127.27504774219234,0.9309698685701154,141.78546248168698,-136.71231694928557,0,0,2.6,141.785462481687,20260302-204149,0.0,0.0
122.85438987317757,0.9569597522478377,144.48581519310562,-128.37989224165426,0,0,2.6,144.4858151931056,20260302-204149,0.0,0.0
118.72657663724515,0.9966063348416475,147.3807569288083,-119.13086690956045,0,0,2.5,147.3807569288083,20260302-204149,0.0,0.0
114.92316757053004,1.0552388637802474,150.47567626982834,-108.90725457062268,0,0,2.5,150.47567626982837,20260302-204149,0.0,0.0
111.4773718942287,1.141374038946315,153.77206906980496,-97.66944760469717,0,0,2.5,153.77206906980499,20260302-204149,0.0,0.0
108.42329085579244,1.269518029352429,157.26631598732342,-85.4050815734364,0,0,2.5,157.26631598732342,20260302-204149,0.0,0.0
105.79485389711031,1.4665548547902438,160.94850022653566,-72.13835442400945,0,0,2.4,160.94850022653566,20260302-204149,0.0,0.0
103.62445550051216,1.7885286252303383,164.801457728914,-57.93838244393026,0,0,2.4,164.80145772891402,20260302-204149,0.0,0.0
101.94135569041589,2.3748891631247733,168.8002939762083,-42.92467929589017,0,0,2.4,168.80029397620834,20260302-204149,0.0,0.0
100.769974584584,3.6955786315359287,172.9125962691822,-27.267712212824097,0,0,2.3,172.9125962691822,20260302-204149,0.0,0.0
100.12827328537671,8.953623878706315,177.0994941148477,-11.182988546515087,0,0,2.3,177.0994941148477,20260302-204149,0.0,0.0
100.02644650291248,19.683828447742513,-178.68242937005337,5.081656079683231,0,0,2.3,-178.68242937005337,20260302-204149,0.0,0.0
100.46613580925913,4.724658032973082,-174.47856358535046,21.26421322095959,0,0,2.3,-174.47856358535046,20260302-204149,0.0,0.0
101.44029990316739,2.733563267245344,-170.33339355968423,37.109183137872066,0,0,2.3,-170.33339355968423,20260302-204149,0.0,0.0
102.9337651113576,1.9648690749942297,-166.2877631414664,52.38708594956124,0,0,2.3,-166.2877631414664,20260302-204149,0.0,0.0
104.92435899785757,1.5681540708945254,-162.37668229657848,66.90947078816392,0,0,2.3,-162.37668229657848,20260302-204149,0.0,0.0
107.38443917895182,1.333348236424624,-158.62793752304154,80.5374291917192,0,0,2.3,-158.62793752304154,20260302-204149,0.0,0.0
105.46207849269722,1.5022962112515266,-161.47915052253023,-70.20058874064478,0,0,2.3,-161.47915052253023,20260302-204149,0.0,0.0
103.35836256012853,1.849712192569494,-165.3542499553997,-55.878078208778064,0,0,2.3,-165.3542499553997,20260302-204149,0.0,0.0
101.74570151990541,2.4960468187824834,-169.37112002155516,-40.762737603429535,0,0,2.3,-169.37112002155516,20260302-204149,0.0,0.0
100.64770240795336,4.020782726046768,-173.49635793302235,-25.031867988278524,0,0,2.3,-173.49635793302235,20260302-204149,0.0,0.0
100.0813058356942,11.236978173348978,-177.69032212766226,-8.906425223202758,0,0,2.2,-177.69032212766226,20260302-204149,0.0,0.0
100.05554013202432,13.589743589733056,178.09084756700213,7.362577481418818,0,0,2.2,178.09084756700216,20260302-204149,0.0,0.0
100.57082081796915,4.277282530552544,173.8925887721379,23.512784133288783,0,0,2.2,173.8925887721379,20260302-204149,0.0,0.0
101.61891774883523,2.5862995553028965,169.75903214640107,39.29124046767044,0,0,2.2,169.7590321464011,20260302-204149,0.0,0.0
103.18359581079048,1.89419968410777,165.73031893517464,54.47345212677159,0,0,2.2,165.73031893517467,20260302-204149,0.0,0.0
105.24181678401496,1.5279549718573124,161.8405095332119,68.87756427539733,0,0,2.2,161.8405095332119,20260302-204149,0.0,0.0
107.76530569302591,1.3082774763272071,158.1163163319519,82.37190324147508,0,0,2.2,158.1163163319519,20260302-204149,0.0,0.0
110.72225511512141,1.1670226921278408,154.57670116631624,94.8758373440372,0,0,2.2,154.57670116631624,20260302-204149,0.0,0.0
114.07896388028904,1.0726215496707023,151.23321391342267,106.35527872371348,0,0,2.2,151.2332139134227,20260302-204149,0.0,0.0
117.80126390569036,1.0084445176522074,148.09085436346095,116.81481910372949,0,0,2.2,148.09085436346095,20260302-204149,0.0,0.0
121.8556568695581,0.9648991665745967,145.14921913945614,126.28848805222529,0,0,2.2,145.1492191394561,20260302-204149,0.0,0.0
126.21014222320017,0.936063936063928,142.40372885278708,134.83068555541564,0,0,2.2,142.40372885278708,20260302-204149,0.0,0.0
130.83476007714808,0.9180854835931832,139.84678955971708,142.50825485780453,0,0,2.2,139.8467895597171,20260302-204149,0.0,0.0
135.7018955079292,0.9083482409063783,137.46880360632656,149.39413035304787,0,0,2.2,137.46880360632653,20260302-204149,0.0,0.0
135.81796234559465,0.9121689411363686,-125.26594744923808,-148.89562253281102,0,0,2.2,-125.26594744923808,20260302-204149,0.0,0.0
131.05118051766212,0.9572978986342261,-122.12870315638645,-136.8969687540654,0,0,2.2,-122.12870315638645,20260302-204149,0.0,0.0
126.70615999406418,1.0252985211403196,-118.76559993048295,-123.57977445743678,0,0,2.2,-118.76559993048295,20260302-204149,0.0,0.0
122.82766826662038,1.1278776720330548,-115.17704587499044,-108.90158685845557,0,0,2.1,-115.17704587499044,20260302-204149,0.0,0.0
119.46115372452053,1.2863753301136005,-111.37054386020975,-92.866483776528,0,0,2.1,-111.37054386020975,20260302-204149,0.0,0.0
116.65095135735986,1.5442391915898777,-107.36216482031813,-75.53943196925432,0,0,2.1,-107.36216482031813,20260302-204149,0.0,0.0
114.43805180955229,2.005659783634057,-103.17753658346912,-57.05755918493907,0,0,2.1,-103.17753658346912,20260302-204149,0.0,0.0
112.85759609950694,2.99876189719159,-98.85199170519029,-37.63473058838072,0,0,2.1,-98.85199170519029,20260302-204149,0.0,0.0
111.93637629813706,6.375897978573209,-94.42958454045194,-17.556174310553516,0,0,2.1,-94.42958454045194,20260302-204149,0.0,0.0
111.69070563910797,39.35071915539182,-89.96088078074162,2.8383396297804167,0,0,2.0,-89.96088078074162,20260302-204149,0.0,0.0
112.12502468035679,4.836868284684788,-85.49971078006492,23.181326858823866,0,0,2.0,-85.49971078006492,20260302-204149,0.0,0.0
113.23150903783097,2.626578668052641,-81.09936683902266,43.10988679496944,0,0,2.0,-81.09936683902266,20260302-204149,0.0,0.0
114.9907568650768,1.8458450914055602,-76.80889376762488,62.29707866628966,0,0,2.0,-76.80889376762488,20260302-204149,0.0,0.0
117.37342005678732,1.4584842454776024,-72.67009303880272,80.47630299794679,0,0,2.0,-72.67009303880272,20260302-204149,0.0,0.0
113.31340052234846,0.5822992593456053,-24.886796251408413,-194.59650463868246,0,0,2.0,-24.886796251408416,20260302-204149,0.0,0.0
106.97088631012147,0.5760471518929532,-27.8604405356474,-185.6981428666101,0,0,2.0,-27.860440535647403,20260302-204149,0.0,0.0
100.95223663096091,0.5764928061732334,-31.198584636905736,-175.11447766552917,0,0,2.0,-31.198584636905736,20260302-204149,0.0,0.0
95.31881989617753,0.5864715938408853,-34.94534455669381,-162.52930388652095,0,0,2.0,-34.94534455669381,20260302-204149,0.0,0.0
90.14288965188628,0.6106822247570535,-39.14215337200574,-147.61014157198966,0,0,2.0,-39.14215337200573,20260302-204149,0.0,0.0
85.50756379391345,0.6575183437962567,-43.821527723870986,-130.04589849193533,0,0,2.0,-43.821527723871,20260302-204149,0.0,0.0
81.50512965411455,0.7435892696415431,-48.99810170464335,-109.6104166395585,0,0,2.0,-48.99810170464335,20260302-204149,0.0,0.0
78.23278492220307,0.9070283955795587,-54.65754359103707,-86.25174835040872,0,0,2.0,-54.65754359103706,20260302-204149,0.0,0.0
75.78516277094849,1.2590688717292435,-60.745695538598,-60.19143549062795,0,0,2.0,-60.74569553859799,20260302-204149,0.0,0.0
74.24387475435563,2.3203974840873776,-67.16228526676542,-31.99618826666504,0,0,2.0,-67.16228526676542,20260302-204149,0.0,0.0
73.66583172439952,28.648151923693657,-73.76428694638571,-2.5713990878229627,0,0,2.0,-73.76428694638571,20260302-204149,0.0,0.0
74.07358754333735,2.7480202191290517,-80.3815336819608,26.95525565194494,0,0,2.0,-80.3815336819608,20260302-204149,0.0,0.0
75.45116143717863,1.3610308022555195,-86.84152767349471,55.436777266274866,0,0,2.0,-86.84152767349471,20260302-204149,0.0,0.0
77.74701882184124,0.949085592543501,-92.99508789145523,81.91781587736801,0,0,2.0,-92.99508789145523,20260302-204149,0.0,0.0
80.88300125449165,0.764709340080676,-98.73395686982303,105.7696003110915,0,0,2.0,-98.73395686982303,20260302-204149,0.0,0.0
84.76591668217995,0.668952691316188,-103.99622672097493,126.71436677442769,0,0,2.0,-103.99622672097493,20260302-204149,0.0,0.0
89.29838269975703,0.6168565638502975,-108.7613793267159,144.7636094562633,0,0,2.0,-108.7613793267159,20260302-204149,0.0,0.0
94.38687121310926,0.5894747803641077,-113.03985830127552,160.12028734258695,0,0,2.0,-113.03985830127552,20260302-204149,0.0,0.0
99.94649340919219,0.5774379805331179,-116.86179831239512,173.08610929422565,0,0,2.0,-116.86179831239512,20260302-204149,0.0,0.0
105.90307556899911,0.5755814453087351,-120.26760935835354,183.99320623025633,0,0,2.0,-120.26760935835354,20260302-204149,0.0,0.0
112.19340920008801,0.580824400546191,-123.30127642377003,193.16235525674279,0,0,2.0,-123.30127642377003,20260302-204149,0.0,0.0
118.76447492280452,0.591215248389113,-126.00615845418629,200.8819550009961,0,0,2.0,-126.00615845418629,20260302-204149,0.0,0.0
125.57220919545198,0.6054576551273763,-128.422673879881,207.4004814903762,0,0,2.0,-128.422673879881,20260302-204149,0.0,0.0
132.58015961503838,0.6226568354214395,-130.58724637799168,212.92653043036577,0,0,2.0,-130.58724637799168,20260302-204149,0.0,0.0
139.75821087742062,0.6421752490407353,-132.53201716192285,217.63250932854825,0,0,2.0,-132.53201716192285,20260302-204149,0.0,0.0
147.081460675885,0.6635463542789508,-134.28498272967613,221.65966209807985,0,0,2.0,-134.28498272967613,20260302-204149,0.0,0.0
154.52926720926382,0.6864208799460364,-135.87034177639384,225.1232031598635,0,0,2.0,-135.87034177639384,20260302-204149,0.0,0.0
162.08446118211958,0.7105321573358553,-137.30892304450398,228.1169958441519,0,0,2.0,-137.30892304450398,20260302-204149,0.0,0.0
169.73270301255974,0.735673064102749,-138.61862298750017,230.71757183276964,0,0,2.0,-138.61862298750017,20260302-204149,0.0,0.0
177.4619626004046,0.7616802823757822,-139.81481703894326,232.9874708675366,0,0,2.0,-139.81481703894326,20260302-204149,0.0,0.0
185.26209987693332,0.788423299988146,-140.91072861723356,234.97796155912536,0,0,1.9,-140.91072861723356,20260302-204149,0.0,0.0
193.1245269623205,0.8157965672326799,-141.91775127179233,236.73123266187744,0,0,1.9,-141.91775127179233,20260302-204149,0.0,0.0
201.04193582637205,0.8437138011423406,-142.84572523917674,238.28214680638467,0,0,1.9,-142.84572523917674,20260302-204149,0.0,0.0
209.00807828884498,0.8721037812294293,-143.70317242129187,239.65964004215232,0,0,1.9,-143.70317242129187,20260302-204149,0.0,0.0
217.01758777104365,0.900907200098523,-144.49749481051379,240.88783811175077,0,0,1.9,-144.49749481051379,20260302-204149,0.0,0.0
225.06583436122668,0.930074272541187,-145.235141485083,241.9869477157911,0,0,1.9,-145.235141485083,20260302-204149,0.0,0.0
233.1488065040296,0.9595628982230044,-145.9217489506788,242.97396964367138,0,0,1.9,-145.9217489506788,20260302-204149,0.0,0.0
241.26301402116647,0.9893372339769011,-146.562259071073,243.86327102169838,0,0,1.9,-146.562259071073,20260302-204149,0.0,0.0
249.40540827674027,1.0193665729833168,-147.1610182514545,244.66704607236724,0,0,1.9,-147.1610182514545,20260302-204149,0.0,0.0
251.22675901353136,1.2391714452630807,113.45612930523856,-202.73769216833028,0,0,1.9,113.45612930523858,20260302-204149,0.0,0.0
244.48642089081054,1.2123210377830982,114.14332973969255,-201.6680510122045,0,0,1.9,114.14332973969256,20260302-204149,0.0,0.0
237.78324396624276,1.1859133764754246,114.86938434455459,-200.50641866688676,0,0,1.9,114.86938434455459,20260302-204149,0.0,0.0
231.120461616397,1.1599954203405778,115.63742995977168,-199.24256386162233,0,0,1.8,115.63742995977168,20260302-204149,0.0,0.0
224.50167037240212,1.1346210125841272,116.45091630909747,-197.86489751418765,0,0,1.8,116.4509163090975,20260302-204149,0.0,0.0
217.93087844033604,1.109852190144424,117.3136399842902,-196.3602724539174,0,0,1.8,117.31363998429019,20260302-204149,0.0,0.0
211.41256138439337,1.0857608039636653,118.22978157626676,-194.71375335397374,0,0,1.8,118.22978157626673,20260302-204149,0.0,0.0
204.95172602346835,1.0624305395718836,119.20394587135286,-192.90835343085635,0,0,1.8,119.20394587135284,20260302-204149,0.0,0.0
198.55398370328237,1.0399594583266558,120.24120481724697,-190.92473472260656,0,0,1.8,120.241204817247,20260302-204149,0.0,0.0
192.22563420221397,1.0184632228525838,121.34714264321372,-188.74086946783882,0,0,1.8,121.3471426432137,20260302-204149,0.0,0.0
185.97376159017423,0.9980792316926683,122.52790205079941,-186.33166154031332,0,0,1.8,122.5279020507994,20260302-204149,0.0,0.0
179.80634335615116,0.978971976923708,123.79022972038535,-183.66852943142376,0,0,1.8,123.79022972038538,20260302-204149,0.0,0.0
173.73237400604654,0.9613400686412453,125.14151843519778,-180.71895645793612,0,0,1.8,125.14151843519781,20260302-204149,0.0,0.0
167.76200404143697,0.9454255644351218,126.58984182181894,-177.44602045077167,0,0,1.8,126.58984182181896,20260302-204149,0.0,0.0
161.90669466633224,0.9315265373164918,128.14397594479544,-173.80792514268808,0,0,1.8,128.14397594479541,20260302-204149,0.0,0.0
156.17938759999768,0.9200142741175334,129.81339966787357,-169.7575700657504,0,0,1.8,129.81339966787354,20260302-204149,0.0,0.0
150.59468782131478,0.9113572249503681,131.60826271771316,-165.2422164420939,0,0,1.8,131.6082627177132,20260302-204149,0.0,0.0
145.1690547067237,0.9061550118938914,133.53930672897468,-160.20333475098923,0,0,1.8,133.53930672897468,20260302-204149,0.0,0.0
139.920993580105,0.9051877971897211,135.61772031873716,-154.57675635322173,0,0,1.8,135.61772031873716,20260302-204149,0.0,0.0
134.87123488720414,0.9094897627559345,137.8549047968438,-148.2932963187156,0,0,1.8,137.85490479684384,20260302-204149,0.0,0.0
130.04288181638606,0.920461656996406,140.2621232662101,-141.28006400693974,0,0,1.8,140.26212326621012,20260302-204149,0.0,0.0
125.46149918511762,0.9400489980418152,142.85000406395574,-133.46272316279502,0,0,1.8,142.85000406395574,20260302-204149,0.0,0.0
121.15510719734245,0.9710354317165639,145.62787208084887,-124.76898704218084,0,0,1.8,145.6278720808489,20260302-204149,0.0,0.0
117.15403440674744,1.0175485377111235,148.60289176343048,-115.13360794589126,0,0,1.8,148.60289176343048,20260302-204149,0.0,0.0
113.49057719084324,1.0859822189745845,151.7790274441337,-104.50500496960649,0,0,1.8,151.77902744413367,20260302-204149,0.0,0.0
110.19841196677784,1.18679964426381,155.1558634060372,-92.85342517534677,0,0,1.8,155.1558634060372,20260302-204149,0.0,0.0
107.31171624964433,1.3383830244427408,158.7273782640982,-80.18012354447296,0,0,1.8,158.7273782640982,20260302-204149,0.0,0.0
104.8639806818539,1.5762738886474683,162.48083012114068,-66.52649735372646,0,0,1.8,162.48083012114066,20260302-204149,0.0,0.0
102.88653945001666,1.9792902284883394,166.3959654352284,-51.981532556039085,0,0,1.8,166.39596543522842,20260302-204149,0.0,0.0
101.40690859655962,2.7642205397015642,170.444790903053,-36.68553472492028,0,0,1.8,170.44479090305296,20260302-204149,0.0,0.0
100.44708944403374,4.822645677991235,174.59211586482388,-20.828212593439524,0,0,1.8,174.5921158648239,20260302-204149,0.0,0.0
100.02204756952332,21.55658263308874,178.79696545551303,-4.639976997837882,0,0,1.8,178.796965455513,20260302-204149,0.0,0.0
100.1385928490001,8.615388433848908,-176.98520767481014,11.623224375533278,0,0,1.8,-176.98520767481014,20260302-204149,0.0,0.0
100.7948466495743,3.6388690568566013,-172.79977696126315,27.699498133808877,0,0,1.8,-172.79977696126315,20260302-204149,0.0,0.0
101.98039027185638,2.3529411764702095,-168.69006752597787,43.341665865545934,0,0,1.8,-168.69006752597787,20260302-204149,0.0,0.0
103.6770680741148,1.7772611115089636,-164.69479617406606,58.33530447649808,0,0,1.8,-164.69479617406606,20260302-204149,0.0,0.0
105.8603062740926,1.459914944864587,-160.84618148978097,72.51128337747893,0,0,1.8,-160.84618148978097,20260302-204149,0.0,0.0
106.94115204167083,1.3653947635478842,-159.24329182231114,-78.32251514118278,0,0,1.8,-159.24329182231114,20260302-204149,0.0,0.0
104.55756521861174,1.6201097301535392,-163.02082258600407,-64.537335510418,0,0,1.8,-163.02082258600407,20260302-204149,0.0,0.0
102.64840205499692,2.058015126360707,-166.95657337973307,-49.87737978219593,0,0,1.8,-166.95657337973307,20260302-204149,0.0,0.0
101.24050572769724,2.935345666991806,-171.02148904913832,-34.49014774176504,0,0,1.8,-171.02148904913832,20260302-204149,0.0,0.0
100.35497551746528,5.403638390596951,-175.1794624003996,-18.571741531057345,0,0,1.8,-175.1794624003996,20260302-204149,0.0,0.0
100.00568872708078,42.42564102576978,-179.38886819556535,-2.3571992386947382,0,0,1.8,-179.38886819556535,20260302-204149,0.0,0.0
100.19825347779292,7.210866910863225,176.39513009625733,13.895451783591165,0,0,1.8,176.39513009625733,20260302-204149,0.0,0.0
100.92956840182102,3.3727329580980387,172.21778927598814,29.925158515584794,0,0,1.8,172.21778927598817,20260302-204149,0.0,0.0
102.18806736166043,2.2464667398103195,168.12193018642142,45.48835090711767,0,0,1.8,168.1219301864214,20260302-204149,0.0,0.0
103.95460547758424,1.7217768147343928,164.14545356761994,60.37635342047548,0,0,1.8,164.14545356761997,20260302-204149,0.0,0.0
106.20383441498089,1.4269529476425016,160.3195633153507,74.42700517241471,0,0,1.8,160.3195633153507,20260302-204149,0.0,0.0
108.90585128653431,1.244219870804041,156.66785313264427,87.52942614246875,0,0,1.8,156.6678531326443,20260302-204149,0.0,0.0
112.02789831109183,1.124523990860581,153.2062243711954,99.62250625294227,0,0,1.8,153.20622437119536,20260302-204149,0.0,0.0
115.53592995735782,1.0437906179841367,149.94346423000093,110.68879904332854,0,0,1.8,149.9434642300009,20260302-204149,0.0,0.0
119.39592864825086,0.9888198839143962,146.88225009318757,120.74588162163936,0,0,1.8,146.88225009318757,20260302-204149,0.0,0.0
123.57491654862841,0.9517694426785206,144.02035036118735,129.83702880905406,0,0,1.7,144.02035036118735,20260302-204149,0.0,0.0
128.0416642260569,0.9276867498209639,141.3518391232717,138.02252134221806,0,0,1.7,141.3518391232717,20260302-204149,0.0,0.0
132.7671311398709,0.9132902720688932,138.86820403832064,145.37232597376854,0,0,1.7,138.86820403832067,20260302-204149,0.0,0.0
137.72468914468683,0.9063195516205003,136.55928432749465,151.9604083332804,0,0,1.7,136.55928432749468,20260302-204149,0.0,0.0
142.8901831633129,0.905166725284296,134.41401938737414,157.8606229901279,0,0,1.7,134.41401938737414,20260302-204149,0.0,0.0
148.24187817362935,0.9086568726227598,132.4210164764869,163.14395746079808,0,0,1.7,132.42101647648687,20260302-204149,0.0,0.0
153.76033298611438,0.9159114857745035,130.56896068708568,167.87684768042095,0,0,1.7,130.56896068708568,20260302-204149,0.0,0.0
157.86623613385575,0.9489164118802,-130.0622048537978,-166.36474420445185,0,0,1.7,-130.0622048537978,20260302-204149,0.0,0.0
152.46943890895287,0.9693820179290796,-127.53157506534218,-157.2851941638839,0,0,1.7,-127.53157506534218,20260302-204149,0.0,0.0
147.39150971937477,1.0011642255795579,-124.8209702554525,-147.2201122988111,0,0,1.7,-124.8209702554525,20260302-204149,0.0,0.0
142.66650104179053,1.0482533892052914,-121.92395989837442,-136.0992509167557,0,0,1.7,-121.92395989837442,20260302-204149,0.0,0.0
138.33058211278845,1.116765793769211,-118.83701145878305,-123.8671374827009,0,0,1.7,-118.83701145878305,20260302-204149,0.0,0.0
134.42140983423596,1.2165769839941323,-115.56051622926448,-110.49149507408755,0,0,1.7,-115.56051622926448,20260302-204149,0.0,0.0
130.97720008455434,1.3647343297498806,-112.09985245935792,-95.97267191817397,0,0,1.7,-112.09985245935792,20260302-204149,0.0,0.0
124.04181590931016,0.4860014467137869,-172.10889961360058,-255.22931412663084,0,0,1.7,-172.10889961360058,20260302-204149,0.0,0.0
115.5380371350483,0.45311010412449737,-172.577554102,-254.98887816304986,0,0,1.7,-172.577554102,20260302-204149,0.0,0.0
107.04321633892683,0.42029003695937595,-173.12063359828656,-254.6889217582698,0,0,1.7,-173.12063359828656,20260302-204149,0.0,0.0
98.55966980244337,0.38755999807255725,-173.75727017322842,-254.3081594917117,0,0,1.7,-173.75727017322842,20260302-204149,0.0,0.0
90.09058256650874,0.35494595133731216,-174.51371110324808,-253.81493218074175,0,0,1.7,-174.51371110324808,20260302-204149,0.0,0.0
81.64045462269962,0.3224849063431117,-175.42692942693338,-253.16054493365118,0,0,1.7,-175.42692942693338,20260302-204149,0.0,0.0
73.21585076369124,0.2902314914017529,-176.55065005542286,-252.26707966828522,0,0,1.7,-176.55065005542286,20260302-204149,0.0,0.0
64.82672275630648,0.25826985433879435,-177.96587677788816,-251.00383055649925,0,0,1.7,-177.96587677788816,20260302-204149,0.0,0.0
56.488878301988144,0.22673671621277047,-179.80029442527737,-249.13864523370268,0,0,1.7,-179.80029442527737,20260302-204149,0.0,0.0
48.22892253132465,0.195870029219823,177.73363996781467,-246.22920986649677,0,0,1.7,177.73363996781467,20260302-204149,0.0,0.0
40.09502180408544,0.1661239511357174,174.25820329660803,-241.35605690794836,0,0,1.7,174.258203296608,20260302-204149,0.0,0.0
32.18289587078118,0.13848657675275294,169.04596042682869,-232.39000216056263,0,0,1.7,169.04596042682869,20260302-204149,0.0,0.0
37.257513497556076,0.16814614166953368,14.772980552986724,-221.57816484888602,0,0,1.6,14.772980552986722,20260302-204149,0.0,0.0
30.164775712748895,0.14939131743972744,22.76805923594543,-201.9178639676901,0,0,1.6,22.768059235945426,20260302-204149,0.0,0.0
24.000306279077822,0.14671187796321863,35.23739172445599,-163.58802444812827,0,0,1.6,35.23739172445598,20260302-204149,0.0,0.0
19.6577042171222,0.21937060472980668,54.586608056324394,-89.60956387631836,0,0,1.6,54.5866080563244,20260302-204149,0.0,0.0
18.4701270866069,0.8462503560396817,80.08766115807634,21.82584261830528,0,0,1.6,80.08766115807636,20260302-204149,0.0,0.0
20.980359387107278,0.17142321878062008,103.87769417787746,122.3892512131453,0,0,1.6,103.87769417787746,20260302-204149,0.0,0.0
24.580237294975333,0.23597092960566476,50.29876196523668,104.16637903682376,0,0,1.6,50.298761965236686,20260302-204149,0.0,0.0
29.12313153801404,0.17823559452664378,34.71442400914083,163.39683223970468,0,0,1.6,34.71442400914083,20260302-204149,0.0,0.0
35.19476841670539,0.17805141198457547,23.899840597359855,197.6663258348903,0,0,1.6,23.899840597359866,20260302-204149,0.0,0.0
42.139445481074624,0.19396288488213378,16.449056799950853,217.25520068791343,0,0,1.6,16.449056799950853,20260302-204149,0.0,0.0
49.591735351984624,0.21662075365752578,11.168727738237152,228.93344480920987,0,0,1.6,11.16872773823716,20260302-204149,0.0,0.0
57.35410859922753,0.2427419890073201,7.291674092925092,236.27600990571912,0,0,1.6,7.291674092925099,20260302-204149,0.0,0.0
65.31610474779227,0.27087642992210514,4.348944803638943,241.12878616487586,0,0,1.6,4.3489448036389415,20260302-204149,0.0,0.0
73.41280211147809,0.300284361556015,2.0503173042298783,244.47760692920292,0,0,1.6,2.0503173042298655,20260302-204149,0.0,0.0
81.6041156836798,0.33054891980438067,0.2106684723737544,246.87454955827184,0,0,1.6,0.21066847237374195,20260302-204149,0.0,0.0
82.92190769997279,1.5882030971693955,-92.5758405842451,-52.21114846568547,0,0,1.6,-92.5758405842451,20260302-204149,0.0,0.0
81.6105556840758,3.10741539351035,-98.45335180673187,-26.26316258023132,0,0,1.6,-98.45335180673187,20260302-204149,0.0,0.0
81.18043239790168,154.17460026756297,-104.45740548889346,0.5265486808917731,0,0,1.6,-104.45740548889346,20260302-204149,0.0,0.0
81.64546645309063,2.990782487033651,-110.45888246643473,27.29903187779767,0,0,1.6,-110.45888246643473,20260302-204149,0.0,0.0
82.99061129526056,1.5600309919166029,-116.32899098526846,53.1980529395131,0,0,1.6,-116.32899098526846,20260302-204149,0.0,0.0
85.17417869733248,1.0990155293797146,-121.95510281455913,77.50043236004578,0,0,1.6,-121.95510281455913,20260302-204149,0.0,0.0
88.13387347186688,0.8839720724311955,-127.25192155408712,99.70210170720844,0,0,1.6,-127.25192155408712,20260302-204149,0.0,0.0
91.794653288363,0.767892317803369,-132.16574342236868,119.54104912906352,0,0,1.6,-132.16574342236868,20260302-204149,0.0,0.0
96.0764116435055,0.7014551462753953,-136.67246672138955,136.96729171302616,0,0,1.6,-136.67246672138955,20260302-204149,0.0,0.0
100.90012467306313,0.663444428770961,-140.7717623297998,152.08526938719172,0,0,1.6,-140.7717623297998,20260302-204149,0.0,0.0
106.19196403953015,0.6432262361090285,-144.47999535054416,165.09271245200006,0,0,1.6,-144.47999535054416,20260302-204149,0.0,0.0
111.88552666405008,0.6348825840355524,-147.82370158824716,176.23026600109836,0,0,1.6,-147.82370158824716,20260302-204149,0.0,0.0
117.92263866618943,0.6348580623813461,-150.8344600904792,185.74646153797403,0,0,1.6,-150.8344600904792,20260302-204149,0.0,0.0
124.25323386490713,0.6408878432960783,-153.5453026104801,193.87672143361976,0,0,1.6,-153.5453026104801,20260302-204149,0.0,0.0
130.83471758124352,0.6514608134111449,-155.98844090061496,200.83282814230014,0,0,1.6,-155.98844090061496,20260302-204149,0.0,0.0
137.6311022480966,0.6655301190238272,-158.1939802306671,206.79920910261487,0,0,1.6,-158.1939802306671,20260302-204149,0.0,0.0
144.61209171529916,0.6823475903277636,-160.18930561342435,211.93317565001612,0,0,1.6,-160.18930561342435,20260302-204149,0.0,0.0
151.7522112435532,0.7013643097288028,-161.9988935974053,216.36717058247714,0,0,1.6,-161.9988935974053,20260302-204149,0.0,0.0
159.03002844471766,0.7221684215303822,-163.64437384173775,220.21182829859742,0,0,1.6,-163.64437384173775,20260302-204149,0.0,0.0
166.42747988157856,0.744444865924484,-165.1447238899701,223.55917476158785,0,0,1.6,-165.1447238899701,20260302-204149,0.0,0.0
173.92930160017485,0.7679485204211619,-166.51652401776417,226.4856262823291,0,0,1.6,-166.51652401776417,20260302-204149,0.0,0.0
181.5225540623031,0.7924858142122192,-167.77422866937985,229.05464149253947,0,0,1.6,-167.77422866937985,20260302-204149,0.0,0.0
189.19622906988587,0.8179018528385468,-168.9304302042771,231.31898822979323,0,0,1.6,-168.9304302042771,20260302-204149,0.0,0.0
196.94092601085617,0.8440712181018771,-169.99610261971262,233.32264125026228,0,0,1.6,-169.99610261971262,20260302-204149,0.0,0.0
195.99673750118853,1.0311781736469594,120.67799024781567,-190.07068080970768,0,0,1.6,120.67799024781566,20260302-204149,0.0,0.0
189.69828676084228,1.0101119432311851,121.81328810917591,-187.79927119169392,0,0,1.6,121.8132881091759,20260302-204149,0.0,0.0
183.4794115001551,0.990220590277938,123.0260494209719,-185.29145253246608,0,0,1.6,123.02604942097192,20260302-204149,0.0,0.0
177.34848306214323,0.9716813891972438,124.32327630142163,-182.51711418354938,0,0,1.6,124.3232763014216,20260302-204149,0.0,0.0
171.31494388989805,0.9547091678567046,125.71263212899498,-179.44202240614837,0,0,1.6,125.71263212899497,20260302-204149,0.0,0.0
165.38945284119566,0.9395668077258859,127.20247179889918,-176.02734737032904,0,0,1.6,127.20247179889921,20260302-204149,0.0,0.0
159.5840461254721,0.9265794757793374,128.80185589139296,-172.22920461436667,0,0,1.6,128.801855891393,20260302-204149,0.0,0.0
153.91231269784456,0.9161542328963097,130.52053954765063,-167.99825528423264,0,0,1.6,130.52053954765066,20260302-204149,0.0,0.0
148.389581095766,0.9088075476232047,132.3689235962562,-163.2794330151062,0,0,1.6,132.3689235962562,20260302-204149,0.0,0.0
143.03311193954463,0.905204701477421,134.3579515613792,-158.01189687381708,0,0,1.6,134.3579515613792,20260302-204149,0.0,0.0
137.86228635852248,0.9062175474064172,136.49893180440898,-152.12934990398557,0,0,1.6,136.49893180440898,20260302-204149,0.0,0.0
132.8987751803746,0.9130114334092707,138.8032597186609,-145.56091010176954,0,0,1.6,138.80325971866094,20260302-204149,0.0,0.0
128.16666666666418,0.9271800516144508,141.28201164861196,-138.2327698309451,0,0,1.6,141.28201164861196,20260302-204149,0.0,0.0
123.69252200516983,0.95096216001195,143.9453818335404,-130.0709189139718,0,0,1.6,143.94538183354044,20260302-204149,0.0,0.0
119.50531833818356,0.9876046989978491,146.80193891089192,-121.0052143934198,0,0,1.6,146.80193891089192,20260302-204149,0.0,0.0
115.6362303855384,1.0420023100647486,149.85769296798958,-110.97502305762923,0,0,1.6,149.8576929679896,20260302-204149,0.0,0.0
112.11819656059222,1.1218943836069315,153.11499167292277,-99.93649865696636,0,0,1.6,153.1149916729228,20260302-204149,0.0,0.0
108.98521816181051,1.2402830954867938,156.57130719125655,-87.87124371717356,0,0,1.6,156.57130719125652,20260302-204149,0.0,0.0
106.27135602367565,1.420823006610623,160.2180328360928,-74.79563290376768,0,0,1.6,160.21803283609276,20260302-204149,0.0,0.0
104.0094226500646,1.7115400436669452,164.0394705073781,-60.7694941377043,0,0,1.6,164.0394705073781,20260302-204149,0.0,0.0
102.22942064026516,2.2271083581365407,168.01223771834395,-45.902311069319616,0,0,1.6,168.01223771834393,20260302-204149,0.0,0.0
100.95684446556525,3.3258846733969203,172.10532910923973,-30.35488430284389,0,0,1.6,172.10532910923973,20260302-204149,0.0,0.0
100.21102733731426,6.990776192137982,176.28100602684424,-14.334749759263403,0,0,1.6,176.28100602684427,20260302-204149,0.0,0.0
100.00375548503725,52.214154774091085,-179.50344900946752,1.915261405986784,0,0,1.6,-179.50344900946752,20260302-204149,0.0,0.0
100.33836642968554,5.5330689236115935,-175.29326363617474,18.134306262028595,0,0,1.6,-175.29326363617474,20260302-204149,0.0,0.0
101.20948572144869,2.971156746721617,-171.13332395585348,34.06400077448742,0,0,1.6,-171.13332395585348,20260302-204149,0.0,0.0
102.60344915146841,2.0741190480878102,-167.0653758449599,49.468447457758735,0,0,1.6,-167.0653758449599,20260302-204149,0.0,0.0
104.49933545774996,1.628975850695125,-163.12570046129508,64.15032820355039,0,0,1.6,-163.12570046129508,20260302-204149,0.0,0.0
106.87043557504717,1.3708234814022429,-159.34355706560254,77.96075645401642,0,0,1.6,-159.34355706560254,20260302-204149,0.0,0.0
105.92609582995831,1.4533614267787036,-160.74398952559972,-72.88351945925642,0,0,1.6,-160.74398952559972,20260302-204149,0.0,0.0
103.73003957924098,1.766170224019498,-164.58824318734156,-58.73162063799793,0,0,1.6,-164.58824318734156,20260302-204149,0.0,0.0
102.01980199941502,2.331445723758302,-168.57992583252428,-43.75817157560014,0,0,1.6,-168.57992583252428,20260302-204149,0.0,0.0
100.8201093256913,3.583955260426882,-172.68701375499793,-28.130962023695215,0,0,1.6,-172.68701375499793,20260302-204149,0.0,0.0
100.14931075371614,8.301968141859144,-176.87094524194055,-12.063321497074389,0,0,1.6,-176.87094524194055,20260302-204149,0.0,0.0
100.01804837128154,23.823791378851666,178.91151115813312,4.198242285653465,0,0,1.6,178.91151115813312,20260302-204149,0.0,0.0
100.42843776098074,4.9249020692927825,174.70571076871965,20.391966448868352,0,0,1.5,174.70571076871968,20260302-204149,0.0,0.0
101.37390087087458,2.7956368241756433,170.55626121080695,36.26147001435602,0,0,1.5,170.55626121080695,20260302-204149,0.0,0.0
102.83968105746042,1.9939668174959435,166.50426671920212,51.57542249705449,0,0,1.5,166.50426671920212,20260302-204149,0.0,0.0
104.80394924704899,1.5845087941166849,162.5850976017539,66.14286372924423,0,0,1.5,162.58509760175386,20260302-204149,0.0,0.0
107.23931700226093,1.3434791525506335,158.82695357399575,79.82209236270174,0,0,1.5,158.82695357399578,20260302-204149,0.0,0.0
110.11453128447833,1.1901345687615295,155.2502983776484,92.52275681653802,0,0,1.5,155.25029837764836,20260302-204149,0.0,0.0
113.39613946005773,1.0882311566483052,151.86806940773806,104.20225405906581,0,0,1.5,151.86806940773806,20260302-204149,0.0,0.0
117.04996558925133,1.0190809727473409,148.68645672980864,114.85835642058576,0,0,1.5,148.68645672980864,20260302-204149,0.0,0.0
121.0423066535025,0.9720704343095032,145.7060121597155,124.52009893653768,0,0,1.5,145.7060121597155,20260302-204149,0.0,0.0
125.34081981187012,0.9407246472271379,142.92287422702913,133.2385838739554,0,0,1.5,142.92287422702913,20260302-204149,0.0,0.0
129.9151175875172,0.920869282662352,140.3299508667257,141.07878287775634,0,0,1.5,140.3299508667257,20260302-204149,0.0,0.0
134.737114411734,0.9096921774076318,137.91796366040933,148.1128647227649,0,0,1.5,137.91796366040936,20260302-204149,0.0,0.0
139.78117819570178,0.9052296161310407,135.67630999881186,154.41516241274536,0,0,1.5,135.67630999881186,20260302-204149,0.0,0.0
145.02413975304916,0.9060687957042073,133.5937367305022,160.05864062489283,0,0,1.5,133.5937367305022,20260302-204149,0.0,0.0
150.44520597214415,0.9111672919920812,131.65884107019195,165.11260587858288,0,0,1.5,131.65884107019195,20260302-204149,0.0,0.0
156.0258133913917,0.9197391525922548,129.86042506869262,169.64137380869133,0,0,1.5,129.86042506869265,20260302-204149,0.0,0.0
161.74944959549458,0.9311805913120025,128.18773269423139,173.7036307507172,0,0,1.4,128.18773269423139,20260302-204149,0.0,0.0
167.60146180747068,0.9450201012632756,126.63059685556016,177.35227174895633,0,0,1.4,126.63059685556017,20260302-204149,0.0,0.0
173.56886561567495,0.9608841107293211,125.17951987754526,180.6345465364542,0,0,1.4,125.17951987754527,20260302-204149,0.0,0.0
179.64016192872614,0.9784728110931417,123.82570650153349,183.59238998990034,0,0,1.4,123.8257065015335,20260302-204149,0.0,0.0
174.9057439146766,1.0189914278988028,-131.57713500381575,-171.64594237592223,0,0,1.4,-131.57713500381575,20260302-204149,0.0,0.0
169.31224073075515,1.0334165580099421,-129.34883484992457,-163.83736008333463,0,0,1.4,-129.34883484992457,20260302-204149,0.0,0.0
163.99206235119112,1.056404509047599,-126.97215873496413,-155.2360492090649,0,0,1.4,-126.97215873496413,20260302-204149,0.0,0.0
158.9726524064116,1.0904849569163702,-124.44080592691691,-145.78160973072764,0,0,1.4,-124.44080592691691,20260302-204149,0.0,0.0
154.2833690261773,1.1392928616994815,-121.7500472470511,-135.4202893854992,0,0,1.4,-121.7500472470511,20260302-204149,0.0,0.0
149.95518580232718,1.2082461533715754,-118.89735135174308,-124.1097978122104,0,0,1.4,-118.89735135174308,20260302-204149,0.0,0.0
146.0202163604696,1.3057917198520785,-115.88307887029161,-111.82504387224243,0,0,1.4,-115.88307887029161,20260302-204149,0.0,0.0
142.51103630565345,1.4458660365658922,-112.71119702184478,-98.56448156437405,0,0,1.4,-112.71119702184478,20260302-204149,0.0,0.0
139.45979133022257,1.6532198553144375,-109.389940897863,-84.35647012217727,0,0,1.4,-109.389940897863,20260302-204149,0.0,0.0
136.89710505643353,1.9764322642731456,-105.93232307293201,-69.2647592993929,0,0,1.4,-105.93232307293201,20260302-204149,0.0,0.0
134.85083386394095,2.525675377086278,-102.35637899792111,-53.39198975741307,0,0,1.4,-102.35637899792111,20260302-204149,0.0,0.0
133.3447541554344,3.6156319670725345,-98.68504162882043,-36.88006837250074,0,0,1.4,-98.68504162882043,20260302-204149,0.0,0.0
132.39730198818745,6.650943016130312,-94.94557267534907,-19.906545833739465,0,0,1.4,-94.94557267534907,20260302-204149,0.0,0.0
132.02050497075973,49.3216983469124,-91.16854032537397,-2.67672260679613,0,0,1.4,-91.16854032537397,20260302-204149,0.0,0.0
132.21924193445716,9.063589601602573,-87.38641403857034,14.587955517213501,0,0,1.4,-87.38641403857034,20260302-204149,0.0,0.0
132.99093273120414,4.200093072208898,-83.63192544154435,31.663806121625306,0,0,1.4,-83.63192544154435,20260302-204149,0.0,0.0
134.32570299728135,2.778818275985862,-79.93639620338438,48.33914623280849,0,0,1.4,-79.93639620338438,20260302-204149,0.0,0.0
136.20699992554364,2.114135888429794,-76.3282413110979,64.42679520790264,0,0,1.4,-76.3282413110979,20260302-204149,0.0,0.0
138.6125723652991,1.737582775157421,-72.83181672943955,79.7732196399916,0,0,1.4,-72.83181672943955,20260302-204149,0.0,0.0
141.51568694932212,1.5012778974279584,-69.46670772323309,94.26348525597541,0,0,1.4,-69.46670772323309,20260302-204149,0.0,0.0
144.8864387503428,1.3437552093896172,-66.24747154158624,107.82204804709595,0,0,1.4,-66.24747154158624,20260302-204149,0.0,0.0
148.69302828572748,1.2348882798567657,-63.18377839078114,120.41010568419544,0,0,1.4,-63.18377839078114,20260302-204149,0.0,0.0
152.90290786577114,1.1581745998437762,-60.280851457318875,132.02060197693498,0,0,1.4,-60.280851457318875,20260302-204149,0.0,0.0
157.48373837587764,1.1038164837549294,-57.54009268667116,142.67202990134214,0,0,1.4,-57.54009268667116,20260302-204149,0.0,0.0
162.40413331525858,1.065629909124833,-54.95979002052022,152.40200366432637,0,0,1.4,-54.959790020520224,20260302-204149,0.0,0.0
167.6341946886843,1.0395191407765068,-52.53582414216251,161.26128717886215,0,0,1.4,-52.53582414216251,20260302-204149,0.0,0.0
173.14586332330373,1.0226638612858545,-50.26231934741884,169.30867499864266,0,0,1.4,-50.26231934741885,20260302-204149,0.0,0.0
178.9131151956884,1.0130585702842716,-48.132207611466725,176.6068818167977,0,0,1.4,-48.13220761146672,20260302-204149,0.0,0.0
181.53230023091925,1.778402657109643,52.17021778262534,-102.0760397006803,0,0,1.4,52.17021778262533,20260302-204149,0.0,0.0
178.30172750939073,1.9451482519835464,54.68679886268254,-91.66485244894277,0,0,1.4,54.68679886268254,20260302-204149,0.0,0.0
175.42740897967815,2.17368150529685,57.29101655549161,-80.70520384527117,0,0,1.4,57.29101655549161,20260302-204149,0.0,0.0
172.9271100568078,2.497850386743137,59.97623239476738,-69.23037143240657,0,0,1.4,59.97623239476738,20260302-204149,0.0,0.0
170.81725541250563,2.9817489805220676,62.73397427757135,-57.28760419751955,0,0,1.4,62.733974277571335,20260302-204149,0.0,0.0
169.1124592793472,3.7632203049289803,65.55397195747611,-44.93822991384468,0,0,1.4,65.55397195747612,20260302-204149,0.0,0.0
167.82506607519142,5.202763464286956,68.4242897178462,-32.256908703842456,0,0,1.4,68.42428971784618,20260302-204149,0.0,0.0
166.96473132240138,8.637615205406433,71.33156093590515,-19.329957094858226,0,0,1.4,71.33156093590513,20260302-204149,0.0,0.0
166.53807369717833,26.634285430232588,74.26131883063368,-6.2527704801173645,0,0,1.4,74.2613188306337,20260302-204149,0.0,0.0
166.5484261671594,24.23047453161716,77.1984063740017,6.873510708584701,0,0,1.4,77.1984063740017,20260302-204149,0.0,0.0
166.99570745840893,8.372459319116373,80.12743811658385,19.94583683161253,0,0,1.4,80.12743811658386,20260302-204149,0.0,0.0
167.87642521538592,5.108332149418568,83.0332795680294,32.86325561944786,0,0,1.4,83.03327956802941,20260302-204149,0.0,0.0
169.1838105713589,3.7158157976735224,85.9015073006421,45.53073128040553,0,0,1.4,85.90150730064208,20260302-204149,0.0,0.0
170.90807224522675,2.9536958705418495,88.71881565724425,57.86244750170369,0,0,1.4,88.71881565724422,20260302-204149,0.0,0.0
173.03674852614301,2.479592655700137,91.47334324302369,69.78434466982416,0,0,1.4,91.47334324302366,20260302-204149,0.0,0.0
175.55512896297128,2.161057485062849,94.15490270843156,81.23575155978125,0,0,1.4,94.15490270843156,20260302-204149,0.0,0.0
178.44671488345512,1.9360588334066229,96.75510864342488,92.17008894789957,0,0,1.3,96.75510864342486,20260302-204149,0.0,0.0
181.6936888914268,1.7716754506673753,99.26740873684219,102.55472514617975,0,0,1.3,99.26740873684217,20260302-204149,0.0,0.0
185.27736746844678,1.6488132282492174,101.68703127387556,112.3701364679021,0,0,1.3,101.68703127387558,20260302-204149,0.0,0.0
189.17861663488017,1.5556356496069488,104.01086686368023,121.60856347222344,0,0,1.3,104.01086686368025,20260302-204149,0.0,0.0
193.37821715622954,1.4844147942799408,106.23730404069318,130.27235911511738,0,0,1.3,106.23730404069319,20260302-204149,0.0,0.0
197.85717205080687,1.4298910043399435,108.36603761581989,138.3722056088746,0,0,1.3,108.36603761581992,20260302-204149,0.0,0.0
202.59695450857382,1.388360312479592,110.39786616785312,145.92534278564798,0,0,1.3,110.39786616785312,20260302-204149,0.0,0.0
207.57969843686905,1.3571388708914536,112.3344916799523,152.95391126813556,0,0,1.3,112.33449167995231,20260302-204149,0.0,0.0
206.20405212097435,1.066905875104187,119.00962390772708,-193.2729558742357,0,0,1.3,119.00962390772709,20260302-204149,0.0,0.0
199.7935629037538,1.0442591605923408,120.0341855907626,-191.32565022501103,0,0,1.3,120.0341855907626,20260302-204149,0.0,0.0
193.45118247247422,1.022563228189814,121.12629731451545,-189.1826120277471,0,0,1.3,121.12629731451547,20260302-204149,0.0,0.0
187.18383417853252,1.0019508709318872,122.29198950017911,-186.8193736928817,0,0,1.3,122.29198950017913,20260302-204149,0.0,0.0
180.99931246032332,0.9825808184519829,123.53788785856636,-184.20806620821335,0,0,1.3,123.53788785856638,20260302-204149,0.0,0.0
174.90640354200502,0.9646443943430927,124.87125643930727,-181.3169750093385,0,0,1.3,124.87125643930727,20260302-204149,0.0,0.0
238.14621092466695,1.1873351551981153,-114.82891205847385,-200.57202036179126,0,0,1.2,-114.82891205847385,20260302-204149,0.0,0.0
231.48114634049432,1.1613892936778831,-115.59459201332866,-199.3140005686127,0,0,1.2,-115.59459201332866,20260302-204149,0.0,0.0
224.85986747305154,1.135983859589196,-116.40551680153878,-197.94283657724435,0,0,1.2,-116.40551680153878,20260302-204149,0.0,0.0
218.28635881438584,1.111180406511698,-117.26546325539415,-196.4454714420739,0,0,1.2,-117.26546325539415,20260302-204149,0.0,0.0
211.76506899024415,1.0870502046972499,-118.17859010995971,-194.80707337635985,0,0,1.2,-118.17859010995971,20260302-204149,0.0,0.0
205.30097418180577,1.0636762371515036,-119.14947803814879,-193.01077434200866,0,0,1.2,-119.14947803814879,20260302-204149,0.0,0.0
198.89965085718387,1.041155708860917,-120.18317247864512,-191.03737237803873,0,0,1.2,-120.18317247864512,20260302-204149,0.0,0.0
192.56735906631835,1.019603229958399,-121.28522866194528,-188.86499513558357,0,0,1.2,-121.28522866194528,20260302-204149,0.0,0.0
186.31113761661877,0.9991548939011778,-122.46175778088784,-186.4687234720646,0,0,1.2,-122.46175778088784,20260302-204149,0.0,0.0
180.13891244752338,0.9799735586884599,-123.71947259371609,-183.82017642252603,0,0,1.2,-123.71947259371609,20260302-204149,0.0,0.0
174.0596194156183,0.9622557665663625,-125.06572982090293,-180.8870629445214,0,0,1.2,-125.06572982090293,20260302-204149,0.0,0.0
168.08334242273634,0.9462409276185476,-126.50856541634491,-177.6327122583465,0,0,1.1,-126.50856541634491,20260302-204149,0.0,0.0
162.2214672737346,0.9322236811859725,-128.0567170597105,-174.01560435297768,0,0,1.1,-128.0567170597105,20260302-204149,0.0,0.0
156.486850707794,0.9205707965396439,-129.71962592481717,-169.98893653374216,0,0,1.1,-129.71962592481717,20260302-204149,0.0,0.0
150.8940025315752,0.9117446842589955,-131.50740683914503,-165.50028219162218,0,0,1.1,-131.50740683914503,20260302-204149,0.0,0.0
145.45927646977418,0.9063367454416755,-133.43077232850678,-160.49142573259462,0,0,1.0,-133.43077232850678,20260302-204149,0.0,0.0
140.20106197093133,0.9051157212702436,-135.50089183478903,-154.898493834769,0,0,1.0,-135.50089183478903,20260302-204149,0.0,0.0
135.13996448127108,0.9090995524891895,-137.72916294908262,-148.65254757990664,0,0,1.0,-137.72916294908262,20260302-204149,0.0,0.0
130.29895539787358,0.9196652618933348,-140.12686758751101,-141.68084932296378,0,0,1.0,-140.12686758751101,20260302-204149,0.0,0.0
125.70346499245933,0.9387226023215354,-142.70468407121658,-133.90906395732318,0,0,1.0,-142.70468407121658,20260302-204149,0.0,0.0
121.3813824274522,0.9689992633905301,-145.47202834386334,-125.26467977151863,0,0,1.0,-145.47202834386334,20260302-204149,0.0,0.0
117.36291767182642,1.014531278515863,-148.43620731210962,-115.68191159518928,0,0,1.0,-148.43620731210962,20260302-204149,0.0,0.0
113.68027289043587,1.0815543442076159,-151.6013884082994,-105.10823935871846,0,0,1.0,-151.6013884082994,20260302-204149,0.0,0.0
110.36706936400726,1.1802387434961517,-154.96742537403338,-93.51249480005494,0,0,1.0,-154.96742537403338,20260302-204149,0.0,0.0
107.4574851330086,1.3283738528006812,-158.52863167608757,-80.89400804333079,0,0,0.9,-158.52863167608757,20260302-204149,0.0,0.0
104.98508359656383,1.5601471807141223,-162.27265460927094,-67.29178175901922,0,0,0.9,-162.27265460927094,20260302-204149,0.0,0.0
102.98135753620546,1.9506971268810802,-166.17966047299194,-52.79207936337084,0,0,0.9,-166.17966047299194,20260302-204149,0.0,0.0
101.47407441202716,2.70363858086076,-170.2220699504553,-37.53241099989066,0,0,0.9,-170.2220699504553,20260302-204149,0.0,0.0
100.4855766322263,4.630679548328641,-174.36505479783463,-21.699963381939206,0,0,0.9,-174.36505479783463,20260302-204149,0.0,0.0
100.03124511871268,18.110859728538824,-178.5679038158379,-5.523274246395102,0,0,0.9,-178.5679038158379,20260302-204149,0.0,0.0
100.11835218602276,9.319733878790696,177.21380365989603,10.742619208673569,0,0,0.9,177.21380365989603,20260302-204149,0.0,0.0
100.74549342002625,3.75417206077436,173.02547084511815,26.835608967599057,0,0,0.9,173.02547084511815,20260302-204149,0.0,0.0
101.90269868850469,2.397303536798831,168.91060446422551,42.507215763164254,0,0,0.9,168.91060446422551,20260302-204149,0.0,0.0
103.57220240542996,1.7999766950611464,164.9082272774823,57.54085743977454,0,0,0.9,164.90822727748233,20260302-204149,0.0,0.0
105.7297393252158,1.473282666315068,161.050945318078,71.76473445497324,0,0,0.9,161.050945318078,20260302-204149,0.0,0.0
108.34615821523333,1.2737925496705746,157.36386362051326,85.05793054234269,0,0,0.9,157.36386362051323,20260302-204149,0.0,0.0
111.38912773596091,1.1442127352612648,153.86435240697244,97.35001569487582,0,0,0.9,153.86435240697247,20260302-204149,0.0,0.0
114.82474084931182,1.0571654733045497,150.56251425386876,108.61567441318901,0,0,0.8,150.56251425386876,20260302-204149,0.0,0.0
118.61888551154313,0.997917700960268,147.46212443192337,118.86640090400194,0,0,0.8,147.46212443192337,20260302-204149,0.0,0.0
122.73831693666443,0.9578366024846059,144.56180964941825,128.14118464285463,0,0,0.8,144.56180964941825,20260302-204149,0.0,0.0
127.15142328910497,0.9315285001293068,141.856271446307,136.49762006364261,0,0,0.8,141.856271446307,20260302-204149,0.0,0.0
131.8287146262178,0.9154499338913429,139.337421427923,144.00428657616231,0,0,0.8,139.337421427923,20260302-204149,0.0,0.0
136.74308432645486,0.9071769643690734,136.9953549740585,150.73474051620946,0,0,0.8,136.9953549740585,20260302-204149,0.0,0.0
141.8698973629666,0.9049954111641857,134.81913670129552,156.763112401272,0,0,0.8,134.81913670129555,20260302-204149,0.0,0.0
147.18695594379608,0.907658790011734,132.797401838233,162.16110895801856,0,0,0.8,132.79740183823301,20260302-204149,0.0,0.0
152.67438481218392,0.9142389905532196,130.9187947082911,166.99614257295937,0,0,0.8,130.91879470829107,20260302-204149,0.0,0.0
158.31446905167013,0.924030729577594,129.17227245822528,171.33030751481726,0,0,0.8,129.1722724582253,20260302-204149,0.0,0.0
164.09146839492044,0.9364884651903771,127.54730277200781,175.21995677924616,0,0,0.8,127.5473027720078,20260302-204149,0.0,0.0
290.4774537601474,5.001131077061788,-138.82887524110936,58.082351628905045,0,0,0.7,-138.82887524110936,20260302-204149,0.0,0.0
287.234448000095,1.4645614458801386,41.03401843309831,-196.1231799513058,0,0,0.7,41.034018433098325,20260302-204149,0.0,0.0
280.754668124102,1.4575292839029188,42.19524466913498,-192.62368943442934,0,0,0.7,42.19524466913499,20260302-204149,0.0,0.0
274.3956294317609,1.452784180304491,43.41081200456463,-188.87570029448554,0,0,0.7,43.41081200456464,20260302-204149,0.0,0.0
268.16592149498047,1.4506380066819635,44.68345195272505,-184.86067527511906,0,0,0.7,44.68345195272506,20260302-204149,0.0,0.0
262.07476733457963,1.4514620387461794,46.01593278294038,-180.55916058333045,0,0,0.7,46.01593278294039,20260302-204149,0.0,0.0
256.13205210968476,1.4557018073501495,47.4110297466091,-175.9509061652732,0,0,0.7,47.4110297466091,20260302-204149,0.0,0.0
250.34834687807452,1.463896639315941,48.87148747034803,-171.01504310786513,0,0,0.7,48.87148747034803,20260302-204149,0.0,0.0
244.73492532426468,1.4767057118705238,50.399973423322706,-165.73033025941382,0,0,0.7,50.39997342332271,20260302-204149,0.0,0.0
239.30377093682478,1.4949433027648604,51.999021434908116,-160.07548279204863,0,0,0.7,51.99902143490812,20260302-204149,0.0,0.0
234.06757169227313,1.519627259187656,53.67096441503935,-154.02959526890703,0,0,0.7,53.670964415039364,20260302-204149,0.0,0.0
229.03969890277267,1.5520468542446006,55.41785574926399,-147.5726704231806,0,0,0.7,55.417855749263985,20260302-204149,0.0,0.0
224.23416655641557,1.5938597247858697,57.24137934159691,-140.68626182679958,0,0,0.7,57.241379341596904,20260302-204149,0.0,0.0
219.66556728638673,1.6472335497693835,59.142748995322734,-133.35423341586286,0,0,0.7,59.14274899532274,20260302-204149,0.0,0.0
215.3489811294033,1.715058567805704,61.1225987777141,-125.56363098720709,0,0,0.7,61.12259877771411,20260302-204149,0.0,0.0
211.29985356813745,1.8012760133637766,63.180867209027554,-117.30564999505403,0,0,0.7,63.18086720902756,20260302-204149,0.0,0.0
207.53384009501383,1.911403614700127,65.31667951203644,-108.57667030601124,0,0,0.7,65.31667951203643,20260302-204149,0.0,0.0
204.06661577404432,2.053411423740845,67.52823366755763,-99.37931259887591,0,0,0.7,67.52823366755764,20260302-204149,0.0,0.0
200.9136500703283,2.239254518375069,69.81269749355434,-89.72345413245955,0,0,0.7,69.81269749355434,20260302-204149,0.0,0.0
198.0899495631099,2.4877194495714363,72.16612518562712,-79.62712579878539,0,0,0.7,72.16612518562712,20260302-204149,0.0,0.0
195.60977397223982,2.8301171356110126,74.5834024586253,-69.11720066668136,0,0,0.7,74.58340245862529,20260302-204149,0.0,0.0
193.48633401676798,3.3228072293997077,77.05822932804432,-58.22978001998716,0,0,0.7,77.05822932804432,20260302-204149,0.0,0.0
191.73148268150453,4.078509036749311,79.58314841805918,-47.010189496679416,0,0,0.7,79.58314841805921,20260302-204149,0.0,0.0
190.35541409024873,2.2578799763861377,82.14962434052507,84.30714479116075,0,0,0.9,82.14962434052508,20260302-204149,0.0,0.0
193.17471156329094,2.2767488553998723,82.70452064408687,84.84673709404943,0,0,0.9,82.70452064408687,20260302-204149,0.0,0.0
196.7646368132756,2.043027862536903,82.77845061821193,96.31030512180371,0,0,0.7,82.77845061821195,20260302-204149,0.0,0.0
199.97770841878722,2.072894795137254,83.07773054474302,96.47267622452877,0,0,0.7,83.07773054474302,20260302-204149,0.0,0.0
203.19606359978565,2.1028824593140163,83.36753777979891,96.62739954855606,0,0,0.7,83.36753777979894,20260302-204149,0.0,0.0
206.41945522240925,2.132984655572502,83.64830090604488,96.77493679250374,0,0,0.7,83.6483009060449,20260302-204149,0.0,0.0
209.64765097666546,2.1631956017289573,83.92042390840254,96.91571617892637,0,0,0.7,83.92042390840257,20260302-204149,0.0,0.0
212.88043230790538,2.193509898378255,84.18428784679725,97.05013524912559,0,0,0.7,84.18428784679725,20260302-204149,0.0,0.0
216.11759343703847,2.2239224977348075,84.44025240039758,97.17856339740554,0,0,0.7,84.4402524003976,20260302-204149,0.0,0.0
294.7042454192848,2.114490866832904,-107.76725700216535,-139.3736194570064,0,0,0.6,-107.76725700216535,20260302-204149,0.0,0.0
290.1523716961896,2.1702623837948347,-106.30944839950028,-133.6946047919057,0,0,0.6,-106.30944839950028,20260302-204149,0.0,0.0
285.79424658257653,2.237173665137373,-104.80618048722354,-127.74790398984399,0,0,0.6,-104.80618048722354,20260302-204149,0.0,0.0
281.6388645135582,2.3174530175194668,-103.25746020375178,-121.52948188568504,0,0,0.6,-103.25746020375178,20260302-204149,0.0,0.0
277.69532706776897,2.413965514964765,-101.66356036408116,-115.0369901087101,0,0,0.6,-101.66356036408116,20260302-204149,0.0,0.0
273.9727822103302,2.530457954260711,-100.02504932655471,-108.27003932194283,0,0,0.6,-100.02504932655471,20260302-204149,0.0,0.0
270.48035447120355,2.6719263123688446,-98.34281915760613,-101.23046927570556,0,0,0.6,-98.34281915760613,20260302-204149,0.0,0.0
267.22706630068717,2.845183678552856,-96.61811113090903,-93.92260623279222,0,0,0.6,-96.61811113090903,20260302-204149,0.0,0.0
264.22175122135724,3.0597690269550712,-94.85253727255105,-86.35349560495992,0,0,0.6,-94.85253727255105,20260302-204149,0.0,0.0
261.4729598243282,3.329461997914828,-93.04809658878985,-78.53309633450786,0,0,0.6,-93.04809658878985,20260302-204149,0.0,0.0
258.9888601197236,3.674934103576849,-91.20718460674637,-70.47442289309276,0,0,0.6,-91.20718460674637,20260302-204149,0.0,0.0
256.77713422136674,4.128673168841157,-89.33259493853981,-62.19362098197745,0,0,0.6,-89.33259493853981,20260302-204149,0.0,0.0
254.844873791424,4.744834168642834,-87.42751175899818,-53.70996429666947,0,0,0.6,-87.42751175899818,20260302-204149,0.0,0.0
253.19847705426844,5.6209167030269604,-85.49549237201943,-45.04576218286898,0,0,0.5,-85.49549237201943,20260302-204149,0.0,0.0
251.84355047020762,6.9519780558187785,-83.5404394267718,-36.226171666266346,0,0,0.5,-83.5404394267718,20260302-204149,0.0,0.0
250.784818301037,9.19335851177026,-81.5665628162711,-27.278912051559516,0,0,0.5,-81.5665628162711,20260302-204149,0.0,0.0
250.02604326976282,13.712164616965019,-79.57833181933769,-18.23388576887595,0,0,0.5,-79.57833181933769,20260302-204149,0.0,0.0
249.4410368027583,4.406424881553008,-91.99084355435794,-56.60848499812503,0,0,0.5,-91.99084355435794,20260302-204149,0.0,0.0
247.6925924909179,5.131521252626123,-93.9070150749875,-48.26884276551675,0,0,0.5,-93.9070150749875,20260302-204149,0.0,0.0
246.2249368654971,6.191966143063338,-95.84822444528585,-39.76522661405942,0,0,0.5,-95.84822444528585,20260302-204149,0.0,0.0
245.0431152264299,7.873305705110849,-97.81043090010064,-31.12328218976224,0,0,0.5,-97.81043090010064,20260302-204149,0.0,0.0
244.15127837313892,10.913753251603854,-99.78930963269686,-22.37097291321472,0,0,0.5,-99.78930963269686,20260302-204149,0.0,0.0
243.5526119106748,17.99006578274959,-101.78030365098067,-13.538172392021703,0,0,0.5,-101.78030365098067,20260302-204149,0.0,0.0
243.24928043407405,52.24222205948496,-103.77868350707232,-4.656181740453177,0,0,0.5,-103.77868350707232,20260302-204149,0.0,0.0
243.24238882396105,57.33047679317714,-105.77961306496897,4.242811196241598,0,0,0.5,-105.77961306496897,20260302-204149,0.0,0.0
243.53196224682404,18.552965058782338,-107.77821908369897,13.126309540023865,0,0,0.5,-107.77821908369897,20260302-204149,0.0,0.0
244.11694569754724,11.115374525935936,-109.76966214169566,21.96209809466516,0,0,0.5,-109.76966214169566,20260302-204149,0.0,0.0
244.9952231034702,7.975410696583842,-111.7492063384179,30.71882219286971,0,0,0.5,-111.7492063384179,20260302-204149,0.0,0.0
246.16365518948626,6.253120376968086,-113.71228529104864,39.36653068381233,0,0,0.5,-113.71228529104864,20260302-204149,0.0,0.0
247.6181345436692,5.171946824241424,-115.65456218871287,47.87716172623018,0,0,0.5,-115.65456218871287,20260302-204149,0.0,0.0
249.35365567690053,4.4349285714554005,-117.57198204848136,56.22495416990914,0,0,0.5,-117.57198204848136,20260302-204149,0.0,0.0
251.36439737936453,3.903975737424267,-119.46081479783564,64.38677243040647,0,0,0.5,-119.46081479783564,20260302-204149,0.0,0.0
253.643814366243,3.5061600183780213,-121.31768834121584,72.34233835213851,0,0,0.5,-121.31768834121584,20260302-204149,0.0,0.0
256.18473508102,3.199335043635549,-123.13961130650877,80.07436907573947,0,0,0.5,-123.13961130650877,20260302-204149,0.0,0.0
258.9794625770872,2.957445807233784,-124.92398566820965,87.5686249072205,0,0,0.5,-124.92398566820965,20260302-204149,0.0,0.0
262.0198756026165,2.763518259690954,-126.66860987382445,94.81387527792863,0,0,0.5,-126.66860987382445,20260302-204149,0.0,0.0
265.29752733641067,2.606020161620898,-128.37167343669043,101.8017938784481,0,0,0.5,-128.37167343669043,20260302-204149,0.0,0.0
268.8037396256342,2.476842123993427,-130.0317441916473,108.52679588323552,0,0,0.5,-130.0317441916473,20260302-204149,0.0,0.0
272.52969102200063,2.370115420737353,-131.64774954069853,114.98583091671354,0,0,0.5,-131.64774954069853,20260302-204149,0.0,0.0
276.46649736681974,2.281488109223454,-133.21895305344074,121.17814519792529,0,0,0.5,-133.21895305344074,20260302-204149,0.0,0.0
280.60528410904453,2.2076647508237706,-134.74492774694863,127.10502534605362,0,0,0.5,-134.74492774694863,20260302-204149,0.0,0.0
284.93724993315044,2.14610415134988,-136.22552727030762,132.76953485874742,0,0,0.5,-136.22552727030762,20260302-204149,0.0,0.0
289.4537216118061,2.09481525488277,-137.66085607894294,138.17625250585854,0,0,0.5,-137.66085607894294,20260302-204149,0.0,0.0
294.14620027512245,2.052215914414127,-139.0512395207818,143.33102000093214,0,0,0.5,-139.0512395207818,20260302-204149,0.0,0.0
299.00639950270164,2.017033044808495,-140.39719458500025,148.2407044705063,0,0,0.5,-140.39719458500025,20260302-204149,0.0,0.0
304.02627579989723,1.988230670197606,-141.69940189635327,152.91297954360633,0,0,0.5,-141.69940189635327,20260302-204149,0.0,0.0
309.1980521216949,1.9649571785689377,-142.95867938228346,157.356127397586,0,0,0.5,-142.95867938228346,20260302-204149,0.0,0.0
314.5142351640936,1.9465060565947772,-144.1759579015221,161.57886285455777,0,0,0.5,-144.1759579015221,20260302-204149,0.0,0.0
319.96762716213703,1.9322862495487496,-145.35225900453537,165.590179631439,0,0,0.5,-145.35225900453537,20260302-204149,0.0,0.0
325.5513329239971,1.9217995017194949,-146.4886748986974,169.3992180936232,0,0,0.5,-146.4886748986974,20260302-204149,0.0,0.0
331.2587627993006,1.9146228317985738,-147.58635061378627,173.01515332297592,0,0,0.5,-147.58635061378627,20260302-204149,0.0,0.0
337.08363223384873,1.9103948350531,-148.64646830461928,176.44710195443938,0,0,0.5,-148.64646830461928,20260302-204149,0.0,0.0
343.0199585075409,1.9088048716041914,-149.6702335851382,179.7040460292105,0,0,0.5,-149.6702335851382,20260302-204149,0.0,0.0
349.0620551921604,1.9095844554328347,-150.65886375954494,182.79477202438815,0,0,0.5,-150.65886375954494,20260302-204149,0.0,0.0
355.2045248041525,1.9125003386431243,-151.61357779869854,185.72782322023644,0,0,0.5,-151.61357779869854,20260302-204149,0.0,0.0
361.4422500671746,1.9173489139809858,-152.5355879015918,188.51146363168357,0,0,0.5,-152.5355879015918,20260302-204149,0.0,0.0
367.77038414180305,1.9239516514732877,-153.42609248023652,191.1536518395245,0,0,0.5,-153.42609248023652,20260302-204149,0.0,0.0
374.18434012650243,1.9321513529525487,-154.28627040991051,193.66202319228557,0,0,0.5,-154.28627040991051,20260302-204149,0.0,0.0
380.679780085457,1.9418090584075955,-155.11727639394496,196.04387899891566,0,0,0.5,-155.11727639394496,20260302-204149,0.0,0.0
387.2526038154256,1.9528014755469476,-155.92023730183854,198.30618148573575,0,0,0.5,-155.92023730183854,20260302-204149,0.0,0.0
393.8989375254156,1.9650188321688484,-156.6962493505101,200.4555534415199,0,0,0.5,-156.6962493505101,20260302-204149,0.0,0.0
400.61512256951164,1.9783630723651098,-157.44637601020045,202.49828161752987,0,0,0.5,-157.44637601020045,20260302-204149,0.0,0.0
407.3977043443269,1.9927463340057867,-158.17164652835714,204.44032308185587,0,0,0.5,-158.17164652835714,20260302-204149,0.0,0.0
414.2434214379024,2.0080896576281084,-158.87305497638363,206.28731384792525,0,0,0.5,-158.87305497638363,20260302-204149,0.0,0.0
421.1491950960381,2.024321886710905,-159.55155973513763,208.04457920489932,0,0,0.5,-159.55155973513763,20260302-204149,0.0,0.0
428.11211905458975,2.0413787270345733,-160.2080833453481,209.7171452729355,0,0,0.5,-160.2080833453481,20260302-204149,0.0,0.0
435.1294497717787,2.059201938909904,-160.84351265858336,211.30975138947596,0,0,0.5,-160.84351265858336,20260302-204149,0.0,0.0
442.198597082668,2.077738640883172,-161.4586992330104,212.82686300462956,0,0,0.5,-161.4586992330104,20260302-204149,0.0,0.0
449.31711528827594,2.0969407073727147,-162.05445992592163,214.27268482532892,0,0,0.5,-162.05445992592163,20260302-204149,0.0,0.0
453.30507213404377,4.3481381996990764,-12.785217008612562,-104.25268271496427,0,0,0.5,-12.785217008612554,20260302-204149,0.0,0.0
449.8300027874249,4.3148551093944985,-12.768098530993939,-104.25147342909258,0,0,0.5,-12.768098530993942,20260302-204149,0.0,0.0
446.3549742204706,4.2815728026110325,-12.75071350521057,-104.25023578911699,0,0,0.5,-12.750713505210584,20260302-204149,0.0,0.0
442.87998739310564,4.2482912978207885,-12.733055660144203,-104.248968901988,0,0,0.5,-12.733055660144213,20260302-204149,0.0,0.0
439.405043295609,4.215010614081131,-12.715118526504938,-104.24767183923188,0,0,0.5,-12.715118526504934,20260302-204149,0.0,0.0
435.93014294982265,4.181730771058048,-12.696895428945197,-104.24634363525155,0,0,0.5,-12.696895428945204,20260302-204149,0.0,0.0
432.4552874104186,4.148451789050638,-12.678379477794408,-104.24498328553187,0,0,0.5,-12.678379477794422,20260302-204149,0.0,0.0
428.9804777662276,4.115173689016806,-12.659563560392712,-104.24358974474278,0,0,0.5,-12.6595635603927,20260302-204149,0.0,0.0
425.5057151416326,4.0818964926001895,-12.640440332000907,-104.24216192473398,0,0,0.5,-12.640440332000901,20260302-204149,0.0,0.0
422.0310006980312,4.04862022215845,-12.62100220626266,-104.24069869241349,0,0,0.5,-12.62100220626266,20260302-204149,0.0,0.0
418.55633563537094,4.015344900792967,-12.601241345192392,-104.2391988675027,0,0,0.5,-12.60124134519238,20260302-204149,0.0,0.0
415.081721193761,3.982070552380002,-12.581149648661523,-104.23766122015974,0,0,0.5,-12.581149648661533,20260302-204149,0.0,0.0
411.60715865516613,3.948797201603481,-12.560718743353675,-104.23608446846183,0,0,0.5,-12.56071874335368,20260302-204149,0.0,0.0
408.13264934518685,3.915524873989428,-12.539939971156684,-104.2344672757374,0,0,0.5,-12.539939971156677,20260302-204149,0.0,0.0
401.55718271094537,1.5346560528509945,-165.5209187582601,-261.6594004662842,0,0,0.5,-165.5209187582601,20260302-204149,0.0,0.0
392.8352028069137,1.5013227587590305,-165.51955357323,-261.65939370134174,0,0,0.5,-165.51955357323,20260302-204149,0.0,0.0
384.1132231360325,1.4679894664491597,-165.5181263902497,-261.6593864703561,0,0,0.5,-165.5181263902497,20260302-204149,0.0,0.0
375.391243714553,1.4346561760455994,-165.5166328878708,-261.65937872951486,0,0,0.5,-165.5166328878708,20260302-204149,0.0,0.0
366.66926456027306,1.4013228876843882,-165.51506833346716,-261.6593704297334,0,0,0.5,-165.51506833346716,20260302-204149,0.0,0.0
357.9472856927246,1.3679896015148194,-165.5134275331401,-261.6593615158755,0,0,0.5,-165.5134275331401,20260302-204149,0.0,0.0
349.22530713339154,1.3346563177011062,-165.51170477411623,-261.6593519258341,0,0,0.5,-165.51170477411623,20260302-204149,0.0,0.0
340.5033289059583,1.301323036424282,-165.50989375829303,-261.65934158944754,0,0,0.5,-165.50989375829303,20260302-204149,0.0,0.0
331.7813510366005,1.2679897578844208,-165.50798752530218,-261.65933042721224,0,0,0.5,-165.50798752530218,20260302-204149,0.0,0.0
323.0593735543198,1.2346564823031987,-165.50597836311033,-261.6593183487494,0,0,0.5,-165.50597836311033,20260302-204149,0.0,0.0
314.3373964913374,1.2013232099269004,-165.5038577037363,-261.65930525096957,0,0,0.5,-165.5038577037363,20260302-204149,0.0,0.0
305.6154198835523,1.1679899410299215,-165.50161600111153,-261.6592910158659,0,0,0.5,-165.50161600111153,20260302-204149,0.0,0.0
296.8934437710822,1.1346566759189034,-165.49924258741186,-261.659275507847,0,0,0.5,-165.49924258741186,20260302-204149,0.0,0.0
288.1714681989015,1.1013234149376119,-165.49672550329888,-261.6592585704953,0,0,0.5,-165.49672550329888,20260302-204149,0.0,0.0
279.44949321759975,1.0679901584727303,-165.4940512963716,-261.65924002260846,0,0,0.5,-165.4940512963716,20260302-204149,0.0,0.0
270.7275188842855,1.0346569069607716,-165.49120478065822,-261.65921965333183,0,0,0.5,-165.49120478065822,20260302-204149,0.0,0.0
262.0055452636719,1.0013236608963751,-165.48816874807054,-261.65919721613994,0,0,0.5,-165.48816874807054,20260302-204149,0.0,0.0
253.28357242938577,0.9679904208423135,-165.48492362024052,-261.65917242134145,0,0,0.5,-165.48492362024052,20260302-204149,0.0,0.0
244.56160046555718,0.9346571874416402,-165.48144702585694,-261.6591449266821,0,0,0.5,-165.48144702585694,20260302-204149,0.0,0.0
235.8396294687616,0.9013239614325373,-165.47771328421467,-261.6591143254698,0,0,0.5,-165.47771328421467,20260302-204149,0.0,0.0
227.11765955040954,0.8679907436665802,-165.4736927697656,-261.6590801314488,0,0,0.5,-165.4736927697656,20260302-204149,0.0,0.0
218.39569083970898,0.8346575351313817,-165.46935112440426,-261.6590417593627,0,0,0.5,-165.46935112440426,20260302-204149,0.0,0.0
209.67372348736686,0.8013243369788836,-165.46464827315123,-261.658998499745,0,0,0.5,-165.46464827315123,20260302-204149,0.0,0.0
200.95175767025486,0.7679911505610222,-165.45953718350245,-261.65894948588715,0,0,0.5,-165.45953718350245,20260302-204149,0.0,0.0
192.22979359734515,0.734657977475098,-165.45396228703115,-261.65889365008763,0,0,0.5,-165.45396228703115,20260302-204149,0.0,0.0
183.50783151733887,0.7013248196220863,-165.4478574508733,-261.65882966500936,0,0,0.5,-165.4478574508733,20260302-204149,0.0,0.0
174.7858717285787,0.6679916792824051,-165.44114334187,-261.6587558640606,0,0,0.5,-165.44114334187,20260302-204149,0.0,0.0
166.06391459208513,0.634658559215562,-165.433723960077,-261.65867013176364,0,0,0.5,-165.433723960077,20260302-204149,0.0,0.0
157.3419605489284,0.6013254627929406,-165.42548201933405,-261.65856975045017,0,0,0.5,-165.42548201933405,20260302-204149,0.0,0.0
148.62001014371774,0.5679923941773471,-165.41627270126537,-261.6584511822061,0,0,0.5,-165.41627270126537,20260302-204149,0.0,0.0
139.89806405687685,0.5346593585697176,-165.4059150728617,-261.65830975281557,0,0,0.5,-165.4059150728617,20260302-204149,0.0,0.0
131.17612314979544,0.5013263625542497,-165.39418008021337,-261.65813918393445,0,0,0.5,-165.39418008021337,20260302-204149,0.0,0.0
122.45418852927656,0.46799341459103105,-165.38077341134854,-261.65793088410555,0,0,0.5,-165.38077341134854,20260302-204149,0.0,0.0
113.73226164163775,0.43466052573534186,-165.36531047386748,-261.6576728453312,0,0,0.5,-165.36531047386748,20260302-204149,0.0,0.0
105.01034441370675,0.4013277107154264,-165.3472789029745,-261.65734787291456,0,0,0.5,-165.3472789029745,20260302-204149,0.0,0.0
96.2884394704458,0.36799498959602817,-165.32598069351897,-261.6569306450281,0,0,0.5,-165.32598069351897,20260302-204149,0.0,0.0
87.56655048263077,0.3346623904361093,-165.30043974985318,-261.6563826264433,0,0,0.5,-165.30043974985318,20260302-204149,0.0,0.0
78.8446827452909,0.301329953710611,-165.26924807575952,-261.65564284064226,0,0,0.5,-165.26924807575952,20260302-204149,0.0,0.0
70.12284418781833,0.26799774003219196,-165.23029718306165,-261.65461014482867,0,0,0.5,-165.23029718306165,20260302-204149,0.0,0.0
61.401047244957894,0.23466584445433894,-165.18028059427843,-261.6531067302607,0,0,0.5,-165.18028059427843,20260302-204149,0.0,0.0
52.67931258635673,0.2013344249837381,-165.1137021665484,-261.6507961348968,0,0,0.5,-165.1137021665484,20260302-204149,0.0,0.0
43.95767728588081,0.16800376503845096,-165.02070393929978,-261.64697723185094,0,0,0.5,-165.02070393929978,20260302-204149,0.0,0.0
35.23621512270053,0.13467442867428245,-164.88166842362156,-261.63998221162876,0,0,0.5,-164.88166842362156,20260302-204149,0.0,0.0
97.06093478537018,0.38416897079988704,-7.325337400662505,-252.65167715986374,0,0,0.4,-7.325337400662518,20260302-204149,0.0,0.0
88.64614680674298,0.3514693687786496,-6.608664422331628,-252.21585344631004,0,0,0.4,-6.608664422331633,20260302-204149,0.0,0.0
80.24813550397666,0.31890563376532743,-5.741830712962383,-251.63599199074895,0,0,0.4,-5.7418307129623924,20260302-204149,0.0,0.0
71.87278195503355,0.28652670509012224,-4.6726777698589785,-250.84147717549453,0,0,0.4,-4.672677769858972,20260302-204149,0.0,0.0
63.529048048559766,0.25440823313806693,-3.322106665770832,-249.71301936632946,0,0,0.4,-3.3221066657708347,20260302-204149,0.0,0.0
55.23126589048869,0.22267368246083183,-1.5644873814925688,-248.03679213507343,0,0,0.4,-1.5644873814925822,20260302-204149,0.0,0.0
47.00377797246439,0.19153919653002424,0.8113720459864169,-245.40030878273228,0,0,0.4,0.8113720459864092,20260302-204149,0.0,0.0
38.8912224211688,0.16142064940317125,4.186427134963566,-240.93090050723552,0,0,0.4,4.186427134963566,20260302-204149,0.0,0.0
30.984009505713438,0.13323365857578026,9.310365182126162,-232.55391945940178,0,0,0.4,9.310365182126155,20260302-204149,0.0,0.0
23.49042644561149,0.10946659423851934,17.813536252554798,-214.58990853801157,0,0,0.4,17.81353625255481,20260302-204149,0.0,0.0
16.96764715723577,0.10009896607450537,33.478362309917145,-169.50871545073164,0,0,0.4,33.47836230991715,20260302-204149,0.0,0.0
12.973495728501366,0.23655226259654372,62.74613218484035,-54.84409908447404,0,0,0.4,62.746132184840356,20260302-204149,0.0,0.0
13.893586962755867,0.13283908685586193,99.40595624743463,104.58960003113549,0,0,0.4,99.40595624743462,20260302-204149,0.0,0.0
19.02791506905318,0.10007867905904914,123.42784853073061,190.12955854289595,0,0,0.4,123.42784853073063,20260302-204149,0.0,0.0
25.988477657757617,0.11680260728863248,135.99773565958242,222.4991227596242,0,0,0.4,135.99773565958242,20260302-204149,0.0,0.0
33.660808308322856,0.14257477856552758,143.06433174975098,236.0923064162593,0,0,0.4,143.06433174975095,20260302-204149,0.0,0.0
41.65343547512944,0.17158423405025786,147.46649396190082,242.75794163541244,0,0,0.4,147.4664939619008,20260302-204149,0.0,0.0
49.812417966819396,0.202118517432335,150.43966923614624,246.45153051597828,0,0,0.4,150.43966923614624,20260302-204149,0.0,0.0
58.06767522839773,0.23349193266564175,152.5719393840368,248.69242618137946,0,0,0.4,152.5719393840368,20260302-204149,0.0,0.0
66.38329951930278,0.26537632210849993,154.17178177209053,250.14778632798203,0,0,0.4,154.1717817720905,20260302-204149,0.0,0.0
74.73914389138719,0.29759490457280413,155.41469596271997,251.14389642751047,0,0,0.4,155.41469596271995,20260302-204149,0.0,0.0
83.12308000835097,0.3300440146655042,156.40727709366388,251.85452944085426,0,0,0.4,156.40727709366385,20260302-204149,0.0,0.0
91.52738855906017,0.36265884463896303,157.2177823276541,252.37875736955547,0,0,0.4,157.2177823276541,20260302-204149,0.0,0.0
99.94693046170485,0.3953967977247465,157.89185003822047,252.77627698766142,0,0,0.4,157.8918500382205,20260302-204149,0.0,0.0
108.37815548763402,0.42822872384737337,158.4611091182564,253.08474058891363,0,0,0.4,158.4611091182564,20260302-204149,0.0,0.0
116.81853402177204,0.4611340017695971,158.9481503852934,253.32882323463915,0,0,0.4,158.94815038529336,20260302-204149,0.0,0.0
125.26621580058716,0.49409763245205274,159.36952875916893,253.5252297788393,0,0,0.4,159.36952875916893,20260302-204149,0.0,0.0
133.71981669487832,0.5271084452652302,159.73764696360706,253.68558955186776,0,0,0.4,159.73764696360703,20260302-204149,0.0,0.0
142.17828089667447,0.560157949785684,160.06197711559048,253.81819708364716,0,0,0.4,160.06197711559045,20260302-204149,0.0,0.0
150.64078918561435,0.5932395774460152,160.349876027935,253.92909528077243,0,0,0.4,160.349876027935,20260302-204149,0.0,0.0
151.42440141955174,1.4612012314710991,-8.356586315748984,-103.63008062010844,0,0,0.4,-8.356586315748997,20260302-204149,0.0,0.0
147.97061237277703,1.4283307909154084,-8.20079855730944,-103.59687917806741,0,0,0.4,-8.20079855730945,20260302-204149,0.0,0.0
144.5179695574841,1.3954827940106325,-8.037565770500919,-103.5612693884515,0,0,0.4,-8.037565770500905,20260302-204149,0.0,0.0
141.06655713669107,1.362658913603332,-7.866344049420064,-103.52301352042917,0,0,0.4,-7.866344049420063,20260302-204149,0.0,0.0
137.61646768508098,1.3298609930241612,-7.686535486697181,-103.48184389718448,0,0,0.4,-7.686535486697173,20260302-204149,0.0,0.0
134.1678032620968,1.297091068373753,-7.497481342095796,-103.43745827369828,0,0,0.4,-7.497481342095797,20260302-204149,0.0,0.0
130.72067665282592,1.2643513943983562,-7.298454154051171,-103.38951436442207,0,0,0.4,-7.298454154051175,20260302-204149,0.0,0.0
127.27521280794147,1.2316444746484057,-7.088648599660587,-103.33762333832124,0,0,0.4,-7.088648599660573,20260302-204149,0.0,0.0
123.83155052077433,1.1989730967705683,-6.86717086697044,-103.28134205372444,0,0,0.4,-6.8671708669704525,20260302-204149,0.0,0.0
120.38984438809428,1.1663403739824583,-6.633026251507999,-103.2201637477611,0,0,0.4,-6.633026251508,20260302-204149,0.0,0.0
116.95026711187194,1.1337497940316588,-6.385104624039428,-103.15350682092932,0,0,0.4,-6.385104624039433,20260302-204149,0.0,0.0
113.5130122128076,1.1012052772635939,-6.1221633347838065,-103.08070126114748,0,0,0.4,-6.122163334783809,20260302-204149,0.0,0.0
110.07829724359836,1.0687112458386654,-5.842807015864224,-103.00097212621264,0,0,0.4,-5.842807015864233,20260302-204149,0.0,0.0
106.64636761190299,1.0362727066787167,-5.545463612132579,-102.91341933891862,0,0,0.4,-5.54546361213258,20260302-204149,0.0,0.0
103.21750115127996,1.003895351428544,-5.228355801974516,-102.81699283137567,0,0,0.4,-5.228355801974524,20260302-204149,0.0,0.0
99.79201361508836,0.9715856776486759,-4.889466752619626,-102.71046178510366,0,0,0.4,-4.889466752619614,20260302-204149,0.0,0.0
96.37026531628756,0.9393511366934559,-4.5264988730618825,-102.59237632427185,0,0,0.4,-4.526498873061879,20260302-204149,0.0,0.0
92.95266919915481,0.9072003153906962,-4.136823860442405,-102.46101949283789,0,0,0.4,-4.136823860442409,20260302-204149,0.0,0.0
89.53970071259744,0.8751431608938769,-3.7174218531771714,-102.31434662774603,0,0,0.4,-3.717421853177173,20260302-204149,0.0,0.0
86.1319099665955,0.8431912611694201,-3.264806865524662,-102.14990825111178,0,0,0.4,-3.2648068655246747,20260302-204149,0.0,0.0
82.72993680418278,0.8113581978698614,-2.774934827089936,-101.96475122995224,0,0,0.4,-2.7749348270899286,20260302-204149,0.0,0.0
79.33452962671812,0.7796599943666992,-2.243089407765382,-101.75529102421092,0,0,0.4,-2.2430894077653702,20260302-204149,0.0,0.0
75.94656909235152,0.748115690290628,-1.6637392623310632,-101.51714511274025,0,0,0.4,-1.663739262331053,20260302-204149,0.0,0.0
72.56709819914397,0.716748086311551,-1.0303582215926212,-101.24491377797837,0,0,0.4,-1.0303582215926266,20260302-204149,0.0,0.0
69.1973608133089,0.6855847210658996,-0.33519706433710894,-100.93188877623416,0,0,0.4,-0.3351970643371181,20260302-204149,0.0,0.0
65.83885148108587,0.6546591692773363,0.43100849258308926,-100.56966215529206,0,0,0.4,0.4310084925830882,20260302-204149,0.0,0.0
62.49338047751843,0.6240127914152499,1.279414503540636,-100.14759526929657,0,0,0.4,1.2794145035406461,20260302-204149,0.0,0.0
59.16315966042933,0.5936971294076516,2.2235588725279456,-99.65208981127816,0,0,0.4,2.2235588725279514,20260302-204149,0.0,0.0
55.850917063564815,0.5637772449710727,3.2800043062086104,-99.0655752103484,0,0,0.4,3.2800043062086086,20260302-204149,0.0,0.0
52.56005166488244,0.5343364636191766,4.4691887495776825,-98.36508500445922,0,0,0.4,4.469188749577694,20260302-204149,0.0,0.0
49.29484499952503,0.5054832670103728,5.816558738606773,-97.52023106733911,0,0,0.4,5.816558738606765,20260302-204149,0.0,0.0
46.06075416639917,0.47736156132390456,7.354089116411444,-96.49028723354942,0,0,0.4,7.354089116411436,20260302-204149,0.0,0.0
42.864822682076856,0.4501664224295203,9.12232824222022,-95.21994654940735,0,0,0.4,9.122328242220233,20260302-204149,0.0,0.0
39.71626355905721,0.4241690583446398,11.17314781317242,-93.63309929784533,0,0,0.4,11.17314781317242,20260302-204149,0.0,0.0
36.627295517923145,0.39975796472912345,13.573405837337617,-91.62367919984246,0,0,0.4,13.573405837337608,20260302-204149,0.0,0.0
33.61435082163899,0.37751001408119167,16.409704358021628,-89.04227588095054,0,0,0.4,16.40970435802163,20260302-204149,0.0,0.0
30.69982090666563,0.35832038281155665,19.794217136923805,-85.6770152615373,0,0,0.4,19.7942171369238,20260302-204149,0.0,0.0
27.914548976844284,0.343657221688047,23.87087410460191,-81.22788411000879,0,0,0.4,23.870874104601924,20260302-204149,0.0,0.0
481.5553177747808,1.8903517988486163,163.66677684405857,254.74375619823178,0,0,0.3,163.66677684405857,20260302-204149,0.0,0.0
490.0468272739556,1.923662443564297,163.6929062952297,254.74678726167903,0,0,0.3,163.69290629522968,20260302-204149,0.0,0.0
498.53843521967224,1.956973861694504,163.7181456253271,254.74966476455538,0,0,0.3,163.71814562532714,20260302-204149,0.0,0.0
507.03013666565994,1.9902860143554923,163.74253954733695,254.75239890576722,0,0,0.3,163.74253954733692,20260302-204149,0.0,0.0
503.47907418270694,2.97612170671354,-48.230660465824855,-169.17287792597932,0,0,0.3,-48.23066046582486,20260302-204149,0.0,0.0
497.8805071057016,2.986193538382079,-48.961732508051654,-166.72747452780757,0,0,0.3,-48.961732508051654,20260302-204149,0.0,0.0
492.36483444463687,2.9985897170281315,-49.709308096842534,-164.1988004056167,0,0,0.3,-49.709308096842534,20260302-204149,0.0,0.0
486.9348731252137,3.013502082363274,-50.473689154642926,-161.5843824947171,0,0,0.3,-50.473689154642926,20260302-204149,0.0,0.0
481.59352233927575,3.0311441826275436,-51.255167394132116,-158.88175993060383,0,0,0.3,-51.25516739413211,20260302-204149,0.0,0.0
476.34376292625296,3.0517544346511865,-52.054022270681656,-156.08849700277366,0,0,0.3,-52.054022270681656,20260302-204149,0.0,0.0
471.1886562983486,3.0755998524728034,-52.870518774405014,-153.20219758741035,0,0,0.3,-52.87051877440501,20260302-204149,0.0,0.0
466.13134285912747,3.1029804675466037,-53.704905060893594,-150.22052111970848,0,0,0.3,-53.7049050608936,20260302-204149,0.0,0.0
461.1750398633613,3.1342345949691404,-54.55740992185861,-147.1412001525374,0,0,0.3,-54.5574099218586,20260302-204149,0.0,0.0
456.32303866471784,3.1697451408646886,-55.428240099403695,-143.9620595301979,0,0,0.3,-55.428240099403695,20260302-204149,0.0,0.0
451.57870129728155,3.209947199261195,-56.31757745056257,-140.68103718379461,0,0,0.3,-56.31757745056257,20260302-204149,0.0,0.0
446.9454563371089,3.2553372568689793,-57.22557597205636,-137.29620652791783,0,0,0.3,-57.225575972056355,20260302-204149,0.0,0.0
440.6871925805065,2.181079913934229,22.71933412148539,-202.04999815233523,0,0,0.3,22.71933412148539,20260302-204149,0.0,0.0
433.98306428669133,2.167927414252102,23.402747846816737,-200.18339241141433,0,0,0.3,23.402747846816748,20260302-204149,0.0,0.0
427.3426120769536,2.155806280997957,24.107503517036434,-198.2286701006966,0,0,0.3,24.10750351703644,20260302-204149,0.0,0.0
429.59400263465875,3.50156196058355,-61.04611006249846,-122.68639180757637,0,0,0.2,-61.04611006249845,20260302-204149,0.0,0.0
425.5695862068393,3.5834385979639416,-62.048526783972704,-118.76011673498238,0,0,0.2,-62.048526783972704,20260302-204149,0.0,0.0
421.67789595230494,3.6756256521717146,-63.06976372454717,-114.72275358160041,0,0,0.2,-63.06976372454717,20260302-204149,0.0,0.0
417.9226397207676,3.7795720113730757,-64.10968879883875,-110.5740645933456,0,0,0.2,-64.10968879883875,20260302-204149,0.0,0.0
414.30752741592255,3.89701138174111,-65.16811581889706,-106.31416920081406,0,0,0.2,-65.16811581889706,20260302-204149,0.0,0.0
410.8362586015572,4.03003589043439,-66.24480143371069,-101.94357315196861,0,0,0.2,-66.24480143371069,20260302-204149,0.0,0.0
407.5125091526209,4.181193757218554,-67.33944227987179,-97.46319659285761,0,0,0.2,-67.33944227987179,20260302-204149,0.0,0.0
404.33991699548227,4.353620746392944,-68.45167240394537,-92.87440053901925,0,0,0.2,-68.45167240394537,20260302-204149,0.0,0.0
401.3220670008955,4.5512198630719,-69.58106101968153,-88.17901113878915,0,0,0.2,-69.58106101968153,20260302-204149,0.0,0.0
398.4624751137029,4.778911296988684,-70.7271106645782,-83.3793410990458,0,0,0.2,-70.7271106645782,20260302-204149,0.0,0.0
395.76457182460706,5.042986885046629,-71.88925582020637,-78.4782076269365,0,0,0.2,-71.88925582020637,20260302-204149,0.0,0.0
393.2316851109534,5.351623903572839,-73.06686205893183,-73.47894624067752,0,0,0.2,-73.06686205893183,20260302-204149,0.0,0.0
390.86702299477076,5.715648511286809,-74.25922577601654,-68.38541982120097,0,0,0.2,-74.25922577601654,20260302-204149,0.0,0.0
388.6736558866559,6.14970283610952,-75.46557456042625,-63.20202231634043,0,0,0.2,-75.46557456042625,20260302-204149,0.0,0.0
386.65449890271776,6.674088747382264,-76.68506824993511,-57.93367657185752,0,0,0.2,-76.68506824993511,20260302-204149,0.0,0.0
384.8122943579559,7.317795016844445,-77.91680070631548,-52.58582584947745,0,0,0.2,-77.91680070631548,20260302-204149,0.0,0.0
383.1495946523573,8.123700136820576,-79.15980233463132,-47.164418700751426,0,0,0.2,-79.15980233463132,20260302-204149,0.0,0.0
381.66874577492786,9.158023338954125,-80.41304335712236,-41.67588699533884,0,0,0.2,-80.41304335712236,20260302-204149,0.0,0.0
380.3718716551693,10.528708148106942,-81.675437837175,-36.127117050305934,0,0,0.2,-81.675437837175,20260302-204149,0.0,0.0
379.26085959061976,12.42442968911602,-82.94584843283185,-30.525413969130334,0,0,0.2,-82.94584843283185,20260302-204149,0.0,0.0
378.3373469726248,15.207426626577746,-84.22309184268433,-24.878459470020484,0,0,0.2,-84.22309184268433,20260302-204149,0.0,0.0
377.6027095202867,19.672685354020295,-85.50594489038279,-19.194263656695963,0,0,0.2,-85.50594489038279,20260302-204149,0.0,0.0
377.0580512145961,27.96935959589483,-86.79315117799365,-13.481111354081142,0,0,0.2,-86.79315117799365,20260302-204149,0.0,0.0
376.70419610132444,48.6226539988037,-88.0834282236493,-7.747503789295269,0,0,0.2,-88.0834282236493,20260302-204149,0.0,0.0
376.5416821028589,188.07368924595204,-89.37547498598022,-2.002096537865215,0,0,0.2,-89.37547498598022,20260302-204149,0.0,0.0
376.5707569465068,100.51629614483437,-90.66797966723091,3.746365230210078,0,0,0.2,-90.66797966723091,20260302-204149,0.0,0.0
376.79137628081264,39.70775486445147,-91.95962767920744,9.48911308551813,0,0,0.2,-91.95962767920744,20260302-204149,0.0,0.0
377.2032040131976,24.78758898000627,-93.2491096516245,15.217422086409881,0,0,0.2,-93.2491096516245,20260302-204149,0.0,0.0
377.8056148629401,18.05723136027747,-94.53512936122117,20.92267675619651,0,0,0.2,-94.53512936122117,20260302-204149,0.0,0.0
378.5976990844183,14.234903933377316,-95.816411462253,26.596435132709303,0,0,0.2,-95.816411462253,20260302-204149,0.0,0.0
379.5782692778612,11.776993514892538,-97.09170890453812,32.23048979333031,0,0,0.2,-97.09170890453812,20260302-204149,0.0,0.0
380.7458691697737,10.068134060419553,-98.35980993389241,37.81692485269783,0,0,0.2,-98.35980993389241,20260302-204149,0.0,0.0
382.0987842137496,8.814646647700041,-99.61954458114792,43.34816805316281,0,0,0.2,-99.61954458114792,20260302-204149,0.0,0.0
383.63505383543094,7.8586304235216,-100.86979055952062,48.81703721391149,0,0,0.2,-100.86979055952062,20260302-204149,0.0,0.0
385.35248512357055,7.107623909160126,-102.10947850531325,54.21678046680804,0,0,0.2,-102.10947850531325,20260302-204149,0.0,0.0
387.2486677529291,6.50388728970833,-103.3375965131927,59.54110987835023,0,0,0.2,-103.3375965131927,20260302-204149,0.0,0.0
389.3209899142795,6.009502629693072,-104.55319393395325,64.78422823057548,0,0,0.2,-104.55319393395325,20260302-204149,0.0,0.0
391.56665502205345,5.598540211704957,-105.75538441917033,69.94084890261193,0,0,0.2,-105.75538441917033,20260302-204149,0.0,0.0
393.98269897089943,5.252667805385607,-106.94334821292144,75.00620895289542,0,0,0.2,-106.94334821292144,20260302-204149,0.0,0.0
396.56600771818313,4.958557975248035,-108.11633370533823,79.97607564492503,0,0,0.2,-108.11633370533823,20260302-204149,0.0,0.0
399.31333497967614,4.706289281788616,-109.27365827577721,84.84674678304472,0,0,0.2,-109.27365827577721,20260302-204149,0.0,0.0
402.22131983965403,4.488323566358814,-110.41470846458661,89.61504532659151,0,0,0.2,-110.41470846458661,20260302-204149,0.0,0.0
405.2865040936161,4.298830867090663,-111.53893952162828,94.27830882955939,0,0,0.2,-111.53893952162828,20260302-204149,0.0,0.0
408.50534916106704,4.1332314998602495,-112.64587438681588,98.83437430854748,0,0,0.2,-112.64587438681588,20260302-204149,0.0,0.0
411.8742524265084,3.9878779495227974,-113.73510216296708,103.28155917504813,0,0,0.2,-113.73510216296708,20260302-204149,0.0,0.0
415.38956288825347,3.8598291820854556,-114.80627614433361,107.61863888075472,0,0,0.2,-114.80627614433361,20260302-204149,0.0,0.0
419.04759601625517,3.746687498152086,-115.85911146541845,111.8448219188109,0,0,0.2,-115.85911146541845,20260302-204149,0.0,0.0
422.844647741248,3.646478600690908,-116.89338243431611,115.95972280246771,0,0,0.2,-116.89338243431611,20260302-204149,0.0,0.0
426.77700751768117,3.55756208735387,-117.9089196130458,119.96333360835868,0,0,0.2,-117.9089196130458,20260302-204149,0.0,0.0
430.84097042178206,3.4785637281232376,-118.90560670443202,123.85599462748102,0,0,0.2,-118.90560670443202,20260302-204149,0.0,0.0
435.03284826335596,3.408323583373719,-119.8833773012686,127.63836461582089,0,0,0.2,-119.8833773012686,20260302-204149,0.0,0.0
439.34897970540743,3.345855801911265,-120.84221154901545,131.31139108100132,0,0,0.2,-120.84221154901545,20260302-204149,0.0,0.0
443.78573939925803,3.2903171422178037,-121.78213276834359,134.87628098370143,0,0,0.2,-121.78213276834359,20260302-204149,0.0,0.0
448.33954615449557,3.2409820857065657,-122.70320407866186,138.33447217489115,0,0,0.2,-122.70320407866186,20260302-204149,0.0,0.0
453.0068701728498,3.1972229857864365,-123.60552505849763,141.6876058337925,0,0,0.2,-123.60552505849763,20260302-204149,0.0,0.0
457.78423938302257,3.1584941026971864,-124.48922847341007,144.93750011820478,0,0,0.2,-124.48922847341007,20260302-204149,0.0,0.0
462.6682449197189,3.1243186647504455,-125.35447709710448,148.0861251893697,0,0,0.2,-125.35447709710448,20260302-204149,0.0,0.0
467.6555457947685,3.0942783071643145,-126.2014606466782,151.13557972855438,0,0,0.2,-126.2014606466782,20260302-204149,0.0,0.0
472.742872811449,3.068004393921094,-127.03039284852917,154.08806902237032,0,0,0.2,-127.03039284852917,20260302-204149,0.0,0.0
477.9270317750923,3.0451708422584436,-127.8415086474417,156.94588465868762,0,0,0.2,-127.8415086474417,20260302-204149,0.0,0.0
483.2049060539302,3.0254881547610983,-128.63506156775256,159.71138584480278,0,0,0.2,-128.63506156775256,20260302-204149,0.0,0.0
488.57345854409056,3.0086984284172695,-129.41132123230514,162.38698233412026,0,0,0.2,-129.41132123230514,20260302-204149,0.0,0.0
494.0297330918354,2.9945711590079207,-130.17057104211497,164.97511892671264,0,0,0.2,-130.17057104211497,20260302-204149,0.0,0.0
499.5708554246887,2.9828996967906223,-130.91310601728142,167.47826149239606,0,0,0.2,-130.91310601728142,20260302-204149,0.0,0.0
505.194033641164,2.9734982385003517,-131.63923079766892,169.89888445198898,0,0,0.2,-131.63923079766892,20260302-204149,0.0,0.0
510.8965583064865,2.9661992633164838,-132.34925780021612,172.23945964279457,0,0,0.2,-132.34925780021612,20260302-204149,0.0,0.0
516.6758021991217,2.960851338182904,-133.04350552838642,174.50244648764075,0,0,0.2,-133.04350552838642,20260302-204149,0.0,0.0
522.529219750157,2.957317231863041,-133.7222970282136,176.6902833826102,0,0,0.2,-133.7222970282136,20260302-204149,0.0,0.0
528.4543462147125,2.955472288221021,-134.3859584845927,178.80538021650796,0,0,0.2,-134.3859584845927,20260302-204149,0.0,0.0
534.448796611649,2.9552030180903723,-135.03481795088356,180.85011193478184,0,0,0.2,-135.03481795088356,20260302-204149,0.0,0.0
540.5102644649493,2.9564058762132026,-135.66920420450637,182.82681306170227,0,0,0.2,-135.66920420450637,20260302-204149,0.0,0.0
546.6365203773055,2.958986195480387,-136.28944572098274,184.73777309682916,0,0,0.2,-136.28944572098274,20260302-204149,0.0,0.0
552.8254104636982,2.9628572553653783,-136.89586975878967,186.58523270488237,0,0,0.2,-136.89586975878967,20260302-204149,0.0,0.0
559.0748546701182,2.9679394652439,-137.48880154742105,188.37138062186668,0,0,0.2,-137.48880154742105,20260302-204149,0.0,0.0
565.3828450000764,2.9741596464026765,-138.06856357117002,190.09835120448952,0,0,0.2,-138.06856357117002,20260302-204149,0.0,0.0
571.7474436691923,2.981450399098505,-138.63547494134116,191.76822255438842,0,0,0.2,-138.63547494134116,20260302-204149,0.0,0.0
578.1667812059434,2.9897495431414054,-139.18985084985107,193.38301515331915,0,0,0.2,-139.18985084985107,20260302-204149,0.0,0.0
584.1273371352128,3.298835068622893,-134.40470800427465,177.0707916534482,0,0,0.2,-134.40470800427465,20260302-204149,0.0,0.0
590.0618117411177,3.296655800234556,-135.00249164466067,178.98799495511028,0,0,0.2,-135.00249164466067,20260302-204149,0.0,0.0
596.0592336894247,3.2959142783709314,-135.5883084481062,180.84791755689665,0,0,0.2,-135.5883084481062,20260302-204149,0.0,0.0
602.1177220131591,3.2965249235019156,-136.16239533009022,182.65225835863734,0,0,0.2,-136.16239533009022,20260302-204149,0.0,0.0
608.2354519122391,3.2984088159356975,-136.7249892382773,184.40268803965526,0,0,0.2,-136.7249892382773,20260302-204149,0.0,0.0
614.4106537716721,3.3014930603424273,-137.2763265965868,186.10084665994907,0,0,0.2,-137.2763265965868,20260302-204149,0.0,0.0
620.6416121064226,3.305710221679241,-137.81664280470096,187.74834165323415,0,0,0.2,-137.81664280470096,20260302-204149,0.0,0.0
622.423315726119,3.081879892555795,-37.40295939065345,-201.9622235212888,0,0,0.2,-37.40295939065344,20260302-204149,0.0,0.0
615.713032982694,3.0686286942589476,-37.885009343378925,-200.64761635535197,0,0,0.2,-37.885009343378925,20260302-204149,0.0,0.0
609.0472917893234,3.0560937895841813,-38.377646436026424,-199.28946351878542,0,0,0.2,-38.377646436026424,20260302-204149,0.0,0.0
602.4275706779857,3.044314197761318,-38.881148035058686,-197.88613511739027,0,0,0.2,-38.88114803505868,20260302-204149,0.0,0.0
595.8554034461373,3.0333318244659444,-39.39579716005349,-196.43594500283365,0,0,0.2,-39.39579716005348,20260302-204149,0.0,0.0
589.3323810421823,3.0231917337543717,-39.921882302221604,-194.9371501854154,0,0,0.2,-39.921882302221604,20260302-204149,0.0,0.0
582.8601534670611,3.0139424513321154,-40.45969719894282,-193.38795045985236,0,0,0.2,-40.45969719894283,20260302-204149,0.0,0.0
576.4404316842749,3.005636303450463,-41.00954055958769,-191.78648827954424,0,0,0.2,-41.00954055958769,20260302-204149,0.0,0.0
570.0749895294213,2.9983297964118827,-41.57171573755534,-190.1308489184989,0,0,0.2,-41.571715737555344,20260302-204149,0.0,0.0
563.7656656089439,2.9920840424769373,-42.14653034311925,-188.4190609640235,0,0,0.2,-42.14653034311924,20260302-204149,0.0,0.0
557.5143651762979,2.9869652389294568,-42.7342957913383,-186.64909718738937,0,0,0.2,-42.734295791338305,20260302-204149,0.0,0.0
551.3230619720842,2.9830452082049526,-43.33532677896778,-184.81887584393763,0,0,0.2,-43.33532677896777,20260302-204149,0.0,0.0
545.1938000129202,2.980402008359921,-43.94994068399876,-182.9262624584439,0,0,0.2,-43.94994068399877,20260302-204149,0.0,0.0
539.1286953118806,2.979120624806391,-44.578456881179704,-180.9690721559547,0,0,0.2,-44.578456881179704,20260302-204149,0.0,0.0
533.1299375112624,2.979293756219052,-45.22119596663481,-178.9450726026575,0,0,0.2,-45.22119596663482,20260302-204149,0.0,0.0
527.1997914062026,2.981022709919624,-45.87847888451154,-176.8519876255546,0,0,0.2,-45.87847888451154,20260302-204149,0.0,0.0
521.3405983353241,2.984418424953305,-46.550625948471094,-174.6875015836565,0,0,0.2,-46.5506259484711,20260302-204149,0.0,0.0
515.5547774120936,2.989602644619975,-47.23795575080638,-172.44926456694,0,0,0.2,-47.23795575080638,20260302-204149,0.0,0.0
509.8448265679883,2.9967092645674955,-47.94078395204332,-170.1348985022651,0,0,0.2,-47.94078395204331,20260302-204149,0.0,0.0
504.2133233758902,3.0058858878999413,-48.659421944083675,-167.74200424759246,0,0,0.2,-48.65942194408368,20260302-204149,0.0,0.0
498.6629256193879,3.017295625362571,-49.3941753802967,-165.2681697569712,0,0,0.2,-49.39417538029669,20260302-204149,0.0,0.0
493.1963715709227,3.0311191868789393,-50.14534256649526,-162.7109793985876,0,0,0.2,-50.14534256649525,20260302-204149,0.0,0.0
487.8164799389923,3.0475573209783335,-50.913212707464595,-160.06802450639137,0,0,0.2,-50.91321270746459,20260302-204149,0.0,0.0
482.5261494420009,3.066833671548025,-51.698064004676525,-157.33691524211008,0,0,0.2,-51.69806400467652,20260302-204149,0.0,0.0
477.32835796387394,3.0891981376477258,-52.500161602052,-154.51529383846395,0,0,0.2,-52.50016160205201,20260302-204149,0.0,0.0
472.2261612443359,3.1149308428629485,-53.31975537815603,-151.6008492857294,0,0,0.2,-53.31975537815603,20260302-204149,0.0,0.0
467.22269105485884,3.144346847233078,-54.1570775850513,-148.59133351207723,0,0,0.2,-54.15707758505129,20260302-204149,0.0,0.0
462.3211528098577,3.1778017690419045,-55.012340336225634,-145.4845790929388,0,0,0.2,-55.01234033622563,20260302-204149,0.0,0.0
457.524822561833,3.215698528261016,-55.88573294856303,-142.2785185056676,0,0,0.2,-55.885732948563025,20260302-204149,0.0,0.0
452.837043328996,3.2584954817160536,-56.77741914626378,-138.9712049226209,0,0,0.2,-56.77741914626379,20260302-204149,0.0,0.0
448.261220704587,3.30671629700974,-57.68753413794181,-135.5608345082247,0,0,0.2,-57.68753413794182,20260302-204149,0.0,0.0
443.80081769876796,3.360962014785724,-58.61618158182958,-132.04577015341906,0,0,0.2,-58.616181581829586,20260302-204149,0.0,0.0
439.459348766792,3.4219258868668483,-59.56343045808441,-128.42456654406553,0,0,0.2,-59.56343045808441,20260302-204149,0.0,0.0
435.2403729812758,3.4904117652696938,-60.52931187157648,-124.69599641853318,0,0,0.2,-60.52931187157648,20260302-204149,0.0,0.0
431.14748631197705,3.5673570746547085,-61.513815813193844,-120.85907782408036,0,0,0.2,-61.51381581319384,20260302-204149,0.0,0.0
427.184312983637,3.653861758796,-62.516887912542316,-116.91310213235884,0,0,0.2,-62.516887912542316,20260302-204149,0.0,0.0
318.43802815897754,1.8023274017047142,-98.42696902148069,176.68156621143638,0,0,4.8,-98.42696902148069,20260302-204149,0.0,0.0
322.86129154270765,2.4042560188066164,-82.61823416728265,134.28740076648077,0,0,4.8,-82.61823416728265,20260302-204149,0.0,0.0
327.3890727117023,2.383471392472476,83.6348577337236,137.3580877646229,0,0,4.8,83.63485773372362,20260302-204149,0.0,0.0
332.01709570590924,2.3664353676165693,84.62344375845294,140.30262573378914,0,0,4.8,84.62344375845291,20260302-204149,0.0,0.0
336.7412275123155,2.3527714990050206,85.58457163883782,143.12534287954537,0,0,4.8,85.58457163883782,20260302-204149,0.0,0.0
341.5574802687986,2.3421521137219314,86.51885087851849,145.83061376232607,0,0,4.8,86.51885087851848,20260302-204149,0.0,0.0
346.4620122094138,2.3342906602928464,87.42691454917451,148.422824159331,0,0,4.8,87.42691454917448,20260302-204149,0.0,0.0
351.45112752184593,2.3289354542219916,88.30941340654743,150.9063408711996,0,0,4.8,88.30941340654745,20260302-204149,0.0,0.0
356.5212752755621,2.3258645313741937,89.16701063416053,153.28548609188266,0,0,4.8,89.16701063416053,20260302-204149,0.0,0.0
361.6690475661486,2.3248813868300022,90.000377181967,155.56451594259084,0,0,4.8,90.00037718196697,20260302-204149,0.0,0.0
363.73868509166766,2.8140198021740273,96.11851554039316,-129.2594617886676,0,0,4.8,96.11851554039316,20260302-204149,0.0,0.0
359.43033311832306,2.781074146789943,96.19214096556561,-129.2415499001333,0,0,4.8,96.1921409655656,20260302-204149,0.0,0.0
355.12258905121416,2.748138009466936,96.26755271499854,-129.22298218934728,0,0,4.8,96.26755271499853,20260302-204149,0.0,0.0
350.815475284204,2.7152117450849125,96.34481632655053,-129.20372634629754,0,0,4.8,96.34481632655054,20260302-204149,0.0,0.0
346.50901532122066,2.6822957263880136,83.57599943009893,-129.1837480529526,0,0,4.8,83.5759994300989,20260302-204149,0.0,0.0
342.2032338456746,2.6493903451230243,83.49482235265117,-129.16301083213332,0,0,4.8,83.49482235265116,20260302-204149,0.0,0.0
337.89815679513345,2.616496013265957,96.58842340969812,-129.1414758829932,0,0,4.8,96.58842340969812,20260302-204149,0.0,0.0
333.59381144172204,2.5836131643448867,83.32618241143285,-129.1191019017391,0,0,4.8,83.32618241143287,20260302-204149,0.0,0.0
329.2902264787666,2.5507422548679752,83.23855595341365,-129.09584488606453,0,0,4.8,83.23855595341362,20260302-204149,0.0,0.0
324.9874321142514,2.517883765866547,96.85139104710623,-129.07165792158986,0,0,4.8,96.85139104710622,20260302-204149,0.0,0.0
320.68546017172105,2.4850382045642063,96.9437515452031,-129.0464909483992,0,0,4.8,96.9437515452031,20260302-204149,0.0,0.0
316.38434419932565,2.4522061061841653,97.03862350196141,-129.02029050553412,0,0,4.8,97.03862350196141,20260302-204149,0.0,0.0
312.0841195877832,2.4193880359083066,82.86388977578082,-128.99299945104426,0,0,4.8,82.86388977578082,20260302-204149,0.0,0.0
307.7848236981183,2.386584591003075,97.23632073220432,-128.9645566548962,0,0,4.8,97.23632073220432,20260302-204149,0.0,0.0
303.48649600013067,2.3537964031289955,97.3393701577516,-128.9348966617053,0,0,4.8,97.33937015775162,20260302-204149,0.0,0.0
299.1891782226563,2.3210241408526024,97.44538017609301,-128.90394931986899,0,0,4.8,97.44538017609301,20260302-204149,0.0,0.0
294.892914516804,2.2882685123817748,97.55447947454678,-128.87163937323982,0,0,4.8,97.5544794745468,20260302-204149,0.0,0.0
290.5977516334861,2.255530268548012,97.6668042618142,-128.8378860109721,0,0,4.8,97.66680426181422,20260302-204149,0.0,0.0
286.3037391167203,2.2228102060620634,97.7824988220184,-128.8026023705986,0,0,4.8,97.78249882201843,20260302-204149,0.0,0.0
282.0109295143512,2.1901091710725717,82.09828388189317,-128.76569498873005,0,0,4.8,82.09828388189318,20260302-204149,0.0,0.0
277.71937860804246,2.1574280630611904,81.97538155021329,-128.72706319300605,0,0,4.8,81.9753815502133,20260302-204149,0.0,0.0
273.42914566461576,2.1247678391118416,81.84862182821325,-128.6865984280475,0,0,4.8,81.84862182821325,20260302-204149,0.0,0.0
269.1402937110712,2.092129518596765,98.28217847894621,-128.64418350714215,0,0,4.8,98.2821784789462,20260302-204149,0.0,0.0
264.8528898359186,2.059514188327585,98.41721426543836,-128.59969178022055,0,0,4.8,98.41721426543835,20260302-204149,0.0,0.0
260.5670055197862,2.0269230082261513,81.44330693364452,-128.55298620731517,0,0,4.8,81.44330693364454,20260302-204149,0.0,0.0
256.28271699865945,1.9943572175773883,98.70083609093177,-128.50391832511056,0,0,4.8,98.70083609093176,20260302-204149,0.0,0.0
252.0001056635437,1.9618181419350493,98.84987935788217,-128.45232709234818,0,0,4.8,98.84987935788217,20260302-204149,0.0,0.0
247.7192585008581,1.9293072007613281,99.00407494471477,-128.39803759769572,0,0,4.8,99.00407494471476,20260302-204149,0.0,0.0
243.44026857845085,1.896825915892947,99.16369236445439,-128.34085961117273,0,0,4.8,99.16369236445438,20260302-204149,0.0,0.0
239.16323558280686,1.8643759209399458,99.32902008503925,-128.28058595727308,0,0,5.0,99.32902008503923,20260302-204149,0.0,0.0
234.88826641380282,1.831958971739302,99.50036720875102,-128.21699068445554,0,0,5.2,99.500367208751,20260302-204149,0.0,0.0
230.61547584427547,1.799576958004127,80.32193466853289,-128.14982700158944,0,0,5.4,80.32193466853289,20260302-204149,0.0,0.0
226.344987252727,1.767231916331063,80.13752939566615,-128.0788249471185,0,0,5.4,80.13752939566616,20260302-204149,0.0,0.0
222.07693343872583,1.7349260447542905,79.94603397628077,-128.00368875099662,0,0,5.4,79.94603397628075,20260302-204149,0.0,0.0
217.81145753200158,1.7026617190650304,79.74703602090301,-127.92409384267283,0,0,5.4,79.74703602090304,20260302-204149,0.0,0.0
213.54871400792175,1.6704415111515578,100.45990909292925,-127.83968345033941,0,0,5.4,100.45990909292922,20260302-204149,0.0,0.0
209.2888698240184,1.6382682096577221,79.3247186082225,-127.75006472703541,0,0,5.4,79.32471860822248,20260302-204149,0.0,0.0
205.0321056945674,1.6061448433092955,79.10040014609143,-127.65480432768437,0,0,5.4,79.10040014609142,20260302-204149,0.0,0.0
200.77861752297517,1.5740747073189194,78.86657361425267,-127.55342334733031,0,0,5.4,78.86657361425267,20260302-204149,0.0,0.0
196.52861801498935,1.717115781776602,78.62262971213914,-114.45274692639093,0,0,5.6,78.62262971213914,20260302-204149,0.0,0.0
192.26725368075722,1.5040151085245286,78.69683319658174,-127.8359855502885,0,0,5.6,78.69683319658175,20260302-204149,0.0,0.0
188.0062264494751,1.4708034045189524,78.77440035434444,-127.82553118373102,0,0,5.6,78.77440035434444,20260302-204149,0.0,0.0
183.7455597732189,1.4375973629524335,78.85556489976045,-127.81434114198399,0,0,5.8,78.85556489976045,20260302-204149,0.0,0.0
179.48527932882797,1.4043973886700043,78.94058268204486,-127.80234481837405,0,0,5.8,78.94058268204485,20260302-204149,0.0,0.0
175.22541328783578,1.3712039260523017,79.02973436543618,-127.78946293736922,0,0,6.0,79.02973436543621,20260302-204149,0.0,0.0
170.9659926266329,1.338017463962451,79.12332850781405,-127.77560624681858,0,0,6.0,79.12332850781405,20260302-204149,0.0,0.0
166.70705148402854,1.3048385414548038,79.22170510855113,-127.76067397439213,0,0,6.0,79.22170510855113,20260302-204149,0.0,0.0
162.4486275748699,1.2716677543859933,79.32523971106906,-127.74455199841559,0,0,6.0,79.32523971106906,20260302-204149,0.0,0.0
158.190762670235,1.2385057630992176,79.43434816379784,-127.72711067115334,0,0,6.0,79.43434816379785,20260302-204149,0.0,0.0
153.93350315702574,1.205353301390658,79.54949216596151,-127.70820221708216,0,0,6.0,79.54949216596148,20260302-204149,0.0,0.0
149.676900692689,1.1722111870147511,79.67118575307705,-127.68765760875259,0,0,6.0,79.67118575307705,20260302-204149,0.0,0.0
145.4210129744519,2.5583883001124295,79.80000291292532,-56.84086851400208,0,0,6.2,79.80000291292532,20260302-204149,0.0,0.0
141.738601066241,1.1335244140802347,105.87420867577731,-125.04238929979346,0,0,6.2,105.87420867577733,20260302-204149,0.0,0.0
137.57562739975873,1.1029751313774816,106.36784560598704,-124.73139555553126,0,0,6.2,106.36784560598706,20260302-204149,0.0,0.0
133.42350254814568,1.0726148442788939,106.89224736311076,-124.39087829130754,0,0,6.2,106.89224736311074,20260302-204149,0.0,0.0
129.28327179317662,1.0424634739427472,107.45028579380818,-124.0170759213353,0,0,6.2,107.45028579380819,20260302-204149,0.0,0.0
125.15611552951489,1.0125438432086369,108.04518762760432,-123.60562593804268,0,0,6.2,108.04518762760434,20260302-204149,0.0,0.0
121.04337114803825,0.9828822248802815,108.68058838766314,-123.15144997436671,0,0,6.2,108.68058838766312,20260302-204149,0.0,0.0
116.94655915794081,0.9535090192109276,109.3605958065018,-122.64861349158443,0,0,6.2,109.3605958065018,20260302-204149,0.0,0.0
112.86741449345476,0.924459597564415,110.08986457608728,-122.09015384860054,0,0,6.2,110.08986457608725,20260302-204149,0.0,0.0
108.80792418545832,0.8957753618321883,110.87368460888501,-121.46786886715249,0,0,6.2,110.87368460888499,20260302-204149,0.0,0.0
104.77037287427743,0.8675050868452661,111.71808537928695,-120.77205593719471,0,0,6.2,111.71808537928695,20260302-204149,0.0,0.0
100.75739801343308,0.8397066380841742,112.62995934179025,-119.99118911732708,0,0,6.2,112.62995934179023,20260302-204149,0.0,0.0
96.77205708372206,0.8124491930782638,113.61720785413854,-119.11151849023985,0,0,6.2,113.61720785413851,20260302-204149,0.0,0.0
92.81790972408565,0.7858161476633142,114.68891340975051,-118.11657217796677,0,0,6.2,114.68891340975054,20260302-204149,0.0,0.0
88.89911841203725,0.7599089667728561,115.85554218880418,-116.98653693950953,0,0,6.2,115.8555421888042,20260302-204149,0.0,0.0
84.98166108783859,0.6875090631414466,78.58524021637038,-123.6080593607457,0,0,6.2,78.5852402163704,20260302-204149,0.0,0.0
80.86161754877014,0.6542508607064074,78.72043512407254,-123.59420889635862,0,0,6.2,78.72043512407255,20260302-204149,0.0,0.0
76.74207256200621,0.6210007450635286,78.87014557436191,-123.57806841947583,0,0,6.2,78.87014557436194,20260302-204149,0.0,0.0
72.62311096871456,0.5877600961221913,79.0368395140124,-123.55910421250631,0,0,6.2,79.0368395140124,20260302-204149,0.0,0.0
68.50483800133807,0.5545306266783189,79.22357731803385,-123.53661764668857,0,0,6.2,79.22357731803385,20260302-204149,0.0,0.0
64.38738579534244,0.5213144892379485,79.43420066654807,-123.50968009629499,0,0,6.2,79.43420066654808,20260302-204149,0.0,0.0
60.27092256370651,0.4881144267976857,79.6735984929175,-123.47703582358504,0,0,6.2,79.67359849291749,20260302-204149,0.0,0.0
56.15566579567634,0.45493399023834064,79.9480893051882,-123.43695349353057,0,0,6.0,79.94808930518822,20260302-204149,0.0,0.0
52.04190169838555,0.4217778593945491,80.26598383914683,-123.3869927954263,0,0,6.0,80.26598383914681,20260302-204149,0.0,0.0
47.930014614711936,0.38865233046537007,80.63843549570811,-123.32362591862196,0,0,6.0,80.63843549570811,20260302-204149,0.0,0.0
43.82053293493723,0.35556607980949867,81.08076577398515,-123.24160099415253,0,0,6.0,81.08076577398515,20260302-204149,0.0,0.0
39.714203373486946,0.32253140605229647,81.61460483032585,-123.13282560473361,0,0,6.0,81.61460483032586,20260302-204149,0.0,0.0
35.612116331843986,0.2895663406840029,82.27149603421333,-122.98430904545869,0,0,6.0,82.27149603421336,20260302-204149,0.0,0.0
31.51592846210056,0.2566984290655024,83.09927576911377,-122.77413841928329,0,0,6.2,83.0992757691138,20260302-204149,0.0,0.0
27.428282869640885,0.2239719585638344,84.17406749901807,-122.46302191362733,0,0,6.2,84.17406749901804,20260302-204149,0.0,0.0
23.353665508420193,0.19146295729244212,85.62457602922996,-121.97485006329245,0,0,6.2,85.62457602922993,20260302-204149,0.0,0.0
19.30032956544158,0.1593138369775064,87.68616226339748,-121.14659926348145,0,0,6.2,87.68616226339749,20260302-204149,0.0,0.0
15.285214658076798,0.12782607805288226,90.83688514626994,-119.57821823926439,0,0,6.2,90.83688514626995,20260302-204149,0.0,0.0
11.348959868889192,0.09776836650154502,96.20021364989174,-116.08008065379558,0,0,6.2,96.20021364989175,20260302-204149,0.0,0.0
7.61485588971801,0.07185402882437249,107.01433930220452,-105.97674221344556,0,0,6.2,107.0143393022045,20260302-204149,0.0,0.0
4.604259711401256,0.07147236254062833,134.56093774332533,-64.42014154469811,0,0,6.2,134.56093774332535,20260302-204149,0.0,0.0
4.293998359598729,0.08624810775822703,-170.34114828691537,49.78658049676612,0,0,6.2,-170.34114828691537,20260302-204149,0.0,0.0
7.050083225592761,0.06863498261373722,-137.95584668367957,102.71851113111076,0,0,6.2,-137.95584668367957,20260302-204149,0.0,0.0
10.723570404332522,0.09314616774530292,-125.57127426258609,115.12626513690661,0,0,6.2,-125.57127426258609,20260302-204149,0.0,0.0
14.639408734607843,0.12281822029941256,-119.64284226334955,119.1957406557361,0,0,6.2,-119.64284226334955,20260302-204149,0.0,0.0
18.64552630349952,0.15414738743006148,-116.23730894093399,120.95908087939031,0,0,6.2,-116.23730894093399,20260302-204149,0.0,0.0
22.69416337570999,0.18621625451833715,-114.0412444585272,121.86993790853657,0,0,6.2,-114.0412444585272,20260302-204149,0.0,0.0
26.766032366895264,0.21867910612751837,-112.5116335062562,122.39867283565346,0,0,6.2,-112.5116335062562,20260302-204149,0.0,0.0
30.851936133106737,0.2513766249022427,-111.3865388568111,122.7319212560224,0,0,6.2,-111.3865388568111,20260302-204149,0.0,0.0
34.94422553569888,1.20361279831187,-143.19623973595387,29.032779964378893,0,0,6.2,-143.19623973595387,20260302-204149,0.0,0.0
35.99337095518223,1.0634837602258282,-139.34249165476902,33.84477723246016,0,0,6.2,-139.34249165476902,20260302-204149,0.0,0.0
37.19575129679347,0.9730468103530684,-135.72233886462683,38.22606569492484,0,0,6.2,-135.72233886462683,20260302-204149,0.0,0.0
38.537026140277895,0.9136241964828736,-132.3414236026831,42.18039133445859,0,0,6.2,-132.3414236026831,20260302-204149,0.0,0.0
40.003226873941074,0.8748564990249774,-129.19803249945218,45.72547259867697,0,0,6.2,-129.19803249945218,20260302-204149,0.0,0.0
41.581140488297486,0.8505357511834125,-126.28497232071403,48.888174812690245,0,0,6.2,-126.28497232071403,20260302-204149,0.0,0.0
43.258544077153765,0.83671523400343,-123.59129569306536,51.700437997494895,0,0,6.2,-123.59129569306536,20260302-204149,0.0,0.0
45.02431936665527,0.8307658340855014,-121.10374954102765,54.19616156485008,0,0,6.2,-121.10374954102765,20260302-204149,0.0,0.0
46.71470589367149,0.84369623957341,90.92606894566734,-55.36910525675852,0,0,6.2,90.92606894566735,20260302-204149,0.0,0.0
44.87231414486823,0.8133403438286638,91.61514093073288,-55.17040250781032,0,0,6.2,91.61514093073285,20260302-204149,0.0,0.0
43.036967779901936,0.7832637911650372,92.3631010004612,-54.94568785809461,0,0,6.2,92.36310100046119,20260302-204149,0.0,0.0
41.209608147250755,0.7535078284060787,93.17754398413189,-54.69035170400668,0,0,6.2,93.17754398413189,20260302-204149,0.0,0.0
39.391346773125896,0.7241222432287011,94.06736847451407,-54.398752615979014,0,0,6.2,94.0673684745141,20260302-204149,0.0,0.0
37.58350418122846,0.6951676955098018,95.04305229012402,-54.0639394263949,0,0,6.2,95.04305229012404,20260302-204149,0.0,0.0
35.787659346054475,0.6667188564188228,96.11699490622408,-53.67728691263114,0,0,6.2,96.1169949062241,20260302-204149,0.0,0.0
34.005713128636565,0.6388687017705786,97.30394399989802,-53.22801545042382,0,0,6.2,97.30394399989804,20260302-204149,0.0,0.0
32.239970196854586,0.6117344871305327,98.6215269623712,-52.702554580636516,0,0,6.2,98.62152696237119,20260302-204149,0.0,0.0
30.49324548469841,0.5854662269060711,100.09091173764187,-52.083696861288935,0,0,6.2,100.09091173764187,20260302-204149,0.0,0.0
28.769003303471425,0.560258993586767,101.73762330176555,-51.3494716422004,0,0,6.2,101.73762330176555,20260302-204149,0.0,0.0
27.071539870300715,0.5363712081265974,103.59253953316221,-50.471649969532166,0,0,6.2,103.5925395331622,20260302-204149,0.0,0.0
25.40622324967791,0.5141526270808077,105.69307699260139,-49.41377698277305,0,0,6.2,105.69307699260138,20260302-204149,0.0,0.0
23.779808192345225,0.49408860539502075,108.08454106546486,-48.12863104449336,0,0,6.2,108.08454106546486,20260302-204149,0.0,0.0
22.200846031312537,0.47687286242727867,110.82153303044197,-46.55506274420907,0,0,6.2,110.82153303044198,20260302-204149,0.0,0.0
20.680208904564374,0.4635327397127724,113.96913808685508,-44.61434356800524,0,0,6.2,113.96913808685511,20260302-204149,0.0,0.0
19.231736925089827,0.45565716515738186,117.60329790005704,-42.20659389487988,0,0,6.2,117.60329790005703,20260302-204149,0.0,0.0
17.872984053155893,0.45584112714849956,121.80921533979324,-39.20880102451441,0,0,6.2,121.80921533979327,20260302-204149,0.0,0.0
16.625961679311303,0.46863167800983524,126.67580460291526,-35.477673532266785,0,0,6.2,126.67580460291526,20260302-204149,0.0,0.0
15.51762976580356,0.5027886147805444,132.283282545213,-30.863128777441883,0,0,6.2,132.283282545213,20260302-204149,0.0,0.0
14.579652064580932,0.5776338989202803,138.68087374030756,-25.240298555596166,0,0,6.2,138.6808737403076,20260302-204149,0.0,0.0
13.846691449186952,0.7458402351920451,145.8543263455362,-18.565224555928644,0,0,6.2,145.8543263455362,20260302-204149,0.0,0.0
13.35255267141069,1.2200065642078255,153.69098332470298,-10.944656416730648,0,0,6.2,153.690983324703,20260302-204149,0.0,0.0
13.124239047871237,4.891776638714129,161.96196727232336,-2.6829187056506987,0,0,6.2,161.96196727232334,20260302-204149,0.0,0.0
13.175576925417767,2.2927059558152605,170.34484209445543,5.746736467447557,0,0,6.2,170.34484209445543,20260302-204149,0.0,0.0
13.50337709754844,0.9769443384331342,178.49072621716243,13.822053689574314,0,0,6.2,178.49072621716246,20260302-204149,0.0,0.0
14.088355040552182,0.6670035788175838,-173.8943980948536,21.121858244789347,0,0,6.2,-173.8943980948536,20260302-204149,0.0,0.0
14.900251388744085,0.5434943741112831,-166.99705585030668,27.41564972610588,0,0,6.2,-166.99705585030668,20260302-204149,0.0,0.0
15.904352364555738,0.48697503612425175,-160.89046034322197,32.65948187228583,0,0,6.2,-160.89046034322197,20260302-204149,0.0,0.0
17.066767292407516,0.4620796260578298,-155.5614656793728,36.93468902321088,0,0,6.2,-155.5614656793728,20260302-204149,0.0,0.0
18.35744689436671,0.45461125370644195,-150.94624562543038,40.38053775549679,0,0,6.2,-150.94624562543038,20260302-204149,0.0,0.0
19.751262140300263,0.4577647641511961,-146.95939833936154,43.14718756679266,0,0,6.2,-146.95939833936154,20260302-204149,0.0,0.0
21.22790721619267,0.4678700885084168,-143.51235934955537,45.371370680839725,0,0,6.2,-143.51235934955537,20260302-204149,0.0,0.0
22.771274062133035,0.4827733119664331,-140.52292677508524,47.167632298026255,0,0,6.2,-140.52292677508524,20260302-204149,0.0,0.0
24.36868870159661,0.5011270349250775,-137.91907520907927,48.62776701967382,0,0,6.2,-137.91907520907927,20260302-204149,0.0,0.0
26.010195013627513,0.5220451942955505,-135.6396517713017,49.823646109271735,0,0,6.3,-135.6396517713017,20260302-204149,0.0,0.0
27.68795205947176,0.5449211854074995,-133.63360755528015,50.81092972879432,0,0,6.3,-133.63360755528015,20260302-204149,0.0,0.0
29.39575348306862,0.5693257399968373,-131.85868158457575,51.632574145043776,0,0,6.3,-131.85868158457575,20260302-204149,0.0,0.0
31.128654731872643,0.5949465361154147,-130.27999392366328,52.32176816276806,0,0,6.3,-130.27999392366328,20260302-204149,0.0,0.0
32.882687800482415,0.6215509126993118,-128.86874877201626,52.90425470968634,0,0,6.3,-128.86874877201626,20260302-204149,0.0,0.0
34.65464409773839,0.6489619940927314,-127.60111766132479,53.40011343219974,0,0,6.3,-127.60111766132479,20260302-204149,0.0,0.0
36.441909212977514,0.6770429159291049,-126.45731133923842,53.82510968742408,0,0,6.3,-126.45731133923842,20260302-204149,0.0,0.0
38.242336822191426,0.7056861169473441,-125.42082315837095,54.191709180308195,0,0,6.3,-125.42082315837095,20260302-204149,0.0,0.0
40.054152008824786,0.7348058950711499,-124.47781846529585,54.50984032313243,0,0,6.3,-124.47781846529585,20260302-204149,0.0,0.0
41.87587670317135,0.7643331229643114,-123.61664407022027,54.78746824521255,0,0,6.3,-123.61664407022027,20260302-204149,0.0,0.0
43.706271805788205,0.7942114258970142,-122.82743463399233,55.03102874203124,0,0,6.3,-122.82743463399233,20260302-204149,0.0,0.0
45.54429195467557,0.8243943706438429,-122.10179649046607,55.245758069776706,0,0,6.3,-122.10179649046607,20260302-204149,0.0,0.0
47.389049928576085,0.8548433665768003,-121.43255304035684,55.435945088214694,0,0,6.3,-121.43255304035684,20260302-204149,0.0,0.0
49.23978843986325,0.8855260769742139,-120.81353902930265,55.605125269842375,0,0,6.3,-120.81353902930265,20260302-204149,0.0,0.0
51.09585763113253,0.9164152014819332,-120.2394336627006,55.75623096223799,0,0,6.3,-120.2394336627006,20260302-204149,0.0,0.0
52.95669700338665,0.9474875323574298,-119.70562463912512,55.89170853955817,0,0,6.3,-119.70562463912512,20260302-204149,0.0,0.0
54.821820810194716,0.978723215266233,-119.20809687276837,56.01361033955044,0,0,6.3,-119.20809687276837,20260302-204149,0.0,0.0
56.69080618028604,1.01010516470958,-118.74334100202087,56.12366727833282,0,0,6.3,-118.74334100202087,20260302-204149,0.0,0.0
58.56328340167992,1.0416185976168162,-118.30827781864856,56.22334656434754,0,0,6.3,-118.30827781864856,20260302-204149,0.0,0.0
60.43892792885444,1.0732506581441448,-117.90019556166472,56.313897848769905,0,0,6.3,-117.90019556166472,20260302-204149,0.0,0.0
62.31745377165298,1.1049901135284421,-117.51669765203268,56.39639034657205,0,0,6.3,-117.51669765203268,20260302-204149,0.0,0.0
64.19860799864755,1.136827105777467,-117.15565893847756,56.471742864314116,0,0,6.3,-117.15565893847756,20260302-204149,0.0,0.0
66.08216614439164,1.1687529475923992,-116.81518891195519,56.54074822272678,0,0,6.3,-116.81518891195519,20260302-204149,0.0,0.0
67.96792835370965,1.2007599535952749,-116.4936006507686,56.60409322463026,0,0,6.3,-116.4936006507686,20260302-204149,0.0,0.0
69.85571613006411,1.2328412999354135,-116.18938449848203,56.662375062973425,0,0,6.3,-116.18938449848203,20260302-204149,0.0,0.0
71.74536958147371,1.26499090685937,-115.90118566694495,56.716114868839675,0,0,6.3,-115.90118566694495,20260302-204149,0.0,0.0
73.63674507818408,1.2972033399786669,-115.627785107903,56.76576894983563,0,0,6.3,-115.627785107903,20260302-204149,0.0,0.0
75.52971325263815,1.3294737268517476,-115.36808311732156,56.81173815408585,0,0,6.3,-115.36808311732156,20260302-204149,0.0,0.0
77.42415728524968,1.361797686178727,-115.12108523323158,56.854375705767104,0,0,6.3,-115.12108523323158,20260302-204149,0.0,0.0
79.31997142980751,1.3941712674387332,-114.88589006570093,56.89399378853088,0,0,6.3,-114.88589006570093,20260302-204149,0.0,0.0
81.21705974060463,1.426590899216157,-114.66167876038301,56.93086909865295,0,0,6.3,-114.66167876038301,20260302-204149,0.0,0.0
83.11533497003704,1.459053344790808,-114.44770584807088,56.96524754682887,0,0,6.3,-114.44770584807088,20260302-204149,0.0,0.0
85.014717610794,1.4915556638279746,-114.24329127419277,56.99734825357412,0,0,6.3,-114.24329127419277,20260302-204149,0.0,0.0
86.91513506112554,1.5240951792127513,-114.04781343611455,57.02736695618988,0,0,6.3,-114.04781343611455,20260302-204149,0.0,0.0
88.81652089523323,1.556669448240391,-113.86070308395374,57.05547892369093,0,0,6.3,-113.86070308395374,20260302-204149,0.0,0.0
90.71881422374396,1.5892762375094907,-113.68143796353328,57.08184145879311,0,0,6.3,-113.68143796353328,20260302-204149,0.0,0.0
92.62195913162279,1.6219135009744161,-113.50953809904998,57.10659605211819,0,0,6.3,-113.50953809904998,20260302-204149,0.0,0.0
94.52590418285823,1.6545793607027157,-113.3445616287439,57.129870242496054,0,0,6.3,-113.3445616287439,20260302-204149,0.0,0.0
96.43060198289155,1.6872720899563907,-113.18610111993034,57.151779228081644,0,0,6.3,-113.18610111993034,20260302-204149,0.0,0.0
98.33600879112322,1.7199900982760754,-113.03378030067012,57.172427265531454,0,0,6.3,-113.03378030067012,20260302-204149,0.0,0.0
100.24208417696602,1.7527319182968408,-112.88725115449704,57.191908888367216,0,0,6.3,-112.88725115449704,20260302-204149,0.0,0.0
102.14879071386542,1.7854961940655423,-112.7461913323016,57.21030997062754,0,0,6.3,-112.7461913323016,20260302-204149,0.0,0.0
104.05609370650659,1.8182816706639164,-112.61030184194244,57.22770865776377,0,0,6.3,-112.61030184194244,20260302-204149,0.0,0.0
105.96396094710005,1.851087184970275,-112.47930498162667,57.24417618330691,0,0,6.3,-112.47930498162667,20260302-204149,0.0,0.0
107.87236249720716,1.8839116574166552,-112.35294248773737,57.25977758698564,0,0,6.3,-112.35294248773737,20260302-204149,0.0,0.0
109.78127049204821,1.9167540846185085,-112.23097387172574,57.27457234760398,0,0,6.3,-112.23097387172574,20260302-204149,0.0,0.0
111.6906589646453,1.9496135327710165,-112.11317492404434,57.2886149420073,0,0,6.3,-112.11317492404434,20260302-204149,0.0,0.0
113.60050368750224,1.9824891317206121,-111.9993363659658,57.30195533980446,0,0,6.3,-111.9993363659658,20260302-204149,0.0,0.0
115.51078202982083,2.0153800696324975,-111.88926263258976,57.31463944211978,0,0,6.3,-111.88926263258976,20260302-204149,0.0,0.0
117.42147282850958,2.0482855881854105,-111.78277077245026,57.32670947147268,0,0,6.3,-111.78277077245026,20260302-204149,0.0,0.0
119.33255627145975,2.081204978233809,-111.67968945095268,57.33820431888932,0,0,6.3,-111.67968945095268,20260302-204149,0.0,0.0
121.24401379175329,2.1141375758852723,-111.57985804643565,57.34915985350843,0,0,6.3,-111.57985804643565,20260302-204149,0.0,0.0
123.15582797162983,2.1470827589474792,-111.48312582900877,57.359609199229006,0,0,6.3,-111.48312582900877,20260302-204149,0.0,0.0
125.06798245518138,2.180039943704765,-111.38935121349101,57.36958298233773,0,0,6.3,-111.38935121349101,20260302-204149,0.0,0.0
126.98046186886587,2.213008581989138,-111.29840107879379,57.379109553534086,0,0,6.3,-111.29840107879379,20260302-204149,0.0,0.0
128.8932517490365,2.24598815851484,-111.2101501469807,57.38821518732636,0,0,6.3,-111.2101501469807,20260302-204149,0.0,0.0
130.8063384757771,2.2789781884491944,-111.12448041600926,57.396924261389515,0,0,6.3,-111.12448041600926,20260302-204149,0.0,0.0
132.71970921241385,2.3119782151956634,-111.04128064083594,57.405259418148,0,0,6.3,-111.04128064083594,20260302-204149,0.0,0.0
134.63335185014478,2.344987808367794,-110.96044585815744,57.413241710563526,0,0,6.3,-110.96044585815744,20260302-204149,0.0,0.0
136.54725495728988,2.3780065619351447,-110.88187695058063,57.42089073386414,0,0,6.3,-110.88187695058063,20260302-204149,0.0,0.0
138.46140773271966,2.411034092524414,-110.80548024646858,57.42822474473891,0,0,6.3,-110.80548024646858,20260302-204149,0.0,0.0
140.37579996306633,2.444070037860793,-110.73116715211243,57.4352607693404,0,0,6.3,-110.73116715211243,20260302-204149,0.0,0.0
142.29042198336558,2.477114055336261,-110.65885381323181,57.44201470127707,0,0,6.3,-110.65885381323181,20260302-204149,0.0,0.0
144.2052646408124,2.5101658206928863,-110.58846080311932,57.44850139064005,0,0,6.3,-110.58846080311932,20260302-204149,0.0,0.0
146.1203192613481,2.5432250268105236,-110.5199128350211,57.454734724987595,0,0,6.3,-110.5199128350211,20260302-204149,0.0,0.0
148.03557761882416,2.5762913825893614,-110.45313849659014,57.46072770310537,0,0,6.3,-110.45313849659014,20260302-204149,0.0,0.0
149.95103190651471,2.6093646119187857,-110.3880700044662,57.46649250226814,0,0,6.3,-110.3880700044662,20260302-204149,0.0,0.0
151.8666747107717,2.642444452724865,-110.32464297722963,57.472040539648106,0,0,6.3,-110.32464297722963,20260302-204149,0.0,0.0
153.78249898663742,2.6755306560895624,-110.26279622514816,57.477382528443584,0,0,6.3,-110.26279622514816,20260302-204149,0.0,0.0
155.6984980352476,2.7086229854354555,-110.20247155528865,57.48252852923956,0,0,6.3,-110.20247155528865,20260302-204149,0.0,0.0
157.61466548287294,2.741721215770328,-110.14361359070273,57.48748799705689,0,0,6.3,-110.14361359070273,20260302-204149,0.0,0.0
159.53099526146298,2.7748251329865865,-110.08616960251783,57.49226982449785,0,0,6.3,-110.08616960251783,20260302-204149,0.0,0.0
161.44748159056857,2.8079345332109167,-110.03008935387348,57.49688238135341,0,0,6.3,-110.03008935387348,20260302-204149,0.0,0.0
163.36411896052965,2.8410492221999997,-109.97532495474213,57.50133355099942,0,0,6.3,-109.97532495474213,20260302-204149,0.0,0.0
165.28090211682735,2.8741690147785635,-109.92183072676049,57.50563076387531,0,0,6.3,-109.92183072676049,20260302-204149,0.0,0.0
167.19782604550664,2.907293734316317,-109.86956307727705,57.50978102830916,0,0,6.3,-109.86956307727705,20260302-204149,0.0,0.0
169.11488595958605,2.9404232122406837,-109.81848038189266,57.51379095892657,0,0,6.3,-109.81848038189266,20260302-204149,0.0,0.0
171.03207728637676,2.973557287582501,-109.76854287483457,57.517666802856745,0,0,6.3,-109.76854287483457,20260302-204149,0.0,0.0
172.94939565564135,3.0066958065521137,-109.71971254656233,57.52141446392898,0,0,6.3,-109.71971254656233,20260302-204149,0.0,0.0
174.86683688852798,3.039838622143511,-109.67195304805637,57.525039525033215,0,0,6.3,-109.67195304805637,20260302-204149,0.0,0.0
176.7843969872217,3.0729855937643817,-109.62522960128652,57.52854726880196,0,0,6.3,-109.62522960128652,20260302-204149,0.0,0.0
178.7020721252588,3.1061365868901025,-109.57950891540106,57.531942696756055,0,0,6.3,-109.57950891540106,20260302-204149,0.0,0.0
180.61985863845612,3.1392914727398993,-109.53475910821491,57.53523054704296,0,0,6.3,-109.53475910821491,20260302-204149,0.0,0.0
182.53775301640917,3.172450127973523,-109.490949632611,57.538415310884474,0,0,6.3,-109.490949632611,20260302-204149,0.0,0.0
184.4557518945191,3.2056124344069556,-109.44805120750041,57.54150124783995,0,0,6.3,-109.44805120750041,20260302-204149,0.0,0.0
186.37385204650957,3.2387782787457415,-109.40603575301559,57.54449239998153,0,0,6.3,-109.40603575301559,20260302-204149,0.0,0.0
188.2920503773995,3.271947552334719,-109.3648763296377,57.54739260506866,0,0,6.3,-109.3648763296377,20260302-204149,0.0,0.0
190.21034391689935,3.3051201509229546,-109.32454708098257,57.550205508802186,0,0,6.3,-109.32454708098257,20260302-204149,0.0,0.0
192.12872981320146,3.338295974442831,-109.28502317999157,57.55293457623037,0,0,6.3,-109.28502317999157,20260302-204149,0.0,0.0
194.0472053271375,3.371474926802299,-109.24628077829392,57.555583102373255,0,0,6.3,-109.24628077829392,20260302-204149,0.0,0.0
195.9657678266779,3.4046569156893907,-109.2082969585246,57.558154222126035,0,0,6.3,-109.2082969585246,20260302-204149,0.0,0.0
197.88441478174994,3.437841852388147,-109.17104968939891,57.56065091949667,0,0,6.3,-109.17104968939891,20260302-204149,0.0,0.0
199.80314375935362,3.47102965160521,-109.13451778335998,57.56307603622827,0,0,6.3,-109.13451778335998,20260302-204149,0.0,0.0
201.72195241895534,3.5042202313063475,-109.09868085662876,57.56543227985271,0,0,6.3,-109.09868085662876,20260302-204149,0.0,0.0
203.6408385081408,3.5374135125622517,-109.0635192914997,57.56772223121798,0,0,6.3,-109.0635192914997,20260302-204149,0.0,0.0
205.5597998585111,3.5706094194030253,-109.02901420073607,57.56994835152788,0,0,6.3,-109.02901420073607,20260302-204149,0.0,0.0
207.47883438180546,3.603807878680766,-108.9951473939301,57.57211298893007,0,0,6.3,-108.9951473939301,20260302-204149,0.0,0.0
209.39794006623666,3.6370088199397363,-108.96190134570271,57.57421838468522,0,0,6.3,-108.96190134570271,20260302-204149,0.0,0.0
211.31711497302553,3.670212175293642,-108.92925916562673,57.57626667894717,0,0,6.3,-108.92925916562673,20260302-204149,0.0,0.0
207.02815144575467,1.6201789865317096,-99.49155836021946,-127.78103725992423,0,0,6.3,-99.49155836021946,20260302-204149,0.0,0.0
202.856636913629,1.6565724750524882,-101.17787033290959,-122.45563654388349,0,0,6.3,-101.17787033290959,20260302-204149,0.0,0.0
198.8681229969374,1.7026520766814555,-102.93339689936714,-116.79903705549768,0,0,6.3,-102.93339689936714,20260302-204149,0.0,0.0
193.61913469607728,1.0374953153574318,-76.97487046538507,-186.62169537543673,0,0,6.3,-76.97487046538507,20260302-204149,0.0,0.0
187.4386433475277,1.01775908649237,-78.16200716095688,-184.16798811742456,0,0,6.3,-78.16200716095688,20260302-204149,0.0,0.0
181.34408254757366,0.9993561151225964,-79.42951299156665,-181.4609224914056,0,0,6.5,-79.42951299156665,20260302-204149,0.0,0.0
175.3444127585373,0.9824926089221908,-80.7844597251945,-178.46893825582336,0,0,6.5,-80.7844597251945,20260302-204149,0.0,0.0
169.4497136374297,0.9674196110769077,-82.23453536071273,-175.15637650636674,0,0,6.7,-82.23453536071273,20260302-204149,0.0,0.0
163.67132727980527,0.9544458864092829,-83.78805530849988,-171.48308731839427,0,0,6.7,-83.78805530849988,20260302-204149,0.0,0.0
158.02201381710992,0.9439555228549871,-85.45395197330919,-167.40408842481625,0,0,6.7,-85.45395197330919,20260302-204149,0.0,0.0
152.51611679967525,0.9364323920750097,-87.24173251397009,-162.8693305468853,0,0,6.7,-87.24173251397009,20260302-204149,0.0,0.0
147.16973354615087,0.9324948042430337,-89.16139145288187,-157.82364992973666,0,0,6.9,-89.16139145288187,20260302-204149,0.0,0.0
142.00088244793923,0.9329456835887239,-91.22326134475544,-152.20702013616727,0,0,6.9,-91.22326134475544,20260302-204149,0.0,0.0
137.02965487622535,0.9388470286637459,-93.43778126538362,-145.95525223236703,0,0,6.9,-93.43778126538362,20260302-204149,0.0,0.0
132.27833371552939,0.9516335731672182,-95.8151601972432,-139.00133144239734,0,0,7.1,-95.8151601972432,20260302-204149,0.0,0.0
127.77145370219452,0.9732920404007401,-98.36491175743815,-131.27761082848917,0,0,7.1,-98.36491175743815,20260302-204149,0.0,0.0
123.53577112457215,1.0066548542194913,-101.09524009785711,-122.71909344772939,0,0,7.1,-101.09524009785711,20260302-204149,0.0,0.0
119.60010313151433,1.055903723050642,-104.01226683575507,-113.26800021688929,0,0,7.1,-104.01226683575507,20260302-204149,0.0,0.0
115.994991902024,1.1274817109913349,-107.11910847680952,-102.87971039462428,0,0,7.3,-107.11910847680952,20260302-204149,0.0,0.0
112.75214933289703,1.231860801055616,-110.4148452217374,-91.52994334771961,0,0,7.3,-110.4148452217374,20260302-204149,0.0,0.0
109.90364765366422,1.3872745759692204,-113.89346506042641,-79.22270728336527,0,0,7.3,-113.89346506042641,20260302-204149,0.0,0.0
104.81322083341885,0.5083013831531671,-65.39935343146789,-206.20290305571598,0,0,7.3,-65.39935343146789,20260302-204149,0.0,0.0
97.97314093645642,0.4799498459389586,-66.89436890643073,-204.13203955672677,0,0,7.5,-66.89436890643073,20260302-204149,0.0,0.0
91.20974171649664,0.45247258737631335,-68.61242101047355,-201.58070181749846,0,0,7.5,-68.61242101047355,20260302-204149,0.0,0.0
84.541428770638,0.4261218915854648,-70.60353494767155,-198.39729063457895,0,0,7.4,-70.60353494767155,20260302-204149,0.0,0.0
77.99259534550218,0.40125743924536517,-72.93224878806693,-194.3704657343697,0,0,7.4,-72.93224878806693,20260302-204149,0.0,0.0
71.59603504684593,0.37841026184779375,-75.6823199137203,-189.2021497969938,0,0,7.4,-75.6823199137203,20260302-204149,0.0,0.0
65.39644558908908,0.35839857628776944,-78.96262070463666,-182.46848597015693,0,0,7.4,-78.96262070463666,20260302-204149,0.0,0.0
59.45547504225109,0.3425522762201448,-82.91371842393319,-173.5661362356308,0,0,7.4,-82.91371842393319,20260302-204149,0.0,0.0
53.85877351804765,0.33318702661445326,-87.71303250857166,-161.64727079956276,0,0,7.3,-87.71303250857166,20260302-204149,0.0,0.0
48.7251168576589,0.3347253864922836,-93.57262570837914,-145.5674377383448,0,0,7.3,-93.57262570837914,20260302-204149,0.0,0.0
44.21608413543916,0.35679850527570417,-100.71614257237431,-123.92452177251319,0,0,7.3,-100.71614257237431,20260302-204149,0.0,0.0
40.540630672296025,0.4251138459396147,-109.31179888861335,-95.3641737607733,0,0,7.3,-109.31179888861335,20260302-204149,0.0,0.0
37.941783430649906,0.6390203547792007,-119.3425162800482,-59.37492154496369,0,0,7.2,-119.3425162800482,20260302-204149,0.0,0.0
36.64929303608359,2.1004860524108984,-130.45114508333356,-17.448005900357312,0,0,7.1,-130.45114508333356,20260302-204149,0.0,0.0
36.801059573695234,1.3906468945033348,-141.9086996711219,26.463266641701033,0,0,7.1,-141.9086996711219,20260302-204149,0.0,0.0
38.379953712897596,0.5693473212387198,-152.84307880267508,67.41044048366636,0,0,7.1,-152.84307880267508,20260302-204149,0.0,0.0
41.22231511957102,0.404538007738624,-162.5925374170004,101.89973335263264,0,0,7.0,-162.5925374170004,20260302-204149,0.0,0.0
45.08983517585555,0.34969668221231076,-170.8800445972505,128.93984263905665,0,0,7.0,-170.8800445972505,20260302-204149,0.0,0.0
43.67211064102169,0.2689283550830013,-2.5741020841389854,-162.39310513591195,0,0,7.0,-2.5741020841389775,20260302-204149,0.0,0.0
38.57755455309602,0.2716380312403562,-4.794016771363886,-142.01823793576628,0,0,7.0,-4.794016771363887,20260302-204149,0.0,0.0
34.30390266876507,0.3044349659296638,-14.190560825830289,-112.68056073654363,0,0,7.0,-14.190560825830298,20260302-204149,0.0,0.0
31.19043630465387,0.4319812908148229,-25.840658342008652,-72.20321103680449,0,0,6.9,-25.840658342008656,20260302-204149,0.0,0.0
29.605480083876166,1.3722593606754934,-39.37225506484461,-21.574259890129586,0,0,6.9,-39.3722550648446,20260302-204149,0.0,0.0
29.793978261965318,0.9107999654203861,-53.55103858161985,32.711878999922554,0,0,6.9,-53.55103858161984,20260302-204149,0.0,0.0
31.724334286280786,0.38889207738779036,-66.76501730303184,81.57619075033593,0,0,6.9,-66.76501730303184,20260302-204149,0.0,0.0
35.11041421995011,0.293420126092765,-77.94989439596827,119.65918864355584,0,0,7.1,-77.94989439596827,20260302-204149,0.0,0.0
39.58035551938379,0.26942523296943693,-86.89421888260769,146.90663930454392,0,0,7.1,-86.89421888260769,20260302-204149,0.0,0.0
44.81097471536085,0.2703334515756094,-93.89124921163085,165.7618561601789,0,0,7.3,-93.89124921163085,20260302-204149,0.0,0.0
44.74182642914294,0.689494040946866,-29.94444639808097,-64.89080945166697,0,0,7.3,-29.944446398080977,20260302-204149,0.0,0.0
42.744043496583174,0.8524260895661839,-24.904768808092797,-50.143987871530825,0,0,7.5,-24.904768808092793,20260302-204149,0.0,0.0
41.10755444216547,0.9511244083766464,-160.58177174383573,-43.21995532879526,0,0,7.4,-160.58177174383573,20260302-204149,0.0,0.0
39.60337059801931,0.9034521968150593,-19.11166698432652,-43.83560163740052,0,0,7.4,-19.11166698432652,20260302-204149,0.0,0.0
36.32204118887032,0.29853216703299046,143.49447787553936,-121.6687687288868,0,0,7.4,143.49447787553933,20260302-204149,0.0,0.0
32.32050442833914,0.27338699544112355,146.8097034153971,-118.22253789427107,0,0,7.6,146.8097034153971,20260302-204149,0.0,0.0
28.45737868322531,0.25128178059686584,151.0426346233274,-113.24887389619306,0,0,7.6,151.0426346233274,20260302-204149,0.0,0.0
24.797436584868645,0.23429535038731925,156.5632770495153,-105.8383640301671,0,0,7.6,156.5632770495153,20260302-204149,0.0,0.0
21.44496177386606,0.22696158135054376,163.8978328646221,-94.48718874030122,0,0,7.8,163.8978328646221,20260302-204149,0.0,0.0
18.5672554360215,0.2414118845879198,173.71470349179407,-76.91110761889394,0,0,7.7,173.71470349179407,20260302-204149,0.0,0.0
16.415926047965208,0.32476308157771283,-173.4157266343858,-50.54738971011096,0,0,7.7,-173.4157266343858,20260302-204149,0.0,0.0
15.30050150289049,1.011095906411607,-157.73437156091913,-15.13259168182391,0,0,7.6,-157.73437156091913,20260302-204149,0.0,0.0
15.447042730229782,0.6506812090948142,-141.041559761538,23.739801479312295,0,0,7.6,-141.041559761538,20260302-204149,0.0,0.0
16.82260314639308,0.29327768866297227,-125.89725640522902,57.360664642052654,0,0,7.6,-125.89725640522902,20260302-204149,0.0,0.0
19.16433898610706,0.2349485012079287,-113.74113141227623,81.56825384106911,0,0,7.7,-113.74113141227623,20260302-204149,0.0,0.0
22.168149800326383,0.22736006055186914,-104.54592067347048,97.5023922254323,0,0,7.7,-104.54592067347048,20260302-204149,0.0,0.0
25.60204888298781,0.237513652056681,-97.6759313331255,107.79190442862651,0,0,7.7,-97.6759313331255,20260302-204149,0.0,0.0
29.315286338120305,0.2559265864186734,-92.4862075426084,114.54568573099739,0,0,7.7,-92.4862075426084,20260302-204149,0.0,0.0
33.21430691444528,0.2788519828211358,-88.48812032921305,119.11088663748163,0,0,7.7,-88.48812032921305,20260302-204149,0.0,0.0
37.24080314882926,0.30451164201805764,-85.34187093921902,122.29681237153115,0,0,7.7,-85.34187093921902,20260302-204149,0.0,0.0
39.53275384181972,0.9053762774722024,48.960272533559646,43.66444629209261,0,0,7.6,48.96027253355963,20260302-204149,0.0,0.0
41.045166184812594,0.8729789347141974,51.978350640941386,47.01736153375829,0,0,7.6,51.978350640941386,20260302-204149,0.0,0.0
42.66321618616963,0.8531306569716589,54.774790809020374,50.007833896873905,0,0,7.6,54.77479080902039,20260302-204149,0.0,0.0
44.37534981208373,0.8425508683843196,57.36122141919384,52.66785837771215,0,0,7.6,57.36122141919384,20260302-204149,0.0,0.0
46.17110171882132,0.8390108146533172,59.75102720978441,55.030401172956765,0,0,7.6,59.75102720978441,20260302-204149,0.0,0.0
48.04109599397876,0.8409432995868925,61.95838633774639,57.12762800723736,0,0,7.6,61.958386337746376,20260302-204149,0.0,0.0
49.97699953042008,0.8472141800684493,63.99757453130695,58.989805300924345,0,0,7.6,63.99757453130697,20260302-204149,0.0,0.0
51.971447615133144,0.8569824529682933,65.88249075219457,60.64470449204867,0,0,7.6,65.88249075219457,20260302-204149,0.0,0.0
54.01795590125045,0.8696112943071916,67.62635549908552,62.11735778372782,0,0,7.6,67.62635549908552,20260302-204149,0.0,0.0
56.110828363822435,0.8846096415348111,69.24153725574538,63.430043862589265,0,0,7.6,69.24153725574538,20260302-204149,0.0,0.0
58.24506731893468,0.9015927469241937,70.73947011110255,64.60241335973386,0,0,7.6,70.73947011110253,20260302-204149,0.0,0.0
60.416289042675544,0.920254883471996,72.1306336258628,65.65169077368341,0,0,7.6,72.13063362586281,20260302-204149,0.0,0.0
62.620646785042005,0.9403500487616765,73.4245732890559,66.59291065864842,0,0,7.6,73.42457328905591,20260302-204149,0.0,0.0
64.85476183946608,0.9616780598660127,74.62994590796023,67.43916134314436,0,0,7.6,74.62994590796022,20260302-204149,0.0,0.0
67.11566262891793,0.9840743602699735,75.75457895368893,68.20182024710536,0,0,7.6,75.75457895368893,20260302-204149,0.0,0.0
69.40073136769949,1.00740243196541,76.8055363908598,68.89077211408045,0,0,7.6,76.80553639085981,20260302-204149,0.0,0.0
71.70765765252996,1.0315480676464606,77.78918606904296,69.51460615513083,0,0,7.6,77.78918606904297,20260302-204149,0.0,0.0
74.0343982554142,1.0564149919045114,78.71126556195725,70.08079099856822,0,0,7.6,78.71126556195725,20260302-204149,0.0,0.0
76.37914238493458,1.081921474757352,79.57694459500618,70.59582804016763,0,0,7.6,79.5769445950062,20260302-204149,0.0,0.0
78.74028171947911,1.1079976846957744,80.39088305343779,71.0653847089031,0,0,7.6,80.39088305343778,20260302-204149,0.0,0.0
81.1163845746083,1.134583599457322,81.1572841278878,71.49440959080208,0,0,7.6,81.15728412788779,20260302-204149,0.0,0.0
83.50617363426827,1.1616273420764518,81.87994251736734,71.88723148079305,0,0,7.6,81.87994251736734,20260302-204149,0.0,0.0
85.90850674412495,1.189083844529136,82.56228783440116,72.24764438553427,0,0,7.5,82.56228783440116,20260302-204149,0.0,0.0
88.32236033056495,1.216913766117145,83.20742348765589,72.57898035978228,0,0,7.5,83.2074234876559,20260302-204149,0.0,0.0
90.74681506866749,1.2450826116841065,83.8181613854261,72.88417187508769,0,0,7.7,83.8181613854261,20260302-204149,0.0,0.0
93.1810434758042,1.2735600078772331,84.39705283059965,73.16580522273006,0,0,7.7,84.39705283059963,20260302-204149,0.0,0.0
95.62429915434926,1.302319105364974,84.94641597919218,73.42616626018906,0,0,7.7,84.94641597919217,20260302-204149,0.0,0.0
98.0759074475951,1.3313360821572544,85.46836022038616,73.66727963135803,0,0,7.7,85.46836022038617,20260302-204149,0.0,0.0
100.53525730790165,1.3605897286258959,85.9648078130304,73.89094242937986,0,0,7.9,85.96480781303039,20260302-204149,0.0,0.0
103.00179420597844,1.3900610989646685,86.43751308622006,74.09875312868996,0,0,7.8,86.43751308622006,20260302-204149,0.0,0.0
105.47501393564008,1.4197332170014332,86.88807948275684,74.29213648914266,0,0,7.8,86.88807948275685,20260302-204149,0.0,0.0
107.9544571899845,1.4495908267244573,87.31797469576895,74.47236502863495,0,0,7.8,87.31797469576895,20260302-204149,0.0,0.0
110.43970480326772,1.4796201797899013,87.72854412161553,74.6405775696771,0,0,8.2,87.72854412161554,20260302-204149,0.0,0.0
112.93037356827269,1.5098088537690504,88.12102282698515,74.79779528803002,0,0,8.2,88.12102282698518,20260302-204149,0.0,0.0
115.42611255211848,1.5401455960693828,88.49654620508636,74.94493562602025,0,0,8.2,88.49654620508636,20260302-204149,0.0,0.0
117.9265998445941,1.5706201893957574,88.85615947508893,75.08282437777801,0,0,8.2,88.8561594750889,20260302-204149,0.0,0.0
120.43153968254207,1.6012233353615424,89.20082616044715,75.21220620691845,0,0,8.4,89.20082616044716,20260302-204149,0.0,0.0
122.94065990182574,1.6319465534558966,89.53143566529474,75.33375381778286,0,0,8.4,89.53143566529475,20260302-204149,0.0,0.0
125.45370967521467,1.66278209305432,89.84881005358062,75.44807596813368,0,0,8.4,89.8488100535806,20260302-204149,0.0,0.0
127.97045750030635,1.6937228565493354,90.15371012283873,75.5557244831801,0,0,8.4,90.15371012283873,20260302-204149,0.0,0.0
130.49068940652572,1.7247623319955154,90.44684085326958,75.65720040717181,0,0,8.3,90.4468408532696,20260302-204149,0.0,0.0
133.01420735444395,1.7558945339227583,90.72885630298424,75.75295940883386,0,0,8.3,90.72885630298425,20260302-204149,0.0,0.0
135.54082780424372,1.7871139511850083,91.00036401166449,75.84341654004136,0,0,8.4,91.00036401166452,20260302-204149,0.0,0.0
138.07038043322788,1.8184155008877219,91.26192896737331,75.92895043284886,0,0,8.4,91.26192896737331,20260302-204149,0.0,0.0
140.60270698489734,1.849794487583188,91.51407718467635,76.0099070078855,0,0,8.4,91.51407718467635,20260302-204149,0.0,0.0
143.13766023438245,1.881246567044153,91.75729893649105,76.0866027568533,0,0,8.4,91.75729893649104,20260302-204149,0.0,0.0
145.67510305695382,1.9127677140274375,91.99205167705571,76.1593276531351,0,0,8.8,91.99205167705571,20260302-204149,0.0,0.0
148.21490758801124,1.9443541935240904,92.21876268901872,76.22834773708367,0,0,8.8,92.21876268901872,20260302-204149,0.0,0.0
150.75695446439377,1.9760025350639343,92.4378314838018,76.29390741622504,0,0,8.8,92.43783148380177,20260302-204149,0.0,0.0
153.30113213810222,2.0077095097025013,92.64963198102515,76.3562315151947,0,0,8.8,92.64963198102515,20260302-204149,0.0,0.0
155.8473362546067,2.0394721093692656,92.85451448983042,76.41552710559233,0,0,8.8,92.85451448983041,20260302-204149,0.0,0.0
158.39546908885055,2.0712875282992513,93.05280751234795,76.47198514197117,0,0,8.7,93.05280751234797,20260302-204149,0.0,0.0
160.94543903287712,2.103153146306871,93.24481938728235,76.52578192676873,0,0,8.6,93.24481938728235,20260302-204149,0.0,0.0
163.49716012971635,2.1350665136922276,93.43083978959027,76.57708042405496,0,0,8.6,93.43083978959025,20260302-204149,0.0,0.0
166.05055164878752,2.167025337596979,93.61114110046697,76.62603143944845,0,0,8.6,93.611141100467,20260302-204149,0.0,0.0
168.60553769861528,2.1990274696498906,93.78597966030833,76.67277468137273,0,0,8.6,93.78597966030831,20260302-204149,0.0,0.0
171.16204687313044,2.2310708947620856,93.95559691594764,76.71743971694033,0,0,8.6,93.95559691594764,20260302-204149,0.0,0.0
173.72001192824106,2.2631537209490538,94.12022047226208,76.76014683412293,0,0,8.6,94.12022047226209,20260302-204149,0.0,0.0
176.2793694857249,2.2952741700713126,94.28006505717451,76.80100782045051,0,0,8.6,94.28006505717453,20260302-204149,0.0,0.0
178.84005976181405,2.3274305693984156,94.435333408134,76.8401266672543,0,0,8.6,94.43533340813399,20260302-204149,0.0,0.0
181.402026318125,2.359621343912147,94.58621708732102,76.8776002073996,0,0,8.6,94.58621708732102,20260302-204149,0.0,0.0
183.96521583283672,2.391845009274409,94.73289723208177,76.91351869352292,0,0,8.6,94.7328972320818,20260302-204149,0.0,0.0
186.5295778902388,2.4241001653937984,94.87554524643554,76.94796632297447,0,0,8.6,94.87554524643556,20260302-204149,0.0,0.0
189.0950647869667,2.4563854905322398,95.01432343891406,76.98102171495661,0,0,8.6,95.01432343891408,20260302-204149,0.0,0.0
191.66163135341301,2.488699735899497,95.14938561146903,77.01275834472666,0,0,8.6,95.14938561146906,20260302-204149,0.0,0.0
194.22923478895765,2.521041720689101,95.2808776037192,77.04324493918612,0,0,8.6,95.28087760371919,20260302-204149,0.0,0.0
196.79783450979454,2.553410327514199,95.40893779639185,77.07254583769995,0,0,8.6,95.40893779639184,20260302-204149,0.0,0.0
199.36739200825423,2.585804498206232,95.5336975774448,77.10072132156745,0,0,8.6,95.53369757744478,20260302-204149,0.0,0.0
201.93787072262927,2.618223229943231,95.65528177402041,77.12782791519565,0,0,8.6,95.65528177402042,20260302-204149,0.0,0.0
204.50923591660538,2.6506655716779584,95.77380905308809,77.15391866169836,0,0,8.6,95.77380905308809,20260302-204149,0.0,0.0
207.08145456748696,2.6831306208391306,95.88939229336387,77.17904337535519,0,0,8.6,95.88939229336387,20260302-204149,0.0,0.0
209.65449526248312,2.715617520281689,96.00213893085765,77.20324887310929,0,0,8.6,96.00213893085764,20260302-204149,0.0,0.0
212.22832810238825,2.7481254554644514,96.11215128018239,77.22657918705544,0,0,8.6,96.11215128018242,20260302-204149,0.0,0.0
214.80292461205303,2.780653651835593,96.21952683356824,77.24907575967082,0,0,8.6,96.21952683356825,20260302-204149,0.0,0.0
217.37825765709806,2.8132013724083436,96.32435853934788,77.27077762336063,0,0,8.6,96.32435853934788,20260302-204149,0.0,0.0
219.95430136637037,2.845767915510927,96.42673506152568,77.29172156573419,0,0,8.6,96.42673506152566,20260302-204149,0.0,0.0
222.53103105968938,2.878352612696319,96.52674102189877,77.31194228188454,0,0,8.6,96.52674102189879,20260302-204149,0.0,0.0
225.1084231804683,2.910954826798729,96.62445722607254,77.33147251481992,0,0,9.3,96.62445722607256,20260302-204149,0.0,0.0
227.6864552328336,2.9435739501249296,96.71996087459581,77.35034318508296,0,0,9.3,96.71996087459584,20260302-204149,0.0,0.0
230.26510572289817,2.976209402769644,96.81332576033776,77.36858351049315,0,0,9.3,96.81332576033773,20260302-204149,0.0,0.0
232.84435410387297,3.0088606310451764,96.90462245313245,77.38622111685868,0,0,9.3,96.90462245313243,20260302-204149,0.0,0.0
235.42418072472952,3.041527106016347,96.99391847263303,77.40328214042364,0,0,9.3,96.99391847263301,20260302-204149,0.0,0.0
238.004566782149,3.074208322132579,97.08127845023654,77.41979132274457,0,0,9.3,97.08127845023654,20260302-204149,0.0,0.0
240.5854942755168,3.1069037959497203,97.16676428087288,77.43577209862543,0,0,9.3,97.1667642808729,20260302-204149,0.0,0.0
243.16694596474048,3.139613064934782,97.25043526538428,77.45124667768309,0,0,9.3,97.2504352653843,20260302-204149,0.0,0.0
245.7489053306877,3.172335686347413,97.33234824416485,77.46623612006202,0,0,9.3,97.33234824416486,20260302-204149,0.0,0.0
248.33135653805698,3.2050712361923916,97.4125577226751,77.4807604067713,0,0,9.3,97.41255772267509,20260302-204149,0.0,0.0
250.91428440050967,3.2378193082379645,97.49111598939862,77.49483850507345,0,0,9.3,97.49111598939865,20260302-204149,0.0,0.0
250.54474615462033,8.40340410647422,141.69702225918638,-29.8146730753545,0,0,9.3,141.69702225918635,20260302-204149,0.0,0.0
249.56109411283515,8.545662597333951,142.21429495501332,-29.203246824967376,0,0,9.3,142.21429495501332,20260302-204149,0.0,0.0
248.5979429958711,8.696911382267029,142.73561859265044,-28.58462413481198,0,0,9.3,142.7356185926504,20260302-204149,0.0,0.0
247.65553199279066,8.85785905528768,143.2609536178012,-27.9588476681567,0,0,9.3,143.26095361780116,20260302-204149,0.0,0.0
246.73409875685346,9.029290685921044,143.7902571678365,-27.32596693797604,0,0,9.3,143.7902571678365,20260302-204149,0.0,0.0
245.83387917443775,9.212078422384218,144.323483021188,-26.686038470655184,0,0,9.3,144.323483021188,20260302-204149,0.0,0.0
244.95510712866994,9.407193909213769,144.86058155156587,-26.039125959628773,0,0,9.3,144.86058155156587,20260302-204149,0.0,0.0
244.0980142581153,9.615722892216434,145.40149968736188,-25.38530040790833,0,0,9.3,145.40149968736188,20260302-204149,0.0,0.0
243.26282971091726,9.83888247384305,145.94618087659376,-24.72464025844789,0,0,9.3,145.94618087659376,20260302-204149,0.0,0.0
242.44977989480867,10.078041597635158,146.49456505774208,-24.057231511298806,0,0,9.3,146.49456505774205,20260302-204149,0.0,0.0
241.65908822345247,10.334745489421795,147.04658863682323,-23.383167826513425,0,0,9.3,147.04658863682326,20260302-204149,0.0,0.0
240.89097485960403,10.610744976587842,147.60218447103216,-22.70255061177323,0,0,9.3,147.60218447103216,20260302-204149,0.0,0.0
240.145656455621,10.90803186034593,148.16128185927403,-22.015489093740616,0,0,9.3,148.16128185927406,20260302-204149,0.0,0.0
239.42334589187976,11.228881850890957,148.72380653989194,-21.322100372165078,0,0,9.2,148.72380653989194,20260302-204149,0.0,0.0
236.3288999610434,1.1582830196827798,-66.96287026081752,-204.03381206932227,0,0,9.2,-66.96287026081752,20260302-204149,0.0,0.0
229.54415910051213,1.130558301367966,-67.64748513134238,-203.03610952461773,0,0,9.2,-67.64748513134238,20260302-204149,0.0,0.0
222.79418428918012,1.1032358092781316,-68.37369242340729,-201.94611380042008,0,0,9.2,-68.37369242340729,20260302-204149,0.0,0.0
216.08223361617829,1.0763604216044103,-69.1451450916199,-200.75267473518642,0,0,9.2,-69.1451450916199,20260302-204149,0.0,0.0
209.41196329624458,1.0499839507820405,-69.96589979073985,-199.4430135244182,0,0,9.2,-69.96589979073985,20260302-204149,0.0,0.0
202.78748633526249,1.024166536587876,-70.84046721741241,-198.00245281482384,0,0,9.2,-70.84046721741241,20260302-204149,0.0,0.0
196.213440957332,0.9989783891471689,-71.77386846671216,-196.41409973326859,0,0,9.2,-71.77386846671216,20260302-204149,0.0,0.0
189.6950704842224,0.9745019888655163,-72.77169771092824,-194.65847443272978,0,0,9.2,-72.77169771092824,20260302-204149,0.0,0.0
183.23831661327648,0.950834889416091,-73.84019126920764,-192.7130763215929,0,0,9.2,-73.84019126920764,20260302-204149,0.0,0.0
176.84992830102067,0.9280933258797495,-74.98630273045138,-190.55188025771304,0,0,9.2,-74.98630273045138,20260302-204149,0.0,0.0
170.5375887024339,0.9064169114304591,-76.2177831366967,-188.1447560740019,0,0,9.2,-76.2177831366967,20260302-204149,0.0,0.0
164.3100627970193,0.8859748259900302,-77.54326421530128,-185.45680754914392,0,0,9.2,-77.54326421530128,20260302-204149,0.0,0.0
158.1773683806754,0.866974080699707,-78.97234110745697,-182.44763240559107,0,0,9.2,-78.97234110745697,20260302-204149,0.0,0.0
152.15097290148006,0.8496707186323088,-80.51564876667746,-179.07051468878817,0,0,9.2,-80.51564876667746,20260302-204149,0.0,0.0
146.2440179886121,0.8343852454169114,-82.1849229240479,-175.27157723832877,0,0,9.2,-82.1849229240479,20260302-204149,0.0,0.0
140.47157219735112,0.821524278603276,-83.99303191592777,-170.98894805175507,0,0,9.2,-83.99303191592777,20260302-204149,0.0,0.0
134.85091007958872,0.8116115502422708,-85.9539594084959,-166.15203423279883,0,0,9.2,-85.9539594084959,20260302-204149,0.0,0.0
129.4018116509447,0.8053333428503301,-88.08270987657755,-160.68105561474786,0,0,9.2,-88.08270987657755,20260302-204149,0.0,0.0
124.14686997002933,0.8036068576516929,-90.39509862685917,-154.48707136822154,0,0,9.2,-90.39509862685917,20260302-204149,0.0,0.0
119.11178507486035,0.8076862586654385,-92.90737687250446,-147.47283836631308,0,0,9.2,-92.90737687250446,20260302-204149,0.0,0.0
114.32560920301118,0.8193330648213598,-95.63563179282612,-139.5349633887139,0,0,9.2,-95.63563179282612,20260302-204149,0.0,0.0
109.82089077727927,0.8411015700239313,-98.59489566758819,-130.56792983296253,0,0,9.2,-98.59489566758819,20260302-204149,0.0,0.0
105.6336439688896,0.876841371485867,-101.79790408179885,-120.4706431562259,0,0,9.2,-101.79790408179885,20260302-204149,0.0,0.0
101.80304995790992,0.9326376491908384,-105.25347125619834,-109.15605867534387,0,0,9.2,-105.25347125619834,20260302-204149,0.0,0.0
98.37078214020073,1.0187096327915806,-108.96451314620293,-96.56410322795737,0,0,9.2,-108.96451314620293,20260302-204149,0.0,0.0
95.37985181668361,1.1536394939611971,-112.92585532484574,-82.67734618653037,0,0,9.2,-112.92585532484574,20260302-204149,0.0,0.0
92.87290800780261,1.3751275364021651,-117.12210871641872,-67.53766872474388,0,0,9.2,-117.12210871641872,20260302-204149,0.0,0.0
90.00415075773765,0.4223903000767985,-59.40564748851372,-213.08290162291416,0,0,9.2,-59.405647488513715,20260302-204149,0.0,0.0
82.92146017745758,0.39145822689789284,-60.66636265361737,-211.82709796283484,0,0,9.2,-60.66636265361738,20260302-204149,0.0,0.0
75.88639876721882,0.3610118747600076,-62.161667799083204,-210.20471644503758,0,0,9.2,-62.1616677990832,20260302-204149,0.0,0.0
68.91355478647561,0.3312152018982051,-63.96101181411652,-208.0627772865792,0,0,9.2,-63.961011814116524,20260302-204149,0.0,0.0
62.023915583550156,0.30231531594821515,-66.16269316548204,-205.16299476594992,0,0,9.2,-66.16269316548204,20260302-204149,0.0,0.0
55.24861745670828,0.2747028373265027,-68.90930422111762,-201.12139355532614,0,0,9.2,-68.90930422111762,20260302-204149,0.0,0.0
48.63546970057534,0.24903378043075786,-72.41284811306997,-195.29667668558764,0,0,9.2,-72.41284811306997,20260302-204149,0.0,0.0
42.26066315936166,0.22650106175035375,-76.99516440860252,-186.5804196800665,0,0,9.2,-76.99516440860252,20260302-204149,0.0,0.0
36.25015784652571,0.20952506618059835,-83.14835453152962,-173.0110793296693,0,0,9.2,-83.14835453152962,20260302-204149,0.0,0.0
30.81784860567957,0.2038792038880762,-91.60066707580715,-151.15739132764946,0,0,9.2,-91.60066707580715,20260302-204149,0.0,0.0
26.324156150250996,0.22757254683415826,103.27859289009001,-115.6736896275741,0,0,9.1,103.27859289009,20260302-204149,0.0,0.0
23.31819368901555,0.37979056872619,118.79472160124078,-61.39750591286221,0,0,9.1,118.79472160124077,20260302-204149,0.0,0.0
22.40693357801659,2.7638784235111,137.11184375148412,8.107061941440929,0,0,9.1,137.11184375148414,20260302-204149,0.0,0.0
23.83188501517254,0.3164137187817798,155.02059800486165,75.31874757809919,0,0,9.1,155.02059800486165,20260302-204149,0.0,0.0
27.228704889118738,0.2175271506930824,169.67856562590077,125.1738222211019,0,0,9.1,169.67856562590075,20260302-204149,0.0,0.0
31.97501449658135,0.2035985495886125,-179.45010427187606,157.04932358894243,0,0,9.1,-179.45010427187606,20260302-204149,0.0,0.0
37.562698115684015,0.21265394101249174,-171.59221000050917,176.63767686053606,0,0,9.1,-171.59221000050917,20260302-204149,0.0,0.0
43.66997347101313,0.23120663804271396,-165.8470820462427,188.87854535969413,0,0,9.1,-165.8470820462427,20260302-204149,0.0,0.0
48.4726439604478,0.5044646963960462,19.102636480093707,-96.08728679477859,0,0,9.1,19.1026364800937,20260302-204149,0.0,0.0
45.74787427665029,0.6874774457281657,27.393669353342517,-66.54454565879588,0,0,9.1,27.39366935334251,20260302-204149,0.0,0.0
44.08734903238822,1.3583356557998278,36.51611054833694,-32.456888578418635,0,0,9.1,36.516110548336954,20260302-204149,0.0,0.0
43.61279908616963,10.428326410877267,46.08924470243167,4.1821474863578585,0,0,9.1,46.08924470243167,20260302-204149,0.0,0.0
44.36230042629812,1.095941679676634,55.602492803025854,40.47870543566475,0,0,9.1,55.602492803025854,20260302-204149,0.0,0.0
46.27641634408629,0.6281806607645938,64.56351868711505,73.66736869575176,0,0,9.1,64.56351868711506,20260302-204149,0.0,0.0
49.21946033577429,0.4823505916000431,72.63401100600743,102.04084164695341,0,0,9.1,72.63401100600743,20260302-204149,0.0,0.0
53.02036775989069,0.42363990646022043,79.67239212149536,125.15432788877096,0,0,9.1,79.67239212149535,20260302-204149,0.0,0.0
57.5092955494919,0.40093275391397487,85.6921363587312,143.4387562205288,0,0,9.1,85.69213635873119,20260302-204149,0.0,0.0
62.53826274657068,0.3965602923705992,90.79306828852117,157.70177687918016,0,0,9.1,90.79306828852117,20260302-204149,0.0,0.0
67.98753632596907,0.40278968774288443,95.10621943771213,168.7916508164629,0,0,9.1,95.10621943771211,20260302-204149,0.0,0.0
73.76402537515408,0.4157006447370294,98.76200186087272,177.44505886397388,0,0,9.1,98.76200186087272,20260302-204149,0.0,0.0
79.79670005064958,0.4330936062127096,101.87618284533266,184.2481599958283,0,0,9.1,101.87618284533268,20260302-204149,0.0,0.0
86.03168482574229,0.4536390022581645,104.54594973827966,189.64790151968003,0,0,9.1,104.54594973827963,20260302-204149,0.0,0.0
92.42804663355126,0.47648582441199977,106.85065001468257,193.9785863464264,0,0,9.1,106.85065001468256,20260302-204149,0.0,0.0
98.95449646472642,0.5010640861257674,108.85423949412711,197.48870295183914,0,0,9.1,108.85423949412709,20260302-204149,0.0,0.0
105.5869143986921,0.5269776692760249,110.60804618949476,200.36316632496033,0,0,9.1,110.60804618949477,20260302-204149,0.0,0.0
112.30652772408854,0.5539427257269834,112.15329025767187,202.74032405913388,0,0,9.1,112.15329025767187,20260302-204149,0.0,0.0
118.41641489573985,1.421702735697445,-67.24698059447304,83.29196527686801,0,0,9.1,-67.24698059447304,20260302-204149,0.0,0.0
121.38273142853392,1.2838240722612302,-70.45250087429737,94.54779206214727,0,0,9.1,-70.45250087429737,20260302-204149,0.0,0.0
124.7102370172503,1.1881495627340464,-73.49608994817878,104.9617328733262,0,0,9.1,-73.49608994817878,20260302-204149,0.0,0.0
128.37084754842687,1.1207863813906198,-76.37385185593631,114.53640914975274,0,0,9.1,-76.37385185593631,20260302-204149,0.0,0.0
130.3060750514969,1.000090419464175,99.23486203893168,-130.29429391125637,0,0,9.1,99.23486203893167,20260302-204149,0.0,0.0
125.9635430866669,0.9670386307826114,99.05637988301504,-130.25699188948252,0,0,9.1,99.05637988301503,20260302-204149,0.0,0.0
121.62232073362031,0.9340071264457788,98.86515417192032,-130.21562393901152,0,0,9.1,98.86515417192032,20260302-204149,0.0,0.0
117.28255341857711,0.9009981805005581,98.65977430712712,-130.1695785372393,0,0,9.1,98.65977430712711,20260302-204149,0.0,0.0
112.94440886646822,0.868014420109475,98.43861431722928,-130.11812505629058,0,0,9.1,98.43861431722925,20260302-204149,0.0,0.0
108.60808153206311,0.8350588968589654,98.19979029360985,-130.0603848909188,0,0,9.3,98.19979029360987,20260302-204149,0.0,0.0
104.27379812790629,0.802135176074932,97.94110736285262,-129.9952941075925,0,0,9.3,97.9411073628526,20260302-204149,0.0,0.0
99.94182457824256,0.7692474496839132,97.6599930823769,-129.92155465618904,0,0,9.3,97.65999308237687,20260302-204149,0.0,0.0
95.612474845607,0.7364006801943469,97.3534130461095,-129.83756997667828,0,0,9.3,97.35341304610948,20260302-204149,0.0,0.0
91.28612224341781,0.7036007862913242,97.01776293311059,-129.74135905189425,0,0,9.3,97.01776293311059,20260302-204149,0.0,0.0
86.96321408758635,0.6708548847866012,96.64872900707019,-129.63044029298428,0,0,9.3,96.64872900707019,20260302-204149,0.0,0.0
82.6442908900022,0.6381716099521793,96.24110584301502,-129.5016725927295,0,0,9.3,96.24110584301499,20260302-204149,0.0,0.0
78.33001181567633,0.6055615407380825,95.78855529168567,-129.35103461194808,0,0,9.3,95.78855529168565,20260302-204149,0.0,0.0
74.02118890859191,0.5730377809339043,95.28328354660596,-129.17331347325197,0,0,9.3,95.28328354660599,20260302-204149,0.0,0.0
69.71883379621089,0.5406167602068821,94.71560227370423,-128.9616581060695,0,0,9.3,94.71560227370426,20260302-204149,0.0,0.0
65.42422247478888,0.5083193607696631,94.0733227981114,-128.70692624362744,0,0,9.3,94.07332279811142,20260302-204149,0.0,0.0
61.13898681710739,0.476172535334857,93.34090539887382,-128.39670976427243,0,0,9.3,93.34090539887383,20260302-204149,0.0,0.0
56.86524644876656,0.4442116858753256,92.49824200931505,-128.013846228995,0,0,9.3,92.49824200931508,20260302-204149,0.0,0.0
52.60580310574351,0.41248425605858063,91.5188778646787,-127.53408726046621,0,0,9.3,91.51887786467869,20260302-204149,0.0,0.0
48.36443434163493,0.38105532693507116,90.36735357828081,-126.92234151571343,0,0,9.3,90.36735357828083,20260302-204149,0.0,0.0
44.14635001942002,0.3500166526701319,88.99513202616697,-126.12642765035841,0,0,9.3,88.99513202616697,20260302-204149,0.0,0.0
39.95892457202449,0.319501885276449,87.33418466961336,-125.06631858353522,0,0,9.3,87.33418466961336,20260302-204149,0.0,0.0
35.812913982711706,0.289713571353977,85.28659642257799,-123.61489941717254,0,0,9.3,85.28659642257801,20260302-204149,0.0,0.0
31.724559649871253,0.26097411115089586,82.70721792017167,-121.5620948375528,0,0,9.3,82.70721792017166,20260302-204149,0.0,0.0
27.719384626793904,0.23382980184534846,79.37395592619208,-118.54513157876724,0,0,9.3,79.37395592619208,20260302-204149,0.0,0.0
23.839349933729412,0.20928603339857726,74.93623544545977,-113.90798299630573,0,0,9.3,74.93623544545977,20260302-204149,0.0,0.0
20.156851155431948,0.18941781714692202,68.82808843685183,-106.41475790948049,0,0,9.3,68.82808843685183,20260302-204149,0.0,0.0
16.802274066519665,0.1793076478164601,60.14495301203709,-93.70639942652377,0,0,9.3,60.14495301203709,20260302-204149,0.0,0.0
14.013133167689785,0.19559047325164888,47.60273533001069,-71.64527461243131,0,0,9.3,47.60273533001068,20260302-204149,0.0,0.0
12.184133560050267,0.34247692482627656,30.17705448885968,-35.57650947207827,0,0,9.3,30.17705448885968,20260302-204149,0.0,0.0
11.771662673881124,1.0112024883748294,9.292203957826672,11.64125168718695,0,0,9.3,9.292203957826667,20260302-204149,0.0,0.0
12.912191745436418,0.23563905218601292,-10.364888318252923,54.79648481714128,0,0,9.3,-10.364888318252914,20260302-204149,0.0,0.0
15.26142428801958,0.18223961156720045,-25.403462466461292,83.74372704581826,0,0,9.3,-25.403462466461285,20260302-204149,0.0,0.0
18.361132018254178,0.18237557546544114,-35.917003740362816,100.6775823538579,0,0,9.3,-35.91700374036282,20260302-204149,0.0,0.0
21.894862154152307,0.19816992830568908,-43.22401622626472,110.48529078729926,0,0,9.3,-43.22401622626474,20260302-204149,0.0,0.0
25.68409100146763,0.22065828990659261,-48.44073501449037,116.39758022388382,0,0,9.3,-48.44073501449036,20260302-204149,0.0,0.0
29.630960066436884,0.2466224912261374,-52.29304273321122,120.14703086940739,0,0,9.2,-52.29304273321122,20260302-204149,0.0,0.0
33.68009472092754,0.2746223074565051,-55.2298455602937,122.6415109277378,0,0,9.2,-55.2298455602937,20260302-204149,0.0,0.0
37.79864400249423,0.30391663487081516,-57.53166332576842,124.37175088675608,0,0,9.2,-57.53166332576841,20260302-204149,0.0,0.0
41.966175886166965,0.3340851868378508,-59.378817938942376,125.61519498479102,0,0,9.1,-59.378817938942376,20260302-204149,0.0,0.0
46.169427878790934,0.3648718479462576,-60.890986353274755,126.53601021471869,0,0,9.1,-60.890986353274755,20260302-204149,0.0,0.0
50.14568494059839,0.8833094859210923,-125.03755013405096,-56.77023256272152,0,0,9.1,-125.03755013405096,20260302-204149,0.0,0.0
48.39700267543227,1.008376290121853,-129.4532752635187,-47.99498277531291,0,0,9.1,-129.4532752635187,20260302-204149,0.0,0.0
46.95616335325121,1.2257209395571862,-134.16959832663215,-38.309016218826265,0,0,9.1,-134.16959832663215,20260302-204149,0.0,0.0
45.852196728575606,1.6491209404759697,-139.14832155037823,-27.804023102964017,0,0,9.1,-139.14832155037823,20260302-204149,0.0,0.0
45.10984229524816,2.709921226016949,-144.33136779323203,-16.64618213332745,0,0,9.1,-144.33136779323203,20260302-204149,0.0,0.0
44.747101113431825,8.823137312992126,-149.64278045949155,-5.071563495622065,0,0,9.1,-149.64278045949155,20260302-204149,0.0,0.0
44.77320072651269,6.748920757391071,-154.99424476935104,6.634127490307155,0,0,9.1,-154.99424476935104,20260302-204149,0.0,0.0
45.18746737343082,2.4870976705610848,-160.29340740132278,18.1687546525813,0,0,9.1,-160.29340740132278,20260302-204149,0.0,0.0
45.97941029461475,1.571862501697037,-165.4531712942626,29.251547285448822,0,0,9.1,-165.4531712942626,20260302-204149,0.0,0.0
47.12999462702651,1.188502055274909,-170.3997270115547,39.65495424921668,0,0,9.1,-170.3997270115547,20260302-204149,0.0,0.0
48.613762198928235,0.9876264326204616,-175.0776172779174,49.222824129910855,0,0,9.1,-175.0776172779174,20260302-204149,0.0,0.0
50.40129577512579,0.8708944106027515,-179.45127684165485,57.873027041524736,0,0,9.1,-179.45127684165485,20260302-204149,0.0,0.0
49.15025996404559,1.1526720828374775,8.1004657575468,-42.64027965616618,0,0,9.1,8.100465757546809,20260302-204149,0.0,0.0
47.89143891810446,1.4618507210028153,12.822043416377113,-32.76082723771645,0,0,9.1,12.822043416377113,20260302-204149,0.0,0.0
46.973960520608635,2.1173175941459275,17.76290306555478,-22.18559967124665,0,0,9.1,17.762903065554788,20260302-204149,0.0,0.0
46.41806965577916,4.181100166555529,22.861000712618022,-11.101879363492806,0,0,9.1,22.86100071261801,20260302-204149,0.0,0.0
46.236809928645975,186.06335252117253,28.040597393757253,0.24850035916333707,0,0,9.1,28.040597393757256,20260302-204149,0.0,0.0
46.43456872222034,4.005459747087528,33.21834864057121,11.592818715999856,0,0,9.1,33.2183486405712,20260302-204149,0.0,0.0
47.00656263428941,2.074513783189664,38.31108610111792,22.659074630015027,0,0,9.1,38.311086101117915,20260302-204149,0.0,0.0
47.93939786017386,1.4436358803118128,43.243558749503734,33.20740258258154,0,0,9.1,43.24355874950375,20260302-204149,0.0,0.0
49.21255918901812,1.143062614145152,47.95441754770155,43.0532488597067,0,0,9.1,47.95441754770157,20260302-204149,0.0,0.0
50.80046530201354,0.9754719192959934,52.39941255001642,52.07783463277619,0,0,9.1,52.39941255001642,20260302-204149,0.0,0.0
52.67465943033189,0.8746133299288232,56.5517246462299,60.22622526759179,0,0,9.1,56.551724646229914,20260302-204149,0.0,0.0
54.80577885162953,0.811976203054575,60.40010236240852,67.49677964139289,0,0,9.1,60.40010236240851,20260302-204149,0.0,0.0
57.16509619687431,0.7732664593717589,63.94577899740497,73.92677582746593,0,0,9.1,63.94577899740498,20260302-204149,0.0,0.0
59.72557433038183,0.7505275857171508,67.19905793265877,79.57812006778181,0,0,9.1,67.19905793265876,20260302-204149,0.0,0.0
62.462480043798585,0.7389787480544727,70.17616922827412,84.52540781212595,0,0,9.1,70.17616922827412,20260302-204149,0.0,0.0
65.35365158567507,0.7355741573393817,72.89669790253191,88.8471283739268,0,0,9.1,72.8966979025319,20260302-204149,0.0,0.0
68.3795241002274,0.7382814456541599,75.38165798203033,92.61985995007528,0,0,9.1,75.38165798203035,20260302-204149,0.0,0.0
71.52300353730436,0.7456925416808666,77.65215555080317,95.91487045865345,0,0,9.1,77.65215555080317,20260302-204149,0.0,0.0
74.76925793434643,0.7568010544334377,79.72852885857804,98.79645052862773,0,0,9.1,79.72852885857806,20260302-204149,0.0,0.0
78.10547360678571,0.7708685742116397,81.62984509389315,101.32138761352863,0,0,9.1,81.62984509389317,20260302-204149,0.0,0.0
81.52060635728658,0.7873410424473083,83.3736478725499,103.53912975741035,0,0,9.1,83.37364787254991,20260302-204149,0.0,0.0
85.00514509493496,0.8057946002560936,84.97587166566768,105.49232405866091,0,0,9.1,84.9758716656677,20260302-204149,0.0,0.0
88.55089667865661,0.8258994656273178,86.4508613454164,107.21752509114067,0,0,9.1,86.4508613454164,20260302-204149,0.0,0.0
92.15079538891237,0.8473952047378089,87.81145347330374,108.7459486125185,0,0,9.1,87.81145347330373,20260302-204149,0.0,0.0
95.79873724249276,0.8700734137904328,89.06909013438201,110.10420008715148,0,0,9.1,89.06909013438204,20260302-204149,0.0,0.0
99.48943764005827,0.8937653437652009,90.23394641364439,111.31494226542188,0,0,9.1,90.2339464136444,20260302-204149,0.0,0.0
103.21831002707717,0.9183328968956636,91.31505978381273,112.3974872031665,0,0,9.1,91.31505978381271,20260302-204149,0.0,0.0
106.98136298434646,0.9436619696654817,92.32045451311643,113.36831028834429,0,0,9.1,92.32045451311642,20260302-204149,0.0,0.0
110.7751132040183,0.9696574585448455,93.2572573741221,114.24149036120168,0,0,9.1,93.25725737412213,20260302-204149,0.0,0.0
114.5965120017601,0.99623946330539,94.13180295470573,115.02908308966613,0,0,9.1,94.13180295470573,20260302-204149,0.0,0.0
118.44288327631982,1.0233403657588587,94.94972811558193,115.74143583057864,0,0,9.1,94.94972811558196,20260302-204149,0.0,0.0
122.31187110365943,1.050902557140998,95.71605586997589,116.38745216912535,0,0,9.1,95.71605586997589,20260302-204149,0.0,0.0
126.20139541693023,1.0788766521055797,96.43526936152745,116.97481372929003,0,0,9.1,96.43526936152745,20260302-204149,0.0,0.0
130.1096144630152,1.1072200719592098,97.11137680841438,117.5101660077279,0,0,9.1,97.11137680841436,20260302-204149,0.0,0.0
134.03489293643068,1.135895911043329,97.7479683456545,117.99927408253333,0,0,9.1,97.74796834565453,20260302-204149,0.0,0.0
137.97577487181692,1.1648720223718876,98.34826568613096,118.44715318243595,0,0,9.1,98.34826568613097,20260302-204149,0.0,0.0
138.08015243850315,1.1651739979169118,103.86585405453013,-118.50603659656127,0,0,9.1,103.86585405453012,20260302-204149,0.0,0.0
134.1357228485368,1.1352555832118594,103.33433823065724,-118.15464714037407,0,0,9.1,103.33433823065725,20260302-204149,0.0,0.0
130.20353539937088,1.1055663588266993,102.77066753634512,-117.77089123582917,0,0,9.1,102.77066753634512,20260302-204149,0.0,0.0
126.2847336641588,1.076130198877062,102.17195278910731,-117.35079435177683,0,0,9.1,102.17195278910732,20260302-204149,0.0,0.0
122.38060353869955,1.0469744126216083,101.53496488651876,-116.8897750158577,0,0,9.2,101.5349648865188,20260302-204149,0.0,0.0
118.49259524587069,1.018130385350499,100.85608640824057,-116.38253503757157,0,0,9.2,100.8560864082406,20260302-204149,0.0,0.0
114.62234936278203,0.989634368318562,100.13125542680592,-115.82292716605134,0,0,9.4,100.13125542680594,20260302-204149,0.0,0.0
110.77172770396841,0.9615284597924689,99.35590023109808,-115.20379514078738,0,0,9.4,99.35590023109809,20260302-204149,0.0,0.0
106.94285008048517,0.9338618334222881,98.5248634890608,-114.51677994867373,0,0,9.4,98.52486348906079,20260302-204149,0.0,0.0
103.13813818316034,0.9066922898708288,97.63231420673145,-113.75208473191475,0,0,9.4,97.63231420673145,20260302-204149,0.0,0.0
99.36036811614964,0.8800882354998603,96.67164570604564,-112.8981891909012,0,0,9.6,96.67164570604565,20260302-204149,0.0,0.0
95.6127334417409,0.8541312318353103,95.63535779075636,-111.94150252098089,0,0,9.6,95.63535779075636,20260302-204149,0.0,0.0
91.89892099455017,0.828919317603507,94.51492137681282,-110.86594200776936,0,0,9.6,94.51492137681284,20260302-204149,0.0,0.0
88.2232021832142,0.8045713910001898,93.3006242595041,-109.65242260670114,0,0,9.6,93.30062425950412,20260302-204149,0.0,0.0
84.5905430098102,0.781233069141259,91.98139758163268,-108.27824160438212,0,0,9.6,91.98139758163266,20260302-204149,0.0,0.0
81.0067365696542,0.7590846401931375,90.54462428128801,-106.71634265849889,0,0,9.6,90.54462428128801,20260302-204149,0.0,0.0
77.47856227610767,0.7383520353280566,88.97593383817753,-104.9344466717468,0,0,9.6,88.9759338381775,20260302-204149,0.0,0.0
74.01397634782623,0.7193222488142701,87.25899276189875,-102.89404570737354,0,0,9.6,87.25899276189872,20260302-204149,0.0,0.0
70.62233794626887,0.7023654625659752,85.37530857540776,-100.54927485793782,0,0,9.6,85.37530857540773,20260302-204149,0.0,0.0
67.31467432078966,0.687967541697185,83.30407806154619,-97.8457125385994,0,0,9.6,83.30407806154618,20260302-204149,0.0,0.0
64.10398568394551,0.6767790534480009,81.02213018161007,-94.71922240700793,0,0,9.6,81.02213018161007,20260302-204149,0.0,0.0
61.00558517019197,0.6696915192248188,78.50404238978598,-91.09505409417031,0,0,9.6,78.50404238978597,20260302-204149,0.0,0.0
58.03745948164981,0.6679603522755573,75.72254734651688,-86.8875814019981,0,0,9.6,75.72254734651688,20260302-204149,0.0,0.0
55.22061955417816,0.67341161793163,72.64939373431292,-82.00128730149795,0,0,9.6,72.64939373431291,20260302-204149,0.0,0.0
52.579385547445916,0.6888078432394377,69.25687155747676,-76.33389495126394,0,0,9.6,69.25687155747674,20260302-204149,0.0,0.0
50.14151558223174,0.7185366068950809,65.5202370637598,-69.78282679138891,0,0,9.6,65.52023706375978,20260302-204149,0.0,0.0
47.93804569395747,0.7700114819623869,61.42123227703158,-62.256273856834675,0,0,9.6,61.42123227703158,20260302-204149,0.0,0.0
46.00267062644584,0.8568242115516436,56.95272299198763,-53.68974173026518,0,0,9.6,56.95272299198764,20260302-204149,0.0,0.0
44.37048595982597,1.006874199879366,52.12410714008902,-44.067556766418306,0,0,9.6,52.124107140089016,20260302-204149,0.0,0.0
43.075969908912164,1.2879192718182044,46.96656128788169,-33.44617232732311,0,0,9.6,46.96656128788169,20260302-204149,0.0,0.0
42.15024534462927,1.9183027078467394,41.53654892805946,-21.97267676900804,0,0,9.6,41.53654892805945,20260302-204149,0.0,0.0
41.617929085526576,4.208288316671745,35.91569957970614,-9.88951468003062,0,0,9.6,35.91569957970616,20260302-204149,0.0,0.0
41.49416464829649,16.71755543942087,30.2056836782736,2.4820713051413654,0,0,9.6,30.205683678273598,20260302-204149,0.0,0.0
41.78258271204044,2.826887603714527,24.518243720571547,14.780418810121128,0,0,9.6,24.518243720571554,20260302-204149,0.0,0.0
42.47478753394306,1.5935422178635654,18.96252870680513,26.65432208685897,0,0,9.6,18.96252870680512,20260302-204149,0.0,0.0
43.55153009660224,1.1518340339372795,13.633139083674678,37.81059494112304,0,0,9.6,13.633139083674678,20260302-204149,0.0,0.0
44.98520658164681,0.9363280417163543,8.601948020477295,48.04427997177763,0,0,9.6,8.601948020477288,20260302-204149,0.0,0.0
46.74298544560639,0.8165267299044808,3.915066564783075,57.24611789631735,0,0,9.6,3.915066564783079,20260302-204149,0.0,0.0
48.789849408247235,0.7461224991858484,-0.40560693435170947,65.39120514591852,0,0,9.6,-0.4056069343517003,20260302-204149,0.0,0.0
51.0910653825819,0.704533659947468,-4.357959950770123,72.51756486182846,0,0,9.6,-4.357959950770137,20260302-204149,0.0,0.0
53.613891467712136,0.6812181880621582,-7.954199282470597,78.70296537475906,0,0,9.6,-7.9541992824705865,20260302-204149,0.0,0.0
56.328559314370146,0.6702174736464921,-11.215675918956663,84.04519656567592,0,0,9.6,-11.215675918956672,20260302-204149,0.0,0.0
59.20868745623363,0.6679095823146333,-14.168678950115378,88.64775865476669,0,0,9.6,-14.168678950115375,20260302-204149,0.0,0.0
62.231307120162136,0.671966110403169,-16.841370482332024,92.61078223546771,0,0,9.6,-16.841370482332028,20260302-204149,0.0,0.0
65.3766574643769,0.680822055927716,-19.261748618481533,96.02605687515806,0,0,9.6,-19.261748618481526,20260302-204149,0.0,0.0
68.62786559613768,0.6933866545564357,-21.456415864406893,98.97488673190489,0,0,9.6,-21.45641586440688,20260302-204149,0.0,0.0
71.97058684688592,0.7088763962797668,-23.449922900759475,101.52769541289938,0,0,9.6,-23.449922900759468,20260302-204149,0.0,0.0
75.39264981167132,0.726713955904107,-25.26449501328176,103.74460157143272,0,0,9.6,-25.264495013281753,20260302-204149,0.0,0.0
78.88372937369276,0.7464645563504104,-26.91999686203647,105.67645670863256,0,0,9.6,-26.919996862036463,20260302-204149,0.0,0.0
78.80210949000559,1.15798640282682,-60.52905439723352,-68.05097995765556,0,0,9.6,-60.52905439723352,20260302-204149,0.0,0.0
76.54447767279146,1.1357180293657354,-59.56949858956301,-67.39743113485595,0,0,9.6,-59.56949858956302,20260302-204149,0.0,0.0
74.30961560736337,1.1143591919576255,-58.5519255397563,-66.68371934620257,0,0,9.6,-58.55192553975629,20260302-204149,0.0,0.0
72.09964069685593,1.0940268426581676,-57.47161338659386,-65.90299057167074,0,0,9.6,-57.47161338659386,20260302-204149,0.0,0.0
69.91691292459456,1.0748588823505822,-56.323419136513365,-65.0475277012132,0,0,9.6,-56.323419136513365,20260302-204149,0.0,0.0
67.7640652896721,1.0570190711646612,-55.10175210153898,-64.108649633925,0,0,9.6,-55.10175210153897,20260302-204149,0.0,0.0
65.64403768544817,1.0407033880383512,-53.80055155264583,-63.0766061107789,0,0,9.6,-53.80055155264583,20260302-204149,0.0,0.0
63.56011430214806,1.0261483641748326,-52.413271558776046,-61.94047227591628,0,0,9.6,-52.413271558776046,20260302-204149,0.0,0.0
61.51596446406172,1.0136421441602945,-50.93287706923036,-60.68804934607549,0,0,9.6,-50.932877069230344,20260302-204149,0.0,0.0
59.515686547105155,1.003539376446146,-49.35185666712914,-59.30578106249228,0,0,9.6,-49.35185666712915,20260302-204149,0.0,0.0
57.56385422981017,0.9962815745865362,-47.66225909326565,-57.77870001630771,0,0,9.6,-47.66225909326565,20260302-204149,0.0,0.0
55.66556376968068,0.9924254471303898,-45.855762591537285,-56.090423649089544,0,0,9.6,-45.855762591537285,20260302-204149,0.0,0.0
53.82648022293422,0.9926830884706485,-43.92378826139759,-54.22322677609085,0,0,9.6,-43.92378826139758,20260302-204149,0.0,0.0
52.05287949740594,0.9979802587441833,-41.857670692595434,-52.15822561751583,0,0,9.6,-41.857670692595434,20260302-204149,0.0,0.0
50.35168182038201,1.0095430214853798,-39.648900777174674,-49.875716783518186,0,0,9.6,-39.648900777174674,20260302-204149,0.0,0.0
48.730470628740136,1.0290302577266777,-37.28945603889005,-47.35572181948756,0,0,9.6,-37.28945603889006,20260302-204149,0.0,0.0
47.19748913495307,1.0587431411647483,-34.77223204148655,-44.57879092659811,0,0,9.6,-34.772232041486554,20260302-204149,0.0,0.0
45.76160509616672,1.101969309638684,-32.09158303823736,-41.52711395489874,0,0,9.6,-32.09158303823737,20260302-204149,0.0,0.0
44.43223299249095,1.163574909541017,-29.2439694104217,-38.18596690952855,0,0,9.6,-29.243969410421684,20260302-204149,0.0,0.0
43.21920248926954,1.2510811945201838,-26.228692231940414,-34.5454816830214,0,0,9.6,-26.228692231940414,20260302-204149,0.0,0.0
42.13256349079599,1.3767614360474505,-23.04867110767688,-30.602660989513566,0,0,9.6,-23.048671107676885,20260302-204149,0.0,0.0
41.18232213209229,1.5620978918507578,-19.711192009511734,-26.363470783063338,0,0,9.6,-19.711192009511734,20260302-204149,0.0,0.0
40.378109334946245,1.8484132892208187,-16.228522231160582,-21.844740876087975,0,0,9.6,-16.228522231160582,20260302-204149,0.0,0.0
39.72879406836204,2.3266523957123315,-12.61826867796421,-17.075517658579425,0,0,9.6,-12.6182686779642,20260302-204149,0.0,0.0
39.242066079345975,3.2438215003717907,-8.903354992825058,-12.097480109447527,0,0,9.6,-8.903354992825063,20260302-204149,0.0,0.0
38.9240250952183,5.589246017863767,-5.111522872438741,-6.964092289159106,0,0,9.5,-5.11152287243873,20260302-204149,0.0,0.0
38.77882175155149,22.307923351336427,-1.2743268159506442,-1.738342970827373,0,0,9.5,-1.2743268159506378,20260302-204149,0.0,0.0
38.808396136042695,11.053987340248016,2.5743193016749615,3.5108051910589544,0,0,9.5,2.574319301674957,20260302-204149,0.0,0.0
39.012350765538535,4.477570510853136,6.39989291668013,8.712838953842695,0,0,9.5,6.399892916680129,20260302-204149,0.0,0.0
39.3879768615095,2.8541284471761057,10.169092557471544,13.800351872908957,0,0,9.5,10.169092557471537,20260302-204149,0.0,0.0
39.930429970389646,2.133806810703827,13.85150994350559,18.713235785960755,0,0,9.5,13.851509943505596,20260302-204149,0.0,0.0
40.63302919283236,1.7363185954713556,17.42094443546648,23.40182803939952,0,0,9.5,17.420944435466467,20260302-204149,0.0,0.0
41.48763903307747,1.4908224016755607,20.856238817572432,27.82869306662471,0,0,9.5,20.85623881757242,20260302-204149,0.0,0.0
42.4850871610297,1.3289457721356852,24.141609856976316,31.96901487767552,0,0,9.5,24.141609856976327,20260302-204149,0.0,0.0
43.61557493613536,1.2179779724323405,27.266529548339747,35.809822446159416,0,0,9.5,27.266529548339733,20260302-204149,0.0,0.0
44.86904757543867,1.1403014628797108,30.22526562725949,39.348408325397244,0,0,9.5,30.225265627259486,20260302-204149,0.0,0.0
46.23550357714632,1.0855869593544976,33.016208593579165,42.590326991988256,0,0,9.5,33.016208593579165,20260302-204149,0.0,0.0
47.705235133322965,1.0473778113584877,35.64110362322842,45.5473035765838,0,0,9.5,35.64110362322842,20260302-204149,0.0,0.0
49.26900074699045,1.021430634073675,38.10428069593672,48.23528794167409,0,0,9.5,38.104280695936716,20260302-204149,0.0,0.0
50.91813741169496,1.0048418119127924,40.41194591794658,50.67278929682318,0,0,9.5,40.41194591794659,20260302-204149,0.0,0.0
52.64462278080778,0.9955574227934119,42.57156898512878,52.879544238737566,0,0,9.5,42.571568985128785,20260302-204149,0.0,0.0
54.441098495335595,0.9920836160164652,44.59137983842663,54.87551413653429,0,0,9.5,44.59137983842664,20260302-204149,0.0,0.0
56.30086509470445,0.9933078927224598,46.47997269570345,56.680174905683025,0,0,9.5,46.47997269570347,20260302-204149,0.0,0.0
58.21785742221521,0.998384716368931,48.24600696975011,58.312047918712416,0,0,9.5,48.24600696975012,20260302-204149,0.0,0.0
60.186607668505786,1.0066599673446097,49.897990580884624,59.78841875203141,0,0,9.5,49.89799058088463,20260302-204149,0.0,0.0
62.20220148708477,1.0176196769913024,51.44413028562673,61.12519529004392,0,0,9.5,51.444130285626734,20260302-204149,0.0,0.0
64.2602311264528,1.0308544002365339,52.892234584337416,62.33686455789296,0,0,9.5,52.8922345843374,20260302-204149,0.0,0.0
66.35674831091686,1.046033930486668,54.24965661256499,63.43651613676082,0,0,9.5,54.249656612565005,20260302-204149,0.0,0.0
68.4882186639395,1.0628890157949433,55.52326656176811,64.4359078381449,0,0,9.5,55.523266561768104,20260302-204149,0.0,0.0
70.65147877085666,1.0811979143687591,56.71944526534102,65.34555591711943,0,0,9.5,56.71944526534102,20260302-204149,0.0,0.0
72.84369647846006,1.1007763582035754,57.844092449230146,66.17483736418373,0,0,9.5,57.84409244923015,20260302-204149,0.0,0.0
75.06233468372284,1.1214699577639349,58.90264471586943,66.93209583017932,0,0,9.5,58.902644715869414,20260302-204149,0.0,0.0
77.3051186344372,1.1431483820320436,59.90009960124735,67.62474570188411,0,0,9.5,59.900099601247334,20260302-204149,0.0,0.0
79.57000661923807,1.165700847930754,60.8410430449448,68.25937097024807,0,0,9.5,60.84104304494481,20260302-204149,0.0,0.0
81.85516383878762,1.1890325878613988,61.729678382087116,68.84181701530386,0,0,9.5,61.72967838208711,20260302-204149,0.0,0.0
84.15893920524383,1.2130620565339412,62.56985554665428,69.37727443698103,0,0,9.5,62.56985554665429,20260302-204149,0.0,0.0
86.47984479991324,1.2377187026634169,63.36509960657469,69.87035472100354,0,0,9.5,63.36509960657469,20260302-204149,0.0,0.0
88.81653771944855,1.2629411766056065,64.11863806609313,70.3251579445369,0,0,9.5,64.11863806609311,20260302-204149,0.0,0.0
91.1678040522605,1.2886758775735379,64.83342659767118,70.74533297226093,0,0,9.5,64.83342659767116,20260302-204149,0.0,0.0
93.53254474427867,1.3148757676726983,65.51217302614583,71.13413072463055,0,0,9.5,65.51217302614583,20260302-204149,0.0,0.0
95.90976313367483,1.3414993972816454,66.15735949918147,71.49445115519403,0,0,9.4,66.15735949918147,20260302-204149,0.0,0.0
