dist,ttc,heading_err,approach_speed,ammo,mines,threat_density,threat_angle,session_id,thrust,turn_rate
500.0,500000000.0,0.0,0.0,0,0,0.1,0.0,20260414-142232,0.0,0.0
500.0,500000000.0,0.0,0.0,0,0,0.1,0.0,20260414-142232,0.0,0.0
500.0,500000000.0,0.0,0.0,0,0,0.1,0.0,20260414-142232,0.0,0.0
500.0,500000000.0,0.0,0.0,0,0,0.1,0.0,20260414-142232,0.0,0.0
500.0,500000000.0,0.0,0.0,0,0,0.1,0.0,20260414-142232,0.0,0.0
500.0,500000000.0,0.0,0.0,0,0,0.1,0.0,20260414-142232,0.0,0.0
500.0,500000000.0,0.0,0.0,0,0,0.1,0.0,20260414-142232,0.0,0.0
500.0,500000000.0,0.0,0.0,0,0,0.1,0.0,20260414-142232,0.0,0.0
500.0,500000000.0,0.0,0.0,0,0,0.1,0.0,20260414-142232,0.0,0.0
500.0,500000000.0,0.0,0.0,0,0,0.1,0.0,20260414-142232,0.0,0.0
500.0,500000000.0,0.0,0.0,0,0,0.1,0.0,20260414-142232,0.0,0.0
500.0,500000000.0,0.0,0.0,0,0,0.1,0.0,20260414-142232,0.0,0.0
500.0,500000000.0,0.0,0.0,0,0,0.1,0.0,20260414-142232,0.0,0.0
500.0,500000000.0,0.0,0.0,0,0,0.1,0.0,20260414-142232,0.0,0.0
500.0,500000000.0,0.0,0.0,0,0,0.1,0.0,20260414-142232,0.0,0.0
500.0,500000000.0,0.0,0.0,0,0,0.1,0.0,20260414-142232,0.0,0.0
500.0,500000000.0,0.0,0.0,0,0,0.1,0.0,20260414-142232,0.0,0.0
500.0,500000000.0,0.0,0.0,0,0,0.1,0.0,20260414-142232,0.0,0.0
500.0,500000000.0,0.0,0.0,0,0,0.1,0.0,20260414-142232,0.0,0.0
500.0,500000000.0,0.0,0.0,0,0,0.1,0.0,20260414-142232,0.0,0.0
500.0,500000000.0,0.0,0.0,0,0,0.1,0.0,20260414-142232,0.0,0.0
500.0,500000000.0,0.0,0.0,0,0,0.1,0.0,20260414-142232,0.0,0.0
500.0,500000000.0,0.0,0.0,0,0,0.1,0.0,20260414-142232,0.0,0.0
500.0,500000000.0,0.0,0.0,0,0,0.1,0.0,20260414-142232,0.0,0.0
500.0,500000000.0,0.0,0.0,0,0,0.1,0.0,20260414-142232,0.0,0.0
500.0,500000000.0,0.0,0.0,0,0,0.1,0.0,20260414-142232,0.0,0.0
500.0,500000000.0,0.0,0.0,0,0,0.1,0.0,20260414-142232,0.0,0.0
500.0,500000000.0,0.0,0.0,0,0,0.1,0.0,20260414-142232,0.0,0.0
500.0,500000000.0,0.0,0.0,0,0,0.1,0.0,20260414-142232,0.0,0.0
500.0,500000000.0,0.0,0.0,0,0,0.1,0.0,20260414-142232,0.0,0.0
500.0,500000000.0,0.0,0.0,0,0,0.1,0.0,20260414-142232,0.0,0.0
500.0,500000000.0,0.0,0.0,0,0,0.1,0.0,20260414-142232,0.0,0.0
500.0,500000000.0,0.0,0.0,0,0,0.1,0.0,20260414-142232,0.0,0.0
500.0,500000000.0,0.0,0.0,0,0,0.1,0.0,20260414-142232,0.0,0.0
500.0,500000000.0,0.0,0.0,0,0,0.1,0.0,20260414-142232,0.0,0.0
500.0,500000000.0,0.0,0.0,0,0,0.1,0.0,20260414-142232,0.0,0.0
500.0,500000000.0,0.0,0.0,0,0,0.1,0.0,20260414-142232,0.0,0.0
500.0,500000000.0,0.0,0.0,0,0,0.1,0.0,20260414-142232,0.0,0.0
500.0,500000000.0,0.0,0.0,0,0,0.1,0.0,20260414-142232,0.0,0.0
500.0,500000000.0,0.0,0.0,0,0,0.1,0.0,20260414-142232,0.0,0.0
500.0,500000000.0,0.0,0.0,0,0,0.1,0.0,20260414-142232,0.0,0.0
500.0,500000000.0,0.0,0.0,0,0,0.1,0.0,20260414-142232,0.0,0.0
500.0,500000000.0,0.0,0.0,0,0,0.1,0.0,20260414-142232,0.0,0.0
500.0,500000000.0,0.0,0.0,0,0,0.1,0.0,20260414-142232,0.0,0.0
500.0,500000000.0,0.0,0.0,0,0,0.1,0.0,20260414-142232,0.0,0.0
500.0,500000000.0,0.0,0.0,0,0,0.1,0.0,20260414-142232,0.0,0.0
500.0,500000000.0,0.0,0.0,0,0,0.1,0.0,20260414-142232,0.0,0.0
500.0,500000000.0,0.0,0.0,0,0,0.1,0.0,20260414-142232,0.0,0.0
500.0,500000000.0,0.0,0.0,0,0,0.1,0.0,20260414-142232,0.0,0.0
500.0,500000000.0,0.0,0.0,0,0,0.1,0.0,20260414-142232,0.0,0.0
500.0,500000000.0,0.0,0.0,0,0,0.1,0.0,20260414-142232,0.0,0.0
500.0,500000000.0,0.0,0.0,0,0,0.1,0.0,20260414-142232,0.0,0.0
500.0,500000000.0,0.0,0.0,0,0,0.1,0.0,20260414-142232,0.0,0.0
500.0,500000000.0,0.0,0.0,0,0,0.1,0.0,20260414-142232,0.0,0.0
500.0,500000000.0,0.0,0.0,0,0,0.1,0.0,20260414-142232,0.0,0.0
500.0,500000000.0,0.0,0.0,0,0,0.1,0.0,20260414-142232,0.0,0.0
500.0,500000000.0,0.0,0.0,0,0,0.1,0.0,20260414-142232,0.0,0.0
500.0,500000000.0,0.0,0.0,0,0,0.1,0.0,20260414-142232,0.0,0.0
500.0,500000000.0,0.0,0.0,0,0,0.1,0.0,20260414-142232,0.0,0.0
500.0,500000000.0,0.0,0.0,0,0,0.1,0.0,20260414-142232,0.0,0.0
500.0,500000000.0,0.0,0.0,0,0,0.1,0.0,20260414-142232,0.0,0.0
500.0,500000000.0,0.0,0.0,0,0,0.1,0.0,20260414-142232,0.0,0.0
500.0,500000000.0,0.0,0.0,0,0,0.1,0.0,20260414-142232,0.0,0.0
500.0,500000000.0,0.0,0.0,0,0,0.1,0.0,20260414-142232,0.0,0.0
500.0,500000000.0,0.0,0.0,0,0,0.1,0.0,20260414-142232,0.0,0.0
500.0,500000000.0,0.0,0.0,0,0,0.1,0.0,20260414-142232,0.0,0.0
500.0,500000000.0,0.0,0.0,0,0,0.1,0.0,20260414-142232,0.0,0.0
500.0,500000000.0,0.0,0.0,0,0,0.1,0.0,20260414-142232,0.0,0.0
500.0,500000000.0,0.0,0.0,0,0,0.1,0.0,20260414-142232,0.0,0.0
500.0,500000000.0,0.0,0.0,0,0,0.1,0.0,20260414-142232,0.0,0.0
500.0,500000000.0,0.0,0.0,0,0,0.1,0.0,20260414-142232,0.0,0.0
500.0,500000000.0,0.0,0.0,0,0,0.1,0.0,20260414-142232,0.0,0.0
500.0,500000000.0,0.0,0.0,0,0,0.1,0.0,20260414-142232,0.0,0.0
500.0,500000000.0,0.0,0.0,0,0,0.1,0.0,20260414-142232,0.0,0.0
500.0,500000000.0,0.0,0.0,0,0,0.1,0.0,20260414-142232,0.0,0.0
500.0,500000000.0,0.0,0.0,0,0,0.1,0.0,20260414-142232,0.0,0.0
500.0,500000000.0,0.0,0.0,0,0,0.1,0.0,20260414-142232,0.0,0.0
500.0,500000000.0,0.0,0.0,0,0,0.1,0.0,20260414-142232,0.0,0.0
500.0,500000000.0,0.0,0.0,0,0,0.1,0.0,20260414-142232,0.0,0.0
500.0,500000000.0,0.0,0.0,0,0,0.1,0.0,20260414-142232,0.0,0.0
500.0,500000000.0,0.0,0.0,0,0,0.1,0.0,20260414-142232,0.0,0.0
500.0,500000000.0,0.0,0.0,0,0,0.1,0.0,20260414-142232,0.0,0.0
500.0,500000000.0,0.0,0.0,0,0,0.1,0.0,20260414-142232,0.0,0.0
500.0,500000000.0,0.0,0.0,0,0,0.1,0.0,20260414-142232,0.0,0.0
500.0,500000000.0,0.0,0.0,0,0,0.1,0.0,20260414-142232,0.0,0.0
500.0,500000000.0,0.0,0.0,0,0,0.1,0.0,20260414-142232,0.0,0.0
500.0,500000000.0,0.0,0.0,0,0,0.1,0.0,20260414-142232,0.0,0.0
500.0,500000000.0,0.0,0.0,0,0,0.1,0.0,20260414-142232,0.0,0.0
500.0,500000000.0,0.0,0.0,0,0,0.1,0.0,20260414-142232,0.0,0.0
500.0,500000000.0,0.0,0.0,0,0,0.1,0.0,20260414-142232,0.0,0.0
500.0,500000000.0,0.0,0.0,0,0,0.1,0.0,20260414-142232,0.0,0.0
500.0,500000000.0,0.0,0.0,0,0,0.1,0.0,20260414-142232,0.0,0.0
500.0,500000000.0,0.0,0.0,0,0,0.1,0.0,20260414-142232,0.0,0.0
500.0,500000000.0,0.0,0.0,0,0,0.1,0.0,20260414-142232,0.0,0.0
500.0,500000000.0,0.0,0.0,0,0,0.1,0.0,20260414-142232,0.0,0.0
500.0,500000000.0,0.0,0.0,0,0,0.1,0.0,20260414-142232,0.0,0.0
500.0,500000000.0,0.0,0.0,0,0,0.1,0.0,20260414-142232,0.0,0.0
500.0,500000000.0,0.0,0.0,0,0,0.1,0.0,20260414-142232,0.0,0.0
500.0,500000000.0,0.0,0.0,0,0,0.1,0.0,20260414-142232,0.0,0.0
514.1984052872976,514198405.28729767,-13.495733280795804,0.0,0,0,0.2,-13.495733280795811,20260414-142232,0.0,0.0
514.1984052872976,514198405.28729767,-13.495733280795804,0.0,0,0,0.2,-13.495733280795811,20260414-142232,0.0,0.0
514.1984052872976,514198405.28729767,-13.495733280795804,0.0,0,0,0.2,-13.495733280795811,20260414-142232,0.0,0.0
514.1984052872976,514198405.28729767,-13.495733280795804,0.0,0,0,0.2,-13.495733280795811,20260414-142232,0.0,0.0
514.1984052872976,514198405.28729767,-13.495733280795804,0.0,0,0,0.2,-13.495733280795811,20260414-142232,0.0,0.0
514.1984052872976,514198405.28729767,-13.495733280795804,0.0,0,0,0.2,-13.495733280795811,20260414-142232,0.0,0.0
514.1984052872976,514198405.28729767,-13.495733280795804,0.0,0,0,0.2,-13.495733280795811,20260414-142232,0.0,0.0
514.1984052872976,514198405.28729767,-13.495733280795804,0.0,0,0,0.2,-13.495733280795811,20260414-142232,0.0,0.0
514.1984052872976,514198405.28729767,-13.495733280795804,0.0,0,0,0.2,-13.495733280795811,20260414-142232,0.0,0.0
514.1984052872976,514198405.28729767,-13.495733280795804,0.0,0,0,0.2,-13.495733280795811,20260414-142232,0.0,0.0
514.1984052872976,514198405.28729767,-13.495733280795804,0.0,0,0,0.2,-13.495733280795811,20260414-142232,0.0,0.0
514.1984052872976,514198405.28729767,-13.495733280795804,0.0,0,0,0.2,-13.495733280795811,20260414-142232,0.0,0.0
514.1984052872976,514198405.28729767,-13.495733280795804,0.0,0,0,0.2,-13.495733280795811,20260414-142232,0.0,0.0
514.1984052872976,514198405.28729767,-13.495733280795804,0.0,0,0,0.2,-13.495733280795811,20260414-142232,0.0,0.0
514.1984052872976,514198405.28729767,-13.495733280795804,0.0,0,0,0.2,-13.495733280795811,20260414-142232,0.0,0.0
514.1984052872976,514198405.28729767,-13.495733280795804,0.0,0,0,0.2,-13.495733280795811,20260414-142232,0.0,0.0
514.1984052872976,514198405.28729767,-13.495733280795804,0.0,0,0,0.2,-13.495733280795811,20260414-142232,0.0,0.0
514.1984052872976,514198405.28729767,-13.495733280795804,0.0,0,0,0.2,-13.495733280795811,20260414-142232,0.0,0.0
514.1984052872976,514198405.28729767,-13.495733280795804,0.0,0,0,0.2,-13.495733280795811,20260414-142232,0.0,0.0
514.1984052872976,514198405.28729767,-13.495733280795804,0.0,0,0,0.2,-13.495733280795811,20260414-142232,0.0,0.0
514.1984052872976,514198405.28729767,-13.495733280795804,0.0,0,0,0.2,-13.495733280795811,20260414-142232,0.0,0.0
514.1984052872976,514198405.28729767,-13.495733280795804,0.0,0,0,0.2,-13.495733280795811,20260414-142232,0.0,0.0
514.1984052872976,514198405.28729767,-13.495733280795804,0.0,0,0,0.2,-13.495733280795811,20260414-142232,0.0,0.0
514.1984052872976,514198405.28729767,-13.495733280795804,0.0,0,0,0.2,-13.495733280795811,20260414-142232,0.0,0.0
514.1984052872976,514198405.28729767,-13.495733280795804,0.0,0,0,0.2,-13.495733280795811,20260414-142232,0.0,0.0
514.1984052872976,514198405.28729767,-13.495733280795804,0.0,0,0,0.2,-13.495733280795811,20260414-142232,0.0,0.0
514.1984052872976,514198405.28729767,-13.495733280795804,0.0,0,0,0.2,-13.495733280795811,20260414-142232,0.0,0.0
514.1984052872976,514198405.28729767,-13.495733280795804,0.0,0,0,0.2,-13.495733280795811,20260414-142232,0.0,0.0
514.1984052872976,514198405.28729767,-13.495733280795804,0.0,0,0,0.2,-13.495733280795811,20260414-142232,0.0,0.0
184.0,184000000.0,-90.00000000000003,-0.0,0,0,2.4,-90.00000000000003,20260414-142232,0.0,0.0
184.0,184000000.0,-90.00000000000003,-0.0,0,0,2.4,-90.00000000000003,20260414-142232,0.0,0.0
184.0,184000000.0,-90.00000000000003,-0.0,0,0,2.4,-90.00000000000003,20260414-142232,0.0,0.0
184.0,184000000.0,-90.00000000000003,-0.0,0,0,2.4,-90.00000000000003,20260414-142232,0.0,0.0
184.0,184000000.0,-90.00000000000003,-0.0,0,0,2.4,-90.00000000000003,20260414-142232,0.0,0.0
184.0,184000000.0,-90.00000000000003,-0.0,0,0,2.4,-90.00000000000003,20260414-142232,0.0,0.0
184.0,184000000.0,-90.00000000000003,-0.0,0,0,2.4,-90.00000000000003,20260414-142232,0.0,0.0
184.0,184000000.0,-90.00000000000003,-0.0,0,0,2.4,-90.00000000000003,20260414-142232,0.0,0.0
184.0,184000000.0,-90.00000000000003,-0.0,0,0,2.4,-90.00000000000003,20260414-142232,0.0,0.0
184.0,184000000.0,-90.00000000000003,-0.0,0,0,2.4,-90.00000000000003,20260414-142232,0.0,0.0
184.0,184000000.0,-90.00000000000003,-0.0,0,0,2.4,-90.00000000000003,20260414-142232,0.0,0.0
184.0,184000000.0,-90.00000000000003,-0.0,0,0,2.4,-90.00000000000003,20260414-142232,0.0,0.0
184.0,184000000.0,-90.00000000000003,-0.0,0,0,2.6,-90.00000000000003,20260414-142232,0.0,0.0
184.0,184000000.0,-90.00000000000003,-0.0,0,0,2.6,-90.00000000000003,20260414-142232,0.0,0.0
184.0,184000000.0,-90.00000000000003,-0.0,0,0,2.8,-90.00000000000003,20260414-142232,0.0,0.0
184.0,184000000.0,-90.00000000000003,-0.0,0,0,2.8,-90.00000000000003,20260414-142232,0.0,0.0
184.0,184000000.0,-90.00000000000003,-0.0,0,0,2.8,-90.00000000000003,20260414-142232,0.0,0.0
184.0,184000000.0,-90.00000000000003,-0.0,0,0,2.8,-90.00000000000003,20260414-142232,0.0,0.0
184.0,184000000.0,-90.00000000000003,-0.0,0,0,2.8,-90.00000000000003,20260414-142232,0.0,0.0
184.0,184000000.0,-90.00000000000003,-0.0,0,0,2.8,-90.00000000000003,20260414-142232,0.0,0.0
184.0,184000000.0,-90.00000000000003,-0.0,0,0,2.8,-90.00000000000003,20260414-142232,0.0,0.0
184.0,184000000.0,-90.00000000000003,-0.0,0,0,2.8,-90.00000000000003,20260414-142232,0.0,0.0
184.0,184000000.0,-90.00000000000003,-0.0,0,0,2.8,-90.00000000000003,20260414-142232,0.0,0.0
184.0,184000000.0,-90.00000000000003,-0.0,0,0,2.8,-90.00000000000003,20260414-142232,0.0,0.0
184.0,184000000.0,-90.00000000000003,-0.0,0,0,2.8,-90.00000000000003,20260414-142232,0.0,0.0
184.0,184000000.0,-90.00000000000003,-0.0,0,0,2.8,-90.00000000000003,20260414-142232,0.0,0.0
184.0,184000000.0,-90.00000000000003,-0.0,0,0,2.8,-90.00000000000003,20260414-142232,0.0,0.0
184.0,184000000.0,-90.00000000000003,-0.0,0,0,2.8,-90.00000000000003,20260414-142232,0.0,0.0
184.0,184000000.0,-90.00000000000003,-0.0,0,0,2.8,-90.00000000000003,20260414-142232,0.0,0.0
184.0,184000000.0,-90.00000000000003,-0.0,0,0,2.8,-90.00000000000003,20260414-142232,0.0,0.0
184.0,184000000.0,-90.00000000000003,-0.0,0,0,2.8,-90.00000000000003,20260414-142232,0.0,0.0
184.0,184000000.0,-90.00000000000003,-0.0,0,0,2.8,-90.00000000000003,20260414-142232,0.0,0.0
184.0,184000000.0,-90.00000000000003,-0.0,0,0,2.8,-90.00000000000003,20260414-142232,0.0,0.0
184.0,184000000.0,-90.00000000000003,-0.0,0,0,2.8,-90.00000000000003,20260414-142232,0.0,0.0
184.0,184000000.0,-90.00000000000003,-0.0,0,0,2.8,-90.00000000000003,20260414-142232,0.0,0.0
184.0,184000000.0,-90.00000000000003,-0.0,0,0,2.8,-90.00000000000003,20260414-142232,0.0,0.0
184.0,184000000.0,-90.00000000000003,-0.0,0,0,2.8,-90.00000000000003,20260414-142232,0.0,0.0
184.0,184000000.0,-90.00000000000003,-0.0,0,0,2.8,-90.00000000000003,20260414-142232,0.0,0.0
184.0,184000000.0,-90.00000000000003,-0.0,0,0,2.8,-90.00000000000003,20260414-142232,0.0,0.0
184.0,184000000.0,-90.00000000000003,-0.0,0,0,2.8,-90.00000000000003,20260414-142232,0.0,0.0
184.0,184000000.0,-90.00000000000003,-0.0,0,0,2.8,-90.00000000000003,20260414-142232,0.0,0.0
184.0,184000000.0,-90.00000000000003,-0.0,0,0,2.8,-90.00000000000003,20260414-142232,0.0,0.0
184.0,184000000.0,-90.00000000000003,-0.0,0,0,2.8,-90.00000000000003,20260414-142232,0.0,0.0
184.0,184000000.0,-90.00000000000003,-0.0,0,0,2.8,-90.00000000000003,20260414-142232,0.0,0.0
184.0,184000000.0,-90.00000000000003,-0.0,0,0,2.8,-90.00000000000003,20260414-142232,0.0,0.0
184.0,184000000.0,-90.00000000000003,-0.0,0,0,2.8,-90.00000000000003,20260414-142232,0.0,0.0
184.0,184000000.0,-90.00000000000003,-0.0,0,0,2.8,-90.00000000000003,20260414-142232,0.0,0.0
184.0,184000000.0,-90.00000000000003,-0.0,0,0,2.8,-90.00000000000003,20260414-142232,0.0,0.0
184.0,184000000.0,-90.00000000000003,-0.0,0,0,2.8,-90.00000000000003,20260414-142232,0.0,0.0
184.0,184000000.0,-90.00000000000003,-0.0,0,0,2.8,-90.00000000000003,20260414-142232,0.0,0.0
184.0,184000000.0,-90.00000000000003,-0.0,0,0,2.8,-90.00000000000003,20260414-142232,0.0,0.0
184.0,184000000.0,-90.00000000000003,-0.0,0,0,2.8,-90.00000000000003,20260414-142232,0.0,0.0
184.0,184000000.0,-90.00000000000003,-0.0,0,0,2.8,-90.00000000000003,20260414-142232,0.0,0.0
184.0,184000000.0,-90.00000000000003,-0.0,0,0,2.8,-90.00000000000003,20260414-142232,0.0,0.0
184.0,184000000.0,-90.00000000000003,-0.0,0,0,2.8,-90.00000000000003,20260414-142232,0.0,0.0
184.0,184000000.0,-90.00000000000003,-0.0,0,0,2.8,-90.00000000000003,20260414-142232,0.0,0.0
184.0,184000000.0,-90.00000000000003,-0.0,0,0,2.8,-90.00000000000003,20260414-142232,0.0,0.0
184.0,184000000.0,-90.00000000000003,-0.0,0,0,2.8,-90.00000000000003,20260414-142232,0.0,0.0
184.0,184000000.0,-90.00000000000003,-0.0,0,0,2.8,-90.00000000000003,20260414-142232,0.0,0.0
184.0,184000000.0,-90.00000000000003,-0.0,0,0,2.8,-90.00000000000003,20260414-142232,0.0,0.0
184.0,184000000.0,-90.00000000000003,-0.0,0,0,2.8,-90.00000000000003,20260414-142232,0.0,0.0
184.0,184000000.0,-90.00000000000003,-0.0,0,0,2.8,-90.00000000000003,20260414-142232,0.0,0.0
184.0,184000000.0,-90.00000000000003,-0.0,0,0,2.8,-90.00000000000003,20260414-142232,0.0,0.0
184.0,184000000.0,-90.00000000000003,-0.0,0,0,2.8,-90.00000000000003,20260414-142232,0.0,0.0
184.0,184000000.0,-90.00000000000003,-0.0,0,0,2.8,-90.00000000000003,20260414-142232,0.0,0.0
184.0,184000000.0,-90.00000000000003,-0.0,0,0,2.8,-90.00000000000003,20260414-142232,0.0,0.0
184.0,184000000.0,-90.00000000000003,-0.0,0,0,2.8,-90.00000000000003,20260414-142232,0.0,0.0
184.0,184000000.0,-90.00000000000003,-0.0,0,0,2.8,-90.00000000000003,20260414-142232,0.0,0.0
184.0,184000000.0,-90.00000000000003,-0.0,0,0,2.8,-90.00000000000003,20260414-142232,0.0,0.0
184.0,184000000.0,-90.00000000000003,-0.0,0,0,2.8,-90.00000000000003,20260414-142232,0.0,0.0
184.0,184000000.0,-90.00000000000003,-0.0,0,0,2.8,-90.00000000000003,20260414-142232,0.0,0.0
184.0,184000000.0,-90.00000000000003,-0.0,0,0,2.8,-90.00000000000003,20260414-142232,0.0,0.0
184.0,184000000.0,-90.00000000000003,-0.0,0,0,2.8,-90.00000000000003,20260414-142232,0.0,0.0
184.0,184000000.0,-90.00000000000003,-0.0,0,0,2.8,-90.00000000000003,20260414-142232,0.0,0.0
184.0,184000000.0,-90.00000000000003,-0.0,0,0,2.8,-90.00000000000003,20260414-142232,0.0,0.0
184.0,184000000.0,-90.00000000000003,-0.0,0,0,2.8,-90.00000000000003,20260414-142232,0.0,0.0
184.0,184000000.0,-90.00000000000003,-0.0,0,0,2.8,-90.00000000000003,20260414-142232,0.0,0.0
184.0,184000000.0,-90.00000000000003,-0.0,0,0,2.8,-90.00000000000003,20260414-142232,0.0,0.0
184.0,184000000.0,-90.00000000000003,-0.0,0,0,2.8,-90.00000000000003,20260414-142232,0.0,0.0
184.0,184000000.0,-90.00000000000003,-0.0,0,0,2.8,-90.00000000000003,20260414-142232,0.0,0.0
184.0,184000000.0,-90.00000000000003,-0.0,0,0,2.8,-90.00000000000003,20260414-142232,0.0,0.0
184.0,184000000.0,-90.00000000000003,-0.0,0,0,2.8,-90.00000000000003,20260414-142232,0.0,0.0
184.0,184000000.0,-90.00000000000003,-0.0,0,0,2.8,-90.00000000000003,20260414-142232,0.0,0.0
184.0,184000000.0,-90.00000000000003,-0.0,0,0,2.8,-90.00000000000003,20260414-142232,0.0,0.0
184.0,184000000.0,-90.00000000000003,-0.0,0,0,2.8,-90.00000000000003,20260414-142232,0.0,0.0
184.0,184000000.0,-90.00000000000003,-0.0,0,0,2.8,-90.00000000000003,20260414-142232,0.0,0.0
184.0,184000000.0,-90.00000000000003,-0.0,0,0,2.8,-90.00000000000003,20260414-142232,0.0,0.0
184.0,184000000.0,-90.00000000000003,-0.0,0,0,2.8,-90.00000000000003,20260414-142232,0.0,0.0
184.0,184000000.0,-90.00000000000003,-0.0,0,0,2.8,-90.00000000000003,20260414-142232,0.0,0.0
184.0,184000000.0,-90.00000000000003,-0.0,0,0,2.8,-90.00000000000003,20260414-142232,0.0,0.0
184.0,184000000.0,-90.00000000000003,-0.0,0,0,2.8,-90.00000000000003,20260414-142232,0.0,0.0
184.0,184000000.0,-90.00000000000003,-0.0,0,0,2.8,-90.00000000000003,20260414-142232,0.0,0.0
184.0,184000000.0,-90.00000000000003,-0.0,0,0,2.8,-90.00000000000003,20260414-142232,0.0,0.0
184.0,184000000.0,-90.00000000000003,-0.0,0,0,2.8,-90.00000000000003,20260414-142232,0.0,0.0
184.0,184000000.0,-90.00000000000003,-0.0,0,0,2.8,-90.00000000000003,20260414-142232,0.0,0.0
184.0,184000000.0,-90.00000000000003,-0.0,0,0,2.8,-90.00000000000003,20260414-142232,0.0,0.0
184.0,184000000.0,-90.00000000000003,-0.0,0,0,2.8,-90.00000000000003,20260414-142232,0.0,0.0
184.0,184000000.0,-90.00000000000003,-0.0,0,0,2.8,-90.00000000000003,20260414-142232,0.0,0.0
184.0,184000000.0,-90.00000000000003,-0.0,0,0,2.8,-90.00000000000003,20260414-142232,0.0,0.0
184.0,184000000.0,-90.00000000000003,-0.0,0,0,2.8,-90.00000000000003,20260414-142232,0.0,0.0
184.0,184000000.0,-90.00000000000003,-0.0,0,0,2.8,-90.00000000000003,20260414-142232,0.0,0.0
184.0,184000000.0,-90.00000000000003,-0.0,0,0,2.8,-90.00000000000003,20260414-142232,0.0,0.0
184.0,184000000.0,-90.00000000000003,-0.0,0,0,2.8,-90.00000000000003,20260414-142232,0.0,0.0
184.0,184000000.0,-90.00000000000003,-0.0,0,0,2.8,-90.00000000000003,20260414-142232,0.0,0.0
184.0,184000000.0,-90.00000000000003,-0.0,0,0,2.8,-90.00000000000003,20260414-142232,0.0,0.0
184.0,184000000.0,-90.00000000000003,-0.0,0,0,2.8,-90.00000000000003,20260414-142232,0.0,0.0
184.0,184000000.0,-90.00000000000003,-0.0,0,0,2.8,-90.00000000000003,20260414-142232,0.0,0.0
184.0,184000000.0,-90.00000000000003,-0.0,0,0,2.8,-90.00000000000003,20260414-142232,0.0,0.0
184.0,184000000.0,-90.00000000000003,-0.0,0,0,2.8,-90.00000000000003,20260414-142232,0.0,0.0
184.0,184000000.0,-90.00000000000003,-0.0,0,0,2.8,-90.00000000000003,20260414-142232,0.0,0.0
184.0,184000000.0,-90.00000000000003,-0.0,0,0,2.8,-90.00000000000003,20260414-142232,0.0,0.0
184.0,184000000.0,-90.00000000000003,-0.0,0,0,2.8,-90.00000000000003,20260414-142232,0.0,0.0
184.0,184000000.0,-90.00000000000003,-0.0,0,0,2.8,-90.00000000000003,20260414-142232,0.0,0.0
184.0,184000000.0,-90.00000000000003,-0.0,0,0,2.8,-90.00000000000003,20260414-142232,0.0,0.0
184.0,184000000.0,-90.00000000000003,-0.0,0,0,2.8,-90.00000000000003,20260414-142232,0.0,0.0
184.0,184000000.0,-90.00000000000003,-0.0,0,0,2.8,-90.00000000000003,20260414-142232,0.0,0.0
184.0,184000000.0,-90.00000000000003,-0.0,0,0,2.8,-90.00000000000003,20260414-142232,0.0,0.0
184.0,184000000.0,-90.00000000000003,-0.0,0,0,2.8,-90.00000000000003,20260414-142232,0.0,0.0
184.0,184000000.0,-90.00000000000003,-0.0,0,0,2.8,-90.00000000000003,20260414-142232,0.0,0.0
184.0,184000000.0,-90.00000000000003,-0.0,0,0,2.8,-90.00000000000003,20260414-142232,0.0,0.0
184.0,184000000.0,-90.00000000000003,-0.0,0,0,2.8,-90.00000000000003,20260414-142232,0.0,0.0
184.0,184000000.0,-90.00000000000003,-0.0,0,0,2.8,-90.00000000000003,20260414-142232,0.0,0.0
184.0,184000000.0,-90.00000000000003,-0.0,0,0,2.8,-90.00000000000003,20260414-142232,0.0,0.0
184.0,184000000.0,-90.00000000000003,-0.0,0,0,2.8,-90.00000000000003,20260414-142232,0.0,0.0
184.0,184000000.0,-90.00000000000003,-0.0,0,0,2.8,-90.00000000000003,20260414-142232,0.0,0.0
184.0,184000000.0,-90.00000000000003,-0.0,0,0,2.8,-90.00000000000003,20260414-142232,0.0,0.0
184.0,184000000.0,-90.00000000000003,-0.0,0,0,2.8,-90.00000000000003,20260414-142232,0.0,0.0
184.0,184000000.0,-90.00000000000003,-0.0,0,0,2.8,-90.00000000000003,20260414-142232,0.0,0.0
184.0,184000000.0,-90.00000000000003,-0.0,0,0,2.8,-90.00000000000003,20260414-142232,0.0,0.0
184.0,184000000.0,-90.00000000000003,-0.0,0,0,2.8,-90.00000000000003,20260414-142232,0.0,0.0
280.0,3.111111111111111,-90.0,-90.0,0,0,0.3,-90.0,20260414-142232,0.0,0.0
277.0,3.077777777777778,-90.0,-90.0,0,0,0.3,-90.0,20260414-142232,0.0,0.0
274.0,3.0444444444444443,-90.0,-90.0,0,0,0.3,-90.0,20260414-142232,0.0,0.0
271.0,3.011111111111111,-90.0,-90.0,0,0,0.3,-90.0,20260414-142232,0.0,0.0
268.0,2.977777777777778,-90.0,-90.0,0,0,0.3,-90.0,20260414-142232,0.0,0.0
265.0,2.9444444444444446,-90.0,-90.0,0,0,0.3,-90.0,20260414-142232,0.0,0.0
262.0,2.911111111111111,-90.0,-90.0,0,0,0.3,-90.0,20260414-142232,0.0,0.0
259.0,2.8777777777777778,-90.0,-90.0,0,0,0.3,-90.0,20260414-142232,0.0,0.0
256.0,2.8444444444444446,-90.0,-90.0,0,0,0.3,-90.0,20260414-142232,0.0,0.0
253.0,2.811111111111111,-90.0,-90.0,0,0,0.3,-90.0,20260414-142232,0.0,0.0
250.0,2.7777777777777777,-90.0,-90.0,0,0,0.3,-90.0,20260414-142232,0.0,0.0
247.0,2.7444444444444445,-90.0,-90.0,0,0,0.3,-90.0,20260414-142232,0.0,0.0
244.0,2.7111111111111112,-90.0,-90.0,0,0,0.3,-90.0,20260414-142232,0.0,0.0
241.0,2.6777777777777776,-90.0,-90.0,0,0,0.3,-90.0,20260414-142232,0.0,0.0
238.0,2.6444444444444444,-90.0,-90.0,0,0,0.3,-90.0,20260414-142232,0.0,0.0
235.0,2.611111111111111,-90.0,-90.0,0,0,0.3,-90.0,20260414-142232,0.0,0.0
232.0,2.577777777777778,-90.0,-90.0,0,0,0.3,-90.0,20260414-142232,0.0,0.0
229.0,2.5444444444444443,-90.0,-90.0,0,0,0.3,-90.0,20260414-142232,0.0,0.0
226.0,2.511111111111111,-90.0,-90.0,0,0,0.3,-90.0,20260414-142232,0.0,0.0
223.0,2.477777777777778,-90.0,-90.0,0,0,0.3,-90.0,20260414-142232,0.0,0.0
220.0,2.4444444444444446,-90.0,-90.0,0,0,0.3,-90.0,20260414-142232,0.0,0.0
217.0,2.411111111111111,-90.0,-90.0,0,0,0.3,-90.0,20260414-142232,0.0,0.0
214.0,2.3777777777777778,-90.0,-90.0,0,0,0.3,-90.0,20260414-142232,0.0,0.0
211.0,2.3444444444444446,-90.0,-90.0,0,0,0.3,-90.0,20260414-142232,0.0,0.0
208.0,2.311111111111111,-90.0,-90.0,0,0,0.3,-90.0,20260414-142232,0.0,0.0
205.0,2.2777777777777777,-90.0,-90.0,0,0,0.3,-90.0,20260414-142232,0.0,0.0
202.0,2.2444444444444445,-90.0,-90.0,0,0,0.3,-90.0,20260414-142232,0.0,0.0
199.0,2.2111111111111112,-90.0,-90.0,0,0,0.3,-90.0,20260414-142232,0.0,0.0
196.0,2.1777777777777776,-90.0,-90.0,0,0,0.3,-90.0,20260414-142232,0.0,0.0
193.0,2.1444444444444444,-90.0,-90.0,0,0,0.3,-90.0,20260414-142232,0.0,0.0
190.0,2.111111111111111,-90.0,-90.0,0,0,0.3,-90.0,20260414-142232,0.0,0.0
187.0,2.077777777777778,-90.0,-90.0,0,0,0.3,-90.0,20260414-142232,0.0,0.0
184.0,2.0444444444444443,-90.0,-90.0,0,0,0.3,-90.0,20260414-142232,0.0,0.0
181.0,2.011111111111111,-90.0,-90.0,0,0,0.3,-90.0,20260414-142232,0.0,0.0
178.0,1.9777777777777779,-90.0,-90.0,0,0,0.3,-90.0,20260414-142232,0.0,0.0
175.0,1.9444444444444444,-90.0,-90.0,0,0,0.3,-90.0,20260414-142232,0.0,0.0
172.0,1.9111111111111112,-90.0,-90.0,0,0,0.3,-90.0,20260414-142232,0.0,0.0
169.0,1.8777777777777778,-90.0,-90.0,0,0,0.3,-90.0,20260414-142232,0.0,0.0
166.0,1.8444444444444446,-90.0,-90.0,0,0,0.3,-90.0,20260414-142232,0.0,0.0
163.0,1.8111111111111111,-90.0,-90.0,0,0,0.3,-90.0,20260414-142232,0.0,0.0
160.0,1.7777777777777777,-90.0,-90.0,0,0,0.3,-90.0,20260414-142232,0.0,0.0
157.0,1.7444444444444445,-90.0,-90.0,0,0,0.3,-90.0,20260414-142232,0.0,0.0
154.0,1.711111111111111,-90.0,-90.0,0,0,0.3,-90.0,20260414-142232,0.0,0.0
151.0,1.6777777777777778,-90.0,-90.0,0,0,0.3,-90.0,20260414-142232,0.0,0.0
148.0,1.6444444444444444,-90.0,-90.0,0,0,0.3,-90.0,20260414-142232,0.0,0.0
145.0,1.6111111111111112,-90.0,-90.0,0,0,0.3,-90.0,20260414-142232,0.0,0.0
142.0,1.5777777777777777,-90.0,-90.0,0,0,0.3,-90.0,20260414-142232,0.0,0.0
139.0,1.5444444444444445,-90.0,-90.0,0,0,0.3,-90.0,20260414-142232,0.0,0.0
153.33333333333326,1.3939393939393934,0.0,-109.99999999999999,0,0,1.2,0.0,20260414-142232,0.0,0.0
149.66666666666663,1.3606060606060602,0.0,-110.0,0,0,1.2,0.0,20260414-142232,0.0,0.0
146.0,1.3272727272727274,0.0,-110.0,0,0,1.2,0.0,20260414-142232,0.0,0.0
142.33333333333337,1.2939393939393944,0.0,-110.0,0,0,1.2,0.0,20260414-142232,0.0,0.0
138.66666666666674,1.2606060606060614,0.0,-110.0,0,0,1.2,0.0,20260414-142232,0.0,0.0
135.0000000000001,1.2272727272727284,0.0,-110.0,0,0,1.2,0.0,20260414-142232,0.0,0.0
131.33333333333348,1.1939393939393954,0.0,-110.0,0,0,1.2,0.0,20260414-142232,0.0,0.0
127.66666666666686,1.1606060606060624,0.0,-110.0,0,0,1.2,0.0,20260414-142232,0.0,0.0
124.00000000000023,1.1272727272727294,0.0,-110.0,0,0,1.2,0.0,20260414-142232,0.0,0.0
120.3333333333336,1.0939393939393964,0.0,-110.0,0,0,1.2,0.0,20260414-142232,0.0,0.0
116.66666666666697,1.0606060606060634,0.0,-110.0,0,0,1.2,0.0,20260414-142232,0.0,0.0
113.00000000000034,1.0272727272727304,0.0,-110.0,0,0,1.2,0.0,20260414-142232,0.0,0.0
109.33333333333371,0.9939393939393973,0.0,-110.0,0,0,1.2,0.0,20260414-142232,0.0,0.0
105.66666666666708,0.9606060606060643,0.0,-110.0,0,0,1.2,0.0,20260414-142232,0.0,0.0
102.00000000000045,0.9272727272727312,0.0,-110.00000000000001,0,0,1.2,0.0,20260414-142232,0.0,0.0
98.33333333333383,0.8939393939393984,0.0,-110.0,0,0,1.2,0.0,20260414-142232,0.0,0.0
94.6666666666672,0.8606060606060655,0.0,-110.0,0,0,1.2,0.0,20260414-142232,0.0,0.0
91.00000000000057,0.8272727272727326,0.0,-109.99999999999999,0,0,1.2,0.0,20260414-142232,0.0,0.0
87.33333333333394,0.7939393939393995,0.0,-110.0,0,0,1.4,0.0,20260414-142232,0.0,0.0
83.66666666666731,0.7606060606060664,0.0,-110.00000000000001,0,0,1.4,0.0,20260414-142232,0.0,0.0
80.00000000000068,0.7272727272727335,0.0,-110.0,0,0,1.4,0.0,20260414-142232,0.0,0.0
76.33333333333405,0.6939393939394005,0.0,-110.0,0,0,1.4,0.0,20260414-142232,0.0,0.0
72.66666666666742,0.6606060606060675,0.0,-110.0,0,0,1.4,0.0,20260414-142232,0.0,0.0
69.0000000000008,0.6272727272727345,0.0,-110.0,0,0,1.4,0.0,20260414-142232,0.0,0.0
65.33333333333417,0.5939393939394015,0.0,-110.0,0,0,1.4,0.0,20260414-142232,0.0,0.0
61.66666666666754,0.5606060606060685,0.0,-110.0,0,0,1.4,0.0,20260414-142232,0.0,0.0
58.00000000000091,0.5272727272727356,0.0,-110.0,0,0,1.4,0.0,20260414-142232,0.0,0.0
54.33333333333428,0.49393939393940256,0.0,-110.0,0,0,1.4,0.0,20260414-142232,0.0,0.0
50.66666666666765,0.4606060606060696,0.0,-109.99999999999999,0,0,1.4,0.0,20260414-142232,0.0,0.0
47.00000000000102,0.4272727272727366,0.0,-110.0,0,0,1.4,0.0,20260414-142232,0.0,0.0
43.333333333334394,0.3939393939394036,0.0,-110.0,0,0,1.4,0.0,20260414-142232,0.0,0.0
39.666666666667766,0.3606060606060706,0.0,-110.0,0,0,1.4,0.0,20260414-142232,0.0,0.0
36.00000000000114,0.3272727272727376,0.0,-110.0,0,0,1.4,0.0,20260414-142232,0.0,0.0
32.33333333333451,0.7583602766950975,0.0,-42.63584779814922,0,0,1.6,0.0,20260414-142232,0.0,0.0
30.862004078100767,0.6991864435581862,0.0,-44.13987765701358,0,0,1.6,0.0,20260414-142232,0.0,0.0
29.390674822867027,0.6658531102248538,0.0,-44.13987765701358,0,0,1.6,0.0,20260414-142232,0.0,0.0
27.919345567633286,0.6325197768915216,0.0,-44.13987765701358,0,0,1.6,0.0,20260414-142232,0.0,0.0
26.448016312399545,0.5991864435581892,0.0,-44.139877657013585,0,0,1.6,0.0,20260414-142232,0.0,0.0
24.976687057165805,0.565853110224857,0.0,-44.13987765701358,0,0,1.6,0.0,20260414-142232,0.0,0.0
23.505357801932064,0.5325197768915246,0.0,-44.13987765701358,0,0,1.6,0.0,20260414-142232,0.0,0.0
22.034028546698323,0.4991864435581923,0.0,-44.13987765701358,0,0,1.6,0.0,20260414-142232,0.0,0.0
20.562699291464583,0.46585311022486003,0.0,-44.13987765701358,0,0,1.6,0.0,20260414-142232,0.0,0.0
19.091370036230842,0.4325197768915277,0.0,-44.13987765701358,0,0,1.6,0.0,20260414-142232,0.0,0.0
17.6200407809971,0.3991864435581954,0.0,-44.13987765701358,0,0,1.6,0.0,20260414-142232,0.0,0.0
16.14871152576336,0.3658531102248631,0.0,-44.13987765701358,0,0,1.6,0.0,20260414-142232,0.0,0.0
14.67738227052962,0.3325197768915308,0.0,-44.13987765701358,0,0,1.6,0.0,20260414-142232,0.0,0.0
13.206053015295879,0.29918644355819846,0.0,-44.139877657013585,0,0,1.6,0.0,20260414-142232,0.0,0.0
11.734723760062138,0.2658531102248662,0.0,-44.13987765701358,0,0,1.6,0.0,20260414-142232,0.0,0.0
10.263394504828398,0.23251977689153386,0.0,-44.13987765701358,0,0,1.6,0.0,20260414-142232,0.0,0.0
8.792065249594657,0.19918644355820156,0.0,-44.13987765701358,0,0,1.6,0.0,20260414-142232,0.0,0.0
7.320735994360916,0.16585311022486926,0.0,-44.13987765701358,0,0,1.6,0.0,20260414-142232,0.0,0.0
5.849406739127176,0.13251977689153696,0.0,-44.13987765701357,0,0,1.6,0.0,20260414-142232,0.0,0.0
4.378077483893435,0.09918644355820463,0.0,-44.13987765701358,0,0,1.6,0.0,20260414-142232,0.0,0.0
2.906748228659694,0.06585311022487232,0.0,-44.13987765701358,0,0,1.6,0.0,20260414-142232,0.0,0.0
1.4354189734259535,0.032519776891540016,0.0,-44.13987765701358,0,0,1.6,0.0,20260414-142232,0.0,0.0
0.035910281807787214,0.022655250831695624,-180.0,1.5850754456246081,0,0,1.6,180.0,20260414-142232,0.0,0.0
1.507239537041528,0.0341468897751246,-180.0,44.13987765701358,0,0,1.6,180.0,20260414-142232,0.0,0.0
2.9785687922752686,0.0674802231084569,-180.0,44.139877657013585,0,0,1.6,180.0,20260414-142232,0.0,0.0
4.449898047509009,0.10081355644178921,-180.0,44.13987765701358,0,0,1.6,180.0,20260414-142232,0.0,0.0
5.92122730274275,0.13414688977512154,-180.0,44.13987765701358,0,0,1.6,180.0,20260414-142232,0.0,0.0
7.392556557976491,0.16748022310845384,-180.0,44.13987765701358,0,0,1.6,180.0,20260414-142232,0.0,0.0
8.863885813210231,0.20081355644178614,-180.0,44.13987765701358,0,0,1.6,180.0,20260414-142232,0.0,0.0
10.335215068443972,0.23414688977511847,-180.0,44.13987765701358,0,0,1.6,180.0,20260414-142232,0.0,0.0
11.806544323677713,0.26748022310845077,-180.0,44.13987765701358,0,0,1.6,180.0,20260414-142232,0.0,0.0
13.277873578911453,0.3008135564417831,-180.0,44.13987765701358,0,0,1.6,180.0,20260414-142232,0.0,0.0
14.749202834145194,0.33414688977511536,-180.0,44.13987765701358,0,0,1.6,180.0,20260414-142232,0.0,0.0
16.220532089378935,0.3674802231084477,-180.0,44.13987765701358,0,0,1.6,180.0,20260414-142232,0.0,0.0
17.691861344612676,0.40081355644178,-180.0,44.13987765701358,0,0,1.6,180.0,20260414-142232,0.0,0.0
19.163190599846416,0.4341468897751123,-180.0,44.13987765701358,0,0,1.6,180.0,20260414-142232,0.0,0.0
20.634519855080157,0.4674802231084446,-180.0,44.13987765701358,0,0,1.6,180.0,20260414-142232,0.0,0.0
22.105849110313898,0.5008135564417769,-180.0,44.13987765701358,0,0,1.6,180.0,20260414-142232,0.0,0.0
23.57717836554764,0.5341468897751093,-180.0,44.13987765701358,0,0,1.6,180.0,20260414-142232,0.0,0.0
25.04850762078138,0.5674802231084415,-180.0,44.13987765701358,0,0,1.6,180.0,20260414-142232,0.0,0.0
26.51983687601512,0.6008135564417738,-180.0,44.13987765701358,0,0,1.6,180.0,20260414-142232,0.0,0.0
27.99116613124886,0.6341468897751062,-180.0,44.13987765701357,0,0,1.6,180.0,20260414-142232,0.0,0.0
29.4624953864826,0.6674802231084385,-180.0,44.13987765701358,0,0,1.6,180.0,20260414-142232,0.0,0.0
30.933824641716342,0.7008135564417708,-180.0,44.13987765701358,0,0,1.6,180.0,20260414-142232,0.0,0.0
32.40515389695008,0.7341468897751031,-180.0,44.13987765701358,0,0,1.6,180.0,20260414-142232,0.0,0.0
33.87648315218382,0.7674802231084354,-180.0,44.13987765701358,0,0,1.6,180.0,20260414-142232,0.0,0.0
35.347812407417564,0.8008135564417677,-180.0,44.13987765701358,0,0,1.6,180.0,20260414-142232,0.0,0.0
36.819141662651305,0.8341468897751,-180.0,44.13987765701358,0,0,1.6,180.0,20260414-142232,0.0,0.0
38.2904709178851,0.8674802231084336,-180.0,44.13987765701358,0,0,1.6,180.0,20260414-142232,0.0,0.0
39.7618001731189,0.9008135564417672,-180.0,44.13987765701358,0,0,1.5,180.0,20260414-142232,0.0,0.0
41.2331294283527,0.9341468897751007,-180.0,44.13987765701358,0,0,1.5,180.0,20260414-142232,0.0,0.0
42.704458683586495,0.9674802231084344,-180.0,44.13987765701358,0,0,1.5,180.0,20260414-142232,0.0,0.0
44.17578793882029,1.000813556441768,-180.0,44.13987765701358,0,0,1.5,180.0,20260414-142232,0.0,0.0
45.64711719405409,1.0341468897751016,-180.0,44.13987765701358,0,0,1.5,180.0,20260414-142232,0.0,0.0
47.11844644928789,1.0674802231084353,-180.0,44.13987765701358,0,0,1.5,180.0,20260414-142232,0.0,0.0
48.589775704521685,1.1008135564417687,-180.0,44.13987765701358,0,0,1.5,180.0,20260414-142232,0.0,0.0
50.06110495975548,1.1341468897751024,-180.0,44.13987765701358,0,0,1.5,180.0,20260414-142232,0.0,0.0
51.53243421498928,1.1674802231084358,-180.0,44.139877657013585,0,0,1.5,180.0,20260414-142232,0.0,0.0
53.00376347022308,1.2008135564417695,-180.0,44.13987765701358,0,0,1.5,180.0,20260414-142232,0.0,0.0
54.475092725456875,1.2341468897751031,-180.0,44.13987765701358,0,0,1.5,180.0,20260414-142232,0.0,0.0
55.94642198069067,1.2674802231084368,-180.0,44.13987765701358,0,0,1.5,180.0,20260414-142232,0.0,0.0
179.53551180755298,8.337466896329607,-105.5070281768928,-21.533580167687344,0,0,1.5,74.4929718231072,20260414-142232,0.0,0.0
178.82367328059178,8.444630442291935,-105.97432494045944,-21.176021201000918,0,0,1.5,74.02567505954056,20260414-142232,0.0,0.0
178.1238243856857,8.557801784359574,-106.44532526118505,-20.814203094914948,0,0,1.5,73.55467473881495,20260414-142232,0.0,0.0
177.43610699250678,8.677374691149478,-106.92000893065402,-20.448132448801992,0,0,1.5,73.07999106934598,20260414-142232,0.0,0.0
176.7606627001182,8.803778111555049,-107.39835340087875,-20.077818915962684,0,0,1.5,72.60164659912125,20260414-142232,0.0,0.0
176.0976327335735,8.937480193372421,-107.88033373375598,-19.70327529946959,0,0,1.5,72.11966626624402,20260414-142232,0.0,0.0
175.44715783735867,9.07899286566066,-108.36592255263294,-19.32451764566859,0,0,1.5,71.63407744736706,20260414-142232,0.0,0.0
174.80937816576233,9.228877079305507,-108.85508999620691,-18.941565334936406,0,0,1.5,71.14491000379309,20260414-142232,0.0,0.0
174.18443317027183,9.387748818792515,-109.34780367498605,-18.554441169280885,0,0,1.5,70.65219632501395,20260414-142232,0.0,0.0
173.57246148410817,9.55628602092671,-109.84402863054154,-18.163171456360008,0,0,1.5,70.15597136945846,20260414-142232,0.0,0.0
172.9736008040258,9.735236564243193,-110.34372729778362,-17.76778608948704,0,0,1.5,69.65627270221638,20260414-142232,0.0,0.0
172.38798776951856,9.92542752753435,-110.84685947049408,-17.368318623182045,0,0,1.5,69.15314052950592,20260414-142232,0.0,0.0
171.8157578395876,10.127775959088689,-111.35338227034819,-16.964806343825146,0,0,1.5,68.64661772965181,20260414-142232,0.0,0.0
171.25704516724235,10.343301452267028,-111.86325011965684,-16.557290334964232,0,0,1.5,68.13674988034316,20260414-142232,0.0,0.0
170.71198247191933,10.573140891057289,-112.37641471805742,-16.145815536829428,0,0,1.5,67.62358528194258,20260414-142232,0.0,0.0
170.18070091002045,10.818565815390842,-112.89282502337755,-15.730430799608934,0,0,1.7,67.10717497662245,20260414-142232,0.0,0.0
169.6633299437852,11.08100296580161,-113.41242723689045,-15.3111889300457,0,0,1.7,66.58757276310955,20260414-142232,0.0,0.0
169.15999720872702,11.362058707910665,-113.93516479317363,-14.888146730922266,0,0,1.7,66.06483520682637,20260414-142232,0.0,0.0
168.6708283798781,11.663548219330943,-114.46097835477461,-14.461365033011674,0,0,1.7,65.53902164522539,20260414-142232,0.0,0.0
168.19594703710007,11.987530558751459,-114.98980581187713,-14.030908719086364,0,0,1.7,65.01019418812287,20260414-142232,0.0,0.0
167.73547452973267,12.33635104831266,-115.52158228715012,-13.596846739593648,0,0,1.7,64.47841771284988,20260414-142232,0.0,0.0
167.2895298408635,12.712692812637496,-116.05624014594892,-13.159252119626734,0,0,1.7,63.94375985405107,20260414-142232,0.0,0.0
166.8582294515157,13.119639868726289,-116.59370901202396,-12.718201956843426,0,0,1.7,63.40629098797603,20260414-142232,0.0,0.0
166.4416872050602,13.560754904133928,-117.13391578887564,-12.273777410011391,0,0,1.7,62.86608421112436,20260414-142232,0.0,0.0
166.04001417217017,14.040175894082042,-117.67678468687778,-11.82606367788856,0,0,1.7,62.32321531312222,20260414-142232,0.0,0.0
165.6533185166442,72.98597150667875,-118.22223725627256,2.269659704419851,0,0,1.9,61.77776274372743,20260414-142232,0.0,0.0
164.91574080257794,7.517371372358545,-118.72243694055095,-21.9379531266707,0,0,1.9,61.277563059449044,20260414-142232,0.0,0.0
164.19084453779126,7.617304702517602,-119.22709209771953,-21.554979215092235,0,0,1.9,60.772907902280465,20260414-142232,0.0,0.0
163.4787984182872,7.723306338437986,-119.73618317803397,-21.16694473255223,0,0,1.9,60.26381682196603,20260414-142232,0.0,0.0
162.7797710749852,7.8358004177022345,-120.24968748525413,-20.773853645792403,0,0,1.9,59.750312514745865,20260414-142232,0.0,0.0
162.09393093773122,7.95525154691438,-120.7675790924659,-20.37571407790404,0,0,1.9,59.23242090753411,20260414-142232,0.0,0.0
161.4214460942261,8.082169746329429,-121.28982876067711,-19.97253845943247,0,0,1.9,58.71017123932289,20260414-142232,0.0,0.0
160.7624841439696,8.217116137622748,-121.81640386058143,-19.564343676232742,0,0,1.9,58.18359613941856,20260414-142232,0.0,0.0
160.11721204733982,8.360709508450013,-122.34726829789349,-19.15115121336441,0,0,1.9,57.6527317021065,20260414-142232,0.0,0.0
159.48579596995233,8.513633915643132,-122.88238244266861,-18.732987294286843,0,0,2.3,57.117617557331386,20260414-142232,0.0,0.0
158.86840112246838,8.676647523954957,-123.42170306302714,-18.309883014592437,0,0,2.3,56.57829693697286,20260414-142232,0.0,0.0
158.26519159604726,8.85059292111863,-123.96518326370838,-17.881874469495326,0,0,2.3,56.03481673629161,20260414-142232,0.0,0.0
157.67633019366397,9.036409205142373,-124.51277242988286,-17.449002874276065,0,0,2.3,55.487227570117135,20260414-142232,0.0,0.0
157.1019782575411,9.235146209548558,-125.06441617665132,-17.011314676870796,0,0,2.5,54.93558382334868,20260414-142232,0.0,0.0
663.9999999999,4.426666666666,0.0,-150.0,0,0,2.8,-90.0,20260414-142232,0.0,0.0
49.0,0.32666666666666666,5.684341886080802e-14,-150.0,0,0,2.8,-89.99999999999993,20260414-142232,0.0,0.0
44.0,0.29333333333333333,5.684341886080802e-14,-150.0,0,0,2.8,-89.99999999999993,20260414-142232,0.0,0.0
39.0,0.26,5.684341886080802e-14,-150.0,0,0,2.8,-89.99999999999993,20260414-142232,0.0,0.0
34.0,0.2422557502790167,1.1368683772161603e-13,-140.34754576863787,0,0,3.0,-89.99999999999991,20260414-142232,0.0,0.0
29.156717629557193,0.20066775242820423,1.1368683772161603e-13,-145.29847111328468,0,0,3.0,-89.99999999999989,20260414-142232,0.0,0.0
24.770694963906003,0.18237788621383566,-5.808910960264768,-135.82071531886652,0,0,2.9,-95.80891096026477,20260414-142232,0.0,0.0
20.31632707582361,0.15513233152056685,-10.667103326251379,-130.96126949610212,0,0,2.9,-100.66710332625138,20260414-142232,0.0,0.0
16.088310382028723,0.13226516527147403,-18.15949342684405,-121.636791887021,0,0,2.9,-108.15949342684405,20260414-142232,0.0,0.0
12.321894508752582,0.12115225136206477,-30.57468832626148,-101.70586489497806,0,0,2.9,-120.5746883262615,20260414-142232,0.0,0.0
9.578058564283527,0.16695415296081847,-51.744113558320805,-57.3693938990026,0,0,2.9,-141.7441135583208,20260414-142232,0.0,0.0
8.863638963571745,0.5093821085947461,-81.87818071566994,17.400766171439038,0,0,2.9,-171.87818071566997,20260414-142232,0.0,0.0
10.597346542032755,0.1308969245739197,-108.86198468284951,80.95947690542,0,0,2.9,161.1380153171505,20260414-142232,0.0,0.0
13.89093877414353,0.12355830349314807,-125.69151062303638,112.42416237055126,0,0,2.9,144.30848937696362,20260414-142232,0.0,0.0
17.903278318837557,0.14148828522641035,-135.55936065236722,126.53541097193052,0,0,2.9,134.44063934763278,20260414-142232,0.0,0.0
22.24885024751162,0.16671987101329816,-141.7016406005781,133.45050060491573,0,0,2.9,128.2983593994219,20260414-142232,0.0,0.0
26.76583771060269,0.19505606873336123,-145.80576587827517,137.2212507122308,0,0,2.9,124.19423412172485,20260414-142232,0.0,0.0
31.38030540966943,0.22499927710814147,-148.71438003969124,139.46847213463315,0,0,2.9,121.28561996030876,20260414-142232,0.0,0.0
36.054844821433086,0.25588168633761665,-150.87321547779004,140.90435832856528,0,0,2.9,119.12678452220996,20260414-142232,0.0,0.0
40.76879776042943,0.2873604877408834,-152.5347405760419,141.8733594202108,0,0,2.9,117.46525942395809,20260414-142232,0.0,0.0
45.50991842229181,0.31924160997859696,-153.85100095750215,142.5563491718481,0,0,2.9,116.14899904249785,20260414-142232,0.0,0.0
50.270520655909266,0.351406945357714,-154.91844041663984,143.0550002497432,0,0,2.9,115.08155958336016,20260414-142232,0.0,0.0
55.04555011504952,0.3837804954325175,-155.80094941548683,143.42977501504768,0,0,2.9,114.19905058451317,20260414-142232,0.0,0.0
59.83155268050747,0.41631114019026605,-156.54242559312985,143.71835606696172,0,0,2.9,113.45757440687017,20260414-142232,0.0,0.0
60.7078614715132,0.847228607918261,-61.464863401307696,-71.65464067682919,0,0,2.9,-151.4648634013077,20260414-142232,0.0,0.0
58.48456586523009,0.9501234567901211,-65.77225468204585,-61.55470159931976,0,0,2.9,-155.77225468204583,20260414-142232,0.0,0.0
56.61664458835791,1.1247173489278723,-70.39155872810971,-50.33855363067642,0,0,2.9,-160.39155872810971,20260414-142232,0.0,0.0
55.140225284672496,1.4478306878306835,-75.29169610031727,-38.08471926181528,0,0,2.9,-165.29169610031724,20260414-142232,0.0,0.0
54.087377866230824,2.1669958847736557,-80.42157708053924,-24.959612635295933,0,0,2.9,-170.42157708053924,20260414-142232,0.0,0.0
53.48312298701747,4.76740740740739,-85.710846671181,-11.21849223624516,0,0,2.9,-175.71084667118097,20260414-142232,0.0,0.0
53.342707509503455,18.969629629629637,-91.07416999837261,2.81200574555155,0,0,2.9,178.9258300016274,20260414-142232,0.0,0.0
53.66977216687655,3.2004938271604866,-96.41878673023879,16.769215960179796,0,0,2.9,173.5812132697612,20260414-142232,0.0,0.0
54.45589448759828,1.797239057239053,-101.65384058583433,30.299750201987198,0,0,2.9,168.34615941416567,20260414-142232,0.0,0.0
55.68163471418953,1.2918518518518487,-106.69924423399362,43.10218283495186,0,0,2.9,163.30075576600638,20260414-142232,0.0,0.0
57.318796606736576,1.0429982363315673,-111.49204003334458,54.95579437251803,0,0,2.9,158.50795996665542,20260414-142232,0.0,0.0
59.333333333333265,0.9026780626780606,-115.98923358383303,65.73033707865176,0,0,2.9,154.01076641616697,20260414-142232,0.0,0.0
61.68828449912055,0.8183751493428897,-120.16729561038443,75.37898059178954,0,0,2.9,149.83270438961557,20260414-142232,0.0,0.0
64.34628539740609,0.7667489711934142,-124.01934998982651,83.92092825015945,0,0,2.9,145.9806500101735,20260414-142232,0.0,0.0
67.27142368379337,0.7358446251129165,-127.55128212617802,91.42069043919491,0,0,2.9,142.44871787382198,20260414-142232,0.0,0.0
70.43042271947853,0.7189049919484692,-130.77776979385735,97.9690272126069,0,0,2.9,139.22223020614265,20260414-142232,0.0,0.0
73.79325473540543,0.7118228031953511,-133.71883830535796,103.66801176381219,0,0,2.9,136.28116169464204,20260414-142232,0.0,0.0
77.33333333333329,0.711957671957671,-136.39718102729643,108.62068965517248,0,0,2.9,133.60281897270357,20260414-142232,0.0,0.0
81.02743019770796,0.7175349119611405,-138.8362481224687,112.92472163653572,0,0,2.9,131.1637518775313,20260414-142232,0.0,0.0
84.85543261597596,0.7273176206509532,-141.0589877239784,116.66901805572907,0,0,2.9,128.9410122760216,20260414-142232,0.0,0.0
88.80002502502145,0.7404173187271772,-143.08708751275316,119.93239863388683,0,0,2.9,126.91291248724684,20260414-142232,0.0,0.0
92.84634857895294,0.7561793372319682,-144.94057303311305,122.78350386936198,0,0,2.9,125.05942696688695,20260414-142232,0.0,0.0
96.98167066226709,0.7741106538637397,-146.63764546567853,125.28140541434529,0,0,2.9,123.36235453432148,20260414-142232,0.0,0.0
101.1950811277131,0.7938329026701112,-148.1946710750031,127.47655178733021,0,0,2.9,121.8053289249969,20260414-142232,0.0,0.0
491.09171687187444,3.2812391072131333,-176.17886990413797,-149.66654389566116,0,0,1.2,-176.17886990413797,20260414-142232,0.0,0.0
486.1029462780135,3.2480560052256395,-176.1395953173964,-149.65965657487004,0,0,1.2,-176.1395953173964,20260414-142232,0.0,0.0
481.11440882618064,3.214876033057851,-176.09950625761812,-149.652553902231,0,0,1.2,-176.09950625761812,20260414-142232,0.0,0.0
476.1261118445042,3.1816992895461795,-176.05857716413993,-149.6452268160189,0,0,1.2,-176.05857716413993,20260414-142232,0.0,0.0
471.1380629711054,3.148525877732841,-176.01678139718354,-149.63766577340562,0,0,1.2,-176.01678139718354,20260414-142232,0.0,0.0
466.15027017064494,3.1153559050919757,-175.97409118039664,-149.6298607195195,0,0,1.2,-175.97409118039664,20260414-142232,0.0,0.0
461.1627417519387,3.0821894837705117,-175.93047753968978,-149.621801054161,0,0,1.2,-175.93047753968978,20260414-142232,0.0,0.0
456.1754863867252,3.049026730844913,-175.88591023808732,-149.61347559596987,0,0,1.2,-175.88591023808732,20260414-142232,0.0,0.0
451.1885131296732,3.015867768595041,-175.84035770628736,-149.60487254381908,0,0,1.2,-175.84035770628736,20260414-142232,0.0,0.0
446.2018314397256,2.982712724796484,-175.79378696859698,-149.59597943518708,0,0,1.2,-175.79378696859698,20260414-142232,0.0,0.0
441.2154512028849,2.9495617330328074,-175.74616356388083,-149.5867831012362,0,0,1.2,-175.74616356388083,20260414-142232,0.0,0.0
436.22938275655537,2.9164149330293534,-175.6974514611274,-149.5772696182957,0,0,1.2,-175.6974514611274,20260414-142232,0.0,0.0
431.24363691556687,2.883272471010314,-175.6476129692015,-149.56742425541793,0,0,1.2,-175.6476129692015,20260414-142232,0.0,0.0
426.2582250000172,2.8501345000810243,-175.59660864031113,-149.5572314176399,0,0,1.2,-175.59660864031113,20260414-142232,0.0,0.0
421.2731588650828,2.8170011806375443,-175.5443971666737,-149.54667458454531,0,0,1.2,-175.5443971666737,20260414-142232,0.0,0.0
416.28845093296223,2.7838726808058682,-175.49093526981645,-149.53573624367624,0,0,1.2,-175.49093526981645,20260414-142232,0.0,0.0
411.30411422713155,2.7507491769132564,-175.4361775818934,-149.52439781829727,0,0,1.2,-175.4361775818934,20260414-142232,0.0,0.0
406.3201624091097,2.71763085399449,-175.3800765183396,-149.51263958895777,0,0,1.2,-175.3800765183396,20260414-142232,0.0,0.0
401.3366098179498,2.684517906336088,-175.32258214111826,-149.50044060823802,0,0,1.2,-175.32258214111826,20260414-142232,0.0,0.0
396.3534715126957,2.6514105380618616,-175.2636420117416,-149.48777860799473,0,0,1.2,-175.2636420117416,20260414-142232,0.0,0.0
391.37076331806554,2.618308963763509,-175.20320103316445,-149.4746298983434,0,0,1.2,-175.20320103316445,20260414-142232,0.0,0.0
386.38850187365216,2.585213409180352,-175.1412012795573,-149.4609692575274,0,0,1.2,-175.1412012795573,20260414-142232,0.0,0.0
381.4067046869592,2.5521241119327245,-175.077581812864,-149.44676981172353,0,0,1.2,-175.077581812864,20260414-142232,0.0,0.0
376.42539019062633,2.5190413223140493,-175.0122784849347,-149.43200290372104,0,0,1.2,-175.0122784849347,20260414-142232,0.0,0.0
371.4445778042335,2.4859653041471224,-174.94522372389608,-149.4166379492845,0,0,1.2,-174.94522372389608,20260414-142232,0.0,0.0
366.46428800111653,2.4528963357107814,-174.87634630327952,-149.40064227986437,0,0,1.2,-174.87634630327952,20260414-142232,0.0,0.0
661.4947532989021,3.683293843787671,-3.8524854069806906,179.59326118240458,0,0,3.0,-93.85248540698066,20260414-142232,0.0,0.0
44.847615789195636,1.862322816643803,-82.31155223009716,24.08154772544647,0,0,3.0,-172.31155223009713,20260414-142232,0.0,0.0
46.0359494523064,0.981161408321902,-74.8904248776596,46.91985341233764,0,0,3.0,-164.89042487765957,20260414-142232,0.0,0.0
47.95110678571778,0.7096631611034905,-67.95205253643962,67.56882618953509,0,0,3.0,-157.95205253643962,20260414-142232,0.0,0.0
50.510480516179115,0.5905807041609511,-61.630953706721414,85.52680465227913,0,0,3.0,-151.6309537067214,20260414-142232,0.0,0.0
53.62190449783847,0.5324645633287609,-55.98065001017358,100.70511390019126,0,0,3.0,-145.98065001017355,20260414-142232,0.0,0.0
55.958097197593396,0.5116517388848547,-127.41598861857787,-109.36755012218683,0,0,3.0,142.58401138142213,20260414-142232,0.0,0.0
52.52912184660343,0.5474818734077997,-122.21092772367373,-95.94677814561425,0,0,3.0,147.78907227632627,20260414-142232,0.0,0.0
49.59141701923136,0.6210375358523511,-116.33541000388132,-79.85252767559206,0,0,3.0,153.66458999611868,20260414-142232,0.0,0.0
47.23672979764063,0.7747599451303163,-109.79887635452494,-60.96950428909345,0,0,3.0,160.20112364547506,20260414-142232,0.0,0.0
45.55555555555557,1.15294924554184,-102.68038349181981,-39.51219512195117,0,0,3.0,167.3196165081802,20260414-142232,0.0,0.0
44.62408141323819,2.7657064471879362,-95.14276455788422,-16.134785909260266,0,0,3.0,174.85723544211578,20260414-142232,0.0,0.0
44.489421686231324,5.498079561042505,-87.42342816973115,8.091811184666737,0,0,3.0,-177.42342816973115,20260414-142232,0.0,0.0
45.158705052019705,1.4161865569272973,-79.7960262782683,31.887539696747748,0,0,3.0,-169.79602627826833,20260414-142232,0.0,0.0
46.59730294743795,0.8616304134822652,-72.5155726767793,54.08038321107505,0,0,3.0,-162.5155726767793,20260414-142232,0.0,0.0
48.73713822102514,0.6598079561042525,-65.77225468204585,73.86564191918363,0,0,3.0,-155.77225468204585,20260414-142232,0.0,0.0
51.490859790600794,0.5665189405930147,-59.67236588086615,90.88991753162169,0,0,3.0,-149.67236588086615,20260414-142232,0.0,0.0
54.76594418044219,0.5207133058984912,-54.246112745563266,105.17485065211368,0,0,3.0,-144.24611274556327,20260414-142232,0.0,0.0
54.76594418044219,0.5207133058984914,-125.75388725443673,-105.17485065211362,0,0,3.0,144.24611274556327,20260414-142232,0.0,0.0
51.490859790600794,0.5665189405930151,-120.32763411913385,-90.88991753162162,0,0,3.0,149.67236588086615,20260414-142232,0.0,0.0
48.73713822102514,0.6598079561042529,-114.22774531795415,-73.86564191918357,0,0,3.0,155.77225468204585,20260414-142232,0.0,0.0
46.59730294743795,0.8616304134822663,-107.4844273232207,-54.08038321107499,0,0,3.0,162.5155726767793,20260414-142232,0.0,0.0
45.158705052019705,1.4161865569273,-100.20397372173167,-31.887539696747687,0,0,3.0,169.79602627826833,20260414-142232,0.0,0.0
44.489421686231324,5.498079561042551,-92.57657183026885,-8.09181118466667,0,0,3.2,177.42342816973115,20260414-142232,0.0,0.0
176.26400653565094,4.175940860215051,-69.40590977969123,-42.20941158792506,0,0,2.4,-69.40590977969123,20260414-142232,0.0,0.0
174.89711261195822,4.394971264367814,-70.63265245222377,-39.79482506061754,0,0,2.4,-70.63265245222377,20260414-142232,0.0,0.0
173.61163555476344,4.651388888888887,-71.87813975209865,-37.32468724975507,0,0,2.4,-71.87813975209865,20260414-142232,0.0,0.0
172.40939649566667,4.954166666666664,-73.14160123226172,-34.80088743394451,0,0,2.4,-73.14160123226172,20260414-142232,0.0,0.0
171.29214809792072,5.315398550724637,-74.42217422568898,-32.22564525750733,0,0,2.4,-74.42217422568898,20260414-142232,0.0,0.0
170.26156348395253,5.7517857142857105,-75.71890426402918,-29.601513676191704,0,0,2.4,-75.71890426402918,20260414-142232,0.0,0.0
169.31922513406445,6.287061403508769,-77.03074654397129,-26.931377676631005,0,0,2.4,-77.03074654397129,20260414-142232,0.0,0.0
168.46661390317072,6.956127450980387,-78.35656850123833,-24.218448424119554,0,0,2.4,-78.35656850123833,20260414-142232,0.0,0.0
167.70509831248424,7.8124999999999964,-79.69515353123397,-21.466252583997992,0,0,2.4,-79.69515353123397,20260414-142232,0.0,0.0
167.0359242797788,8.942628205128198,-81.04520587114875,-18.678616671549776,0,0,2.4,-81.04520587114875,20260414-142232,0.0,0.0
166.4602054546371,10.495833333333323,-82.40535663140857,-15.859646410922169,0,0,2.4,-82.40535663140857,20260414-142232,0.0,0.0
165.97891432347663,12.754166666666652,-83.77417093557423,-13.013701221050127,0,0,2.6,-83.77417093557423,20260414-142232,0.0,0.0
165.59287424282482,16.322023809523785,-85.15015609821718,-10.145364090585542,0,0,2.6,-85.15015609821718,20260414-142232,0.0,0.0
165.3027525481654,22.770833333333282,-86.53177074108285,-7.259407248226858,0,0,2.6,-86.53177074108285,20260414-142232,0.0,0.0
165.10905486980417,37.86249999999988,-87.91743472026913,-4.360754172857172,0,0,2.6,-87.91743472026913,20260414-142232,0.0,0.0
165.01212076693034,113.45416666666553,-89.30553971245023,-1.4544386126579631,0,0,2.6,-89.30553971245023,20260414-142232,0.0,0.0
165.01212076693034,113.45416666666782,-90.69446028754977,1.4544386126579338,0,0,2.6,-90.69446028754977,20260414-142232,0.0,0.0
165.10905486980417,37.86250000000013,-92.08256527973089,4.360754172857144,0,0,2.6,-92.08256527973089,20260414-142232,0.0,0.0
165.3027525481654,22.77083333333338,-93.46822925891715,7.259407248226828,0,0,2.6,-93.46822925891715,20260414-142232,0.0,0.0
165.59287424282482,16.32202380952383,-94.84984390178282,10.145364090585511,0,0,2.6,-94.84984390178282,20260414-142232,0.0,0.0
165.97891432347663,12.754166666666677,-96.22582906442578,13.0137012210501,0,0,2.8,-96.22582906442578,20260414-142232,0.0,0.0
166.4602054546371,10.49583333333334,-97.59464336859145,15.859646410922142,0,0,2.8,-97.59464336859145,20260414-142232,0.0,0.0
167.0359242797788,8.942628205128212,-98.95479412885126,18.678616671549747,0,0,2.8,-98.95479412885126,20260414-142232,0.0,0.0
404.9999999999999,6.749999999999998,120.0,-60.0,0,0,2.4,119.99999999999999,20260414-142232,0.0,0.0
402.99999999999994,6.716666666666666,15.0,-60.0,0,0,2.4,14.999999999999993,20260414-142232,0.0,0.0
400.9999999999999,6.683333333333332,15.0,-60.0,0,0,2.4,14.99999999999999,20260414-142232,0.0,0.0
398.99999999999983,6.649999999999997,14.999999999999972,-60.0,0,0,2.4,14.999999999999982,20260414-142232,0.0,0.0
396.9999999999998,6.616666666666663,14.999999999999972,-60.0,0,0,2.4,14.99999999999998,20260414-142232,0.0,0.0
394.9999999999997,6.583333333333329,14.999999999999972,-60.0,0,0,2.4,14.999999999999977,20260414-142232,0.0,0.0
392.9999999999996,6.549999999999993,14.999999999999972,-60.00000000000001,0,0,2.4,14.999999999999973,20260414-142232,0.0,0.0
390.99999999999955,6.516666666666659,14.999999999999972,-60.00000000000001,0,0,2.4,14.99999999999997,20260414-142232,0.0,0.0
388.9999999999995,6.483333333333324,14.999999999999972,-60.00000000000001,0,0,2.4,14.999999999999964,20260414-142232,0.0,0.0
386.99999999999943,6.44999999999999,14.999999999999972,-60.0,0,0,2.4,14.999999999999961,20260414-142232,0.0,0.0
384.9999999999994,6.416666666666656,14.999999999999943,-60.0,0,0,2.4,14.999999999999957,20260414-142232,0.0,0.0
382.9999999999993,6.383333333333322,14.999999999999943,-60.0,0,0,2.4,14.999999999999952,20260414-142232,0.0,0.0
380.99999999999926,6.349999999999988,14.999999999999943,-60.0,0,0,2.4,14.999999999999948,20260414-142232,0.0,0.0
378.9999999999992,6.316666666666654,14.999999999999943,-59.99999999999999,0,0,2.4,14.999999999999945,20260414-142232,0.0,0.0
376.99999999999915,6.283333333333319,75.00000000000006,-60.0,0,0,2.6,75.00000000000007,20260414-142232,0.0,0.0
374.9999999999991,6.249999999999985,75.00000000000006,-60.0,0,0,2.6,75.00000000000007,20260414-142232,0.0,0.0
372.99999999999903,6.216666666666651,75.00000000000006,-60.0,0,0,2.6,75.00000000000007,20260414-142232,0.0,0.0
370.999999999999,6.183333333333316,75.00000000000009,-60.00000000000001,0,0,2.8,75.00000000000009,20260414-142232,0.0,0.0
368.9999999999989,6.149999999999982,75.00000000000009,-60.0,0,0,2.8,75.00000000000009,20260414-142232,0.0,0.0
366.99999999999886,6.116666666666648,75.00000000000009,-60.0,0,0,2.8,75.00000000000009,20260414-142232,0.0,0.0
364.99999999999875,6.083333333333312,75.00000000000011,-60.00000000000001,0,0,3.0,75.0000000000001,20260414-142232,0.0,0.0
362.9999999999987,6.049999999999977,75.00000000000011,-60.000000000000014,0,0,3.0,75.0000000000001,20260414-142232,0.0,0.0
360.99999999999864,6.0166666666666435,75.00000000000011,-60.00000000000001,0,0,3.0,75.0000000000001,20260414-142232,0.0,0.0
358.9999999999986,5.9833333333333085,75.00000000000011,-60.00000000000001,0,0,2.9,75.0000000000001,20260414-142232,0.0,0.0
356.9999999999985,5.949999999999974,75.00000000000011,-60.00000000000001,0,0,2.9,75.0000000000001,20260414-142232,0.0,0.0
354.99999999999847,5.916666666666641,75.00000000000011,-60.0,0,0,2.8,75.00000000000011,20260414-142232,0.0,0.0
352.9999999999984,5.883333333333305,75.00000000000011,-60.000000000000014,0,0,2.8,75.00000000000011,20260414-142232,0.0,0.0
350.99999999999835,5.849999999999972,75.00000000000011,-60.0,0,0,2.8,75.00000000000011,20260414-142232,0.0,0.0
348.9999999999983,5.816666666666638,75.00000000000011,-60.0,0,0,2.7,75.00000000000013,20260414-142232,0.0,0.0
346.99999999999824,5.783333333333304,75.00000000000011,-60.0,0,0,2.7,75.00000000000013,20260414-142232,0.0,0.0
344.9999999999982,5.749999999999969,75.00000000000011,-60.00000000000001,0,0,2.7,75.00000000000013,20260414-142232,0.0,0.0
342.9999999999981,5.716666666666636,75.00000000000014,-60.0,0,0,2.6,75.00000000000014,20260414-142232,0.0,0.0
340.99999999999807,5.683333333333301,75.00000000000014,-60.0,0,0,2.6,75.00000000000014,20260414-142232,0.0,0.0
338.99999999999795,5.649999999999965,75.00000000000017,-60.00000000000001,0,0,2.6,75.00000000000016,20260414-142232,0.0,0.0
336.9999999999979,5.61666666666663,75.00000000000017,-60.00000000000002,0,0,2.5,75.00000000000016,20260414-142232,0.0,0.0
334.99999999999784,5.583333333333297,75.00000000000017,-60.00000000000001,0,0,2.5,75.00000000000017,20260414-142232,0.0,0.0
332.9999999999978,5.5499999999999625,75.00000000000017,-60.00000000000001,0,0,2.5,75.00000000000017,20260414-142232,0.0,0.0
330.9999999999977,5.516666666666628,75.00000000000017,-60.00000000000001,0,0,2.5,75.00000000000017,20260414-142232,0.0,0.0
328.99999999999767,5.483333333333293,75.00000000000017,-60.00000000000001,0,0,2.5,75.00000000000018,20260414-142232,0.0,0.0
326.9999999999976,5.449999999999959,75.00000000000017,-60.000000000000014,0,0,2.5,75.00000000000018,20260414-142232,0.0,0.0
324.99999999999756,5.416666666666626,75.0000000000002,-60.0,0,0,2.5,75.0000000000002,20260414-142232,0.0,0.0
322.9999999999975,5.383333333333292,75.0000000000002,-60.0,0,0,2.5,75.0000000000002,20260414-142232,0.0,0.0
320.99999999999744,5.349999999999957,75.00000000000023,-60.0,0,0,2.5,75.00000000000021,20260414-142232,0.0,0.0
318.9999999999974,5.316666666666622,75.00000000000023,-60.000000000000014,0,0,2.5,75.00000000000021,20260414-142232,0.0,0.0
316.9999999999973,5.283333333333289,75.00000000000023,-60.0,0,0,2.5,75.00000000000021,20260414-142232,0.0,0.0
314.99999999999727,5.249999999999955,75.00000000000023,-60.0,0,0,2.5,75.00000000000021,20260414-142232,0.0,0.0
312.9999999999972,5.216666666666621,75.00000000000023,-60.0,0,0,2.5,75.00000000000023,20260414-142232,0.0,0.0
310.9999999999971,5.183333333333285,75.00000000000023,-60.00000000000001,0,0,2.5,75.00000000000023,20260414-142232,0.0,0.0
130.0,130000000.0,-90.0,-1.8369701987210297e-14,0,0,4.0,-90.0,20260414-142232,0.0,0.0
125.0,0.8333333333333334,-90.0,-150.0,0,0,4.0,-90.0,20260414-142232,0.0,0.0
120.0,0.8,-90.0,-150.0,0,0,4.0,-90.0,20260414-142232,0.0,0.0
115.0,0.7666666666666667,-90.0,-150.0,0,0,4.0,-90.0,20260414-142232,0.0,0.0
110.0,0.7333333333333333,-90.0,-150.0,0,0,4.0,-90.0,20260414-142232,0.0,0.0
105.0,0.7,-90.0,-150.0,0,0,4.0,-90.0,20260414-142232,0.0,0.0
100.0,0.6666666666666666,-90.0,-150.0,0,0,4.0,-90.0,20260414-142232,0.0,0.0
95.0,0.6333333333333333,-90.0,-150.0,0,0,4.0,-90.0,20260414-142232,0.0,0.0
90.0,0.6,-90.0,-150.0,0,0,4.0,-90.0,20260414-142232,0.0,0.0
85.0,0.5666666666666667,-90.0,-150.0,0,0,4.0,-90.0,20260414-142232,0.0,0.0
80.0,0.5333333333333333,-90.0,-150.0,0,0,4.0,-90.0,20260414-142232,0.0,0.0
75.0,0.5,-90.0,-150.0,0,0,4.2,-90.0,20260414-142232,0.0,0.0
70.0,0.4666666666666667,-90.0,-150.0,0,0,4.2,-90.0,20260414-142232,0.0,0.0
65.0,0.43333333333333335,-90.0,-150.0,0,0,4.2,-90.0,20260414-142232,0.0,0.0
60.0,0.4,-90.0,-150.0,0,0,4.2,-90.0,20260414-142232,0.0,0.0
55.0,0.36666666666666664,-90.0,-150.0,0,0,4.1,-90.0,20260414-142232,0.0,0.0
50.0,0.3333333333333333,-90.0,-150.0,0,0,4.1,-90.0,20260414-142232,0.0,0.0
45.0,0.3,-90.0,-150.0,0,0,4.1,-90.0,20260414-142232,0.0,0.0
40.0,0.26666666666666666,-90.0,-150.0,0,0,4.1,-90.0,20260414-142232,0.0,0.0
35.0,0.601997333046602,-90.0,-58.139792452021666,0,0,4.3,-90.0,20260414-142232,0.0,0.0
32.993641924681185,0.5481514380135208,-90.0,-60.19074225956397,0,0,4.3,-90.0,20260414-142232,0.0,0.0
30.98728384936237,0.5148181046801872,-90.0,-60.19074225956397,0,0,4.3,-90.0,20260414-142232,0.0,0.0
28.980925774043556,0.4814847713468536,-90.0,-60.19074225956397,0,0,4.3,-90.0,20260414-142232,0.0,0.0
26.97456769872474,0.44815143801352,-90.0,-60.19074225956397,0,0,4.3,-90.0,20260414-142232,0.0,0.0
24.968209623405926,0.41481810468018643,-90.0,-60.19074225956397,0,0,4.3,-90.0,20260414-142232,0.0,0.0
22.96185154808711,0.3814847713468528,-90.0,-60.19074225956396,0,0,4.3,-90.0,20260414-142232,0.0,0.0
20.955493472768296,0.3481514380135192,-90.0,-60.19074225956397,0,0,4.3,-90.0,20260414-142232,0.0,0.0
18.94913539744948,0.3148181046801856,-90.0,-60.19074225956397,0,0,4.3,-90.0,20260414-142232,0.0,0.0
16.942777322130667,0.281484771346852,-90.0,-60.19074225956397,0,0,4.3,-90.0,20260414-142232,0.0,0.0
14.936419246811852,0.2481514380135184,-90.0,-60.19074225956397,0,0,4.3,-90.0,20260414-142232,0.0,0.0
12.930061171493037,0.21481810468018483,-90.0,-60.19074225956397,0,0,4.3,-90.0,20260414-142232,0.0,0.0
10.923703096174222,0.1814847713468512,-90.0,-60.190742259563976,0,0,4.3,-90.0,20260414-142232,0.0,0.0
8.917345020855407,0.14815143801351763,-90.0,-60.19074225956397,0,0,4.3,-90.0,20260414-142232,0.0,0.0
6.910986945536592,0.11481810468018402,-90.0,-60.19074225956397,0,0,4.3,-90.0,20260414-142232,0.0,0.0
4.904628870217778,0.08148477134685042,-90.0,-60.190742259563976,0,0,4.3,-90.0,20260414-142232,0.0,0.0
2.8982707948989628,0.04815143801351684,-90.0,-60.19074225956397,0,0,4.3,-90.0,20260414-142232,0.0,0.0
0.891912719580148,0.016613850609910125,-90.0,-53.68488862227544,0,0,4.3,-90.0,20260414-142232,0.0,0.0
1.1144453557386669,0.018515228653150355,90.0,60.190742259563976,0,0,4.3,90.0,20260414-142232,0.0,0.0
3.1208034310574817,0.05184856198648395,90.0,60.19074225956397,0,0,4.3,90.0,20260414-142232,0.0,0.0
5.1271615063762965,0.08518189531981755,90.0,60.19074225956397,0,0,4.3,90.0,20260414-142232,0.0,0.0
7.133519581695111,0.11851522865315114,90.0,60.19074225956397,0,0,4.3,90.0,20260414-142232,0.0,0.0
9.139877657013926,0.15184856198648475,90.0,60.19074225956397,0,0,4.3,90.0,20260414-142232,0.0,0.0
11.146235732332741,0.18518189531981835,90.0,60.19074225956397,0,0,4.3,90.0,20260414-142232,0.0,0.0
13.152593807651556,0.21851522865315193,90.0,60.19074225956397,0,0,4.3,90.0,20260414-142232,0.0,0.0
15.15895188297037,0.25184856198648553,90.0,60.19074225956397,0,0,4.3,90.0,20260414-142232,0.0,0.0
17.165309958289185,0.2851818953198192,90.0,60.19074225956396,0,0,4.3,90.0,20260414-142232,0.0,0.0
19.171668033608,0.3185152286531527,90.0,60.190742259563976,0,0,4.3,90.0,20260414-142232,0.0,0.0
21.178026108926815,0.35184856198648634,90.0,60.19074225956397,0,0,4.3,90.0,20260414-142232,0.0,0.0
43.41444119335052,0.6539149585760231,-61.691065298621,66.3915706835803,0,0,12.6,-61.691065298621,20260414-142232,0.0,0.0
45.81209823456864,1.7192656890739748,-56.54571624389682,26.646316811710353,0,0,12.8,-56.54571624389682,20260414-142232,0.0,0.0
43.45169021702205,0.6525516299709851,-118.39998632060849,-66.5873598675312,0,0,12.8,-118.39998632060849,20260414-142232,0.0,0.0
41.43595385175703,0.7664902998236337,-112.71441235316722,-54.05933233765812,0,0,12.8,-112.71441235316722,20260414-142232,0.0,0.0
39.8670630477012,1.0017117958294444,-106.51570258895309,-39.79893539607387,0,0,12.8,-106.51570258895309,20260414-142232,0.0,0.0
38.799261797737636,1.612910052910059,-99.89392066973538,-24.055440492626904,0,0,12.8,-99.89392066973538,20260414-142232,0.0,0.0
38.27451203614409,5.231922398589141,-92.99530328760271,-7.315573343837311,0,0,12.8,-92.99530328760271,20260414-142232,0.0,0.0
38.31513255511522,3.9322751322750853,-86.00908690157017,9.743756798865531,0,0,12.8,-86.00908690157017,20260414-142232,0.0,0.0
38.91935314702336,1.4753727753727686,-79.13918537836263,26.37933530879338,0,0,12.8,-79.13918537836263,20260414-142232,0.0,0.0
40.06168083848879,0.9553203997648418,-72.57013718233212,41.93533483462745,0,0,12.8,-72.57013718233212,20260414-142232,0.0,0.0
41.69791420901911,0.7451640211640198,-66.44055910310261,55.958034774522325,0,0,12.8,-66.44055910310261,20260414-142232,0.0,0.0
43.77270134131605,0.641534391534391,-60.832386620422156,68.23126229697931,0,0,13.0,-60.832386620422156,20260414-142232,0.0,0.0
46.22702966452573,0.5870709537376201,-55.775187392283456,78.74181028752787,0,0,13.0,-55.775187392283456,20260414-142232,0.0,0.0
49.003905110198986,0.5593282723717505,-51.25903630512221,87.61206527680967,0,0,13.2,-51.259036305122216,20260414-142232,0.0,0.0
52.051731153242024,0.5477188779075574,-47.24913144502477,95.0336628017908,0,0,13.4,-47.24913144502477,20260414-142232,0.0,0.0
55.325746914117126,0.5465961199294533,-43.69804732742111,101.21869676143652,0,0,13.4,-43.698047327421115,20260414-142232,0.0,0.0
58.78817383382521,0.5526731422253811,-40.55431164650432,106.37060016542524,0,0,13.4,-40.55431164650431,20260414-142232,0.0,0.0
62.40766018192572,0.7080375880960692,-37.76762129172235,88.1417331949021,0,0,13.6,-37.76762129172234,20260414-142232,0.0,0.0
65.4485245114562,0.6950273817134959,-34.555773383581965,94.16682886665807,0,0,13.6,-34.55577338358196,20260414-142232,0.0,0.0
68.67648833733995,0.6910117998958454,-31.63737134219201,99.38540607800242,0,0,13.6,-31.63737134219202,20260414-142232,0.0,0.0
72.06641463434298,0.6936038860555345,-28.987168415027895,103.90139975163413,0,0,13.6,-28.9871684150279,20260414-142232,0.0,0.0
75.59651820307228,0.7011926319450476,-26.579712504456126,107.8113413618938,0,0,13.5,-26.579712504456136,20260414-142232,0.0,0.0
79.24806867605027,0.7126513712220298,-24.39053767520946,111.20173464362867,0,0,13.5,-24.39053767520947,20260414-142232,0.0,0.0
83.00503955555146,0.7271684850009901,-22.396837951427415,114.14829061993584,0,0,13.5,-22.3968379514274,20260414-142232,0.0,0.0
86.85375163245104,0.7441444769139148,-20.57778571725831,116.71624842617568,0,0,13.5,-20.577785717258312,20260414-142232,0.0,0.0
89.2905541047466,1.3127021626660986,-9.314206358776687,68.02042126859718,0,0,13.5,-9.314206358776687,20260414-142232,0.0,0.0
91.57353388103026,1.3281791439238977,-8.255509412732465,68.94667357182749,0,0,13.5,-8.25550941273246,20260414-142232,0.0,0.0
93.88625276777512,1.3449645199307452,-7.24864077804412,69.80574682565567,0,0,13.5,-7.248640778044122,20260414-142232,0.0,0.0
96.22656653064045,1.3629195673475023,-6.290463899704918,70.60326143670785,0,0,13.7,-6.290463899704913,20260414-142232,0.0,0.0
98.5925101108793,1.3819245043728616,-5.378029012988804,71.34435332675578,0,0,13.7,-5.378029012988818,20260414-142232,0.0,0.0
100.98228205897682,1.401875364566645,-4.508568220514036,72.03370899537349,0,0,13.7,-4.508568220514048,20260414-142232,0.0,0.0
103.39423013834241,1.422681470034931,-3.6794888478321752,72.67560048828342,0,0,13.7,-3.67948884783217,20260414-142232,0.0,0.0
105.8268380806548,1.444263374064455,-2.888365658457957,73.27391941182877,0,0,13.7,-2.888365658457969,20260414-142232,0.0,0.0
108.27871345091144,1.466551174508591,-2.132932376336612,73.83220942644108,0,0,13.7,-2.132932376336602,20260414-142232,0.0,0.0
110.74857656515005,1.4894831222504135,-1.4110728563604198,74.3536968702428,0,0,13.7,-1.4110728563604213,20260414-142232,0.0,0.0
103.99270632981052,0.7987109020524648,158.43557737742407,-130.20068470654175,0,0,13.7,158.43557737742407,20260414-142232,0.0,0.0
99.66744357947323,0.7708478868332995,157.44950092842396,-129.29586405031802,0,0,13.7,157.449500928424,20260414-142232,0.0,0.0
95.37437394338326,0.7435691709190314,156.37430944162327,-128.26563778256582,0,0,13.7,156.37430944162327,20260414-142232,0.0,0.0
91.11804791627553,0.7169736519257465,155.19822166170843,-127.08702428818428,0,0,13.7,155.19822166170846,20260414-142232,0.0,0.0
86.90386448604352,0.6911838810044801,153.9074822100141,-125.731902717043,0,0,13.7,153.90748221001414,20260414-142232,0.0,0.0
82.73826336526592,0.6663535841394728,152.48599024220096,-124.165706217539,0,0,13.7,152.48599024220096,20260414-142232,0.0,0.0
78.62896630598136,0.6426782482831753,150.91486499726568,-122.34577180109581,0,0,13.7,150.9148649972657,20260414-142232,0.0,0.0
74.58528015332351,0.6204103355223559,149.17194827655624,-120.21927405597822,0,0,13.7,149.17194827655626,20260414-142232,0.0,0.0
70.6184766495845,0.5998816712731321,147.23125490670066,-117.72067731242817,0,0,13.7,147.23125490670066,20260414-142232,0.0,0.0
66.74226568390995,0.5815372897375107,145.06240360490528,-114.76867754092862,0,0,13.7,145.06240360490528,20260414-142232,0.0,0.0
62.973378252170114,0.5659882149938149,142.63009956730684,-111.26270226820586,0,0,13.7,142.63009956730681,20260414-142232,0.0,0.0
59.33227000474292,0.5540968083665497,139.89380725908939,-107.07924880428665,0,0,13.9,139.8938072590894,20260414-142232,0.0,0.0
55.84394071782627,0.547120811637227,136.80786128558634,-102.06875616870896,0,0,13.9,136.80786128558634,20260414-142232,0.0,0.0
52.53883060586741,0.5469692776056355,133.32242798691192,-96.05444539016298,0,0,13.9,133.32242798691192,20260414-142232,0.0,0.0
49.453688270173735,0.5566868615868082,129.3859486262417,-88.83573815485505,0,0,13.9,129.3859486262417,20260414-142232,0.0,0.0
46.63219275533336,0.5814457231969477,124.94991533707417,-80.20042266187255,0,0,13.9,124.94991533707417,20260414-142232,0.0,0.0
44.12494843479328,0.630797153993401,119.97688936592158,-69.95108991131386,0,0,13.8,119.97688936592158,20260414-142232,0.0,0.0
41.988287689918046,0.7245506016284997,114.45222171752653,-57.95080094550357,0,0,13.8,114.45222171752654,20260414-142232,0.0,0.0
40.281224999309984,0.9116003289381315,108.39849439841731,-44.18737435761039,0,0,13.8,108.39849439841733,20260414-142232,0.0,0.0
39.060125797471564,1.3542600388648036,101.88905305762091,-28.84241185334935,0,0,13.7,101.88905305762088,20260414-142232,0.0,0.0
38.37141283220006,3.1111464807617244,95.05411703271403,-12.333528192734052,0,0,13.7,95.05411703271403,20260414-142232,0.0,0.0
38.24385929426457,8.121976422013741,88.07257939345658,4.708688785479445,0,0,13.7,88.07257939345658,20260414-142232,0.0,0.0
38.68301669021486,1.7954819497704921,81.14755682918229,21.54464248173563,0,0,13.7,81.14755682918229,20260414-142232,0.0,0.0
39.67006859518814,1.058496405619643,74.47265503679182,37.47775465705555,0,0,13.9,74.4726550367918,20260414-142232,0.0,0.0
41.16562230786726,0.791844090923006,68.20196904157922,51.987029744558576,0,0,13.9,68.2019690415792,20260414-142232,0.0,0.0
43.1167964162063,0.6655152515234165,62.43433234784288,64.7870898788699,0,0,13.9,62.434332347842876,20260414-142232,0.0,0.0
45.464968513733055,0.5997146012134064,57.21370039762712,75.81100813911067,0,0,14.1,57.21370039762713,20260414-142232,0.0,0.0
43.7574199977724,0.6420307046071305,119.13174321708976,-68.15471547353535,0,0,14.1,119.13174321708976,20260414-142232,0.0,0.0
41.685384512867564,0.7461207262515775,113.51991422368582,-55.86949007875711,0,0,14.1,113.51991422368583,20260414-142232,0.0,0.0
40.05229474905703,0.9573757494841868,107.38704427891452,-41.83550165192333,0,0,14.1,107.3870442789145,20260414-142232,0.0,0.0
38.91345400887229,1.48126250667319,100.81544940147876,-26.27046444068117,0,0,14.1,100.81544940147877,20260414-142232,0.0,0.0
38.312961862683665,3.9786370844608587,93.944110241857,-9.629669921974152,0,0,14.1,93.94411024185702,20260414-142232,0.0,0.0
38.276164202253106,5.151565226695579,86.95779914145862,7.430006710175147,0,0,14.1,86.95779914145862,20260414-142232,0.0,0.0
38.80466468016168,1.6058025687510171,80.06044612019184,24.165277497559178,0,0,14.3,80.06044612019184,20260414-142232,0.0,0.0
39.87599292051908,0.9993941065423665,73.44107961057838,39.90016817137259,0,0,14.7,73.44107961057838,20260414-142232,0.0,0.0
41.44807809067079,0.7654380595465542,67.24558334741707,54.14948678567753,0,0,14.7,67.24558334741707,20260414-142232,0.0,0.0
43.466620514815226,0.6520103803384304,61.56363676558186,66.66553451534557,0,0,14.6,61.56363676558187,20260414-142232,0.0,0.0
45.79481092428711,0.5938799311874913,123.4215352161657,-77.11122824561221,0,0,14.6,123.42153521616568,20260414-142232,0.0,0.0
43.39957231961885,0.654464399859699,118.27247032956478,-66.31311394313067,0,0,14.6,118.2724703295648,20260414-142232,0.0,0.0
41.39367829773047,0.7702128292360421,112.57421316816806,-53.74316906508554,0,0,14.6,112.57421316816804,20260414-142232,0.0,0.0
39.835987298694306,1.0099356105512267,106.36428821900063,-39.44408621946866,0,0,14.6,106.36428821900063,20260414-142232,0.0,0.0
38.78054564679333,1.6383387464497017,99.7341049107946,-23.670651585840353,0,0,14.6,99.7341049107946,20260414-142232,0.0,0.0
38.26893143033738,5.53423731133146,92.83113056049115,-6.914942254460427,0,0,14.6,92.83113056049116,20260414-142232,0.0,0.0
38.32293126226467,3.778299035875827,85.8453193126233,10.14290581512462,0,0,14.6,85.84531931262329,20260414-142232,0.0,0.0
38.94019213871725,1.455164585914364,78.98051594604868,26.759991629571495,0,0,15.0,78.98051594604867,20260414-142232,0.0,0.0
40.09470816234639,0.9482196839589228,72.42043067195897,42.28419726001312,0,0,15.0,72.42043067195897,20260414-142232,0.0,0.0
41.7419242129875,0.7418503313226601,66.30240301088696,56.26731221992578,0,0,15.0,66.30240301088698,20260414-142232,0.0,0.0
43.82632093773573,0.6398138961347688,60.707038334624315,68.49854497143379,0,0,15.0,60.70703833462432,20260414-142232,0.0,0.0
46.2888769838672,0.5861673751974845,55.66280867727869,78.96870235787534,0,0,15.0,55.66280867727868,20260414-142232,0.0,0.0
49.07269519267636,0.5588985368753995,51.15903952050951,87.80251146661456,0,0,15.0,51.15903952050951,20260414-142232,0.0,0.0
52.12632971996598,0.5475882257208187,47.16050480907734,95.1925685607089,0,0,15.0,47.16050480907735,20260414-142232,0.0,0.0
55.40518605899136,0.5466662479531408,43.61959987422432,101.35102773665403,0,0,15.0,43.61959987422433,20260414-142232,0.0,0.0
58.8716450419372,0.5528845434750416,40.48483155499315,106.48090227285364,0,0,15.0,40.48483155499316,20260414-142232,0.0,0.0
62.494496503386614,0.5642213185330472,37.70596508150612,110.76238073717205,0,0,15.0,37.705965081506136,20260414-142232,0.0,0.0
66.24808791229609,0.5793522527949436,35.236717313324846,114.34854631650838,0,0,15.0,35.23671731332485,20260414-142232,0.0,0.0
65.77489031143037,0.577297608502101,-144.47158801496016,-113.93584408238718,0,0,15.0,-144.47158801496016,20260414-142232,0.0,0.0
62.03632911545615,0.5625825860931224,-141.96618535810714,-110.27061741507136,0,0,15.0,-141.96618535810714,20260414-142232,0.0,0.0
58.431426649682635,0.5517993808979824,-139.1456718426224,-105.89251940550027,0,0,15.0,-139.1456718426224,20260414-142232,0.0,0.0
54.986477120005134,0.5463405115132488,-135.96318732512097,-100.64506651301421,0,0,15.0,-135.96318732512097,20260414-142232,0.0,0.0
51.73344437958881,0.5483440970438876,-132.36815284634298,-94.34485509825456,0,0,15.0,-132.36815284634298,20260414-142232,0.0,0.0
48.71079371390621,0.5612700029506621,-128.30921816998597,-86.78673981831894,0,0,15.0,-128.30921816998597,20260414-142232,0.0,0.0
45.96399826665427,0.5911078887946785,-123.73977989516506,-77.75906757119914,0,0,15.2,-123.73977989516506,20260414-142232,0.0,0.0
43.54529141745207,0.6492065832180316,-118.62693185895421,-67.07463008400777,0,0,15.2,-118.62693185895421,20260414-142232,0.0,0.0
41.51206123718995,0.7599949207553973,-112.96405462405295,-54.621498254131765,0,0,15.2,-112.96405462405295,20260414-142232,0.0,0.0
39.92324645172468,0.9874531823309178,-106.78549510708338,-40.430520824779215,0,0,15.2,-106.78549510708338,20260414-142232,0.0,0.0
38.833433300258704,1.5695880129823232,-100.17891809008584,-24.74116327282123,0,0,15.2,-100.17891809008584,20260414-142232,0.0,0.0
38.28525867852654,4.767462540565275,-93.28834472404763,-8.030531619863988,0,0,15.2,-93.28834472404763,20260414-142232,0.0,0.0
38.30198529884969,4.241448184217089,-86.30168982410919,9.030402738709794,0,0,15.2,-86.30168982410919,20260414-142232,0.0,0.0
38.88288414123185,1.5130653970996062,-79.42294204908231,25.69808563183483,0,0,15.2,-79.42294204908231,20260414-142232,0.0,0.0
40.00338530678593,0.9683651238275127,-72.8380811971388,41.31022929519653,0,0,15.2,-72.8380811971388,20260414-142232,0.0,0.0
41.61992970226462,0.7512172276318876,-66.68799007756597,55.40332166431528,0,0,15.2,-66.68799007756597,20260414-142232,0.0,0.0
43.677474931539685,0.336488925510031,-61.05698603997945,129.80360309135233,0,0,16.4,-61.056986039979456,20260414-142232,0.0,0.0
46.53123906108428,1.0165588967824886,-122.45649535469049,-45.77328397632478,0,0,16.4,-122.45649535469049,20260414-142232,0.0,0.0
45.21408521418868,1.3670738744180628,-116.95034283832007,-33.07362247225699,0,0,16.4,-116.95034283832007,20260414-142232,0.0,0.0
44.33700934042317,2.2833911303432295,-111.17078603761763,-19.41717682583738,0,0,16.4,-111.17078603761763,20260414-142232,0.0,0.0
43.92638040005508,8.52243766409022,-105.22119834807543,-5.1542037772997045,0,0,16.4,-105.22119834807543,20260414-142232,0.0,0.0
43.99526105330698,4.743046928087776,-99.22522640371757,9.27573808995482,0,0,16.4,-99.22522640371757,20260414-142232,0.0,0.0
44.54142675698246,1.9029080156592428,-93.31234658176302,23.407030918176854,0,0,16.4,-93.31234658176302,20260414-142232,0.0,0.0
45.547711273425705,1.2370299707237995,-87.60168359642472,36.820216446959044,0,0,16.4,-87.60168359642472,20260414-142232,0.0,0.0
46.984560328343875,0.9549995522471669,-82.18887849991458,49.19851555719225,0,0,16.4,-82.18887849991458,20260414-142232,0.0,0.0
48.813967453475186,0.8088089353610071,-77.13923150552671,60.352903286964015,0,0,16.4,-77.13923150552671,20260414-142232,0.0,0.0
50.99370088698014,0.7262435151478525,-72.48750153105915,70.2157056460581,0,0,16.4,-72.48750153105915,20260414-142232,0.0,0.0
53.480942811934234,0.6785706917852498,-68.24248158562149,78.81410656158958,0,0,16.4,-68.24248158562149,20260414-142232,0.0,0.0
86.90283131363684,0.9413597966116719,-133.16902913226392,92.31627654636907,0,0,4.0,46.8309708677361,20260414-142232,0.0,0.0
90.07380078941756,0.9205964746651426,-130.5545483053944,97.84286956147749,0,0,4.0,49.445451694605595,20260414-142232,0.0,0.0
93.41937330767725,0.9087392199578815,-128.1225563737728,102.80108006343896,0,0,4.0,51.87744362622722,20260414-142232,0.0,0.0
96.9214695099536,0.9037559627600261,-125.86248142929782,107.24296547262627,0,0,4.0,54.13751857070219,20260414-142232,0.0,0.0
100.56373808168027,0.9041891402495237,-123.7630439810388,111.21980303139705,0,0,4.0,56.23695601896119,20260414-142232,0.0,0.0
104.33149957790762,0.9089660686195961,-121.81277658955284,114.780411700462,0,0,4.0,58.18722341044715,20260414-142232,0.0,0.0
108.21164638619685,0.9172797727241657,-120.0003929923171,117.97016526901773,0,0,4.0,59.999607007682904,20260414-142232,0.0,0.0
111.59677414692584,2.0337448559670888,-160.20112364547523,54.87255386018381,0,0,4.0,19.798876354524772,20260414-142232,0.0,0.0
113.53959661721531,1.8420267489712017,-157.6363339845267,61.63840817220966,0,0,4.0,22.363666015473314,20260414-142232,0.0,0.0
115.70203109712449,1.7003200731595856,-155.1626039907862,68.04720647808593,0,0,4.0,24.837396009213798,20260414-142232,0.0,0.0
118.07201192492639,1.5936213991769599,-152.7838884426927,74.090378044563,0,0,4.0,27.216111557307308,20260414-142232,0.0,0.0
120.63730766226487,1.5123830901608721,-150.5025387916318,79.76636901529538,0,0,4.0,29.497461208368208,20260414-142232,0.0,0.0
123.38573661489382,1.450240054869687,-148.3194862870415,85.07952611057952,0,0,4.0,31.680513712958493,20260414-142232,0.0,0.0
126.30534430498157,1.4027856916745824,-146.23444400714223,90.03894540313135,0,0,4.0,33.76555599285776,20260414-142232,0.0,0.0
129.3845431262944,1.3668724279835407,-144.2461127455634,94.65736558690202,0,0,4.0,35.75388725443659,20260414-142232,0.0,0.0
132.6122166318018,1.3401920438957489,-142.35237935989252,98.95015959527474,0,0,4.0,37.64762064010748,20260414-142232,0.0,0.0
130.15673753330776,1.086790634782674,39.00975056017387,-119.7624762007038,0,0,4.0,-140.99024943982613,20260414-142232,0.0,0.0
126.16703699598352,1.0547557995101762,38.65767450768715,-119.61729630173632,0,0,4.0,-141.34232549231282,20260414-142232,0.0,0.0
122.18241149581613,1.0228092411157703,38.282619631397836,-119.45767263749866,0,0,4.0,-141.71738036860216,20260414-142232,0.0,0.0
118.20337427110769,0.990960278466714,37.88229595354926,-119.28164714533318,0,0,4.2,-142.11770404645077,20260414-142232,0.0,0.0
114.23050929928371,0.9592195899181343,37.454104133558985,-119.0869228484302,0,0,4.2,-142.54589586644101,20260414-142232,0.0,0.0
110.26448374715893,0.9275994706089735,36.9950824565434,-118.87079201842339,0,0,4.2,-143.00491754345657,20260414-142232,0.0,0.0
106.3060631047767,0.8961141504916534,36.50184279404482,-118.63004623512732,0,0,4.2,-143.4981572059552,20260414-142232,0.0,0.0
102.3561296904177,0.8647801905056781,35.97049284234447,-118.36086304262497,0,0,4.2,-144.02950715765553,20260414-142232,0.0,0.0
98.41570541901332,0.8336169802528471,35.3965411921198,-118.05866213181325,0,0,4.2,-144.60345880788023,20260414-142232,0.0,0.0
94.48598000019878,0.8026473688667896,34.7747807992165,-117.71792154953172,0,0,4.2,-145.22521920078353,20260414-142232,0.0,0.0
90.56834610187752,0.7718984726068994,34.099145133426816,-117.3319410725156,0,0,4.2,-145.90085486657318,20260414-142232,0.0,0.0
86.66444351760727,0.741402719761692,33.36252957886035,-116.89253520065814,0,0,4.4,-146.63747042113965,20260414-142232,0.0,0.0
82.77621506422702,0.7111992184059707,32.556568412856166,-116.3896316558889,0,0,4.4,-147.44343158714383,20260414-142232,0.0,0.0
78.90597788543869,0.6813355697115462,31.671354730439305,-115.81074200902903,0,0,4.4,-148.3286452695607,20260414-142232,0.0,0.0
75.05651515565503,0.6518703058641535,30.695086800060835,-115.14025793237533,0,0,4.4,-149.30491319993916,20260414-142232,0.0,0.0
71.2311950210044,0.6228762188821916,29.613619300606445,-114.35850793731585,0,0,4.3,-150.38638069939356,20260414-142232,0.0,0.0
67.4341262009467,0.5944449848000007,28.40989148884381,-113.4404830139743,0,0,4.3,-151.5901085111562,20260414-142232,0.0,0.0
63.670363312970075,0.5666937120875745,27.063196521415705,-112.35410232173307,0,0,4.3,-152.9368034785843,20260414-142232,0.0,0.0
59.9461800941608,0.5397744180996752,25.548247307496354,-111.05783839331765,0,0,4.3,-154.45175269250367,20260414-142232,0.0,0.0
56.269435814774894,0.5138880839775064,23.833985958537085,-109.49745201182343,0,0,4.3,-156.16601404146292,20260414-142232,0.0,0.0
52.650069909736466,0.489306094715156,21.882080374361067,-107.60150032544783,0,0,4.3,-158.1179196256389,20260414-142232,0.0,0.0
49.100772617574556,0.46640402622532345,19.645062897942466,-105.2751903000374,0,0,4.3,-160.35493710205756,20260414-142232,0.0,0.0
45.63789475141175,0.4457169556666449,17.064114823568673,-102.39209922618399,0,0,4.3,-162.93588517643133,20260414-142232,0.0,0.0
42.28267444940858,0.9146145498265763,14.066634197610483,-46.23004790097202,0,0,4.5,-165.93336580238955,20260414-142232,0.0,0.0
40.008437146124564,0.5890118061749028,12.815439298445654,-67.9246777852265,0,0,4.5,-167.18456070155435,20260414-142232,0.0,0.0
37.75557175238113,0.5616129269516233,11.414190868046035,-67.2270347431539,0,0,4.5,-168.58580913195394,20260414-142232,0.0,0.0
197.99999999999994,2.6399999999999992,36.0,-75.0,0,0,2.6,36.00000000000001,20260414-142232,0.0,0.0
195.49999999999994,2.606666666666666,72.0,-75.0,0,0,2.6,72.00000000000001,20260414-142232,0.0,0.0
192.99999999999997,2.573333333333333,72.00000000000003,-75.0,0,0,2.6,72.00000000000003,20260414-142232,0.0,0.0
190.49999999999994,2.539999999999999,-36.00000000000003,-75.0,0,0,2.6,-36.00000000000003,20260414-142232,0.0,0.0
187.99999999999994,2.506666666666666,-144.0,-75.0,0,0,2.6,-144.0,20260414-142232,0.0,0.0
185.49999999999994,2.4733333333333327,-144.0,-75.0,0,0,2.6,-144.0,20260414-142232,0.0,0.0
182.99999999999991,2.439999999999999,-36.00000000000003,-75.0,0,0,2.8,-36.00000000000003,20260414-142232,0.0,0.0
180.49999999999991,2.4066666666666654,-144.0,-75.0,0,0,2.8,-144.0,20260414-142232,0.0,0.0
177.99999999999991,2.373333333333332,-144.0,-75.0,0,0,2.8,-144.0,20260414-142232,0.0,0.0
175.4999999999999,2.339999999999998,-36.00000000000003,-75.00000000000001,0,0,2.8,-36.00000000000003,20260414-142232,0.0,0.0
172.9999999999999,2.306666666666665,-144.0,-75.00000000000001,0,0,2.8,-144.0,20260414-142232,0.0,0.0
170.4999999999999,2.2733333333333317,-144.0,-75.0,0,0,2.8,-144.0,20260414-142232,0.0,0.0
167.99999999999986,2.239999999999998,-36.00000000000003,-75.0,0,0,2.8,-36.000000000000036,20260414-142232,0.0,0.0
165.49999999999986,2.2066666666666648,-144.0,-75.0,0,0,2.8,-144.0,20260414-142232,0.0,0.0
162.99999999999986,2.1733333333333316,-144.0,-75.0,0,0,2.8,-144.0,20260414-142232,0.0,0.0
160.49999999999983,2.1399999999999975,-36.00000000000006,-75.00000000000001,0,0,2.8,-36.00000000000004,20260414-142232,0.0,0.0
157.99999999999983,2.1066666666666642,-144.0,-75.0,0,0,2.8,-144.0,20260414-142232,0.0,0.0
155.49999999999983,2.073333333333331,-143.99999999999997,-75.0,0,0,2.8,-143.99999999999997,20260414-142232,0.0,0.0
152.9999999999998,2.0399999999999974,-36.00000000000006,-75.0,0,0,3.0,-36.00000000000005,20260414-142232,0.0,0.0
150.4999999999998,2.006666666666664,-143.99999999999997,-75.0,0,0,3.0,-143.99999999999997,20260414-142232,0.0,0.0
147.9999999999998,1.9733333333333307,-143.99999999999997,-75.0,0,0,3.0,-143.99999999999997,20260414-142232,0.0,0.0
145.49999999999977,1.939999999999997,-36.00000000000006,-75.0,0,0,3.0,-36.00000000000006,20260414-142232,0.0,0.0
142.99999999999977,1.9066666666666636,-143.99999999999997,-75.0,0,0,3.0,-143.99999999999997,20260414-142232,0.0,0.0
140.49999999999977,1.8733333333333306,-143.99999999999997,-74.99999999999999,0,0,3.0,-143.99999999999997,20260414-142232,0.0,0.0
137.99999999999974,1.8399999999999963,-36.00000000000006,-75.00000000000001,0,0,2.9,-36.00000000000007,20260414-142232,0.0,0.0
135.49999999999974,1.8066666666666629,-143.99999999999997,-75.00000000000001,0,0,2.9,-143.99999999999997,20260414-142232,0.0,0.0
132.99999999999974,1.7733333333333299,-143.99999999999997,-75.0,0,0,2.9,-143.99999999999997,20260414-142232,0.0,0.0
130.49999999999972,1.7399999999999958,-36.000000000000085,-75.00000000000001,0,0,2.9,-36.00000000000008,20260414-142232,0.0,0.0
127.99999999999972,1.7066666666666628,-36.000000000000085,-75.0,0,0,2.9,-36.000000000000085,20260414-142232,0.0,0.0
125.4999999999997,1.6733333333333293,-36.000000000000085,-75.0,0,0,2.9,-36.000000000000085,20260414-142232,0.0,0.0
122.99999999999969,1.639999999999996,-36.000000000000085,-75.0,0,0,2.9,-36.00000000000009,20260414-142232,0.0,0.0
120.49999999999969,1.6066666666666622,-143.99999999999994,-75.00000000000001,0,0,2.9,-143.99999999999994,20260414-142232,0.0,0.0
117.99999999999967,1.5733333333333286,-36.000000000000085,-75.00000000000001,0,0,2.9,-36.00000000000009,20260414-142232,0.0,0.0
115.49999999999966,1.5399999999999954,-36.000000000000114,-75.0,0,0,2.9,-36.0000000000001,20260414-142232,0.0,0.0
112.99999999999966,1.5066666666666622,-143.99999999999994,-75.0,0,0,2.9,-143.99999999999994,20260414-142232,0.0,0.0
110.49999999999964,1.4733333333333285,-36.000000000000114,-75.0,0,0,2.9,-36.00000000000011,20260414-142232,0.0,0.0
107.99999999999963,1.439999999999995,-36.000000000000114,-75.0,0,0,2.9,-36.000000000000114,20260414-142232,0.0,0.0
105.49999999999963,1.406666666666662,-36.000000000000114,-74.99999999999999,0,0,2.9,-36.000000000000114,20260414-142232,0.0,0.0
102.99999999999962,1.3733333333333282,-36.000000000000114,-75.0,0,0,2.8,-36.00000000000012,20260414-142232,0.0,0.0
100.4999999999996,1.3399999999999948,-36.000000000000114,-75.0,0,0,3.0,-36.00000000000013,20260414-142232,0.0,0.0
97.99999999999959,1.306666666666661,-36.00000000000014,-75.0,0,0,3.0,-36.000000000000135,20260414-142232,0.0,0.0
95.49999999999959,1.2733333333333279,-36.00000000000014,-75.0,0,0,3.0,-36.00000000000014,20260414-142232,0.0,0.0
92.99999999999957,1.2399999999999942,-36.00000000000014,-75.0,0,0,3.0,-36.00000000000015,20260414-142232,0.0,0.0
90.49999999999956,1.2066666666666608,-36.00000000000014,-75.0,0,0,3.0,-36.00000000000015,20260414-142232,0.0,0.0
87.99999999999956,1.1733333333333276,-36.00000000000017,-75.0,0,0,3.0,-36.000000000000156,20260414-142232,0.0,0.0
85.49999999999955,1.139999999999994,-36.00000000000017,-75.0,0,0,3.0,-36.00000000000016,20260414-142232,0.0,0.0
82.99999999999953,1.1066666666666602,-36.00000000000017,-75.00000000000001,0,0,3.0,-36.00000000000017,20260414-142232,0.0,0.0
80.49999999999953,1.073333333333327,-36.00000000000017,-75.0,0,0,3.0,-36.000000000000185,20260414-142232,0.0,0.0
77.99999999999952,1.0399999999999936,-36.0000000000002,-75.0,0,0,3.0,-36.00000000000019,20260414-142232,0.0,0.0
75.4999999999995,1.00666666666666,-36.0000000000002,-75.0,0,0,3.0,-36.000000000000206,20260414-142232,0.0,0.0
72.9999999999995,0.9733333333333268,-36.00000000000023,-74.99999999999999,0,0,3.0,-36.00000000000021,20260414-142232,0.0,0.0
70.49999999999949,0.9399999999999932,-36.00000000000023,-75.0,0,0,3.0,-36.00000000000022,20260414-142232,0.0,0.0
67.99999999999947,0.9066666666666596,-36.00000000000023,-75.0,0,0,3.0,-36.000000000000234,20260414-142232,0.0,0.0
65.49999999999947,0.8733333333333265,-36.000000000000256,-74.99999999999999,0,0,3.0,-36.00000000000025,20260414-142232,0.0,0.0
62.99999999999946,0.8399999999999926,-36.000000000000256,-75.00000000000001,0,0,3.0,-36.00000000000026,20260414-142232,0.0,0.0
60.499999999999446,0.8066666666666591,-36.000000000000284,-75.00000000000001,0,0,3.0,-36.00000000000027,20260414-142232,0.0,0.0
57.99999999999944,0.7733333333333259,-36.000000000000284,-75.0,0,0,3.0,-36.00000000000029,20260414-142232,0.0,0.0
55.49999999999943,0.7399999999999924,-36.00000000000031,-75.0,0,0,3.0,-36.000000000000306,20260414-142232,0.0,0.0
52.99999999999942,0.7066666666666589,-36.00000000000034,-75.0,0,0,3.0,-36.00000000000033,20260414-142232,0.0,0.0
50.49999999999941,0.6733333333333255,-36.00000000000034,-75.0,0,0,3.0,-36.00000000000035,20260414-142232,0.0,0.0
47.9999999999994,0.6399999999999921,-36.00000000000037,-74.99999999999999,0,0,3.0,-36.00000000000037,20260414-142232,0.0,0.0
45.49999999999939,0.6066666666666584,-36.0000000000004,-75.00000000000001,0,0,3.0,-36.00000000000039,20260414-142232,0.0,0.0
42.99999999999938,0.5733333333333251,-36.000000000000426,-75.0,0,0,3.0,-36.000000000000426,20260414-142232,0.0,0.0
40.499999999999375,0.5399999999999918,-36.000000000000455,-74.99999999999999,0,0,3.0,-36.000000000000455,20260414-142232,0.0,0.0
37.99999999999936,0.5066666666666582,-36.00000000000048,-75.0,0,0,3.0,-36.00000000000049,20260414-142232,0.0,0.0
35.49999999999935,1.2211945898945165,-36.00000000000054,-29.069896226010755,0,0,3.2,-36.00000000000053,20260414-142232,0.0,0.0
32.9999999999994,0.4399999999999921,-143.99999999999963,-74.99999999999999,0,0,3.2,-143.99999999999963,20260414-142232,0.0,0.0
30.499999999999392,0.40666666666665857,-143.9999999999996,-75.0,0,0,3.2,-143.9999999999996,20260414-142232,0.0,0.0
27.999999999999382,0.3733333333333251,-143.99999999999955,-75.0,0,0,3.2,-143.99999999999955,20260414-142232,0.0,0.0
25.49999999999937,0.33999999999999164,-143.9999999999995,-75.0,0,0,3.2,-143.9999999999995,20260414-142232,0.0,0.0
22.99999999999936,0.30666666666665815,-143.9999999999994,-75.0,0,0,3.2,-143.9999999999994,20260414-142232,0.0,0.0
20.499999999999353,0.27333333333332477,-143.99999999999935,-74.99999999999999,0,0,3.2,-143.99999999999935,20260414-142232,0.0,0.0
17.999999999999343,0.23999999999999125,-143.9999999999992,-75.0,0,0,3.2,-143.9999999999992,20260414-142232,0.0,0.0
15.499999999999332,0.20666666666665776,-143.9999999999991,-75.0,0,0,3.2,-143.9999999999991,20260414-142232,0.0,0.0
12.999999999999323,0.17333333333332432,-143.9999999999989,-75.0,0,0,3.2,-143.9999999999989,20260414-142232,0.0,0.0
10.499999999999313,0.13999999999999083,-143.9999999999986,-75.0,0,0,3.2,-143.9999999999986,20260414-142232,0.0,0.0
7.999999999999304,0.1066666666666574,-143.99999999999812,-74.99999999999999,0,0,3.2,-143.99999999999812,20260414-142232,0.0,0.0
5.499999999999294,0.07333333333332392,-143.99999999999721,-75.0,0,0,3.2,-143.99999999999721,20260414-142232,0.0,0.0
2.999999999999284,0.03999999999999045,-143.99999999999483,-75.0,0,0,3.2,-143.99999999999483,20260414-142232,0.0,0.0
0.49999999999927464,0.013333333333333334,-143.99999999996854,-37.499999999945594,0,0,3.2,-143.99999999996854,20260414-142232,0.0,0.0
1.9999999999991884,0.02666666666665584,108.00000000003382,75.00000000000001,0,0,3.2,108.00000000003382,20260414-142232,0.0,0.0
4.499999999999178,0.05999999999998905,108.00000000001523,75.0,0,0,3.2,108.00000000001522,20260414-142232,0.0,0.0
4.152511749680089,0.21089432963316448,-0.4411384517592296,-19.690011376328062,0,0,3.2,-0.4411384517592223,20260414-142232,0.0,0.0
4.17351113777888,0.2001901679918352,-33.54240435308921,20.847732831460025,0,0,3.1,-33.5424043530892,20260414-142232,0.0,0.0
5.3707032302268605,0.11277078058100438,-58.519033984497355,47.62495393360366,0,0,3.1,-58.51903398449735,20260414-142232,0.0,0.0
6.882323105531534,0.14342187163737588,-94.7612696057629,47.98656597462778,0,0,3.1,-94.7612696057629,20260414-142232,0.0,0.0
8.661450139108755,0.15023031747505475,-106.4486793724058,57.65447537276862,0,0,3.0,-106.4486793724058,20260414-142232,0.0,0.0
10.674699987694993,0.17045924076715396,-113.95322048069895,62.62318158671464,0,0,3.0,-113.95322048069895,20260414-142232,0.0,0.0
12.42688213383305,0.41291672663692697,-35.9999999999996,-30.09537112978198,0,0,3.0,-35.99999999999959,20260414-142232,0.0,0.0
11.423703096173647,0.3795833933035935,-35.99999999999946,-30.095371129781984,0,0,3.0,-35.99999999999946,20260414-142232,0.0,0.0
10.420524058514243,0.34625005997026004,-35.99999999999932,-30.09537112978198,0,0,3.0,-35.999999999999304,20260414-142232,0.0,0.0
9.417345020854837,0.3129167266369265,-35.99999999999912,-30.09537112978198,0,0,3.0,-35.99999999999912,20260414-142232,0.0,0.0
8.414165983195433,0.279583393303593,-35.99999999999889,-30.095371129781977,0,0,3.0,-35.99999999999889,20260414-142232,0.0,0.0
7.410986945536028,0.24625005997025945,-35.99999999999861,-30.095371129781984,0,0,3.0,-35.99999999999861,20260414-142232,0.0,0.0
6.407807907876625,0.212916726636926,-35.99999999999824,-30.095371129781977,0,0,3.0,-35.999999999998224,20260414-142232,0.0,0.0
5.40462887021722,0.1795833933035925,-35.9999999999977,-30.09537112978198,0,0,3.0,-35.9999999999977,20260414-142232,0.0,0.0
4.401449832557815,0.14625005997025894,-35.99999999999693,-30.095371129781984,0,0,3.0,-35.99999999999693,20260414-142232,0.0,0.0
3.398270794898411,0.1129167266369255,-35.99999999999574,-30.095371129781977,0,0,3.0,-35.99999999999572,20260414-142232,0.0,0.0
2.3950917572390065,0.07958339330359196,-35.99999999999349,-30.095371129781984,0,0,3.0,-35.9999999999935,20260414-142232,0.0,0.0
1.3919127195796022,0.046250059970258474,-35.99999999998806,-30.09537112978198,0,0,3.0,-35.99999999998806,20260414-142232,0.0,0.0
0.38873368192019786,0.03322770121982026,-35.999999999954554,-11.699084428034974,0,0,3.0,-35.99999999995456,20260414-142232,0.0,0.0
0.6144453557392066,0.03322770121982025,143.99999999996953,18.491961019942337,0,0,3.0,143.99999999996956,20260414-142232,0.0,0.0
1.617624393398611,0.053749940029742024,143.99999999998778,30.09537112978198,0,0,3.0,143.99999999998778,20260414-142232,0.0,0.0
2.6208034310580155,0.08708327336307553,143.99999999999204,30.09537112978198,0,0,3.0,143.99999999999207,20260414-142232,0.0,0.0
3.62398246871742,0.12041660669640904,143.99999999999397,30.095371129781977,0,0,3.0,143.99999999999397,20260414-142232,0.0,0.0
4.627161506376824,0.15374994002974254,143.99999999999505,30.095371129781977,0,0,3.0,143.99999999999505,20260414-142232,0.0,0.0
5.630340544036229,0.1870832733630761,143.99999999999574,30.095371129781974,0,0,3.0,143.99999999999574,20260414-142232,0.0,0.0
6.633519581695633,0.22041660669640953,143.99999999999625,30.09537112978198,0,0,3.0,143.99999999999622,20260414-142232,0.0,0.0
7.6366986193550375,0.25374994002974305,143.9999999999966,30.09537112978198,0,0,3.0,143.9999999999966,20260414-142232,0.0,0.0
8.639877657014441,0.28708327336307643,143.99999999999687,30.095371129781988,0,0,3.0,143.99999999999687,20260414-142232,0.0,0.0
9.643056694673847,0.3204166066964101,143.9999999999971,30.095371129781977,0,0,3.0,143.9999999999971,20260414-142232,0.0,0.0
8.499999999995245,0.08947368421047626,45.00000000000705,-95.0,0,0,3.0,45.00000000000705,20260414-142232,0.0,0.0
5.333333333328566,0.0561403508771428,45.00000000001165,-95.0,0,0,3.0,45.00000000001166,20260414-142232,0.0,0.0
2.1666666666618877,0.022807017543809347,45.00000000002976,-94.99999999999999,0,0,3.0,45.000000000029765,20260414-142232,0.0,0.0
0.9999999999956799,0.010526315789473684,-180.0,94.99999999958959,0,0,3.0,180.0,20260414-142232,0.0,0.0
4.166666666662309,0.04385964912276114,-180.0,95.0,0,0,3.0,180.0,20260414-142232,0.0,0.0
7.333333333328937,0.07719298245609407,-180.0,95.0,0,0,3.0,180.0,20260414-142232,0.0,0.0
10.499999999995566,0.11052631578942701,-180.0,95.0,0,0,3.0,180.0,20260414-142232,0.0,0.0
13.666666666662195,0.14385964912275995,-180.0,95.0,0,0,3.0,180.0,20260414-142232,0.0,0.0
16.833333333328824,0.17719298245609288,-180.0,95.0,0,0,3.0,180.0,20260414-142232,0.0,0.0
19.67484707126789,0.6537499400297451,143.99999999999807,30.09537112978198,0,0,3.0,143.99999999999804,20260414-142232,0.0,0.0
20.678026108927295,0.6870832733630785,143.99999999999807,30.095371129781984,0,0,3.0,143.9999999999981,20260414-142232,0.0,0.0
21.6812051465867,0.720416606696412,143.99999999999818,30.09537112978198,0,0,3.0,143.99999999999815,20260414-142232,0.0,0.0
22.684384184246102,0.7537499400297455,143.99999999999818,30.09537112978198,0,0,3.0,143.99999999999818,20260414-142232,0.0,0.0
23.687563221905506,0.7870832733630789,143.99999999999818,30.095371129781984,0,0,3.0,143.99999999999818,20260414-142232,0.0,0.0
536.4932432006949,2.9080575903005803,-175.72415888737106,-184.48508206649453,0,0,1.0,-175.72415888737106,20260414-142232,0.0,0.0
472.8615312940753,2.5652026628680322,-4.8525268879547525,184.33690957009654,0,0,1.0,-4.852526887954753,20260414-142232,0.0,0.0
479.00637898791183,2.598298857516734,-4.790130722363244,184.35384274683148,0,0,1.0,-4.7901307223632354,20260414-142232,0.0,0.0
485.15178037393605,2.631401101204616,-4.729315226449756,184.37013656026852,0,0,1.0,-4.729315226449755,20260414-142232,0.0,0.0
491.2977146745589,2.6645091653941204,-4.670021219285701,184.38582274566457,0,0,1.0,-4.670021219285702,20260414-142232,0.0,0.0
497.4441621372637,2.6976228329169496,-4.612192431493895,184.40093109657417,0,0,1.0,-4.612192431493885,20260414-142232,0.0,0.0
499.6038430596785,2.7092586562466074,-4.592212010919781,-184.40610751866234,0,0,1.0,-4.592212010919781,20260414-142232,0.0,0.0
493.45721980509893,2.6761430695351396,-4.649538836255402,-184.3911954568315,0,0,1.0,-4.649538836255402,20260414-142232,0.0,0.0
487.3111030041395,2.6430330124221677,-4.708311768609406,-184.3757155940896,0,0,1.0,-4.708311768609404,20260414-142232,0.0,0.0
481.16551206419604,2.609928698249866,-4.768586096954266,-184.35963878509406,0,0,1.0,-4.768586096954253,20260414-142232,0.0,0.0
475.020467395295,2.5768303514782396,-4.830419958289951,-184.34293399361428,0,0,1.0,-4.830419958289947,20260414-142232,0.0,0.0
468.87599047556756,2.543738208418908,-4.893874522958612,-184.3255681436665,0,0,1.0,-4.8938745229586065,20260414-142232,0.0,0.0
462.732103921913,2.51065251802779,-4.959014194581584,-184.3075059568204,0,0,1.0,-4.959014194581582,20260414-142232,0.0,0.0
456.5888315663352,2.477573542762257,-5.02590682597949,-184.28870977419402,0,0,1.0,-5.02590682597948,20260414-142232,0.0,0.0
450.44619853849133,2.4445015595089896,-5.094623952581657,-184.2691393614694,0,0,1.0,-5.0946239525816575,20260414-142232,0.0,0.0
444.3042313550482,2.4114368605894043,-174.83475895500425,-184.24875169505836,0,0,1.0,-174.83475895500425,20260414-142232,0.0,0.0
438.1629580165101,2.3783797548503443,-174.76216221740776,-184.22750072730955,0,0,1.0,-174.76216221740776,20260414-142232,0.0,0.0
432.0224081122544,2.3453305688485866,-174.68750164983368,-184.20533712838227,0,0,1.2,-174.68750164983368,20260414-142232,0.0,0.0
425.8826129345975,2.3122896481387056,-174.6106882400266,-184.18220800210509,0,0,1.2,-174.6106882400266,20260414-142232,0.0,0.0
419.7436056028068,2.2792573586749905,-174.53162779830146,-184.1580565727856,0,0,1.1,-174.53162779830146,20260414-142232,0.0,0.0
413.6054211980842,2.2462340883393526,-174.45022057678128,-184.13282183953672,0,0,1.1,-174.45022057678128,20260414-142232,0.0,0.0
407.46809691066636,2.213220248608659,-174.36636085464545,-184.10643819422,0,0,1.1,-174.36636085464545,20260414-142232,0.0,0.0
401.3316722003277,2.180216276376545,-174.27993648580758,-184.07883499857596,0,0,1.0,-174.27993648580758,20260414-142232,0.0,0.0
395.19618897172825,2.147222635946673,-174.1908284050062,-184.04993611549423,0,0,1.0,-174.1908284050062,20260414-142232,0.0,0.0
389.061691766229,2.1142398212165667,-174.09891008779562,-184.0196593886671,0,0,1.0,-174.09891008779562,20260414-142232,0.0,0.0
382.9282279720025,2.081268358073611,-174.00404695935748,-183.9879160640461,0,0,1.0,-174.00404695935748,20260414-142232,0.0,0.0
376.79584805450185,2.048308807027669,-173.9060957464058,-183.95461014556483,0,0,1.0,-173.9060957464058,20260414-142232,0.0,0.0
370.66460580961893,2.015361766108036,-173.8049037657193,-183.91963767647906,0,0,1.0,-173.8049037657193,20260414-142232,0.0,0.0
364.53455864217403,1.9824278740562107,-173.70030814198202,-183.88288593637776,0,0,1.0,-173.70030814198202,20260414-142232,0.0,0.0
358.4057678727347,1.9495078138503514,-173.5921349466387,-183.8442325424025,0,0,1.0,-173.5921349466387,20260414-142232,0.0,0.0
352.278299076171,1.9166023166023178,-173.48019824834302,-183.80354444143478,0,0,1.0,-173.48019824834302,20260414-142232,0.0,0.0
346.1522224558313,1.8837121658740679,-173.36429906427884,-183.76067677792588,0,0,1.0,-173.36429906427884,20260414-142232,0.0,0.0
340.02761325777345,1.8508382024670293,-173.24422420012954,-183.71547161958404,0,0,1.0,-173.24422420012954,20260414-142232,0.0,0.0
333.9045522301248,1.8179813297460365,-173.11974496472627,-183.66775652023318,0,0,1.0,-173.11974496472627,20260414-142232,0.0,0.0
327.78312613339017,1.7851425195687507,-172.99061574337875,-183.61734289572297,0,0,1.0,-172.99061574337875,20260414-142232,0.0,0.0
321.6634283083971,1.7523228189024553,-172.85657241152848,-183.5640241846915,0,0,1.0,-172.85657241152848,20260414-142232,0.0,0.0
315.54555930958713,1.719523357223039,-172.7173305676045,-183.50757376112674,0,0,1.0,-172.7173305676045,20260414-142232,0.0,0.0
309.42962761255524,1.6867453548061928,-172.5725835607287,-183.44774255987724,0,0,1.0,-172.5725835607287,20260414-142232,0.0,0.0
303.3157504061479,1.6539901320389139,-172.42200028511996,-183.38425636931896,0,0,1.0,-172.42200028511996,20260414-142232,0.0,0.0
297.2040544810925,1.6212591199008874,-172.2652227085775,-183.316812737042,0,0,1.0,-172.2652227085775,20260414-142232,0.0,0.0
291.0946772290955,1.5885538717908676,-172.10186309714223,-183.245077424367,0,0,1.0,-172.10186309714223,20260414-142232,0.0,0.0
284.98776776868505,1.55587607690384,-171.93150089178346,-183.16868033333643,0,0,1.0,-171.93150089178346,20260414-142232,0.0,0.0
278.88348821685406,1.52322757540149,-171.75367918553147,-183.08721081506576,0,0,1.0,-171.75367918553147,20260414-142232,0.0,0.0
272.78201512889,1.4906103756628792,-171.5679007406253,-183.00021225035616,0,0,1.0,-171.5679007406253,20260414-142232,0.0,0.0
266.68354113276524,1.4580266739558791,-171.3736234746676,-182.90717577148746,0,0,1.0,-171.3736234746676,20260414-142232,0.0,0.0
260.58827678926804,1.4254788769351892,-171.17025533209093,-182.80753296712368,0,0,1.0,-171.17025533209093,20260414-142232,0.0,0.0
254.49645271485542,1.3929696274523882,-170.95714844197371,-182.7006473790141,0,0,1.0,-170.95714844197371,20260414-142232,0.0,0.0
248.40832201124954,1.3605018342611837,-170.73359244480702,-182.58580455802687,0,0,1.0,-170.73359244480702,20260414-142232,0.0,0.0
242.32416305436854,1.3280787063213864,-170.49880684847184,-182.46220039592117,0,0,1.0,-170.49880684847184,20260414-142232,0.0,0.0
236.24428270565892,1.2957037925541883,-170.25193224650695,-182.32892738544547,0,0,1.0,-170.25193224650695,20260414-142232,0.0,0.0
230.16902002176127,1.2633810280869122,-169.9920201985587,-182.18495838131832,0,0,1.0,-169.9920201985587,20260414-142232,0.0,0.0
224.09875055430396,1.2311147882576472,-169.7180215322201,-182.02912733382314,0,0,1.0,-169.7180215322201,20260414-142232,0.0,0.0
218.03389135127117,1.198909951942613,-169.4287727753869,-181.86010633908523,0,0,1.0,-169.4287727753869,20260414-142232,0.0,0.0
211.9749067958546,1.166771976139472,-169.12298036636224,-181.67637818763984,0,0,1.0,-169.12298036636224,20260414-142232,0.0,0.0
205.92231544929783,1.1347069842119364,-168.79920221211557,-181.47620338506385,0,0,1.0,-168.79920221211557,20260414-142232,0.0,0.0
199.8766981027167,1.1027218708069786,-168.45582606932618,-181.25758035110493,0,0,1.0,-168.45582606932618,20260414-142232,0.0,0.0
193.8387072915122,1.0708244272391914,-168.09104410292233,-181.01819715793073,0,0,1.0,-168.09104410292233,20260414-142232,0.0,0.0
187.8090785878044,1.0390234921570085,-167.70282282600166,-180.75537271819863,0,0,1.0,-167.70282282600166,20260414-142232,0.0,0.0
181.78864406532986,1.0073291336449244,-167.28886743447052,-180.46598474477256,0,0,1.0,-167.28886743447052,20260414-142232,0.0,0.0
175.77834843284268,0.9757528706895807,-166.84657930792923,-180.14638102844341,0,0,1.0,-166.84657930792923,20260414-142232,0.0,0.0
169.77926846349663,0.9443079443079454,-166.37300514010846,-179.79226955241037,0,0,1.0,-166.37300514010846,20260414-142232,0.0,0.0
163.79263651879418,0.9130096518344166,-165.86477576760973,-179.39858159188398,0,0,1.0,-165.86477576760973,20260414-142232,0.0,0.0
157.81986918988102,0.881875762225108,-165.3180322586064,-178.9593001078488,0,0,1.0,-165.3180322586064,20260414-142232,0.0,0.0
151.86260237464666,0.8509270362512691,-164.7283361690414,-178.4672432593896,0,0,1.0,-164.7283361690414,20260414-142232,0.0,0.0
145.92273450166863,0.8201878838458416,-164.09056002753132,-177.91378948130807,0,0,1.0,-164.09056002753132,20260414-142232,0.0,0.0
140.0024801367621,0.7896872027306815,-163.3987530128292,-177.28852595387593,0,0,1.0,-163.3987530128292,20260414-142232,0.0,0.0
134.10443691392175,0.7594594594594598,-162.64597536373867,-176.5787959364805,0,0,1.0,-162.64597536373867,20260414-142232,0.0,0.0
128.23166968854116,0.7295460987663454,-161.8240932158649,-175.7691116509012,0,0,1.0,-161.8240932158649,20260414-142232,0.0,0.0
122.38781711337852,0.6999974037438018,-160.92352317804202,-174.84038720545357,0,0,1.0,-160.92352317804202,20260414-142232,0.0,0.0
116.5772276218645,0.6708749845736149,-159.93291291601582,-173.7689290888629,0,0,1.0,-159.93291291601582,20260414-142232,0.0,0.0
110.80513425729775,0.6422551583841908,-158.8387401831717,-172.52509818070655,0,0,1.0,-158.8387401831717,20260414-142232,0.0,0.0
105.07788116968817,0.6142336161204086,-157.62480807454983,-171.0715245990211,0,0,1.0,-157.62480807454983,20260414-142232,0.0,0.0
99.40321926376426,0.5869319869319869,-156.2716089240474,-169.36071210459178,0,0,1.0,-156.2716089240474,20260414-142232,0.0,0.0
93.79069487131672,0.5605072656153205,-154.75552383881208,-167.3318092823543,0,0,1.0,-154.75552383881208,20260414-142232,0.0,0.0
88.25216396465548,0.5351656741487251,-153.04782106877101,-164.9062490882586,0,0,1.0,-153.04782106877101,20260414-142232,0.0,0.0
82.8024758083959,0.5111835973904938,-151.11341823308922,-161.98187154495682,0,0,1.0,-151.11341823308922,20260414-142232,0.0,0.0
77.46038413996601,0.48894019647788484,-148.90938955081774,-158.42506854203714,0,0,1.0,-148.90938955081774,20260414-142232,0.0,0.0
72.249759707405,0.4689700781113523,-146.38324757093883,-154.0604893138833,0,0,1.0,-146.38324757093883,20260414-142232,0.0,0.0
67.20119046564567,0.45205205205205207,-143.47114463301472,-148.65808076877772,0,0,1.0,-143.47114463301472,20260414-142232,0.0,0.0
62.354051815241036,0.4393665442445932,-140.0963869440259,-141.918069620997,0,0,1.0,-140.0963869440259,20260414-142232,0.0,0.0
57.75907817054474,0.4327927927927932,-136.16913932790723,-133.45665439072565,0,0,1.0,-136.16913932790723,20260414-142232,0.0,0.0
53.481305144882064,0.43551579748762953,-131.58905504464406,-122.79992012551773,0,0,1.0,-131.58905504464406,20260414-142232,0.0,0.0
49.602867300635296,0.45339885339885533,-126.25383773744451,-109.40227777109003,0,0,1.0,-126.25383773744451,20260414-142232,0.0,0.0
749.9999999998599,4.733566746180121,-143.13010235415751,-158.44289099865185,0,0,2.4,-143.13010235415751,20260414-142232,0.0,0.0
673.3343578316114,3.1054637164407017,35.94447312339909,216.8224842772748,0,0,2.4,35.9444731233991,20260414-142232,0.0,0.0
680.5629070325333,3.1378236530508534,36.049024484274156,216.89010673714355,0,0,2.4,36.049024484274156,20260414-142232,0.0,0.0
687.7936747137124,3.170204637859197,143.8486221147017,216.95560800711328,0,0,2.4,143.84862211470167,20260414-142232,0.0,0.0
695.0265916347138,3.2026059954658868,143.74839871683736,217.0190752839103,0,0,2.4,143.74839871683736,20260414-142232,0.0,0.0
702.2615913874956,3.2350270790618025,143.65024011252058,217.08059135973602,0,0,2.4,143.65024011252058,20260414-142232,0.0,0.0
709.4986102540188,3.267467268931525,143.5540837031008,217.14023488474842,0,0,2.4,143.5540837031008,20260414-142232,0.0,0.0
713.0489225348074,4.505086077737103,-37.287400279791,-158.2764258508842,0,0,2.4,-37.287400279791,20260414-142232,0.0,0.0
707.7734722669289,4.472488234666754,-37.350601346274175,-158.25049393778121,0,0,2.4,-37.35060134627418,20260414-142232,0.0,0.0
702.4988961204207,4.439901684553936,-37.41475155759028,-158.22397567143398,0,0,2.4,-37.41475155759028,20260414-142232,0.0,0.0
697.225213933721,4.4073266895045125,-37.479872292170256,-158.19685334288334,0,0,2.4,-37.479872292170256,20260414-142232,0.0,0.0
691.9524461466447,4.374763519798775,-37.54598557020586,-158.16910857354688,0,0,2.4,-37.54598557020587,20260414-142232,0.0,0.0
686.6806138232068,4.342212454212628,-37.6131140777112,-158.14072228479256,0,0,2.4,-37.61311407771122,20260414-142232,0.0,0.0
681.4097386754875,4.3096737803540295,-37.68128119166553,-158.1116746658981,0,0,2.4,-37.68128119166554,20260414-142232,0.0,0.0
676.1398430885914,4.277147795015546,-37.750511006293664,-158.08194514029736,0,0,2.4,-37.75051100629365,20260414-142232,0.0,0.0
670.8709501467646,4.24463480454394,-37.820828360544056,-158.05151233000961,0,0,2.4,-37.82082836054404,20260414-142232,0.0,0.0
665.6030836607275,4.2121351252277455,-37.892258866828115,-158.02035401813922,0,0,2.4,-37.89225886682812,20260414-142232,0.0,0.0
660.3362681962917,4.179649083703853,-37.964828941088,-157.98844710932661,0,0,2.4,-37.964828941088015,20260414-142232,0.0,0.0
655.0705291043319,4.147177017384236,-38.03856583426432,-157.95576758802227,0,0,2.4,-38.03856583426432,20260414-142232,0.0,0.0
649.8058925521857,4.11471927490395,-38.11349766523978,-157.92229047444656,0,0,2.4,-38.11349766523979,20260414-142232,0.0,0.0
644.5423855565627,4.0822762165916675,-38.18965345533934,-157.8879897780894,0,0,2.4,-38.18965345533933,20260414-142232,0.0,0.0
639.2800360180473,4.049848214964116,-38.26706316447195,-157.85283844859154,0,0,2.4,-38.267063164471935,20260414-142232,0.0,0.0
634.018872757283,4.017435655245773,-38.34575772900541,-157.81680832384006,0,0,2.4,-38.3457577290054,20260414-142232,0.0,0.0
628.7589255529377,3.9850389359154272,-38.42576910147045,-157.7798700750967,0,0,2.4,-38.42576910147046,20260414-142232,0.0,0.0
623.5002251815491,3.9526584692811513,-38.50713029219705,-157.74199314896583,0,0,2.4,-38.50713029219704,20260414-142232,0.0,0.0
618.2428034593603,3.9202946820855007,-38.589875412991915,-157.70314570599328,0,0,2.4,-38.589875412991915,20260414-142232,0.0,0.0
612.986693286261,3.8879480161427566,-38.67403972297413,-157.66329455567327,0,0,2.4,-38.674039722974136,20260414-142232,0.0,0.0
607.7319286919596,3.8556189290102383,-38.75965967669208,-157.62240508762318,0,0,2.4,-38.75965967669209,20260414-142232,0.0,0.0
602.4785448845149,3.823307894695807,-38.84677297465407,-157.58044119866778,0,0,2.4,-38.846772974654066,20260414-142232,0.0,0.0
597.2265783013719,3.791015404403881,-38.935418616413045,-157.53736521555572,0,0,2.4,-38.93541861641304,20260414-142232,0.0,0.0
591.9760666630499,3.7587419673224223,-39.02563695635553,-157.49313781300876,0,0,2.4,-39.025636956355534,20260414-142232,0.0,0.0
586.7270490296452,3.726488111453532,-39.11746976235452,-157.4477179267828,0,0,2.4,-39.11746976235451,20260414-142232,0.0,0.0
581.4795658603185,3.6942543844905105,-39.210960277456934,-157.4010626613935,0,0,2.4,-39.21096027745692,20260414-142232,0.0,0.0
576.2336590759536,3.6620413547444515,-39.30615328478811,-157.3531271921327,0,0,2.4,-39.3061532847881,20260414-142232,0.0,0.0
570.9893721251815,3.629849612123645,-39.40309517586772,-157.30386466097252,0,0,2.4,-39.40309517586772,20260414-142232,0.0,0.0
565.7467500539835,3.5976797691693547,-39.50183402254507,-157.25322606592226,0,0,2.4,-39.50183402254506,20260414-142232,0.0,0.0
560.5058395790975,3.5655324621517734,-39.602419652776234,-157.20116014336782,0,0,2.4,-39.602419652776234,20260414-142232,0.0,0.0
555.2666891654696,3.533408352230289,-39.70490373048082,-157.1476132428863,0,0,2.4,-39.70490373048083,20260414-142232,0.0,0.0
550.029349108013,3.5013081266825035,-39.80933983973284,-157.0925291939864,0,0,2.4,-39.80933983973284,20260414-142232,0.0,0.0
544.7938716179501,3.4692325002068065,-39.915783573558116,-157.03584916418086,0,0,2.4,-39.91578357355811,20260414-142232,0.0,0.0
539.56031091404,3.437182216303678,-40.02429262763022,-156.97751150774874,0,0,2.4,-40.02429262763021,20260414-142232,0.0,0.0
534.3287233190113,3.4051580487413564,-40.134926899177714,-156.91745160448997,0,0,2.4,-40.13492689917772,20260414-142232,0.0,0.0
529.0991673615468,3.3731608031119045,-40.24774859143807,-156.8556016877189,0,0,2.4,-40.24774859143806,20260414-142232,0.0,0.0
523.6639762280164,2.4410210467344657,-42.5015800497423,-214.52661251264524,0,0,2.4,-42.50158004974231,20260414-142232,0.0,0.0
516.5156472451159,2.4094354306460426,-42.68190461739954,-214.37206437469146,0,0,2.4,-42.68190461739954,20260414-142232,0.0,0.0
509.37257803566655,2.3779014975930117,-32.521192388666975,-214.21096649767446,0,0,2.4,-32.52119238866697,20260414-142232,0.0,0.0
502.2349930221079,2.346421574516954,-32.33053719703145,-214.04294883603794,0,0,2.4,-32.33053719703144,20260414-142232,0.0,0.0
495.1031293909259,2.3149981301766367,-32.13438707962402,-213.8676152421553,0,0,2.4,-32.13438707962401,20260414-142232,0.0,0.0
487.97723799887905,2.2836337861191245,-31.93250581020112,-213.68454126270487,0,0,2.4,-31.932505810201107,20260414-142232,0.0,0.0
480.85758435621756,2.252331328685366,-31.724643723911782,-213.49327171898952,0,0,2.4,-31.724643723911782,20260414-142232,0.0,0.0
473.7444496944895,2.221093722165892,-31.510536771550335,-213.29331804716423,0,0,2.4,-31.51053677155035,20260414-142232,0.0,0.0
466.6381321273778,2.189924123237243,-31.289905495099163,-213.08415537136173,0,0,2.4,-31.28990549509915,20260414-142232,0.0,0.0
459.53894791396846,2.1588258968269805,-31.062453917078443,-212.8652192793286,0,0,2.4,-31.062453917078432,20260414-142232,0.0,0.0
452.4472328349257,2.1278026335750018,-30.827868335432527,-212.63590226634508,0,0,2.4,-30.82786833543252,20260414-142232,0.0,0.0
445.3633436932608,2.096858169081708,-30.585816014804777,-212.39554980883707,0,0,2.4,-30.585816014804788,20260414-142232,0.0,0.0
438.28765995274966,2.0659966051600764,-30.33594376407862,-212.143456024116,0,0,2.4,-30.335943764078625,20260414-142232,0.0,0.0
431.2205855285996,2.0352223333393287,-30.07787638897554,-211.87885886701451,0,0,2.4,-30.077876388975543,20260414-142232,0.0,0.0
424.1625507467096,2.0045400609034916,-29.811215007293868,-211.6009348077234,0,0,2.3,-29.811215007293875,20260414-142232,0.0,0.0
417.11401448984816,1.9739548397896611,-29.535535213026492,-211.3087929277524,0,0,2.3,-29.535535213026492,20260414-142232,0.0,0.0
410.0754665513107,1.9434720987192093,-29.2503850741015,-211.00146836250408,0,0,2.5,-29.250385074101505,20260414-142232,0.0,0.0
403.0474302191598,1.9130976789918994,-28.95528294682765,-210.677915009308,0,0,2.5,-28.95528294682766,20260414-142232,0.0,0.0
396.030465117038,1.8828378744395307,-28.649715088280857,-210.3369974087256,0,0,2.5,-28.649715088280846,20260414-142232,0.0,0.0
389.02517033081796,1.852699476114149,-28.333133045821597,-209.9774816943108,0,0,2.7,-28.333133045821608,20260414-142232,0.0,0.0
382.032187854089,1.822689822378596,-28.00495080066645,-209.59802549154523,0,0,2.7,-28.004950800666453,20260414-142232,0.0,0.0
375.0522063897206,1.7928168551769876,-27.664541639931997,-209.1971666301047,0,0,2.7,-27.664541639931997,20260414-142232,0.0,0.0
368.0859655495829,1.7630891833933202,-27.311234728810035,-208.77331051464353,0,0,2.7,-27.311234728810042,20260414-142232,0.0,0.0
361.1342605000188,1.7335161543622177,-26.944311351500687,-208.3247159775587,0,0,2.7,-26.944311351500687,20260414-142232,0.0,0.0
354.19794710695,1.7041079347823607,-26.563000786215184,-207.8494794123391,0,0,2.7,-26.56300078621518,20260414-142232,0.0,0.0
347.2779476416773,1.6748756025072842,-26.16647577595549,-207.34551695767922,0,0,2.7,-26.16647577595548,20260414-142232,0.0,0.0
340.37525711662556,1.6458312509586388,-25.753847552885304,-206.81054447007793,0,0,2.7,-25.75384755288529,20260414-142232,0.0,0.0
333.4909503296272,1.6169881082344497,-25.32416036994411,-206.24205498564731,0,0,2.7,-25.324160369944117,20260414-142232,0.0,0.0
326.6261897060038,1.588360673383193,-24.87638548895748,-205.63729332979088,0,0,2.7,-24.87638548895748,20260414-142232,0.0,0.0
319.7822340398579,1.5599648728009632,-24.409414569926128,-204.9932274857442,0,0,2.7,-24.409414569926128,20260414-142232,0.0,0.0
312.9604482498357,1.5318182403059628,-23.92205240153794,-204.30651627919346,0,0,2.7,-23.922052401537936,20260414-142232,0.0,0.0
306.1623142803654,1.5039401251805538,-23.41300890839537,-203.57347287586296,0,0,2.7,-23.413008908395362,20260414-142232,0.0,0.0
299.3894432972478,1.4763519333831567,-22.88089036622057,-202.79002352181527,0,0,2.7,-22.88089036622058,20260414-142232,0.0,0.0
292.643589346697,1.449077408268381,-22.32418975272475,-201.95166088221632,0,0,2.7,-22.32418975272474,20260414-142232,0.0,0.0
285.92666466972975,1.4221429585768586,-21.741276159380163,-201.05339125389838,0,0,2.7,-21.74127615938017,20260414-142232,0.0,0.0
279.2407568893722,1.3955780432491343,-21.130383188675864,-200.08967484129658,0,0,2.7,-21.13038318867588,20260414-142232,0.0,0.0
272.58814831664716,1.3694156248906504,-20.489596263480223,-199.05435819633917,0,0,2.7,-20.489596263480234,20260414-142232,0.0,0.0
265.9713376527684,1.3436927066143316,-19.816838781128524,-197.94059783425456,0,0,2.7,-19.81683878112852,20260414-142232,0.0,0.0
259.393064399307,1.3184509707117198,-19.10985705649162,-196.74077395481962,0,0,2.7,-19.10985705649162,20260414-142232,0.0,0.0
252.85633632495475,1.2937375424223418,-18.36620401784654,-195.44639313126586,0,0,2.7,-18.366204017846538,20260414-142232,0.0,0.0
246.36446037618697,1.2696059083532443,-17.583221649909035,-194.04797879031344,0,0,2.7,-17.583221649909024,20260414-142232,0.0,0.0
239.921077458352,1.2461170273576498,-16.758022223946625,-192.53494831628834,0,0,2.7,-16.75802222394663,20260414-142232,0.0,0.0
233.53020155144566,1.223340682628047,-15.887468420785353,-190.89547569836668,0,0,2.7,-15.887468420785344,20260414-142232,0.0,0.0
227.19626365787065,1.2013571384045776,-14.968152545678578,-189.11633884291152,0,0,2.7,-14.968152545678587,20260414-142232,0.0,0.0
220.92416110305834,1.1802591844875223,-13.99637516333891,-187.18275104885993,0,0,2.7,-13.996375163338904,20260414-142232,0.0,0.0
214.71931271694925,1.1601546787606303,-12.968123658250704,-185.07817677064367,0,0,2.7,-12.968123658250695,20260414-142232,0.0,0.0
208.58772040497388,1.1411697352394585,-11.879051463774346,-182.78413277513417,0,0,2.7,-11.879051463774342,20260414-142232,0.0,0.0
202.53603755727923,1.123452757302129,-10.724459020636203,-180.2799772761708,0,0,2.7,-10.724459020636193,20260414-142232,0.0,0.0
196.57164462510673,1.1071795895972047,-9.499277941263301,-177.5426917837422,0,0,2.7,-9.499277941263303,20260414-142232,0.0,0.0
190.70273198722256,1.0925601681694577,-8.19806039345076,-174.54666346361284,0,0,2.7,-8.198060393450767,20260414-142232,0.0,0.0
184.93838990246775,1.0798472030052617,-6.814976397938011,-171.26348004400637,0,0,2.7,-6.814976397938023,20260414-142232,0.0,0.0
179.28870485225633,1.0693476565671376,-5.343822579384636,-167.66175504402008,0,0,2.7,-5.3438225793846295,20260414-142232,0.0,0.0
173.76486086386203,1.0614381283312984,-3.7780469290512144,-163.70700865724524,0,0,2.9,-3.7780469290512033,20260414-142232,0.0,0.0
168.37924340615962,1.0565857892546326,-2.1107953196877816,-159.36163927109277,0,0,2.9,-2.1107953196877736,20260414-142232,0.0,0.0
163.14554209226714,1.0553773514032225,-0.3349868106909355,-154.58503242972756,0,0,2.9,-0.3349868106909323,20260414-142232,0.0,0.0
158.078846638898,1.0585599167539843,1.5565739154469895,-149.3338677735296,0,0,2.8,1.5565739154469804,20260414-142232,0.0,0.0
153.1957282705504,1.0670998050325147,3.5710375403764374,-143.562699147792,0,0,2.8,3.571037540376437,20260414-142232,0.0,0.0
148.51429601745397,1.0822693235240808,5.715294507730846,-137.22489660324322,0,0,2.8,5.715294507730846,20260414-142232,0.0,0.0
144.054214233153,1.1057782937985465,7.9956932918043435,-130.27404773727378,0,0,2.6,7.995693291804345,20260414-142232,0.0,0.0
139.83666440049936,1.139979802444381,10.41768520180716,-122.66591399308754,0,0,2.6,10.417685201807169,20260414-142232,0.0,0.0
135.88423138296875,1.1882041168726454,12.985393160592679,-114.3610171462932,0,0,2.6,12.985393160592666,20260414-142232,0.0,0.0
132.22069248789333,1.255324698133511,15.701110094717222,-105.32788264620831,0,0,2.6,15.70111009471723,20260414-142232,0.0,0.0
128.8706881372621,1.348769183969047,18.564744783009104,-95.54688057005576,0,0,2.6,18.564744783009093,20260414-142232,0.0,0.0
125.85925693217979,1.4804449928931198,21.573249098419552,-85.01447709058256,0,0,2.6,21.57324909841955,20260414-142232,0.0,0.0
123.21122678402718,1.6707163006386232,24.72007909650148,-73.74754573049313,0,0,2.6,24.720079096501482,20260414-142232,0.0,0.0
120.95046842110642,1.9575323804033988,27.994760067609604,-61.78721212069122,0,0,2.6,27.99476006760959,20260414-142232,0.0,0.0
116.16533797346065,0.6267737415297528,28.906251756894164,-185.33855245744417,0,0,2.8,28.90625175689416,20260414-142232,0.0,0.0
109.98757475768753,0.5934786651244398,28.80016544588517,-185.3269228045889,0,0,2.8,28.80016544588516,20260414-142232,0.0,0.0
103.81023348532361,0.5601881477821765,28.681453123074704,-185.3131557608198,0,0,2.8,28.681453123074693,20260414-142232,0.0,0.0
97.63339424647103,0.5269030560910674,28.54771934177674,-185.29669379939324,0,0,2.8,28.54771934177673,20260414-142232,0.0,0.0
91.45715876029726,0.49362449112468426,28.39592216280377,-185.27678509613528,0,0,2.8,28.39592216280377,20260414-142232,0.0,0.0
85.28165820113685,0.4603538735065741,28.222139434856047,-185.25239627405674,0,0,2.8,28.222139434856032,20260414-142232,0.0,0.0
79.10706468561948,0.4270930684023993,28.021225865305155,-185.22207579142034,0,0,2.8,28.021225865305162,20260414-142232,0.0,0.0
72.9336085863299,0.3938445741601629,27.7862963781277,-185.1837333086385,0,0,2.8,27.786296378127705,20260414-142232,0.0,0.0
66.76160543518333,0.3606118159177028,27.507923755752387,-185.13427039345643,0,0,2.8,27.507923755752397,20260414-142232,0.0,0.0
60.59149923670949,0.32739961928587685,27.17284777988266,-185.06893614864762,0,0,2.8,27.172847779882666,20260414-142232,0.0,0.0
54.42393517406812,0.2942150076299384,26.76181034959035,-184.98014636466868,0,0,3.0,26.761810349590345,20260414-142232,0.0,0.0
48.2598879041395,0.26106861399944103,26.245739998974727,-184.85518869856497,0,0,3.0,26.24573999897473,20260414-142232,0.0,0.0
42.100902149704446,0.22797734203731512,25.5786085898348,-184.67143170224963,0,0,3.0,25.578608589834815,20260414-142232,0.0,0.0
35.94957946524278,0.1949697877395334,24.683013395243336,-184.38538545915128,0,0,3.0,24.683013395243332,20260414-142232,0.0,0.0
29.81066396856265,0.16209846278269857,23.41813405429923,-183.90466792103635,0,0,3.0,23.418134054299216,20260414-142232,0.0,0.0
102.7060578058478,2.2402954938736697,60.91935641188388,-45.84487094970669,0,0,2.9,60.91935641188387,20260414-142232,0.0,0.0
98.36981421928549,0.6324172685157935,31.380110133544008,-155.54574347747888,0,0,2.9,31.380110133544015,20260414-142232,0.0,0.0
93.18499529197466,0.599093495301525,31.432656725543097,-155.54332674747945,0,0,2.9,31.43265672554311,20260414-142232,0.0,0.0
88.0002639775311,0.5657708489704345,31.491395170634092,-155.54047038243525,0,0,2.9,31.4913951706341,20260414-142232,0.0,0.0
82.81563673115238,0.5324495412449652,31.55748826851317,-155.5370609156957,0,0,2.9,31.55748826851317,20260414-142232,0.0,0.0
77.63113440352686,0.4991298404299848,31.632409374236204,-155.53294576948164,0,0,2.9,31.6324093742362,20260414-142232,0.0,0.0
72.4467838133062,0.46581209166800785,31.71805347450993,-155.52791588961207,0,0,2.9,31.718053474509922,20260414-142232,0.0,0.0
67.26262004655051,0.4324967465665148,31.81689960147861,-155.52167867280363,0,0,2.9,31.81689960147861,20260414-142232,0.0,0.0
62.078689907910686,0.3991844076793246,31.932254569303296,-155.51381445184137,0,0,2.9,31.932254569303307,20260414-142232,0.0,0.0
56.89505725772374,0.3658758973227314,32.0686298509128,-155.5037040538853,0,0,2.9,32.0686298509128,20260414-142232,0.0,0.0
51.71181155749636,0.33257236781651583,32.232344911157895,-155.49040317753153,0,0,2.9,32.2323449111579,20260414-142232,0.0,0.0
46.529082123738306,0.29927548548642846,32.43253334338388,-155.4724138133536,0,0,2.9,32.43253334338389,20260414-142232,0.0,0.0
105.81486499354831,4.029309402516536,-70.576978578152,-26.261290564447798,0,0,2.8,-70.576978578152,20260414-142232,0.0,0.0
105.07128264661603,5.733557706983348,-67.70693264338286,-18.32566933417998,0,0,2.8,-67.70693264338286,20260414-142232,0.0,0.0
104.59470402126574,10.20367103748831,-64.80337734901872,-10.2506934648309,0,0,2.8,-64.80337734901872,20260414-142232,0.0,0.0
104.38878613374227,49.795612546274945,-61.88082210953243,-2.096345055234214,0,0,2.8,-61.88082210953244,20260414-142232,0.0,0.0
104.4551296995273,17.196061985617888,-58.95435831599687,6.074363408720524,0,0,2.8,-58.95435831599688,20260414-142232,0.0,0.0
104.79321762167076,7.380954500988489,-56.03919848336369,14.197786696508752,0,0,2.8,-56.03919848336369,20260414-142232,0.0,0.0
105.40043494857844,4.74518083390728,-53.150206135489356,22.212100789800573,0,0,2.8,-53.150206135489356,20260414-142232,0.0,0.0
105.94713707407664,5.6588592822536485,125.60179427656362,18.722348761406742,0,0,2.8,125.60179427656365,20260414-142232,0.0,0.0
106.69501872867482,4.084095452802632,128.36220548282404,26.12451642271422,0,0,2.8,128.362205482824,20260414-142232,0.0,0.0
107.68678326544874,3.2291885572324155,131.07798941095388,33.347939074125165,0,0,2.7,131.07798941095388,20260414-142232,0.0,0.0
108.91576864639741,2.6991787961662457,133.73835932288063,40.35144644774734,0,0,2.7,133.73835932288063,20260414-142232,0.0,0.0
110.37405098500179,2.343367672967668,136.333912533989,47.100611764103924,0,0,2.7,136.333912533989,20260414-142232,0.0,0.0
112.05267825033171,2.0917755134651856,138.85675567736246,53.568213954616915,0,0,2.7,138.85675567736243,20260414-142232,0.0,0.0
113.94191229101489,1.9074793869521627,141.3005523570115,59.734282357344505,0,0,2.7,141.3005523570115,20260414-142232,0.0,0.0
116.0314662116388,1.7691556934266663,143.66050153066328,65.58578571843962,0,0,2.7,143.6605015306633,20260414-142232,0.0,0.0
118.31072659374719,1.6636290781470204,145.93325916258345,71.11604873216316,0,0,2.7,145.93325916258343,20260414-142232,0.0,0.0
120.76895298166039,1.5823197763837256,148.11681769692052,76.3239863295325,0,0,2.7,148.11681769692052,20260414-142232,0.0,0.0
123.39545000793574,1.5194006334859094,150.21035798988305,81.21324112181902,0,0,2.7,150.21035798988308,20260414-142232,0.0,0.0
126.17971018457688,1.4707751840385397,152.21408699639198,85.79129669437671,0,0,2.7,152.21408699639198,20260414-142232,0.0,0.0
129.11152753761004,1.4334795352430898,154.12907229226784,90.0686227904295,0,0,2.7,154.12907229226784,20260414-142232,0.0,0.0
132.18108384014192,1.4053162609312928,155.95708193381904,94.05789110598242,0,0,2.7,155.95708193381907,20260414-142232,0.0,0.0
135.37901022109227,1.38462168514349,157.70043560311865,97.77328469838517,0,0,2.7,157.70043560311865,20260414-142232,0.0,0.0
138.69642747006483,1.3701131011644831,159.36187071327998,101.22991113082877,0,0,2.7,159.36187071327998,20260414-142232,0.0,0.0
142.12496852665856,1.360785627472139,160.94442528412924,104.44331984213909,0,0,2.7,160.94442528412924,20260414-142232,0.0,0.0
145.63084550767937,1.4025408314742573,-86.43499425577379,103.83358704402349,0,0,2.7,-86.43499425577379,20260414-142232,0.0,0.0
149.14196176382848,1.3964854541707448,-87.91860665943798,106.798077501202,0,0,2.7,-87.91860665943798,20260414-142232,0.0,0.0
152.748441788341,1.3942275510093456,-89.33307300686107,109.55775596154255,0,0,2.7,-89.33307300686107,20260414-142232,0.0,0.0
156.4436904873135,1.3952432045286776,-90.68150918394528,112.12646653968919,0,0,2.7,-90.68150918394528,20260414-142232,0.0,0.0
160.22156606504538,1.3991006361317857,-91.96704019746237,114.51754214623458,0,0,2.7,-91.96704019746237,20260414-142232,0.0,0.0
164.07636114292114,1.4054408040920372,-93.19276022766957,116.74370109733657,0,0,2.7,-93.19276022766957,20260414-142232,0.0,0.0
168.0027810900465,1.413962706082204,-94.36170175262384,118.81698178274249,0,0,2.7,-94.36170175262384,20260414-142232,0.0,0.0
171.9959206975535,1.4244121070634115,-95.47681235385504,120.74870737524321,0,0,2.7,-95.47681235385504,20260414-142232,0.0,0.0
176.0512400800669,1.436572796000107,-96.54093791946475,122.5494736989672,0,0,2.7,-96.54093791946475,20260414-142232,0.0,0.0
180.164540477256,1.4502597333768896,-97.55681109456204,124.2291544961728,0,0,2.7,-97.55681109456204,20260414-142232,0.0,0.0
184.33194045404474,1.465313629062998,-98.5270439729338,125.79691937480763,0,0,2.7,-98.5270439729338,20260414-142232,0.0,0.0
188.549852856605,1.4815966139119756,-99.45412416645996,127.26126064689231,0,0,2.7,-99.45412416645996,20260414-142232,0.0,0.0
192.81496276861535,1.4989887560731412,-100.34041352289432,128.63002606752522,0,0,2.7,-100.34041352289432,20260414-142232,0.0,0.0
197.12420662414561,1.5173852357480337,-101.18814888430161,129.91045515674088,0,0,2.7,-101.18814888430161,20260414-142232,0.0,0.0
201.4747525658151,1.5366940376326805,-101.99944438594258,131.10921734048796,0,0,2.7,-101.99944438594258,20260414-142232,0.0,0.0
205.86398208583063,1.5568340536569067,-102.77629488846175,132.23245059566167,0,0,2.7,-102.77629488846175,20260414-142232,0.0,0.0
210.2894729498726,1.5777335133583013,-103.52058021549558,133.2857996419552,0,0,2.7,-103.52058021549558,20260414-142232,0.0,0.0
214.7489833767704,1.599328677729058,-104.23406993542706,134.27445300468187,0,0,2.7,-104.23406993542706,20260414-142232,0.0,0.0
219.24043742817807,1.621562746343135,-104.91842848135762,135.20317849099447,0,0,2.7,-104.91842848135762,20260414-142232,0.0,0.0
223.7619115501173,1.6443849382094953,-105.5752204488994,136.07635678891748,0,0,2.7,-105.5752204488994,20260414-142232,0.0,0.0
228.31162220077059,1.6677497149643563,-106.2059159485238,136.89801302448438,0,0,2.7,-106.2059159485238,20260414-142232,0.0,0.0
232.88791449504953,1.6916161213331038,-106.81189591923652,137.67184620557924,0,0,2.7,-106.81189591923652,20260414-142232,0.0,0.0
237.4892517952777,1.7159472227147667,-107.39445733445692,138.401256548876,0,0,2.7,-107.39445733445692,20260414-142232,0.0,0.0
242.11420617805422,1.7407096236029584,-107.95481825017796,139.08937073428766,0,0,2.9,-107.95481825017796,20260414-142232,0.0,0.0
246.76144970942912,1.7658730536052594,-108.49412266065455,139.73906516418808,0,0,2.9,-108.49412266065455,20260414-142232,0.0,0.0
251.4297464634805,1.7914100102439714,-109.01344513875286,140.3529873260217,0,0,3.1,-109.01344513875286,20260414-142232,0.0,0.0
256.1179452229037,1.8172954496552025,-109.51379524731892,140.93357536965013,0,0,3.1,-109.51379524731892,20260414-142232,0.0,0.0
260.82497280405437,1.8435065178567047,-109.99612171500613,141.48307601716232,0,0,3.1,-109.99612171500613,20260414-142232,0.0,0.0
265.54982795285395,1.8700223165093302,-110.46131637536722,142.0035609246319,0,0,3.0,-110.46131637536722,20260414-142232,0.0,0.0
270.29157576192824,1.8968236981148667,-110.91021787201728,142.49694161379045,0,0,3.0,-110.91021787201728,20260414-142232,0.0,0.0
275.0493425632268,1.923893086423045,-111.34361513559253,142.96498308781082,0,0,3.0,-111.34361513559253,20260414-142232,0.0,0.0
279.82231125409135,1.9512143185003152,-111.76225064029845,143.40931624013507,0,0,3.0,-111.76225064029845,20260414-142232,0.0,0.0
284.6097170182724,1.9787725054722471,-112.1668234492456,143.83144915910808,0,0,2.9,-112.1668234492456,20260414-142232,0.0,0.0
289.4108434067076,2.0065539094133955,-112.55799205866069,144.23277742451245,0,0,2.9,-112.55799205866069,20260414-142232,0.0,0.0
294.22501874596554,2.034545834241629,-112.93637705155466,144.61459348525173,0,0,2.8,-112.93637705155466,20260414-142232,0.0,0.0
299.05161284511905,2.062736528792893,-113.30256357162416,144.97809520061347,0,0,2.8,-113.30256357162416,20260414-142232,0.0,0.0
303.89003397444833,2.0911151005189503,-113.6571036281316,145.32439362091174,0,0,2.8,-113.6571036281316,20260414-142232,0.0,0.0
308.7397260917956,2.119671438474144,-114.00051824231294,145.65452007696223,0,0,2.8,-114.00051824231294,20260414-142232,0.0,0.0
313.60016629460483,2.1483961444452873,-114.3332994455486,145.96943264184452,0,0,2.8,-114.3332994455486,20260414-142232,0.0,0.0
318.4708624777028,2.1772804712375518,-114.65591213913473,146.27002202278794,0,0,2.8,-114.65591213913473,20260414-142232,0.0,0.0
323.35135117871573,2.2063162672636367,-114.96879582504249,146.55711693580054,0,0,2.8,-114.96879582504249,20260414-142232,0.0,0.0
328.24119559469017,2.2354959266977086,-115.27236621656941,146.8314890108391,0,0,2.8,-115.27236621656941,20260414-142232,0.0,0.0
333.1399837550025,2.2648123445528316,-115.56701673728809,147.09385727088934,0,0,2.8,-115.56701673728809,20260414-142232,0.0,0.0
338.04732683702184,2.294258876123727,-115.85311991619561,147.34489222426845,0,0,2.8,-115.85311991619561,20260414-142232,0.0,0.0
339.3641698395306,2.429902625684618,101.9311644477288,-139.6616334549273,0,0,2.8,101.93116444772882,20260414-142232,0.0,0.0
334.73348310477456,2.422632498669617,102.62722721585669,-138.16931923789213,0,0,2.8,102.62722721585669,20260414-142232,0.0,0.0
330.1535805843169,2.416687104082503,103.3427096643253,-136.61411939782744,0,0,2.8,103.34270966432528,20260414-142232,0.0,0.0
325.62660510843637,2.4121700752675816,104.07820326764659,-134.9932197763106,0,0,2.7,104.07820326764656,20260414-142232,0.0,0.0
321.154794852663,2.409196144592685,104.83430664681407,-133.30371442502852,0,0,2.7,104.83430664681407,20260414-142232,0.0,0.0
316.7404863289132,2.4078926701947436,105.61162370514666,-131.54260995499277,0,0,2.7,105.61162370514666,20260414-142232,0.0,0.0
312.38611720674595,2.4084014218718277,106.41076144731574,-129.70683141515383,0,0,2.7,106.41076144731575,20260414-142232,0.0,0.0
308.09422891016175,2.4108806789337804,107.23232745041781,-127.79322991895948,0,0,2.7,107.2323274504178,20260414-142232,0.0,0.0
303.8674689278162,2.415507705492715,108.07692695527402,-125.79859225323123,0,0,2.7,108.07692695527403,20260414-142232,0.0,0.0
299.7085927664697,2.422481684868489,108.94515954604037,-123.71965271751485,0,0,2.7,108.94515954604037,20260414-142232,0.0,0.0
295.62046546903287,2.432027215627335,109.83761538685724,-121.55310745269698,0,0,2.7,109.83761538685727,20260414-142232,0.0,0.0
291.60606260982934,2.4443984987959637,110.75487098585194,-119.2956315238557,0,0,2.7,110.75487098585194,20260414-142232,0.0,0.0
287.66847067083614,2.45988438110473,111.6974844595361,-116.94389902245922,0,0,2.7,111.69748445953607,20260414-142232,0.0,0.0
283.81088669393506,2.4788144656352427,112.66599027474956,-114.49460644534491,0,0,2.7,112.66599027474955,20260414-142232,0.0,0.0
280.03661709588533,2.5015665630791655,113.66089345103097,-111.94449959036456,0,0,2.7,113.66089345103097,20260414-142232,0.0,0.0
276.34907552519024,2.5285758397662366,114.68266321389285,-109.29040417895409,0,0,2.7,114.68266321389288,20260414-142232,0.0,0.0
272.7517796337121,2.5603461310226177,115.73172609918731,-106.52926037182847,0,0,2.7,115.73172609918728,20260414-142232,0.0,0.0
269.248346631315,2.597464042371386,116.80845852077857,-103.65816128314965,0,0,2.7,116.8084585207786,20260414-142232,0.0,0.0
265.8424874895778,2.640616674379667,117.91317882826786,-100.67439551862614,0,0,2.7,117.91317882826783,20260414-142232,0.0,0.0
262.5379996613936,2.6906141061446776,119.04613889863356,-97.57549366214339,0,0,2.7,119.04613889863356,20260414-142232,0.0,0.0
259.3387581877715,2.748418197727841,120.20751532536974,-94.35927851233512,0,0,2.7,120.20751532536973,20260414-142232,0.0,0.0
256.2487050721522,2.815179885276809,121.39740029087255,-91.02391872445335,0,0,2.7,121.39740029087254,20260414-142232,0.0,0.0
253.27183681677715,2.892288041342288,122.61579223215125,-87.5679853446532,0,0,2.7,122.61579223215124,20260414-142232,0.0,0.0
250.4121900358357,2.981434312508856,123.86258643590145,-83.99051053555348,0,0,2.7,123.86258643590148,20260414-142232,0.0,0.0
247.67382508685236,3.0847003810255593,125.13756572583924,-80.29104758774307,0,0,2.7,125.13756572583924,20260414-142232,0.0,0.0
245.0608076955022,3.2046772517271087,126.44039143194766,-76.4697310980164,0,0,2.7,126.44039143194766,20260414-142232,0.0,0.0
242.57718858994355,3.3446311699116666,127.77059485667678,-72.5273359801733,0,0,2.7,127.77059485667675,20260414-142232,0.0,0.0
240.22698120868958,3.508738919147369,129.12756947564696,-68.46533376928063,0,0,2.7,129.127569475647,20260414-142232,0.0,0.0
238.0141376004566,3.7024288817168047,130.5105641283251,-64.28594449870707,0,0,2.7,130.5105641283251,20260414-142232,0.0,0.0
235.94252269429523,3.932887814760786,131.9186774656119,-59.99218228619781,0,0,2.7,131.9186774656119,20260414-142232,0.0,0.0
234.0158871820819,4.209835557930279,133.35085392442647,-55.587892677008355,0,0,2.7,133.35085392442647,20260414-142232,0.0,0.0
232.23783932101955,4.546748906165852,134.80588149241174,-51.077779774924785,0,0,2.7,134.80588149241174,20260414-142232,0.0,0.0
230.61181602854705,4.962870970065444,136.28239150732395,-46.46742126070347,0,0,2.7,136.28239150732398,20260414-142232,0.0,0.0
229.14105370291705,5.486664624101241,137.77886070445254,-41.763269563875006,0,0,2.7,137.77886070445257,20260414-142232,0.0,0.0
227.8285592562788,6.162085619930974,139.2936156811374,-36.97263772502253,0,0,2.7,139.2936156811374,20260414-142232,0.0,0.0
226.67708188987763,7.060784325389912,140.82483989049172,-32.103668862220914,0,0,2.7,140.82483989049172,20260414-142232,0.0,0.0
225.68908616953277,8.307995149295694,142.37058320810002,-27.165288630273867,0,0,2.7,142.37058320810004,20260414-142232,0.0,0.0
224.8667269708376,10.144146727509971,143.92877403800225,-22.16714061923219,0,0,2.7,143.92877403800225,20260414-142232,0.0,0.0
224.21182685515407,13.096863694858145,145.49723384088549,-17.119505255535344,0,0,2.7,145.49723384088549,20260414-142232,0.0,0.0
223.7258564079796,18.592377168172757,147.0736938820528,-12.03320341365295,0,0,2.9,147.0736938820528,20260414-142232,0.0,0.0
223.40991802033352,32.28706572242585,148.65581391394846,-6.919486581438033,0,0,2.9,148.65581391394844,20260414-142232,0.0,0.0
223.26473352240458,124.73475426401889,150.24120243254077,-1.7899160088922206,0,0,2.8,150.24120243254077,20260414-142232,0.0,0.0
223.29063598910378,66.77818380239655,151.82743808329604,3.3437662313465055,0,0,2.7,151.82743808329604,20260414-142232,0.0,0.0
223.48756593290935,26.38649460408642,153.412091744868,8.469770967542551,0,0,2.7,153.41209174486798,20260414-142232,0.0,0.0
223.85507198503345,16.48854799507088,154.9927487901105,13.576396906019447,0,0,2.7,154.9927487901105,20260414-142232,0.0,0.0
221.16487978433278,1.5457204579778299,-144.95914291973367,-143.08206806919608,0,0,2.7,-144.95914291973367,20260414-142232,0.0,0.0
216.46402930540538,1.5581437530755486,-143.51714171571555,-138.92429942881517,0,0,2.7,-143.51714171571555,20260414-142232,0.0,0.0
211.90632104850667,1.575616789548332,-142.01212275974717,-134.49102754817176,0,0,2.7,-142.01212275974717,20260414-142232,0.0,0.0
207.50118747024686,1.5990243297544322,-140.44207981819324,-129.7673735221487,0,0,2.7,-140.44207981819324,20260414-142232,0.0,0.0
203.2585488654306,1.629470647855174,-138.8052205322154,-124.73900596673778,0,0,2.7,-138.8052205322154,20260414-142232,0.0,0.0
199.1887887313619,1.6683521083440462,-137.10003327892704,-119.39253574538917,0,0,2.7,-137.10003327892704,20260414-142232,0.0,0.0
195.3027148037681,1.7174605801455725,-135.32536188221738,-113.71598106037123,0,0,2.7,-135.32536188221738,20260414-142232,0.0,0.0
191.6115034314099,1.7791341352233763,-133.48048722566344,-107.69930138367697,0,0,2.7,-133.48048722566344,20260414-142232,0.0,0.0
188.12662509287938,1.8564823359043041,-131.5652140879782,-101.33499331209188,0,0,2.7,-131.5652140879782,20260414-142232,0.0,0.0
184.8597492005676,1.9537330542627207,-129.57996065581466,-94.61873452836065,0,0,2.7,-129.57996065581466,20260414-142232,0.0,0.0
181.82262693137253,2.076784867601416,-127.52584720994783,-87.55005382014781,0,0,2.7,-127.52584720994783,20260414-142232,0.0,0.0
179.0269517084558,2.2341227777908443,-125.40477950188408,-80.13299604128385,0,0,2.7,-125.40477950188408,20260414-142232,0.0,0.0
176.4841981478422,2.438410373487669,-123.21952144771765,-72.37674185884309,0,0,2.7,-123.21952144771765,20260414-142232,0.0,0.0
174.20544175719726,2.7094232565508816,-120.97375110664136,-64.29613436586584,0,0,2.7,-120.97375110664136,20260414-142232,0.0,0.0
172.20116336373002,3.0798572657311425,-118.67209364628238,-55.91205971775784,0,0,2.7,-118.67209364628238,20260414-142232,0.0,0.0
170.48104403097778,3.607940069790496,-116.32012528788641,-47.25162855625736,0,0,2.7,-116.32012528788641,20260414-142232,0.0,0.0
169.05375792342124,4.408398621122845,-113.92434319885002,-38.3481106071942,0,0,2.7,-113.92434319885002,20260414-142232,0.0,0.0
167.92677197587523,5.742934295292414,-111.4920980128452,-29.240587362026382,0,0,2.7,-111.4920980128452,20260414-142232,0.0,0.0
167.10616209019003,8.366474398690324,-109.03148805509855,-19.973307049902477,0,0,2.7,-109.03148805509855,20260414-142232,0.0,0.0
166.59645570916715,15.724433695108205,-106.55121724953044,-10.594750751564076,0,0,2.7,-106.55121724953044,20260414-142232,0.0,0.0
166.40050987081887,143.88959371354508,-104.0604217787898,-1.1564457552231917,0,0,2.7,-104.0604217787898,20260414-142232,0.0,0.0
166.51943219861414,20.090632526608623,-101.56847346455866,8.288411625570818,0,0,2.7,-101.56847346455866,20260414-142232,0.0,0.0
166.95254984065858,9.43957879647141,-99.08477012069875,17.686440617781248,0,0,2.7,-99.08477012069875,20260414-142232,0.0,0.0
167.6974283670286,6.214336495983841,-96.61852445502743,26.985572550731195,0,0,2.7,-96.61852445502743,20260414-142232,0.0,0.0
168.7499394002859,4.669796849712215,-94.17856324483871,36.13646264091455,0,0,2.7,-94.17856324483871,20260414-142232,0.0,0.0
170.10437266088726,3.772240018727621,-91.77314746243802,45.09372993669252,0,0,2.7,-91.77314746243802,20260414-142232,0.0,0.0
171.7535855031161,3.1914399037478858,-89.40982194894102,53.81695744965033,0,0,2.7,-89.40982194894102,20260414-142232,0.0,0.0
173.6891811601022,2.789228346401304,-87.09530045059569,62.27140971953697,0,0,2.7,-87.09530045059569,20260414-142232,0.0,0.0
175.90170594688885,2.497594366268535,-84.83538874760545,70.42845240305782,0,0,2.7,-84.83538874760545,20260414-142232,0.0,0.0
178.38085559289448,2.279170721353543,-82.63494562598686,78.26568405852393,0,0,2.7,-82.63494562598686,20260414-142232,0.0,0.0
181.11568157713114,2.1117222300679885,-80.4978789009041,85.76681108826514,0,0,2.7,-80.4978789009041,20260414-142232,0.0,0.0
184.0947896283673,1.9811901873439548,-78.42717180991909,92.92131104039562,0,0,2.7,-78.42717180991909,20260414-142232,0.0,0.0
187.30652419909254,1.8782504014023718,-76.42493394086729,99.72393673348479,0,0,2.7,-76.42493394086729,20260414-142232,0.0,0.0
190.73913450271823,1.796474924021887,-74.49247041056616,106.17411462426536,0,0,2.7,-74.49247041056616,20260414-142232,0.0,0.0
194.3809194293905,1.7312885573288592,-72.63036315397186,112.27528687031445,0,0,2.7,-72.63036315397186,20260414-142232,0.0,0.0
198.2203501905209,1.6793461908673173,-70.8385587618558,118.03423931795014,0,0,2.7,-70.8385587618558,20260414-142232,0.0,0.0
202.246170804687,1.6381454367850412,-69.11645815303896,123.46044878750648,0,0,2.7,-69.11645815303896,20260414-142232,0.0,0.0
204.43265763318624,1.774836260676398,-141.2882981884594,-115.1839536765358,0,0,2.7,-141.2882981884594,20260414-142232,0.0,0.0
200.6533043074164,1.79888295942708,-139.88579076135753,-111.54327926443962,0,0,2.7,-139.88579076135753,20260414-142232,0.0,0.0
196.99875084022295,1.8292358960389041,-138.43034740556251,-107.69455774775217,0,0,2.7,-138.43034740556251,20260414-142232,0.0,0.0
193.4760693634702,1.8669951322795961,-136.9209003011617,-103.62965924139097,0,0,2.7,-136.9209003011617,20260414-142232,0.0,0.0
190.09259133557757,1.9135323859109121,-135.35660083307334,-99.34119366633372,0,0,2.7,-135.35660083307334,20260414-142232,0.0,0.0
186.8558787558421,1.9705804037673933,-133.7368646664278,-94.8227630796528,0,0,2.7,-133.7368646664278,20260414-142232,0.0,0.0
183.77368650371986,2.040360103786931,-132.0614196079063,-90.06924128864992,0,0,2.7,-132.0614196079063,20260414-142232,0.0,0.0
180.85391496266686,2.1257655182230732,-130.33035522688755,-85.0770761931648,0,0,2.7,-130.33035522688755,20260414-142232,0.0,0.0
178.10455228344404,2.230639708456823,-128.5441728407305,-79.84460762901885,0,0,2.7,-128.5441728407305,20260414-142232,0.0,0.0
175.53360593189856,2.3601985194989763,-126.70383408088716,-74.37239049245777,0,0,2.7,-126.70383408088716,20260414-142232,0.0,0.0
173.14902355898673,2.5217036540369837,-124.81080588012902,-68.66350979893821,0,0,2.7,-124.81080588012902,20260414-142232,0.0,0.0
170.95860372620186,2.7255748097162757,-122.86709939528264,-62.72387135247928,0,0,2.5,-122.86709939528264,20260414-142232,0.0,0.0
168.96989760664766,2.9873157873552305,-120.87530015215142,-56.56244924686797,0,0,2.5,-120.87530015215142,20260414-142232,0.0,0.0
167.19010343616617,3.3310461654727783,-118.8385866218619,-50.19146992591642,0,0,2.5,-118.8385866218619,20260414-142232,0.0,0.0
165.62595617051505,3.796451901777875,-116.76073456093849,-43.62651245310195,0,0,2.5,-116.76073456093849,20260414-142232,0.0,0.0
164.28361545937958,4.453759153869159,-114.64610481077767,-36.88650638341317,0,0,2.5,-114.64610481077767,20260414-142232,0.0,0.0
163.1685556105088,5.440110152617721,-112.49961287551727,-29.99361245139382,0,0,2.5,-112.49961287551727,20260414-142232,0.0,0.0
156.99492490912763,0.818582252137349,164.2405237524108,-191.78882085362588,0,0,2.5,164.24052375241078,20260414-142232,0.0,0.0
150.64030725772506,0.7951886320308402,165.53328861221814,-189.43971428892698,0,0,2.5,165.53328861221817,20260414-142232,0.0,0.0
144.36910638446633,0.7729544072344727,166.93913416817418,-186.77570763972955,0,0,2.5,166.93913416817418,20260414-142232,0.0,0.0
138.19267914714322,0.7520949936535215,168.4716394321389,-183.7436498225202,0,0,2.5,168.47163943213891,20260414-142232,0.0,0.0
132.1243173891527,0.7328826962928747,170.1462103054197,-180.2803068724018,0,0,2.5,170.14621030541966,20260414-142232,0.0,0.0
126.17961366758978,0.715666816563918,171.98026260054098,-176.31055506165188,0,0,2.5,171.98026260054098,20260414-142232,0.0,0.0
120.3768895973111,0.7009029365579748,173.99336813736255,-171.74544907525038,0,0,2.5,173.99336813736255,20260414-142232,0.0,0.0
114.73768856401375,0.6891966690055549,176.20732095479184,-166.48032952563352,0,0,2.5,176.20732095479187,20260414-142232,0.0,0.0
109.2873267537017,0.6813709574716011,178.6460566670517,-160.39328585303946,0,0,2.5,178.6460566670517,20260414-142232,0.0,0.0
104.05548224383223,0.6785731741318406,-178.66467462082863,-153.34452673723763,0,0,2.5,-178.66467462082863,20260414-142232,0.0,0.0
99.07677813237052,0.6824524734348575,-175.69802180600328,-145.1775500698332,0,0,2.5,-175.69802180600328,20260414-142232,0.0,0.0
94.39127888345315,0.6954677709817683,-172.427314777977,-135.7234408579483,0,0,2.5,-172.427314777977,20260414-142232,0.0,0.0
90.04476707441167,0.7214542973262683,-168.82812448265213,-124.810077933031,0,0,2.5,-168.82812448265213,20260414-142232,0.0,0.0
86.08860325144457,0.7667432132046902,-164.88129034268024,-112.2782722674877,0,0,2.5,-164.88129034268024,20260414-142232,0.0,0.0
82.57890848244836,0.8425865497232004,-160.57698299620466,-98.00644041799208,0,0,2.5,-160.57698299620466,20260414-142232,0.0,0.0
79.57478009136375,0.9710911514820705,-155.91958570170834,-81.94367744976097,0,0,2.5,-155.91958570170834,20260414-142232,0.0,0.0
77.1353104038195,1.2024683915786165,-150.9327014230881,-64.14747443178547,0,0,2.5,-150.9327014230881,20260414-142232,0.0,0.0
75.31538740301772,1.6805039333390943,-145.66301208894578,-44.81714437488346,0,0,2.5,-145.66301208894578,20260414-142232,0.0,0.0
74.16063667679819,3.050689065453859,-140.18131438208692,-24.30947077386437,0,0,2.5,-140.18131438208692,20260414-142232,0.0,0.0
73.70233014646048,23.597933214285543,-134.57926401975428,-3.123253611966454,0,0,2.5,-134.57926401975428,20260414-142232,0.0,0.0
73.95341702582795,4.074054951230185,-128.96146612254947,18.15228756389191,0,0,2.5,-128.96146612254947,20260414-142232,0.0,0.0
74.90676401128637,1.9248539546578818,-123.43428096889971,38.915557115396886,0,0,2.5,-123.43428096889971,20260414-142232,0.0,0.0
76.53613318921623,1.3053102376481907,-118.09416250523157,58.63443875772648,0,0,2.5,-118.09416250523157,20260414-142232,0.0,0.0
78.79960061155585,1.0246043709432586,-113.0185655449954,76.90734379652541,0,0,2.5,-113.0185655449954,20260414-142232,0.0,0.0
81.64444508717263,0.8733024787479728,-108.26129384856733,93.48930877217225,0,0,2.5,-108.26129384856733,20260414-142232,0.0,0.0
85.01232119353259,0.7850846471711035,-103.85239983677064,108.28427418604808,0,0,2.5,-103.85239983677064,20260414-142232,0.0,0.0
88.84376781688586,0.7323374344885123,-99.8013969801957,121.31534403800778,0,0,2.5,-99.8013969801957,20260414-142232,0.0,0.0
93.08155772846447,0.7015114475102119,-96.10208751842664,132.68715437050582,0,0,2.5,-96.10208751842664,20260414-142232,0.0,0.0
97.67281444948013,0.6851788049848289,-92.73757792188613,142.55084036296597,0,0,2.5,-92.73757792188613,20260414-142232,0.0,0.0
102.57008316208021,0.6789269143701013,-89.68462144599009,151.07676686708356,0,0,2.5,-89.68462144599009,20260414-142232,0.0,0.0
107.73163983407055,0.6799694019896346,-86.91695068930055,158.43601126586105,0,0,2.5,-86.91695068930055,20260414-142232,0.0,0.0
113.12131305314712,0.6864601545900151,-84.40760419136747,164.78933598222937,0,0,2.5,-84.40760419136747,20260414-142232,0.0,0.0
118.70803551767966,0.6971275624420408,-82.13041411560255,170.281655629631,0,0,2.5,-82.13041411560255,20260414-142232,0.0,0.0
124.46527592117269,0.7110671716200987,-80.06086560269476,175.04010997665725,0,0,2.5,-80.06086560269476,20260414-142232,0.0,0.0
130.37044568409272,0.7276180926912769,-78.17652054954242,179.17427699177344,0,0,2.5,-78.17652054954242,20260414-142232,0.0,0.0
136.4043338375752,0.7462861840603005,-76.45715841093059,182.7775145125206,0,0,2.5,-76.45715841093059,20260414-142232,0.0,0.0
142.55059612483112,0.7666945825423259,-74.88474476053356,185.92879012153645,0,0,2.5,-74.88474476053356,20260414-142232,0.0,0.0
148.7953077401473,0.7885508589381572,-73.44330321729939,188.69462388324746,0,0,2.5,-73.44330321729939,20260414-142232,0.0,0.0
147.23108762061815,0.79521067417608,-165.6771526270896,-185.1472727943003,0,0,2.5,-165.6771526270896,20260414-142232,0.0,0.0
141.0710342807892,0.7648579315276437,-166.4094601767669,-184.44083334408174,0,0,2.5,-166.4094601767669,20260414-142232,0.0,0.0
134.9361278981854,0.73480354169345,-167.2084974550412,-183.6356525816514,0,0,2.5,-167.2084974550412,20260414-142232,0.0,0.0
128.82996103104932,0.7050946618852505,-168.08346273310366,-182.71300010496398,0,0,2.5,-168.08346273310366,20260414-142232,0.0,0.0
122.75682243513111,0.6757889401716958,-169.0452453873884,-181.6496470095273,0,0,2.5,-169.0452453873884,20260414-142232,0.0,0.0
116.7218676918825,0.6469576046026309,-170.10680903770563,-180.4165634061516,0,0,2.5,-170.10680903770563,20260414-142232,0.0,0.0
110.73134013726524,0.6186897121824185,-171.28367448495214,-178.97718025189417,0,0,2.5,-171.28367448495214,20260414-142232,0.0,0.0
104.7928591446503,0.5910980996666553,-172.59452962219865,-177.28505505896118,0,0,2.5,-172.59452962219865,20260414-142232,0.0,0.0
98.91579911636309,0.5643278882924736,-174.06199947158612,-175.28072095756164,0,0,2.5,-174.06199947158612,20260414-142232,0.0,0.0
93.11179114349194,0.5385689197236151,-175.71361463116912,-172.88742022334935,0,0,2.5,-175.71361463116912,20260414-142232,0.0,0.0
87.39539079992842,0.5140744201880709,-177.58301749901838,-170.00532873811414,0,0,2.5,-177.58301749901838,20260414-142232,0.0,0.0
81.78497028303886,0.49118986331118425,-179.71143547835285,-166.5037827363011,0,0,2.5,-179.71143547835285,20260414-142232,0.0,0.0
76.30391040651375,0.4703991848164645,177.85058628984962,-162.21097499623693,0,0,2.5,177.8505862898496,20260414-142232,0.0,0.0
70.9821841764213,0.4524018745837446,175.0412939766478,-156.9007295598235,0,0,2.5,175.04129397664784,20260414-142232,0.0,0.0
65.8584280528157,0.43824803041767124,171.78598649011906,-150.2766093210949,0,0,2.5,171.7859864901191,20260414-142232,0.0,0.0
60.98256282514534,0.42958949874448427,167.99616499129888,-141.95543187943983,0,0,2.5,167.9961649912989,20260414-142232,0.0,0.0
56.41889523785524,0.4291829829283177,163.57108994088105,-131.45650569113627,0,0,2.5,163.57108994088102,20260414-142232,0.0,0.0
52.249295296680906,0.4419992685973093,158.40451461142942,-118.21127094281118,0,0,2.5,158.40451461142942,20260414-142232,0.0,0.0
48.575346896772935,0.4780045182074951,152.40083182537307,-101.62110408271717,0,0,2.5,152.4008318253731,20260414-142232,0.0,0.0
45.51722905984375,0.5605409072582345,145.50516499242121,-81.20233237299577,0,0,2.5,145.50516499242124,20260414-142232,0.0,0.0
43.20590589761,0.7600991672916093,137.74755655915112,-56.84245919063639,0,0,2.5,137.74755655915112,20260414-142232,0.0,0.0
41.7655457953367,1.4347966600088191,129.2882110499462,-29.109034722090854,0,0,2.5,129.28821104994623,20260414-142232,0.0,0.0
41.287403342109,69.80405248630075,120.43269678908257,0.5914757363150481,0,0,2.7,120.43269678908258,20260414-142232,0.0,0.0
41.80450791347758,1.3819569827267713,111.58550219413485,30.250223730547777,0,0,2.9,111.58550219413482,20260414-142232,0.0,0.0
43.28120189001705,0.7478777436693776,103.14890869985499,57.87202822437625,0,0,2.9,103.148908699855,20260414-142232,0.0,0.0
45.62440509423889,0.5558387898555219,95.42318162890865,82.08208193979759,0,0,2.9,95.42318162890868,20260414-142232,0.0,0.0
48.70922491032266,0.4759339666439268,88.56279086709924,102.34450222958093,0,0,2.8,88.56279086709921,20260414-142232,0.0,0.0
52.404858463008686,0.44114672249405834,82.5935070732026,118.79235590085226,0,0,2.7,82.59350707320259,20260414-142232,0.0,0.0
56.591767402104864,0.42899206051296324,77.45808799403528,131.91798313105326,0,0,2.7,77.4580879940353,20260414-142232,0.0,0.0
61.16915425982523,0.4297975115148042,73.06004068083578,142.32086650347736,0,0,2.7,73.06004068083578,20260414-142232,0.0,0.0
66.05589357531272,0.4387149662470593,69.29310742697689,150.56676579871635,0,0,2.9,69.29310742697689,20260414-142232,0.0,0.0
71.18830709608262,0.4530463266550583,66.05694912458961,157.13251141816272,0,0,2.8,66.0569491245896,20260414-142232,0.0,0.0
76.51697462904355,0.47117061293447215,63.263603602279915,162.39759553867827,0,0,2.8,63.26360360227991,20260414-142232,0.0,0.0
79.96821787704734,0.8019197781083726,-101.04730641064556,99.72096967814194,0,0,2.8,-101.04730641064556,20260414-142232,0.0,0.0
83.45903721433028,0.7620514153658144,-97.42442252669663,109.5189058526539,0,0,2.8,-97.42442252669663,20260414-142232,0.0,0.0
87.25610692473911,0.7387441973350681,-94.10448728195426,118.11410125386453,0,0,2.8,-94.10448728195426,20260414-142232,0.0,0.0
91.32123399947315,0.7269490835418528,-91.07065811719744,125.62260007886162,0,0,2.8,-91.07065811719744,20260414-142232,0.0,0.0
95.62023657844631,0.7234801182631407,-88.30242182875097,132.1670549952387,0,0,2.8,-88.30242182875097,20260414-142232,0.0,0.0
100.12299330351665,0.7262276663992427,-85.7777049693642,137.86722530132053,0,0,2.8,-85.7777049693642,20260414-142232,0.0,0.0
104.80324524269524,0.7337392911676869,-83.47433236393047,142.83444610947484,0,0,2.8,-83.47433236393047,20260414-142232,0.0,0.0
109.63826393805901,0.7449823299413999,-81.37095867257692,147.16894553281972,0,0,2.8,-81.37095867257692,20260414-142232,0.0,0.0
114.60846350034078,0.7592024625612054,-79.44760791215373,150.95902496641503,0,0,2.8,-79.44760791215373,20260414-142232,0.0,0.0
119.6970056980244,0.7758358516705296,-77.68593928782639,154.28135402649005,0,0,2.8,-77.68593928782639,20260414-142232,0.0,0.0
124.88942597691492,0.7944525866463922,-76.06933236465032,157.20186210747744,0,0,2.7,-76.06933236465032,20260414-142232,0.0,0.0
130.17329430117462,0.8147191484448858,-74.58285972173597,159.7768931166598,0,0,2.7,-74.58285972173597,20260414-142232,0.0,0.0
135.53791594311764,0.8363728282074548,-73.21319449319948,162.05442282672848,0,0,2.7,-73.21319449319948,20260414-142232,0.0,0.0
140.97407225370736,0.8592038821081166,-71.94848440008737,164.07522729973897,0,0,2.7,-71.94848440008737,20260414-142232,0.0,0.0
146.4737987422661,0.8830428239178352,-70.77821251202381,165.87394719137097,0,0,2.7,-70.77821251202381,20260414-142232,0.0,0.0
152.0301965689472,0.9077512085949068,-69.69305713207065,167.4800266080309,0,0,2.7,-69.69305713207065,20260414-142232,0.0,0.0
157.6372731945147,0.9332148369803274,-68.68475795818497,168.9185243824384,0,0,2.7,-68.68475795818497,20260414-142232,0.0,0.0
163.28980804758726,0.9593386707083869,-67.7459922766628,170.2108056657532,0,0,2.7,-67.7459922766628,20260414-142232,0.0,0.0
168.983239419891,0.9860429753911536,-66.87026280574653,171.37512627465046,0,0,2.7,-66.87026280574653,20260414-142232,0.0,0.0
174.71356924426047,1.0132603593423453,-66.05179751147568,172.42712362463087,0,0,2.7,-66.05179751147568,20260414-142232,0.0,0.0
180.47728286935254,1.040933474281153,-65.2854609705116,173.3802277748695,0,0,2.7,-65.2854609705116,20260414-142232,0.0,0.0
186.27128137838653,1.0690132115709423,-64.56667645753998,174.24600497187132,0,0,2.7,-64.56667645753998,20260414-142232,0.0,0.0
192.09282438809188,1.0974572737181114,-63.89135775579928,175.0344446096697,0,0,2.7,-63.89135775579927,20260414-142232,0.0,0.0
197.93948160245608,1.126229033101405,-63.2558496418207,175.75419899926672,0,0,2.7,-63.2558496418207,20260414-142232,0.0,0.0
203.80909168462108,1.1552966127370807,-62.65687602392188,176.41278390123992,0,0,2.7,-62.65687602392189,20260414-142232,0.0,0.0
209.6997272534659,1.1846321402657771,-62.09149478314677,177.01674648673546,0,0,2.7,-62.091494783146764,20260414-142232,0.0,0.0
215.6096650144705,1.2142111382382585,-61.55705845337522,177.57180627358278,0,0,2.7,-61.55705845337521,20260414-142232,0.0,0.0
215.953223095564,2.9879756514174347,-130.90347396217635,-72.27409065168258,0,0,2.7,-130.90347396217635,20260414-142232,0.0,0.0
213.6582231539997,3.2674885850153874,-132.776351021828,-65.38912611166583,0,0,2.7,-132.776351021828,20260414-142232,0.0,0.0
211.59632471338975,3.63003969653377,-134.6878059398218,-58.29036109865067,0,0,2.7,-134.6878059398218,20260414-142232,0.0,0.0
209.77440143647706,4.113749046653051,-136.63466356890498,-50.993485275225936,0,0,2.7,-136.63466356890498,20260414-142232,0.0,0.0
208.19875340351638,4.784285076920069,-138.61330427595846,-43.51721313763067,0,0,2.7,-138.61330427595846,20260414-142232,0.0,0.0
206.87500790199925,5.765237697809303,-140.6196872801871,-35.88317060727755,0,0,2.7,-140.6196872801871,20260414-142232,0.0,0.0
205.80802565753922,7.320044025518828,-142.64938672931842,-28.11568140028393,0,0,2.7,-142.64938672931842,20260414-142232,0.0,0.0
205.00181587143177,10.12782131409189,-144.69764030649327,-20.24145267908622,0,0,2.7,-144.69764030649327,20260414-142232,0.0,0.0
204.4594633443083,16.63737537192676,-146.75940945537886,-12.289165735197933,0,0,2.7,-146.75940945537886,20260414-142232,0.0,0.0
204.1830706655885,47.60639684705806,-148.82944959849775,-4.288983922088328,0,0,2.7,-148.82944959849775,20260414-142232,0.0,0.0
204.17371793828633,54.767570913560476,-150.90238807009675,3.7280038996166764,0,0,2.7,-150.90238807009675,20260414-142232,0.0,0.0
204.43144181359463,17.427519057201675,-152.97280695637767,11.730381194397044,0,0,2.7,-152.97280695637767,20260414-142232,0.0,0.0
204.95523477617104,10.41068035929975,-155.03532768946243,19.687016381507352,0,0,2.7,-155.03532768946243,20260414-142232,0.0,0.0
205.74306471240698,7.463203092865892,-157.08469411578443,27.567662591023105,0,0,2.7,-157.08469411578443,20260414-142232,0.0,0.0
206.7919138827242,5.85091485228063,-159.11585086898194,35.34351791192427,0,0,2.7,-159.11585086898194,20260414-142232,0.0,0.0
208.0978355779665,4.840866713418845,-161.12401420937098,42.98772263262711,0,0,2.7,-161.12401420937098,20260414-142232,0.0,0.0
209.6560260333978,4.153596983336444,-163.10473300951875,50.47577482228144,0,0,2.7,-163.10473300951875,20260414-142232,0.0,0.0
211.46090864963008,3.65938898250381,-165.05393821244942,57.78585158906646,0,0,2.7,-165.05393821244942,20260414-142232,0.0,0.0
213.50622725500457,3.289821556159415,-166.96797979963873,64.89902981371878,0,0,2.7,-166.96797979963873,20260414-142232,0.0,0.0
215.78514504324008,3.0053889823384488,-168.84365101364327,71.79940643668057,0,0,2.7,-168.84365101364327,20260414-142232,0.0,0.0
218.29034591783184,2.7816856693186858,-170.6782002263606,78.4741239190039,0,0,2.7,-170.6782002263606,20260414-142232,0.0,0.0
221.01413523901417,2.6028208402810473,-172.46933138405882,84.91331090431468,0,0,2.7,-172.46933138405882,20260414-142232,0.0,0.0
223.94853735825077,2.458003044429518,-174.21519436730102,91.10995117185763,0,0,2.7,-174.21519436730102,20260414-142232,0.0,0.0
227.08538779339912,2.3396466087552326,-175.9143668680334,97.05969565814722,0,0,2.7,-175.9143668680334,20260414-142232,0.0,0.0
230.41641840065375,2.2422635227851386,-177.56582951293046,102.7606327531258,0,0,2.7,-177.56582951293046,20260414-142232,0.0,0.0
232.35816612377417,17.64870846528436,-128.47569094327403,-13.165732018341792,0,0,2.7,-128.47569094327403,20260414-142232,0.0,0.0
231.98218900280347,24.70566496035134,-129.80976058952916,-9.389837892446852,0,0,2.7,-129.80976058952916,20260414-142232,0.0,0.0
231.73234706858238,41.39086142685007,-131.14743369354971,-5.598635521952645,0,0,2.7,-131.14743369354971,20260414-142232,0.0,0.0
231.60904851613188,128.79574403613208,-132.48726228728304,-1.7982663188867232,0,0,2.7,-132.48726228728304,20260414-142232,0.0,0.0
231.61249544105874,115.51437101951795,-133.8277843234689,2.0050535132284466,0,0,2.7,-133.8277843234689,20260414-142232,0.0,0.0
231.7426821877521,39.92064502295067,-135.16753321098193,5.805083611613027,0,0,2.7,-135.16753321098193,20260414-142232,0.0,0.0
231.99939539568854,24.177658552174655,-136.50504742439549,9.595610546614383,0,0,2.7,-136.50504742439549,20260414-142232,0.0,0.0
232.38221574296315,17.380220899050354,-137.83888003081125,13.370498401183175,0,0,2.7,-137.83888003081125,20260414-142232,0.0,0.0
232.89052135393067,13.600448859952463,-139.16760797951198,17.123737881894044,0,0,2.7,-139.16760797951198,20260414-142232,0.0,0.0
233.52349280672965,11.200439846773598,-140.48984100715126,20.849493055756955,0,0,2.7,-140.48984100715126,20260414-142232,0.0,0.0
234.28011964752002,9.546032782828302,-141.80423002265027,24.542144886507234,0,0,2.7,-141.80423002265027,20260414-142232,0.0,0.0
235.15920829240432,8.340064157695508,-143.10947485118362,28.196330849016217,0,0,2.7,-143.10947485118362,20260414-142232,0.0,0.0
236.1593911759958,7.424766230114072,-144.40433123489987,31.806980025601092,0,0,2.7,-144.40433123489987,20260414-142232,0.0,0.0
237.27913698801277,6.708610206977196,-145.68761700851917,35.369343227190924,0,0,2.7,-145.68761700851917,20260414-142232,0.0,0.0
238.51676182647574,6.134845352202493,-146.95821738979913,38.87901782900607,0,0,2.7,-146.95821738979913,20260414-142232,0.0,0.0
239.8704410882089,5.666413757529608,-148.2150893471725,42.3319671581458,0,0,2.7,-148.2150893471725,20260414-142232,0.0,0.0
241.33822191432617,5.278090307784987,-149.45726502879216,45.72453441320648,0,0,2.7,-149.45726502879216,20260414-142232,0.0,0.0
242.91803600996306,4.952108973505994,-150.68385425800582,49.05345122847366,0,0,2.7,-150.68385425800582,20260414-142232,0.0,0.0
244.60771266327515,4.675595526308932,-151.8940461192856,52.31584111305207,0,0,2.7,-151.8940461192856,20260414-142232,0.0,0.0
246.40499179812403,4.438992301690074,-153.08710967535293,55.509218095356765,0,0,2.7,-153.08710967535293,20260414-142232,0.0,0.0
248.30753690728008,4.235054833020736,-154.26239387031725,58.63148098372315,0,0,2.7,-154.26239387031725,20260414-142232,0.0,0.0
250.31294772771838,4.058191963101592,-155.4193266848913,61.6809037136847,0,0,2.7,-155.4193266848913,20260414-142232,0.0,0.0
252.41877253598074,3.904019659518273,-156.5574136180986,64.65612229194751,0,0,2.7,-156.5574136180986,20260414-142232,0.0,0.0
254.6225199589687,3.769051926426664,-157.67623557542285,67.55611886736976,0,0,2.7,-157.67623557542285,20260414-142232,0.0,0.0
256.51217622453197,4.740658572079313,-99.95755554306129,54.10897501357548,0,0,2.7,-99.95755554306129,20260414-142232,0.0,0.0
258.36148072262137,4.545457603732474,-98.88020967716432,56.83948751616768,0,0,2.7,-98.88020967716432,20260414-142232,0.0,0.0
260.30081528724475,4.374024469504132,-97.81854622578952,59.51059878655735,0,0,2.7,-97.81854622578952,20260414-142232,0.0,0.0
262.32818320855625,4.222834624072932,-96.77293813743371,62.12134894251204,0,0,2.7,-96.77293813743371,20260414-142232,0.0,0.0
264.4415597444512,4.08902757363873,-95.74370442445719,64.67101406927682,0,0,2.7,-95.74370442445719,20260414-142232,0.0,0.0
266.6388997932094,3.970257520324225,-94.73111194655108,67.15909444872351,0,0,2.7,-94.73111194655108,20260414-142232,0.0,0.0
268.9181451558577,3.864582582221971,-93.73537744966971,69.58530175883605,0,0,2.7,-93.73537744966971,20260414-142232,0.0,0.0
271.27723135840097,3.770381444912167,-92.7566698145371,71.94954550937233,0,0,2.7,-92.7566698145371,20260414-142232,0.0,0.0
273.7140940126588,3.6862898338256693,-91.7951124705852,74.25191896226876,0,0,2.7,-91.7951124705852,20260414-142232,0.0,0.0
276.22667470239105,3.611151517974874,-90.85078593359046,76.49268476480277,0,0,2.7,-90.85078593359046,20260414-142232,0.0,0.0
278.8129263886258,3.543980109558308,-89.92373042819511,78.6722605007438,0,0,2.7,-89.92373042819511,20260414-142232,0.0,0.0
281.47081833454183,3.4839289825123907,-89.01394855978242,80.79120434067022,0,0,2.7,-89.01394855978242,20260414-142232,0.0,0.0
284.198340555892,3.4302673657218716,-88.12140800369048,82.85020094813653,0,0,2.7,-88.12140800369048,20260414-142232,0.0,0.0
283.83322574839076,11.015285700161149,127.80701996902451,-25.76721416714942,0,0,2.7,127.80701996902451,20260414-142232,0.0,0.0
283.0405197694042,12.989717543201778,129.0462575871593,-21.78958232371532,0,0,2.7,129.0462575871593,20260414-142232,0.0,0.0
282.3809284362915,15.880850760591654,130.29186965960372,-17.781221717480026,0,0,2.7,130.29186965960372,20260414-142232,0.0,0.0
281.8553862858743,20.502226288850704,131.54272005896155,-13.747550256976231,0,0,2.7,131.54272005896158,20260414-142232,0.0,0.0
281.46464419672105,29.03444369702456,132.7976431457538,-9.694163495392386,0,0,2.7,132.79764314575377,20260414-142232,0.0,0.0
281.2092640860612,49.9767913087718,134.05545007706803,-5.626797093648228,0,0,2.7,134.05545007706806,20260414-142232,0.0,0.0
281.0896148979384,181.19768807020606,135.3149354424845,-1.5512869832479799,0,0,2.7,135.3149354424845,20260414-142232,0.0,0.0
281.1058699489011,111.2641875802184,136.57488413651663,2.526472138631593,0,0,2.7,136.57488413651666,20260414-142232,0.0,0.0
281.258005675564,42.611173809620766,137.83407837054864,6.600569299784496,0,0,2.7,137.83407837054864,20260414-142232,0.0,0.0
281.5458018050929,26.398746693702275,139.09130472352035,10.6651200176961,0,0,2.7,139.09130472352038,20260414-142232,0.0,0.0
281.9688429457404,19.162901245186823,140.34536112957102,14.714308618407298,0,0,2.7,140.34536112957102,20260414-142232,0.0,0.0
282.52652157073067,15.074167574284566,141.5950637025437,18.74242940304713,0,0,2.7,141.5950637025437,20260414-142232,0.0,0.0
283.2180423457577,12.452469396394463,142.8392533016077,22.7439259901142,0,0,2.7,142.8392533016077,20260414-142232,0.0,0.0
284.0424277288169,10.632945552179732,144.07680174908216,26.71342821562636,0,0,2.7,144.07680174908214,20260414-142232,0.0,0.0
284.99852475163254,9.29976226877666,145.30661762056252,30.645786044283767,0,0,2.7,145.30661762056252,20260414-142232,0.0,0.0
286.0850128750955,8.283651385937851,146.52765153828415,34.53610002960135,0,0,2.7,146.52765153828415,20260414-142232,0.0,0.0
287.30041279728465,7.48572953443403,147.73890091087628,38.379747955855905,0,0,2.7,147.7389009108763,20260414-142232,0.0,0.0
288.6430960820762,6.844358999331877,148.93941407579416,42.17240739567468,0,0,2.7,148.93941407579413,20260414-142232,0.0,0.0
290.1112954691926,6.319120621366982,150.12829381428367,45.91007402014655,0,0,2.7,150.12829381428367,20260414-142232,0.0,0.0
291.70311572280053,5.882406804233382,151.30470022227058,49.58907559961189,0,0,2.7,151.30470022227058,20260414-142232,0.0,0.0
293.41654487532895,5.514718155117913,152.4678529336316,53.20608172931283,0,0,2.7,152.4678529336316,20260414-142232,0.0,0.0
295.24946572580313,5.20189042300811,153.61703270453222,56.758109401902495,0,0,2.7,153.61703270453225,20260414-142232,0.0,0.0
297.19966745738196,4.933386661698174,154.75158237857931,60.242524626091175,0,0,2.7,154.75158237857931,20260414-142232,0.0,0.0
299.26485724654435,4.701205955756779,155.8709072622077,63.65704035580164,0,0,2.7,155.8709072622077,20260414-142232,0.0,0.0
301.4426717460895,4.499163758161307,156.9744749478338,66.99971104614369,0,0,2.7,156.9744749478338,20260414-142232,0.0,0.0
303.73068833533546,4.322404132867831,158.06181462877998,70.26892419099555,0,0,2.7,158.06181462877998,20260414-142232,0.0,0.0
306.12643604318566,4.167061161812413,159.13251595479153,73.46338922225938,0,0,2.7,159.13251595479156,20260414-142232,0.0,0.0
308.6274060626479,4.030018877550371,160.18622748017788,76.58212416370756,0,0,2.7,160.18622748017785,20260414-142232,0.0,0.0
311.2310617885438,3.9087378208567327,161.22265475830966,79.62444043390123,0,0,2.7,161.22265475830966,20260414-142232,0.0,0.0
313.93484832318336,3.801127605107644,162.24155813653795,82.58992618436261,0,0,2.7,162.24155813653795,20260414-142232,0.0,0.0
316.3372824170281,2.098470885441113,105.53801652764423,-150.74656723223103,0,0,2.7,105.53801652764422,20260414-142232,0.0,0.0
311.3149686844509,2.0672878449460916,105.3051215862032,-150.59101200905528,0,0,2.7,105.30512158620317,20260414-142232,0.0,0.0
306.29796727253904,2.0361799898669277,105.06459316534108,-150.42774646486768,0,0,2.7,105.0645931653411,20260414-142232,0.0,0.0
301.286543562531,2.005151333679086,104.81605862473975,-150.25626171054398,0,0,2.7,104.81605862473972,20260414-142232,0.0,0.0
296.2809805854961,1.9742061806909939,104.55912130514429,-150.07600699628773,0,0,2.7,104.55912130514429,20260414-142232,0.0,0.0
291.28158048498034,1.9433491528737887,104.29335861965563,-149.88638560098093,0,0,2.7,104.29335861965562,20260414-142232,0.0,0.0
286.28866612430147,1.9125852197169777,104.01831996660837,-149.6867502545409,0,0,2.7,104.01831996660839,20260414-142232,0.0,0.0
281.3025828550356,1.881919731515816,103.73352444515342,-149.47639803343625,0,0,2.7,103.73352444515344,20260414-142232,0.0,0.0
276.32370046536965,1.8513584565595582,103.43845835248504,-149.25456466106044,0,0,2.7,103.43845835248504,20260414-142232,0.0,0.0
271.35241532942956,1.8209076227645502,103.13257243921532,-149.0204181349162,0,0,2.7,103.13257243921532,20260414-142232,0.0,0.0
266.3891527814784,1.790573964384551,102.81527889667149,-148.77305159133184,0,0,2.7,102.81527889667149,20260414-142232,0.0,0.0
261.4343697420658,1.7603647745356563,102.4859480468437,-148.51147530546683,0,0,2.7,102.48594804684369,20260414-142232,0.0,0.0
256.48855762686037,1.7302879643981501,102.1439047023116,-148.2346077094025,0,0,2.7,102.14390470231162,20260414-142232,0.0,0.0
251.55224557308586,1.7003521301069546,101.78842415969063,-147.94126529383232,0,0,2.7,101.7884241596906,20260414-142232,0.0,0.0
246.62600402328954,1.670566628521399,101.4187277859329,-147.63015123890966,0,0,2.7,101.41872778593293,20260414-142232,0.0,0.0
241.71044871169286,1.6409416632805371,101.03397815216283,-147.29984259676255,0,0,2.7,101.03397815216285,20260414-142232,0.0,0.0
236.80624510472464,1.6114883828106665,100.63327366459242,-146.9487758215797,0,0,2.7,100.63327366459244,20260414-142232,0.0,0.0
231.91411335463965,1.582218992267653,100.21564263643921,-146.5752304124841,0,0,2.7,100.2156426364392,20260414-142232,0.0,0.0
227.0348338335268,1.5531468817816467,99.78003673864526,-146.17731039905928,0,0,2.7,99.78003673864526,20260414-142232,0.0,0.0
222.16925332467662,1.5242867738429198,99.32532376060118,-145.75292335874556,0,0,2.7,99.3253237606012,20260414-142232,0.0,0.0
217.31829195939827,1.495654893246921,98.85027960505789,-145.29975660870633,0,0,2.7,98.85027960505788,20260414-142232,0.0,0.0
212.48295100015656,1.467269163732457,98.3535794340732,-144.81525016149038,0,0,2.7,98.35357943407318,20260414-142232,0.0,0.0
207.66432158557794,1.4391494363359336,97.83378787535668,-144.29656597322523,0,0,2.7,97.83378787535668,20260414-142232,0.0,0.0
202.86359456970206,1.4113177555946506,97.28934819102551,-143.74055294459657,0,0,2.7,97.28934819102552,20260414-142232,0.0,0.0
198.0820716071026,1.3837986711260002,96.71857030398064,-143.14370705813928,0,0,2.7,96.71857030398064,20260414-142232,0.0,0.0
193.3211776574437,1.3566196038701106,96.11961757147259,-142.50212595037306,0,0,2.7,96.11961757147257,20260414-142232,0.0,0.0
188.58247510794644,1.3298112785214533,95.49049219183718,-141.81145712466906,0,0,2.7,95.49049219183716,20260414-142232,0.0,0.0
183.86767974034015,1.3034082365384374,94.82901913010818,-141.0668389119988,0,0,2.7,94.82901913010818,20260414-142232,0.0,0.0
179.17867880033072,1.2774494478095404,94.13282845303337,-140.26283318496147,0,0,2.7,94.13282845303335,20260414-142232,0.0,0.0
174.51755146244346,1.2519790438435892,93.39933597640561,-139.39334873104002,0,0,2.7,93.3993359764056,20260414-142232,0.0,0.0
169.88659202108875,1.2270472016169551,92.6257221509826,-138.4515541025796,0,0,2.7,92.62572215098257,20260414-142232,0.0,0.0
165.2883361792714,1.202711215475132,91.8089091522703,-137.4297786971032,0,0,2.7,91.80890915227033,20260414-142232,0.0,0.0
160.72559084838528,1.1790368054855132,90.94553620041108,-136.3194008029295,0,0,2.7,90.94553620041107,20260414-142232,0.0,0.0
156.2014679140116,1.1560997254160013,90.03193322783972,-135.11072140234734,0,0,2.7,90.0319332278397,20260414-142232,0.0,0.0
151.71942246034345,1.133987753569734,89.06409314555344,-133.7928227026603,0,0,2.7,89.06409314555343,20260414-142232,0.0,0.0
147.2832959747543,1.1128031772206504,88.03764314861644,-132.35341072858068,0,0,2.7,88.03764314861644,20260414-142232,0.0,0.0
142.8973650665145,1.0926659195829025,86.94781576710432,-130.77864194854905,0,0,2.7,86.94781576710433,20260414-142232,0.0,0.0
138.56639621855328,1.0737175119173235,85.78942073445546,-129.05293494852017,0,0,2.7,85.78942073445549,20260414-142232,0.0,0.0
134.2957070323553,1.056126189833148,84.55681924127504,-127.15876978069447,0,0,2.7,84.55681924127504,20260414-142232,0.0,0.0
130.09123430086302,1.040093503362771,83.24390280492685,-125.07648002824695,0,0,2.7,83.24390280492683,20260414-142232,0.0,0.0
125.95960902131527,1.02586299271364,81.84407985416351,-122.78404613088105,0,0,2.7,81.84407985416348,20260414-142232,0.0,0.0
121.90823809719303,1.0137317242001715,80.35027424493705,-120.25690346563627,0,0,2.7,80.35027424493705,20260414-142232,0.0,0.0
117.94539192100699,1.0040658504005442,78.75494132308921,-117.46778547836873,0,0,2.7,78.75494132308923,20260414-142232,0.0,0.0
114.08029620892778,0.9973219334296803,77.05010884574313,-114.38663122209515,0,0,2.7,77.05010884574315,20260414-142232,0.0,0.0
110.32322529328172,0.9940766854417901,75.22745203509788,-110.98059828679273,0,0,2.7,75.22745203509787,20260414-142232,0.0,0.0
106.68559248270792,0.9950692757791485,73.27841415288455,-107.21423631452404,0,0,2.7,73.27841415288455,20260414-142232,0.0,0.0
103.18003099408035,1.0012628690327308,71.1943860013306,-103.04989247604613,0,0,2.7,71.1943860013306,20260414-142232,0.0,0.0
99.8204563041618,1.0139364283863839,68.96695922013305,-98.4484367161162,0,0,2.7,68.96695922013305,20260414-142232,0.0,0.0
96.62209760650767,1.0348257004984907,66.58826841636204,-93.37040775075782,0,0,2.7,66.58826841636204,20260414-142232,0.0,0.0
93.60148259119964,1.0663471348417903,64.05143494886113,-87.77768470779164,0,0,2.7,64.05143494886111,20260414-142232,0.0,0.0
90.77635644229467,1.1119678416411258,61.35111917453813,-81.63577492341872,0,0,2.7,61.35111917453813,20260414-142232,0.0,0.0
88.1655135689979,1.1768462595716085,58.48417658322907,-74.91676406490988,0,0,2.7,58.484176583229065,20260414-142232,0.0,0.0
85.78852035739105,1.2690067330398154,55.45039523672972,-67.60288824621975,0,0,2.7,55.450395236729726,20260414-142232,0.0,0.0
83.6653107064964,1.401650826197104,52.25326714887092,-59.69055141464395,0,0,2.7,52.25326714887091,20260414-142232,0.0,0.0
81.81564492441157,1.5981356749247018,48.90071682857433,-51.19442998997342,0,0,2.7,48.90071682857432,20260414-142232,0.0,0.0
80.25843782094775,1.9040647231796204,45.40568166997531,-42.15110801849384,0,0,2.7,45.405681669975316,20260414-142232,0.0,0.0
79.01098326688013,2.4220504850714546,41.78642042833772,-32.62152616300612,0,0,2.7,41.78642042833771,20260414-142232,0.0,0.0
78.08812752536853,3.4412963680546307,38.06642907763879,-22.69148575817428,0,0,2.7,38.06642907763878,20260414-142232,0.0,0.0
77.50146703331465,6.215232062029499,34.27387749988233,-12.46960149835622,0,0,2.7,34.27387749988233,20260414-142232,0.0,0.0
77.25866082512968,37.09945241350769,30.44054768134788,-2.0824744247977165,0,0,2.7,30.440547681347883,20260414-142232,0.0,0.0
77.36294656324583,9.284377087794677,26.600343893982654,8.332594188246386,0,0,2.7,26.600343893982668,20260414-142232,0.0,0.0
77.81292873090926,4.175307073068919,22.787534790339862,18.636456521439868,0,0,2.7,22.787534790339873,20260414-142232,0.0,0.0
78.60267045523473,2.739031453050841,19.034948264046733,28.697250032555846,0,0,2.7,19.034948264046726,20260414-142232,0.0,0.0
79.72207521123386,2.0761797890776204,15.372351019476639,38.398444889328104,0,0,2.7,15.372351019476652,20260414-142232,0.0,0.0
81.15750302686595,1.7033890438041734,11.825202021191103,47.64472527404377,0,0,2.7,11.825202021191116,20260414-142232,0.0,0.0
82.89253806830031,1.4706346262213763,8.413887654042696,56.36514780104355,0,0,2.7,8.413887654042691,20260414-142232,0.0,0.0
84.90881571151614,1.3161382335721845,5.1534534821958005,64.51360012622813,0,0,2.7,5.153453482195789,20260414-142232,0.0,0.0
87.1868261375452,1.2098016576260175,2.0537692214870162,72.0670413930752,0,0,2.7,2.05376922148702,20260414-142232,0.0,0.0
89.70663223320553,1.1352072780692124,-0.8799842118674519,79.02224903436199,0,0,2.7,-0.8799842118674426,20260414-142232,0.0,0.0
92.44846472271661,1.0826383612122177,-3.6466313310228315,85.39182430151757,0,0,2.7,-3.646631331022822,20260414-142232,0.0,0.0
95.39318078788386,1.0459768744937743,-6.24823690184175,91.20008588531337,0,0,2.7,-6.248236901841758,20260414-142232,0.0,0.0
98.52259030471716,1.0211786476859228,-8.689347681034462,96.47928942499696,0,0,2.7,-8.68934768103445,20260414-142232,0.0,0.0
101.81966513474266,1.0054632873481728,-10.976299849758306,101.26641759669187,0,0,2.7,-10.976299849758318,20260414-142232,0.0,0.0
105.26865233406308,0.9968562955619762,-13.116623868646684,105.60062950168563,0,0,2.7,-13.116623868646686,20260414-142232,0.0,0.0
108.85511319449945,0.9939168128505258,-15.118557683012625,109.52135207604147,0,0,2.7,-15.118557683012638,20260414-142232,0.0,0.0
112.56590834361648,0.9955687481129506,-16.99066528879075,113.06693641898602,0,0,2.7,-16.990665288790748,20260414-142232,0.0,0.0
116.38914606671182,1.000992218336088,-18.741549696789917,116.27377709307386,0,0,2.7,-18.741549696789928,20260414-142232,0.0,0.0
120.31410753245864,1.0095515811119653,-20.37964578472804,119.17579030477995,0,0,2.7,-20.379645784728027,20260414-142232,0.0,0.0
124.33115928360192,1.0207464351739877,-21.91307789245124,121.80415723167283,0,0,2.7,-21.91307789245123,20260414-142232,0.0,0.0
128.43166048352523,1.034177469054908,-23.34956806903614,124.18725443795796,0,0,2.7,-23.349568069036152,20260414-142232,0.0,0.0
132.60787008539626,1.04952216096678,-24.696382745843152,126.35070989186444,0,0,2.7,-24.696382745843152,20260414-142232,0.0,0.0
136.40541115156248,0.8013299661558642,84.16616795690084,-170.22377411633036,0,0,2.7,84.16616795690086,20260414-142232,0.0,0.0
130.7542803327085,0.774545232547086,85.24073274025255,-168.81426008229897,0,0,2.7,85.24073274025255,20260414-142232,0.0,0.0
125.15328433497929,0.7484778881516332,86.41192106893823,-167.21039634723937,0,0,2.7,86.41192106893826,20260414-142232,0.0,0.0
119.60946641027107,0.7232526474700348,87.69225424005583,-165.37715669437162,0,0,2.7,87.69225424005585,20260414-142232,0.0,0.0
114.13115898245005,0.6990249111998791,89.09625822668085,-163.27194804337296,0,0,2.7,89.09625822668086,20260414-142232,0.0,0.0
108.72826480274,0.675990822829141,90.640803255695,-160.84281195962544,0,0,2.7,90.64080325569502,20260414-142232,0.0,0.0
103.41260466675303,0.6544015575781702,92.34548298782954,-158.02622024535765,0,0,2.7,92.34548298782954,20260414-142232,0.0,0.0
98.198346022321,0.634584078508706,94.23302038961327,-154.7444213430164,0,0,2.7,94.23302038961326,20260414-142232,0.0,0.0
93.1025275687334,0.6169720532871016,96.32967041081184,-150.9023416420599,0,0,2.7,96.32967041081184,20260414-142232,0.0,0.0
88.14569324966462,0.6021532499924843,98.66556048881472,-146.3841526235469,0,0,2.7,98.6655604888147,20260414-142232,0.0,0.0
83.35264217678477,0.5909446585394752,101.27486231331125,-141.04982754695092,0,0,2.7,101.27486231331127,20260414-142232,0.0,0.0
78.75328436229313,0.5845163039495211,104.195614580616,-134.73239981530827,0,0,2.7,104.19561458061601,20260414-142232,0.0,0.0
74.38355838796114,0.5846050319642848,107.4689107340514,-127.23728726389999,0,0,2.7,107.46891073405142,20260414-142232,0.0,0.0
70.28630620307332,0.5939050559795048,111.13703211189699,-118.34603106241084,0,0,2.7,111.137032111897,20260414-142232,0.0,0.0
66.51190150265649,0.6168330242253268,115.23997821365572,-107.82804890543592,0,0,2.7,115.23997821365569,20260414-142232,0.0,0.0
63.11828866450603,0.6611663257918909,119.80981440105347,-95.46506862536913,0,0,2.7,119.8098144010535,20260414-142232,0.0,0.0
60.16993274869667,0.741990628699832,124.86250802281745,-81.09257775146115,0,0,2.7,124.86250802281744,20260414-142232,0.0,0.0
57.73508786378857,0.8929200635821997,130.38771583353645,-64.6587418275361,0,0,2.7,130.38771583353645,20260414-142232,0.0,0.0
55.88091852239035,1.2071483318041603,136.33847477346785,-46.291675223435675,0,0,2.7,136.33847477346788,20260414-142232,0.0,0.0
54.666542416569655,2.0744859487859704,142.62457251006595,-26.3518499359138,0,0,2.7,142.62457251006595,20260414-142232,0.0,0.0
54.135032883236775,9.957611216250966,149.11425810479352,-5.436548154730888,0,0,2.7,149.1142581047935,20260414-142232,0.0,0.0
54.30644373705187,3.461697236534784,155.64716275816886,15.687808617085624,0,0,2.7,155.64716275816883,20260414-142232,0.0,0.0
55.17422403688131,1.5234641185850633,162.0565011195862,36.216293750406855,0,0,2.7,162.05650111958622,20260414-142232,0.0,0.0
56.70641308871775,1.0226285307008933,168.19351338381932,55.45162430570178,0,0,2.7,168.19351338381932,20260414-142232,0.0,0.0
58.85114011907131,0.807197178554974,173.94575880298794,72.90801018956147,0,0,2.7,173.9457588029879,20260414-142232,0.0,0.0
61.544400410197895,0.6966580301494865,179.24447259739077,88.3423397803825,0,0,2.7,179.24447259739074,20260414-142232,0.0,0.0
62.6973226833201,0.5176240735433402,-77.71182523916552,-121.12520627978583,0,0,2.7,-77.71182523916552,20260414-142232,0.0,0.0
58.97838847030028,0.5815938217135295,-71.75395399328484,-101.40821010879093,0,0,2.7,-71.75395399328484,20260414-142232,0.0,0.0
55.97769106533861,0.7174491644217553,-65.0778148943765,-78.0232159172631,0,0,2.7,-65.0778148943765,20260414-142232,0.0,0.0
53.8155093166913,1.0515146151514752,-57.75783800446716,-51.17904072968015,0,0,2.7,-57.75783800446716,20260414-142232,0.0,0.0
52.59535858399333,2.4246552530067556,-49.964289083139136,-21.691891463238377,0,0,2.7,-49.96428908313915,20260414-142232,0.0,0.0
52.38310798051554,5.808117351167513,-41.95624815378579,9.018947933272354,0,0,2.7,-41.9562481537858,20260414-142232,0.0,0.0
53.1908245318064,1.3564576069258676,-34.03843483769714,39.213038623707874,0,0,2.7,-34.038434837697146,20260414-142232,0.0,0.0
54.97356803595742,0.8169790782681149,-26.495949127142865,67.28883211121385,0,0,2.7,-26.495949127142865,20260414-142232,0.0,0.0
57.64094123442311,0.6254146454380897,-19.538775712650732,92.16436112404573,0,0,2.7,-19.538775712650743,20260414-142232,0.0,0.0
61.07715273104955,0.5386284136426518,-13.279784554993796,113.39385592006782,0,0,2.7,-13.279784554993807,20260414-142232,0.0,0.0
65.16068308903188,0.4972316807943266,-7.745503714018525,131.04692562014114,0,0,2.7,-7.745503714018523,20260414-142232,0.0,0.0
69.77797798075044,0.47958579021776593,-2.903075213236349,145.49634164320483,0,0,2.7,-2.903075213236344,20260414-142232,0.0,0.0
74.83029705333594,0.4759205323207658,1.3123958224063301,157.2327562512076,0,0,2.7,1.3123958224063323,20260414-142232,0.0,0.0
80.23550372905036,0.4811783004030074,-4.977634552560886,166.7479677737955,0,0,2.7,-4.9776345525608825,20260414-142232,0.0,0.0
85.92702901749816,0.49247847968586433,-8.169012827565211,174.47874894413286,0,0,2.7,-8.169012827565222,20260414-142232,0.0,0.0
91.85166372172604,0.508059919471804,-10.956446746044236,180.78903727973287,0,0,2.7,-10.95644674604424,20260414-142232,0.0,0.0
97.96712457084607,0.5267852807782575,-13.401084215892496,185.97164375229363,0,0,2.7,-13.40108421589249,20260414-142232,0.0,0.0
104.23983125689458,0.5478873065376298,-15.55504759679792,190.25779574204319,0,0,2.7,-15.555047596797914,20260414-142232,0.0,0.0
110.64304270855712,0.570829618066226,-17.46214317667895,193.82848963474882,0,0,2.7,-17.46214317667896,20260414-142232,0.0,0.0
117.15536238134767,0.595225947888484,-19.158929968649232,196.82502551669134,0,0,2.7,-19.158929968649236,20260414-142232,0.0,0.0
123.7595674085755,0.6207910608030207,-20.675840114905583,199.35784392334358,0,0,2.7,-20.675840114905593,20260414-142232,0.0,0.0
130.4417021936089,0.6473097487586124,-22.038212271559928,201.51357590977946,0,0,2.7,-22.038212271559935,20260414-142232,0.0,0.0
137.19038002983345,0.6746165834077763,-23.267187871905662,203.36052122648138,0,0,2.7,-23.267187871905676,20260414-142232,0.0,0.0
138.1722343592729,5.177047551055583,69.1865231933408,26.689388690490205,0,0,2.7,69.18652319334082,20260414-142232,0.0,0.0
139.24739017711568,3.686037218281945,66.22867803396997,37.7769897402226,0,0,2.7,66.22867803396998,20260414-142232,0.0,0.0
140.6874051879212,2.8966860937164784,63.32375818899425,48.568398727463695,0,0,2.7,63.32375818899426,20260414-142232,0.0,0.0
142.48121725319137,2.4151700553825206,60.48482453834188,58.99427948589104,0,0,2.7,60.48482453834189,20260414-142232,0.0,0.0
144.61566148056124,2.0959398822820874,57.72306665726856,68.99800070749251,0,0,2.7,57.723066657268554,20260414-142232,0.0,0.0
147.07590830940944,1.8727110724209004,55.04765061387107,78.53635858481935,0,0,2.7,55.04765061387108,20260414-142232,0.0,0.0
149.84591101756405,1.7109713228323067,52.46568220027618,87.5794404137132,0,0,2.7,52.465682200276184,20260414-142232,0.0,0.0
152.9088364889289,1.5909809012850251,49.98226964892217,96.10978759419764,0,0,2.7,49.982269648922156,20260414-142232,0.0,0.0
156.24745914151896,1.5006326678580895,47.60066383106374,104.12105673038356,0,0,2.7,47.600663831063756,20260414-142232,0.0,0.0
159.84450470388919,1.4320882083321784,45.32245184871326,111.61638212917443,0,0,2.7,45.32245184871326,20260414-142232,0.0,0.0
163.6829369969608,1.3800489008126355,43.14778106680916,118.60662104116517,0,0,2.7,43.14778106680917,20260414-142232,0.0,0.0
167.74618632904532,1.3408043240201086,41.07559391293083,125.10862571362766,0,0,2.7,41.07559391293082,20260414-142232,0.0,0.0
172.01832221014976,1.3116786831967087,39.10385811538731,131.14364395319876,0,0,2.7,39.10385811538732,20260414-142232,0.0,0.0
176.48417580088986,1.2906936877115691,37.22978157673646,136.73590990733095,0,0,2.7,37.22978157673645,20260414-142232,0.0,0.0
181.1294189918144,1.276355181387972,35.45000519372766,141.9114535147225,0,0,2.7,35.450005193727655,20260414-142232,0.0,0.0
185.94060751910402,1.2675135820172092,33.76077031785036,146.69713220996434,0,0,2.7,33.76077031785036,20260414-142232,0.0,0.0
189.6968259468604,1.0294382224640712,176.5818731172496,-184.27218050326576,0,0,2.7,176.5818731172496,20260414-142232,0.0,0.0
183.59813098714483,1.0109697570776892,175.3315917077565,-181.60595774680132,0,0,2.7,175.33159170775653,20260414-142232,0.0,0.0
177.5928410302276,0.994012959256259,173.99608140593568,-178.66250070130496,0,0,2.7,173.99608140593566,20260414-142232,0.0,0.0
171.69075753795875,0.9788107732155521,172.5679300821638,-175.40750698311868,0,0,2.7,172.56793008216383,20260414-142232,0.0,0.0
165.902895750147,0.965661148844972,171.0391244362565,-171.80239253550127,0,0,2.7,171.0391244362565,20260414-142232,0.0,0.0
160.24163306758237,0.9549335432303252,169.40105818754012,-167.803963117183,0,0,2.7,169.4010581875401,20260414-142232,0.0,0.0
154.72086696241988,0.9470917418356578,167.6445693172986,-163.36418123817566,0,0,2.7,167.6445693172986,20260414-142232,0.0,0.0
149.35617809315926,0.9427260155078331,165.7600184928625,-158.4301012555628,0,0,2.7,165.7600184928625,20260414-142232,0.0,0.0
144.16499142005225,0.9425993950033489,163.7374239673822,-152.9440737860224,0,0,2.7,163.7374239673822,20260414-142232,0.0,0.0
139.1667241952886,0.9477158647144447,161.56667144490837,-146.84435428040533,0,0,2.7,161.5666714449084,20260414-142232,0.0,0.0
134.38290460808943,0.9594236269099171,159.23781999153272,-140.06628650672891,0,0,2.7,159.23781999153272,20260414-142232,0.0,0.0
129.83723862637316,0.9795764511251448,156.7415259604885,-132.54426285691298,0,0,2.7,156.74152596048853,20260414-142232,0.0,0.0
125.55559554592628,1.0107951695730453,154.06960439084867,-124.21467704377766,0,0,2.7,154.06960439084864,20260414-142232,0.0,0.0
121.5658758337151,1.0569102040564016,151.21573913661655,-115.02006070823003,0,0,2.7,151.21573913661652,20260414-142232,0.0,0.0
117.89771972816015,1.123750410108617,148.1763364434754,-104.9145065199706,0,0,2.7,148.17633644347544,20260414-142232,0.0,0.0
114.58201439378227,1.2206418615741927,144.95148960542588,-93.87029725984682,0,0,2.7,144.95148960542588,20260414-142232,0.0,0.0
111.65016472683602,1.3634935328494122,141.54598441160772,-81.88536435043507,0,0,2.7,141.5459844116077,20260414-142232,0.0,0.0
109.1331118408976,1.5818501328958643,137.97023007580543,-68.99080359851132,0,0,2.7,137.97023007580543,20260414-142232,0.0,0.0
107.06011615994848,1.9374853703325772,134.24095803369846,-55.257251383307825,0,0,2.7,134.24095803369846,20260414-142232,0.0,0.0
105.45736768875382,2.584827223859805,130.38150761743054,-40.79861381654713,0,0,2.7,130.38150761743051,20260414-142232,0.0,0.0
104.34653747516458,4.048890550117613,126.42153237792775,-25.77163699130704,0,0,2.7,126.42153237792776,20260414-142232,0.0,0.0
103.74342833079302,10.003923793171577,122.39602763117148,-10.370273752145698,0,0,2.7,122.39602763117149,20260414-142232,0.0,0.0
103.65690288713245,19.990775352575714,118.34369640156842,5.185236743395086,0,0,2.7,118.34369640156844,20260414-142232,0.0,0.0
104.08824941382183,5.037320246268601,114.3048119560707,20.663417119633255,0,0,2.7,114.30481195607071,20260414-142232,0.0,0.0
105.0310876429979,2.9306809725024587,110.31885664301478,35.83845823836418,0,0,2.7,110.31885664301481,20260414-142232,0.0,0.0
106.47183022970813,2.1080950307600355,106.42227417320396,50.50618149378287,0,0,2.7,106.42227417320395,20260414-142232,0.0,0.0
108.39062435936066,1.6805652659644883,102.64664311028383,64.49652777820236,0,0,2.7,102.64664311028383,20260414-142232,0.0,0.0
110.76262826926697,1.4258650320429678,99.01747489871303,77.6810047095181,0,0,2.7,99.01747489871303,20260414-142232,0.0,0.0
113.55944588089167,1.26212536791368,95.55369985636781,89.97477490576698,0,0,2.7,95.55369985636783,20260414-142232,0.0,0.0
116.75055131343092,1.1521342123523317,92.26777584052172,101.33415886944228,0,0,2.7,92.2677758405217,20260414-142232,0.0,0.0
120.30457294201462,1.0765416817317914,90.83373045744605,111.7509660643007,0,0,2.7,90.83373045744607,20260414-142232,0.0,0.0
121.32940038204754,0.7480182154133576,-101.62839994599842,-162.20113077727723,0,0,2.7,-101.62839994599842,20260414-142232,0.0,0.0
115.97490321258555,0.7294184768267431,-99.90915770791378,-158.99638807769435,0,0,2.7,-99.90915770791378,20260414-142232,0.0,0.0
110.73486940107149,0.7129434894107254,-98.02537069454323,-155.3206825587229,0,0,2.7,-98.02537069454323,20260414-142232,0.0,0.0
105.62633561464926,0.6990885894791675,-95.95694609187314,-151.09148855274927,0,0,2.7,-95.95694609187314,20260414-142232,0.0,0.0
100.66932302090382,0.6885160543356217,-93.68160366944531,-146.21201987518492,0,0,2.7,-93.68160366944531,20260414-142232,0.0,0.0
95.88733371826551,0.6821319023960051,-91.17502050155508,-140.57007652253017,0,0,2.7,-91.17502050155508,20260414-142232,0.0,0.0
91.30787088587351,0.6812093872388675,-88.41125659339897,-134.0378928951198,0,0,2.7,-88.41125659339897,20260414-142232,0.0,0.0
86.96293550603652,0.6875960414373654,-85.3636116187458,-126.47387457939307,0,0,2.7,-85.3636116187458,20260414-142232,0.0,0.0
82.88941648935148,0.7040785976492563,-82.00610190401987,-117.72750480713187,0,0,2.7,-82.00610190401987,20260414-142232,0.0,0.0
79.12924192778335,0.7350666859833808,-78.31576345589697,-107.64906563806974,0,0,2.7,-78.31576345589697,20260414-142232,0.0,0.0
75.72910165972228,0.7879755445000184,-74.27594303843273,-96.10590352492913,0,0,2.7,-74.27594303843273,20260414-142232,0.0,0.0
72.73950162266594,0.8763127865129118,-69.88057855786013,-83.00632233396514,0,0,2.7,-69.88057855786013,20260414-142232,0.0,0.0
70.21290267779479,1.0275526639036088,-65.13913569763058,-68.33022300877536,0,0,2.7,-65.13913569763058,20260414-142232,0.0,0.0
68.2007819351914,1.307480602758767,-60.08135644971105,-52.16198373519931,0,0,2.7,-60.08135644971105,20260414-142232,0.0,0.0
66.74968133784586,1.9227097210162811,-54.76042266772092,-34.71646323323532,0,0,2.7,-54.76042266772091,20260414-142232,0.0,0.0
65.8966737312195,4.0313990114245595,-49.2528745910156,-16.345857491276668,0,0,2.7,-49.25287459101558,20260414-142232,0.0,0.0
65.66507143813983,26.447286276373575,-43.65406840011639,2.4828661342393032,0,0,2.7,-43.65406840011637,20260414-142232,0.0,0.0
66.06141046871168,3.110084191469131,-38.06926834273287,21.241036062597978,0,0,2.7,-38.069268342732876,20260414-142232,0.0,0.0
67.07456035828785,1.701981173237687,-32.60218729862072,39.40969583740553,0,0,2.7,-32.60218729862072,20260414-142232,0.0,0.0
68.67722831770352,1.2144933390475565,-27.343937903328822,56.54804856448397,0,0,2.7,-27.34393790332881,20260414-142232,0.0,0.0
70.82940829591016,0.9791298124486209,-22.365165361885232,72.33913970894118,0,0,2.7,-22.365165361885243,20260414-142232,0.0,0.0
73.482833489856,0.8484915238171944,-17.712735691071373,86.60408669643672,0,0,2.7,-17.712735691071362,20260414-142232,0.0,0.0
76.58542226722686,0.7713385494588576,-13.410659296009385,99.28898577797821,0,0,2.7,-13.41065929600937,20260414-142232,0.0,0.0
80.0849882187878,0.7251711673572142,-9.463830739874254,110.43597956417163,0,0,2.7,-9.463830739874256,20260414-142232,0.0,0.0
82.85274812637341,9.766426006719644,-137.863033162852,8.483425571377678,0,0,2.7,-137.863033162852,20260414-142232,0.0,0.0
83.37593972290601,3.646792828356039,-142.21513056573238,22.862812242748536,0,0,2.7,-142.21513056573238,20260414-142232,0.0,0.0
82.7845937631423,0.9001697768965939,-98.66858994778912,-91.96553348919211,0,0,2.7,-98.66858994778912,20260414-142232,0.0,0.0
79.78883695614039,0.6686615992058004,-117.35867407380034,-119.32618390365052,0,0,2.7,-117.35867407380034,20260414-142232,0.0,0.0
76.06638735213552,0.7339035945364141,-122.05230865170233,-103.64629348924838,0,0,2.7,-122.05230865170233,20260414-142232,0.0,0.0
72.90444857294187,0.8508040457948873,-127.1903045660349,-85.68888327843912,0,0,2.7,-127.1903045660349,20260414-142232,0.0,0.0
70.37860835205797,1.074388501632722,-132.74479366786534,-65.50573488557009,0,0,2.7,-132.74479366786534,20260414-142232,0.0,0.0
68.55920769924369,1.5808557566638881,-138.6525380560258,-43.36841448705324,0,0,2.7,-138.6525380560258,20260414-142232,0.0,0.0
65.36412206676945,0.5242510804368278,93.54517718204607,-124.68094870172771,0,0,2.7,93.54517718204606,20260414-142232,0.0,0.0
61.37887500740909,0.5379336004049355,97.82034559859977,-114.10121056057002,0,0,2.7,97.82034559859976,20260414-142232,0.0,0.0
57.78132277302672,0.570018335912382,102.65781474601852,-101.36748089083986,0,0,2.7,102.65781474601853,20260414-142232,0.0,0.0
54.64808639134752,0.6339382030872851,108.0927901036797,-86.20412230279042,0,0,2.7,108.09279010367973,20260414-142232,0.0,0.0
52.0630632183855,0.7604042719203857,114.12681267415809,-68.4676101133694,0,0,2.7,114.12681267415807,20260414-142232,0.0,0.0
50.11116520035196,1.0383530708700868,120.70945303785845,-48.26023691379019,0,0,2.7,120.70945303785842,20260414-142232,0.0,0.0
48.86831616090597,1.8772698492896294,127.72452681145603,-26.031588468433586,0,0,2.7,127.72452681145604,20260414-142232,0.0,0.0
48.38918155618566,18.603650685580327,134.99056327837002,-2.601058382250322,0,0,2.7,134.99056327837,20260414-142232,0.0,0.0
48.696309711955294,2.3239368554076876,142.28240425864215,20.954231006165834,0,0,2.7,142.28240425864215,20260414-142232,0.0,0.0
49.775148297697534,1.1435002329468649,149.37014993293639,43.528760960042966,0,0,2.7,149.37014993293639,20260414-142232,0.0,0.0
51.57729458941046,0.8029857292172912,156.06012756953578,64.23189443190395,0,0,2.7,156.06012756953578,20260414-142232,0.0,0.0
54.030420754217836,0.6546712048449447,162.22109421910636,82.53062049218225,0,0,2.7,162.22109421910636,20260414-142232,0.0,0.0
57.05061381968415,0.5806472985256503,167.78902235810165,98.25347326086614,0,0,2.7,167.78902235810162,20260414-142232,0.0,0.0
60.55308273025904,0.5430762476834432,172.755585401286,111.50014935942323,0,0,2.7,172.75558540128603,20260414-142232,0.0,0.0
64.4592603097677,0.5260864342165714,177.15011946919662,122.52598834972443,0,0,2.7,177.15011946919662,20260414-142232,0.0,0.0
68.70031857158398,0.5218524874070818,-178.9773472488091,131.64700797524966,0,0,2.7,-178.9773472488091,20260414-142232,0.0,0.0
70.61884275808052,2.6230518166985672,-130.3001597299631,-26.92239715148403,0,0,2.7,-130.3001597299631,20260414-142232,0.0,0.0
69.9079620493197,4.460253251470357,-126.11368750682266,-15.673540964579534,0,0,2.7,-126.11368750682266,20260414-142232,0.0,0.0
69.57676991328698,16.682377029281977,-121.86439883329878,-4.170674825965231,0,0,2.7,-121.86439883329878,20260414-142232,0.0,0.0
69.63068442520553,9.408199392063654,-117.59815771060757,7.401063851170387,0,0,2.7,-117.59815771060757,20260414-142232,0.0,0.0
70.06881662877841,3.716989564996199,-113.36193046804011,18.850958659834188,0,0,2.7,-113.36193046804011,20260414-142232,0.0,0.0
70.88404236688903,2.362949956248903,-109.2007405471501,29.998114085926247,0,0,2.7,-109.2007405471501,20260414-142232,0.0,0.0
72.06356505935017,1.7712535402887293,-105.15492860482783,40.68506479744464,0,0,2.7,-105.15492860482783,20260414-142232,0.0,0.0
73.5898695754667,1.4489804632931678,-101.25811140055677,50.78734423252019,0,0,2.7,-101.25811140055677,20260414-142232,0.0,0.0
75.44191108053889,1.2528143275019041,-97.5360483073825,60.21795043721211,0,0,2.7,-97.5360483073825,20260414-142232,0.0,0.0
77.59636936811155,1.1257770415898094,-94.00641502491571,68.92694245969953,0,0,2.7,-94.00641502491571,20260414-142232,0.0,0.0
77.89444987766807,0.7654811227282033,32.72614114061986,-101.75881228794948,0,0,2.7,32.726141140619845,20260414-142232,0.0,0.0
74.79090064294974,0.8893609654480444,37.75951223889953,-84.09510148140063,0,0,2.7,37.759512238899525,20260414-142232,0.0,0.0
72.31140208259447,1.123862488847947,43.182624438390974,-64.34185925781695,0,0,2.7,43.18262443839097,20260414-142232,0.0,0.0
70.52180852931774,1.6491163467177716,48.93510450790936,-42.76339184295696,0,0,2.7,48.93510450790935,20260414-142232,0.0,0.0
69.47545350891126,3.5006176968049783,54.92323920626313,-19.846626945959184,0,0,2.7,54.92323920626315,20260414-142232,0.0,0.0
69.20605722926327,18.560638307602662,61.02564917956303,3.7286464011809133,0,0,2.7,61.02564917956304,20260414-142232,0.0,0.0
69.7226263783807,2.565377435114508,67.10634383484836,27.17831123951886,0,0,2.7,67.10634383484835,20260414-142232,0.0,0.0
71.00800980105343,1.4276227753823036,73.0321703687969,49.738636161809744,0,0,2.7,73.0321703687969,20260414-142232,0.0,0.0
73.02161897439528,1.0316164003594346,78.68938382864548,70.78369338540293,0,0,2.7,78.68938382864548,20260414-142232,0.0,0.0
75.70536820004948,0.8421403835830304,83.99453889878129,89.8963755638318,0,0,2.7,83.9945388987813,20260414-142232,0.0,0.0
78.99098218085653,0.739064052541022,88.8977603656549,106.87975136833232,0,0,2.7,88.8977603656549,20260414-142232,0.0,0.0
82.80684942935433,0.6802935291339617,93.37958320313368,121.72223589245432,0,0,2.7,93.37958320313366,20260414-142232,0.0,0.0
87.08329296635009,0.6472588134000872,97.44419157225082,134.54168744168445,0,0,2.7,97.44419157225083,20260414-142232,0.0,0.0
91.75593752035118,0.6304954771024517,101.111801059296,145.5298901461293,0,0,2.7,101.11180105929597,20260414-142232,0.0,0.0
96.76740557409842,0.624673094015314,104.41194106099135,154.90887393931223,0,0,2.7,104.41194106099132,20260414-142232,0.0,0.0
102.06780122924933,0.6265603179585383,107.37835437438696,162.90179620983196,0,0,2.7,107.37835437438693,20260414-142232,0.0,0.0
107.61444080109827,0.634084236049944,110.04553870440367,169.71631635488563,0,0,2.7,110.04553870440365,20260414-142232,0.0,0.0
113.37118789631097,0.6458539468628579,112.4466337606977,175.53688174701898,0,0,2.7,112.4466337606977,20260414-142232,0.0,0.0
114.61323527360571,0.864518291945678,163.55162946070004,-132.5746792652103,0,0,2.7,163.55162946070007,20260414-142232,0.0,0.0
110.28743030794996,0.8693374579011239,161.19405852009606,-126.86377344675944,0,0,2.7,161.19405852009606,20260414-142232,0.0,0.0
106.16337923314785,0.8813367378911046,158.6487225883625,-120.457226697686,0,0,2.7,158.64872258836252,20260414-142232,0.0,0.0
102.26549329413923,0.902753562237119,155.90357739567673,-113.28173886205943,0,0,2.7,155.90357739567673,20260414-142232,0.0,0.0
98.62059302908459,0.9368627372793906,152.9482958640789,-105.26685404894486,0,0,2.7,152.94829586407886,20260414-142232,0.0,0.0
95.25772326874731,0.9886564896417869,149.7753899729729,-96.35067818475696,0,0,2.7,149.7753899729729,20260414-142232,0.0,0.0
92.20774662415505,1.066140188839378,146.38156543301886,-86.4874503272729,0,0,2.7,146.38156543301884,20260414-142232,0.0,0.0
89.50265613313235,1.1830096168767554,142.76923540006788,-75.65674433773992,0,0,2.7,142.76923540006788,20260414-142232,0.0,0.0
87.1745639191233,1.364799749848589,138.94803961379546,-63.87351985431888,0,0,2.7,138.9480396137955,20260414-142232,0.0,0.0
85.25436033608554,1.665204468767304,134.93612609004617,-51.19753275656084,0,0,2.7,134.93612609004614,20260414-142232,0.0,0.0
81.32260009570146,0.4375520448885697,158.1086666196113,-185.85811915565768,0,0,2.7,158.10866661961128,20260414-142232,0.0,0.0
75.13052238196074,0.40467019854630276,158.63689935045227,-185.65864907238588,0,0,2.7,158.63689935045224,20260414-142232,0.0,0.0
68.94597726520172,0.371870706476866,159.25995959173576,-185.403087859223,0,0,2.7,159.25995959173574,20260414-142232,0.0,0.0
62.771191237124114,0.3391783629650293,160.0057036119299,-185.06838316097446,0,0,2.7,160.00570361192993,20260414-142232,0.0,0.0
56.609357867829495,0.3066290256079792,160.91397662452005,-184.61839271603642,0,0,2.7,160.91397662452002,20260414-142232,0.0,0.0
50.46522196220737,0.2742765606998445,162.04375835395706,-183.99392873178894,0,0,2.7,162.0437583539571,20260414-142232,0.0,0.0
44.3461400551188,0.24220577214219322,163.48602205475697,-183.09282913821,0,0,2.7,163.48602205475694,20260414-142232,0.0,0.0
38.2641337088409,0.21055833620161074,165.38832159275273,-181.72699499393264,0,0,2.7,165.38832159275273,20260414-142232,0.0,0.0
32.24019230392994,0.17959008047781364,168.00534936086774,-179.52100816566457,0,0,2.7,168.00534936086774,20260414-142232,0.0,0.0
67.05553102007048,1.207836059687911,-51.91306305146165,-55.51707989029302,0,0,16.0,-51.913063051461656,20260414-142232,0.0,0.0
61.69728804003257,0.39596622935104847,-47.89983460784444,-155.81452019569608,0,0,16.0,-47.89983460784444,20260414-142232,0.0,0.0
56.69802873650774,0.3947605152606457,-43.15192431197127,-143.62639257138505,0,0,16.0,-43.151924311971264,20260414-142232,0.0,0.0
52.16107335664181,0.4077089271304149,-37.533414271459094,-127.9370400932058,0,0,16.0,-37.5334142714591,20260414-142232,0.0,0.0
48.217099506586656,0.4468075627472287,-30.922586905248522,-107.91468973828536,0,0,16.0,-30.922586905248526,20260414-142232,0.0,0.0
45.022214471738174,0.5429463739122834,-23.257667007161558,-82.9220280951942,0,0,16.0,-23.25766700716155,20260414-142232,0.0,0.0
42.744717884790184,0.8072654964876156,-14.604355178448998,-52.95001219644712,0,0,16.0,-14.604355178448998,20260414-142232,0.0,0.0
41.53579201317116,2.1746496027244757,-5.218397285445604,-19.099992918920684,0,0,16.2,-5.218397285445592,20260414-142232,0.0,0.0
41.48895189411904,2.543842062964314,4.4543385401610465,16.30956280586554,0,0,16.2,4.45433854016105,20260414-142232,0.0,0.0
42.60803023355616,0.8457038386880283,13.881408194134309,50.38173919093896,0,0,16.2,13.881408194134316,20260414-142232,0.0,0.0
44.80575132161882,0.5550844289847223,22.604960991163438,80.71880417105343,0,0,16.2,22.604960991163434,20260414-142232,0.0,0.0
47.93398024998402,0.4517037606695656,30.352906318585042,106.11817838073993,0,0,16.2,30.352906318585028,20260414-142232,0.0,0.0
51.824488166473664,0.4096254560829133,37.04634298450665,126.51676646771617,0,0,16.2,37.046342984506644,20260414-142232,0.0,0.0
51.41582908788202,2.294735098881999,77.74846259811079,-22.4059975867942,0,0,16.2,77.7484625981108,20260414-142232,0.0,0.0
50.68970668631472,2.396400905338267,79.38769578510448,-21.15243178776865,0,0,16.2,79.38769578510446,20260414-142232,0.0,0.0
50.006260331993104,2.5197809848503647,81.07314857423705,-19.845478885920986,0,0,16.2,81.07314857423705,20260414-142232,0.0,0.0
49.367262493819084,2.6705725588496536,82.80376462290468,-18.48564733065481,0,0,16.2,82.8037646229047,20260414-142232,0.0,0.0
48.77446017304885,2.856656918456359,84.57810122618127,-17.073964975606845,0,0,16.2,84.57810122618127,20260414-142232,0.0,0.0
48.22955680396766,3.0892569597852364,86.39430720544368,-15.612024972930888,0,0,16.2,86.39430720544368,20260414-142232,0.0,0.0
47.734192767219604,3.384918183532377,88.25010731411089,-14.102022612967838,0,0,16.2,88.25010731411089,20260414-142232,0.0,0.0
45.244464018642674,0.5317042920348711,-23.904043793033907,-85.09328342167186,0,0,16.2,-23.904043793033917,20260414-142232,0.0,0.0
42.88816687231555,0.7728549822132725,-15.322579774365465,-55.49316218353676,0,0,16.2,-15.32257977436547,20260414-142232,0.0,0.0
41.59000109402402,1.9008002098911294,-5.98059952476342,-21.88025910224733,0,0,16.2,-5.980599524763421,20260414-142232,0.0,0.0
41.449505718817115,3.067967007739712,3.6886891433800315,13.51041442566051,0,0,16.2,3.688689143380026,20260414-142232,0.0,0.0
42.47816918921514,0.888864461905213,13.153924505366547,47.7892536035994,0,0,16.2,13.153924505366545,20260414-142232,0.0,0.0
44.595158829192656,0.5682080545716905,21.94600420654703,78.48385546524509,0,0,16.2,21.94600420654704,20260414-142232,0.0,0.0
45.768737527334785,18.301070721448717,102.07039841045861,-2.5008775838286974,0,0,16.2,102.07039841045861,20260414-142232,0.0,0.0
45.71440633811161,60.312532339693135,104.11245625980183,-0.7579586623993543,0,0,16.2,104.11245625980185,20260414-142232,0.0,0.0
45.71823907525329,46.28056136864992,106.15677063783926,0.9878497088892801,0,0,16.2,106.15677063783927,20260414-142232,0.0,0.0
45.7802211302455,16.769965913678586,108.19814481323783,2.7298935111671527,0,0,16.2,108.19814481323786,20260414-142232,0.0,0.0
45.900116934736225,10.287838133948012,110.23142669959384,4.461590116126935,0,0,16.2,110.23142669959385,20260414-142232,0.0,0.0
46.0774744078586,7.4600649584037715,112.2515860980821,6.176551365809795,0,0,16.2,112.2515860980821,20260414-142232,0.0,0.0
46.31163337960983,5.8855521093275325,114.25378739767496,7.868698215451069,0,0,16.2,114.25378739767496,20260414-142232,0.0,0.0
46.601737629234826,4.888792118599108,116.23345518570306,9.532362288824144,0,0,16.2,116.23345518570304,20260414-142232,0.0,0.0
46.946750038067734,4.205804610313345,118.18633069423169,11.162370672890118,0,0,16.2,118.18633069423167,20260414-142232,0.0,0.0
45.472415118178326,0.5212791268941,-24.544020843833437,-87.23237277715943,0,0,16.2,-24.544020843833433,20260414-142232,0.0,0.0
43.03830958849903,0.7419076470903141,-16.035904649138217,-58.01033289964173,0,0,16.2,-16.035904649138207,20260414-142232,0.0,0.0
41.65155036479486,1.6897905660302284,-6.74068332053119,-24.6489424205069,0,0,16.2,-6.7406833205311845,20260414-142232,0.0,0.0
41.41747461333921,3.869339556420939,2.9217183284379473,10.704016540654688,0,0,16.2,2.9217183284379376,20260414-142232,0.0,0.0
42.355197542948055,0.9376111980324864,12.422097981657771,45.173519292247754,0,0,16.2,12.422097981657757,20260414-142232,0.0,0.0
44.39052054727122,0.5824192062436585,21.280883237165597,76.21747372235555,0,0,16.2,21.280883237165586,20260414-142232,0.0,0.0
47.38221048044576,0.46258390178844755,29.193409215310453,102.42944101006557,0,0,16.2,29.193409215310464,20260414-142232,0.0,0.0
51.162773825984246,0.4139635359360285,36.053154945567314,123.59246499887526,0,0,16.2,36.053154945567314,20260414-142232,0.0,0.0
52.28683370713191,2.200600805182409,134.05007845989502,23.7602538288619,0,0,16.2,134.05007845989502,20260414-142232,0.0,0.0
53.09799074495438,2.132415798449646,135.5888703545886,24.90039268305872,0,0,16.2,135.58887035458858,20260414-142232,0.0,0.0
53.946279653757166,2.075789386816347,137.08031648118606,25.98832039337814,0,0,16.2,137.08031648118606,20260414-142232,0.0,0.0
54.82997702997522,2.0288538527310105,138.52464020124194,27.02509939598133,0,0,16.2,138.52464020124194,20260414-142232,0.0,0.0
55.74739903376631,1.9901233105498752,139.92229045816896,28.01203259026356,0,0,16.2,139.922290458169,20260414-142232,0.0,0.0
53.19286867072195,0.4028687153422884,-38.95716794419414,-132.03524285952017,0,0,16.2,-38.95716794419413,20260414-142232,0.0,0.0
49.09438924356276,0.43402023803093337,-32.59144173439026,-113.11543781067581,0,0,16.2,-32.59144173439025,20260414-142232,0.0,0.0
45.705982463745684,0.5116008570554025,-25.177535429634787,-89.33914365744714,0,0,16.3,-25.177535429634794,20260414-142232,0.0,0.0
43.19507623276067,0.7139596724823996,-16.744160953792687,-60.50072279653233,0,0,16.3,-16.74416095379269,20260414-142232,0.0,0.0
41.72040733899639,1.5223840132931024,-7.4983911696646715,-27.404654131088815,0,0,16.3,-7.498391169664684,20260414-142232,0.0,0.0
41.39287579172968,5.245010713192568,2.1536981517329252,7.891857243993004,0,0,16.3,2.153698151732926,20260414-142232,0.0,0.0
42.23917546647115,0.9930322508834921,11.686130478957807,42.53555252499738,0,0,16.3,11.686130478957795,20260414-142232,0.0,0.0
44.1919191919192,0.597834404652587,20.60969293753203,73.91999999999994,0,0,16.3,20.609692937532042,20260414-142232,0.0,0.0
47.113729417685605,0.46862142849603683,28.60359707412917,100.53686526646753,0,0,16.3,28.60359707412916,20260414-142232,0.0,0.0
50.837793789863376,0.4164040726241684,35.546941458751064,122.08764786925552,0,0,16.3,35.54694145875106,20260414-142232,0.0,0.0
54.721364305525256,2.3017962841396367,-105.31634004758429,23.77333071678798,0,0,16.3,-105.31634004758429,20260414-142232,0.0,0.0
55.58916247062269,1.967112547803136,-108.29996504921051,28.259268913059632,0,0,16.3,-108.29996504921051,20260414-142232,0.0,0.0
56.60284672092525,1.7403804852364535,-111.18432884504608,32.52325982799963,0,0,16.3,-111.18432884504608,20260414-142232,0.0,0.0
57.75473599316191,1.5801767797604727,-113.96045407040013,36.549540996240005,0,0,16.3,-113.96045407040013,20260414-142232,0.0,0.0
59.03674112251712,1.4638680727773261,-116.62204443501687,40.3292770847236,0,0,16.3,-116.62204443501687,20260414-142232,0.0,0.0
60.44058301418325,1.3780420036364254,-119.16528000658128,43.85975380626318,0,0,16.3,-119.16528000658128,20260414-142232,0.0,0.0
61.95798050147898,1.3142454038605094,-121.5885319581971,47.143387619603985,0,0,16.3,-121.5885319581971,20260414-142232,0.0,0.0
63.5808038683762,1.2668861773800046,-123.89203462781597,50.186674228197084,0,0,16.5,-123.89203462781597,20260414-142232,0.0,0.0
65.3011936588926,1.232117279381092,-126.07754651966158,52.999170413139744,0,0,16.4,-126.07754651966158,20260414-142232,0.0,0.0
67.1116470219847,1.2072052832855302,-128.1480239245004,55.592572324844056,0,0,16.4,-128.1480239245004,20260414-142232,0.0,0.0
69.00507545630785,1.1901546199963227,-130.10732285289438,57.97992487440082,0,0,16.4,-130.10732285289438,20260414-142232,0.0,0.0
749.9999999998599,4.21860469078254,-143.13010235415751,-177.78390130712555,0,0,8.0,-143.13010235415751,20260414-142232,0.0,0.0
564.432092868392,1.9336947885561806,34.215044338303414,291.893062032728,0,0,8.0,34.215044338303414,20260414-142232,0.0,0.0
574.1665045259834,1.9651844044068842,145.55453854134004,292.1692759409383,0,0,8.0,145.55453854134004,20260414-142232,0.0,0.0
583.9098923458818,1.9967388053699844,-145.33180760942258,292.4317846558236,0,0,8.0,-145.33180760942258,20260414-142232,0.0,0.0
593.661814368393,2.0283546357434954,-145.11639099220665,292.6814689635305,0,0,8.0,-145.11639099220665,20260414-142232,0.0,0.0
603.4218568290061,2.0600287676475264,-144.90794001634316,292.9191408904889,0,0,8.0,-144.90794001634316,20260414-142232,0.0,0.0
613.1896319726537,2.0917582820131075,-144.70612745955071,293.14554996408106,0,0,8.0,-144.70612745955071,20260414-142232,0.0,0.0
622.964776065671,2.123540451443481,-144.51064595420928,293.36138882695144,0,0,8.0,-144.51064595420928,20260414-142232,0.0,0.0
632.7469475851659,2.1553727247361802,-144.32120652882477,293.5672982790551,0,0,8.0,-144.32120652882477,20260414-142232,0.0,0.0
642.5358255678339,2.1872527128811163,-144.13753727394828,293.7638718122635,0,0,8.0,-144.13753727394828,20260414-142232,0.0,0.0
652.3311081022665,2.2191781763730303,-143.95938212057132,293.9516596943199,0,0,8.0,-143.95938212057132,20260414-142232,0.0,0.0
662.132510950583,2.2511470136965843,-143.78649972029027,294.1311726519817,0,0,8.0,-143.78649972029027,20260414-142232,0.0,0.0
671.9397662867684,2.283157250859566,-143.61866241765847,294.30288519715214,0,0,8.0,-143.61866241765847,20260414-142232,0.0,0.0
672.1192933055304,3.7403799821229726,-37.21789320899336,-179.69278429408328,0,0,8.0,-37.21789320899336,20260414-142232,0.0,0.0
666.1296259893685,3.7071617536459174,-37.24803230476613,-179.6872298151662,0,0,8.0,-37.24803230476612,20260414-142232,0.0,0.0
660.1401463385987,3.6739456212487562,-37.27871831575669,-179.6815234609325,0,0,8.0,-37.27871831575669,20260414-142232,0.0,0.0
654.1508595080778,3.640731642712569,-37.309966246969,-179.67565964864556,0,0,8.0,-37.309966246969,20260414-142232,0.0,0.0
648.161770843026,3.607519877961881,-37.3417916566882,-179.66963253691458,0,0,8.0,-37.34179165668821,20260414-142232,0.0,0.0
642.1728858878876,3.574310389164974,-37.37421068218714,-179.66343601119408,0,0,8.0,-37.374210682187154,20260414-142232,0.0,0.0
636.1842103956906,3.541103240839905,-37.40724006687739,-179.65706366832606,0,0,8.0,-37.407240066877385,20260414-142232,0.0,0.0
630.1957503379396,3.5078984999665757,-37.44089718900068,-179.65050880005344,0,0,8.0,-37.440897189000694,20260414-142232,0.0,0.0
624.2075119150755,3.474696236105289,-37.47520009196356,-179.64376437542526,0,0,8.0,-37.475200091963565,20260414-142232,0.0,0.0
618.2195015675417,3.4414965215222177,-37.510167516425525,-179.6368230220077,0,0,8.0,-37.51016751642552,20260414-142232,0.0,0.0
612.2317259874974,3.4082994313222708,-37.545818934260495,-179.62967700580765,0,0,8.0,-37.54581893426049,20260414-142232,0.0,0.0
606.244192131224,3.3751050435898646,-37.582174584519805,-179.62231820980725,0,0,8.0,-37.58217458451979,20260414-142232,0.0,0.0
600.2569072322708,3.341913439538148,-37.61925551153564,-179.61473811099853,0,0,8.0,-37.619255511535634,20260414-142232,0.0,0.0
594.2698788153926,3.308724703667302,-37.657083605314995,-179.60692775579662,0,0,8.0,-37.65708360531499,20260414-142232,0.0,0.0
588.2831147113368,3.275538923932527,-37.695681644385786,-179.5988777337011,0,0,8.0,-37.69568164438579,20260414-142232,0.0,0.0
582.2966230725389,3.2423561919224677,-37.73507334127075,-179.5905781490595,0,0,8.0,-37.73507334127074,20260414-142232,0.0,0.0
576.3104123897926,3.2091766030487765,-37.77528339077824,-179.5820185907772,0,0,8.0,-37.77528339077824,20260414-142232,0.0,0.0
570.3244915099677,3.1760002567477006,-37.816337521316,-179.57318809979995,0,0,8.0,-37.81633752131601,20260414-142232,0.0,0.0
564.33886965485,3.1428272566945403,-37.858262549449904,-179.56407513418088,0,0,8.0,-37.85826254944991,20260414-142232,0.0,0.0
558.3535564411892,3.109657711031978,-37.90108643794969,-179.55466753152479,0,0,8.0,-37.90108643794967,20260414-142232,0.0,0.0
552.3685619020463,3.076491732613324,-37.94483835758382,-179.5449524685825,0,0,8.0,-37.944838357583805,20260414-142232,0.0,0.0
546.3838965095376,3.043329439261827,-37.98954875294879,-179.5349164177459,0,0,8.0,-37.98954875294879,20260414-142232,0.0,0.0
540.3995711990857,3.010170954047316,-38.035249412642685,-179.52454510016887,0,0,8.0,-38.035249412642685,20260414-142232,0.0,0.0
534.4155973952915,2.977016405581511,-38.08197354412053,-179.51382343521288,0,0,8.0,-38.08197354412054,20260414-142232,0.0,0.0
528.4319870395591,2.943865928333521,-38.12975585359982,-179.50273548588424,0,0,8.0,-38.12975585359983,20260414-142232,0.0,0.0
522.4487526196109,2.910719662967146,-38.17863263141663,-179.49126439989556,0,0,8.0,-38.17863263141663,20260414-142232,0.0,0.0
516.4659072010445,2.8775777567017413,-38.22864184327079,-179.47939234594793,0,0,8.0,-38.228641843270786,20260414-142232,0.0,0.0
510.4834644611013,2.844440363698624,-38.27982322783845,-179.46710044478482,0,0,8.0,-38.27982322783846,20260414-142232,0.0,0.0
504.5014387248257,2.8113076454751305,-38.33221840127561,-179.45436869452308,0,0,8.0,-38.3322184012756,20260414-142232,0.0,0.0
498.51984500381684,2.7781797713486602,-38.38587096918508,-179.44117588971272,0,0,8.0,-38.38587096918509,20260414-142232,0.0,0.0
492.5386990377915,2.745056918913293,-38.440826646676015,-179.42749953351665,0,0,8.0,-38.44082664667601,20260414-142232,0.0,0.0
486.55801733919736,2.7119392745517703,-38.497133387203604,-179.4133157423356,0,0,8.0,-38.4971333872036,20260414-142232,0.0,0.0
431.50301040940894,1.9706872508718323,175.24244951143976,-218.96067487040978,0,0,3.5,175.24244951143973,20260414-142232,0.0,0.0
424.20491873500214,1.9376766208296583,175.33861392846876,-218.9245172155556,0,0,3.5,175.33861392846876,20260414-142232,0.0,0.0
416.90806387153583,1.9046774011209158,175.4381448333039,-218.88644430084724,0,0,3.5,175.4381448333039,20260414-142232,0.0,0.0
409.6125119168248,1.8716902078172721,175.5412215209265,-218.84631880107273,0,0,3.5,175.5412215209265,20260414-142232,0.0,0.0
402.3183337508557,1.8387157021541753,175.6480362006805,-218.80399089403193,0,0,3.5,175.6480362006805,20260414-142232,0.0,0.0
395.02560547497984,1.8057545947467746,175.75879517575322,-218.7592968746538,0,0,3.5,175.75879517575325,20260414-142232,0.0,0.0
387.734408900267,1.7728076502870809,175.87372015378816,-218.7120575870027,0,0,3.5,175.87372015378816,20260414-142232,0.0,0.0
380.44483209154,1.7398756927877015,175.99304970588378,-218.6620766463927,0,0,3.5,175.99304970588375,20260414-142232,0.0,0.0
373.15696997461566,1.7069596114478054,176.11704089386478,-218.60913841898824,0,0,3.5,176.11704089386475,20260414-142232,0.0,0.0
365.8709250154594,1.6740603672292116,176.24597108880147,-218.55300572047085,0,0,3.5,176.24597108880147,20260414-142232,0.0,0.0
358.58680798135225,1.6411790002449504,176.38014000739133,-218.49341718839455,0,0,3.5,176.3801400073913,20260414-142232,0.0,0.0
351.30473879581814,1.6083166380798743,176.51987199711198,-218.43008427446932,0,0,3.5,176.51987199711198,20260414-142232,0.0,0.0
344.0248475010147,1.5754745051834356,176.6655186061421,-218.36268779288127,0,0,3.5,176.66551860614206,20260414-142232,0.0,0.0
336.7472753436178,1.5426539334993499,176.81746148008784,-218.29087394846985,0,0,3.5,176.81746148008784,20260414-142232,0.0,0.0
329.4721760030121,1.5098563745264375,176.97611563475465,-218.21424975362322,0,0,3.5,176.97611563475465,20260414-142232,0.0,0.0
322.19971698393033,1.4770834130406063,177.1419331628104,-218.13237772447505,0,0,3.5,177.1419331628104,20260414-142232,0.0,0.0
314.9300811996933,1.4443367827511777,177.3154074425155,-218.04476972456064,0,0,3.5,177.31540744251546,20260414-142232,0.0,0.0
307.66346877704143,1.411618384217322,177.49707792912602,-217.95087979647332,0,0,3.5,177.497077929126,20260414-142232,0.0,0.0
300.40009911941314,1.3789303054146447,177.68753562459904,-217.8500957878961,0,0,3.5,177.687535624599,20260414-142232,0.0,0.0
293.1402132726598,1.3462748454207991,177.8874293394466,-217.74172953594353,0,0,3.4,177.88742933944658,20260414-142232,0.0,0.0
285.88407664590784,1.31365454178631,178.0974728827693,-217.62500532077644,0,0,3.4,178.0974728827693,20260414-142232,0.0,0.0
278.6319821509758,1.2810722022773353,178.31845334361594,-217.4990462330363,0,0,3.4,178.31845334361594,20260414-142232,0.0,0.0
271.38425383694533,1.248530941827385,178.55124066011058,-217.36285801594926,0,0,3.4,178.55124066011058,20260414-142232,0.0,0.0
264.14125111281857,1.216034225723274,178.7967987138327,-217.21530983695166,0,0,3.4,178.79679871383266,20260414-142232,0.0,0.0
256.90337367152284,1.183585920287905,179.0561982377776,-217.05511130871815,0,0,3.4,179.05619823777758,20260414-142232,0.0,0.0
249.67106725395857,1.1511903526234486,179.3306318894821,-216.88078490666896,0,0,3.4,179.33063188948208,20260414-142232,0.0,0.0
242.44483042376228,1.1188523813625633,179.6214319199928,-216.69063270751374,0,0,3.4,179.6214319199928,20260414-142232,0.0,0.0
235.2252225639048,1.0865774808690034,179.93009096873845,-216.48269608512462,0,0,3.4,179.93009096873843,20260414-142232,0.0,0.0
228.01287335768086,1.0543718419679533,-179.74171336011375,-216.25470662427944,0,0,3.4,-179.74171336011375,20260414-142232,0.0,0.0
220.808494082471,1.0222424931199827,-179.392089324866,-216.0040260198362,0,0,3.4,-179.392089324866,20260414-142232,0.0,0.0
213.61289112941427,0.9901974470487481,-179.01889625865886,-215.72757207775143,0,0,3.4,-179.01889625865886,20260414-142232,0.0,0.0
206.42698227199108,0.9582458792866704,-178.61970288741782,-215.42172706827373,0,0,3.4,-178.61970288741782,20260414-142232,0.0,0.0
199.25181634989028,0.9263983470496513,-178.19173713660714,-215.08222352129388,0,0,3.4,-178.19173713660714,20260414-142232,0.0,0.0
192.08859722298834,0.8946670594841204,-177.7318253721847,-214.7040009875291,0,0,3.4,-177.7318253721847,20260414-142232,0.0,0.0
184.93871309981597,0.8630662139263656,-177.23631844933416,-214.28102515851052,0,0,3.4,-177.23631844933416,20260414-142232,0.0,0.0
177.80377267789396,0.8316124177845231,-176.70100119144865,-213.80605781666458,0,0,3.4,-176.70100119144865,20260414-142232,0.0,0.0
170.6856499812562,0.8003252226066131,-176.12098092970524,-213.27036204774714,0,0,3.4,-176.12098092970524,20260414-142232,0.0,0.0
163.58654038798903,0.7692278067530124,-175.49054941608685,-212.66332151785335,0,0,3.4,-175.49054941608685,20260414-142232,0.0,0.0
156.5090311715397,0.7383478572600412,-174.80301066479188,-211.9719447041319,0,0,3.4,-174.80301066479188,20260414-142232,0.0,0.0
149.45619102583998,0.707718722167654,-174.05046492211164,-211.18021375508388,0,0,3.4,-174.05046492211164,20260414-142232,0.0,0.0
412.310562561766,1.923076923076923,104.03624346792651,-214.40149253211834,0,0,2.4,104.03624346792648,20260414-142232,0.0,0.0
342.2994806371234,1.619517892139585,106.9862284359728,211.35887556321043,0,0,2.4,106.98622843597282,20260414-142232,0.0,0.0
349.35140538495676,1.6498093227148838,106.63326667022375,211.7525950272078,0,0,2.4,106.63326667022372,20260414-142232,0.0,0.0
356.4160630499136,1.680231759917782,106.29428483890172,212.12315559810267,0,0,2.4,106.2942848389017,20260414-142232,0.0,0.0
363.49271122143716,1.7107769189911166,105.96849088813906,212.47230260494567,0,0,2.4,105.96849088813906,20260414-142232,0.0,0.0
370.5806629841576,1.7414371993183437,105.65514979408317,212.80162335409807,0,0,2.4,105.65514979408319,20260414-142232,0.0,0.0
369.5857681242609,1.737129761750335,105.69837779177044,-212.75656906129203,0,0,2.4,105.69837779177041,20260414-142232,0.0,0.0
362.4993624515465,1.7064851950243698,106.01342334460128,-212.42455751066143,0,0,2.4,106.01342334460125,20260414-142232,0.0,0.0
355.4243535706452,1.6759567771295678,106.34102160610041,-212.07250593859882,0,0,2.4,106.34102160610044,20260414-142232,0.0,0.0
348.3614358679788,1.645552200272008,106.68191529378396,-211.69880591475314,0,0,2.4,106.68191529378394,20260414-142232,0.0,0.0
341.3113599698146,1.6152798512349067,107.03690488138864,-211.30168850238348,0,0,2.4,107.03690488138864,20260414-142232,0.0,0.0
334.27493840317186,1.585148891586345,107.40685409485707,-210.87920521374159,0,0,2.4,107.40685409485707,20260414-142232,0.0,0.0
327.25305193382064,1.5551693492643424,107.7926960157306,-210.42920636818394,0,0,2.4,107.79269601573057,20260414-142232,0.0,0.0
320.24665667436875,1.5253522234677042,108.19543986620647,-209.94931645775992,0,0,2.4,108.19543986620648,20260414-142232,0.0,0.0
313.25679206966555,1.495709605163905,108.61617855953637,-209.4369060599419,0,0,2.4,108.6161785595364,20260414-142232,0.0,0.0
306.2845898833304,1.466254815995748,109.05609710994605,-208.88905976095944,0,0,2.4,109.05609710994605,20260414-142232,0.0,0.0
299.3312843285474,1.4370025689496382,109.51648200789816,-208.302539464032,0,0,2.4,109.51648200789813,20260414-142232,0.0,0.0
292.39822350881514,1.4079691548695548,109.99873167930843,-207.67374235261937,0,0,2.4,109.99873167930842,20260414-142232,0.0,0.0
285.4868823606435,1.3791726598009315,110.50436816122476,-206.99865265734778,0,0,2.4,110.50436816122476,20260414-142232,0.0,0.0
278.59887732086133,1.3506332192782642,111.03505014135055,-206.2727862341012,0,0,2.4,111.03505014135057,20260414-142232,0.0,0.0
271.73598297694093,1.3223733170962715,111.59258752436597,-205.4911267974095,0,0,2.4,111.59258752436595,20260414-142232,0.0,0.0
264.9001510003343,1.2944181379158954,112.17895770378789,-204.6480524653666,0,0,2.4,112.17895770378789,20260414-142232,0.0,0.0
258.0935317111047,1.2667959853726165,112.79632373332856,-203.73725105798215,0,0,2.4,112.79632373332855,20260414-142232,0.0,0.0
251.31849867802742,1.2395387803368136,113.44705460512927,-202.7516223491918,0,0,2.4,113.44705460512925,20260414-142232,0.0,0.0
244.57767682272208,1.2126826578439474,114.13374785200176,-201.68316520462295,0,0,2.4,114.13374785200179,20260414-142232,0.0,0.0
237.8739745701023,1.1862686862686855,114.8592546941336,-200.52284724661837,0,0,2.4,114.8592546941336,20260414-142232,0.0,0.0
231.21062067109074,1.1603437389814102,115.6267079435695,-199.26045438402193,0,0,2.4,115.62670794356947,20260414-142232,0.0,0.0
224.59120641734816,1.1349615575871161,116.43955285634388,-197.8844172438935,0,0,2.4,116.43955285634385,20260414-142232,0.0,0.0
218.01973407112564,1.1101840577408362,117.30158107410267,-196.38161127514647,0,0,2.4,117.30158107410267,20260414-142232,0.0,0.0
211.5006724444259,1.086082944659227,118.21696771270149,-194.73712710845214,0,0,2.4,118.21696771270149,20260414-142232,0.0,0.0
205.03902067655292,1.0627417275461961,119.19031151823913,-192.93400772921106,0,0,2.4,119.19031151823913,20260414-142232,0.0,0.0
198.64038137073493,1.0402582527849564,120.22667779867555,-190.95294926902938,0,0,2.6,120.22667779867557,20260414-142232,0.0,0.0
192.3110443468541,1.018747918747918,121.33164352077893,-188.77196292406865,0,0,2.5,121.3316435207789,20260414-142232,0.0,0.0
186.0580823291477,0.9983477962445454,122.51134349626841,-186.36599692916312,0,0,2.5,122.51134349626841,20260414-142232,0.0,0.0
179.8894598851686,0.9792219669170178,123.77251591322585,-183.70652003603692,0,0,2.7,123.77251591322586,20260414-142232,0.0,0.0
173.81415682018257,0.9615685213575008,125.12254452939499,-180.76107210206848,0,0,2.7,125.12254452939499,20260414-142232,0.0,0.0
167.84230694315397,0.9456288518603053,126.56949354693086,-177.4927939359752,0,0,2.7,126.56949354693083,20260414-142232,0.0,0.0
161.9853525614102,0.9317001683467806,128.1221294336467,-173.8599584551314,0,0,2.7,128.12212943364668,20260414-142232,0.0,0.0
156.25621409865389,0.9201526217628379,129.7899216390564,-169.81553973002502,0,0,2.7,129.78992163905642,20260414-142232,0.0,0.0
150.66947268773433,0.9114531431301616,131.58301118606835,-165.30687707137318,0,0,2.7,131.58301118606835,20260414-142232,0.0,0.0
145.24156123889276,0.9061992859461213,133.51213247117232,-160.27551940437988,0,0,2.7,133.51213247117232,20260414-142232,0.0,0.0
139.99095605708857,0.9051683373901815,135.58846938113868,-154.65737175553028,0,0,2.7,135.5884693811387,20260414-142232,0.0,0.0
134.93835629649539,0.9093903888605882,137.8234223916147,-148.38331034657742,0,0,2.7,137.82342239161474,20260414-142232,0.0,0.0
130.10683217178763,0.9202602096875233,140.22825944443764,-141.3804821746729,0,0,2.7,140.22825944443767,20260414-142232,0.0,0.0
125.5219148639434,0.9397142985895199,142.8136215560031,-133.57455032061088,0,0,2.7,142.81362155600314,20260414-142232,0.0,0.0
121.21159185490448,0.970522178551378,145.58885661606143,-124.89317043308323,0,0,2.7,145.58885661606143,20260414-142232,0.0,0.0
117.2061621436535,1.0167883007577698,148.56116497339798,-115.27095862167636,0,0,2.7,148.56116497339798,20260414-142232,0.0,0.0
113.53789871423727,1.0848665490327043,151.73456206302774,-104.65609693235604,0,0,2.7,151.73456206302774,20260414-142232,0.0,0.0
110.24046444024064,1.185145888594172,155.10869987513433,-93.01847603842985,0,0,2.7,155.10869987513436,20260414-142232,0.0,0.0
107.34803729510418,1.3358580218529092,158.67764105203923,-80.35886713934352,0,0,2.7,158.67764105203923,20260414-142232,0.0,0.0
104.89412651706363,1.5721997300944857,162.4287412216778,-66.718066737462,0,0,2.7,162.4287412216778,20260414-142232,0.0,0.0
98.16645588603313,0.37820459423957964,176.66291676324545,-259.55913117186526,0,0,2.7,176.66291676324542,20260414-142232,0.0,0.0
89.51590643940847,0.34499558721307116,176.34001110857065,-259.4697142723827,0,0,2.7,176.34001110857065,20260414-142232,0.0,0.0
80.8688084018529,0.3118132949301779,175.94803571293266,-259.35009737144554,0,0,2.7,175.94803571293266,20260414-142232,0.0,0.0
72.22640141405691,0.2786673643816499,175.46222749209335,-259.1850020698476,0,0,2.6,175.46222749209338,20260414-142232,0.0,0.0
63.59059814418788,0.24557272301633176,174.84441568259382,-258.9481330137745,0,0,2.5,174.84441568259382,20260414-142232,0.0,0.0
54.964511329301594,0.2125537644701404,174.03256543337,-258.5910979573501,0,0,2.5,174.03256543336997,20260414-142232,0.0,0.0
46.35356578759048,0.17965326598866924,172.91878775534133,-258.0168277626192,0,0,2.5,172.91878775534136,20260414-142232,0.0,0.0
37.76811934690761,0.1469537265455627,171.29777621005326,-257.00688396763917,0,0,2.5,171.29777621005326,20260414-142232,0.0,0.0
29.230648966491632,0.31245182503497715,168.72667824273083,-93.55249873550726,0,0,2.7,168.7266782427308,20260414-142232,0.0,0.0
20.800313969374862,0.08320251177394745,15.94539590092117,-249.99622638661614,0,0,2.7,15.945395900921179,20260414-142232,0.0,0.0
12.692419220502435,0.05467109920891997,26.757318171872242,-232.1595761592366,0,0,2.7,26.75731817187225,20260414-142232,0.0,0.0
6.305883945618652,0.05735217163785739,64.98310652188326,-109.95022098616094,0,0,2.7,64.98310652188326,20260414-142232,0.0,0.0
8.285714285712812,0.04400837257980009,136.39718102728716,188.2758620689366,0,0,2.7,136.39718102728713,20260414-142232,0.0,0.0
11.932624478307302,0.11585105985835016,174.16157978170736,-102.99970058881803,0,0,2.7,174.16157978170736,20260414-142232,0.0,0.0
8.517318800093223,0.08374788582381144,177.88903246610766,-101.70189630830721,0,0,2.7,177.8890324661077,20260414-142232,0.0,0.0
219.99999999999994,2.3157894736842097,60.0,-95.00000000000001,0,0,5.4,59.99999999999999,20260414-142232,0.0,0.0
216.83333333333323,2.282456140350876,60.0,-95.0,0,0,5.4,59.99999999999999,20260414-142232,0.0,0.0
213.66666666666652,2.249122807017542,60.0,-95.00000000000001,0,0,5.4,59.99999999999999,20260414-142232,0.0,0.0
210.4999999999998,2.2157894736842083,60.0,-95.0,0,0,5.4,60.00000000000001,20260414-142232,0.0,0.0
207.3333333333331,2.1824561403508747,60.0,-95.0,0,0,5.4,60.00000000000001,20260414-142232,0.0,0.0
204.16666666666637,2.1491228070175405,60.0,-95.0,0,0,5.4,60.00000000000001,20260414-142232,0.0,0.0
200.99999999999963,2.1157894736842064,60.00000000000003,-95.00000000000001,0,0,5.4,60.00000000000002,20260414-142232,0.0,0.0
197.83333333333292,2.082456140350873,60.00000000000003,-95.0,0,0,5.4,60.00000000000002,20260414-142232,0.0,0.0
194.6666666666662,2.0491228070175387,60.00000000000003,-95.00000000000001,0,0,5.4,60.000000000000036,20260414-142232,0.0,0.0
191.4999999999995,2.015789473684205,60.00000000000003,-95.0,0,0,5.4,60.000000000000036,20260414-142232,0.0,0.0
188.33333333333277,1.9824561403508714,60.00000000000003,-95.0,0,0,5.4,60.000000000000036,20260414-142232,0.0,0.0
185.16666666666606,2.0620242680487975,60.00000000000006,-89.79849051043473,0,0,5.6,60.00000000000005,20260414-142232,0.0,0.0
181.99999999999946,1.915789473684205,119.99999999999994,-95.0,0,0,5.6,119.99999999999994,20260414-142232,0.0,0.0
178.83333333333275,1.882456140350871,119.99999999999994,-95.0,0,0,5.6,119.99999999999994,20260414-142232,0.0,0.0
175.666666666666,1.849122807017537,119.99999999999989,-95.0,0,0,5.6,119.99999999999991,20260414-142232,0.0,0.0
172.4999999999993,1.8157894736842028,119.99999999999989,-95.00000000000001,0,0,5.6,119.99999999999991,20260414-142232,0.0,0.0
169.33333333333258,1.7824561403508692,119.99999999999989,-95.0,0,0,5.6,119.99999999999991,20260414-142232,0.0,0.0
166.16666666666586,1.749122807017535,119.99999999999989,-95.00000000000001,0,0,5.6,119.99999999999991,20260414-142232,0.0,0.0
162.99999999999915,1.7157894736842016,119.99999999999989,-95.0,0,0,5.8,119.99999999999989,20260414-142232,0.0,0.0
159.83333333333243,1.6824561403508675,119.99999999999989,-95.00000000000001,0,0,6.0,119.99999999999989,20260414-142232,0.0,0.0
156.66666666666572,1.6491228070175337,119.99999999999989,-95.00000000000001,0,0,6.0,119.99999999999989,20260414-142232,0.0,0.0
153.499999999999,1.6157894736842,119.99999999999989,-95.0,0,0,5.9,119.99999999999986,20260414-142232,0.0,0.0
150.3333333333323,1.5824561403508661,119.99999999999989,-95.0,0,0,5.9,119.99999999999986,20260414-142232,0.0,0.0
147.16666666666558,1.5491228070175325,119.99999999999989,-95.0,0,0,5.9,119.99999999999986,20260414-142232,0.0,0.0
143.99999999999886,1.5157894736841986,119.99999999999983,-95.0,0,0,5.8,119.99999999999984,20260414-142232,0.0,0.0
140.83333333333215,1.4824561403508647,119.99999999999983,-95.0,0,0,5.8,119.99999999999984,20260414-142232,0.0,0.0
137.66666666666544,1.4491228070175308,119.99999999999983,-95.0,0,0,5.7,119.99999999999984,20260414-142232,0.0,0.0
134.49999999999872,1.4157894736841972,119.99999999999983,-95.0,0,0,5.7,119.99999999999982,20260414-142232,0.0,0.0
131.333333333332,1.3824561403508635,119.99999999999983,-94.99999999999999,0,0,5.7,119.99999999999982,20260414-142232,0.0,0.0
128.1666666666653,1.3491228070175294,119.99999999999977,-95.0,0,0,5.7,119.99999999999979,20260414-142232,0.0,0.0
124.99999999999856,1.3157894736841955,119.99999999999977,-95.0,0,0,5.7,119.99999999999979,20260414-142232,0.0,0.0
121.83333333333185,1.2824561403508616,119.99999999999977,-95.0,0,0,5.7,119.99999999999976,20260414-142232,0.0,0.0
118.66666666666514,1.2491228070175278,119.99999999999977,-95.0,0,0,5.7,119.99999999999976,20260414-142232,0.0,0.0
115.49999999999842,1.215789473684194,119.99999999999972,-94.99999999999999,0,0,5.7,119.99999999999973,20260414-142232,0.0,0.0
112.3333333333317,1.18245614035086,119.99999999999972,-95.0,0,0,5.9,119.99999999999973,20260414-142232,0.0,0.0
109.16666666666498,1.1491228070175261,119.99999999999972,-95.0,0,0,5.9,119.99999999999972,20260414-142232,0.0,0.0
105.99999999999827,1.115789473684192,119.99999999999966,-95.00000000000001,0,0,5.9,119.99999999999969,20260414-142232,0.0,0.0
102.83333333333155,1.0824561403508584,119.99999999999966,-95.0,0,0,5.9,119.99999999999969,20260414-142232,0.0,0.0
99.66666666666484,1.0491228070175247,119.99999999999966,-95.0,0,0,5.9,119.99999999999966,20260414-142232,0.0,0.0
96.49999999999812,1.0157894736841908,119.99999999999966,-95.0,0,0,5.9,119.99999999999963,20260414-142232,0.0,0.0
93.33333333333141,0.9824561403508569,119.9999999999996,-95.0,0,0,5.9,119.99999999999962,20260414-142232,0.0,0.0
90.1666666666647,0.9491228070175232,119.9999999999996,-95.0,0,0,5.9,119.99999999999959,20260414-142232,0.0,0.0
86.99999999999798,0.9157894736841894,119.99999999999955,-94.99999999999999,0,0,5.9,119.99999999999956,20260414-142232,0.0,0.0
318.43802815897754,1.8023274017047142,-98.42696902148069,176.68156621143638,0,0,4.8,-98.42696902148069,20260414-142232,0.0,0.0
322.86129154270765,2.4042560188066164,-82.61823416728265,134.28740076648077,0,0,4.8,-82.61823416728265,20260414-142232,0.0,0.0
327.3890727117023,2.383471392472476,83.6348577337236,137.3580877646229,0,0,4.8,83.63485773372362,20260414-142232,0.0,0.0
332.01709570590924,2.3664353676165693,84.62344375845294,140.30262573378914,0,0,4.8,84.62344375845291,20260414-142232,0.0,0.0
336.7412275123155,2.3527714990050206,85.58457163883782,143.12534287954537,0,0,4.8,85.58457163883782,20260414-142232,0.0,0.0
341.5574802687986,2.3421521137219314,86.51885087851849,145.83061376232607,0,0,4.8,86.51885087851848,20260414-142232,0.0,0.0
346.4620122094138,2.3342906602928464,87.42691454917451,148.422824159331,0,0,4.8,87.42691454917448,20260414-142232,0.0,0.0
351.45112752184593,2.3289354542219916,88.30941340654743,150.9063408711996,0,0,4.8,88.30941340654745,20260414-142232,0.0,0.0
356.5212752755621,2.3258645313741937,89.16701063416053,153.28548609188266,0,0,4.8,89.16701063416053,20260414-142232,0.0,0.0
361.6690475661486,2.3248813868300022,90.000377181967,155.56451594259084,0,0,4.8,90.00037718196697,20260414-142232,0.0,0.0
363.73868509166766,2.8140198021740273,96.11851554039316,-129.2594617886676,0,0,4.8,96.11851554039316,20260414-142232,0.0,0.0
359.43033311832306,2.781074146789943,96.19214096556561,-129.2415499001333,0,0,4.8,96.1921409655656,20260414-142232,0.0,0.0
355.12258905121416,2.748138009466936,96.26755271499854,-129.22298218934728,0,0,4.8,96.26755271499853,20260414-142232,0.0,0.0
350.815475284204,2.7152117450849125,96.34481632655053,-129.20372634629754,0,0,4.8,96.34481632655054,20260414-142232,0.0,0.0
346.50901532122066,2.6822957263880136,83.57599943009893,-129.1837480529526,0,0,4.8,83.5759994300989,20260414-142232,0.0,0.0
342.2032338456746,2.6493903451230243,83.49482235265117,-129.16301083213332,0,0,4.8,83.49482235265116,20260414-142232,0.0,0.0
337.89815679513345,2.616496013265957,96.58842340969812,-129.1414758829932,0,0,4.8,96.58842340969812,20260414-142232,0.0,0.0
333.59381144172204,2.5836131643448867,83.32618241143285,-129.1191019017391,0,0,4.8,83.32618241143287,20260414-142232,0.0,0.0
329.2902264787666,2.5507422548679752,83.23855595341365,-129.09584488606453,0,0,4.8,83.23855595341362,20260414-142232,0.0,0.0
324.9874321142514,2.517883765866547,96.85139104710623,-129.07165792158986,0,0,4.8,96.85139104710622,20260414-142232,0.0,0.0
320.68546017172105,2.4850382045642063,96.9437515452031,-129.0464909483992,0,0,4.8,96.9437515452031,20260414-142232,0.0,0.0
316.38434419932565,2.4522061061841653,97.03862350196141,-129.02029050553412,0,0,4.8,97.03862350196141,20260414-142232,0.0,0.0
312.0841195877832,2.4193880359083066,82.86388977578082,-128.99299945104426,0,0,4.8,82.86388977578082,20260414-142232,0.0,0.0
307.7848236981183,2.386584591003075,97.23632073220432,-128.9645566548962,0,0,4.8,97.23632073220432,20260414-142232,0.0,0.0
303.48649600013067,2.3537964031289955,97.3393701577516,-128.9348966617053,0,0,4.8,97.33937015775162,20260414-142232,0.0,0.0
299.1891782226563,2.3210241408526024,97.44538017609301,-128.90394931986899,0,0,4.8,97.44538017609301,20260414-142232,0.0,0.0
294.892914516804,2.2882685123817748,97.55447947454678,-128.87163937323982,0,0,4.8,97.5544794745468,20260414-142232,0.0,0.0
290.5977516334861,2.255530268548012,97.6668042618142,-128.8378860109721,0,0,4.8,97.66680426181422,20260414-142232,0.0,0.0
286.3037391167203,2.2228102060620634,97.7824988220184,-128.8026023705986,0,0,4.8,97.78249882201843,20260414-142232,0.0,0.0
282.0109295143512,2.1901091710725717,82.09828388189317,-128.76569498873005,0,0,4.8,82.09828388189318,20260414-142232,0.0,0.0
277.71937860804246,2.1574280630611904,81.97538155021329,-128.72706319300605,0,0,4.8,81.9753815502133,20260414-142232,0.0,0.0
273.42914566461576,2.1247678391118416,81.84862182821325,-128.6865984280475,0,0,4.8,81.84862182821325,20260414-142232,0.0,0.0
269.1402937110712,2.092129518596765,98.28217847894621,-128.64418350714215,0,0,4.8,98.2821784789462,20260414-142232,0.0,0.0
264.8528898359186,2.059514188327585,98.41721426543836,-128.59969178022055,0,0,4.8,98.41721426543835,20260414-142232,0.0,0.0
260.5670055197862,2.0269230082261513,81.44330693364452,-128.55298620731517,0,0,4.8,81.44330693364454,20260414-142232,0.0,0.0
51.428571428571445,0.2272843225242475,-90.0,-226.27416997969522,0,0,11.2,-90.0,20260414-142232,0.0,0.0
44.52952484302244,0.24111980163367158,-80.24814690635105,-184.67800877953295,0,0,11.4,-80.24814690635105,20260414-142232,0.0,0.0
39.34990167538653,0.32189630016746534,-67.4584036064195,-122.2440321771791,0,0,11.4,-67.4584036064195,20260414-142232,0.0,0.0
36.6265818298047,0.9603060049291018,-51.84530915104952,-38.14053191566661,0,0,11.4,-51.84530915104951,20260414-142232,0.0,0.0
36.907367648800545,0.6755455198786007,-35.16976572075424,54.6334281891663,0,0,11.4,-35.16976572075423,20260414-142232,0.0,0.0
40.129249090253786,0.2965824738909397,-19.986627060863242,135.30553091620055,0,0,11.4,-19.98662706086324,20260414-142232,0.0,0.0
45.67400829670084,0.23590466627632675,-7.768427146697093,193.6121443363084,0,0,11.4,-7.768427146697081,20260414-142232,0.0,0.0
52.81504511767567,0.2275900303816881,1.4850221920163449,232.06220865255077,0,0,11.4,1.4850221920163567,20260414-142232,0.0,0.0
60.99424975547034,0.2374197516573251,8.400932937409152,256.9046986600556,0,0,11.2,8.40093293740914,20260414-142232,0.0,0.0
69.847860176521,0.2556575306842491,13.624903234203089,273.208694418577,0,0,11.2,13.624903234203076,20260414-142232,0.0,0.0
79.14988436378488,0.2784761505233281,17.6483143532771,284.2250017283058,0,0,11.2,17.648314353277094,20260414-142232,0.0,0.0
83.23903989695448,0.6730747544792052,157.73491920223955,-123.66982915792332,0,0,11.2,157.73491920223958,20260414-142232,0.0,0.0
79.72602054028216,0.9237611483854496,150.64676580147875,-86.30588186094138,0,0,11.2,150.64676580147875,20260414-142232,0.0,0.0
77.53253829823815,1.7336149361912334,143.03393064403048,-44.723044708289024,0,0,11.2,143.03393064403048,20260414-142232,0.0,0.0
73.01211919757006,0.22851307396353715,-138.17246300600098,-319.50959273875196,0,0,11.1,-138.17246300600098,20260414-142232,0.0,0.0
62.36459328960114,0.1952996958445573,-138.71480314270238,-319.32765189372486,0,0,11.1,-138.71480314270238,20260414-142232,0.0,0.0
51.724955274897106,0.16213594345280893,-139.48035217778823,-319.02213767888,0,0,11.3,-139.48035217778823,20260414-142232,0.0,0.0
41.099331573133945,0.12906064354815439,-140.64205002180373,-318.449764724745,0,0,11.3,-140.64205002180373,20260414-142232,0.0,0.0
30.502371528821516,0.09616741658434096,-37.38772628822056,-317.17989951482434,0,0,11.5,-37.38772628822058,20260414-142232,0.0,0.0
19.97973567296812,0.06375402746797741,-33.332289330669084,-313.38781982053774,0,0,11.5,-33.33228933066909,20260414-142232,0.0,0.0
9.774485244586797,0.0335456919756892,-20.582445825732577,-291.3782566080448,0,0,11.5,-20.582445825732567,20260414-142232,0.0,0.0
4.409857320500548,0.03440330446002388,68.61358494590183,128.18121368616596,0,0,11.5,68.61358494590182,20260414-142232,0.0,0.0
13.073204539563223,0.04295705178181545,116.99646174371924,304.3319780408525,0,0,11.5,116.99646174371925,20260414-142232,0.0,0.0
9.67833078601551,0.08244548649491608,-126.09354363929259,-117.39066864033016,0,0,11.5,-126.09354363929259,20260414-142232,0.0,0.0
6.020582389044408,0.06179928293643134,-109.34919872201566,-97.4215573866345,0,0,11.5,-109.34919872201566,20260414-142232,0.0,0.0
3.9326180984387715,0.4188543221723577,-64.19315321929705,-9.388987746485537,0,0,11.5,-64.19315321929705,20260414-142232,0.0,0.0
5.596812058504833,0.061098194095823295,-14.489005711484083,91.60355950500072,0,0,11.5,-14.489005711484086,20260414-142232,0.0,0.0
9.155537812353922,0.07890797551233636,4.634913943329792,116.02804092879761,0,0,11.5,4.6349139433298046,20260414-142232,0.0,0.0
13.151584974968614,0.10730385221029179,12.649159259582007,122.56395929937743,0,0,11.5,12.649159259582005,20260414-142232,0.0,0.0
17.2842485916906,0.13821062826266015,16.884364533471683,125.05730426782395,0,0,11.5,16.884364533471672,20260414-142232,0.0,0.0
21.474800551112388,0.17010124627915443,19.47660944786614,126.24716761845431,0,0,11.5,19.47660944786615,20260414-142232,0.0,0.0
25.694933651323485,0.20247821496989402,21.220012814011284,126.90221343142521,0,0,11.5,21.220012814011277,20260414-142232,0.0,0.0
29.93213856855095,0.2351310785341574,22.470723165843708,127.29979701174517,0,0,11.5,22.470723165843705,20260414-142232,0.0,0.0
34.18006685969346,0.26795550021645326,23.410914700344932,127.5587432692479,0,0,11.5,23.410914700344925,20260414-142232,0.0,0.0
38.43516318534963,0.3008938639002199,24.143094400691325,127.73661345947288,0,0,11.5,24.14309440069134,20260414-142232,0.0,0.0
42.69528445789952,0.33391175579049864,24.72924125090239,127.86397518956234,0,0,11.5,24.729241250902387,20260414-142232,0.0,0.0
46.95906310929358,0.36698735309716823,25.208989325747524,127.9582599045589,0,0,11.5,25.20898932574753,20260414-142232,0.0,0.0
46.432837411527885,0.501492043952201,151.81855540086616,-92.58937997419868,0,0,11.5,151.81855540086616,20260414-142232,0.0,0.0
44.53283798993822,2.23871315521442,138.56397521851773,-19.892158978121937,0,0,11.5,138.56397521851773,20260414-142232,0.0,0.0
45.14304469512821,0.8062953052667369,124.92348284551713,55.98822714240421,0,0,11.5,124.92348284551714,20260414-142232,0.0,0.0
48.16815197628158,0.3905477431186499,112.33009351765924,123.33486193427548,0,0,11.5,112.33009351765925,20260414-142232,0.0,0.0
51.88629082443228,0.19340746179637597,-101.96711401493337,-268.2745036955162,0,0,11.5,-101.96711401493337,20260414-142232,0.0,0.0
43.335670742014464,0.1787457166851458,-94.25612634012617,-242.44312840429458,0,0,11.5,-94.25612634012617,20260414-142232,0.0,0.0
38.1621271815449,0.7419963067094775,-109.37912037076475,-51.43169425031514,0,0,23.7,-109.37912037076475,20260414-142232,0.0,0.0
36.772175236927836,1.163767783933748,-101.76247797036034,-31.597519491930907,0,0,23.9,-101.76247797036034,20260414-142232,0.0,0.0
36.07529183775425,3.604299357049246,-93.70239043452332,-10.00896103904317,0,0,23.9,-93.70239043452332,20260414-142232,0.0,0.0
36.111623884724935,3.1878288454761203,-85.49386062098358,-11.327968230154921,0,0,24.1,-85.49386062098358,20260414-142232,0.0,0.0
35.792125782641584,4.573279441546667,-82.22878043428106,-7.826358795721613,0,0,24.1,-82.22878043428106,20260414-142232,0.0,0.0
35.590725998968196,8.379156446026595,-78.91586032521286,-4.247530909372787,0,0,24.1,-78.91586032521286,20260414-142232,0.0,0.0
35.50943405450754,56.738390975668494,-75.57653616940806,-0.6258449251713057,0,0,24.1,-75.57653616940806,20260414-142232,0.0,0.0
35.54907392962301,11.840954558289736,-72.23329495683011,3.002213525491106,0,0,24.1,-72.23329495683011,20260414-142232,0.0,0.0
35.709242897053706,5.410624107986516,-68.90878172354161,6.599838056453412,0,0,24.1,-68.90878172354161,20260414-142232,0.0,0.0
35.988331719494205,3.552037544701211,-65.62489080686657,10.131743053555324,0,0,24.1,-65.62489080686657,20260414-142232,0.0,0.0
36.38360389335448,2.682003230566577,-62.4019308749414,13.56583149441934,0,0,24.1,-62.40193087494139,20260414-142232,0.0,0.0
36.51569713097986,1.4067409295201054,-99.64067922375503,-25.95765600097866,0,0,24.1,-99.64067922375503,20260414-142232,0.0,0.0
36.012494883791405,8.820733107545673,-91.50934907801027,-4.082709956725095,0,0,24.1,-91.50934907801027,20260414-142232,0.0,0.0
36.246273290334855,2.0094566512640544,-83.317163863059,18.0378478269407,0,0,24.1,-83.317163863059,20260414-142232,0.0,0.0
36.00154317680162,25.086021505375633,89.46949868332615,1.4351236671421541,0,0,24.1,89.46949868332618,20260414-142232,0.0,0.0
36.41771546926029,1.555718475073314,81.31364541876337,23.40893680493451,0,0,24.1,81.31364541876334,20260414-142232,0.0,0.0
37.54700757420993,0.8526881720430114,73.49563861824498,44.03369110216293,0,0,24.1,73.495638618245,20260414-142232,0.0,0.0
39.32803636649615,0.630232031692134,66.25939546509343,62.40247145309769,0,0,24.1,66.25939546509343,20260414-142232,0.0,0.0
41.6773319683494,0.5336405529953921,59.74356283647077,78.10000895623327,0,0,24.1,59.743562836470765,20260414-142232,0.0,0.0
44.36298087505808,1.1898029743927212,-38.167253237213146,37.28598921825781,0,0,24.1,-38.167253237213146,20260414-142232,0.0,0.0
45.63602623895819,1.1680138577658314,-36.08343187566169,39.07147670854732,0,0,24.1,-36.083431875661674,20260414-142232,0.0,0.0
46.9661189613277,1.1536598263634963,-34.11515492039916,40.71054386055181,0,0,24.1,-34.115154920399156,20260414-142232,0.0,0.0
48.348551067647165,1.1453316220464937,-32.257345136881725,42.21358263142803,0,0,24.1,-32.25734513688171,20260414-142232,0.0,0.0
49.778962132981235,1.1419549728395395,-30.50454773312208,43.59100254995419,0,0,24.1,-30.504547733122067,20260414-142232,0.0,0.0
51.253335231741445,1.1426966416768851,-28.85111858422397,44.85296741270559,0,0,24.1,-28.851118584223958,20260414-142232,0.0,0.0
52.76798550600878,1.146900415543598,-27.291371167114875,46.00921299779829,0,0,24.1,-27.291371167114868,20260414-142232,0.0,0.0
54.31954378482969,1.1540424647893057,-25.819687715075446,47.06892982031371,0,0,24.1,-25.81968771507545,20260414-142232,0.0,0.0
55.904937172545885,1.1636995624629343,-24.43060039367856,48.04069622078813,0,0,24.1,-24.430600393678574,20260414-142232,0.0,0.0
57.52136806600804,1.175526039536235,-23.118848049273538,48.93244907505511,0,0,24.1,-23.11884804927354,20260414-142232,0.0,0.0
59.16629267368905,1.189236797194561,-21.879413530611714,49.75148163365261,0,0,24.1,-21.879413530611725,20260414-142232,0.0,0.0
60.83739979615077,1.20459459677238,-20.707545902294072,50.5044601388384,0,0,24.1,-20.707545902294065,20260414-142232,0.0,0.0
59.03004839191514,0.48054789572418677,-142.42069924884635,-122.83905291678933,0,0,24.1,-142.42069924884635,20260414-142232,0.0,0.0
55.02570346413829,0.46940436620898557,-139.13797452840976,-117.22452415289222,0,0,24.1,-139.13797452840976,20260414-142232,0.0,0.0
51.22985808279784,0.46455174551317074,-135.3547471087802,-110.27804453991745,0,0,24.1,-135.3547471087802,20260414-142232,0.0,0.0
47.69232187189907,0.4691071419919612,-130.98874102967437,-101.66616024941344,0,0,24.1,-130.98874102967437,20260414-142232,0.0,0.0
44.47477555616135,0.48865443221866606,-125.958005229091,-91.01477981941133,0,0,24.1,-125.958005229091,20260414-142232,0.0,0.0
41.65144229072891,0.5342862271565204,-120.19532893101118,-77.95717009663254,0,0,24.1,-120.19532893101118,20260414-142232,0.0,0.0
39.30735958969774,0.6316210962445425,-113.67198408467526,-62.232499552990305,0,0,24.1,-113.67198408467526,20260414-142232,0.0,0.0
37.53242970843447,0.8561540629704459,-106.42908691135331,-43.838406347351615,0,0,24.1,-106.42908691135331,20260414-142232,0.0,0.0
36.40998394138941,1.5697360343534341,-98.60635337242202,-23.194972367686322,0,0,24.1,-98.60635337242202,20260414-142232,0.0,0.0
36.00110373717428,29.66180130370265,-90.44865619304787,-1.2137194018854245,0,0,24.1,-90.44865619304787,20260414-142232,0.0,0.0
36.2403243792202,2.0335913978499796,96.60208022964628,-17.820848582235048,0,0,24.1,96.60208022964628,20260414-142232,0.0,0.0
5.384615384615358,5384615.384615359,179.99999999999943,8.285342072784373e-13,0,0,10.8,179.9999999999994,20260414-142232,0.0,0.0
5.993200427156989,0.17290843324879485,153.95560133724143,34.66112273733624,0,0,11.0,153.95560133724146,20260414-142232,0.0,0.0
7.529379583975631,0.1364542166243986,135.65527119076506,55.178797476818644,0,0,11.0,135.65527119076506,20260414-142232,0.0,0.0
9.555804493541054,0.14652503330515512,124.29760945841974,65.21619055796424,0,0,11.0,124.29760945841977,20260414-142232,0.0,0.0
11.82302749542797,0.16822710831220003,117.09289839176131,70.2801564744637,0,0,11.0,117.09289839176134,20260414-142232,0.0,0.0
14.21630387393948,0.19458168664975972,112.2571049266574,73.06085232742552,0,0,11.0,112.2571049266574,20260414-142232,0.0,0.0
16.68146724824902,0.2232625166525776,108.83175303746447,74.7168288629807,0,0,11.0,108.83175303746448,20260414-142232,0.0,0.0
19.19083479977614,0.25327263332125716,106.29498246271083,75.77145050422412,0,0,11.0,106.29498246271082,20260414-142232,0.0,0.0
21.729097268636565,0.28411355415610007,104.34776049049918,76.48032609066578,0,0,11.2,104.34776049049918,20260414-142232,0.0,0.0
23.226417328848378,1.3407115598976782,37.53365951737507,17.323947986710127,0,0,11.2,37.53365951737507,20260414-142232,0.0,0.0
23.844537048973184,1.208443039471636,40.87992777809234,19.731618512527213,0,0,11.4,40.87992777809235,20260414-142232,0.0,0.0
24.53973586698899,1.1180619353868626,44.04692253411778,21.948458390632855,0,0,11.4,44.046922534117776,20260414-142232,0.0,0.0
25.305662013846263,1.0554599866673744,47.03088741976461,23.975955823535433,0,0,11.4,47.030887419764625,20260414-142232,0.0,0.0
26.136098172683738,1.0122252134129808,49.83244508848966,25.820437810039408,0,0,11.4,49.83244508848966,20260414-142232,0.0,0.0
27.025098142671148,0.9830306202734483,52.45562846563604,27.491613776134066,0,0,11.4,52.45562846563603,20260414-142232,0.0,0.0
27.96707771193761,0.9643387462392772,54.90696583115587,29.001300446553103,0,0,11.4,54.906965831155865,20260414-142232,0.0,0.0
28.95686699326797,0.95370842273801,57.19467964467236,30.362389911725263,0,0,11.4,57.19467964467238,20260414-142232,0.0,0.0
29.98973258603303,0.9494006222669376,59.328024874870266,31.588069233012348,0,0,11.4,59.328024874870266,20260414-142232,0.0,0.0
31.061377614224313,0.9501429511901478,61.316768751580526,32.69126774588695,0,0,11.8,61.31676875158051,20260414-142232,0.0,0.0
32.16792660711604,0.9549829740824406,63.170799636738934,33.684293312164414,0,0,11.8,63.17079963673893,20260414-142232,0.0,0.0
33.30590081808143,0.9631935907172765,64.89984591992146,34.57861549232175,0,0,11.8,64.89984591992146,20260414-142232,0.0,0.0
34.472188218949135,0.9742101178708876,66.51328404478437,35.384756929323686,0,0,11.8,66.51328404478437,20260414-142232,0.0,0.0
35.66401121715192,0.9875873377641431,68.02001590018784,36.11226050942874,0,0,11.8,68.02001590018783,20260414-142232,0.0,0.0
36.87889417793497,1.0029694921706411,69.42839836993477,36.769706821412015,0,0,11.8,69.42839836993477,20260414-142232,0.0,0.0
38.11463209416061,1.020068887773223,70.7462108680497,37.36476286161772,0,0,11.8,70.7462108680497,20260414-142232,0.0,0.0
39.36926120407665,1.0386503611942852,71.98064964412038,37.90424831587038,0,0,11.8,71.98064964412038,20260414-142232,0.0,0.0
40.64103197548158,1.0585198130804143,73.13834025744137,38.39420998385614,0,0,11.8,73.13834025744139,20260414-142232,0.0,0.0
41.92838461597493,1.079515619816939,74.22536179412973,38.83999809385344,0,0,11.8,74.22536179412973,20260414-142232,0.0,0.0
43.229927101185744,1.1015021141274313,75.24727813850271,39.246340562342795,0,0,11.8,75.24727813850271,20260414-142232,0.0,0.0
44.54441561002063,1.1243645755510905,76.20917295562924,39.61741287356714,0,0,11.8,76.20917295562921,20260414-142232,0.0,0.0
45.87073719811324,1.1480053379951718,77.11568605982643,39.956902359199795,0,0,11.8,77.11568605982646,20260414-142232,0.0,0.0
47.20789451303876,1.1723407341630114,77.97104959873661,40.26806638834628,0,0,11.8,77.9710495987366,20260414-142232,0.0,0.0
48.554992346881534,1.1972986742032858,78.77912303268704,40.55378444245861,0,0,11.8,78.77912303268702,20260414-142232,0.0,0.0
49.911225825989874,1.2228167101353666,79.54342628318881,40.816604330230874,0,0,11.8,79.54342628318881,20260414-142232,0.0,0.0
51.27587004913615,1.24884047602931,80.26717070196491,41.0587829537427,0,0,11.8,80.26717070196493,20260414-142232,0.0,0.0
52.64827100042832,1.2753224215045809,80.95328770350488,41.28232211138869,0,0,11.8,80.95328770350488,20260414-142232,0.0,0.0
54.02783757998177,1.3022207761525368,81.60445503325212,41.48899984502564,0,0,11.8,81.60445503325212,20260414-142232,0.0,0.0
55.41403461217152,1.329498697209138,82.22312072775088,41.68039782851668,0,0,11.8,82.2231207277509,20260414-142232,0.0,0.0
56.80637670741465,1.357123563730198,82.81152487546552,41.85792526605043,0,0,11.8,82.81152487546554,20260414-142232,0.0,0.0
58.20442286842267,1.3850663887087786,83.37171931710844,42.022839730219324,0,0,11.8,83.37171931710843,20260414-142232,0.0,0.0
59.60777174549751,1.413301326765136,83.90558543912016,42.176265327601435,0,0,11.8,83.90558543912017,20260414-142232,0.0,0.0
61.016057457657844,1.4418052597605377,84.41485021843664,42.31920853707504,0,0,11.8,84.41485021843664,20260414-142232,0.0,0.0
62.42894590720542,1.470557446315195,84.90110067441276,42.45257202541449,0,0,11.8,84.90110067441279,20260414-142232,0.0,0.0
63.846131524854826,1.4995392240210237,85.3657968772626,42.577166707017525,0,0,11.8,85.36579687726261,20260414-142232,0.0,0.0
65.26733439086544,1.5287337553321,85.81028365337193,42.69372228042865,0,0,11.8,85.81028365337194,20260414-142232,0.0,0.0
66.69229768485067,1.5581258098370434,86.2358011175453,42.802896443789535,0,0,11.8,86.2358011175453,20260414-142232,0.0,0.0
68.12078542321818,1.5877015769778466,86.64349415147376,42.90528296437453,0,0,11.8,86.64349415147379,20260414-142232,0.0,0.0
69.55258044863062,1.6174485043611413,87.03442093698891,43.00141875373179,0,0,11.8,87.03442093698894,20260414-142232,0.0,0.0
70.98748264057572,1.6473551576726118,87.40956064233615,43.0917900793579,0,0,11.8,87.40956064233616,20260414-142232,0.0,0.0
72.42530732019401,1.6774110989004543,87.76982034996377,43.176838025972835,0,0,11.8,87.76982034996377,20260414-142232,0.0,0.0
73.86588382601784,1.7076067801356078,88.11604130528428,43.25696330401772,0,0,11.8,88.11604130528427,20260414-142232,0.0,0.0
75.30905424030155,1.7379334506727149,88.44900455757289,43.33253048967503,0,0,11.8,88.44900455757288,20260414-142232,0.0,0.0
76.75467224823714,1.7683830755081211,88.76943605662319,43.40387176923344,0,0,11.8,88.7694360566232,20260414-142232,0.0,0.0
78.20260211460763,1.7989482636363276,89.0780112619621,43.471290250744495,0,0,11.8,89.07801126196209,20260414-142232,0.0,0.0
79.65271776438432,1.829622204797574,89.37535931529158,43.5350628974231,0,0,11.8,89.3753593152916,20260414-142232,0.0,0.0
81.10490195546386,1.860398613536853,89.66206682133134,43.59544312993933,0,0,11.8,89.66206682133132,20260414-142232,0.0,0.0
82.55904553320518,1.8912716796069915,89.93868127732378,43.6526631384662,0,0,11.8,89.9386812773238,20260414-142232,0.0,0.0
84.01504675769688,1.9222360238920213,90.20571418708789,43.70693593994173,0,0,11.8,90.20571418708786,20260414-142232,0.0,0.0
85.47281069578703,1.953286659147041,90.46364389160811,43.758457211350226,0,0,11.8,90.4636438916081,20260414-142232,0.0,0.0
86.93224867086668,1.9844189549515245,90.71291814468361,43.80740692581737,0,0,11.8,90.71291814468358,20260414-142232,0.0,0.0
88.39327776423195,2.0156286063577853,90.9539564590807,43.85395081485644,0,0,11.8,90.95395645908069,20260414-142232,0.0,0.0
89.85582036257657,2.04691160578791,91.18715224590056,43.898241677118584,0,0,11.8,91.18715224590058,20260414-142232,0.0,0.0
91.31980374680127,2.078264217793141,91.41287476744515,43.94042055142131,0,0,11.8,91.41287476744516,20260414-142232,0.0,0.0
92.78515971788093,2.109682956341243,91.63147092170993,43.980617769598574,0,0,11.8,91.63147092170993,20260414-142232,0.0,0.0
94.2518242560151,2.1411645643413104,91.84326687471838,44.018953902784176,0,0,11.8,91.84326687471837,20260414-142232,0.0,0.0
95.71973720971313,2.1727059951530148,92.04856955521285,44.05554061306485,0,0,11.8,92.04856955521285,20260414-142232,0.0,0.0
97.18884201183812,2.204304395859491,92.24766802470657,44.09048142098485,0,0,11.8,92.24766802470657,20260414-142232,0.0,0.0
