dist,ttc,heading_err,approach_speed,ammo,mines,threat_density,threat_angle,session_id,fire,drop_mine
279.99999999999994,279999999.99999994,60.0,0.0,0,0,2.4,59.99999999999999,20260128-204820,0.0,0.0
279.99999999999994,279999999.99999994,60.0,0.0,0,0,2.4,59.99999999999999,20260128-204820,0.0,0.0
279.99999999999994,279999999.99999994,60.0,0.0,0,0,2.4,59.99999999999999,20260128-204820,0.0,0.0
279.99999999999994,279999999.99999994,60.0,0.0,0,0,2.4,59.99999999999999,20260128-204820,0.0,0.0
279.99999999999994,279999999.99999994,60.0,0.0,0,0,2.4,59.99999999999999,20260128-204820,0.0,0.0
279.99999999999994,279999999.99999994,60.0,0.0,0,0,2.4,59.99999999999999,20260128-204820,0.0,0.0
279.99999999999994,279999999.99999994,60.0,0.0,0,0,2.4,59.99999999999999,20260128-204820,0.0,0.0
279.99999999999994,279999999.99999994,60.0,0.0,0,0,2.4,59.99999999999999,20260128-204820,0.0,0.0
279.99999999999994,279999999.99999994,60.0,0.0,0,0,2.4,59.99999999999999,20260128-204820,0.0,0.0
279.99999999999994,279999999.99999994,60.0,0.0,0,0,2.4,59.99999999999999,20260128-204820,0.0,0.0
279.99999999999994,279999999.99999994,60.0,0.0,0,0,2.6,59.99999999999999,20260128-204820,0.0,0.0
279.99999999999994,279999999.99999994,60.0,0.0,0,0,2.6,59.99999999999999,20260128-204820,0.0,0.0
279.99999999999994,279999999.99999994,60.0,0.0,0,0,2.6,59.99999999999999,20260128-204820,0.0,0.0
279.99999999999994,279999999.99999994,60.0,0.0,0,0,2.6,59.99999999999999,20260128-204820,0.0,0.0
279.99999999999994,279999999.99999994,60.0,0.0,0,0,2.5,59.99999999999999,20260128-204820,0.0,0.0
279.99999999999994,279999999.99999994,60.0,0.0,0,0,2.5,59.99999999999999,20260128-204820,0.0,0.0
279.99999999999994,279999999.99999994,60.0,0.0,0,0,2.5,59.99999999999999,20260128-204820,0.0,0.0
279.99999999999994,279999999.99999994,60.0,0.0,0,0,2.4,59.99999999999999,20260128-204820,0.0,0.0
279.99999999999994,279999999.99999994,60.0,0.0,0,0,2.4,59.99999999999999,20260128-204820,0.0,0.0
279.99999999999994,279999999.99999994,60.0,0.0,0,0,2.4,59.99999999999999,20260128-204820,0.0,0.0
279.99999999999994,279999999.99999994,60.0,0.0,0,0,2.3,59.99999999999999,20260128-204820,0.0,0.0
279.99999999999994,279999999.99999994,60.0,0.0,0,0,2.3,59.99999999999999,20260128-204820,0.0,0.0
279.99999999999994,279999999.99999994,60.0,0.0,0,0,2.3,59.99999999999999,20260128-204820,0.0,0.0
279.99999999999994,279999999.99999994,60.0,0.0,0,0,2.3,59.99999999999999,20260128-204820,0.0,0.0
279.99999999999994,279999999.99999994,60.0,0.0,0,0,2.3,59.99999999999999,20260128-204820,0.0,0.0
279.99999999999994,279999999.99999994,60.0,0.0,0,0,2.3,59.99999999999999,20260128-204820,0.0,0.0
279.99999999999994,279999999.99999994,60.0,0.0,0,0,2.3,59.99999999999999,20260128-204820,0.0,0.0
279.99999999999994,279999999.99999994,60.0,0.0,0,0,2.3,59.99999999999999,20260128-204820,0.0,0.0
279.99999999999994,279999999.99999994,60.0,0.0,0,0,2.3,59.99999999999999,20260128-204820,0.0,0.0
279.99999999999994,279999999.99999994,60.0,0.0,0,0,2.3,59.99999999999999,20260128-204820,0.0,0.0
279.99999999999994,279999999.99999994,60.0,0.0,0,0,2.3,59.99999999999999,20260128-204820,0.0,0.0
279.99999999999994,279999999.99999994,60.0,0.0,0,0,2.3,59.99999999999999,20260128-204820,0.0,0.0
279.99999999999994,279999999.99999994,60.0,0.0,0,0,2.3,59.99999999999999,20260128-204820,0.0,0.0
279.99999999999994,279999999.99999994,60.0,0.0,0,0,2.3,59.99999999999999,20260128-204820,0.0,0.0
279.99999999999994,279999999.99999994,60.0,0.0,0,0,2.3,59.99999999999999,20260128-204820,0.0,0.0
279.99999999999994,279999999.99999994,60.0,0.0,0,0,2.3,59.99999999999999,20260128-204820,0.0,0.0
279.99999999999994,279999999.99999994,60.0,0.0,0,0,2.3,59.99999999999999,20260128-204820,0.0,0.0
279.99999999999994,279999999.99999994,60.0,0.0,0,0,2.3,59.99999999999999,20260128-204820,0.0,0.0
279.99999999999994,279999999.99999994,60.0,0.0,0,0,2.3,59.99999999999999,20260128-204820,0.0,0.0
279.99999999999994,279999999.99999994,60.0,0.0,0,0,2.3,59.99999999999999,20260128-204820,0.0,0.0
279.99999999999994,279999999.99999994,60.0,0.0,0,0,2.3,59.99999999999999,20260128-204820,0.0,0.0
279.99999999999994,279999999.99999994,60.0,0.0,0,0,2.3,59.99999999999999,20260128-204820,0.0,0.0
279.99999999999994,279999999.99999994,60.0,0.0,0,0,2.3,59.99999999999999,20260128-204820,0.0,0.0
279.99999999999994,279999999.99999994,60.0,0.0,0,0,2.3,59.99999999999999,20260128-204820,0.0,0.0
279.99999999999994,279999999.99999994,60.0,0.0,0,0,2.3,59.99999999999999,20260128-204820,0.0,0.0
279.99999999999994,279999999.99999994,60.0,0.0,0,0,2.3,59.99999999999999,20260128-204820,0.0,0.0
279.99999999999994,279999999.99999994,60.0,0.0,0,0,2.3,59.99999999999999,20260128-204820,0.0,0.0
279.99999999999994,279999999.99999994,60.0,0.0,0,0,2.3,59.99999999999999,20260128-204820,0.0,0.0
279.99999999999994,279999999.99999994,60.0,0.0,0,0,2.3,59.99999999999999,20260128-204820,0.0,0.0
279.99999999999994,279999999.99999994,60.0,0.0,0,0,2.3,59.99999999999999,20260128-204820,0.0,0.0
279.99999999999994,279999999.99999994,60.0,0.0,0,0,2.3,59.99999999999999,20260128-204820,0.0,0.0
279.99999999999994,279999999.99999994,60.0,0.0,0,0,2.3,59.99999999999999,20260128-204820,0.0,0.0
279.99999999999994,279999999.99999994,60.0,0.0,0,0,2.3,59.99999999999999,20260128-204820,0.0,0.0
279.99999999999994,279999999.99999994,60.0,0.0,0,0,2.3,59.99999999999999,20260128-204820,0.0,0.0
279.99999999999994,279999999.99999994,60.0,0.0,0,0,2.3,59.99999999999999,20260128-204820,0.0,0.0
279.99999999999994,279999999.99999994,60.0,0.0,0,0,2.3,59.99999999999999,20260128-204820,0.0,0.0
279.99999999999994,279999999.99999994,60.0,0.0,0,0,2.3,59.99999999999999,20260128-204820,0.0,0.0
279.99999999999994,279999999.99999994,60.0,0.0,0,0,2.3,59.99999999999999,20260128-204820,0.0,0.0
279.99999999999994,279999999.99999994,60.0,0.0,0,0,2.3,59.99999999999999,20260128-204820,0.0,0.0
279.99999999999994,279999999.99999994,60.0,0.0,0,0,2.3,59.99999999999999,20260128-204820,0.0,0.0
279.99999999999994,279999999.99999994,60.0,0.0,0,0,2.3,59.99999999999999,20260128-204820,0.0,0.0
279.99999999999994,279999999.99999994,60.0,0.0,0,0,2.3,59.99999999999999,20260128-204820,0.0,0.0
279.99999999999994,279999999.99999994,60.0,0.0,0,0,2.3,59.99999999999999,20260128-204820,0.0,0.0
279.99999999999994,279999999.99999994,60.0,0.0,0,0,2.3,59.99999999999999,20260128-204820,0.0,0.0
279.99999999999994,279999999.99999994,60.0,0.0,0,0,2.3,59.99999999999999,20260128-204820,0.0,0.0
279.99999999999994,279999999.99999994,60.0,0.0,0,0,2.3,59.99999999999999,20260128-204820,0.0,0.0
279.99999999999994,279999999.99999994,60.0,0.0,0,0,2.3,59.99999999999999,20260128-204820,0.0,0.0
279.99999999999994,279999999.99999994,60.0,0.0,0,0,2.3,59.99999999999999,20260128-204820,0.0,0.0
279.99999999999994,279999999.99999994,60.0,0.0,0,0,2.3,59.99999999999999,20260128-204820,0.0,0.0
279.99999999999994,279999999.99999994,60.0,0.0,0,0,2.3,59.99999999999999,20260128-204820,0.0,0.0
279.99999999999994,279999999.99999994,60.0,0.0,0,0,2.3,59.99999999999999,20260128-204820,0.0,0.0
279.99999999999994,279999999.99999994,60.0,0.0,0,0,2.3,59.99999999999999,20260128-204820,0.0,0.0
279.99999999999994,279999999.99999994,60.0,0.0,0,0,2.3,59.99999999999999,20260128-204820,0.0,0.0
279.99999999999994,279999999.99999994,60.0,0.0,0,0,2.3,59.99999999999999,20260128-204820,0.0,0.0
279.99999999999994,279999999.99999994,60.0,0.0,0,0,2.3,59.99999999999999,20260128-204820,0.0,0.0
279.99999999999994,279999999.99999994,60.0,0.0,0,0,2.3,59.99999999999999,20260128-204820,0.0,0.0
279.99999999999994,279999999.99999994,60.0,0.0,0,0,2.3,59.99999999999999,20260128-204820,0.0,0.0
279.99999999999994,279999999.99999994,60.0,0.0,0,0,2.3,59.99999999999999,20260128-204820,0.0,0.0
279.99999999999994,279999999.99999994,60.0,0.0,0,0,2.3,59.99999999999999,20260128-204820,0.0,0.0
279.99999999999994,279999999.99999994,60.0,0.0,0,0,2.3,59.99999999999999,20260128-204820,0.0,0.0
279.99999999999994,279999999.99999994,60.0,0.0,0,0,2.3,59.99999999999999,20260128-204820,0.0,0.0
279.99999999999994,279999999.99999994,60.0,0.0,0,0,2.3,59.99999999999999,20260128-204820,0.0,0.0
279.99999999999994,279999999.99999994,60.0,0.0,0,0,2.3,59.99999999999999,20260128-204820,0.0,0.0
279.99999999999994,279999999.99999994,60.0,0.0,0,0,2.3,59.99999999999999,20260128-204820,0.0,0.0
279.99999999999994,279999999.99999994,60.0,0.0,0,0,2.3,59.99999999999999,20260128-204820,0.0,0.0
279.99999999999994,279999999.99999994,60.0,0.0,0,0,2.3,59.99999999999999,20260128-204820,0.0,0.0
279.99999999999994,279999999.99999994,60.0,0.0,0,0,2.3,59.99999999999999,20260128-204820,0.0,0.0
279.99999999999994,279999999.99999994,60.0,0.0,0,0,2.3,59.99999999999999,20260128-204820,0.0,0.0
279.99999999999994,279999999.99999994,60.0,0.0,0,0,2.3,59.99999999999999,20260128-204820,0.0,0.0
279.99999999999994,279999999.99999994,60.0,0.0,0,0,2.3,59.99999999999999,20260128-204820,0.0,0.0
279.99999999999994,279999999.99999994,60.0,0.0,0,0,2.3,59.99999999999999,20260128-204820,0.0,0.0
279.99999999999994,279999999.99999994,60.0,0.0,0,0,2.3,59.99999999999999,20260128-204820,0.0,0.0
279.99999999999994,279999999.99999994,60.0,0.0,0,0,2.3,59.99999999999999,20260128-204820,0.0,0.0
279.99999999999994,279999999.99999994,60.0,0.0,0,0,2.3,59.99999999999999,20260128-204820,0.0,0.0
279.99999999999994,279999999.99999994,60.0,0.0,0,0,2.3,59.99999999999999,20260128-204820,0.0,0.0
279.99999999999994,279999999.99999994,60.0,0.0,0,0,2.3,59.99999999999999,20260128-204820,0.0,0.0
279.99999999999994,279999999.99999994,60.0,0.0,0,0,2.3,59.99999999999999,20260128-204820,0.0,0.0
279.99999999999994,279999999.99999994,60.0,0.0,0,0,2.3,59.99999999999999,20260128-204820,0.0,0.0
279.99999999999994,279999999.99999994,60.0,0.0,0,0,2.3,59.99999999999999,20260128-204820,0.0,0.0
279.99999999999994,279999999.99999994,60.0,0.0,0,0,2.3,59.99999999999999,20260128-204820,0.0,0.0
279.99999999999994,279999999.99999994,60.0,0.0,0,0,2.3,59.99999999999999,20260128-204820,0.0,0.0
279.99999999999994,279999999.99999994,60.0,0.0,0,0,2.3,59.99999999999999,20260128-204820,0.0,0.0
279.99999999999994,279999999.99999994,60.0,0.0,0,0,2.3,59.99999999999999,20260128-204820,0.0,0.0
279.99999999999994,279999999.99999994,60.0,0.0,0,0,2.3,59.99999999999999,20260128-204820,0.0,0.0
279.99999999999994,279999999.99999994,60.0,0.0,0,0,2.3,59.99999999999999,20260128-204820,0.0,0.0
279.99999999999994,279999999.99999994,60.0,0.0,0,0,2.3,59.99999999999999,20260128-204820,0.0,0.0
279.99999999999994,279999999.99999994,60.0,0.0,0,0,2.3,59.99999999999999,20260128-204820,0.0,0.0
279.99999999999994,279999999.99999994,60.0,0.0,0,0,2.3,59.99999999999999,20260128-204820,0.0,0.0
279.99999999999994,279999999.99999994,60.0,0.0,0,0,2.3,59.99999999999999,20260128-204820,0.0,0.0
279.99999999999994,279999999.99999994,60.0,0.0,0,0,2.3,59.99999999999999,20260128-204820,0.0,0.0
279.99999999999994,279999999.99999994,60.0,0.0,0,0,2.3,59.99999999999999,20260128-204820,0.0,0.0
279.99999999999994,279999999.99999994,54.0,0.0,0,0,2.3,59.99999999999999,20260128-204820,0.0,0.0
279.99999999999994,279999999.99999994,48.0,0.0,0,0,2.3,59.99999999999999,20260128-204820,0.0,0.0
279.99999999999994,279999999.99999994,42.0,0.0,0,0,2.3,59.99999999999999,20260128-204820,0.0,0.0
279.99999999999994,279999999.99999994,36.0,0.0,0,0,2.3,59.99999999999999,20260128-204820,0.0,0.0
279.99999999999994,279999999.99999994,30.0,0.0,0,0,2.3,59.99999999999999,20260128-204820,0.0,0.0
279.99999999999994,279999999.99999994,24.0,0.0,0,0,2.3,59.99999999999999,20260128-204820,0.0,0.0
279.99999999999994,279999999.99999994,18.0,0.0,0,0,2.3,59.99999999999999,20260128-204820,0.0,0.0
279.99999999999994,279999999.99999994,12.0,0.0,0,0,2.3,59.99999999999999,20260128-204820,0.0,0.0
279.99999999999994,279999999.99999994,6.0,0.0,0,0,2.3,59.99999999999999,20260128-204820,0.0,0.0
279.99999999999994,279999999.99999994,0.0,0.0,0,0,2.3,59.99999999999999,20260128-204820,0.0,0.0
279.99999999999994,279999999.99999994,-6.0,0.0,0,0,2.3,59.99999999999999,20260128-204820,0.0,0.0
279.99999999999994,279999999.99999994,-12.0,0.0,0,0,2.3,59.99999999999999,20260128-204820,0.0,0.0
279.99999999999994,279999999.99999994,-18.0,0.0,0,0,2.3,59.99999999999999,20260128-204820,0.0,0.0
279.99999999999994,279999999.99999994,-24.0,0.0,0,0,2.3,59.99999999999999,20260128-204820,0.0,0.0
279.99999999999994,279999999.99999994,-30.0,0.0,0,0,2.3,59.99999999999999,20260128-204820,0.0,0.0
279.99999999999994,279999999.99999994,-30.0,0.0,0,0,2.3,59.99999999999999,20260128-204820,0.0,0.0
279.99999999999994,279999999.99999994,-30.0,0.0,0,0,2.3,59.99999999999999,20260128-204820,0.0,0.0
279.99999999999994,279999999.99999994,-30.0,0.0,0,0,2.3,59.99999999999999,20260128-204820,0.0,0.0
279.9166666666667,55.983333333333334,0.0,-5.0,0,0,2.3,90.0,20260128-204820,0.0,0.0
279.6666666666667,27.96666666666667,0.0,-10.0,0,0,2.3,90.0,20260128-204820,0.0,0.0
279.25,18.616666666666667,0.0,-15.0,0,0,2.3,90.0,20260128-204820,0.0,0.0
278.6666666666667,13.933333333333334,0.0,-20.0,0,0,2.3,90.0,20260128-204820,0.0,0.0
277.9166666666667,11.116666666666667,0.0,-25.0,0,0,2.3,90.0,20260128-204820,0.0,0.0
277.0,9.233333333333333,0.0,-30.0,0,0,2.3,90.0,20260128-204820,0.0,0.0
275.9166666666667,7.883333333333334,0.0,-35.0,0,0,2.3,90.0,20260128-204820,0.0,0.0
274.6666666666667,6.866666666666667,0.0,-40.0,0,0,2.3,90.0,20260128-204820,0.0,0.0
273.25,6.072222222222222,0.0,-45.0,0,0,2.3,90.0,20260128-204820,0.0,0.0
271.6666666666667,5.433333333333334,0.0,-50.0,0,0,2.3,90.0,20260128-204820,0.0,0.0
269.9166666666667,4.907575757575758,0.0,-55.0,0,0,2.3,90.0,20260128-204820,0.0,0.0
268.0,4.466666666666667,0.0,-60.0,0,0,2.3,90.0,20260128-204820,0.0,0.0
265.9166666666667,4.091025641025642,0.0,-65.0,0,0,2.3,90.0,20260128-204820,0.0,0.0
263.6666666666667,3.766666666666667,0.0,-70.0,0,0,2.3,90.0,20260128-204820,0.0,0.0
261.25,3.4833333333333334,0.0,-75.0,0,0,2.3,90.0,20260128-204820,0.0,0.0
258.6666666666667,3.2333333333333334,0.0,-80.0,0,0,2.3,90.0,20260128-204820,0.0,0.0
255.91666666666669,3.0107843137254906,0.0,-85.0,0,0,2.3,90.0,20260128-204820,0.0,0.0
253.0,2.811111111111111,0.0,-90.0,0,0,2.3,90.0,20260128-204820,0.0,0.0
249.91666666666669,2.630701754385965,0.0,-95.0,0,0,2.3,90.0,20260128-204820,0.0,0.0
246.66666666666669,2.466666666666667,0.0,-100.0,0,0,2.3,90.0,20260128-204820,0.0,0.0
243.25,2.316666666666667,0.0,-105.0,0,0,2.3,90.0,20260128-204820,0.0,0.0
239.66666666666669,2.178787878787879,0.0,-110.0,0,0,2.3,90.0,20260128-204820,0.0,0.0
235.91666666666669,2.051449275362319,0.0,-115.0,0,0,2.3,90.0,20260128-204820,0.0,0.0
232.00732244095508,1.944226539281839,6.0509572883717055,-119.33142447826798,0,0,2.3,90.0509572883717,20260128-204820,0.0,0.0
227.97781065354428,1.8660529649876991,12.212683838545956,-122.17113604545898,0,0,2.3,90.21268383854594,20260128-204820,0.0,0.0
223.88177455377124,1.8159945470358714,18.498318521101282,-123.28328569003621,0,0,2.3,90.49831852110127,20260128-204820,0.0,0.0
219.78075782101564,1.7951448315128056,24.92044165034889,-122.4306551554405,0,0,2.3,90.9204416503489,20260128-204820,0.0,0.0
215.85533721404406,1.912520426412722,31.47379239655288,-112.86433035328139,0,0,2.3,91.4737923965529,20260128-204820,0.0,0.0
212.14334969567543,1.9311032488360576,32.08955368056559,-109.85603686573545,0,0,2.3,92.0895536805656,20260128-204820,0.0,0.0
208.38058501122723,1.6807532335669872,12.518990274955172,-123.98047544968303,0,0,2.3,72.51899027495516,20260128-204820,0.0,0.0
204.29330807928713,1.684806739709342,12.77364649740744,-121.25622676137395,0,0,2.3,72.77364649740744,20260128-204820,1.0,0.0
200.2968297156133,1.6898038067904282,13.03295845204002,-118.53259467798938,0,0,2.3,73.03295845204,20260128-204820,1.0,0.0
196.39112593850888,1.6958076661068495,13.296856214757042,-115.80978778647334,0,0,2.3,73.29685621475704,20260128-204820,1.0,0.0
192.57616552036973,1.7028872242873214,13.565251452068566,-113.08803235690793,0,0,2.3,73.56525145206857,20260128-204820,1.0,0.0
188.85190938847904,1.711117716950972,13.838035975607852,-110.36757291309733,0,0,2.3,73.83803597560785,20260128-204820,1.0,0.0
185.2183100084524,1.7205814559928145,14.115080264678738,-107.64867269918193,0,0,2.3,74.11508026467874,20260128-204820,1.0,0.0
181.67531075418708,1.7313686866749367,14.396231967481668,-104.93161401867059,0,0,2.3,74.39623196748167,20260128-204820,1.0,0.0
178.22284526899037,1.7435785739850578,14.681314393663115,-102.21669842022142,0,0,2.3,74.68131439366311,20260128-204820,1.0,0.0
174.86083682344955,1.7573203417745098,14.970125012953929,-99.50424670261216,0,0,2.3,74.97012501295391,20260128-204820,1.0,0.0
171.58919767655345,1.7727145932093369,15.262433976884665,-96.79459870971502,0,0,2.3,75.26243397688465,20260128-204820,1.0,0.0
168.40782844756933,1.7898948473262806,15.557982682857556,-94.0881128850304,0,0,2.3,75.55798268285756,20260128-204820,1.0,0.0
165.31661750720906,1.8090093343269353,15.856482402172503,-91.38516555455872,0,0,2.3,75.85648240217249,20260128-204820,1.0,0.0
162.31544039766374,1.8302231021253672,16.157612995898774,-88.68614990662783,0,0,2.3,76.15761299589879,20260128-204820,1.0,0.0
159.4041592921236,1.8537204991935776,16.461021744694847,-85.99147463788044,0,0,2.3,76.46102174469485,20260128-204820,1.0,0.0
156.58262250540665,1.879708114736237,16.766322320731433,-83.30156223610203,0,0,2.3,76.76632232073142,20260128-204820,1.0,0.0
153.85066406825487,1.9084182777637626,17.073093931694245,-80.61684687307296,0,0,2.3,77.07309393169426,20260128-204820,1.0,0.0
151.16994881288804,1.8878395802755292,11.328242908809614,-80.07563269270203,0,0,2.3,77.3282429088096,20260128-204820,1.0,0.0
148.52224029712895,1.8886542832323536,5.478096375310145,-78.63918855648863,0,0,2.3,77.47809637531013,20260128-204820,1.0,0.0
145.93703115422832,1.9119052790223212,-0.4776723739559543,-76.33068058102502,0,0,2.3,77.52232762604403,20260128-204820,1.0,0.0
143.4428071603377,1.9599333866773816,-6.537909099978833,-73.18759307606477,0,0,2.3,77.46209090002118,20260128-204820,1.0,0.0
141.0476433038923,2.000040312068326,-6.649427792107247,-70.52240020003846,0,0,2.3,77.35057220789274,20260128-204820,1.0,0.0
138.74130269023658,2.044576566156536,-6.760474893078879,-67.8582083873959,0,0,2.3,77.23952510692114,20260128-204820,1.0,0.0
136.52375097148752,2.0940807058493998,-6.870810227388006,-65.19507609717975,0,0,2.3,77.129189772612,20260128-204820,1.0,0.0
134.39495188396623,2.1491824091890868,-6.9801803436878345,-62.533059692534486,0,0,2.3,77.01981965631215,20260128-204820,1.0,0.0
132.35486733092478,2.2106226152475936,-7.088319102940574,-59.872212659916535,0,0,2.3,76.91168089705943,20260128-204820,1.0,0.0
130.40345749215302,2.2792792529307824,-7.194948453215318,-57.21258477848881,0,0,2.3,76.80505154678468,20260128-204820,1.0,0.0
128.5406809619737,2.3562004555949367,-7.2997794012946144,-54.55422124919222,0,0,2.3,76.70022059870539,20260128-204820,1.0,0.0
126.76649491677861,2.44264793162583,-7.402513188748685,-51.897161795397444,0,0,2.3,76.5974868112513,20260128-204820,1.0,0.0
125.08085531282128,2.540154308022512,-7.502842677084828,-49.2414397494598,0,0,2.3,76.49715732291517,20260128-204820,1.0,0.0
123.4837171144644,2.6505999965636042,-7.60045394298794,-46.58708114183809,0,0,2.3,76.39954605701206,20260128-204820,1.0,0.0
121.97503455248854,2.776317802579653,-7.695028080568392,-43.934103811585906,0,0,2.3,76.30497191943161,20260128-204820,1.0,0.0
120.55476141141096,2.9202377049740478,-7.786243202987606,-41.28251655886429,0,0,2.3,76.2137567970124,20260128-204820,1.0,0.0
119.22285134404804,3.0860910346698778,-7.873776630924397,-38.632318361535766,0,0,2.3,76.1262233690756,20260128-204820,1.0,0.0
117.97925821080587,3.2787045679678886,-7.9573072501897855,-35.98349767875803,0,0,2.3,76.04269274981023,20260128-204820,1.0,0.0
116.82393644041304,3.504434388430125,-8.036518015535876,-33.33603186468743,0,0,2.3,75.96348198446412,20260128-204820,1.0,0.0
115.75091786826961,3.736371181532001,-2.0837145630164002,-30.97950183332936,0,0,2.3,75.9162854369836,20260128-204820,1.0,0.0
114.76268849608687,4.053174285627206,-2.1016655891759797,-28.31427429682511,0,0,2.3,75.898334410824,20260128-204820,1.0,0.0
113.86329868441541,4.439265962792566,-2.118273881225889,-25.649127499625752,0,0,2.3,75.8817261187741,20260128-204820,1.0,0.0
113.05274581666066,4.918746358303515,-2.133468241234482,-22.984056826962057,0,0,2.3,75.86653175876552,20260128-204820,1.0,0.0
112.3310274431225,5.528358333031125,-2.1471820136510473,-20.319056883842205,0,0,2.3,75.85281798634895,20260128-204820,1.0,0.0
111.6981413065337,8.052538805711656,-2.159353779934918,-13.871170819730338,0,0,2.5,75.84064622006508,20260128-204820,1.0,0.0
111.28018335504254,9.930146900129426,-2.1498687480863623,-11.206297799440627,0,0,2.5,75.85013125191362,20260128-204820,1.0,0.0
110.95105540271716,12.989844021898552,-2.138597877055531,-8.541369335588136,0,0,2.5,75.86140212294447,20260128-204820,1.0,0.0
110.71075944930311,18.839970780698685,-2.1255523694825627,-5.876376388158993,0,0,2.5,75.87444763051744,20260128-204820,1.0,0.0
110.56969936324965,35.291955383336145,-2.25225411587121,-3.1330000891777594,0,0,2.4,75.74774588412878,20260128-204820,1.0,0.0
110.50968217999473,236.1074783659531,-2.2712011035502826,-0.4680482081499809,0,0,2.4,75.72879889644972,20260128-204820,1.0,0.0
110.53849504199204,50.317867801148076,-2.288327544842417,2.196804035473656,0,0,2.4,75.71167245515758,20260128-204820,1.0,0.0
110.64988982431339,28.648143471433972,-2.303723701162653,3.8623755823704986,0,0,2.3,75.69627629883735,20260128-204820,1.0,0.0
110.77863947431507,28.67978699625827,-2.318725542021241,3.8626032853301138,0,0,2.3,75.68127445797877,20260128-204820,1.0,0.0
110.90739670119584,28.71143464292215,-2.333692551323111,3.862830195722608,0,0,2.3,75.66630744867689,20260128-204820,1.0,0.0
122.76377559900818,122763775.59900819,-38.29580213192125,0.0,0,0,2.2,39.704197868078744,20260128-204820,1.0,0.0
122.76377559900818,122763775.59900819,-38.29580213192125,0.0,0,0,2.2,39.704197868078744,20260128-204820,1.0,0.0
122.76377559900818,122763775.59900819,-38.29580213192125,0.0,0,0,2.2,39.704197868078744,20260128-204820,1.0,0.0
122.76377559900818,122763775.59900819,-38.29580213192125,0.0,0,0,2.2,39.704197868078744,20260128-204820,1.0,0.0
122.76377559900818,122763775.59900819,-38.29580213192125,0.0,0,0,2.2,39.704197868078744,20260128-204820,1.0,0.0
122.76377559900818,122763775.59900819,-38.29580213192125,0.0,0,0,2.2,39.704197868078744,20260128-204820,1.0,0.0
122.76377559900818,122763775.59900819,-38.29580213192125,0.0,0,0,2.2,39.704197868078744,20260128-204820,1.0,0.0
122.76377559900818,122763775.59900819,-38.29580213192125,0.0,0,0,2.2,39.704197868078744,20260128-204820,1.0,0.0
122.76377559900818,122763775.59900819,-38.29580213192125,0.0,0,0,2.2,39.704197868078744,20260128-204820,1.0,0.0
122.76377559900818,122763775.59900819,-38.29580213192125,0.0,0,0,2.2,39.704197868078744,20260128-204820,1.0,0.0
122.76377559900818,122763775.59900819,-38.29580213192125,0.0,0,0,2.2,39.704197868078744,20260128-204820,1.0,0.0
122.76377559900818,122763775.59900819,-32.29580213192125,0.0,0,0,2.2,39.704197868078744,20260128-204820,1.0,0.0
122.76377559900818,122763775.59900819,-26.29580213192125,0.0,0,0,2.2,39.704197868078744,20260128-204820,1.0,0.0
122.76377559900818,122763775.59900819,-20.29580213192125,0.0,0,0,2.2,39.704197868078744,20260128-204820,1.0,0.0
122.76377559900818,122763775.59900819,-14.29580213192125,0.0,0,0,2.2,39.704197868078744,20260128-204820,1.0,0.0
122.76377559900818,122763775.59900819,-14.29580213192125,0.0,0,0,2.2,39.704197868078744,20260128-204820,1.0,0.0
122.76377559900818,122763775.59900819,-14.29580213192125,0.0,0,0,2.2,39.704197868078744,20260128-204820,1.0,0.0
122.76377559900818,122763775.59900819,-14.29580213192125,0.0,0,0,2.2,39.704197868078744,20260128-204820,1.0,0.0
122.76377559900818,122763775.59900819,-14.29580213192125,0.0,0,0,2.2,39.704197868078744,20260128-204820,1.0,0.0
122.76377559900818,122763775.59900819,-14.29580213192125,0.0,0,0,2.2,39.704197868078744,20260128-204820,1.0,0.0
122.76377559900818,122763775.59900819,-14.29580213192125,0.0,0,0,2.2,39.704197868078744,20260128-204820,1.0,0.0
122.76377559900818,122763775.59900819,-14.29580213192125,0.0,0,0,2.2,39.704197868078744,20260128-204820,1.0,0.0
122.76377559900818,122763775.59900819,-14.29580213192125,0.0,0,0,2.2,39.704197868078744,20260128-204820,1.0,0.0
122.76377559900818,122763775.59900819,-14.29580213192125,0.0,0,0,2.2,39.704197868078744,20260128-204820,1.0,0.0
122.76377559900818,122763775.59900819,-14.29580213192125,0.0,0,0,2.2,39.704197868078744,20260128-204820,1.0,0.0
122.76377559900818,122763775.59900819,-14.29580213192125,0.0,0,0,2.2,39.704197868078744,20260128-204820,1.0,0.0
122.76377559900818,122763775.59900819,-14.29580213192125,0.0,0,0,2.2,39.704197868078744,20260128-204820,1.0,0.0
122.76377559900818,122763775.59900819,-20.29580213192125,0.0,0,0,2.2,39.704197868078744,20260128-204820,1.0,0.0
122.76377559900818,122763775.59900819,-26.29580213192125,0.0,0,0,2.2,39.704197868078744,20260128-204820,1.0,0.0
122.76377559900818,122763775.59900819,-32.29580213192125,0.0,0,0,2.2,39.704197868078744,20260128-204820,1.0,0.0
122.76377559900818,122763775.59900819,-38.29580213192125,0.0,0,0,2.2,39.704197868078744,20260128-204820,1.0,0.0
122.76377559900818,122763775.59900819,-44.29580213192125,0.0,0,0,2.2,39.704197868078744,20260128-204820,1.0,0.0
122.76377559900818,122763775.59900819,-50.29580213192125,0.0,0,0,2.2,39.704197868078744,20260128-204820,1.0,0.0
122.76377559900818,122763775.59900819,-56.29580213192125,0.0,0,0,2.2,39.704197868078744,20260128-204820,1.0,0.0
122.76377559900818,122763775.59900819,-62.29580213192125,0.0,0,0,2.2,39.704197868078744,20260128-204820,1.0,0.0
122.76377559900818,122763775.59900819,-68.29580213192125,0.0,0,0,2.2,39.704197868078744,20260128-204820,1.0,0.0
122.76377559900818,122763775.59900819,-74.29580213192125,0.0,0,0,2.2,39.704197868078744,20260128-204820,1.0,0.0
122.76377559900818,122763775.59900819,-80.29580213192125,0.0,0,0,2.2,39.704197868078744,20260128-204820,1.0,0.0
122.76377559900818,122763775.59900819,-80.29580213192125,0.0,0,0,2.2,39.704197868078744,20260128-204820,1.0,0.0
122.76377559900818,122763775.59900819,-80.29580213192125,0.0,0,0,2.4,39.704197868078744,20260128-204820,1.0,0.0
122.76377559900818,122763775.59900819,-80.29580213192125,0.0,0,0,2.4,39.704197868078744,20260128-204820,1.0,0.0
122.76377559900818,122763775.59900819,-80.29580213192125,0.0,0,0,2.4,39.704197868078744,20260128-204820,1.0,0.0
122.76377559900818,122763775.59900819,-80.29580213192125,0.0,0,0,2.4,39.704197868078744,20260128-204820,1.0,0.0
122.76377559900818,122763775.59900819,-80.29580213192125,0.0,0,0,2.4,39.704197868078744,20260128-204820,1.0,0.0
122.76377559900818,122763775.59900819,-80.29580213192125,0.0,0,0,2.4,39.704197868078744,20260128-204820,1.0,0.0
122.76377559900818,122763775.59900819,-80.29580213192125,0.0,0,0,2.4,39.704197868078744,20260128-204820,1.0,0.0
122.76377559900818,122763775.59900819,-80.29580213192125,0.0,0,0,2.4,39.704197868078744,20260128-204820,1.0,0.0
122.76377559900818,122763775.59900819,-80.29580213192125,0.0,0,0,2.4,39.704197868078744,20260128-204820,1.0,0.0
122.76377559900818,122763775.59900819,-80.29580213192125,0.0,0,0,2.4,39.704197868078744,20260128-204820,1.0,0.0
122.76377559900818,122763775.59900819,-80.29580213192125,0.0,0,0,2.4,39.704197868078744,20260128-204820,1.0,0.0
122.76377559900818,122763775.59900819,-80.29580213192125,0.0,0,0,2.4,39.704197868078744,20260128-204820,1.0,0.0
122.76377559900818,122763775.59900819,-80.29580213192125,0.0,0,0,2.4,39.704197868078744,20260128-204820,1.0,0.0
122.76377559900818,122763775.59900819,-80.29580213192125,0.0,0,0,2.4,39.704197868078744,20260128-204820,1.0,0.0
122.76377559900818,122763775.59900819,-80.29580213192125,0.0,0,0,2.4,39.704197868078744,20260128-204820,1.0,0.0
122.76377559900818,122763775.59900819,-74.29580213192125,0.0,0,0,2.4,39.704197868078744,20260128-204820,1.0,0.0
122.76377559900818,122763775.59900819,-68.29580213192125,0.0,0,0,2.4,39.704197868078744,20260128-204820,1.0,0.0
122.76377559900818,122763775.59900819,-62.29580213192125,0.0,0,0,2.4,39.704197868078744,20260128-204820,1.0,0.0
122.76377559900818,122763775.59900819,-62.29580213192125,0.0,0,0,2.4,39.704197868078744,20260128-204820,1.0,0.0
122.76377559900818,122763775.59900819,-62.29580213192125,0.0,0,0,2.4,39.704197868078744,20260128-204820,1.0,0.0
122.76377559900818,122763775.59900819,-62.29580213192125,0.0,0,0,2.4,39.704197868078744,20260128-204820,1.0,0.0
122.76377559900818,122763775.59900819,-62.29580213192125,0.0,0,0,2.4,39.704197868078744,20260128-204820,1.0,0.0
122.76377559900818,122763775.59900819,-62.29580213192125,0.0,0,0,2.4,39.704197868078744,20260128-204820,1.0,0.0
122.76377559900818,122763775.59900819,-62.29580213192125,0.0,0,0,2.4,39.704197868078744,20260128-204820,1.0,0.0
122.76377559900818,122763775.59900819,-62.29580213192125,0.0,0,0,2.4,39.704197868078744,20260128-204820,1.0,0.0
122.76377559900818,122763775.59900819,-62.29580213192125,0.0,0,0,2.4,39.704197868078744,20260128-204820,1.0,0.0
122.76377559900818,122763775.59900819,-62.29580213192125,0.0,0,0,2.4,39.704197868078744,20260128-204820,1.0,0.0
122.76377559900818,122763775.59900819,-62.29580213192125,0.0,0,0,2.4,39.704197868078744,20260128-204820,1.0,0.0
122.76377559900818,122763775.59900819,-62.29580213192125,0.0,0,0,2.4,39.704197868078744,20260128-204820,1.0,0.0
122.76377559900818,122763775.59900819,-62.29580213192125,0.0,0,0,2.4,39.704197868078744,20260128-204820,1.0,0.0
122.76377559900818,122763775.59900819,-62.29580213192125,0.0,0,0,2.4,39.704197868078744,20260128-204820,1.0,0.0
122.76377559900818,122763775.59900819,-62.29580213192125,0.0,0,0,2.4,39.704197868078744,20260128-204820,1.0,0.0
122.76377559900818,122763775.59900819,-62.29580213192125,0.0,0,0,2.4,39.704197868078744,20260128-204820,1.0,0.0
122.76377559900818,122763775.59900819,-62.29580213192125,0.0,0,0,2.4,39.704197868078744,20260128-204820,1.0,0.0
122.76377559900818,122763775.59900819,-68.29580213192125,0.0,0,0,2.4,39.704197868078744,20260128-204820,1.0,0.0
122.76377559900818,122763775.59900819,-74.29580213192125,0.0,0,0,2.4,39.704197868078744,20260128-204820,1.0,0.0
122.76377559900818,122763775.59900819,-74.29580213192125,0.0,0,0,2.4,39.704197868078744,20260128-204820,1.0,0.0
122.76377559900818,122763775.59900819,-74.29580213192125,0.0,0,0,2.4,39.704197868078744,20260128-204820,1.0,0.0
122.76377559900818,122763775.59900819,-74.29580213192125,0.0,0,0,2.4,39.704197868078744,20260128-204820,1.0,0.0
122.76377559900818,122763775.59900819,-74.29580213192125,0.0,0,0,2.3,39.704197868078744,20260128-204820,1.0,0.0
122.76377559900818,122763775.59900819,-74.29580213192125,0.0,0,0,2.3,39.704197868078744,20260128-204820,1.0,0.0
122.76377559900818,122763775.59900819,-74.29580213192125,0.0,0,0,2.3,39.704197868078744,20260128-204820,1.0,0.0
122.76377559900818,122763775.59900819,-74.29580213192125,0.0,0,0,2.2,39.704197868078744,20260128-204820,1.0,0.0
122.76377559900818,122763775.59900819,-74.29580213192125,0.0,0,0,2.2,39.704197868078744,20260128-204820,1.0,0.0
122.76377559900818,122763775.59900819,-74.29580213192125,0.0,0,0,2.2,39.704197868078744,20260128-204820,1.0,0.0
122.76377559900818,122763775.59900819,-74.29580213192125,0.0,0,0,2.2,39.704197868078744,20260128-204820,1.0,0.0
122.76377559900818,122763775.59900819,-74.29580213192125,0.0,0,0,2.1,39.704197868078744,20260128-204820,1.0,0.0
122.76377559900818,122763775.59900819,-74.29580213192125,0.0,0,0,2.1,39.704197868078744,20260128-204820,1.0,0.0
122.76377559900818,122763775.59900819,-74.29580213192125,0.0,0,0,2.1,39.704197868078744,20260128-204820,1.0,0.0
122.76377559900818,122763775.59900819,-74.29580213192125,0.0,0,0,2.1,39.704197868078744,20260128-204820,1.0,0.0
122.76377559900818,122763775.59900819,-74.29580213192125,0.0,0,0,2.1,39.704197868078744,20260128-204820,1.0,0.0
122.76377559900818,122763775.59900819,-74.29580213192125,0.0,0,0,2.1,39.704197868078744,20260128-204820,1.0,0.0
122.76377559900818,122763775.59900819,-74.29580213192125,0.0,0,0,2.1,39.704197868078744,20260128-204820,1.0,0.0
122.76377559900818,122763775.59900819,-74.29580213192125,0.0,0,0,2.1,39.704197868078744,20260128-204820,1.0,0.0
122.76377559900818,122763775.59900819,-74.29580213192125,0.0,0,0,2.1,39.704197868078744,20260128-204820,1.0,0.0
122.76377559900818,122763775.59900819,-74.29580213192125,0.0,0,0,2.1,39.704197868078744,20260128-204820,1.0,0.0
122.76377559900818,122763775.59900819,-74.29580213192125,0.0,0,0,2.1,39.704197868078744,20260128-204820,1.0,0.0
122.76377559900818,122763775.59900819,-74.29580213192125,0.0,0,0,2.1,39.704197868078744,20260128-204820,1.0,0.0
122.76377559900818,122763775.59900819,-80.29580213192125,0.0,0,0,2.1,39.704197868078744,20260128-204820,1.0,0.0
122.76377559900818,122763775.59900819,-86.29580213192125,0.0,0,0,2.1,39.704197868078744,20260128-204820,1.0,0.0
122.76377559900818,122763775.59900819,-92.29580213192125,0.0,0,0,2.1,39.704197868078744,20260128-204820,1.0,0.0
122.76377559900818,122763775.59900819,-98.29580213192125,0.0,0,0,2.1,39.704197868078744,20260128-204820,1.0,0.0
122.76377559900818,122763775.59900819,-98.29580213192125,0.0,0,0,2.1,39.704197868078744,20260128-204820,1.0,0.0
122.76377559900818,122763775.59900819,-98.29580213192125,0.0,0,0,2.1,39.704197868078744,20260128-204820,1.0,0.0
122.76377559900818,122763775.59900819,-98.29580213192125,0.0,0,0,2.1,39.704197868078744,20260128-204820,1.0,0.0
122.76377559900818,122763775.59900819,-98.29580213192125,0.0,0,0,2.1,39.704197868078744,20260128-204820,1.0,0.0
122.76377559900818,122763775.59900819,-98.29580213192125,0.0,0,0,2.1,39.704197868078744,20260128-204820,1.0,0.0
122.76377559900818,122763775.59900819,-98.29580213192125,0.0,0,0,2.3,39.704197868078744,20260128-204820,1.0,0.0
122.76377559900818,122763775.59900819,-98.29580213192125,0.0,0,0,2.3,39.704197868078744,20260128-204820,1.0,0.0
122.76377559900818,122763775.59900819,-98.29580213192125,0.0,0,0,2.3,39.704197868078744,20260128-204820,1.0,0.0
122.76377559900818,122763775.59900819,-98.29580213192125,0.0,0,0,2.2,39.704197868078744,20260128-204820,1.0,0.0
122.76377559900818,122763775.59900819,-98.29580213192125,0.0,0,0,2.2,39.704197868078744,20260128-204820,1.0,0.0
122.76377559900818,122763775.59900819,-98.29580213192125,0.0,0,0,2.2,39.704197868078744,20260128-204820,1.0,0.0
122.76377559900818,122763775.59900819,-98.29580213192125,0.0,0,0,2.1,39.704197868078744,20260128-204820,1.0,0.0
122.76377559900818,122763775.59900819,-98.29580213192125,0.0,0,0,2.1,39.704197868078744,20260128-204820,1.0,0.0
122.76377559900818,122763775.59900819,-98.29580213192125,0.0,0,0,2.1,39.704197868078744,20260128-204820,1.0,0.0
122.76377559900818,122763775.59900819,-98.29580213192125,0.0,0,0,2.0,39.704197868078744,20260128-204820,1.0,0.0
122.76377559900818,122763775.59900819,-98.29580213192125,0.0,0,0,2.0,39.704197868078744,20260128-204820,1.0,0.0
122.76377559900818,122763775.59900819,-98.29580213192125,0.0,0,0,2.0,39.704197868078744,20260128-204820,1.0,0.0
122.76377559900818,122763775.59900819,-98.29580213192125,0.0,0,0,2.0,39.704197868078744,20260128-204820,1.0,0.0
122.76377559900818,122763775.59900819,-98.29580213192125,0.0,0,0,2.0,39.704197868078744,20260128-204820,1.0,0.0
122.76377559900818,122763775.59900819,-98.29580213192125,0.0,0,0,2.0,39.704197868078744,20260128-204820,1.0,0.0
122.76377559900818,122763775.59900819,-98.29580213192125,0.0,0,0,2.0,39.704197868078744,20260128-204820,1.0,0.0
122.76377559900818,122763775.59900819,-98.29580213192125,0.0,0,0,2.0,39.704197868078744,20260128-204820,1.0,0.0
122.76377559900818,122763775.59900819,-98.29580213192125,0.0,0,0,2.0,39.704197868078744,20260128-204820,1.0,0.0
122.76377559900818,122763775.59900819,-98.29580213192125,0.0,0,0,2.0,39.704197868078744,20260128-204820,1.0,0.0
122.76377559900818,122763775.59900819,-104.29580213192125,0.0,0,0,2.0,39.704197868078744,20260128-204820,1.0,0.0
122.76377559900818,122763775.59900819,-110.29580213192125,0.0,0,0,2.0,39.704197868078744,20260128-204820,1.0,0.0
122.76377559900818,122763775.59900819,-116.29580213192125,0.0,0,0,2.0,39.704197868078744,20260128-204820,1.0,0.0
122.76377559900818,122763775.59900819,-122.29580213192125,0.0,0,0,2.0,39.704197868078744,20260128-204820,1.0,0.0
122.76377559900818,122763775.59900819,-122.29580213192125,0.0,0,0,2.0,39.704197868078744,20260128-204820,1.0,0.0
122.76377559900818,122763775.59900819,-122.29580213192125,0.0,0,0,2.0,39.704197868078744,20260128-204820,1.0,0.0
122.76377559900818,122763775.59900819,-122.29580213192125,0.0,0,0,2.0,39.704197868078744,20260128-204820,1.0,0.0
122.76377559900818,122763775.59900819,-122.29580213192125,0.0,0,0,2.0,39.704197868078744,20260128-204820,1.0,0.0
122.76377559900818,122763775.59900819,-122.29580213192125,0.0,0,0,2.0,39.704197868078744,20260128-204820,1.0,0.0
122.76377559900818,122763775.59900819,-122.29580213192125,0.0,0,0,2.0,39.704197868078744,20260128-204820,1.0,0.0
122.76377559900818,122763775.59900819,-122.29580213192125,0.0,0,0,2.0,39.704197868078744,20260128-204820,1.0,0.0
122.76377559900818,122763775.59900819,-122.29580213192125,0.0,0,0,2.0,39.704197868078744,20260128-204820,1.0,0.0
122.76377559900818,122763775.59900819,-122.29580213192125,0.0,0,0,2.0,39.704197868078744,20260128-204820,1.0,0.0
122.76377559900818,122763775.59900819,-122.29580213192125,0.0,0,0,2.0,39.704197868078744,20260128-204820,1.0,0.0
122.76377559900818,122763775.59900819,-122.29580213192125,0.0,0,0,2.0,39.704197868078744,20260128-204820,1.0,0.0
122.76377559900818,122763775.59900819,-122.29580213192125,0.0,0,0,2.0,39.704197868078744,20260128-204820,1.0,0.0
122.76377559900818,122763775.59900819,-122.29580213192125,0.0,0,0,2.0,39.704197868078744,20260128-204820,1.0,0.0
122.76377559900818,122763775.59900819,-122.29580213192125,0.0,0,0,2.0,39.704197868078744,20260128-204820,1.0,0.0
122.76377559900818,122763775.59900819,-122.29580213192125,0.0,0,0,2.0,39.704197868078744,20260128-204820,1.0,0.0
122.76377559900818,122763775.59900819,-122.29580213192125,0.0,0,0,2.0,39.704197868078744,20260128-204820,1.0,0.0
122.76377559900818,122763775.59900819,-116.29580213192125,0.0,0,0,2.0,39.704197868078744,20260128-204820,1.0,0.0
122.76377559900818,122763775.59900819,-110.29580213192125,0.0,0,0,2.0,39.704197868078744,20260128-204820,1.0,0.0
122.76377559900818,122763775.59900819,-110.29580213192125,0.0,0,0,2.0,39.704197868078744,20260128-204820,1.0,0.0
122.76377559900818,122763775.59900819,-110.29580213192125,0.0,0,0,2.0,39.704197868078744,20260128-204820,1.0,0.0
122.76377559900818,122763775.59900819,-110.29580213192125,0.0,0,0,2.0,39.704197868078744,20260128-204820,1.0,0.0
122.76377559900818,122763775.59900819,-110.29580213192125,0.0,0,0,2.0,39.704197868078744,20260128-204820,1.0,0.0
122.76377559900818,122763775.59900819,-110.29580213192125,0.0,0,0,2.0,39.704197868078744,20260128-204820,1.0,0.0
122.76377559900818,122763775.59900819,-110.29580213192125,0.0,0,0,2.0,39.704197868078744,20260128-204820,1.0,0.0
122.76377559900818,122763775.59900819,-110.29580213192125,0.0,0,0,2.0,39.704197868078744,20260128-204820,1.0,0.0
122.76377559900818,122763775.59900819,-110.29580213192125,0.0,0,0,2.0,39.704197868078744,20260128-204820,1.0,0.0
122.76377559900818,122763775.59900819,-110.29580213192125,0.0,0,0,2.0,39.704197868078744,20260128-204820,1.0,0.0
122.76377559900818,122763775.59900819,-110.29580213192125,0.0,0,0,2.0,39.704197868078744,20260128-204820,1.0,0.0
122.76377559900818,122763775.59900819,-110.29580213192125,0.0,0,0,2.0,39.704197868078744,20260128-204820,1.0,0.0
122.76377559900818,122763775.59900819,-110.29580213192125,0.0,0,0,2.0,39.704197868078744,20260128-204820,1.0,0.0
122.76377559900818,122763775.59900819,-110.29580213192125,0.0,0,0,2.0,39.704197868078744,20260128-204820,1.0,0.0
122.76377559900818,122763775.59900819,-110.29580213192125,0.0,0,0,2.0,39.704197868078744,20260128-204820,1.0,0.0
122.76377559900818,122763775.59900819,-110.29580213192125,0.0,0,0,2.0,39.704197868078744,20260128-204820,1.0,0.0
122.76377559900818,122763775.59900819,-104.29580213192125,0.0,0,0,2.0,39.704197868078744,20260128-204820,1.0,0.0
122.76377559900818,122763775.59900819,-98.29580213192125,0.0,0,0,2.0,39.704197868078744,20260128-204820,1.0,0.0
122.76377559900818,122763775.59900819,-92.29580213192125,0.0,0,0,2.0,39.704197868078744,20260128-204820,1.0,0.0
122.76377559900818,122763775.59900819,-92.29580213192125,0.0,0,0,2.0,39.704197868078744,20260128-204820,1.0,0.0
122.76377559900818,122763775.59900819,-92.29580213192125,0.0,0,0,2.0,39.704197868078744,20260128-204820,1.0,0.0
122.76377559900818,122763775.59900819,-92.29580213192125,0.0,0,0,2.0,39.704197868078744,20260128-204820,1.0,0.0
122.76377559900818,122763775.59900819,-92.29580213192125,0.0,0,0,2.0,39.704197868078744,20260128-204820,1.0,0.0
122.76714205202147,602.7410823200042,-92.33466282481511,0.20368139098712135,0,0,2.0,39.66533717518489,20260128-204820,1.0,0.0
122.77758022475963,287.0713146772325,-92.45123186694917,0.4276901729551213,0,0,2.0,39.54876813305082,20260128-204820,1.0,0.0
122.79610626563796,177.36493930577683,-92.64546801618253,0.6923358514161454,0,0,2.0,39.354531983817466,20260128-204820,1.0,0.0
122.82441271486532,120.66590829809772,-92.91729543804549,1.0178882705746113,0,0,2.0,39.082704561954515,20260128-204820,1.0,0.0
122.86486671717738,86.24831096554463,-93.26659309996315,1.424548090759258,0,0,2.0,38.733406900036854,20260128-204820,1.0,0.0
122.92050706874114,63.61009204823983,-93.69318001474034,1.9324057411443805,0,0,2.0,38.30681998525967,20260128-204820,1.0,0.0
122.99503965298074,48.01895436676863,-94.1967964489368,2.5613852128795846,0,0,2.0,37.803203551063206,20260128-204820,1.0,0.0
123.09283070255813,36.95183876814871,-94.77708127841848,3.3311692951166525,0,0,2.0,37.222918721581514,20260128-204820,1.0,0.0
123.21889721721853,28.91713500076569,-95.43354576372411,4.261103225266122,0,0,2.0,36.56645423627589,20260128-204820,1.0,0.0
123.37889377475163,22.975267683449445,-96.16554413510018,5.370074267453664,0,0,2.0,35.83445586489982,20260128-204820,1.0,0.0
123.57909490145944,18.509935537437073,-96.9722415225071,6.67636549308969,0,0,2.0,35.027758477492895,20260128-204820,1.0,0.0
123.82637212716386,15.105413614671738,-97.85257993845485,8.197483053816715,0,0,2.0,34.147420061545155,20260128-204820,1.0,0.0
124.12816484698784,12.475245686612485,-98.80524321675803,9.949957537124343,0,0,2.0,33.19475678324197,20260128-204820,1.0,0.0
124.4924441575295,10.418543595207854,-99.82862201971764,11.949121584977716,0,0,2.0,32.171377980282365,20260128-204820,1.0,0.0
124.92766893798463,8.792232470407527,-100.92078023669833,14.208867811270935,0,0,2.0,31.079219763301673,20260128-204820,1.0,0.0
125.41605613146501,8.32414783223361,-102.0223420661615,15.066533975503923,0,0,2.0,29.977657933838497,20260128-204820,1.0,0.0
125.93029233299607,7.989939130518941,-103.07556992204789,15.761107847741137,0,0,2.0,28.924430077952106,20260128-204820,1.0,0.0
126.46507193120823,7.758374638248262,-104.08082658761832,16.30045954570742,0,0,2.0,27.919173412381685,20260128-204820,1.0,0.0
127.0153533838781,7.6091047831771945,-105.03859665872515,16.692548861292277,0,0,2.0,26.961403341274842,20260128-204820,1.0,0.0
127.47043887511882,11.949667546199217,-99.9612969261912,10.66727910063597,0,0,2.0,26.038703073808808,20260128-204820,1.0,0.0
127.7304267566474,25.572604665122704,-94.85635190523698,4.99481489778994,0,0,2.0,25.143648094763027,20260128-204820,1.0,0.0
127.80786857098701,459.74528716455745,-89.7172521888977,-0.2779971261026554,0,0,2.0,24.28274781110229,20260128-204820,1.0,0.0
127.71681245257653,25.00203594611743,-84.53803776548142,-5.108256492704135,0,0,2.0,23.461962234518573,20260128-204820,1.0,0.0
127.47266609044446,13.478675647387437,-79.31330688313864,-9.457358380394917,0,0,2.0,22.68669311686136,20260128-204820,1.0,0.0
127.17606825413948,15.222346125563076,-80.04625680726255,-8.354564217967106,0,0,2.0,21.95374319273745,20260128-204820,1.0,0.0
126.9146462386847,17.276321789727266,-80.7429014948998,-7.346161282672441,0,0,2.0,21.257098505100203,20260128-204820,1.0,0.0
126.68532008317781,19.70799824832157,-81.40256408140945,-6.42811707647513,0,0,2.0,20.597435918590552,20260128-204820,1.0,0.0
126.48514882188192,22.60225319864142,-82.02465143244258,-5.596130072088774,0,0,2.0,19.975348567557415,20260128-204820,1.0,0.0
126.31133889282832,26.066884956823834,-82.608647820481,-4.845662959039619,0,0,2.0,19.391352179519,20260128-204820,1.0,0.0
126.16125146993346,30.240182143652316,-83.15410841973764,-4.171973927624501,0,0,2.0,18.845891580262364,20260128-204820,1.0,0.0
126.03240878936772,35.301755112525505,-83.6606527519147,-3.570145687874024,0,0,2.0,18.3393472480853,20260128-204820,1.0,0.0
125.92249954933362,41.48858385593834,-84.12795820087923,-3.035112019889059,0,0,2.0,17.872041799120762,20260128-204820,1.0,0.0
125.82938346766863,49.11983459858266,-84.55575369958541,-2.561681742130691,0,0,2.0,17.444246300414587,20260128-204820,1.0,0.0
125.75109508410486,58.63724555092563,-84.94381367811914,-2.1445600642153595,0,0,2.0,17.05618632188086,20260128-204820,1.0,0.0
125.68584689395054,70.6748502694026,-85.29195234800176,-1.778367360027701,0,0,2.0,16.708047651998235,20260128-204820,1.0,0.0
125.66670307948351,236.77688199293652,-91.6006871215478,0.5307389050052292,0,0,2.0,16.39931287845221,20260128-204820,1.0,0.0
125.71451325212993,56.224808827454524,-97.8681220578668,2.2359260240071044,0,0,2.0,16.131877942133208,20260128-204820,1.0,0.0
125.80894108655204,37.808986080891636,-104.09171228898619,3.327487830998327,0,0,2.0,15.908287711013811,20260128-204820,1.0,0.0
125.9295842976659,33.04385167118975,-110.27052213711501,3.8109838269084504,0,0,2.0,15.729477862884991,20260128-204820,1.0,0.0
126.0564629616955,34.01449365252473,-116.40514362520003,3.7059632358319394,0,0,2.0,15.594856374799976,20260128-204820,1.0,0.0
126.17046170814932,41.44214773657067,-122.49758349486605,3.044496209756283,0,0,2.0,15.502416505133956,20260128-204820,1.0,0.0
126.25372152615694,67.5284176822377,-128.5511311621512,1.86963838128501,0,0,2.0,15.4488688378488,20260128-204820,1.0,0.0
126.28998069243572,539.8677669421501,-134.57021818729072,0.23392761788271094,0,0,2.0,15.429781812709269,20260128-204820,1.0,0.0
126.2904701942284,126290470.19422841,-140.57044166332295,0.0,0,0,2.0,15.42955833667704,20260128-204820,1.0,0.0
126.2904701942284,126290470.19422841,-146.57044166332295,0.0,0,0,2.0,15.42955833667704,20260128-204820,1.0,0.0
126.2904701942284,126290470.19422841,-152.57044166332295,0.0,0,0,2.0,15.42955833667704,20260128-204820,1.0,0.0
126.2904701942284,126290470.19422841,-158.57044166332295,0.0,0,0,2.0,15.42955833667704,20260128-204820,1.0,0.0
126.2904701942284,126290470.19422841,-164.57044166332295,0.0,0,0,2.0,15.42955833667704,20260128-204820,1.0,0.0
126.2904701942284,126290470.19422841,-170.57044166332295,0.0,0,0,2.0,15.42955833667704,20260128-204820,1.0,0.0
126.2904701942284,126290470.19422841,-170.57044166332295,0.0,0,0,2.0,15.42955833667704,20260128-204820,1.0,0.0
126.2904701942284,126290470.19422841,-170.57044166332295,0.0,0,0,2.0,15.42955833667704,20260128-204820,1.0,0.0
126.2904701942284,126290470.19422841,-170.57044166332295,0.0,0,0,2.0,15.42955833667704,20260128-204820,1.0,0.0
126.2904701942284,126290470.19422841,-170.57044166332295,0.0,0,0,2.0,15.42955833667704,20260128-204820,1.0,0.0
126.2904701942284,126290470.19422841,-170.57044166332295,0.0,0,0,2.0,15.42955833667704,20260128-204820,1.0,0.0
126.2904701942284,126290470.19422841,-170.57044166332295,0.0,0,0,2.0,15.42955833667704,20260128-204820,1.0,0.0
126.2904701942284,126290470.19422841,-170.57044166332295,0.0,0,0,2.0,15.42955833667704,20260128-204820,1.0,0.0
126.2904701942284,126290470.19422841,-170.57044166332295,0.0,0,0,2.2,15.42955833667704,20260128-204820,1.0,0.0
126.2904701942284,126290470.19422841,-170.57044166332295,0.0,0,0,2.2,15.42955833667704,20260128-204820,1.0,0.0
126.2904701942284,126290470.19422841,-170.57044166332295,0.0,0,0,2.2,15.42955833667704,20260128-204820,1.0,0.0
126.2904701942284,126290470.19422841,-170.57044166332295,0.0,0,0,2.2,15.42955833667704,20260128-204820,1.0,0.0
126.2904701942284,126290470.19422841,-170.57044166332295,0.0,0,0,2.2,15.42955833667704,20260128-204820,1.0,0.0
126.2904701942284,126290470.19422841,-164.57044166332295,0.0,0,0,2.2,15.42955833667704,20260128-204820,1.0,0.0
126.2904701942284,126290470.19422841,-158.57044166332295,0.0,0,0,2.2,15.42955833667704,20260128-204820,1.0,0.0
126.2904701942284,126290470.19422841,-152.57044166332295,0.0,0,0,2.2,15.42955833667704,20260128-204820,1.0,0.0
126.2904701942284,126290470.19422841,-152.57044166332295,0.0,0,0,2.2,15.42955833667704,20260128-204820,1.0,0.0
126.2904701942284,126290470.19422841,-152.57044166332295,0.0,0,0,2.2,15.42955833667704,20260128-204820,1.0,0.0
126.2904701942284,126290470.19422841,-152.57044166332295,0.0,0,0,2.2,15.42955833667704,20260128-204820,1.0,0.0
126.2904701942284,126290470.19422841,-152.57044166332295,0.0,0,0,2.2,15.42955833667704,20260128-204820,1.0,0.0
126.2904701942284,126290470.19422841,-152.57044166332295,0.0,0,0,2.2,15.42955833667704,20260128-204820,1.0,0.0
126.2904701942284,126290470.19422841,-152.57044166332295,0.0,0,0,2.4,15.42955833667704,20260128-204820,1.0,0.0
126.2904701942284,126290470.19422841,-152.57044166332295,0.0,0,0,2.4,15.42955833667704,20260128-204820,1.0,0.0
126.2904701942284,126290470.19422841,-152.57044166332295,0.0,0,0,2.4,15.42955833667704,20260128-204820,1.0,0.0
126.2904701942284,126290470.19422841,-152.57044166332295,0.0,0,0,2.4,15.42955833667704,20260128-204820,1.0,0.0
126.2904701942284,126290470.19422841,-152.57044166332295,0.0,0,0,2.3,15.42955833667704,20260128-204820,1.0,0.0
126.2904701942284,126290470.19422841,-152.57044166332295,0.0,0,0,2.3,15.42955833667704,20260128-204820,1.0,0.0
126.2904701942284,126290470.19422841,-152.57044166332295,0.0,0,0,2.3,15.42955833667704,20260128-204820,1.0,0.0
126.2904701942284,126290470.19422841,-152.57044166332295,0.0,0,0,2.2,15.42955833667704,20260128-204820,1.0,0.0
126.2904701942284,126290470.19422841,-152.57044166332295,0.0,0,0,2.2,15.42955833667704,20260128-204820,1.0,0.0
126.2904701942284,126290470.19422841,-152.57044166332295,0.0,0,0,2.2,15.42955833667704,20260128-204820,1.0,0.0
126.2904701942284,126290470.19422841,-152.57044166332295,0.0,0,0,2.1,15.42955833667704,20260128-204820,1.0,0.0
126.2904701942284,126290470.19422841,-152.57044166332295,0.0,0,0,2.1,15.42955833667704,20260128-204820,1.0,0.0
126.2904701942284,126290470.19422841,-152.57044166332295,0.0,0,0,2.1,15.42955833667704,20260128-204820,1.0,0.0
126.2904701942284,126290470.19422841,-152.57044166332295,0.0,0,0,2.1,15.42955833667704,20260128-204820,1.0,0.0
126.2904701942284,126290470.19422841,-152.57044166332295,0.0,0,0,2.1,15.42955833667704,20260128-204820,1.0,0.0
126.2904701942284,126290470.19422841,-152.57044166332295,0.0,0,0,2.1,15.42955833667704,20260128-204820,1.0,0.0
126.2904701942284,126290470.19422841,-152.57044166332295,0.0,0,0,2.1,15.42955833667704,20260128-204820,1.0,0.0
126.2904701942284,126290470.19422841,-152.57044166332295,0.0,0,0,2.1,15.42955833667704,20260128-204820,1.0,0.0
126.2904701942284,126290470.19422841,-152.57044166332295,0.0,0,0,2.1,15.42955833667704,20260128-204820,1.0,0.0
126.2904701942284,126290470.19422841,-158.57044166332295,0.0,0,0,2.1,15.42955833667704,20260128-204820,1.0,0.0
126.2904701942284,126290470.19422841,-164.57044166332295,0.0,0,0,2.1,15.42955833667704,20260128-204820,1.0,0.0
126.2904701942284,126290470.19422841,-170.57044166332295,0.0,0,0,2.1,15.42955833667704,20260128-204820,1.0,0.0
126.2904701942284,126290470.19422841,-176.57044166332295,0.0,0,0,2.1,15.42955833667704,20260128-204820,1.0,0.0
126.2904701942284,126290470.19422841,-176.57044166332295,0.0,0,0,2.1,15.42955833667704,20260128-204820,1.0,0.0
126.2904701942284,126290470.19422841,-176.57044166332295,0.0,0,0,2.1,15.42955833667704,20260128-204820,1.0,0.0
126.2904701942284,126290470.19422841,-176.57044166332295,0.0,0,0,2.1,15.42955833667704,20260128-204820,1.0,0.0
126.2904701942284,126290470.19422841,-176.57044166332295,0.0,0,0,2.1,15.42955833667704,20260128-204820,1.0,0.0
126.2904701942284,126290470.19422841,-176.57044166332295,0.0,0,0,2.1,15.42955833667704,20260128-204820,1.0,0.0
126.2904701942284,126290470.19422841,-176.57044166332295,0.0,0,0,2.1,15.42955833667704,20260128-204820,1.0,0.0
126.2904701942284,126290470.19422841,-176.57044166332295,0.0,0,0,2.1,15.42955833667704,20260128-204820,1.0,0.0
126.2904701942284,126290470.19422841,-176.57044166332295,0.0,0,0,2.1,15.42955833667704,20260128-204820,1.0,0.0
126.2904701942284,126290470.19422841,-176.57044166332295,0.0,0,0,2.1,15.42955833667704,20260128-204820,1.0,0.0
126.2904701942284,126290470.19422841,-176.57044166332295,0.0,0,0,2.3,15.42955833667704,20260128-204820,1.0,0.0
126.2904701942284,126290470.19422841,-176.57044166332295,0.0,0,0,2.3,15.42955833667704,20260128-204820,1.0,0.0
126.2904701942284,126290470.19422841,-176.57044166332295,0.0,0,0,2.3,15.42955833667704,20260128-204820,1.0,0.0
126.2904701942284,126290470.19422841,-176.57044166332295,0.0,0,0,2.3,15.42955833667704,20260128-204820,1.0,0.0
126.2904701942284,126290470.19422841,-176.57044166332295,0.0,0,0,2.3,15.42955833667704,20260128-204820,1.0,0.0
126.2904701942284,126290470.19422841,-176.57044166332295,0.0,0,0,2.3,15.42955833667704,20260128-204820,1.0,0.0
126.2904701942284,126290470.19422841,-176.57044166332295,0.0,0,0,2.3,15.42955833667704,20260128-204820,1.0,0.0
126.2904701942284,126290470.19422841,-176.57044166332295,0.0,0,0,2.3,15.42955833667704,20260128-204820,1.0,0.0
126.2904701942284,126290470.19422841,-176.57044166332295,0.0,0,0,2.3,15.42955833667704,20260128-204820,1.0,0.0
126.2904701942284,126290470.19422841,-176.57044166332295,0.0,0,0,2.3,15.42955833667704,20260128-204820,1.0,0.0
126.2904701942284,126290470.19422841,-176.57044166332295,0.0,0,0,2.3,15.42955833667704,20260128-204820,1.0,0.0
126.2904701942284,126290470.19422841,-176.57044166332295,0.0,0,0,2.3,15.42955833667704,20260128-204820,1.0,0.0
126.2904701942284,126290470.19422841,-176.57044166332295,0.0,0,0,2.3,15.42955833667704,20260128-204820,1.0,0.0
126.2904701942284,126290470.19422841,-176.57044166332295,0.0,0,0,2.3,15.42955833667704,20260128-204820,1.0,0.0
126.2904701942284,126290470.19422841,-176.57044166332295,0.0,0,0,2.3,15.42955833667704,20260128-204820,1.0,0.0
126.2904701942284,126290470.19422841,-176.57044166332295,0.0,0,0,2.3,15.42955833667704,20260128-204820,1.0,0.0
126.2904701942284,126290470.19422841,-176.57044166332295,0.0,0,0,2.3,15.42955833667704,20260128-204820,1.0,0.0
126.2904701942284,126290470.19422841,-176.57044166332295,0.0,0,0,2.3,15.42955833667704,20260128-204820,1.0,0.0
126.2904701942284,126290470.19422841,-176.57044166332295,0.0,0,0,2.3,15.42955833667704,20260128-204820,1.0,0.0
126.2904701942284,126290470.19422841,177.42955833667702,0.0,0,0,2.3,15.42955833667704,20260128-204820,1.0,0.0
126.2904701942284,126290470.19422841,171.42955833667702,0.0,0,0,2.3,15.42955833667704,20260128-204820,1.0,0.0
126.2904701942284,126290470.19422841,165.42955833667702,0.0,0,0,2.3,15.42955833667704,20260128-204820,1.0,0.0
126.2904701942284,126290470.19422841,165.42955833667702,0.0,0,0,2.3,15.42955833667704,20260128-204820,1.0,0.0
126.2904701942284,126290470.19422841,165.42955833667702,0.0,0,0,2.3,15.42955833667704,20260128-204820,1.0,0.0
126.2904701942284,126290470.19422841,165.42955833667702,0.0,0,0,2.3,15.42955833667704,20260128-204820,1.0,0.0
126.2904701942284,126290470.19422841,165.42955833667702,0.0,0,0,2.3,15.42955833667704,20260128-204820,1.0,0.0
126.2904701942284,126290470.19422841,165.42955833667702,0.0,0,0,2.3,15.42955833667704,20260128-204820,1.0,0.0
126.2904701942284,126290470.19422841,165.42955833667702,0.0,0,0,2.3,15.42955833667704,20260128-204820,1.0,0.0
126.2904701942284,126290470.19422841,165.42955833667702,0.0,0,0,2.3,15.42955833667704,20260128-204820,1.0,0.0
126.2904701942284,126290470.19422841,165.42955833667702,0.0,0,0,2.3,15.42955833667704,20260128-204820,1.0,0.0
126.2904701942284,126290470.19422841,165.42955833667702,0.0,0,0,2.3,15.42955833667704,20260128-204820,1.0,0.0
126.2904701942284,126290470.19422841,165.42955833667702,0.0,0,0,2.5,15.42955833667704,20260128-204820,1.0,0.0
126.2904701942284,126290470.19422841,165.42955833667702,0.0,0,0,2.5,15.42955833667704,20260128-204820,1.0,0.0
126.2904701942284,126290470.19422841,165.42955833667702,0.0,0,0,2.5,15.42955833667704,20260128-204820,1.0,0.0
126.2904701942284,126290470.19422841,165.42955833667702,0.0,0,0,2.5,15.42955833667704,20260128-204820,1.0,0.0
126.2904701942284,126290470.19422841,165.42955833667702,0.0,0,0,2.5,15.42955833667704,20260128-204820,1.0,0.0
126.2904701942284,126290470.19422841,165.42955833667702,0.0,0,0,2.5,15.42955833667704,20260128-204820,1.0,0.0
126.2904701942284,126290470.19422841,165.42955833667702,0.0,0,0,2.5,15.42955833667704,20260128-204820,1.0,0.0
126.2904701942284,126290470.19422841,165.42955833667702,0.0,0,0,2.5,15.42955833667704,20260128-204820,1.0,0.0
126.2904701942284,126290470.19422841,165.42955833667702,0.0,0,0,2.5,15.42955833667704,20260128-204820,1.0,0.0
126.2904701942284,126290470.19422841,165.42955833667702,0.0,0,0,2.5,15.42955833667704,20260128-204820,1.0,0.0
126.2904701942284,126290470.19422841,165.42955833667702,0.0,0,0,2.5,15.42955833667704,20260128-204820,1.0,0.0
126.2904701942284,126290470.19422841,165.42955833667702,0.0,0,0,2.5,15.42955833667704,20260128-204820,1.0,0.0
126.2904701942284,126290470.19422841,165.42955833667702,0.0,0,0,2.5,15.42955833667704,20260128-204820,1.0,0.0
126.2904701942284,126290470.19422841,165.42955833667702,0.0,0,0,2.5,15.42955833667704,20260128-204820,1.0,0.0
126.2904701942284,126290470.19422841,165.42955833667702,0.0,0,0,2.5,15.42955833667704,20260128-204820,1.0,0.0
126.2904701942284,126290470.19422841,165.42955833667702,0.0,0,0,2.5,15.42955833667704,20260128-204820,1.0,0.0
126.2904701942284,126290470.19422841,165.42955833667702,0.0,0,0,2.5,15.42955833667704,20260128-204820,1.0,0.0
126.2904701942284,126290470.19422841,165.42955833667702,0.0,0,0,2.5,15.42955833667704,20260128-204820,1.0,0.0
126.2904701942284,126290470.19422841,171.42955833667702,0.0,0,0,2.5,15.42955833667704,20260128-204820,1.0,0.0
126.2904701942284,126290470.19422841,177.42955833667702,0.0,0,0,2.5,15.42955833667704,20260128-204820,1.0,0.0
126.2904701942284,126290470.19422841,-176.57044166332295,0.0,0,0,2.5,15.42955833667704,20260128-204820,1.0,0.0
126.2904701942284,126290470.19422841,-176.57044166332295,0.0,0,0,2.5,15.42955833667704,20260128-204820,1.0,0.0
126.2904701942284,126290470.19422841,-176.57044166332295,0.0,0,0,2.5,15.42955833667704,20260128-204820,1.0,0.0
126.2904701942284,126290470.19422841,-176.57044166332295,0.0,0,0,2.5,15.42955833667704,20260128-204820,1.0,0.0
126.2904701942284,126290470.19422841,-176.57044166332295,0.0,0,0,2.5,15.42955833667704,20260128-204820,1.0,0.0
126.2904701942284,126290470.19422841,-176.57044166332295,0.0,0,0,2.5,15.42955833667704,20260128-204820,1.0,0.0
126.2904701942284,126290470.19422841,-176.57044166332295,0.0,0,0,2.5,15.42955833667704,20260128-204820,1.0,0.0
126.37365438417872,25.320016776978836,-176.57270183296112,4.99105729262702,0,0,2.5,15.427298167038877,20260128-204820,1.0,0.0
126.62320813082749,12.684918898278372,-176.57946452420376,9.982185077116505,0,0,2.5,15.42053547579625,20260128-204820,1.0,0.0
127.03913494145147,8.484291465787528,-176.59067663362794,14.973452462557455,0,0,2.5,15.40932336637207,20260128-204820,1.0,0.0
127.62144058529856,6.3922822248371105,-176.606250808108,19.964925842827697,0,0,2.5,15.393749191891997,20260128-204820,1.0,0.0
128.37013298216962,5.143720897406733,-176.6260671298672,24.95666766190384,0,0,2.5,15.373932870132784,20260128-204820,1.0,0.0
129.28522205206357,4.316884191473963,-176.64997539051694,29.948735318730023,0,0,2.5,15.350024609483055,20260128-204820,1.0,0.0
130.36671953112867,3.73103365755307,-176.67779787489752,34.94118024564466,0,0,2.5,15.322202125102477,20260128-204820,1.0,0.0
131.61463876014327,3.2958001514474953,-176.70933256071595,39.93404718497234,0,0,2.5,15.290667439284043,20260128-204820,1.0,0.0
133.02899445239933,2.9609786542477896,-176.74435663012719,44.92737367814432,0,0,2.5,15.255643369872804,20260128-204820,1.0,0.0
134.60980244816903,2.69644619979361,-176.78263018476315,49.92118977136361,0,0,2.5,15.217369815236848,20260128-204820,1.0,0.0
136.3570794629019,2.4830336596579565,-176.8239000561568,54.91551793207886,0,0,2.5,15.176099943843212,20260128-204820,1.0,0.0
138.27084283596324,2.3079616356615063,-176.86790360858603,59.91037316195776,0,0,2.5,15.132096391413976,20260128-204820,1.0,0.0
140.3511102861259,2.162382863747384,-176.91437244036513,64.90576328509147,0,0,2.5,15.085627559634863,20260128-204820,1.0,0.0
142.59789967922865,2.0399778736918606,-176.96303590166238,69.90168938507227,0,0,2.5,15.036964098337618,20260128-204820,1.0,0.0
145.01122881247812,1.9361123853808526,-177.0136243610484,74.89814636145358,0,0,2.5,14.986375638951614,20260128-204820,1.0,0.0
147.59111521886246,1.8473106819915823,-177.06587216821288,79.89512357485246,0,0,2.5,14.93412783178711,20260128-204820,1.0,0.0
150.33757599412274,1.770914851999447,-177.11952027572298,84.89260555039361,0,0,2.5,14.880479724277016,20260128-204820,1.0,0.0
153.25062764774626,1.7048576177213888,-177.1743184975513,89.8905727110349,0,0,2.5,14.825681502448697,20260128-204820,1.0,0.0
156.33028597854232,1.6475069027357796,-177.2300273957568,94.88900211522449,0,0,2.5,14.769972604243215,20260128-204820,1.0,0.0
159.5765659745689,1.597557029566852,-177.2864197986964,99.88786817697213,0,0,2.5,14.713580201303612,20260128-204820,1.0,0.0
162.98948173651422,1.5539510041945501,-177.34328196420773,104.88714335044017,0,0,2.5,14.656718035792252,20260128-204820,1.0,0.0
166.56904642311,1.515823996100712,-177.400414409201,109.88679876528559,0,0,2.5,14.599585590799,20260128-204820,1.0,0.0
170.3152722167607,1.4824615630041096,-177.45763243304646,114.88680480297117,0,0,2.5,14.542367566953539,20260128-204820,1.0,0.0
174.10051280163304,1.551317461177475,-177.5129429478461,112.2275209030961,0,0,2.5,14.487057052153892,20260128-204820,1.0,0.0
177.79710007913036,1.6227157438084339,-177.56468295286803,109.56761882512419,0,0,2.5,14.435317047131983,20260128-204820,1.0,0.0
178.12846946119686,1.7539527351213133,-10.237805253377644,-101.5583065007031,0,0,2.5,-178.23780525337764,20260128-204820,1.0,0.0
174.7879001455084,1.7677468328311992,-10.428761709695209,-98.87609294458215,0,0,2.5,-178.42876170969518,20260128-204820,1.0,0.0
171.50996600455542,1.7570249875399895,-4.5625805489601134,-97.61384568849331,0,0,2.5,-178.5625805489601,20260128-204820,1.0,0.0
168.29267532970258,1.7670511132115079,1.421165109535309,-95.23927976471539,0,0,2.5,-178.57883489046472,20260128-204820,1.0,0.0
165.17283475994432,1.7998280639740978,7.523252647248341,-91.77145198816136,0,0,2.5,-178.47674735275163,20260128-204820,1.0,0.0
162.15849673065935,1.8201860676560337,7.685294424226072,-89.08896711833471,0,0,2.5,-178.31470557577396,20260128-204820,1.0,0.0
159.2335604945866,1.8428239659317163,7.849102912749231,-86.4073636105983,0,0,2.5,-178.15089708725077,20260128-204820,1.0,0.0
156.3979947204175,1.8679570973840904,8.014497745557037,-83.72675953823519,0,0,2.5,-177.985502254443,20260128-204820,1.0,0.0
153.65176405148253,1.8958287967109853,8.181279617406403,-81.04727827641833,0,0,2.5,-177.81872038259357,20260128-204820,1.0,0.0
150.9948289370077,1.9267151099213067,8.349229697796773,-78.3690480027298,0,0,2.4,-177.6507703022032,20260128-204820,1.0,0.0
148.427145482103,1.9609304972170611,8.518109153246428,-75.6922010712515,0,0,2.4,-177.48189084675354,20260128-204820,1.0,0.0
145.94866532083677,1.998834773669921,8.687658799293615,-73.01687325204504,0,0,2.4,-177.31234120070638,20260128-204820,1.0,0.0
143.55933551699832,2.040841612870588,8.857598903108851,-70.34320282947974,0,0,2.4,-177.14240109689118,20260128-204820,1.0,0.0
141.2590984973335,2.087429040130396,9.027629157972456,-67.67132955499623,0,0,2.4,-176.97237084202752,20260128-204820,1.0,0.0
139.04789202214238,2.1391524802260364,9.197428850809843,-65.00139345253672,0,0,2.4,-176.80257114919016,20260128-204820,1.0,0.0
136.92564919813768,2.196661115744231,9.36665724341941,-62.33353347803361,0,0,2.4,-176.6333427565806,20260128-204820,1.0,0.0
134.8922985383539,2.2607185790426967,9.534954186904883,-59.6678860380199,0,0,2.4,-176.4650458130951,20260128-204820,1.0,0.0
132.94776407366302,2.332229378740268,9.701940987066678,-57.0045833765603,0,0,2.4,-176.2980590129333,20260128-204820,1.0,0.0
131.0919655200689,2.4122730041864053,9.867221536076158,-54.34375184424148,0,0,2.4,-176.13277846392384,20260128-204820,1.0,0.0
129.3248185054171,2.5021484422959146,10.0303837226121,-51.685510067800614,0,0,2.4,-175.9696162773879,20260128-204820,1.0,0.0
127.63269426488344,2.566158836241284,4.148706707695283,-49.73686447711483,0,0,2.4,-175.8512932923047,20260128-204820,1.0,0.0
126.01574035812911,2.670702660906464,-1.8176529160371615,-47.184489012100684,0,0,2.4,-175.81765291603716,20260128-204820,1.0,0.0
124.49309089099344,2.823619467076866,-7.863686346831173,-44.0898967947243,0,0,2.4,-175.86368634683114,20260128-204820,1.0,0.0
123.06758010767334,2.96970808756102,-7.945654192114375,-41.44096876833003,0,0,2.4,-175.94565419211435,20260128-204820,1.0,0.0
121.73034517376661,3.1379184637443696,-8.023698915620741,-38.793342331945105,0,0,2.4,-176.02369891562074,20260128-204820,1.0,0.0
121.31438430479689,3.429598954912897,-13.03674775745148,-35.37276104280769,0,0,2.3,178.96325224254852,20260128-204820,1.0,0.0
120.17899496742291,3.6694454729396155,-13.185271932527115,-32.75126878262256,0,0,2.3,178.81472806747288,20260128-204820,1.0,0.0
119.13092205935192,3.9534031883415435,-13.326766757677944,-30.133764856229465,0,0,2.3,178.67323324232206,20260128-204820,1.0,0.0
118.17003385719212,4.293942630717118,-13.460732649770165,-27.52017062637302,0,0,2.3,178.53926735022984,20260128-204820,1.0,0.0
117.29620179974427,4.708728882889696,-13.586686808341568,-24.910374905203895,0,0,2.3,178.41331319165843,20260128-204820,1.0,0.0
116.50930157974011,5.223640655171445,-13.704167437767467,-22.304233631460654,0,0,2.3,178.29583256223253,20260128-204820,1.0,0.0
115.80921423812987,5.878171839663269,-13.812737925001443,-19.701570045418066,0,0,2.3,178.18726207499856,20260128-204820,1.0,0.0
115.19582724388108,6.735741193207543,-13.911990906567297,-17.102175386436592,0,0,2.3,178.0880090934327,20260128-204820,1.0,0.0
114.66903554162468,7.905041810800564,-14.001552157323914,-14.505810125501645,0,0,2.3,177.9984478426761,20260128-204820,1.0,0.0
114.22874254929793,9.589218413781353,-14.081084234063042,-11.912205731504836,0,0,2.3,177.91891576593696,20260128-204820,1.0,0.0
113.87486108821206,12.216934137453919,-14.150289809301654,-9.321066955669473,0,0,2.3,177.84971019069835,20260128-204820,1.0,0.0
113.60731422873478,16.875528111542774,-14.208914634707753,-6.7320746039958275,0,0,2.3,177.79108536529225,20260128-204820,1.0,0.0
113.42603603602011,27.365278728136712,-14.256750079392901,-4.144888753477105,0,0,2.3,177.7432499206071,20260128-204820,1.0,0.0
113.3309722019151,72.68755478601535,-14.293635195686448,-1.559152354698817,0,0,2.3,177.70636480431355,20260128-204820,1.0,0.0
113.32061976024275,117.57473382791741,-8.316107974450375,0.9638177869583698,0,0,2.3,177.68389202554962,20260128-204820,1.0,0.0
113.39647806038452,31.50513725207055,-2.3268588763733646,3.5993011918375943,0,0,2.3,177.67314112362664,20260128-204820,1.0,0.0
113.52686377074198,28.86945162376547,3.6653885534144592,3.9324218987688053,0,0,2.3,177.66538855341446,20260128-204820,1.0,0.0
113.65794553294957,28.90233027573301,3.657666551814458,3.932483797971789,0,0,2.3,177.65766655181446,20260128-204820,1.0,0.0
113.7890293548979,28.93520998952502,3.649962341411765,3.9325454833779068,0,0,2.3,177.64996234141177,20260128-204820,1.0,0.0
113.92011522947679,28.9680907614263,3.6422758610694075,3.932606955967288,0,0,2.3,177.6422758610694,20260128-204820,1.0,0.0
114.05120314960858,29.000972587738953,3.634607049928917,3.93266821671447,0,0,2.3,177.63460704992892,20260128-204820,1.0,0.0
162.82192858884724,44.710917192731124,26.10300937915605,3.6416593264456227,0,0,2.2,-159.89699062084395,20260128-204820,1.0,0.0
162.94332546169431,44.73818966535954,26.084800501786106,3.6421528604645386,0,0,2.2,-159.9151994982139,20260128-204820,1.0,0.0
163.06473876730118,44.76547280093083,26.066618738192858,3.6426452925548123,0,0,2.2,-159.93338126180714,20260128-204820,1.0,0.0
163.18616846898905,44.792766571330574,26.04846403151464,3.6431366258460955,0,0,2.2,-159.95153596848533,20260128-204820,1.0,0.0
163.30761453018332,44.82007094854307,26.03033632503724,3.643626863457516,0,0,2.2,-159.96966367496276,20260128-204820,1.0,0.0
163.42907691441314,44.84738590465098,26.01223556219327,3.644116008497709,0,0,2.2,-159.9877644378067,20260128-204820,1.0,0.0
163.55055558531117,44.8747114118348,25.994161686561995,3.6446040640648665,0,0,2.2,-160.005838313438,20260128-204820,1.0,0.0
163.67205050661315,44.90204744237257,25.976114641868662,3.645091033246766,0,0,2.2,-160.0238853581313,20260128-204820,1.0,0.0
163.7935616421575,44.92939396863925,19.95809437198426,3.6455769191208214,0,0,2.2,-160.04190562801574,20260128-204820,1.0,0.0
163.91508895588512,44.956750963106465,13.940100820924954,3.6460617247541136,0,0,2.2,-160.05989917907505,20260128-204820,1.0,0.0
164.036632411839,44.98411839834206,7.922133932851693,3.64654545320343,0,0,2.2,-160.07786606714828,20260128-204820,1.0,0.0
164.15819197416377,45.01149624700956,1.9041936520699778,3.6470281075153106,0,0,2.2,-160.09580634793002,20260128-204820,1.0,0.0
164.27976760710553,45.03888448186793,-4.113720076970935,3.6475096907260753,0,0,2.2,-160.11372007697096,20260128-204820,1.0,0.0
164.4013592750113,45.06628307577097,-4.131607309678145,3.6479902058618756,0,0,2.2,-160.13160730967815,20260128-204820,1.0,0.0
164.52296694232894,45.0936920016671,-4.14946810131562,3.648469655938719,0,0,2.2,-160.1494681013156,20260128-204820,1.0,0.0
164.64459057360656,45.121111232598764,-4.167302507004592,3.64894804396252,0,0,2.2,-160.16730250700456,20260128-204820,1.0,0.0
164.76623013349243,45.148540741702185,-4.185110581724018,3.649425372929128,0,0,2.2,-160.18511058172402,20260128-204820,1.0,0.0
166.28570766598,42.58018853050235,-2.530923510323646,3.905236529116378,0,0,2.1,-158.53092351032365,20260128-204820,1.0,0.0
166.41588363325334,42.61259533667912,-2.5383986325778096,3.9053214740480637,0,0,2.1,-158.53839863257778,20260128-204820,1.0,0.0
166.54606242870418,42.6450036314534,-2.545862069273767,3.90540621987111,0,0,2.1,-158.5458620692738,20260128-204820,1.0,0.0
166.67624404570591,42.67741341124063,-2.5533138475389023,3.9054907672030033,0,0,2.0,-158.55331384753893,20260128-204820,1.0,0.0
166.8064284776524,42.70982467246771,-2.5607539944173823,3.9055751166588566,0,0,2.0,-158.56075399441735,20260128-204820,1.0,0.0
166.93661571795798,42.742237411573015,-2.568182536870438,3.905659268851418,0,0,2.0,-158.56818253687044,20260128-204820,1.0,0.0
219.9357571340881,61.92953337304471,11.233482488000618,3.5513872809159057,0,0,1.9,-144.76651751199938,20260128-204820,1.0,0.0
220.05414444248905,61.954777480711236,11.218293488034533,3.551851098343463,0,0,1.9,-144.7817065119655,20260128-204820,1.0,0.0
220.1725471989995,61.98003239654708,11.203120823458107,3.552314167736146,0,0,1.9,-144.7968791765419,20260128-204820,1.0,0.0
220.29096537871007,62.00529809890513,11.187964470057807,3.552776490604436,0,0,1.9,-144.8120355299422,20260128-204820,1.0,0.0
220.40939895676178,62.03057456619617,11.172824403662673,3.5532380684552747,0,0,1.9,-144.82717559633733,20260128-204820,1.0,0.0
220.5278479083458,62.05586177688848,11.157700600144722,3.5536989027920836,0,0,1.9,-144.84229939985528,20260128-204820,1.0,0.0
220.6463122087033,62.08115970950777,11.142593035418713,3.5541589951147636,0,0,1.9,-144.85740696458126,20260128-204820,1.0,0.0
220.76479183312546,62.106468342636894,11.127501685442098,3.554618346919713,0,0,1.9,-144.8724983145579,20260128-204820,1.0,0.0
220.8832867569532,62.131787654915755,11.11242652621479,3.5550769596998277,0,0,1.9,-144.88757347378524,20260128-204820,1.0,0.0
221.00179695557725,62.15711762504105,11.09736753377922,3.555534834944517,0,0,1.9,-144.90263246622075,20260128-204820,1.0,0.0
221.12032240443781,62.18245823176609,11.082324684220453,3.5559919741397077,0,0,1.9,-144.91767531577955,20260128-204820,1.0,0.0
221.2388630790247,62.20780945390065,11.067297953665616,3.5564483787678562,0,0,1.9,-144.93270204633438,20260128-204820,1.0,0.0
221.35741895487692,62.23317127031074,11.052287318284243,3.5569040503079545,0,0,1.9,-144.94771268171573,20260128-204820,1.0,0.0
221.47599000758282,62.2585436599184,5.03729275428816,3.5573589902355436,0,0,1.9,-144.96270724571187,20260128-204820,1.0,0.0
221.5945762127799,62.28392660170163,-0.9776857620690294,3.557813200022714,0,0,1.9,-144.97768576206903,20260128-204820,1.0,0.0
221.71317754615464,62.30932007469406,-0.9926482544913711,3.558266681138123,0,0,1.9,-144.99264825449137,20260128-204820,1.0,0.0
221.83179398344237,62.33472405798481,-1.0075947466410753,3.5587194350470006,0,0,1.9,-145.0075947466411,20260128-204820,1.0,0.0
221.95042550042726,62.36013853071838,-1.022525262138572,3.559171463211155,0,0,1.9,-145.02252526213857,20260128-204820,1.0,0.0
222.06907207294213,62.385563472094375,-1.037439824562341,3.5596227670889857,0,0,1.9,-145.03743982456234,20260128-204820,1.0,0.0
222.18773367686836,62.410998861367375,-1.0523384574493093,3.5600733481354894,0,0,1.9,-145.05233845744928,20260128-204820,1.0,0.0
222.30641028813582,62.436444677846744,-1.0672211842945671,3.5605232078022695,0,0,1.9,-145.0672211842946,20260128-204820,1.0,0.0
222.4251018827226,62.46190090089642,-1.0820880285518797,3.560972347537545,0,0,1.9,-145.08208802855188,20260128-204820,1.0,0.0
222.5438084366551,62.487367509934764,-1.0969390136334027,3.5614207687861588,0,0,1.9,-145.0969390136334,20260128-204820,1.0,0.0
224.2769311958808,57.932451271415836,0.09099826316298731,3.8713523469796653,0,0,1.8,-143.90900173683698,20260128-204820,1.0,0.0
224.40597797676878,57.964255892521784,0.08394022843731364,3.871454476925673,0,0,1.8,-143.91605977156266,20260128-204820,1.0,0.0
224.53502815905316,57.99606235133259,0.0768903067323663,3.871556430828859,0,0,1.8,-143.9231096932676,20260128-204820,1.0,0.0
225.1241960075372,56.884736366143706,1.3547896773461616,3.957550133633478,0,0,1.7,-142.64521032265384,20260128-204820,1.0,0.0
225.2561143771919,56.91804221670879,1.3557534384424343,3.957552045088894,0,0,1.7,-142.64424656155757,20260128-204820,1.0,0.0
225.38803281050585,56.95134809947141,1.3567160713703288,3.9575539531889987,0,0,1.7,-142.64328392862967,20260128-204820,1.0,0.0
250.77287895144897,250772878.95144898,154.4844381996981,0.0,0,0,1.6,10.4844381996981,20260128-204820,1.0,0.0
250.77287895144897,250772878.95144898,154.4844381996981,0.0,0,0,1.6,10.4844381996981,20260128-204820,1.0,0.0
250.77287895144897,250772878.95144898,154.4844381996981,0.0,0,0,1.6,10.4844381996981,20260128-204820,1.0,0.0
250.77287895144897,250772878.95144898,154.4844381996981,0.0,0,0,1.6,10.4844381996981,20260128-204820,1.0,0.0
250.77287895144897,250772878.95144898,154.4844381996981,0.0,0,0,1.6,10.4844381996981,20260128-204820,1.0,0.0
250.77287895144897,250772878.95144898,154.4844381996981,0.0,0,0,1.6,10.4844381996981,20260128-204820,1.0,0.0
250.77287895144897,250772878.95144898,154.4844381996981,0.0,0,0,1.6,10.4844381996981,20260128-204820,1.0,0.0
250.77287895144897,250772878.95144898,154.4844381996981,0.0,0,0,1.6,10.4844381996981,20260128-204820,1.0,0.0
250.77287895144897,250772878.95144898,154.4844381996981,0.0,0,0,1.6,10.4844381996981,20260128-204820,1.0,0.0
250.77287895144897,250772878.95144898,154.4844381996981,0.0,0,0,1.6,10.4844381996981,20260128-204820,1.0,0.0
250.77287895144897,250772878.95144898,154.4844381996981,0.0,0,0,1.6,10.4844381996981,20260128-204820,1.0,0.0
250.77287895144897,250772878.95144898,148.4844381996981,0.0,0,0,1.6,10.4844381996981,20260128-204820,1.0,0.0
250.77287895144897,250772878.95144898,142.4844381996981,0.0,0,0,1.6,10.4844381996981,20260128-204820,1.0,0.0
250.77287895144897,250772878.95144898,136.4844381996981,0.0,0,0,1.6,10.4844381996981,20260128-204820,1.0,0.0
250.77287895144897,250772878.95144898,136.4844381996981,0.0,0,0,1.6,10.4844381996981,20260128-204820,1.0,0.0
250.77287895144897,250772878.95144898,136.4844381996981,0.0,0,0,1.6,10.4844381996981,20260128-204820,1.0,0.0
250.77287895144897,250772878.95144898,136.4844381996981,0.0,0,0,1.6,10.4844381996981,20260128-204820,1.0,0.0
250.77287895144897,250772878.95144898,136.4844381996981,0.0,0,0,1.6,10.4844381996981,20260128-204820,1.0,0.0
250.77287895144897,250772878.95144898,142.4844381996981,0.0,0,0,1.6,10.4844381996981,20260128-204820,1.0,0.0
250.77287895144897,250772878.95144898,142.4844381996981,0.0,0,0,1.6,10.4844381996981,20260128-204820,1.0,0.0
250.77287895144897,250772878.95144898,142.4844381996981,0.0,0,0,1.6,10.4844381996981,20260128-204820,1.0,0.0
250.77287895144897,250772878.95144898,142.4844381996981,0.0,0,0,1.6,10.4844381996981,20260128-204820,1.0,0.0
250.77287895144897,250772878.95144898,142.4844381996981,0.0,0,0,1.6,10.4844381996981,20260128-204820,1.0,0.0
250.77287895144897,250772878.95144898,142.4844381996981,0.0,0,0,1.6,10.4844381996981,20260128-204820,1.0,0.0
250.77287895144897,250772878.95144898,142.4844381996981,0.0,0,0,1.6,10.4844381996981,20260128-204820,1.0,0.0
250.77287895144897,250772878.95144898,142.4844381996981,0.0,0,0,1.6,10.4844381996981,20260128-204820,1.0,0.0
250.77287895144897,250772878.95144898,142.4844381996981,0.0,0,0,1.6,10.4844381996981,20260128-204820,1.0,0.0
250.77287895144897,250772878.95144898,142.4844381996981,0.0,0,0,1.6,10.4844381996981,20260128-204820,1.0,0.0
250.77287895144897,250772878.95144898,142.4844381996981,0.0,0,0,1.8,10.4844381996981,20260128-204820,1.0,0.0
250.77287895144897,250772878.95144898,142.4844381996981,0.0,0,0,1.8,10.4844381996981,20260128-204820,1.0,0.0
250.77287895144897,250772878.95144898,142.4844381996981,0.0,0,0,1.8,10.4844381996981,20260128-204820,1.0,0.0
250.77287895144897,250772878.95144898,142.4844381996981,0.0,0,0,1.7,10.4844381996981,20260128-204820,1.0,0.0
250.77287895144897,250772878.95144898,142.4844381996981,0.0,0,0,1.7,10.4844381996981,20260128-204820,1.0,0.0
250.77287895144897,250772878.95144898,142.4844381996981,0.0,0,0,1.7,10.4844381996981,20260128-204820,1.0,0.0
250.77287895144897,250772878.95144898,142.4844381996981,0.0,0,0,1.6,10.4844381996981,20260128-204820,1.0,0.0
250.77287895144897,250772878.95144898,142.4844381996981,0.0,0,0,1.6,10.4844381996981,20260128-204820,1.0,0.0
250.77287895144897,250772878.95144898,142.4844381996981,0.0,0,0,1.6,10.4844381996981,20260128-204820,1.0,0.0
250.77287895144897,250772878.95144898,142.4844381996981,0.0,0,0,1.5,10.4844381996981,20260128-204820,1.0,0.0
250.83898308233816,63.23848619126917,142.49602990059105,3.966555782560296,0,0,1.5,10.496029900591052,20260128-204820,1.0,0.0
251.03735701218892,31.629537578600917,142.53076836817684,7.936801364495103,0,0,1.5,10.530768368176872,20260128-204820,1.0,0.0
251.36818486683853,21.09785125775854,142.58854392975354,11.9143974329803,0,0,1.5,10.588543929753572,20260128-204820,1.0,0.0
251.83177190974118,15.835541350793527,142.66917457098037,15.902946816347505,0,0,1.5,10.669174570980378,20260128-204820,1.0,0.0
252.4285421438133,12.681049303220659,142.77240708994805,19.905966462862263,0,0,1.5,10.772407089948048,20260128-204820,1.0,0.0
253.15903499619012,10.580537094076941,142.89791870049555,23.926860493491425,0,0,1.5,10.89791870049558,20260128-204820,1.0,0.0
254.02390112727653,9.082371835264688,143.04531907231853,27.968894660419227,0,0,1.5,11.045319072318534,20260128-204820,1.0,0.0
255.0238974161809,7.9607468088190565,143.21415279176927,32.035172520957566,0,0,1.5,11.214152791769285,20260128-204820,1.0,0.0
256.1598811845005,7.090221727141669,143.40390222357246,36.128613609347305,0,0,1.5,11.403902223572466,20260128-204820,1.0,0.0
257.4328037293284,6.39553877443683,143.6139907499936,40.25193385712794,0,0,1.5,11.613990749993624,20260128-204820,1.0,0.0
258.8437032441173,5.828811673196561,143.84378636034558,44.40762847672614,0,0,1.5,11.843786360345572,20260128-204820,1.0,0.0
260.39369721253746,5.358120190591939,144.0926055601517,48.59795748325131,0,0,1.5,12.092605560151728,20260128-204820,1.0,0.0
262.0839743655982,4.961368705747157,144.3597175658764,52.82493398686636,0,0,1.5,12.359717565876375,20260128-204820,1.0,0.0
263.915786295971,4.622776817905398,144.6443487479592,57.09031534331188,0,0,1.5,12.644348747959212,20260128-204820,1.0,0.0
265.89043882560725,4.330773718867853,144.94568728204126,61.3955972040756,0,0,1.5,12.945687282041222,20260128-204820,1.0,0.0
268.00928322335074,4.076682190624746,145.26288796583157,65.74201046127628,0,0,1.5,13.262887965831574,20260128-204820,1.0,0.0
270.2737073683171,3.853867094861337,145.5950771571279,70.13052103656979,0,0,1.5,13.59507715712786,20260128-204820,1.0,0.0
272.6851269523796,3.6571677238145623,145.9413577871435,74.56183241931241,0,0,1.5,13.941357787143495,20260128-204820,1.0,0.0
275.2449768112454,3.4825094360095803,146.30081440258596,79.0363908178333,0,0,1.5,14.300814402585964,20260128-204820,1.0,0.0
277.9547024684253,3.3266318301220488,146.67251818991724,83.55439274992676,0,0,1.5,14.672518189917266,20260128-204820,1.0,0.0
279.2310800948169,2.719553035835728,12.078850237132315,-102.67535746329294,0,0,1.5,-119.92114976286766,20260128-204820,1.0,0.0
275.72809939320655,2.5648728433300647,12.234665725232844,-107.50166430676502,0,0,1.5,-119.76533427476716,20260128-204820,1.0,0.0
272.0644305472856,2.4223028379613125,12.40202383224323,-112.31643966378033,0,0,1.5,-119.59797616775678,20260128-204820,1.0,0.0
268.2404794452255,2.2903365814717254,12.581699349530993,-117.11836662577315,0,0,1.5,-119.418300650469,20260128-204820,1.0,0.0
264.25669867311524,2.1677095011608483,12.77455527869364,-121.90595581723517,0,0,1.5,-119.22544472130636,20260128-204820,1.0,0.0
260.11359373200696,2.0533524891476245,12.98155439119273,-126.67751645504555,0,0,1.5,-119.01844560880728,20260128-204820,1.0,0.0
255.81173031098945,1.9463558321352232,13.203772716741923,-131.43112173397125,0,0,1.5,-118.79622728325809,20260128-204820,1.0,0.0
251.47602176506416,1.953795013851845,13.435647582247327,-128.71156901423714,0,0,1.5,-118.56435241775266,20260128-204820,1.0,0.0
247.2309461274206,1.9622565905968297,13.670783790617008,-125.99317913475532,0,0,1.5,-118.329216209383,20260128-204820,1.0,0.0
243.07646137921915,1.9718044585371068,13.909093314533663,-123.27614958308746,0,0,1.5,-118.09090668546635,20260128-204820,1.0,0.0
239.01251871408743,1.9825078839861772,14.150474955055302,-120.56069014641756,0,0,1.5,-117.84952504494467,20260128-204820,1.0,0.0
235.03906212630355,1.994442083712352,14.394813589372802,-117.84702300746378,0,0,1.5,-117.6051864106272,20260128-204820,1.0,0.0
231.15602799723288,2.0076888830642705,14.64197942119847,-115.13538275134886,0,0,1.5,-117.35802057880154,20260128-204820,1.0,0.0
227.3633446831923,2.0223374644464824,14.891827240190537,-112.42601627094027,0,0,1.5,-117.10817275980943,20260128-204820,1.0,0.0
223.66093210834208,2.038485221039352,15.14419569757689,-109.71918255767645,0,0,1.5,-116.8558043024231,20260128-204820,1.0,0.0
220.04870136664266,2.0562387335302876,15.398906605913055,-107.01515236455468,0,0,1.5,-116.60109339408696,20260128-204820,1.0,0.0
216.52655433736413,2.0757148911333227,15.655764271680766,-104.31420772779757,0,0,1.5,-116.34423572831923,20260128-204820,1.0,0.0
213.09438331908152,2.0970421824818937,15.914554870186521,-101.61664133378558,0,0,1.5,-116.08544512981348,20260128-204820,1.0,0.0
209.75207068753357,2.1203621872919047,16.175045872942007,-98.9227557181756,0,0,1.5,-115.82495412705799,20260128-204820,1.0,0.0
206.49948858314883,2.1458313062755625,16.436985538380497,-96.23286228476279,0,0,1.5,-115.56301446161949,20260128-204820,1.0,0.0
203.336498634441,2.1736227749878134,16.700102477362293,-93.54728013262606,0,0,1.5,-115.29989752263768,20260128-204820,1.0,0.0
200.26295172383766,2.203929017560567,16.964105305428404,-90.86633468145904,0,0,1.5,-115.03589469457158,20260128-204820,1.0,0.0
197.27868780281287,2.2369644092231424,17.2286823941497,-88.1903560867668,0,0,1.5,-114.7713176058503,20260128-204820,1.0,0.0
194.34137542634684,2.211375414270067,11.448613603170543,-87.8825793993442,0,0,1.5,-114.55138639682944,20260128-204820,1.0,0.0
191.43081865065614,2.2108239301521726,5.578263934804056,-86.5879982751407,0,0,1.5,-114.42173606519594,20260128-204820,1.0,0.0
188.58899028757097,2.247198972473014,5.662594921141704,-83.92180336395899,0,0,1.5,-114.33740507885828,20260128-204820,1.0,0.0
185.83602491149148,2.2870373981820173,5.746760662354063,-81.25622478198821,0,0,1.5,-114.25323933764591,20260128-204820,1.0,0.0
183.17190140783512,2.3306893916441065,5.830631412710773,-78.59129666292542,0,0,1.5,-114.16936858728926,20260128-204820,1.0,0.0
180.59659753414226,2.378554040980346,5.914070539157649,-75.92705249602295,0,0,1.5,-114.08592946084234,20260128-204820,1.0,0.0
178.11008994665517,2.4310881901058985,5.996934688099941,-73.26352481638959,0,0,1.5,-114.00306531190004,20260128-204820,1.0,0.0
175.71235423759552,2.48881728590041,6.079074017656012,-70.60074487309176,0,0,1.5,-113.92092598234402,20260128-204820,1.0,0.0
173.40336498384627,2.5523487655447674,6.16033249963067,-67.93874227718854,0,0,1.5,-113.83966750036934,20260128-204820,1.0,0.0
171.18309580766243,2.6223887061225852,6.2405482949466204,-65.27754463249292,0,0,1.5,-113.75945170505335,20260128-204820,1.0,0.0
169.0515194499302,2.69976270310156,6.31955420562673,-62.617177152539846,0,0,1.5,-113.68044579437327,20260128-204820,1.0,0.0
167.00860785636675,2.7854422860921852,6.397178205635896,-59.9576622679446,0,0,1.5,-113.60282179436412,20260128-204820,1.0,0.0
165.05433227690116,2.8805786643074147,6.47324405196423,-57.29901922903592,0,0,1.5,-113.52675594803577,20260128-204820,1.0,0.0
163.18866337830363,2.9865462893834946,6.5475719762680455,-54.641263709323006,0,0,1.5,-113.45242802373198,20260128-204820,1.0,0.0
161.41157136993306,3.1049997372925415,6.619979456190549,-51.98440741598216,0,0,1.5,-113.38002054380947,20260128-204820,1.0,0.0
159.72302614225885,3.2379489151674816,6.690282064172436,-49.32845771410116,0,0,1.5,-113.30971793582755,20260128-204820,1.0,0.0
158.12299741757923,3.3878598709951975,6.75829439015007,-46.67341727186903,0,0,1.5,-113.24170560984994,20260128-204820,1.0,0.0
156.6114549121134,3.5577919862963516,6.823831033052443,-44.01928373422004,0,0,1.5,-113.17616896694754,20260128-204820,1.0,0.0
155.18836850839153,3.751587851318206,6.88670765447489,-41.3660494326056,0,0,1.5,-113.11329234552511,20260128-204820,1.0,0.0
153.85370843661045,3.974141038233084,6.946742086359791,-38.71370113855202,0,0,1.5,-113.05325791364018,20260128-204820,1.0,0.0
152.6017810021993,4.200662793695526,0.9794645163059386,-36.32802452775509,0,0,1.5,-113.02053548369405,20260128-204820,1.0,0.0
151.43635041239978,4.515539177520877,-5.035798143423449,-33.53671498771968,0,0,1.5,-113.03579814342342,20260128-204820,1.0,0.0
150.36276256580476,4.869477532765055,-5.071847538508337,-30.878623333625626,0,0,1.5,-113.07184753850831,20260128-204820,1.0,0.0
149.37777113089393,5.293156089222086,-5.1053796120312995,-28.220926912595047,0,0,1.5,-113.10537961203131,20260128-204820,1.0,0.0
148.4813632873135,5.808311042207748,-5.1362842576626235,-25.563603982006363,0,0,1.5,-113.13628425766265,20260128-204820,1.0,0.0
147.67352698874947,6.446759209184422,-5.164458025613044,-22.90662985804795,0,0,1.5,-113.16445802561304,20260128-204820,1.0,0.0
146.95425105914552,7.257008283429262,-5.189804947070172,-20.24997703181662,0,0,1.5,-113.18980494707019,20260128-204820,1.0,0.0
146.32352528437232,10.543375733540328,-5.2122373195081195,-13.878242508126835,0,0,1.7,-113.21223731950813,20260128-204820,1.0,0.0
145.90517791941505,13.001010835954224,-5.213754604956307,-11.222602593016466,0,0,1.7,-113.21375460495628,20260128-204820,1.0,0.0
145.57535178752673,16.992646268875422,-5.212100540800236,-8.56696181889985,0,0,1.7,-113.21210054080022,20260128-204820,1.0,0.0
145.3340475900834,24.585885516276633,-5.2072565579577486,-5.9112797663467385,0,0,1.7,-113.20725655795778,20260128-204820,1.0,0.0
145.18126737922915,44.59547217048847,-5.199215611353566,-3.255515869956511,0,0,1.7,-113.19921561135358,20260128-204820,1.0,0.0
145.1170145565884,242.01101647991845,-5.187982319157584,-0.5996297882110251,0,0,1.7,-113.1879823191576,20260128-204820,1.0,0.0
145.1412938596205,70.57965739881345,-5.173572996748817,2.056418225998084,0,0,1.7,-113.17357299674885,20260128-204820,1.0,0.0
145.24788662627793,39.07971422219313,-5.156237147619265,3.7167080035552704,0,0,1.7,-113.15623714761927,20260128-204820,1.0,0.0
145.3717840058813,39.10856076247838,-5.138313829016965,3.717134590781315,0,0,1.7,-113.13831382901695,20260128-204820,1.0,0.0
145.49569558689245,39.13741597133677,-5.120421037497067,3.7175600886233706,0,0,1.7,-113.1204210374971,20260128-204820,1.0,0.0
145.6196213330584,39.16627982367076,-5.102558698616349,3.717984500663524,0,0,1.7,-113.10255869861633,20260128-204820,1.0,0.0
145.74356120824524,39.195152294479634,-5.084726738160725,3.7184078304696935,0,0,1.7,-113.08472673816073,20260128-204820,1.0,0.0
145.86751517643773,39.22403335885891,-5.066925082145076,3.7188300815956996,0,0,1.7,-113.06692508214508,20260128-204820,1.0,0.0
145.991483201739,39.25292299200011,-5.0491536568119955,3.719251257581317,0,0,1.7,-113.049153656812,20260128-204820,1.0,0.0
146.1154652483697,39.28182116918999,-5.031412388631168,3.719671361952353,0,0,1.7,-113.03141238863118,20260128-204820,1.0,0.0
146.23946128066802,39.31072786581037,-5.013701204298457,3.7200903982206985,0,0,1.7,-113.01370120429846,20260128-204820,1.0,0.0
146.36347126308883,39.33964305733752,-4.996020030735167,3.7205083698843966,0,0,1.7,-112.99602003073514,20260128-204820,1.0,0.0
146.48749516020345,39.36856671934175,-4.978368795087022,3.7209252804277035,0,0,1.7,-112.97836879508704,20260128-204820,1.0,0.0
146.61153293669906,39.39749882748691,1.0392525752762367,3.7213411333211557,0,0,1.7,-112.96074742472379,20260128-204820,1.0,0.0
146.7355845573783,39.42643935753006,7.0568441527619825,3.7217559320216234,0,0,1.7,-112.94315584723799,20260128-204820,1.0,0.0
146.85964998715886,39.45538828532089,7.07440600955556,3.72216967997238,0,0,1.7,-112.92559399044441,20260128-204820,1.0,0.0
146.98372919107294,39.484345586801375,7.09193821762085,3.72258238060316,0,0,1.7,-112.90806178237918,20260128-204820,1.0,0.0
147.10782213426683,39.513311238005265,7.109440848701013,3.722994037330221,0,0,1.7,-112.89055915129897,20260128-204820,1.0,0.0
147.23192878200052,39.542285215057724,7.126913974319734,3.723404653556404,0,0,1.7,-112.87308602568028,20260128-204820,1.0,0.0
147.35604909964715,39.57126749417481,7.144357665781399,3.7238142326711943,0,0,1.7,-112.8556423342186,20260128-204820,1.0,0.0
147.4801830526927,39.60025805166313,7.1617719941724545,3.7242227780507813,0,0,1.7,-112.83822800582756,20260128-204820,1.0,0.0
147.60433060673535,39.629256863919295,7.1791570303617505,3.7246302930581225,0,0,1.7,-112.82084296963826,20260128-204820,1.0,0.0
147.72849172748522,39.65826390742962,7.196512845001564,3.725036781042995,0,0,1.7,-112.80348715499845,20260128-204820,1.0,0.0
147.85266638076394,39.687279158769634,7.213839508528338,3.725442245342061,0,0,1.7,-112.78616049147168,20260128-204820,1.0,0.0
147.97685453250403,39.71630259460364,7.231137091163362,3.725846689278927,0,0,1.7,-112.76886290883665,20260128-204820,1.0,0.0
148.10105614874865,39.745334191684336,7.248405662913626,3.7262501161641985,0,0,1.7,-112.75159433708636,20260128-204820,1.0,0.0
148.2252711956511,39.774373926852384,7.265645293572675,3.7266525292955417,0,0,1.7,-112.73435470642731,20260128-204820,1.0,0.0
148.3494996394743,39.80342177703595,7.282856052721172,3.727053931957743,0,0,1.7,-112.71714394727886,20260128-204820,1.0,0.0
148.47374144659054,39.832477719250384,7.3000380097277,3.7274543274227607,0,0,1.7,-112.69996199027233,20260128-204820,1.0,0.0
148.51534227330583,120.61798916739593,7.32128582607379,-1.2312868362213651,0,0,1.7,-112.67871417392621,20260128-204820,1.0,0.0
148.3916650637467,23.975977175984667,7.3507459668455795,-6.18918111134932,0,0,1.7,-112.64925403315445,20260128-204820,1.0,0.0
148.10274278377858,13.287592826673325,7.388537632692646,-11.145942287340356,0,0,1.7,-112.61146236730735,20260128-204820,1.0,0.0
147.64861817068106,9.169998589728998,7.434836619337091,-16.10126945232655,0,0,1.7,-112.56516338066291,20260128-204820,1.0,0.0
147.02934430939973,6.98316074348254,7.489877824306745,-21.054841741488453,0,0,1.7,-112.51012217569323,20260128-204820,1.0,0.0
146.24498539275277,5.623441819175378,7.553958785719487,-26.006312520931914,0,0,1.7,-112.44604121428053,20260128-204820,1.0,0.0
145.29561768762548,4.693723029806468,7.627444358328489,-30.955302808656846,0,0,1.7,-112.37255564167151,20260128-204820,1.0,0.0
144.18133073639896,4.016037147632488,7.710772671018503,-35.90139369636955,0,0,1.7,-112.2892273289815,20260128-204820,1.0,0.0
142.90222883154846,3.4987224019789283,7.804462556245312,-40.84411748434825,0,0,1.7,-112.19553744375472,20260128-204820,1.0,0.0
141.45843281203994,3.0897624890734607,7.909122698268391,-45.78294717224677,0,0,1.7,-112.09087730173161,20260128-204820,1.0,0.0
139.85008224352896,2.757444240125993,8.025462816945605,-50.717283855987944,0,0,1.7,-111.97453718305437,20260128-204820,1.0,0.0
138.0773380613251,2.4813327581489575,8.154307291970781,-55.646441456860074,0,0,1.7,-111.84569270802923,20260128-204820,1.0,0.0
136.14038577685545,2.2476675221017373,8.296611744938446,-60.569628042475784,0,0,1.7,-111.70338825506154,20260128-204820,1.0,0.0
134.03943937659142,2.046843561139917,8.45348324192139,-65.48592277464668,0,0,1.7,-111.54651675807861,20260128-204820,1.0,0.0
131.77474607939175,1.87195333844224,8.626204968881666,-70.3942472140086,0,0,1.7,-111.37379503111836,20260128-204820,1.0,0.0
129.33046691160004,1.6984249858158307,2.756143295794516,-76.1472941058252,0,0,1.7,-111.24385670420548,20260128-204820,1.0,0.0
126.70709632758374,1.5622708724045964,-3.2311217825099448,-81.1044349387122,0,0,1.7,-111.23112178250994,20260128-204820,1.0,0.0
124.06148772329355,1.6011794700039057,-9.351432868826578,-77.48131302419893,0,0,1.7,-111.35143286882658,20260128-204820,1.0,0.0
121.52328011135953,1.6243940823831375,-9.53869137562259,-74.81145211577818,0,0,1.7,-111.53869137562259,20260128-204820,1.0,0.0
119.07403608757177,1.6505158947274867,-9.72670545550676,-72.14352583210466,0,0,1.6,-111.72670545550677,20260128-204820,1.0,0.0
116.71368833990888,1.6798725570442845,-9.915094987785267,-69.47770403801655,0,0,1.6,-111.91509498778525,20260128-204820,1.0,0.0
114.4421638641185,1.7128430124670468,-10.103446467324147,-66.81415811673531,0,0,1.6,-112.10344646732413,20260128-204820,1.0,0.0
112.25938394314977,1.749867979448753,-10.291312784867898,-64.15305912307393,0,0,1.6,-112.29131278486791,20260128-204820,1.0,0.0
110.16526419255838,1.7914631166851804,-10.478213380066109,-61.494575671980236,0,0,1.6,-112.47821338006614,20260128-204820,1.0,0.0
108.1597146806548,1.8382357071199051,-10.663634817692014,-58.83887156675698,0,0,1.6,-112.66363481769204,20260128-204820,1.0,0.0
106.24264013188508,1.8909060091208323,-10.847031836019994,-56.186103179862485,0,0,1.6,-112.84703183602,20260128-204820,1.0,0.0
104.41394022134045,1.9503348717544307,-11.027828913088172,-53.53641660901778,0,0,1.6,-113.02782891308817,20260128-204820,1.0,0.0
102.67350996735729,2.0175598674580066,-11.205422391390982,-50.88994464224707,0,0,1.6,-113.205422391391,20260128-204820,1.0,0.0
101.0212402278544,2.0938431717298163,-11.379183194253983,-48.2468035771735,0,0,1.6,-113.37918319425397,20260128-204820,1.0,0.0
99.4570183043416,2.180735898936724,-11.54846015762621,-45.6070899519903,0,0,1.6,-113.54846015762618,20260128-204820,1.0,0.0
97.98072865542069,2.28016589161627,-11.712583989263521,-42.9708772575175,0,0,1.6,-113.71258398926355,20260128-204820,1.0,0.0
96.57854675087,2.351721906947865,-5.824076237899817,-41.06716294368857,0,0,1.6,-113.82407623789982,20260128-204820,1.0,0.0
95.24881655295394,2.465478730981874,0.1605605046920573,-38.632990565293255,0,0,1.6,-113.83943949530794,20260128-204820,1.0,0.0
94.00822704788452,2.631067786448902,6.234606225752259,-35.73006652738715,0,0,1.6,-113.76539377424771,20260128-204820,1.0,0.0
92.8712005769726,2.8635171435277877,12.389448756208367,-32.43256314594904,0,0,1.6,-113.61055124379162,20260128-204820,1.0,0.0
91.83401960819957,3.0817743148124666,12.577580947227545,-29.799073594325773,0,0,1.6,-113.42241905277247,20260128-204820,1.0,0.0
90.8845437284078,3.3450012099725126,12.757622655085527,-27.170257355199773,0,0,1.6,-113.24237734491447,20260128-204820,1.0,0.0
90.0226174587354,3.6674933411659953,12.92879392534769,-24.546088863549176,0,0,1.6,-113.07120607465231,20260128-204820,1.0,0.0
89.24808695181025,4.070330670254507,13.090335993380847,-21.926495457488173,0,0,1.6,-112.90966400661917,20260128-204820,1.0,0.0
88.56080159072842,4.585944281392578,13.241519664682187,-19.311355776838145,0,0,1.6,-112.75848033531778,20260128-204820,1.0,0.0
87.95307337554787,5.143959814249715,7.3572652237727425,-17.09832046741533,0,0,1.6,-112.64273477622724,20260128-204820,1.0,0.0
87.42411450486091,5.9889871525841745,1.4194734729522338,-14.59747905238676,0,0,1.6,-112.58052652704777,20260128-204820,1.0,0.0
86.98224673480182,7.317811689073067,-4.56117319976272,-11.886374018708821,0,0,1.6,-112.5611731997627,20260128-204820,1.0,0.0
86.63033817752607,9.387635537199815,-4.557078135982579,-9.228131815965934,0,0,1.6,-112.5570781359826,20260128-204820,1.0,0.0
86.3670387457708,13.146032717969444,-4.548268704423037,-6.56981772361747,0,0,1.6,-112.54826870442305,20260128-204820,1.0,0.0
86.80066164621874,23.554166339214767,-6.292065817165167,-3.685151085211893,0,0,1.5,-114.2920658171652,20260128-204820,1.0,0.0
86.72200042783942,83.82690197200193,-6.297796123015814,-1.0345366271176817,0,0,1.5,-114.29779612301584,20260128-204820,1.0,0.0
86.73169211022584,53.66929389876996,-6.297089539301055,1.6160393739075005,0,0,1.5,-114.29708953930106,20260128-204820,1.0,0.0
86.82904678956264,22.063878480158085,-6.29000058337931,3.9353483054961296,0,0,1.5,-114.29000058337931,20260128-204820,1.0,0.0
86.96022626847912,22.096807451335007,-6.280473903657025,3.93542037509248,0,0,1.5,-114.28047390365703,20260128-204820,1.0,0.0
87.0914081442864,22.12973765537789,-6.270975922892205,3.9354921192715433,0,0,1.5,-114.27097592289222,20260128-204820,1.0,0.0
87.22259240616982,22.16266908665698,-6.261506512116966,3.9355635399836446,0,0,1.5,-114.26150651211695,20260128-204820,1.0,0.0
87.35377904337943,22.19560173957672,-6.252065543131721,3.935634639164566,0,0,1.5,-114.2520655431317,20260128-204820,1.0,0.0
87.48496804522959,22.228535608575523,-6.2426528884997765,3.935705418735675,0,0,1.5,-114.24265288849976,20260128-204820,1.0,0.0
87.61615940109846,22.261470688125524,-6.233268421541538,3.9357758806040493,0,0,1.5,-114.23326842154151,20260128-204820,1.0,0.0
87.74735310042755,22.294406972732293,-6.223912016328882,3.9358460266626083,0,0,1.5,-114.2239120163289,20260128-204820,1.0,0.0
87.8785491327212,22.327344456934618,-6.214583547679865,3.9359158587902345,0,0,1.5,-114.21458354767985,20260128-204820,1.0,0.0
88.00974748754618,22.36028313530421,-6.2052828911528195,3.9359853788519037,0,0,1.5,-114.20528289115282,20260128-204820,1.0,0.0
88.14094815453117,22.393223002445513,-6.196009923041288,3.9360545886988,0,0,1.5,-114.19600992304129,20260128-204820,1.0,0.0
88.27215112336637,22.426164052995414,-12.186764520368456,3.936123490168442,0,0,1.5,-114.18676452036844,20260128-204820,1.0,0.0
88.40335638380294,22.459106281623004,-18.17754656088175,3.9361920850848073,0,0,1.5,-114.17754656088174,20260128-204820,1.0,0.0
88.53456392565268,22.492049683029357,-18.16835592304767,3.936260375258443,0,0,1.5,-114.16835592304766,20260128-204820,1.0,0.0
88.66577373878746,22.52499425194727,-18.159192486046436,3.936328362486591,0,0,1.5,-114.15919248604645,20260128-204820,1.0,0.0
88.79698581313889,22.55793998314104,-18.15005612976688,3.9363960485533003,0,0,1.5,-114.15005612976687,20260128-204820,1.0,0.0
88.9282001386978,22.59088687140622,-18.140946734801048,3.936463435229547,0,0,1.7,-114.14094673480105,20260128-204820,1.0,0.0
89.05941670551385,22.6238349115694,-18.131864182439415,3.9365305242733433,0,0,1.7,-114.1318641824394,20260128-204820,1.0,0.0
89.19063550369508,22.656784098487943,-18.122808354665494,3.936597317429857,0,0,1.7,-114.12280835466548,20260128-204820,1.0,0.0
89.32185652340748,22.6897344270498,-18.113779134151002,3.936663816431518,0,0,1.7,-114.11377913415102,20260128-204820,1.0,0.0
89.45307975487458,22.722685892173246,-12.104776404250856,3.936730022998135,0,0,1.7,-114.10477640425088,20260128-204820,1.0,0.0
89.58430518837706,22.755638488806692,-6.095800048998171,3.9367959388369975,0,0,1.7,-114.09580004899817,20260128-204820,1.0,0.0
89.71553281425226,22.788592211928417,-0.08684995309920396,3.9368615656429946,0,0,1.7,-114.08684995309923,20260128-204820,1.0,0.0
89.84676262289382,22.821547056546386,5.922073998071028,3.9369269050987135,0,0,1.7,-114.07792600192896,20260128-204820,1.0,0.0
89.97799460475129,22.85450301769801,11.930971918474256,3.9369919588745534,0,0,1.7,-114.06902808152576,20260128-204820,1.0,0.0
90.10922875032968,22.887460090449956,11.939843921413058,3.937056728628824,0,0,1.7,-114.06015607858697,20260128-204820,1.0,0.0
90.24046505018906,22.920418269897876,11.948690119535968,3.937121216007858,0,0,1.7,-114.05130988046402,20260128-204820,1.0,0.0
90.37170349494421,22.953377551166263,11.957510624842257,3.9371854226461074,0,0,1.7,-114.04248937515777,20260128-204820,1.0,0.0
90.50294407526417,22.986337929408187,11.966305548686194,3.937249350166248,0,0,1.7,-114.0336944513138,20260128-204820,1.0,0.0
90.6341867818719,23.019299399805114,11.975075001782102,3.9373130001792855,0,0,1.7,-114.0249249982179,20260128-204820,1.0,0.0
90.76543160554384,23.05226195756669,11.983819094208627,3.9373763742846473,0,0,1.7,-114.01618090579139,20260128-204820,1.0,0.0
90.89667853710957,23.08522559793052,11.992537935413338,3.937439474070291,0,0,1.7,-114.00746206458663,20260128-204820,1.0,0.0
91.02792756745139,23.118190316162003,12.001231634217447,3.937502301112793,0,0,1.7,-113.99876836578254,20260128-204820,1.0,0.0
91.15917868750401,23.151156107554094,12.009900298819957,3.9375648569774566,0,0,1.7,-113.99009970118007,20260128-204820,1.0,0.0
91.29043188825409,23.184122967427115,12.018544036802098,3.9376271432183985,0,0,1.7,-113.9814559631979,20260128-204820,1.0,0.0
91.4216871607399,23.217090891128553,6.027162955132098,3.937689161378651,0,0,1.7,-113.97283704486793,20260128-204820,1.0,0.0
91.55294449605103,23.25005987403288,0.03575716016905517,3.9377509129902535,0,0,1.7,-113.96424283983096,20260128-204820,1.0,0.0
91.68420388532786,23.283029911541334,0.04432675766753391,3.937812399574346,0,0,1.7,-113.95567324233247,20260128-204820,1.0,0.0
91.81546531976136,23.316000999081737,0.052871852781777307,3.937873622641265,0,0,1.7,-113.94712814721822,20260128-204820,1.0,0.0
139.32300925057385,37.16027673758519,21.74203828133534,3.749245739864411,0,0,1.6,-92.25796171866469,20260128-204820,1.0,0.0
139.44799055573716,37.18977643856272,21.72461556005601,3.749632396583625,0,0,1.6,-92.27538443994396,20260128-204820,1.0,0.0
139.5729847321429,37.219283793663706,21.707224042904727,3.750018015013608,0,0,1.6,-92.29277595709527,20260128-204820,1.0,0.0
139.69799174524167,37.24879877998802,21.689863649322547,3.750402598762316,0,0,1.6,-92.31013635067742,20260128-204820,1.0,0.0
139.82301156060393,37.27832137472677,21.67253429901598,3.750786151422537,0,0,1.6,-92.32746570098399,20260128-204820,1.0,0.0
139.94804414391976,37.307851555161854,21.65523591195563,3.751168676571963,0,0,1.6,-92.34476408804437,20260128-204820,1.0,0.0
140.07308946099826,37.33738929866558,21.637968408375173,3.75155017777326,0,0,1.6,-92.36203159162481,20260128-204820,1.0,0.0
140.19814747776692,37.36693458270006,21.620731708770563,3.7519306585741474,0,0,1.6,-92.37926829122947,20260128-204820,1.0,0.0
140.32321816027138,37.396487384817,21.603525733898664,3.7523101225074607,0,0,1.6,-92.39647426610132,20260128-204820,1.0,0.0
140.4483014746747,37.426047682657014,21.58635040477668,3.752688573091236,0,0,1.6,-92.41364959522335,20260128-204820,1.0,0.0
140.573397387257,37.45561545394935,21.56920564268063,3.753066013828771,0,0,1.6,-92.43079435731937,20260128-204820,1.0,0.0
140.6985058644149,37.48519067651138,15.552091369144819,3.7534424482087023,0,0,1.6,-92.44790863085521,20260128-204820,1.0,0.0
140.8236268726611,37.51477332824817,9.535007505960436,3.7538178797050765,0,0,1.6,-92.46499249403958,20260128-204820,1.0,0.0
140.94876037862386,37.544363387152075,3.5179539751748052,3.754192311777417,0,0,1.6,-92.48204602482518,20260128-204820,1.0,0.0
141.0739063490465,37.57396083130228,-2.499069300909582,3.754565747870797,0,0,1.6,-92.49906930090958,20260128-204820,1.0,0.0
141.19906475078693,37.60356563886437,-8.516062399736313,3.7549381914159126,0,0,1.6,-92.51606239973633,20260128-204820,1.0,0.0
141.3242355508172,37.63317778808994,-8.533025398495852,3.755309645829143,0,0,1.6,-92.53302539849588,20260128-204820,1.0,0.0
141.449418716223,37.66279725731612,-8.549958374126504,3.7556801145126304,0,0,1.6,-92.54995837412653,20260128-204820,1.0,0.0
141.57461421420314,37.69242402496521,-8.5668614033155,3.7560496008543405,0,0,1.6,-92.56686140331549,20260128-204820,1.0,0.0
141.6998220120692,37.722058069544225,-8.583734562499842,3.756418108228136,0,0,1.6,-92.58373456249983,20260128-204820,1.0,0.0
141.82504207724494,37.751699369644484,-8.600577927867334,3.7567856399938413,0,0,1.6,-92.60057792786736,20260128-204820,1.0,0.0
141.95027437726588,37.781347903941196,-8.617391575357772,3.757152199497314,0,0,1.6,-92.61739157535776,20260128-204820,1.0,0.0
142.07551887977885,37.81100365119306,-8.634175580663396,3.7575177900705077,0,0,1.6,-92.63417558066337,20260128-204820,1.0,0.0
142.20077555254156,37.84066659024191,-8.650930019230259,3.7578824150315397,0,0,1.6,-92.65093001923027,20260128-204820,1.0,0.0
142.326044363422,37.870336700012146,-8.667654966259192,3.7582460776847633,0,0,1.6,-92.66765496625919,20260128-204820,1.0,0.0
142.45132528039812,37.9000139595105,-8.68435049670643,3.7586087813208273,0,0,1.6,-92.68435049670641,20260128-204820,1.0,0.0
142.57661827155738,37.92969834782559,-8.701016685284856,3.7589705292167426,0,0,1.6,-92.70101668528484,20260128-204820,1.0,0.0
142.7019233050962,37.959389844127465,-8.71765360646475,3.759331324635952,0,0,1.6,-92.71765360646476,20260128-204820,1.0,0.0
142.82724034931948,37.989088427667234,-8.734261334474922,3.75969117082839,0,0,1.6,-92.73426133447495,20260128-204820,1.0,0.0
142.9525693726404,38.018794077776754,-8.750839943303504,3.7600500710305518,0,0,1.6,-92.7508399433035,20260128-204820,1.0,0.0
143.07791034357967,38.04850677386809,-8.767389506698805,3.760408028465556,0,0,1.6,-92.76738950669879,20260128-204820,1.0,0.0
143.20326323076526,38.07822649543326,-2.783910098170395,3.7607650463432085,0,0,1.6,-92.78391009817041,20260128-204820,1.0,0.0
143.32862800293188,38.107953222043754,3.1995982090099346,3.7611211278600667,0,0,1.6,-92.80040179099005,20260128-204820,1.0,0.0
143.45400462892061,38.13768693335021,3.1831353418075423,3.7614762761995038,0,0,1.6,-92.81686465819244,20260128-204820,1.0,0.0
143.57939307767845,38.16742760908201,3.1667012274237436,3.761830494531768,0,0,1.6,-92.83329877257627,20260128-204820,1.0,0.0
143.70479331825774,38.19717522904687,3.1502957932949016,3.762183786014053,0,0,1.6,-92.84970420670508,20260128-204820,1.0,0.0
143.83020531981597,38.22692977313053,3.1339189670918017,3.7625361537905495,0,0,1.6,-92.8660810329082,20260128-204820,1.0,0.0
143.95562905161518,38.25669122129631,3.117570676718458,3.7628876009925176,0,0,1.6,-92.88242932328156,20260128-204820,1.0,0.0
144.36648976054414,37.05474759131828,4.752909089755178,3.8960321995114167,0,0,1.5,-91.24709091024484,20260128-204820,1.0,0.0
144.49635940775374,37.08699259125904,4.762218244419216,3.896146581640319,0,0,1.5,-91.2377817555808,20260128-204820,1.0,0.0
144.6262328625646,37.11923960950388,4.771510680202539,3.8962606557687947,0,0,1.5,-91.22848931979745,20260128-204820,1.0,0.0
144.75611011472827,37.151488640443624,4.780786441616954,3.8963744229926975,0,0,1.5,-91.21921355838303,20260128-204820,1.0,0.0
144.88599115403284,37.18373967848983,4.790045573018119,3.8964878844030566,0,0,1.5,-91.2099544269819,20260128-204820,1.0,0.0
145.0158759703026,37.21599271807477,4.799288118606171,3.8966010410860927,0,0,1.5,-91.20071188139384,20260128-204820,1.0,0.0
145.14576455339804,37.248247753651256,4.8085141224266295,3.8967138941232515,0,0,1.5,-91.19148587757338,20260128-204820,1.0,0.0
145.2756568932156,37.280504779692585,4.8177236283708,3.896826444591224,0,0,1.5,-91.18227637162919,20260128-204820,1.0,0.0
145.40555297968746,37.312763790692436,4.826916680176737,3.8969386935619723,0,0,1.5,-91.17308331982325,20260128-204820,1.0,0.0
145.53545280278158,37.34502478116481,4.836093321429587,3.8970506421027538,0,0,1.5,-91.16390667857043,20260128-204820,1.0,0.0
145.66535635250133,37.37728774564388,-1.154746404437617,3.897162291276146,0,0,1.5,-91.15474640443762,20260128-204820,1.0,0.0
145.79526361888543,37.40955267868391,-7.145602454143159,3.897273642140075,0,0,1.5,-91.14560245414317,20260128-204820,1.0,0.0
145.9251745920078,37.4418195748592,-13.136474784556242,3.897384695747831,0,0,1.5,-91.13647478455626,20260128-204820,1.0,0.0
146.0550892619774,37.47408842876395,-13.127363352696193,3.897495453148102,0,0,1.5,-91.12736335269616,20260128-204820,1.0,0.0
146.18500761893807,37.50635923501224,-13.118268115731667,3.897605915384988,0,0,1.5,-91.11826811573168,20260128-204820,1.0,0.0
146.45748312242725,37.07628580931446,-14.132503637271782,3.9501659868430936,0,0,1.4,-92.13250363727178,20260128-204820,1.0,0.0
146.58915559225474,37.10946694012721,-14.135982861821049,3.9501821955234,0,0,1.4,-92.13598286182103,20260128-204820,1.0,0.0
146.72082860164414,37.142648345369516,-14.139455841598704,3.95019836058447,0,0,1.4,-92.13945584159872,20260128-204820,1.0,0.0
146.85250214914413,37.17583002429985,-14.142922593377193,3.9502144821824965,0,0,1.4,-92.14292259337718,20260128-204820,1.0,0.0
146.98417623330846,37.2090119761793,-14.14638313386888,3.9502305604729773,0,0,1.4,-92.14638313386888,20260128-204820,1.0,0.0
147.11585085269618,37.24219420027167,-14.149837479726557,3.9502465956107122,0,0,1.6,-92.14983747972654,20260128-204820,1.0,0.0
147.2475260058714,37.27537669584337,-14.153285647543612,3.950262587749816,0,0,1.6,-92.1532856475436,20260128-204820,1.0,0.0
147.37920169140344,37.30855946216346,-14.156727653854318,3.950278537043713,0,0,1.6,-92.1567276538543,20260128-204820,1.0,0.0
147.51087790786661,37.341742498503606,-14.160163515134059,3.9502944436451464,0,0,1.5,-92.16016351513406,20260128-204820,1.0,0.0
147.64255465384042,37.37492580413811,-14.163593247799668,3.9503103077061787,0,0,1.5,-92.16359324779968,20260128-204820,1.0,0.0
147.77423192790937,37.40810937834387,-14.167016868209657,3.9503261293781966,0,0,1.5,-92.16701686820963,20260128-204820,1.0,0.0
147.905909728663,37.44129322040035,-14.170434392664333,3.950341908811917,0,0,1.4,-92.17043439266432,20260128-204820,1.0,0.0
148.03758805469585,37.474477329589575,-8.173845837406304,3.9503576461573875,0,0,1.4,-92.17384583740629,20260128-204820,1.0,0.0
148.1692669046075,37.50766170519618,-2.1772512186205404,3.950373341563989,0,0,1.4,-92.17725121862057,20260128-204820,1.0,0.0
148.30094627700245,37.54084634650732,-2.1806505524348267,3.9503889951804423,0,0,1.3,-92.18065055243484,20260128-204820,1.0,0.0
148.43262617049018,37.574031252812716,-2.1840438549197074,3.9504046071548102,0,0,1.3,-92.18404385491971,20260128-204820,1.0,0.0
148.56430658368504,37.60721642340459,-2.1874311420890535,3.9504201776345003,0,0,1.3,-92.18743114208905,20260128-204820,1.0,0.0
148.69598751520638,37.640401857577686,-2.19081242990012,3.9504357067662714,0,0,1.3,-92.1908124299001,20260128-204820,1.0,0.0
258.22243077593333,258222430.77593336,22.324382597857323,0.0,0,0,1.2,-67.67561740214266,20260128-204820,1.0,0.0
258.22243077593333,258222430.77593336,22.324382597857323,0.0,0,0,1.2,-67.67561740214266,20260128-204820,1.0,0.0
258.22243077593333,258222430.77593336,22.324382597857323,0.0,0,0,1.2,-67.67561740214266,20260128-204820,1.0,0.0
258.22243077593333,258222430.77593336,22.324382597857323,0.0,0,0,1.2,-67.67561740214266,20260128-204820,1.0,0.0
258.22243077593333,258222430.77593336,22.324382597857323,0.0,0,0,1.2,-67.67561740214266,20260128-204820,1.0,0.0
258.22243077593333,258222430.77593336,22.324382597857323,0.0,0,0,1.2,-67.67561740214266,20260128-204820,1.0,0.0
258.22243077593333,258222430.77593336,22.324382597857323,0.0,0,0,1.2,-67.67561740214266,20260128-204820,1.0,0.0
258.22243077593333,258222430.77593336,22.324382597857323,0.0,0,0,1.2,-67.67561740214266,20260128-204820,1.0,0.0
258.22243077593333,258222430.77593336,22.324382597857323,0.0,0,0,1.2,-67.67561740214266,20260128-204820,1.0,0.0
258.22243077593333,258222430.77593336,22.324382597857323,0.0,0,0,1.2,-67.67561740214266,20260128-204820,1.0,0.0
258.22243077593333,258222430.77593336,22.324382597857323,0.0,0,0,1.2,-67.67561740214266,20260128-204820,1.0,0.0
258.22243077593333,258222430.77593336,22.324382597857323,0.0,0,0,1.2,-67.67561740214266,20260128-204820,1.0,0.0
258.22243077593333,258222430.77593336,16.324382597857323,0.0,0,0,1.2,-67.67561740214266,20260128-204820,1.0,0.0
258.22243077593333,258222430.77593336,10.324382597857323,0.0,0,0,1.2,-67.67561740214266,20260128-204820,1.0,0.0
258.22243077593333,258222430.77593336,4.324382597857323,0.0,0,0,1.2,-67.67561740214266,20260128-204820,1.0,0.0
258.22243077593333,258222430.77593336,-1.6756174021426773,0.0,0,0,1.2,-67.67561740214266,20260128-204820,1.0,0.0
258.22243077593333,258222430.77593336,-7.675617402142677,0.0,0,0,1.2,-67.67561740214266,20260128-204820,1.0,0.0
258.22243077593333,258222430.77593336,-13.675617402142677,0.0,0,0,1.2,-67.67561740214266,20260128-204820,1.0,0.0
258.22243077593333,258222430.77593336,-19.675617402142677,0.0,0,0,1.2,-67.67561740214266,20260128-204820,1.0,0.0
258.22243077593333,258222430.77593336,-25.675617402142677,0.0,0,0,1.2,-67.67561740214266,20260128-204820,1.0,0.0
258.22243077593333,258222430.77593336,-25.675617402142677,0.0,0,0,1.2,-67.67561740214266,20260128-204820,1.0,0.0
258.22243077593333,258222430.77593336,-25.675617402142677,0.0,0,0,1.2,-67.67561740214266,20260128-204820,1.0,0.0
258.22243077593333,258222430.77593336,-25.675617402142677,0.0,0,0,1.2,-67.67561740214266,20260128-204820,1.0,0.0
258.22243077593333,258222430.77593336,-25.675617402142677,0.0,0,0,1.2,-67.67561740214266,20260128-204820,1.0,0.0
258.22243077593333,258222430.77593336,-25.675617402142677,0.0,0,0,1.2,-67.67561740214266,20260128-204820,1.0,0.0
258.22243077593333,258222430.77593336,-25.675617402142677,0.0,0,0,1.2,-67.67561740214266,20260128-204820,1.0,0.0
258.22243077593333,258222430.77593336,-25.675617402142677,0.0,0,0,1.2,-67.67561740214266,20260128-204820,1.0,0.0
258.22243077593333,258222430.77593336,-25.675617402142677,0.0,0,0,1.4,-67.67561740214266,20260128-204820,1.0,0.0
258.22243077593333,258222430.77593336,-25.675617402142677,0.0,0,0,1.4,-67.67561740214266,20260128-204820,1.0,0.0
258.22243077593333,258222430.77593336,-25.675617402142677,0.0,0,0,1.4,-67.67561740214266,20260128-204820,1.0,0.0
258.22243077593333,258222430.77593336,-25.675617402142677,0.0,0,0,1.4,-67.67561740214266,20260128-204820,1.0,0.0
258.22243077593333,258222430.77593336,-19.675617402142677,0.0,0,0,1.4,-67.67561740214266,20260128-204820,1.0,0.0
258.22243077593333,258222430.77593336,-13.675617402142677,0.0,0,0,1.4,-67.67561740214266,20260128-204820,1.0,0.0
258.22243077593333,258222430.77593336,-13.675617402142677,0.0,0,0,1.4,-67.67561740214266,20260128-204820,1.0,0.0
258.22243077593333,258222430.77593336,-13.675617402142677,0.0,0,0,1.6,-67.67561740214266,20260128-204820,1.0,0.0
258.22243077593333,258222430.77593336,-13.675617402142677,0.0,0,0,1.6,-67.67561740214266,20260128-204820,1.0,0.0
258.22243077593333,258222430.77593336,-13.675617402142677,0.0,0,0,1.6,-67.67561740214266,20260128-204820,1.0,0.0
258.22243077593333,258222430.77593336,-13.675617402142677,0.0,0,0,1.6,-67.67561740214266,20260128-204820,1.0,0.0
258.22243077593333,258222430.77593336,-13.675617402142677,0.0,0,0,1.6,-67.67561740214266,20260128-204820,1.0,0.0
258.22243077593333,258222430.77593336,-13.675617402142677,0.0,0,0,1.6,-67.67561740214266,20260128-204820,1.0,0.0
258.22243077593333,258222430.77593336,-7.675617402142677,0.0,0,0,1.6,-67.67561740214266,20260128-204820,1.0,0.0
258.22243077593333,258222430.77593336,-7.675617402142677,0.0,0,0,1.6,-67.67561740214266,20260128-204820,1.0,0.0
258.22243077593333,258222430.77593336,-7.675617402142677,0.0,0,0,1.6,-67.67561740214266,20260128-204820,1.0,0.0
258.22243077593333,258222430.77593336,-7.675617402142677,0.0,0,0,1.6,-67.67561740214266,20260128-204820,1.0,0.0
258.22243077593333,258222430.77593336,-7.675617402142677,0.0,0,0,1.8,-67.67561740214266,20260128-204820,1.0,0.0
258.22243077593333,258222430.77593336,-7.675617402142677,0.0,0,0,1.8,-67.67561740214266,20260128-204820,1.0,0.0
258.22243077593333,258222430.77593336,-7.675617402142677,0.0,0,0,1.8,-67.67561740214266,20260128-204820,1.0,0.0
258.22243077593333,258222430.77593336,-7.675617402142677,0.0,0,0,1.8,-67.67561740214266,20260128-204820,1.0,0.0
258.22243077593333,258222430.77593336,-7.675617402142677,0.0,0,0,1.8,-67.67561740214266,20260128-204820,1.0,0.0
258.22243077593333,258222430.77593336,-7.675617402142677,0.0,0,0,1.8,-67.67561740214266,20260128-204820,1.0,0.0
258.22243077593333,258222430.77593336,-13.675617402142677,0.0,0,0,1.8,-67.67561740214266,20260128-204820,1.0,0.0
258.22243077593333,258222430.77593336,-19.675617402142677,0.0,0,0,1.8,-67.67561740214266,20260128-204820,1.0,0.0
258.22243077593333,258222430.77593336,-25.675617402142677,0.0,0,0,1.8,-67.67561740214266,20260128-204820,1.0,0.0
258.22243077593333,258222430.77593336,-31.675617402142677,0.0,0,0,1.8,-67.67561740214266,20260128-204820,1.0,0.0
258.22243077593333,258222430.77593336,-37.67561740214268,0.0,0,0,1.8,-67.67561740214266,20260128-204820,1.0,0.0
258.22243077593333,258222430.77593336,-43.67561740214268,0.0,0,0,1.8,-67.67561740214266,20260128-204820,1.0,0.0
258.22243077593333,258222430.77593336,-49.67561740214268,0.0,0,0,1.8,-67.67561740214266,20260128-204820,1.0,0.0
258.22243077593333,258222430.77593336,-55.67561740214268,0.0,0,0,1.8,-67.67561740214266,20260128-204820,1.0,0.0
258.22243077593333,258222430.77593336,-61.67561740214268,0.0,0,0,1.8,-67.67561740214266,20260128-204820,1.0,0.0
258.22243077593333,258222430.77593336,-67.67561740214266,0.0,0,0,1.8,-67.67561740214266,20260128-204820,1.0,0.0
258.22243077593333,258222430.77593336,-73.67561740214266,0.0,0,0,1.8,-67.67561740214266,20260128-204820,1.0,0.0
258.22243077593333,258222430.77593336,-79.67561740214266,0.0,0,0,1.8,-67.67561740214266,20260128-204820,1.0,0.0
258.22243077593333,258222430.77593336,-85.67561740214266,0.0,0,0,1.8,-67.67561740214266,20260128-204820,1.0,0.0
258.22243077593333,258222430.77593336,-91.67561740214266,0.0,0,0,1.8,-67.67561740214266,20260128-204820,1.0,0.0
258.22243077593333,258222430.77593336,-97.67561740214266,0.0,0,0,1.8,-67.67561740214266,20260128-204820,1.0,0.0
258.22243077593333,258222430.77593336,-103.67561740214266,0.0,0,0,1.8,-67.67561740214266,20260128-204820,1.0,0.0
258.22243077593333,258222430.77593336,-109.67561740214266,0.0,0,0,1.8,-67.67561740214266,20260128-204820,1.0,0.0
258.22243077593333,258222430.77593336,-115.67561740214266,0.0,0,0,1.8,-67.67561740214266,20260128-204820,1.0,0.0
258.22243077593333,258222430.77593336,-121.67561740214266,0.0,0,0,1.8,-67.67561740214266,20260128-204820,1.0,0.0
258.22243077593333,258222430.77593336,-127.67561740214266,0.0,0,0,1.8,-67.67561740214266,20260128-204820,1.0,0.0
258.22243077593333,258222430.77593336,-133.67561740214268,0.0,0,0,1.8,-67.67561740214266,20260128-204820,1.0,0.0
258.22243077593333,258222430.77593336,-139.67561740214268,0.0,0,0,1.8,-67.67561740214266,20260128-204820,1.0,0.0
258.22243077593333,258222430.77593336,-145.67561740214268,0.0,0,0,2.0,-67.67561740214266,20260128-204820,1.0,0.0
258.22243077593333,258222430.77593336,-151.67561740214268,0.0,0,0,2.0,-67.67561740214266,20260128-204820,1.0,0.0
258.22243077593333,258222430.77593336,-157.67561740214268,0.0,0,0,2.0,-67.67561740214266,20260128-204820,1.0,0.0
258.22243077593333,258222430.77593336,-163.67561740214268,0.0,0,0,2.0,-67.67561740214266,20260128-204820,1.0,0.0
258.22243077593333,258222430.77593336,-169.67561740214268,0.0,0,0,2.0,-67.67561740214266,20260128-204820,1.0,0.0
258.22243077593333,258222430.77593336,-175.67561740214268,0.0,0,0,2.2,-67.67561740214266,20260128-204820,1.0,0.0
258.22243077593333,258222430.77593336,178.32438259785732,0.0,0,0,2.2,-67.67561740214266,20260128-204820,1.0,0.0
258.22243077593333,258222430.77593336,172.32438259785732,0.0,0,0,2.2,-67.67561740214266,20260128-204820,1.0,0.0
258.22243077593333,258222430.77593336,166.32438259785732,0.0,0,0,2.2,-67.67561740214266,20260128-204820,1.0,0.0
258.22243077593333,258222430.77593336,160.32438259785732,0.0,0,0,2.2,-67.67561740214266,20260128-204820,1.0,0.0
258.22243077593333,258222430.77593336,154.32438259785732,0.0,0,0,2.2,-67.67561740214266,20260128-204820,1.0,0.0
258.22243077593333,258222430.77593336,148.32438259785732,0.0,0,0,2.2,-67.67561740214266,20260128-204820,1.0,0.0
258.22243077593333,258222430.77593336,142.32438259785732,0.0,0,0,2.2,-67.67561740214266,20260128-204820,1.0,0.0
258.22243077593333,258222430.77593336,136.32438259785732,0.0,0,0,2.2,-67.67561740214266,20260128-204820,1.0,0.0
258.22243077593333,258222430.77593336,130.32438259785732,0.0,0,0,2.2,-67.67561740214266,20260128-204820,1.0,0.0
258.22243077593333,258222430.77593336,124.32438259785732,0.0,0,0,2.2,-67.67561740214266,20260128-204820,1.0,0.0
258.22243077593333,258222430.77593336,118.32438259785732,0.0,0,0,2.2,-67.67561740214266,20260128-204820,1.0,0.0
258.22243077593333,258222430.77593336,112.32438259785732,0.0,0,0,2.2,-67.67561740214266,20260128-204820,1.0,0.0
258.22243077593333,258222430.77593336,106.32438259785732,0.0,0,0,2.2,-67.67561740214266,20260128-204820,1.0,0.0
258.22243077593333,258222430.77593336,100.32438259785732,0.0,0,0,2.2,-67.67561740214266,20260128-204820,1.0,0.0
258.22243077593333,258222430.77593336,94.32438259785732,0.0,0,0,2.2,-67.67561740214266,20260128-204820,1.0,0.0
258.22243077593333,258222430.77593336,88.32438259785732,0.0,0,0,2.2,-67.67561740214266,20260128-204820,1.0,0.0
258.22243077593333,258222430.77593336,82.32438259785732,0.0,0,0,2.2,-67.67561740214266,20260128-204820,1.0,0.0
258.22243077593333,258222430.77593336,76.32438259785732,0.0,0,0,2.2,-67.67561740214266,20260128-204820,1.0,0.0
258.22243077593333,258222430.77593336,70.32438259785732,0.0,0,0,2.2,-67.67561740214266,20260128-204820,1.0,0.0
258.22243077593333,258222430.77593336,64.32438259785732,0.0,0,0,2.2,-67.67561740214266,20260128-204820,1.0,0.0
258.22243077593333,258222430.77593336,58.32438259785732,0.0,0,0,2.2,-67.67561740214266,20260128-204820,1.0,0.0
258.22243077593333,258222430.77593336,52.32438259785732,0.0,0,0,2.2,-67.67561740214266,20260128-204820,1.0,0.0
258.22243077593333,258222430.77593336,46.32438259785732,0.0,0,0,2.2,-67.67561740214266,20260128-204820,1.0,0.0
258.22243077593333,258222430.77593336,40.32438259785732,0.0,0,0,2.2,-67.67561740214266,20260128-204820,1.0,0.0
258.22243077593333,258222430.77593336,34.32438259785732,0.0,0,0,2.2,-67.67561740214266,20260128-204820,1.0,0.0
258.22243077593333,258222430.77593336,28.324382597857323,0.0,0,0,2.2,-67.67561740214266,20260128-204820,1.0,0.0
258.22243077593333,258222430.77593336,22.324382597857323,0.0,0,0,2.2,-67.67561740214266,20260128-204820,1.0,0.0
258.22243077593333,258222430.77593336,16.324382597857323,0.0,0,0,2.2,-67.67561740214266,20260128-204820,1.0,0.0
258.22243077593333,258222430.77593336,10.324382597857323,0.0,0,0,2.2,-67.67561740214266,20260128-204820,1.0,0.0
258.22243077593333,258222430.77593336,4.324382597857323,0.0,0,0,2.2,-67.67561740214266,20260128-204820,1.0,0.0
258.22243077593333,258222430.77593336,-1.6756174021426773,0.0,0,0,2.2,-67.67561740214266,20260128-204820,1.0,0.0
258.13953136419093,52.094891903923404,-7.677446094963273,-4.9551793262239165,0,0,2.2,-67.67744609496329,20260128-204820,1.0,0.0
257.8942459720431,26.54329404429487,-13.68804964012196,-9.71598496937399,0,0,2.2,-67.68804964012197,20260128-204820,1.0,0.0
257.4957566116707,18.235292255081173,-19.71497096735868,-14.120736482296891,0,0,2.2,-67.71497096735868,20260128-204820,1.0,0.0
256.9585753562572,14.266268621338119,-25.765473152772984,-18.011617625923794,0,0,2.2,-67.76547315277296,20260128-204820,1.0,0.0
256.2833470570042,11.390026896896012,-25.838358756974912,-22.50067970663406,0,0,2.2,-67.83835875697493,20260128-204820,1.0,0.0
255.45863453677174,9.468327186784423,-25.92796422719846,-26.98033448752515,0,0,2.2,-67.92796422719843,20260128-204820,1.0,0.0
254.484785513274,8.092107458811554,-26.034610044868487,-31.448517806837042,0,0,2.2,-68.03461004486846,20260128-204820,1.0,0.0
253.3622181918798,7.056841677412145,-26.158681123434235,-35.90306113893031,0,0,2.2,-68.15868112343425,20260128-204820,1.0,0.0
252.09142509714562,6.248908990348876,-26.30063003748097,-40.3416701197742,0,0,2.2,-68.30063003748097,20260128-204820,1.0,0.0
250.67297765336414,5.600141459055421,-26.46098086642081,-44.761901013772835,0,0,2.2,-68.4609808664208,20260128-204820,1.0,0.0
249.10753158972466,5.067163993257401,-26.640333707471882,-49.16113469412051,0,0,2.2,-68.64033370747187,20260128-204820,1.0,0.0
247.39583326093995,4.621064378150105,-26.839369922867604,-53.536547647054626,0,0,2.2,-68.83936992286763,20260128-204820,1.0,0.0
245.53872699172743,4.241831045027437,-27.058858197683662,-57.88507943510967,0,0,2.1,-69.05885819768369,20260128-204820,1.0,0.0
243.53716357383482,3.9151747232168974,-27.299661497520674,-62.20339596331805,0,0,2.1,-69.29966149752067,20260128-204820,1.0,0.0
241.39221006794511,3.630621506331039,-27.562745029758844,-66.48784778226207,0,0,2.1,-69.56274502975884,20260128-204820,1.0,0.0
239.1050610904739,3.380321101671693,-27.849185328423744,-70.73442252933535,0,0,2.1,-69.84918532842373,20260128-204820,1.0,0.0
236.61300628508346,3.005030330101437,-22.128576010381266,-78.73897441730527,0,0,2.1,-70.1285760103813,20260128-204820,1.0,0.0
233.86010975804044,2.7081259246752776,-16.362294525855077,-86.35496142450681,0,0,2.1,-70.3622945258551,20260128-204820,1.0,0.0
230.8623767340738,2.471826148780034,-10.53871261407835,-93.3974975740165,0,0,2.0,-70.53871261407834,20260128-204820,1.0,0.0
227.6421457662554,2.2839248182860974,-4.64561920744012,-99.67147076981395,0,0,2.0,-70.64561920744012,20260128-204820,1.0,0.0
224.22842761298492,2.136084043493521,1.329692063203538,-104.97172538504805,0,0,2.0,-70.67030793679648,20260128-204820,1.0,0.0
220.65723025542607,2.022823869894743,7.400281018902319,-109.08375837334165,0,0,2.0,-70.59971898109768,20260128-204820,1.0,0.0
216.97184772799832,1.9409701585553119,13.57934349049026,-111.78525685809264,0,0,2.0,-70.42065650950977,20260128-204820,1.0,0.0
213.16665227774635,1.8293978106838658,13.826518201174565,-116.52285305734588,0,0,2.0,-70.17348179882542,20260128-204820,1.0,0.0
209.20391449450352,1.725573745783261,14.093779494277896,-121.23730730473248,0,0,2.0,-69.9062205057221,20260128-204820,1.0,0.0
205.08445730820452,1.628618055676052,14.382912017777699,-125.92544740213653,0,0,2.0,-69.6170879822223,20260128-204820,1.0,0.0
200.80921794587346,1.537783168854342,14.695944294015021,-130.5835712166609,0,0,2.0,-69.30405570598495,20260128-204820,1.0,0.0
196.50267369074987,1.5374723720290222,15.025524315132998,-127.80891368566367,0,0,2.0,-68.97447568486703,20260128-204820,1.0,0.0
192.28863386344503,1.5378988529785165,15.362842068857447,-125.03334240157027,0,0,2.0,-68.63715793114257,20260128-204820,1.0,0.0
188.16712507639184,1.5391100870953551,15.707931938168656,-122.2570930137332,0,0,1.9,-68.29206806183134,20260128-204820,1.0,0.0
184.13816558623924,1.5411575197342717,16.06080845031215,-119.48043157716192,0,0,1.9,-67.93919154968785,20260128-204820,1.0,0.0
180.20176424454968,1.5440969832503844,16.421463985149444,-116.70365669986475,0,0,1.9,-67.57853601485058,20260128-204820,1.0,0.0
176.35791937703513,1.5479891683324836,16.789866348532428,-113.92710167798555,0,0,1.9,-67.21013365146759,20260128-204820,1.0,0.0
172.60661759229185,1.5529001582542625,17.16595621667875,-111.15113658455194,0,0,1.9,-66.83404378332123,20260128-204820,1.0,0.0
168.94783252223445,1.5589020362960375,17.549644460544755,-108.37617027151732,0,0,1.9,-66.45035553945526,20260128-204820,1.0,0.0
165.3815234978814,1.5660735785759925,17.940809362632365,-105.60265223825586,0,0,1.9,-66.05919063736762,20260128-204820,1.0,0.0
161.85411192550458,1.5289905700360331,12.274558319242772,-105.85684117181326,0,0,1.9,-65.72544168075723,20260128-204820,1.0,0.0
158.3368493509312,1.5080989236282578,6.482746527284007,-104.99102338061266,0,0,1.9,-65.51725347271602,20260128-204820,1.0,0.0
154.8672726282991,1.5036378705608824,0.5611593809767328,-102.99505995451617,0,0,1.9,-65.43884061902325,20260128-204820,1.0,0.0
151.48303505072258,1.5167629862503749,-5.493066484544272,-99.87258155950082,0,0,1.9,-65.49306648454427,20260128-204820,1.0,0.0
148.19852601766794,1.5247073834628042,-5.615195747489224,-97.1980116480385,0,0,1.9,-65.61519574748921,20260128-204820,1.0,0.0
145.0031638792801,1.534039030580517,-5.739346015102569,-94.52377741940988,0,0,1.9,-65.73934601510257,20260128-204820,1.0,0.0
141.89693646855707,1.544877864848916,-5.865420444938252,-91.84993823601332,0,0,1.9,-65.86542044493825,20260128-204820,1.0,0.0
138.879829568967,1.5573580450185285,-5.993306047337057,-89.17655770501683,0,0,1.9,-65.99330604733706,20260128-204820,1.0,0.0
135.95182677350965,1.6417212953940565,-6.12287258743072,-82.81053986138227,0,0,2.1,-66.12287258743069,20260128-204820,1.0,0.0
133.23591425228202,1.6624495238396837,-6.233398550714924,-80.14433661994929,0,0,2.1,-66.23339855071494,20260128-204820,1.0,0.0
130.60886232355298,1.6857342892221006,-6.344212002089421,-77.47891417918763,0,0,2.1,-66.3442120020894,20260128-204820,1.0,0.0
128.197612475672,1.9077875665447583,-6.448680075439654,-67.19700595798194,0,0,2.1,-66.44868007543964,20260128-204820,1.0,0.0
126.12900252876382,2.21588252778792,-6.539285152629475,-56.92043731879431,0,0,2.1,-66.53928515262947,20260128-204820,1.0,0.0
124.40286380453136,2.666806992959676,-6.614587429201208,-46.64861916627366,0,0,2.1,-66.6145874292012,20260128-204820,1.0,0.0
123.01905027238244,3.381429366969716,-6.673314099747813,-36.38078366327863,0,0,2.1,-66.6733140997478,20260128-204820,1.0,0.0
121.97744425120611,4.670601823576678,-6.7144067183336915,-26.116001504448,0,0,2.1,-66.71440671833368,20260128-204820,1.0,0.0
121.15106680694306,5.1626751296555975,-6.744152341958625,-23.466722922583948,0,0,2.1,-66.74415234195865,20260128-204820,1.0,0.0
120.41299123262402,5.784114475591368,-6.769317385971931,-20.817878301122835,0,0,2.1,-66.76931738597193,20260128-204820,1.0,0.0
119.76320419207207,6.5914785534507825,-6.789761508892866,-18.169399053778825,0,0,2.1,-66.7897615088929,20260128-204820,1.0,0.0
119.20169471560668,7.679921879644173,-6.805362085764955,-15.521211879974167,0,0,2.1,-66.80536208576494,20260128-204820,1.0,0.0
118.72845434636997,9.222888690816509,-6.816015600387402,-12.873239429268104,0,0,2.1,-66.81601560038742,20260128-204820,1.0,0.0
118.34347726302154,11.573480262523598,-6.821638867313709,-10.225401052977364,0,0,2.1,-66.82163886731374,20260128-204820,1.0,0.0
118.04676037609443,15.578355684363967,-6.82217005892943,-7.57761363059506,0,0,2.1,-66.82217005892942,20260128-204820,1.0,0.0
117.83830339576095,23.90329906272608,-6.817569516110041,-4.929792456118061,0,0,2.1,-66.81756951611005,20260128-204820,1.0,0.0
117.71810886928914,51.588841098690594,-6.807820324834722,-2.28185216729509,0,0,2.1,-66.80782032483472,20260128-204820,1.0,0.0
117.68555336750624,342.8060598698403,-0.789355070319175,0.3433006797259948,0,0,2.1,-66.78935507031919,20260128-204820,1.0,0.0
117.7414917123545,39.07697472542058,5.235357201757097,3.013065687394696,0,0,2.1,-66.76464279824292,20260128-204820,1.0,0.0
117.86130320692837,32.048744130205314,11.259280766852953,3.67756386110139,0,0,2.1,-66.74071923314702,20260128-204820,1.0,0.0
117.98389879580824,32.07678321411458,11.28301981515267,3.678171156012066,0,0,2.1,-66.71698018484736,20260128-204820,1.0,0.0
118.10651459632575,32.10483503149638,11.306709576709977,3.6787765606164187,0,0,2.1,-66.69329042329002,20260128-204820,1.0,0.0
118.22915054559623,32.132899536466994,11.330350196784252,3.679380082442305,0,0,2.1,-66.66964980321576,20260128-204820,1.0,0.0
118.35180658098537,32.16097668336288,11.353941820099465,3.6799817289818084,0,0,2.1,-66.64605817990052,20260128-204820,1.0,0.0
118.474482640108,32.189066426739394,11.377484590846962,3.6805815076914277,0,0,2.1,-66.62251540915301,20260128-204820,1.0,0.0
118.5971786608269,32.2171687213694,11.400978652687513,3.6811794259922754,0,0,2.1,-66.5990213473125,20260128-204820,1.0,0.0
118.71989458125165,32.24528352224206,11.42442414875336,3.6817754912702623,0,0,2.1,-66.57557585124663,20260128-204820,1.0,0.0
118.84263033973743,32.27341078456146,11.44782122165094,3.682369710876293,0,0,2.1,-66.55217877834906,20260128-204820,1.0,0.0
118.96538587488388,32.30155046374542,11.471170013462597,3.682962092126448,0,0,2.1,-66.52882998653737,20260128-204820,1.0,0.0
119.0881611255339,32.32970251542412,11.494470665749247,3.683552642302179,0,0,2.1,-66.50552933425075,20260128-204820,1.0,0.0
119.21095603077258,32.35786689543891,5.517723319552147,3.684141368650487,0,0,2.1,-66.48227668044782,20260128-204820,1.0,0.0
119.33377052992597,32.38604355984103,-0.45907188460444104,3.684728278384114,0,0,2.1,-66.45907188460444,20260128-204820,1.0,0.0
119.45660456255999,32.41423246489038,-0.43591480671153704,3.6853133786817236,0,0,2.1,-66.43591480671154,20260128-204820,1.0,0.0
119.57945806847927,32.44243356705425,-0.41280530727289033,3.6858966766880856,0,0,2.1,-66.41280530727289,20260128-204820,1.0,0.0
119.70233098772606,32.47064682300613,-0.38974324730298804,3.6864781795142583,0,0,2.1,-66.389743247303,20260128-204820,1.0,0.0
120.11387228339238,30.59981569055287,-1.500301480819644,3.9253135867898488,0,0,2.0,-67.50030148081963,20260128-204820,1.0,0.0
120.24471730338557,30.63257196436719,-1.508509175160384,3.9253875725243756,0,0,2.0,-67.50850917516041,20260128-204820,1.0,0.0
120.37556478554814,30.665329514359634,-1.5166990262446802,3.9254613171262336,0,0,2.0,-67.51669902624468,20260128-204820,1.0,0.0
120.5064147218597,30.69808833630142,-1.5248710918615984,3.9255348216376458,0,0,1.9,-67.5248710918616,20260128-204820,1.0,0.0
120.63726710433454,30.730848425982458,-1.5330254295525947,3.925608087095233,0,0,1.9,-67.53302542955261,20260128-204820,1.0,0.0
120.76812192502139,30.763609779211205,-1.5411620966125383,3.92568111453005,0,0,1.9,-67.54116209661257,20260128-204820,1.0,0.0
197.16525402925754,49.95781282532205,16.43728942094816,3.9466350282116562,0,0,1.8,-49.562710579051846,20260128-204820,1.0,0.0
197.2968088095171,49.9909340166782,16.44033821422147,3.9466517817749525,0,0,1.8,-49.55966178577856,20260128-204820,1.0,0.0
197.4283641476705,50.02405549254998,16.443382944409052,3.9466685018585363,0,0,1.8,-49.55661705559095,20260128-204820,1.0,0.0
197.5599200426033,50.05717725236542,16.44642361961064,3.9466851885514123,0,0,1.8,-49.553576380389366,20260128-204820,1.0,0.0
197.6914764932039,50.09029929555405,16.44946024790437,3.9467018419422932,0,0,1.8,-49.550539752095624,20260128-204820,1.0,0.0
197.82303349836374,50.123421621546946,16.45249283734711,3.9467184621195934,0,0,1.8,-49.54750716265291,20260128-204820,1.0,0.0
197.95459105697714,50.156544229776706,16.455521395974188,3.946735049171437,0,0,1.8,-49.544478604025784,20260128-204820,1.0,0.0
198.0861491679414,50.18966711967744,16.45854593179996,3.946751603185657,0,0,1.8,-49.54145406820002,20260128-204820,1.0,0.0
198.21770783015674,50.22279029068478,16.461566452817408,3.946768124249794,0,0,1.8,-49.538433547182606,20260128-204820,1.0,0.0
198.34926704252624,50.255913742235826,16.464582966998364,3.946784612451102,0,0,1.8,-49.53541703300163,20260128-204820,1.0,0.0
198.48082680395592,50.28903747376923,16.467595482293746,3.9468010678765437,0,0,1.8,-49.53240451770623,20260128-204820,1.0,0.0
198.61238711335477,50.32216148472514,10.470604006633437,3.9468174906127955,0,0,1.8,-49.52939599336654,20260128-204820,1.0,0.0
198.74394796963455,50.35528577454516,4.473608547926403,3.946833880746251,0,0,1.8,-49.526391452073575,20260128-204820,1.0,0.0
198.87550937170988,50.38841034267237,4.476609114060807,3.946850238363015,0,0,1.8,-49.52339088593921,20260128-204820,1.0,0.0
199.00707131849836,50.4215351885514,4.479605712903947,3.946866563548911,0,0,1.8,-49.520394287096074,20260128-204820,1.0,0.0
199.1386338089204,50.454660311628295,4.482598352302489,3.9468828563894793,0,0,1.8,-49.51740164769753,20260128-204820,1.0,0.0
199.2701968418992,50.487785711350604,4.485587040082464,3.9468991169699787,0,0,1.8,-49.51441295991756,20260128-204820,1.0,0.0
199.40176041636087,50.52091138716732,4.488571784049327,3.946915345375388,0,0,1.8,-49.51142821595068,20260128-204820,1.0,0.0
199.5333245312343,50.55403733852892,4.491552591988011,3.946931541690406,0,0,1.8,-49.50844740801197,20260128-204820,1.0,0.0
199.66488918545127,50.58716356488734,4.4945294716631,3.9469477059994547,0,0,1.8,-49.50547052833689,20260128-204820,1.0,0.0
199.79645437794628,50.62029006569592,4.497502430818713,3.94696383838668,0,0,1.8,-49.50249756918131,20260128-204820,1.0,0.0
199.9280201076566,50.6534168404095,4.500471477178621,3.946979938935948,0,0,1.8,-49.499528522821365,20260128-204820,1.0,0.0
200.05958637352248,50.68654388848437,4.503436618446585,3.946996007730853,0,0,1.8,-49.496563381553436,20260128-204820,1.0,0.0
200.19115317448674,50.71967120937821,4.506397862305903,3.9470120448547155,0,0,1.8,-49.49360213769409,20260128-204820,1.0,0.0
200.32272050949516,50.752798802550195,4.509355216420033,3.947028050390582,0,0,1.8,-49.49064478357996,20260128-204820,1.0,0.0
200.45428837749606,50.78592666746085,4.512308688432256,3.9470440244212286,0,0,1.8,-49.48769131156774,20260128-204820,1.0,0.0
200.5858567774407,50.81905480357218,4.515258285965956,3.9470599670291606,0,0,1.8,-49.48474171403407,20260128-204820,1.0,0.0
200.7174257082831,50.85218321034761,4.518204016624452,3.947075878296613,0,0,1.8,-49.48179598337556,20260128-204820,1.0,0.0
200.84899516897985,50.88531188725197,4.521145887991395,3.947091758305553,0,0,1.8,-49.47885411200859,20260128-204820,1.0,0.0
200.98056515849038,50.918440833751475,4.524083907630654,3.947107607137681,0,0,1.8,-49.47591609236934,20260128-204820,1.0,0.0
201.1121356757768,50.95157004931377,4.527018083086318,3.94712342487443,0,0,1.8,-49.472981916913696,20260128-204820,1.0,0.0
201.24370671980404,50.98469953340792,4.52994842188275,3.947139211596968,0,0,1.8,-49.47005157811723,20260128-204820,1.0,0.0
201.37527828953958,51.01782928550435,4.53287493152493,3.947154967386199,0,0,1.8,-49.46712506847505,20260128-204820,1.0,0.0
201.50685038395363,51.050959305074876,-1.4642023805017743,3.947170692322764,0,0,1.8,-49.4642023805018,20260128-204820,1.0,0.0
201.63842300201915,51.08408959159273,-7.461283506731604,3.9471863864870405,0,0,1.8,-49.461283506731604,20260128-204820,1.0,0.0
201.76999614271173,51.11722014453251,-7.458368439717958,3.947202049959147,0,0,1.8,-49.45836843971796,20260128-204820,1.0,0.0
201.90156980500964,51.15035096337021,-7.455457172033675,3.9472176828189394,0,0,1.8,-49.45545717203369,20260128-204820,1.0,0.0
202.03314398789374,51.183482047583134,-7.452549696270921,3.9472332851460163,0,0,1.8,-49.45254969627089,20260128-204820,1.0,0.0
202.16471869034763,51.21661339665004,-7.449646005040904,3.9472488570197175,0,0,1.8,-49.44964600504089,20260128-204820,1.0,0.0
202.29629391135754,51.249745010050994,-7.446746090974102,3.9472643985191262,0,0,1.8,-49.44674609097413,20260128-204820,1.0,0.0
202.42786964991228,51.282876887267456,-7.4438499467201495,3.9472799097230675,0,0,1.8,-49.44384994672016,20260128-204820,1.0,0.0
202.55944590500332,51.31600902778222,-7.440957564947496,3.947295390710113,0,0,1.8,-49.44095756494751,20260128-204820,1.0,0.0
202.69102267562474,51.34914143107944,-7.43806893834369,3.9473108415585805,0,0,1.8,-49.43806893834372,20260128-204820,1.0,0.0
202.8225999607732,51.382274096644586,-7.43518405961521,3.9473262623465337,0,0,1.8,-49.43518405961522,20260128-204820,1.0,0.0
202.95417775944802,51.415407023964526,-7.432302921487235,3.947341653151785,0,0,1.7,-49.43230292148723,20260128-204820,1.0,0.0
203.08575607065103,51.448540212527426,-7.429425516703816,3.947357014051893,0,0,1.7,-49.4294255167038,20260128-204820,1.0,0.0
203.2173348933867,51.481673661822796,-7.426551838027649,3.9473723451241702,0,0,1.7,-49.42655183802768,20260128-204820,1.0,0.0
203.34891422666206,51.51480737134148,-7.423681878240245,3.947387646445677,0,0,1.7,-49.423681878240274,20260128-204820,1.0,0.0
203.4804940694867,51.547941340575655,-7.42081563014159,3.9474029180932244,0,0,1.7,-49.42081563014158,20260128-204820,1.0,0.0
203.61207442087274,51.581075569018786,-7.417953086550142,3.9474181601433793,0,0,1.7,-49.41795308655015,20260128-204820,1.0,0.0
203.74365527983488,51.61421005616566,-7.415094240303006,3.947433372672461,0,0,1.7,-49.415094240302984,20260128-204820,1.0,0.0
203.8752366453904,51.64734480151244,-7.412239084255532,3.9474485557565417,0,0,1.7,-49.412239084255525,20260128-204820,1.0,0.0
204.006818516559,51.680479804556505,-7.409387611281545,3.9474637094714504,0,0,1.7,-49.40938761128157,20260128-204820,1.0,0.0
204.138400892363,51.71361506479659,-7.406539814273231,3.947478833892773,0,0,1.7,-49.406539814273216,20260128-204820,1.0,0.0
204.26998377182719,51.746750581732734,-7.403695686140793,3.9474939290958515,0,0,1.7,-49.403695686140786,20260128-204820,1.0,0.0
204.40156715397887,51.779886354866214,-7.400855219812797,3.947508995155789,0,0,1.7,-49.40085521981282,20260128-204820,1.0,0.0
204.53315103784792,51.81302238369971,-7.3980184082359415,3.9475240321474416,0,0,1.7,-49.39801840823594,20260128-204820,1.0,0.0
204.66473542246655,51.84615866773705,-7.395185244374886,3.947539040145433,0,0,1.7,-49.39518524437488,20260128-204820,1.0,0.0
204.79632030686957,51.87929520648345,-13.392355721212368,3.9475540192241434,0,0,1.7,-49.39235572121235,20260128-204820,1.0,0.0
204.92790569009432,51.91243199944536,-19.38952983174903,3.9475689694577167,0,0,1.7,-49.38952983174902,20260128-204820,1.0,0.0
205.05949157118042,51.945569046130515,-25.386707569003477,3.947583890920058,0,0,1.7,-49.386707569003484,20260128-204820,1.0,0.0
205.1910779491701,51.97870634604791,-25.383888926012105,3.947598783684838,0,0,1.7,-49.38388892601212,20260128-204820,1.0,0.0
205.322664823108,52.0118438987078,-25.381073895829104,3.9476136478254924,0,0,1.7,-49.38107389582913,20260128-204820,1.0,0.0
205.45425219204122,52.04498170362175,-25.378262471526455,3.94762848341522,0,0,1.7,-49.378262471526426,20260128-204820,1.0,0.0
205.58584005501928,52.07811976030254,-25.37545464619359,3.947643290526988,0,0,1.7,-49.375454646193596,20260128-204820,1.0,0.0
205.71742841109406,52.11125806826418,-25.372650412937844,3.9476580692335315,0,0,1.7,-49.37265041293782,20260128-204820,1.0,0.0
205.84901725932,52.14439662702198,-25.36984976488384,3.9476728196073525,0,0,1.7,-49.36984976488385,20260128-204820,1.0,0.0
205.98060659875387,52.177535436092484,-25.367052695173925,3.947687541720723,0,0,1.7,-49.36705269517395,20260128-204820,1.0,0.0
206.11219642845484,52.21067449499347,-25.364259196967794,3.9477022356456843,0,0,1.7,-49.364259196967794,20260128-204820,1.0,0.0
206.24378674748448,52.24381380324395,-25.361469263442473,3.947716901454049,0,0,1.7,-49.36146926344247,20260128-204820,1.0,0.0
206.3753775549068,52.27695336036419,-25.358682887792384,3.947731539217401,0,0,1.7,-49.358682887792405,20260128-204820,1.0,0.0
206.50696884978814,52.310093165875635,-25.355900063229285,3.9477461490070995,0,0,1.6,-49.355900063229285,20260128-204820,1.0,0.0
206.63856063119727,52.343233219301055,-25.353120782982046,3.947760730894272,0,0,1.6,-49.35312078298204,20260128-204820,1.0,0.0
206.77015289820517,52.37637352016429,-25.35034504029676,3.947775284949827,0,0,1.6,-49.35034504029675,20260128-204820,1.0,0.0
206.9017456498854,52.409514067990564,-25.347572828436626,3.947789811244442,0,0,1.6,-49.34757282843663,20260128-204820,1.0,0.0
207.03333888531378,52.44265486230621,-19.34480414068196,3.947804309848575,0,0,1.6,-49.34480414068195,20260128-204820,1.0,0.0
207.16493260356845,52.475795902638815,-13.342038970330009,3.9478187808324576,0,0,1.6,-49.34203897032999,20260128-204820,1.0,0.0
207.29652680372982,52.508937188517116,-13.339277310694968,3.947833224266103,0,0,1.6,-49.33927731069497,20260128-204820,1.0,0.0
207.4281214848808,52.542078719471135,-13.336519155108022,3.9478476402192997,0,0,1.6,-49.33651915510802,20260128-204820,1.0,0.0
207.55971664610652,52.57522049503204,-13.333764496917127,3.947862028761617,0,0,1.6,-49.33376449691714,20260128-204820,1.0,0.0
207.69131228649445,52.60836251473221,-13.33101332948712,3.947876389962404,0,0,1.6,-49.3310133294871,20260128-204820,1.0,0.0
207.8229084051343,52.6415047781052,-13.328265646199384,3.947890723890792,0,0,1.6,-49.32826564619939,20260128-204820,1.0,0.0
207.9545050011182,52.67464728468576,-13.325521440452235,3.9479050306156935,0,0,1.6,-49.325521440452235,20260128-204820,1.0,0.0
208.08610207354053,52.70779003400986,-13.322780705660477,3.9479193102058034,0,0,1.6,-49.32278070566048,20260128-204820,1.0,0.0
208.21769962149787,52.74093302561458,-13.320043435255513,3.9479335627296015,0,0,1.6,-49.320043435255535,20260128-204820,1.0,0.0
208.34929764408918,52.77407625903822,-13.317309622685343,3.9479477882553513,0,0,1.6,-49.317309622685364,20260128-204820,1.0,0.0
208.48089614041564,52.807219733820254,-13.314579261414394,3.9479619868511002,0,0,1.6,-49.3145792614144,20260128-204820,1.0,0.0
208.61249510958075,52.840363449501325,-13.311852344923523,3.9479761585846833,0,0,1.5,-49.31185234492352,20260128-204820,1.0,0.0
208.74409455069025,52.87350740562323,-13.309128866709955,3.9479903035237225,0,0,1.5,-49.30912886670997,20260128-204820,1.0,0.0
208.875694462852,52.906651601728896,-13.306408820287288,3.948004421735628,0,0,1.5,-49.30640882028729,20260128-204820,1.0,0.0
209.00729484517635,52.93979603736248,-13.30369219918532,3.9480185132875953,0,0,1.5,-49.30369219918535,20260128-204820,1.0,0.0
209.1388956967757,52.972940712069246,-13.30097899695022,3.948032578246613,0,0,1.5,-49.3009789969502,20260128-204820,1.0,0.0
209.27049701676472,53.006085625395606,-13.29826920714413,3.948046616679457,0,0,1.5,-49.2982692071441,20260128-204820,1.0,0.0
209.40209880426033,53.039230776889134,-13.295562823345392,3.948060628652696,0,0,1.5,-49.29556282334539,20260128-204820,1.0,0.0
209.5337010583816,53.072376166098536,-13.292859839148491,3.9480746142326884,0,0,1.5,-49.29285983914851,20260128-204820,1.0,0.0
209.66530377824998,53.105521792573704,-13.290160248163943,3.9480885734855855,0,0,1.5,-49.290160248163936,20260128-204820,1.0,0.0
209.79690696298888,53.13866765586556,-13.287464044018066,3.9481025064773343,0,0,1.5,-49.28746404401807,20260128-204820,1.0,0.0
209.92851061172405,53.17181375552625,-13.284771220353264,3.948116413273673,0,0,1.5,-49.28477122035328,20260128-204820,1.0,0.0
210.0601147235834,53.204960091109044,-13.282081770827801,3.9481302939401335,0,0,1.5,-49.28208177082778,20260128-204820,1.0,0.0
210.1917192976971,53.2381066621683,-13.279395689115631,3.9481441485420463,0,0,1.5,-49.279395689115624,20260128-204820,1.0,0.0
210.32332433319735,53.271253468259516,-7.276712968906622,3.948157977144536,0,0,1.5,-49.27671296890662,20260128-204820,1.0,0.0
210.45492982921857,53.30440050893929,-1.2740336039063322,3.9481717798125264,0,0,1.5,-49.274033603906325,20260128-204820,1.0,0.0
210.58653578489736,53.33754778376536,-1.2713575878359507,3.9481855566107362,0,0,1.5,-49.27135758783596,20260128-204820,1.0,0.0
210.71814219937255,53.37069529229659,-1.268684914432356,3.948199307603683,0,0,1.5,-49.26868491443237,20260128-204820,1.0,0.0
210.84974907178494,53.40384303409287,-1.2660155774480017,3.9482130328556884,0,0,1.5,-49.26601557744799,20260128-204820,1.0,0.0
210.9813564012776,53.436991008715296,-1.263349570650746,3.9482267324308666,0,0,1.5,-49.26334957065076,20260128-204820,1.0,0.0
211.11296418699573,53.47013921572602,-1.2606868878241357,3.948240406393137,0,0,1.5,-49.26068688782413,20260128-204820,1.0,0.0
211.2445724280866,53.50328765468827,-1.2580275227670086,3.948254054806221,0,0,1.5,-49.25802752276699,20260128-204820,1.0,0.0
267.8605343273558,68.45990005819264,8.791766282085007,3.912663239351322,0,0,1.4,-39.20823371791499,20260128-204820,1.0,0.0
267.9909571944606,68.49243645433536,8.787453727405818,3.9127087758534187,0,0,1.4,-39.212546272594174,20260128-204820,1.0,0.0
268.1213815783412,68.5249736443123,8.783145368281794,3.912754245920031,0,0,1.4,-39.21685463171823,20260128-204820,1.0,0.0
268.2518074767852,68.5575116269379,8.778841198641885,3.912799649679563,0,0,1.4,-39.221158801358136,20260128-204820,1.0,0.0
268.38223488758445,68.59005040102895,8.774541212426755,3.9128449872601108,0,0,1.4,-39.22545878757325,20260128-204820,1.0,0.0
268.51266380853525,68.62258996540471,8.77024540358866,3.912890258789457,0,0,1.4,-39.22975459641134,20260128-204820,1.0,0.0
268.64309423743794,68.6551303188867,8.7659537660914,3.9129354643950833,0,0,1.4,-39.23404623390861,20260128-204820,1.0,0.0
268.77352617209715,68.68767146029876,8.761666293910253,3.912980604204167,0,0,1.4,-39.23833370608976,20260128-204820,1.0,0.0
268.90395961032186,68.72021338846719,8.757382981032038,3.9130256783435726,0,0,1.4,-39.24261701896796,20260128-204820,1.0,0.0
269.0343945499251,68.7527561022204,8.753103821455056,3.9130706869398724,0,0,1.4,-39.24689617854493,20260128-204820,1.0,0.0
269.1648309887243,68.7852996003894,8.748828809189092,3.913115630119325,0,0,1.4,-39.2511711908109,20260128-204820,1.0,0.0
269.2952689245409,68.81784388180726,8.744557938255241,3.9131605080078944,0,0,1.4,-39.255442061744745,20260128-204820,1.0,0.0
269.42570835520075,68.85038894530958,2.7402912026861372,3.9132053207312394,0,0,1.4,-39.259708797313884,20260128-204820,1.0,0.0
269.55614927853367,68.88293478973411,-3.263971403474386,3.9132500684147193,0,0,1.4,-39.263971403474386,20260128-204820,1.0,0.0
269.6865916923737,68.91548141392096,-9.268229886171014,3.9132947511833955,0,0,1.4,-39.268229886171014,20260128-204820,1.0,0.0
269.8170355945593,68.94802881671255,-9.272484251337175,3.913339369162029,0,0,1.4,-39.27248425133717,20260128-204820,1.0,0.0
269.9474809829327,68.9805769969536,-9.27673450489499,3.9133839224750817,0,0,1.4,-39.27673450489499,20260128-204820,1.0,0.0
270.0779278553405,69.01312595349104,-9.280980652755375,3.9134284112467235,0,0,1.4,-39.28098065275536,20260128-204820,1.0,0.0
270.20837620963334,69.04567568517416,-9.28522270081794,3.9134728356008233,0,0,1.4,-39.28522270081791,20260128-204820,1.0,0.0
270.33882604366613,69.07822619085451,-9.289460654971094,3.913517195660956,0,0,1.4,-39.28946065497107,20260128-204820,1.0,0.0
270.4692773552977,69.11077746938584,-9.293694521092107,3.9135614915504044,0,0,1.4,-39.293694521092114,20260128-204820,1.0,0.0
270.59973014239114,69.14332951962426,-9.297924305047104,3.9136057233921537,0,0,1.4,-39.297924305047125,20260128-204820,1.0,0.0
270.73018440281356,69.17588234042806,-9.302150012691072,3.9136498913089004,0,0,1.4,-39.302150012691065,20260128-204820,1.0,0.0
270.86064013443615,69.20843593065783,-9.306371649867799,3.9136939954230465,0,0,1.4,-39.30637164986781,20260128-204820,1.0,0.0
270.99109733513416,69.24099028917634,-9.310589222410158,3.913738035856704,0,0,1.4,-39.310589222410165,20260128-204820,1.0,0.0
271.12155600278703,69.27354541484873,-9.314802736139882,3.9137820127316933,0,0,1.4,-39.31480273613985,20260128-204820,1.0,0.0
271.2520161352781,69.3061013065422,-9.319012196867618,3.9138259261695483,0,0,1.4,-39.3190121968676,20260128-204820,1.0,0.0
271.38247773049477,69.33865796312631,-9.323217610393101,3.913869776291511,0,0,1.4,-39.323217610393115,20260128-204820,1.0,0.0
271.51294078632867,69.37121538347283,-9.32741898250515,3.913913563218536,0,0,1.4,-39.32741898250516,20260128-204820,1.0,0.0
271.64340530067517,69.40377356645565,-9.331616318981503,3.9139572870712938,0,0,1.4,-39.33161631898152,20260128-204820,1.0,0.0
271.7738712714339,69.436332510951,-9.335809625589093,3.914000947970166,0,0,1.4,-39.33580962558908,20260128-204820,1.0,0.0
271.9043386965084,69.46889221583726,-9.339998908083828,3.9140445460352487,0,0,1.4,-39.33999890808382,20260128-204820,1.0,0.0
272.03480757380606,69.50145267999496,-9.344184172210873,3.914088081386356,0,0,1.4,-39.34418417221085,20260128-204820,1.0,0.0
272.1652779012386,69.53401390230692,-9.348365423704422,3.914131554143015,0,0,1.4,-39.34836542370445,20260128-204820,1.0,0.0
272.2957496767214,69.56657588165808,-9.352542668288038,3.914174964424473,0,0,1.4,-39.35254266828805,20260128-204820,1.0,0.0
272.426222898174,69.5991386169356,-9.356715911674314,3.9142183123496928,0,0,1.4,-39.35671591167432,20260128-204820,1.0,0.0
272.55669756351983,69.63170210702886,-9.360885159565157,3.914261598037355,0,0,1.4,-39.36088515956515,20260128-204820,1.0,0.0
272.68717367068626,69.66426635082931,-9.365050417651673,3.9143048216058633,0,0,1.4,-39.365050417651666,20260128-204820,1.0,0.0
272.81765121760463,69.69683134723063,-9.369211691614282,3.91434798317334,0,0,1.4,-39.3692116916143,20260128-204820,1.0,0.0
272.9481302022102,69.7293970951287,-9.373368987122774,3.914391082857626,0,0,1.4,-39.373368987122774,20260128-204820,1.0,0.0
273.07861062244217,69.76196359342148,-15.377522309836195,3.9144341207762867,0,0,1.4,-39.377522309836166,20260128-204820,1.0,0.0
273.2090924762436,69.79453084100915,-21.381671665402905,3.91447709704661,0,0,1.4,-39.38167166540289,20260128-204820,1.0,0.0
273.33957576156155,69.82709883679401,-21.38581705946075,3.9145200117856063,0,0,1.4,-39.385817059460734,20260128-204820,1.0,0.0
273.47006047634693,69.85966757968052,-21.38995849763694,3.9145628651100086,0,0,1.4,-39.38995849763691,20260128-204820,1.0,0.0
273.60054661855446,69.89223706857521,-21.394095985548063,3.914605657136279,0,0,1.4,-39.39409598554806,20260128-204820,1.0,0.0
273.73103418614284,69.92480730238684,-21.398229528800243,3.9146483879806016,0,0,1.4,-39.398229528800265,20260128-204820,1.0,0.0
273.8615231770746,69.95737828002623,-21.40235913298909,3.9146910577588887,0,0,1.4,-39.402359132989105,20260128-204820,1.0,0.0
273.9920135893162,69.98995000040638,-21.40648480369964,3.9147336665867787,0,0,1.4,-39.40648480369965,20260128-204820,1.0,0.0
274.1225054208378,70.02252246244237,-21.41060654650653,3.914776214579638,0,0,1.4,-39.4106065465065,20260128-204820,1.0,0.0
274.2529986696135,70.05509566505135,-21.414724366973815,3.9148187018525635,0,0,1.4,-39.414724366973815,20260128-204820,1.0,0.0
274.3834933336212,70.08766960715263,-21.41883827065533,3.9148611285203807,0,0,1.4,-39.418838270655336,20260128-204820,1.0,0.0
274.51398941084267,70.12024428766766,-21.422948263094383,3.914903494697645,0,0,1.4,-39.422948263094376,20260128-204820,1.0,0.0
274.6444868992635,70.15281970551992,-21.427054349823948,3.9149458004986406,0,0,1.4,-39.42705434982392,20260128-204820,1.0,0.0
274.774985796873,70.18539585963498,-21.431156536366586,3.914988046037389,0,0,1.6,-39.431156536366565,20260128-204820,1.0,0.0
274.90548610166434,70.21797274894054,-21.435254828234633,3.9150302314276395,0,0,1.6,-39.435254828234605,20260128-204820,1.0,0.0
275.0359878116344,70.25055037236632,-21.43934923093002,3.915072356782877,0,0,1.6,-39.439349230930006,20260128-204820,1.0,0.0
275.166490924784,70.28312872884418,-21.443439749944446,3.9151144222163197,0,0,1.5,-39.443439749944474,20260128-204820,1.0,0.0
275.2969954391176,70.31570781730807,-21.447526390759435,3.9151564278409188,0,0,1.5,-39.447526390759464,20260128-204820,1.0,0.0
275.42750135264345,70.34828763669391,-21.451609158846168,3.9151983737693636,0,0,1.5,-39.451609158846196,20260128-204820,1.0,0.0
275.5580086633735,70.38086818593975,-21.455688059665647,3.9152402601140803,0,0,1.4,-39.45568805966567,20260128-204820,1.0,0.0
275.68851736932356,70.41344946398569,-21.459763098668702,3.915282086987228,0,0,1.4,-39.4597630986687,20260128-204820,1.0,0.0
275.81902746851307,70.44603146977383,-21.463834281295988,3.9153238545007087,0,0,1.4,-39.46383428129598,20260128-204820,1.0,0.0
275.94953895896526,70.47861420224841,-21.46790161297804,3.915365562766158,0,0,1.3,-39.46790161297802,20260128-204820,1.0,0.0
276.08005183870705,70.51119766035562,-21.47196509913522,3.9154072118949546,0,0,1.3,-39.47196509913523,20260128-204820,1.0,0.0
276.2105661057691,70.54378184304377,-21.476024745177938,3.915448801998214,0,0,1.3,-39.476024745177945,20260128-204820,1.0,0.0
276.3410817581856,70.5763667492631,-21.480080556506437,3.915490333186795,0,0,1.3,-39.48008055650642,20260128-204820,1.0,0.0
276.47159879399476,70.60895237796598,-21.48413253851089,3.9155318055712955,0,0,1.3,-39.48413253851087,20260128-204820,1.0,0.0
276.60211721123824,70.64153872810675,-21.488180696571476,3.9155732192620567,0,0,1.3,-39.48818069657149,20260128-204820,1.0,0.0
276.73263700796133,70.6741257986418,-21.49222503605847,3.915614574369161,0,0,1.3,-39.49222503605847,20260128-204820,1.0,0.0
276.8631581822131,70.70671358852941,-21.49626556233204,3.915655871002439,0,0,1.3,-39.49626556233204,20260128-204820,1.0,0.0
276.9936807320463,70.73930209673004,-15.50030228074246,3.915697109271459,0,0,1.3,-39.50030228074247,20260128-204820,1.0,0.0
277.12420465551725,70.77189132220606,-9.504335196630109,3.915738289285539,0,0,1.3,-39.504335196630095,20260128-204820,1.0,0.0
277.2547299506859,70.80448126392182,-3.508364315325366,3.9157794111537414,0,0,1.3,-39.50836431532536,20260128-204820,1.0,0.0
277.3852566156159,70.83707192084373,2.4876103578511675,3.915820474984873,0,0,1.3,-39.51238964214882,20260128-204820,1.0,0.0
277.51578464837456,70.86966329194018,2.4835888175888385,3.9158614808874885,0,0,1.3,-39.516411182411154,20260128-204820,1.0,0.0
277.6463140470326,70.90225537618143,2.479571058586771,3.9159024289698943,0,0,1.3,-39.52042894141324,20260128-204820,1.0,0.0
277.7768448096646,70.93484817253992,2.4755570755538656,3.9159433193401374,0,0,1.3,-39.52444292444611,20260128-204820,1.0,0.0
277.9073769343486,70.96744167998982,2.471546863208971,3.9159841521060232,0,0,1.3,-39.528453136791015,20260128-204820,1.0,0.0
278.0379104191661,71.00003589750744,2.467540416280542,3.9160249273751,0,0,1.3,-39.53245958371944,20260128-204820,1.0,0.0
278.16844526220257,71.03263082407109,2.4635377295069247,3.9160656452546676,0,0,1.3,-39.53646227049309,20260128-204820,1.0,0.0
278.2989814615466,71.06522645866083,2.4595387976360144,3.9161063058517818,0,0,1.3,-39.54046120236401,20260128-204820,1.0,0.0
278.4295190152907,71.09782280025894,2.4555436154255403,3.916146909273242,0,0,1.3,-39.54445638457448,20260128-204820,1.0,0.0
278.5600579215307,71.13041984784941,2.4515521776428386,3.916187455625609,0,0,1.3,-39.54844782235713,20260128-204820,1.0,0.0
278.6905981783661,71.1630176004183,2.447564479065079,3.9162279450151916,0,0,1.3,-39.552435520934935,20260128-204820,1.0,0.0
278.8211397838999,71.19561605695364,2.4435805144788105,3.9162683775480525,0,0,1.3,-39.556419485521204,20260128-204820,1.0,0.0
278.95168273623875,71.22821521644532,2.4396002786803592,3.916308753330012,0,0,1.3,-39.56039972131967,20260128-204820,1.0,0.0
279.08222703349253,71.26081507788516,2.435623766475544,3.9163490724666437,0,0,1.3,-39.56437623352444,20260128-204820,1.0,0.0
279.2127726737749,71.29341564026696,2.431650972679904,3.916389335063277,0,0,1.3,-39.56834902732009,20260128-204820,1.0,0.0
279.343319655203,71.3260169025864,2.4276818921184145,3.916429541224999,0,0,1.3,-39.57231810788159,20260128-204820,1.0,0.0
279.47386797589735,71.35861886384116,2.4237165196255432,3.9164696910566517,0,0,1.3,-39.57628348037444,20260128-204820,1.0,0.0
279.60441763398205,71.3912215230307,2.419754850045365,3.91650978466284,0,0,1.3,-39.58024514995461,20260128-204820,1.0,0.0
279.73496862758464,71.42382487915647,2.415796878231447,3.9165498221479225,0,0,1.3,-39.584203121768574,20260128-204820,1.0,0.0
279.86552095483614,71.45642893122182,2.411842599046622,3.91658980361602,0,0,1.3,-39.588157400953385,20260128-204820,1.0,0.0
279.9960746138711,71.48903367823198,2.4078920073633867,3.9166297291710124,0,0,1.3,-39.5921079926366,20260128-204820,1.0,0.0
280.1266296028274,71.52163911919409,-3.596054901936384,3.9166695989165397,0,0,1.3,-39.596054901936405,20260128-204820,1.0,0.0
280.2571859198465,71.55424525311719,-9.599998133961549,3.916709412956003,0,0,1.3,-39.59999813396156,20260128-204820,1.0,0.0
280.3877435630733,71.58685207901217,-9.603937693811474,3.916749171392568,0,0,1.3,-39.603937693811474,20260128-204820,1.0,0.0
280.518302530656,71.61945959589188,-9.607873586576204,3.9167888743291583,0,0,1.3,-39.60787358657618,20260128-204820,1.0,0.0
280.64886282074633,71.6520678027709,-9.611805817336403,3.9168285218684673,0,0,1.3,-39.61180581733639,20260128-204820,1.0,0.0
280.7794244314995,71.68467669866585,-9.615734391163471,3.9168681141129444,0,0,1.3,-39.615734391163485,20260128-204820,1.0,0.0
280.90998736107395,71.7172862825951,-9.619659313119598,3.9169076511648115,0,0,1.3,-39.61965931311959,20260128-204820,1.0,0.0
281.04055160763164,71.74989655357892,-9.62358058825754,3.91694713312605,0,0,1.3,-39.623580588257525,20260128-204820,1.0,0.0
281.171117169338,71.78250751063949,-9.627498221620897,3.916986560098409,0,0,1.3,-39.62749822162088,20260128-204820,1.0,0.0
281.30168404436165,71.81511915280072,-9.631412218244009,3.9170259321834062,0,0,1.3,-39.63141221824402,20260128-204820,1.0,0.0
281.4322522308748,71.84773147908854,-9.635322583152117,3.9170652494823215,0,0,1.3,-39.635322583152096,20260128-204820,1.0,0.0
281.56282172705284,71.88034448853057,-9.639229321361086,3.9171045120962074,0,0,1.3,-39.63922932136107,20260128-204820,1.0,0.0
281.6933925310747,71.91295818015638,-9.643132437877739,3.917143720125882,0,0,1.3,-39.64313243787774,20260128-204820,1.0,0.0
281.82396464112253,71.9455725529973,-9.64703193769975,3.917182873671933,0,0,1.3,-39.64703193769977,20260128-204820,1.0,0.0
281.9545380553819,71.97818760608652,-9.6509278258157,3.917221972834721,0,0,1.3,-39.6509278258157,20260128-204820,1.0,0.0
282.08511277204167,72.01080333845911,-9.654820107204955,3.91726101771437,0,0,1.3,-39.65482010720495,20260128-204820,1.0,0.0
282.2156887892941,72.04341974915188,-9.658708786837849,3.9173000084107814,0,0,1.3,-39.65870878683787,20260128-204820,1.0,0.0
282.3462661053348,72.07603683720352,-9.662593869675732,3.917338945023625,0,0,1.3,-39.66259386967575,20260128-204820,1.0,0.0
282.4768447183625,72.10865460165451,-9.666475360670859,3.9173778276523437,0,0,1.3,-39.66647536067084,20260128-204820,1.0,0.0
282.60742462657953,72.14127304154715,-9.670353264766334,3.9174166563961528,0,0,1.3,-39.67035326476635,20260128-204820,1.0,0.0
282.73800582819126,72.17389215592551,-9.674227586896507,3.9174554313540413,0,0,1.3,-39.67422758689652,20260128-204820,1.0,0.0
282.86858832140655,72.20651194383557,-9.678098331986575,3.9174941526247715,0,0,1.3,-39.67809833198658,20260128-204820,1.0,0.0
282.9991721044375,72.23913240432499,-9.681965504952814,3.9175328203068815,0,0,1.3,-39.68196550495283,20260128-204820,1.0,0.0
283.1297571754993,72.27175353644324,-9.685829110702628,3.9175714344986843,0,0,1.3,-39.685829110702606,20260128-204820,1.0,0.0
283.2603435328108,72.30437533924169,-9.689689154134328,3.9176099952982675,0,0,1.3,-39.689689154134335,20260128-204820,1.0,0.0
283.3909311745937,72.33699781177332,-15.693545640137529,3.9176485028034986,0,0,1.3,-39.69354564013754,20260128-204820,1.0,0.0
283.52152009907326,72.36962095309309,-21.697398573592864,3.9176869571120156,0,0,1.3,-39.69739857359288,20260128-204820,1.0,0.0
283.6521103044778,72.40224476225754,-21.701247959372097,3.9177253583212437,0,0,1.3,-39.70124795937212,20260128-204820,1.0,0.0
283.78270178903904,72.43486923832515,-21.70509380233824,3.917763706528377,0,0,1.3,-39.70509380233822,20260128-204820,1.0,0.0
283.91329455099185,72.46749438035607,-21.708936107345323,3.917802001830394,0,0,1.3,-39.708936107345316,20260128-204820,1.0,0.0
284.0438885885743,72.50012018741224,-21.712774879238737,3.917840244324052,0,0,1.3,-39.71277487923873,20260128-204820,1.0,0.0
284.1744839000277,72.53274665855736,-21.716610122855002,3.917878434105887,0,0,1.3,-39.71661012285501,20260128-204820,1.0,0.0
284.3050804835967,72.56537379285692,-21.720441843021945,3.917916571272216,0,0,1.3,-39.72044184302194,20260128-204820,1.0,0.0
284.435678337529,72.5980015893781,-21.72427004455858,3.9179546559191394,0,0,1.3,-39.72427004455858,20260128-204820,1.0,0.0
284.56627746007547,72.63063004718987,-21.728094732275224,3.9179926881425358,0,0,1.3,-39.728094732275245,20260128-204820,1.0,0.0
284.69687784949036,72.66325916536294,-21.731915910973555,3.9180306680380697,0,0,1.3,-39.731915910973576,20260128-204820,1.0,0.0
284.827479504031,72.69588894296979,-21.735733585446496,3.9180685957011856,0,0,1.3,-39.7357335854465,20260128-204820,1.0,0.0
284.9580824219578,72.72851937908455,-21.73954776047833,3.918106471227115,0,0,1.3,-39.73954776047832,20260128-204820,1.0,0.0
285.0886866015345,72.76115047278314,-21.743358440844645,3.9181442947108716,0,0,1.3,-39.743358440844645,20260128-204820,1.0,0.0
285.219292041028,72.79378222314327,-21.747165631312555,3.9181820662472524,0,0,1.3,-39.74716563131253,20260128-204820,1.0,0.0
285.34989873870813,72.82641462924421,-21.750969336640367,3.918219785930844,0,0,1.3,-39.750969336640345,20260128-204820,1.0,0.0
285.4805066928482,72.85904769016712,-21.754769561577973,3.9182574538560155,0,0,1.3,-39.754769561577945,20260128-204820,1.0,0.0
285.6111159017245,72.8916814049948,-21.75856631086657,3.9182950701169226,0,0,1.3,-39.758566310866584,20260128-204820,1.0,0.0
285.74172636361635,72.92431577281174,-21.762359589238997,3.918332634807511,0,0,1.3,-39.762359589238976,20260128-204820,1.0,0.0
285.87233807680633,72.95695079270416,-21.766149401419284,3.9183701480215114,0,0,1.3,-39.76614940141931,20260128-204820,1.0,0.0
286.0029510395802,72.98958646376003,-21.769935752123274,3.918407609852443,0,0,1.3,-39.76993575212326,20260128-204820,1.0,0.0
286.1335652502266,73.02222278506892,-21.773718646058,3.9184450203936168,0,0,1.3,-39.773718646058015,20260128-204820,1.0,0.0
286.2641807070375,73.0548597557222,-21.77749808792231,3.918482379738127,0,0,1.3,-39.7774980879223,20260128-204820,1.0,0.0
286.39479740830797,73.0874973748129,-21.781274082406355,3.9185196879788653,0,0,1.3,-39.78127408240637,20260128-204820,1.0,0.0
286.525415352336,73.12013564143568,-21.7850466341921,3.9185569452085085,0,0,1.3,-39.78504663419207,20260128-204820,1.0,0.0
286.6560345374227,73.15277455468694,-21.78881574795281,3.918594151519527,0,0,1.3,-39.78881574795283,20260128-204820,1.0,0.0
286.7866549618725,73.18541411366476,-21.79258142835363,3.9186313070041825,0,0,1.3,-39.79258142835365,20260128-204820,1.0,0.0
286.9172766239926,73.21805431746893,-21.796343680051223,3.9186684117545267,0,0,1.3,-39.7963436800512,20260128-204820,1.0,0.0
287.0478995220934,73.2506951652008,-21.800102507693737,3.9187054658624083,0,0,1.3,-39.80010250769376,20260128-204820,1.0,0.0
287.1785236544884,73.28333665596347,-15.803857915921299,3.918742469419467,0,0,1.3,-39.803857915921284,20260128-204820,1.0,0.0
287.30914901949404,73.31597878886176,-9.807609909365397,3.918779422517133,0,0,1.3,-39.80760990936541,20260128-204820,1.0,0.0
287.4397756154299,73.34862156300198,-9.811358492649447,3.9188163252466395,0,0,1.3,-39.81135849264947,20260128-204820,1.0,0.0
287.57040344061846,73.3812649774923,-9.81510367038851,3.9188531776990065,0,0,1.3,-39.81510367038849,20260128-204820,1.0,0.0
287.70103249338547,73.41390903144239,-9.81884544718929,3.918889979965053,0,0,1.3,-39.81884544718927,20260128-204820,1.0,0.0
287.83166277205953,73.44655372396363,-9.822583827650305,3.918926732135395,0,0,1.3,-39.822583827650334,20260128-204820,1.0,0.0
287.96229427497224,73.47919905416907,-9.826318816362004,3.918963434300442,0,0,1.3,-39.826318816362,20260128-204820,1.0,0.0
288.09292700045825,73.51184502117334,-9.830050417906364,3.919000086550404,0,0,1.3,-39.83005041790634,20260128-204820,1.0,0.0
288.2235609468553,73.54449162409277,-9.83377863685729,3.9190366889752872,0,0,1.3,-39.833778636857275,20260128-204820,1.0,0.0
288.354196112504,73.57713886204529,-9.837503477780558,3.9190732416648957,0,0,1.3,-39.837503477780544,20260128-204820,1.0,0.0
288.484832495748,73.6097867341504,-9.841224945233705,3.9191097447088348,0,0,1.3,-39.84122494523369,20260128-204820,1.0,0.0
288.61547009493387,73.64243523952938,-9.844943043766193,3.9191461981965046,0,0,1.3,-39.84494304376617,20260128-204820,1.0,0.0
288.7461089084114,73.675084377305,-9.8486577779193,3.91918260221711,0,0,1.3,-39.84865777791929,20260128-204820,1.0,0.0
288.87674893453305,73.70773414660175,-9.852369152226288,3.919218956859652,0,0,1.3,-39.852369152226274,20260128-204820,1.0,0.0
289.0073901716544,73.74038454654561,-9.856077171212235,3.9192552622129364,0,0,1.3,-39.85607717121225,20260128-204820,1.0,0.0
289.1380326181339,73.77303557626425,-9.859781839394259,3.9192915183655694,0,0,1.3,-39.85978183939427,20260128-204820,1.0,0.0
289.26867627233304,73.80568723488699,-9.863483161281351,3.919327725405956,0,0,1.3,-39.863483161281366,20260128-204820,1.0,0.0
289.3993211326162,73.83833952154467,-9.867181141374544,3.9193638834223083,0,0,1.3,-39.867181141374516,20260128-204820,1.0,0.0
289.52996719735074,73.87099243536974,-9.870875784166685,3.91939999250264,0,0,1.3,-39.87087578416669,20260128-204820,1.0,0.0
289.6606144649069,73.90364597549636,-9.87456709414289,3.9194360527347647,0,0,1.3,-39.874567094142876,20260128-204820,1.0,0.0
289.7912629336579,73.93630014106007,-9.878255075780089,3.919472064206308,0,0,1.3,-39.878255075780075,20260128-204820,1.0,0.0
289.92191260197984,73.96895493119827,-9.881939733547313,3.919508027004691,0,0,1.3,-39.88193973354732,20260128-204820,1.0,0.0
290.0525634682517,74.00161034504971,-9.885621071905689,3.919543941217147,0,0,1.3,-39.88562107190572,20260128-204820,1.0,0.0
290.1832155308554,74.0342663817548,-9.889299095308445,3.9195798069307126,0,0,1.3,-39.889299095308445,20260128-204820,1.0,0.0
290.2317749411153,288.51038737391633,-9.895800253314178,-1.005966466520902,0,0,1.3,-39.89580025331415,20260128-204820,1.0,0.0
290.11615576487543,48.9144523270641,-9.907959656773755,-5.931092794927518,0,0,1.3,-39.90795965677378,20260128-204820,1.0,0.0
289.8363762767706,26.699392495296202,-9.925804739511989,-10.855541987625106,0,0,1.3,-39.92580473951198,20260128-204820,1.0,0.0
289.3924633969977,18.340294524137214,-9.949382359274239,-15.779052131149548,0,0,1.3,-39.94938235927422,20260128-204820,1.0,0.0
288.7844528862081,13.950027052343815,-9.978759152809062,-20.701354327315656,0,0,1.3,-39.97875915280905,20260128-204820,1.0,0.0
288.01238961740245,11.24074916068479,-10.014022060795867,-25.62217032871292,0,0,1.3,-40.01402206079586,20260128-204820,1.0,0.0
287.07632792888717,9.399638312319095,-10.055279030544341,-30.541210032799572,0,0,1.3,-40.05527903054435,20260128-204820,1.0,0.0
285.9763320636998,8.065174875190031,-10.102659907294594,-35.45816879227453,0,0,1.3,-40.10265990729461,20260128-204820,1.0,0.0
284.7124767023954,7.052099660487429,-10.156317528119644,-40.372724494752326,0,0,1.3,-40.15631752811966,20260128-204820,1.0,0.0
283.28484759774784,6.255664358902448,-10.21642903596046,-45.284534358785514,0,0,1.3,-40.21642903596046,20260128-204820,1.0,0.0
281.6935423218066,5.61218185290672,-10.283197435306477,-50.19323138574153,0,0,1.3,-40.283197435306484,20260128-204820,1.0,0.0
279.9386711379149,5.0807022981342795,-10.356853415588944,-55.09842039765116,0,0,1.3,-40.35685341558892,20260128-204820,1.0,0.0
278.0203580128145,4.633697842444673,-10.437657473617776,-59.999673579521726,0,0,1.3,-40.437657473617776,20260128-204820,1.0,0.0
275.9387417869072,4.251980209378321,-10.525902372535143,-64.89652543026581,0,0,1.3,-40.52590237253516,20260128-204820,1.0,0.0
273.6939775242239,3.9217651462388927,-10.621915981978873,-69.78846700871566,0,0,1.3,-40.62191598197885,20260128-204820,1.0,0.0
271.28623806778694,3.6328953256303556,-10.726064552702667,-74.67493933938633,0,0,1.3,-40.72606455270266,20260128-204820,1.0,0.0
268.71571583099603,3.3777212659964833,-10.83875648909094,-79.55532581570803,0,0,1.3,-40.83875648909093,20260128-204820,1.0,0.0
265.98262486161246,3.1503725397281084,-10.960446695217229,-84.42894340507678,0,0,1.3,-40.96044669521726,20260128-204820,1.0,0.0
263.08720322210587,2.9462691943352177,-11.09164158481127,-89.29503241860682,0,0,1.3,-41.091641584811285,20260128-204820,1.0,0.0
260.02971573885935,2.7617858296430886,-11.232904863313422,-94.15274455675788,0,0,1.3,-41.232904863313436,20260128-204820,1.0,0.0
256.8104571833971,2.5940154430137286,-11.384864211875708,-99.00112887725702,0,0,1.3,-41.3848642118757,20260128-204820,1.0,0.0
253.4297559618869,2.440600108649117,-11.54821902967268,-103.83911525029038,0,0,1.3,-41.54821902967268,20260128-204820,1.0,0.0
249.8879784053221,2.299607423223946,-11.723749423450954,-108.66549476301064,0,0,1.3,-41.72374942345098,20260128-204820,1.0,0.0
246.15010097623312,2.1323633301269735,-5.864984107444002,-115.4353470154525,0,0,1.3,-41.86498410744401,20260128-204820,1.0,0.0
242.2049757667187,2.000652645998704,0.08376437730305497,-121.06298224788172,0,0,1.3,-41.916235622696966,20260128-204820,1.0,0.0
238.09447448468643,1.8999104438106533,6.1357416253113115,-125.31878818832112,0,0,1.3,-41.86425837468869,20260128-204820,1.0,0.0
233.86828600783784,1.82761393919831,12.304360125026562,-127.96372417165142,0,0,1.3,-41.69563987497345,20260128-204820,1.0,0.0
229.52342644121282,1.729322875337744,12.54456368891374,-132.7244493868075,0,0,1.3,-41.45543631108627,20260128-204820,1.0,0.0
225.02023083810678,1.6369461408072592,12.803429862182384,-137.46342975410184,0,0,1.3,-41.1965701378176,20260128-204820,1.0,0.0
220.35947212185764,1.5498876852242993,13.082664885173187,-142.17770372823324,0,0,1.3,-40.9173351148268,20260128-204820,1.0,0.0
215.54203001820304,1.4676320289334701,13.384207591687073,-146.863809026325,0,0,1.3,-40.61579240831294,20260128-204820,1.0,0.0
210.69304857571183,1.4623888618154184,13.70203300093408,-144.074571461216,0,0,1.3,-40.29796699906592,20260128-204820,1.0,0.0
205.93709208678044,1.4576281922802716,14.028823888558009,-141.28231957740772,0,0,1.3,-39.971176111442,20260128-204820,1.0,0.0
201.27426014496174,1.4533790226948349,14.364773445629794,-138.4871096954199,0,0,1.3,-39.635226554370206,20260128-204820,1.0,0.0
196.7046501234806,1.4496725777625266,14.71006754752284,-135.68901912118747,0,0,1.3,-39.28993245247716,20260128-204820,1.0,0.0
192.22835643398142,1.4465425121811881,15.064882972416967,-132.88814868228613,0,0,1.3,-38.935117027583054,20260128-204820,1.0,0.0
187.8454696975387,1.4440251416268663,15.429385429149647,-130.0846254559726,0,0,1.3,-38.570614570850346,20260128-204820,1.0,0.0
183.55607582154906,1.4421597002078332,15.803727383296518,-127.27860568777254,0,0,1.3,-38.196272616703496,20260128-204820,1.0,0.0
179.36025497622703,1.4409886280398632,16.18804567120094,-124.47027789539588,0,0,1.3,-37.81195432879907,20260128-204820,1.0,0.0
175.25808046468046,1.4405578931968486,16.582458892904526,-121.65986614793543,0,0,1.3,-37.41754110709546,20260128-204820,1.0,0.0
171.2496174809689,1.4409173530112271,16.987064576615808,-118.84763350451134,0,0,1.3,-37.012935423384185,20260128-204820,1.0,0.0
167.33492175118752,1.4421211605626825,17.401936109568737,-116.03388558968047,0,0,1.3,-36.59806389043125,20260128-204820,1.0,0.0
163.4552021809896,1.4025121769627091,11.754222544719994,-116.54458682488549,0,0,1.3,-36.24577745527999,20260128-204820,1.0,0.0
159.57914104762506,1.3779588291285358,5.966360026832774,-115.80835194368463,0,0,1.3,-36.03363997316723,20260128-204820,1.0,0.0
155.74884658278083,1.3686858509504882,0.032058938770205714,-113.79444484986861,0,0,1.3,-35.9679410612298,20260128-204820,1.0,0.0
152.00014497101816,1.3677977057471744,0.02250670388286835,-111.12765018712064,0,0,1.3,-35.977493296117146,20260128-204820,1.0,0.0
148.34033668452358,1.3676856044220125,0.01246391851594808,-108.46084524462958,0,0,1.3,-35.987536081484045,20260128-204820,1.0,0.0
144.76942207489176,1.3684082436282317,0.0019118784893521479,-105.79402948570853,0,0,1.3,-35.998088121510634,20260128-204820,1.0,0.0
141.28740151163066,1.3700303921806551,-0.009168112360271152,-103.12720237304065,0,0,1.3,-36.00916811236026,20260128-204820,1.0,0.0
137.8942753820988,1.3726236970590848,-0.020794620604647207,-100.46036337383961,0,0,1.3,-36.02079462060464,20260128-204820,1.0,0.0
134.59004409125598,1.3762676212935299,-0.03298594381885778,-97.79351196590467,0,0,1.3,-36.03298594381884,20260128-204820,1.0,0.0
200.29557672294905,2.2704082884201293,21.541908345352226,-88.22006937894213,0,0,1.2,-14.458091654647797,20260128-204820,1.0,0.0
197.3996956689522,2.3078454568876476,21.880554429206427,-85.53419167640659,0,0,1.2,-14.119445570793593,20260128-204820,1.0,0.0
194.5932010872585,2.3485435015572245,22.21937045324347,-82.85697112198757,0,0,1.2,-13.780629546756531,20260128-204820,1.0,0.0
191.87579540516202,2.392796033789879,22.55790323504607,-80.18894744708165,0,0,1.2,-13.442096764953908,20260128-204820,1.0,0.0
189.24716311359973,2.4409333258309074,22.895675377616897,-77.53065645460796,0,0,1.2,-13.104324622383094,20260128-204820,1.0,0.0
186.70697096455052,2.4933283057306115,23.23218582562498,-74.88262598047248,0,0,1.2,-12.767814174375028,20260128-204820,1.0,0.0
184.25486830809396,2.5504037745157295,23.56691062254248,-72.2453715561491,0,0,1.2,-12.433089377457511,20260128-204820,1.0,0.0
181.8904875786874,2.6126411461162515,23.899303878091246,-69.61939179786387,0,0,1.2,-12.100696121908745,20260128-204820,1.0,0.0
179.6134449392481,2.680591097897756,24.228798953607793,-67.00516355519845,0,0,1.2,-11.771201046392196,20260128-204820,1.0,0.0
177.42334109040857,2.754886636619557,24.55480987083604,-64.40313685942435,0,0,1.2,-11.445190129163954,20260128-204820,1.0,0.0
175.31976225084534,2.8362592428376256,24.87673294728239,-61.81372971937542,0,0,1.2,-11.123267052717603,20260128-204820,1.0,0.0
173.2538212881534,2.7941414328800738,19.156529427759835,-62.00610293000496,0,0,1.2,-10.84347057224018,20260128-204820,1.0,0.0
171.1950228445843,2.788701141424599,13.356519421672886,-61.38880222824088,0,0,1.2,-10.643480578327125,20260128-204820,1.0,0.0
169.1699261390721,2.8199840783847643,7.477404011203589,-59.9896742097812,0,0,1.2,-10.522595988796397,20260128-204820,1.0,0.0
167.20395317426056,2.8903411847266387,1.5209931145786868,-57.84920965656665,0,0,1.2,-10.479006885421288,20260128-204820,1.0,0.0
165.32007573096084,2.9958276520480767,1.5264872686375952,-55.18344008138817,0,0,1.2,-10.4735127313624,20260128-204820,1.0,0.0
163.52505697110294,3.113713917732912,1.5312753579143532,-52.5176882949366,0,0,1.2,-10.468724642085624,20260128-204820,1.0,0.0
161.81889633842488,3.2459891669496668,1.5353259980691973,-49.85195206011422,0,0,1.2,-10.464674001930808,20260128-204820,1.0,0.0
160.20159335474284,3.395092106036001,1.538608887213286,-47.186228930262814,0,0,1.2,-10.461391112786728,20260128-204820,1.0,0.0
158.67314762682693,3.564045545061008,1.5410950337750364,-44.520516256228376,0,0,1.2,-10.458904966224976,20260128-204820,1.0,0.0
157.2335588529925,3.7566424111990173,1.5427569877103338,-41.85481119636507,0,0,1.2,-10.457243012289648,20260128-204820,1.0,0.0
155.882826829308,3.977707682754672,1.5435690725333302,-39.189110729563424,0,0,1.2,-10.456430927466645,20260128-204820,1.0,0.0
268.35212566266944,7.60895904297937,19.643492830045204,-35.267915643503486,0,0,1.1,7.643492830045202,20260128-204820,1.0,0.0
267.21860401815127,8.160859640514177,19.716621296744165,-32.74392843268103,0,0,1.1,7.716621296744137,20260128-204820,1.0,0.0
266.1691619934929,8.806811967699751,19.783894211388258,-30.223100364775192,0,0,1.1,7.783894211388259,20260128-204820,1.0,0.0
265.20369817251606,9.57234522070912,19.845178207108574,-27.705195754825663,0,0,1.1,7.8451782071085985,20260128-204820,1.0,0.0
264.3221192276173,10.493151460496135,19.90034934836018,-25.189965114171684,0,0,1.1,7.900349348360183,20260128-204820,1.0,0.0
263.5243403651966,11.620701290259714,19.949293677255582,-22.67714605021975,0,0,1.1,7.949293677255586,20260128-204820,1.0,0.0
262.8102857393155,13.03204578626291,19.991907724762257,-20.16646427196749,0,0,1.1,7.991907724762233,20260128-204820,1.0,0.0
262.17988883015795,14.84796199240919,20.028098982840675,-17.657634695198823,0,0,1.1,8.02809898284067,20260128-204820,1.0,0.0
261.63309278409076,17.26909771077266,20.05778633383335,-15.15036264001686,0,0,1.1,8.057786333833338,20260128-204820,1.0,0.0
261.1698507123837,20.655071369448795,20.08090043368827,-12.64434511219766,0,0,1.1,8.08090043368828,20260128-204820,1.0,0.0
260.78222514207386,24.69556993222064,14.092081187168617,-10.55987879031809,0,0,1.1,8.09208118716859,20260128-204820,1.0,0.0
260.468977900198,31.78432378442026,8.088375491310785,-8.194888136266478,0,0,1.1,8.088375491310781,20260128-204820,1.0,0.0
260.2381058594038,46.211642311713106,2.073553978062023,-5.631440321986612,0,0,1.1,8.07355397806202,20260128-204820,1.0,0.0
260.094797370608,87.998589767905,-3.948393285572024,-2.955670063084013,0,0,1.1,8.05160671442797,20260128-204820,1.0,0.0
260.04132838937153,1016.3573469156653,-9.973356221965048,-0.2558561997692226,0,0,1.1,8.02664377803494,20260128-204820,1.0,0.0
260.07702438777136,109.29490372351673,-15.997208730059782,2.379589674608142,0,0,1.1,8.002791269940218,20260128-204820,1.0,0.0
260.16637530250136,96.31899757558882,-16.018507923312285,2.7010909773882257,0,0,1.1,7.981492076687722,20260128-204820,1.0,0.0
260.2564295551144,96.3140764809249,-16.039750246490655,2.702163993719635,0,0,1.1,7.960249753509354,20260128-204820,1.0,0.0
260.346519556377,96.30921218853362,-16.06097787124847,2.7032358965487764,0,0,1.1,7.939022128751541,20260128-204820,1.0,0.0
260.4366452691909,96.30440457199424,-16.08219080701454,2.7043066869750114,0,0,1.1,7.917809192985458,20260128-204820,1.0,0.0
260.52680665649416,96.29965350526076,-16.10338906322079,2.705376366097328,0,0,1.1,7.8966109367792185,20260128-204820,1.0,0.0
260.61700368126174,96.29495886266072,-16.12457264930208,2.706444935014334,0,0,1.1,7.875427350697907,20260128-204820,1.0,0.0
260.707236306505,96.29032051889372,-16.145741574696387,2.707512394824255,0,0,1.1,7.854258425303619,20260128-204820,1.0,0.0
260.7174676344468,124.54771422460232,-16.17199498952536,-2.0933139500600038,0,0,1.1,7.828005010474635,20260128-204820,1.0,0.0
260.5677074742853,37.808087807534115,-16.208469739386032,-6.891850992325545,0,0,1.1,7.791530260613978,20260128-204820,1.0,0.0
260.2580448214101,22.268383306372428,-16.255250731286196,-11.687334515520641,0,0,1.1,7.744749268713801,20260128-204820,1.0,0.0
259.7885944948125,15.764848567594447,-16.31246120026276,-16.47897811266154,0,0,1.1,7.687538799737246,20260128-204820,1.0,0.0
259.1594979994918,12.186584937484813,-16.380263652155037,-21.265965758983146,0,0,1.1,7.619736347844966,20260128-204820,1.0,0.0
258.37092464355976,9.919242950966634,-16.45886116678315,-26.04744393506174,0,0,1.1,7.541138833216857,20260128-204820,1.0,0.0
257.4230729273206,8.351787266161672,-16.548499081283694,-30.822513160782112,0,0,1.1,7.4515009187163,20260128-204820,1.0,0.0
256.316172226493,7.201871215525186,-16.649467079816134,-35.59021878563286,0,0,1.1,7.35053292018388,20260128-204820,1.0,0.0
255.05048479720108,6.3210257007239266,-16.762101722953133,-40.34954086138124,0,0,1.1,7.237898277046871,20260128-204820,1.0,0.0
253.6263081365556,5.623720145062624,-16.886789458002482,-45.0993828985655,0,0,1.1,7.113210541997524,20260128-204820,1.0,0.0
252.04397773975734,5.0572083421677965,-17.023970160492865,-49.83855927749212,0,0,1.1,6.976029839507146,20260128-204820,1.0,0.0
250.30387030291314,4.5871948591824765,-17.17414126735426,-54.56578104631072,0,0,1.1,6.825858732645753,20260128-204820,1.0,0.0
248.40640743042445,4.190416950968244,-17.337862574236908,-59.279639791698365,0,0,1.1,6.662137425763105,20260128-204820,1.0,0.0
246.35205991722398,3.8505391094142922,-17.51576178330953,-63.978589209731915,0,0,1.1,6.484238216690467,20260128-204820,1.0,0.0
244.14135268969815,3.555753967532039,-17.70854090419661,-68.66092393314564,0,0,1.1,6.291459095803382,20260128-204820,1.0,0.0
241.77487050534086,3.2973157596111853,-17.91698362999,-73.32475508316213,0,0,1.1,6.083016370009993,20260128-204820,1.0,0.0
239.25326453066137,3.068609173712054,-18.141963833152488,-77.96798190537898,0,0,1.1,5.858036166847496,20260128-204820,1.0,0.0
236.57725994037966,2.864538659882615,-18.384455353413017,-82.58825871460722,0,0,1.1,5.6155446465869785,20260128-204820,1.0,0.0
233.74766470946517,2.6811165264451673,-18.645543282408482,-87.18295620645254,0,0,1.1,5.354456717591503,20260128-204820,1.0,0.0
230.82673896175427,2.62872741700135,-24.96621315993525,-87.80930935207564,0,0,1.1,5.03378684006474,20260128-204820,1.0,0.0
227.91229523786467,2.626821944038855,-31.3922124302523,-86.76351122887279,0,0,1.1,4.607787569747702,20260128-204820,1.0,0.0
225.06303555227817,2.683452937602012,-37.93074208054881,-83.87068481752435,0,0,1.1,4.069257919451191,20260128-204820,1.0,0.0
222.43721164505715,3.0243661553169323,-44.56480220972742,-73.54837351754034,0,0,1.1,3.4351977902725657,20260128-204820,1.0,0.0
220.16748818987696,3.520666078855829,-51.266179773211405,-62.53574842332919,0,0,1.1,2.7338202267886027,20260128-204820,1.0,0.0
218.27366442633996,4.277496847352501,-58.022741619659826,-51.028363600416796,0,0,1.1,1.9772583803401726,20260128-204820,1.0,0.0
216.7687660104036,5.52473522694306,-64.82108721368347,-39.2360460919945,0,0,1.1,1.1789127863165365,20260128-204820,1.0,0.0
215.65867937750255,7.87762553978411,-71.64695895377318,-27.376101883539487,0,0,1.1,0.35304104622682264,20260128-204820,1.0,0.0
214.94202829149586,13.720575939129143,-78.4857187425245,-15.66567097803173,0,0,1.1,-0.48571874252450264,20260128-204820,1.0,0.0
214.61031105774154,49.7492331869104,-85.32285583360954,-4.313841587295219,0,0,1.3,-1.3228558336095364,20260128-204820,1.0,0.0
214.64829539445714,33.09504193874463,-92.14448647353103,6.485814273683294,0,0,1.3,-2.1444864735310296,20260128-204820,1.0,0.0
215.03464644547154,12.983872638377873,-98.93780700207122,16.561672502075364,0,0,1.3,-2.937807002071226,20260128-204820,1.0,0.0
215.74274521268617,8.372185343043746,-105.69146861195748,25.76898818800539,0,0,1.3,-3.6914686119574713,20260128-204820,1.0,0.0
216.5705574438936,9.084826553759395,-106.37529930641607,23.838711302008782,0,0,1.3,-4.375299306416067,20260128-204820,1.0,0.0
217.328216210229,10.076191628539819,-106.96701091601354,21.568487799960874,0,0,1.3,-4.967010916013534,20260128-204820,1.0,0.0
218.00524951475305,11.46818987670344,-107.46823844219263,19.009560519887312,0,0,1.3,-5.468238442192628,20260128-204820,1.0,0.0
218.59286137342124,13.483998770818651,-107.88044393483634,16.211278648770588,0,0,1.3,-5.88044393483634,20260128-204820,1.0,0.0
219.08387211867924,16.570509562799135,-108.20488853138934,13.221311709720952,0,0,1.3,-6.204888531389351,20260128-204820,1.0,0.0
219.47266659934536,21.760330287600237,-108.44261138525567,10.085906955392502,0,0,1.3,-6.442611385255673,20260128-204820,1.0,0.0
219.75515150131966,32.08021354968127,-108.5944144287061,6.850177326936873,0,0,1.3,-6.594414428706102,20260128-204820,1.0,0.0
219.95423145531907,42.483107899820176,-102.69359221775578,5.177451517294715,0,0,1.3,-6.693592217755776,20260128-204820,1.0,0.0
220.10601487657624,54.78850973288606,-96.77176295618023,4.017375467039955,0,0,1.3,-6.771762956180227,20260128-204820,1.0,0.0
220.22803032823808,64.87646386009719,-90.8275411608846,3.3945751236249357,0,0,1.3,-6.8275411608846115,20260128-204820,1.0,0.0
220.33844438099922,66.31530913341106,-84.8602512959949,3.3225879100967353,0,0,1.3,-6.8602512959949,20260128-204820,1.0,0.0
220.45013887522418,65.74464574314749,-78.87867821027162,3.3531268802707257,0,0,1.3,-6.878678210271616,20260128-204820,1.0,0.0
220.56192093379286,65.76484986268578,-72.89690684998705,3.3537964641342115,0,0,1.3,-6.896906849987043,20260128-204820,1.0,0.0
220.67372529486224,65.78507251688077,-66.91511702046051,3.35446503062281,0,0,1.3,-6.915117020460512,20260128-204820,1.0,0.0
220.78555192455082,65.80531366651182,-60.93330874607395,3.355132581594366,0,0,1.3,-6.933308746073951,20260128-204820,1.0,0.0
220.8974007890389,65.82557327246877,-54.95148205117479,3.3557991189030503,0,0,1.3,-6.951482051174798,20260128-204820,1.0,0.0
221.00927185456862,65.84585129575177,-48.96963696007603,3.35646464439936,0,0,1.3,-6.9696369600760315,20260128-204820,1.0,0.0
221.12116508744364,65.86614769747065,-42.987773497056196,3.3571291599301323,0,0,1.3,-6.987773497056208,20260128-204820,1.0,0.0
221.23308045402922,65.88646243884476,-37.00589168635952,3.357792667338542,0,0,1.3,-7.005891686359504,20260128-204820,1.0,0.0
221.34501792075193,65.9067954812024,-31.023991552195753,3.3584551684641206,0,0,1.3,-7.023991552195739,20260128-204820,1.0,0.0
221.45697745409961,65.92714678598058,-25.042073118740404,3.3591166651427495,0,0,1.3,-7.042073118740419,20260128-204820,1.0,0.0
221.56895902062124,65.94751631472452,-19.06013641013476,3.3597771592066783,0,0,1.3,-7.060136410134773,20260128-204820,1.0,0.0
221.68096258692682,65.96790402908742,-13.078181450485772,3.3604366524845233,0,0,1.3,-7.078181450485786,20260128-204820,1.0,0.0
221.79298811968727,65.9883098908299,-7.096208263866231,3.3610951468012797,0,0,1.3,-7.096208263866236,20260128-204820,1.0,0.0
221.9050355856342,66.00873386181976,-7.114216874314735,3.3617526439783254,0,0,1.3,-7.1142168743147245,20260128-204820,1.0,0.0
222.01710495156,66.02917590403155,-7.1322073058357205,3.3624091458334298,0,0,1.3,-7.132207305835721,20260128-204820,1.0,0.0
222.1291961843174,66.04963597954617,-7.150179582399602,3.363064654180758,0,0,1.3,-7.150179582399595,20260128-204820,1.0,0.0
222.2413092508198,66.07011405055061,-7.16813372794266,3.3637191708308802,0,0,1.3,-7.1681337279426485,20260128-204820,1.0,0.0
222.35344411804064,66.09061007933744,-7.186069766367154,3.364372697590776,0,0,1.3,-7.186069766367158,20260128-204820,1.0,0.0
222.38292550056235,139.39207150763852,-7.2066801575584805,-1.595377148035109,0,0,1.3,-7.2066801575584725,20260128-204820,1.0,0.0
222.24709415653055,33.908280762391556,-7.232690577983902,-6.554360444102193,0,0,1.3,-7.232690577983896,20260128-204820,1.0,0.0
221.9459787190826,19.278877514804872,-7.264169062398054,-11.512391141478187,0,0,1.2,-7.264169062398063,20260128-204820,1.0,0.0
221.47961415087838,13.448048687188452,-7.301208389555001,-16.469275156764958,0,0,1.2,-7.301208389555009,20260128-204820,1.0,0.0
220.8480420488807,10.308052270150343,-7.343926936341774,-21.42480812678879,0,0,1.2,-7.343926936341774,20260128-204820,1.0,0.0
220.0513110269868,8.341984338686846,-7.392469827091503,-26.37877297449185,0,0,1.2,-7.392469827091516,20260128-204820,1.0,0.0
219.08947718368552,6.992752101935444,-7.447010400273143,-31.33093723185843,0,0,1.2,-7.447010400273138,20260128-204820,1.0,0.0
217.9626046638506,6.007615664845532,-7.507752021828395,-36.28105005772783,0,0,1.2,-7.507752021828382,20260128-204820,1.0,0.0
216.67076632601214,5.255320601338161,-7.574930282465289,-41.22883887822968,0,0,1.2,-7.574930282465277,20260128-204820,1.0,0.0
215.2140445290661,4.6609351278364235,-7.648815625520285,-46.17400556462306,0,0,1.2,-7.648815625520298,20260128-204820,1.0,0.0
213.592532055485,4.178566480513337,-7.729716462936864,-51.116222046859754,0,0,1.2,-7.7297164629368575,20260128-204820,1.0,0.0
211.80633319181598,3.7785364368320447,-7.817982849925613,-56.05512524034203,0,0,1.2,-7.817982849925611,20260128-204820,1.0,0.0
209.85556499175945,3.440801679475825,-7.914010804536019,-60.99031113694674,0,0,1.2,-7.914010804536009,20260128-204820,1.0,0.0
207.74035875262257,3.151337593462505,-8.018247377391077,-65.92132787790902,0,0,1.2,-8.018247377391084,20260128-204820,1.0,0.0
205.46086174270124,2.9000370619164344,-8.131196600126572,-70.84766758357438,0,0,1.2,-8.131196600126568,20260128-204820,1.0,0.0
203.01723922551488,2.6794321059641515,-8.25342646979908,-75.76875666064407,0,0,1.2,-8.253426469799091,20260128-204820,1.0,0.0
200.4096768372449,2.48388547102619,-8.385577162200093,-80.68394423775418,0,0,1.2,-8.385577162200093,20260128-204820,1.0,0.0
197.63838338680037,2.3090622475738662,-8.528370711607607,-85.59248829019624,0,0,1.2,-8.528370711607614,20260128-204820,1.0,0.0
194.70359416444018,2.151574538204926,-8.68262245062445,-90.49353889774267,0,0,1.2,-8.68262245062446,20260128-204820,1.0,0.0
191.60557486584062,2.008736481053094,-8.849254574828166,-95.38611792692193,0,0,1.2,-8.849254574828167,20260128-204820,1.0,0.0
188.34462626531226,1.8783916192195853,-9.029312287583878,-100.26909422837169,0,0,1.2,-9.02931228758389,20260128-204820,1.0,0.0
184.92108980640333,1.758788868335827,-9.223983096713368,-105.14115317398864,0,0,1.2,-9.223983096713365,20260128-204820,1.0,0.0
181.3353543229323,1.6484918464702703,-9.434619985127739,-110.00075900357362,0,0,1.2,-9.43461998512775,20260128-204820,1.0,0.0
177.58786416206556,1.5463115581084912,-9.662769373433008,-114.84610797276713,0,0,1.2,-9.662769373433,20260128-204820,1.0,0.0
173.6791290582568,1.4512557174461789,-9.910205049627734,-119.67506964512465,0,0,1.2,-9.910205049627724,20260128-204820,1.0,0.0
169.60973620946834,1.3624901196558383,-10.178969581193286,-124.48511278181697,0,0,1.2,-10.178969581193288,20260128-204820,1.0,0.0
165.38036514469988,1.279308866851467,-10.471425178792686,-129.27321105162108,0,0,1.2,-10.471425178792675,20260128-204820,1.0,0.0
160.991806158156,1.2011111939455381,-10.790316591904514,-134.0357220627617,0,0,1.2,-10.790316591904528,20260128-204820,1.0,0.0
156.44498334018073,1.1273832811395994,-11.13884944723236,-138.76823078486717,0,0,1.2,-11.138849447232364,20260128-204820,1.0,0.0
151.6984141712635,1.0403209982756485,-5.424381560578183,-145.81885247217585,0,0,1.2,-11.424381560578196,20260128-204820,1.0,0.0
146.73912723660703,0.968690346872555,0.46840941056251495,-151.48197533954848,0,0,1.2,-11.531590589437489,20260128-204820,1.0,0.0
141.74588826154786,0.9588848202248086,6.568693483944855,-147.8236856730257,0,0,1.2,-11.431306516055123,20260128-204820,1.0,0.0
136.90390097339798,0.9614427911244168,12.892817438686052,-142.39422484336018,0,0,1.2,-11.107182561313948,20260128-204820,1.0,0.0
132.20485330201865,0.9473882612585554,13.344195834267111,-139.54664492717217,0,0,1.2,-10.655804165732885,20260128-204820,1.0,0.0
127.60092929448632,0.9335288781085562,13.819271230826587,-136.68664385939664,0,0,1.2,-10.180728769173399,20260128-204820,1.0,0.0
132.07244624651818,1.038778776443562,22.590170350408584,-127.14203374340293,0,0,1.1,-1.409829649591438,20260128-204820,1.0,0.0
127.88733515107694,1.0316819812837295,23.372528225800522,-123.96003562255278,0,0,1.1,-0.627471774199462,20260128-204820,1.0,0.0
123.80875709276866,1.0253326048588804,24.190788075392334,-120.74984888421531,0,0,1.1,0.19078807539232154,20260128-204820,1.0,0.0
119.83767169813771,1.0198058404891723,25.046598711447928,-117.5102818009504,0,0,1.1,1.0465987114479047,20260128-204820,1.0,0.0
115.9750772926189,1.0151861421346617,25.94162723671161,-114.24020923764256,0,0,1.1,1.9416272367115972,20260128-204820,1.0,0.0
112.2220081388681,1.0115685778196337,26.877544386255806,-110.93860623938606,0,0,1.1,2.8775443862558077,20260128-204820,1.0,0.0
108.5795304437299,1.0090604127289777,27.856006435642087,-107.60458846074376,0,0,1.1,3.856006435642081,20260128-204820,1.0,0.0
105.04873689242977,1.0077829664993116,28.878633221260486,-104.23746023147487,0,0,1.1,4.878633221260514,20260128-204820,1.0,0.0
101.63073944311196,1.00787379896185,29.946981824862007,-100.8367709804498,0,0,1.1,5.94698182486201,20260128-204820,1.0,0.0
98.22633150401839,0.9510291164377067,24.957051989928516,-103.28425261252482,0,0,1.1,6.957051989928531,20260128-204820,1.0,0.0
94.75501785386258,0.9037970527655695,19.792809718662284,-104.841034349379,0,0,1.1,7.792809718662266,20260128-204820,1.0,0.0
91.24751718370534,0.8653582761356258,14.436667499440603,-105.44478477883571,0,0,1.1,8.436667499440594,20260128-204820,1.0,0.0
87.73668349295328,0.8353500283347387,8.869829636047882,-105.02984439691157,0,0,1.1,8.869829636047879,20260128-204820,1.0,0.0
84.25759921771906,0.8138592915949165,3.072663048747387,-103.5284601255824,0,0,1.1,9.072663048747398,20260128-204820,1.0,0.0
80.84760797160095,0.801477123886498,-2.974661377943704,-100.87325709255086,0,0,1.1,9.0253386220563,20260128-204820,1.0,0.0
77.54623673921674,0.7994333820162922,-9.291162999380589,-97.00149941654097,0,0,1.1,8.708837000619424,20260128-204820,1.0,0.0
117.99371513236078,1.7244168061834366,44.07752545185116,-68.42528715172419,0,0,1.0,62.07752545185115,20260128-204820,1.0,0.0
115.76510402620023,1.7728956015006898,45.15061177873446,-65.29719174000398,0,0,1.0,63.150611778734465,20260128-204820,1.0,0.0
113.64015377623392,1.8268220199464038,46.23303408724371,-62.20647251644577,0,0,1.0,64.2330340872437,20260128-204820,1.0,0.0
111.61753415622506,1.886763229773357,47.322725633944515,-59.158209358167774,0,0,1.0,65.32272563394453,20260128-204820,1.0,0.0
109.69574403871044,1.9533564071830476,48.41746543962796,-56.15756737240985,0,0,1.0,66.41746543962796,20260128-204820,1.0,0.0
107.87310949668368,2.027318885755734,49.51488839144395,-53.20973935310195,0,0,1.0,67.51488839144393,20260128-204820,1.0,0.0
106.14778391601948,2.1094600760110973,50.61249790673645,-50.31988285682116,0,0,1.0,68.61249790673644,20260128-204820,1.0,0.0
104.51775027880791,2.2006955432986444,51.70768101790824,-47.49305309272596,0,0,1.0,69.70768101790824,20260128-204820,1.0,0.0
102.98082573380536,2.3020637415566796,52.79772565155724,-44.73413306278333,0,0,1.0,70.79772565155724,20260128-204820,1.0,0.0
101.53466851897333,2.41474604802158,53.87983979318551,-42.04776258031832,0,0,1.0,71.87983979318551,20260128-204820,1.0,0.0
100.1767872445074,2.540090945304106,54.951172155852134,-39.43826792095981,0,0,1.0,72.95117215585212,20260128-204820,1.0,0.0
98.90455248525286,2.679643475088892,56.0088339118123,-36.909593908559756,0,0,1.0,74.0088339118123,20260128-204820,1.0,0.0
97.71521057167587,2.8351814754910847,57.04992100436334,-34.46524020292229,0,0,1.0,75.04992100436334,20260128-204820,1.0,0.0
96.51148907557797,2.56269143400196,52.03383460184642,-37.66020668546245,0,0,1.0,76.03383460184642,20260128-204820,1.0,0.0
95.21117830132211,2.365084654081446,46.918494369136795,-40.25698536287714,0,0,1.0,76.91849436913681,20260128-204820,1.0,0.0
93.83455272653791,2.2216563181859383,41.69915187614001,-42.23630448977687,0,0,1.0,77.69915187614001,20260128-204820,1.0,0.0
92.40244129441898,2.1200831972914527,36.371703357250965,-43.5843467900077,0,0,1.0,78.37170335725096,20260128-204820,1.0,0.0
90.93602689588023,2.0530149025021807,30.932894499713797,-44.293895180716376,0,0,1.0,78.9328944997138,20260128-204820,1.0,0.0
89.45660546441204,2.016350421833283,25.380551884870272,-44.36560455750411,0,0,1.0,79.38055188487026,20260128-204820,1.0,0.0
87.98530120739838,2.008368045384984,19.71383304662959,-43.80935128378448,0,0,1.0,79.7138330466296,20260128-204820,1.0,0.0
86.54273662401573,2.029348320371836,13.933482160282324,-42.64558023639755,0,0,1.0,79.93348216028232,20260128-204820,1.0,0.0
85.14865921999882,2.081541788124937,8.042072900772439,-40.9065336596971,0,0,1.0,80.04207290077245,20260128-204820,1.0,0.0
83.8215312710185,2.1694508249900983,2.0442147751865605,-38.63721191809041,0,0,1.0,80.04421477518655,20260128-204820,1.0,0.0
82.5780944343158,2.3004887421962725,-4.0533046281246925,-35.895891564102435,0,0,1.0,79.9466953718753,20260128-204820,1.0,0.0
81.42615645832021,2.451080204196107,-4.1976682427963965,-33.220518985434815,0,0,1.0,79.80233175720359,20260128-204820,1.0,0.0
80.36338381017788,2.6308981155867985,-4.341371491560324,-30.54598858620321,0,0,0.9,79.65862850843969,20260128-204820,1.0,0.0
79.3897467644229,2.8483284423963604,-4.483904659223413,-27.87239897714555,0,0,0.9,79.5160953407766,20260128-204820,1.0,0.0
81.73459151601784,3.3417258164172496,-3.15966352687542,-24.458796444182127,0,0,0.8,80.8403364731246,20260128-204820,1.0,0.0
80.96381318464847,3.7159815408311827,-3.26545145062488,-21.78800198413759,0,0,0.8,80.73454854937512,20260128-204820,1.0,0.0
80.28205121297972,4.199330243489119,-3.3695398122659412,-19.117822737912455,0,0,0.8,80.63046018773407,20260128-204820,1.0,0.0
82.41928469664799,5.198736815069544,-1.475242158647177,-15.853713628614505,0,0,0.7,82.52475784135282,20260128-204820,1.0,0.0
81.9353129976429,6.214461765411058,-1.5420557036356968,-13.184619375033398,0,0,0.7,82.45794429636429,20260128-204820,1.0,0.0
81.54030789131023,7.754133604413966,-1.6079086491123746,-10.515721297978951,0,0,0.7,82.39209135088763,20260128-204820,1.0,0.0
150.9329637846359,21.685926628395713,-38.882012124733734,-6.959949942235954,0,0,0.6,45.11798787526626,20260128-204820,1.0,0.0
150.73590873171585,30.982882053207266,-39.0047633365883,-4.865135156660227,0,0,0.6,44.9952366634117,20260128-204820,1.0,0.0
150.6085124615248,54.1732552862491,-39.106495744466315,-2.780126681804814,0,0,0.6,44.893504255533685,20260128-204820,1.0,0.0
150.55047801107477,214.11728359036306,-39.187015377893744,-0.703121557898611,0,0,0.6,44.812984622106256,20260128-204820,1.0,0.0
150.56026773861527,111.77005169449734,-33.24554382884969,1.3470537541679213,0,0,0.6,44.754456171150295,20260128-204820,1.0,0.0
150.61392966256562,92.47364381321954,-33.29146472739242,1.6287227738833263,0,0,0.6,44.70853527260757,20260128-204820,1.0,0.0
150.66826843883968,92.34369040898734,-33.337207755259016,1.6316032830346565,0,0,0.6,44.66279224474099,20260128-204820,1.0,0.0
150.72270318012747,92.21442965209314,-33.382917771303255,1.6344806745405736,0,0,0.6,44.61708222869675,20260128-204820,1.0,0.0
150.77723378249095,92.08585714464513,-33.42859475312517,1.637354947412343,0,0,0.8,44.57140524687484,20260128-204820,1.0,0.0
150.83186014195945,91.95796852590475,-33.4742386785251,1.6402261006828334,0,0,0.8,44.5257613214749,20260128-204820,1.0,0.0
150.88658215453046,91.83075947189526,-33.51984952550336,1.6430941334064562,0,0,0.8,44.48015047449665,20260128-204820,1.0,0.0
150.94139971617025,91.70422569501517,-33.5654272722598,1.6459590446591066,0,0,0.8,44.43457272774021,20260128-204820,1.0,0.0
150.99631272281474,91.57836294365651,-33.61097189719348,1.6488208335381038,0,0,0.8,44.38902810280653,20260128-204820,1.0,0.0
151.05132107037002,91.45316700182792,-27.656483378902294,1.6516794991621326,0,0,0.8,44.34351662109772,20260128-204820,1.0,0.0
151.1064246547132,91.32863368878246,-21.701961696182508,1.6545350406711825,0,0,0.7,44.298038303817485,20260128-204820,1.0,0.0
151.1616233716931,91.2047588586501,-15.747406828028545,1.6573874572264882,0,0,0.7,44.25259317197147,20260128-204820,1.0,0.0
151.2169171171309,91.08153840007478,-15.792818753632332,1.66023674801047,0,0,0.7,44.207181246367654,20260128-204820,1.0,0.0
151.27230578682088,90.95896823585605,-15.83819745238327,1.6630829122266726,0,0,0.6,44.161802547616745,20260128-204820,1.0,0.0
151.32778927653115,90.837044322595,-15.883542903867465,1.665925949099706,0,0,0.6,44.11645709613255,20260128-204820,1.0,0.0
151.38336748200427,90.71576265034483,-15.928855087867618,1.668765857875184,0,0,0.6,44.07114491213239,20260128-204820,1.0,0.0
151.43904029895808,90.59511924226551,-15.974133984362538,1.6716026378196644,0,0,0.5,44.025866015637476,20260128-204820,1.0,0.0
151.49480762308627,90.47511015428296,-16.01937957352669,1.6744362882205868,0,0,0.5,43.9806204264733,20260128-204820,1.0,0.0
151.5506693500591,90.35573147475202,-16.06459183572997,1.6772668083862141,0,0,0.5,43.935408164270044,20260128-204820,1.0,0.0
151.6066253755242,90.23697932412416,-16.10977075153704,1.6800941976455692,0,0,0.5,43.890229248462944,20260128-204820,1.0,0.0
151.66267559510712,90.11884985461874,-16.15491630170726,1.6829184553483751,0,0,0.5,43.845083698292726,20260128-204820,1.0,0.0
151.7188199044121,90.00133924989859,-16.200028467194016,1.685739580864993,0,0,0.5,43.799971532805976,20260128-204820,1.0,0.0
151.77505819902268,89.88444372474935,-16.245107229144423,1.6885575735863623,0,0,0.5,43.75489277085558,20260128-204820,1.0,0.0
151.83139037450252,89.76815952476305,-16.290152568898947,1.6913724329239366,0,0,0.5,43.70984743110105,20260128-204820,1.0,0.0
151.88781632639598,89.65248292602523,-16.335164467990978,1.694184158309624,0,0,0.5,43.66483553200902,20260128-204820,1.0,0.0
151.94433595022878,89.53741023480592,-16.38014290814641,1.6969927491957255,0,0,0.5,43.61985709185359,20260128-204820,1.0,0.0
152.00094914150878,89.42293778725465,-10.425087871283267,1.6997982050548701,0,0,0.5,43.57491212871673,20260128-204820,1.0,0.0
152.05765579572656,89.30906194909865,-4.469999339511276,1.7026005253799579,0,0,0.5,43.53000066048873,20260128-204820,1.0,0.0
152.11445580835615,89.19577911534512,-4.514877295131413,1.705399709684094,0,0,0.5,43.48512270486858,20260128-204820,1.0,0.0
152.1713490748557,89.08308570998709,-4.55972172063565,1.7081957575005262,0,0,0.5,43.440278279364364,20260128-204820,1.0,0.0
152.2283354906681,88.97097818571233,-4.604532598706271,1.7109886683825866,0,0,0.5,43.395467401293715,20260128-204820,1.0,0.0
152.28541495122167,88.85945302361648,-4.649309912215813,1.7137784419036233,0,0,0.5,43.35069008778419,20260128-204820,1.0,0.0
152.34258735193094,88.74850673291901,-4.694053644226301,1.716565077656944,0,0,0.5,43.305946355773706,20260128-204820,1.0,0.0
152.39985258819715,88.63813585068297,-4.73876377798905,1.7193485752557474,0,0,0.5,43.26123622201095,20260128-204820,1.0,0.0
152.45721055540892,88.52833694153763,-4.783440296944207,1.7221289343330672,0,0,0.5,43.21655970305578,20260128-204820,1.0,0.0
152.51466114894308,88.41910659740525,-4.828083184720327,1.7249061545417015,0,0,0.4,43.17191681527968,20260128-204820,1.0,0.0
152.57220426416512,88.31044143723003,1.127307574866137,1.7276802355541567,0,0,0.4,43.12730757486613,20260128-204820,1.0,0.0
152.62983979643005,88.20233810671121,7.0827319978110665,1.7304511770625797,0,0,0.4,43.082731997811074,20260128-204820,1.0,0.0
152.68756764108278,88.09479327803868,7.038190099923298,1.733218978778699,0,0,0.4,43.038190099923305,20260128-204820,1.0,0.0
152.7453876934591,87.98780364963221,6.99368189682491,1.7359836404337565,0,0,0.4,42.99368189682491,20260128-204820,1.0,0.0
152.80329984888607,87.88136594588337,6.949207403951675,1.738745161778449,0,0,0.4,42.94920740395168,20260128-204820,1.0,0.0
152.86130400268283,87.77547691690073,6.904766636553575,1.7415035425828618,0,0,0.4,42.90476663655357,20260128-204820,1.0,0.0
152.9194000501611,87.6701333382579,6.8603596096950525,1.744258782636406,0,0,0.4,42.86035960969505,20260128-204820,1.0,0.0
152.97758788662594,87.5653320107446,6.8159863382556125,1.7470108817477563,0,0,0.4,42.81598633825562,20260128-204820,1.0,0.0
153.0358674073764,87.46106976012085,6.771646836930188,1.7497598397447836,0,0,0.4,42.77164683693019,20260128-204820,1.0,0.0
153.09423850770602,87.35734343687346,6.727341120229511,1.752505656474497,0,0,0.4,42.727341120229504,20260128-204820,1.0,0.0
153.15270108290363,87.25414991597609,6.6830692024805955,1.7552483318029741,0,0,0.4,42.6830692024806,20260128-204820,1.0,0.0
153.21125502825387,87.1514860966514,6.638831097827222,1.757987865615302,0,0,0.4,42.638831097827236,20260128-204820,1.0,0.0
153.2699002390379,87.04934890213656,6.594626820230303,1.7607242578155113,0,0,0.4,42.59462682023029,20260128-204820,1.0,0.0
153.32863661053398,86.94773527945122,6.55045638346823,1.7634575083265094,0,0,0.4,42.55045638346824,20260128-204820,1.0,0.0
153.38746403801807,86.84664219916783,6.506319801137579,1.766187617090023,0,0,0.4,42.50631980113757,20260128-204820,1.0,0.0
153.4463824167646,86.74606665518547,6.462217086653226,1.7689145840665266,0,0,0.4,42.46221708665322,20260128-204820,1.0,0.0
153.50539164204693,86.64600566450528,6.418148253249001,1.7716384092351847,0,0,0.4,42.41814825324901,20260128-204820,1.0,0.0
153.564491609138,86.54645626700922,6.374113313978086,1.7743590925937829,0,0,0.4,42.374113313978086,20260128-204820,1.0,0.0
153.62368221331107,86.44741552524113,6.330112281713383,1.7770766341586657,0,0,0.4,42.330112281713376,20260128-204820,1.0,0.0
153.6829633498402,86.34888052419006,6.286145169148,1.7797910339646725,0,0,0.4,42.28614516914799,20260128-204820,1.0,0.0
153.74233491400093,86.25084837107656,0.24221198879570238,1.782502292065072,0,0,0.4,42.2422119887957,20260128-204820,1.0,0.0
153.80179680107088,86.15331619514092,-5.80168724700863,1.7852104085314986,0,0,0.4,42.19831275299136,20260128-204820,1.0,0.0
153.86134890633036,86.05628114743423,-11.845552526108634,1.7879153834538868,0,0,0.4,42.15444747389137,20260128-204820,1.0,0.0
153.920991125063,85.95974040061155,-11.889383836525923,1.790617216940408,0,0,0.4,42.110616163474084,20260128-204820,1.0,0.0
153.98072335255634,85.86369114872751,-11.933181166459718,1.793315909117405,0,0,0.4,42.06681883354029,20260128-204820,1.0,0.0
348.8369103883317,348836910.3883317,36.02526268635657,0.0,0,0,0.3,90.02526268635657,20260128-204820,1.0,0.0
348.8369103883317,348836910.3883317,36.02526268635657,0.0,0,0,0.3,90.02526268635657,20260128-204820,1.0,0.0
348.8369103883317,348836910.3883317,36.02526268635657,0.0,0,0,0.3,90.02526268635657,20260128-204820,1.0,0.0
348.8369103883317,348836910.3883317,36.02526268635657,0.0,0,0,0.3,90.02526268635657,20260128-204820,1.0,0.0
348.8369103883317,348836910.3883317,36.02526268635657,0.0,0,0,0.3,90.02526268635657,20260128-204820,1.0,0.0
348.8369103883317,348836910.3883317,36.02526268635657,0.0,0,0,0.3,90.02526268635657,20260128-204820,1.0,0.0
348.8369103883317,348836910.3883317,36.02526268635657,0.0,0,0,0.3,90.02526268635657,20260128-204820,1.0,0.0
348.8369103883317,348836910.3883317,36.02526268635657,0.0,0,0,0.3,90.02526268635657,20260128-204820,1.0,0.0
348.8369103883317,348836910.3883317,36.02526268635657,0.0,0,0,0.3,90.02526268635657,20260128-204820,1.0,0.0
348.8369103883317,348836910.3883317,36.02526268635657,0.0,0,0,0.3,90.02526268635657,20260128-204820,1.0,0.0
348.76951735282785,86.25701976281682,36.03331433826398,-4.043375464534347,0,0,0.3,90.03331433826398,20260128-204820,1.0,0.0
348.567379603428,43.11675052424913,36.05748797251667,-8.08426830327558,0,0,0.3,90.05748797251667,20260128-204820,1.0,0.0
348.23062145150936,28.731469254138297,36.097839713951004,-12.12018147666961,0,0,0.3,90.097839713951,20260128-204820,1.0,0.0
347.75945088509604,21.53497443470745,36.154463401995486,-16.148588982052363,0,0,0.3,90.15446340199547,20260128-204820,1.0,0.0
347.1541607803815,17.21403878353022,36.227491039652136,-20.166921031485433,0,0,0.3,90.22749103965212,20260128-204820,1.0,0.0
346.4151306138152,14.330931059321307,36.317093425929556,-24.17254881625402,0,0,0.3,90.31709342592957,20260128-204820,1.0,0.0
345.5428286909416,12.269490695966661,36.423480975583715,-28.16276871252134,0,0,0.3,90.42348097558371,20260128-204820,1.0,0.0
344.5378149131333,10.721646545761867,36.54690473111731,-32.134785775914686,0,0,0.3,90.54690473111731,20260128-204820,1.0,0.0
343.4007441085762,9.516256542254082,36.68765757307588,-36.085696364301256,0,0,0.3,90.68765757307588,20260128-204820,1.0,0.0
342.132369959386,8.550643646190217,36.84607563574599,-40.01246971762469,0,0,0.3,90.84607563574599,20260128-204820,1.0,0.0
340.73354956264114,7.759475902466725,37.02253993640224,-43.911928311333824,0,0,0.3,91.02253993640224,20260128-204820,1.0,0.0
339.2052486694683,7.099206552295459,37.21747822724615,-47.780726785557405,0,0,0.3,91.21747822724613,20260128-204820,1.0,0.0
337.54854765317805,6.539695719306453,37.43136708010769,-51.61532923568128,0,0,0.3,91.43136708010768,20260128-204820,1.0,0.0
335.7646482649001,6.059422893784456,37.66473421481285,-55.41198463129479,0,0,0.3,91.66473421481285,20260128-204820,1.0,0.0
333.85488124327713,5.6426145217691435,37.918161082811594,-59.16670010954474,0,0,0.3,91.91816108281161,20260128-204820,1.0,0.0
331.82071485362127,5.277448854757694,38.19228571815984,-62.87521186576357,0,0,0.3,92.19228571815982,20260128-204820,1.0,0.0
329.66376444159306,4.954894498106402,38.48780586818452,-66.53295333888133,0,0,0.3,92.48780586818454,20260128-204820,1.0,0.0
327.38580309699495,4.66793623796481,38.805482416039155,-70.13502036174621,0,0,0.3,92.80548241603915,20260128-204820,1.0,0.0
324.9887735347508,4.411045486050104,39.1461431067618,-73.67613291736058,0,0,0.3,93.1461431067618,20260128-204820,1.0,0.0
322.4748013126096,4.179809750079547,39.51068658722835,-77.15059311167752,0,0,0.3,93.51068658722835,20260128-204820,1.0,0.0
319.8462095186074,3.9706681492226914,39.90008676835555,-80.55223894276367,0,0,0.3,93.90008676835556,20260128-204820,1.0,0.0
317.105535075832,3.7807192655723334,40.315397514812275,-83.87439341593851,0,0,0.3,94.31539751481226,20260128-204820,1.0,0.0
314.25554682752517,3.6075793546441637,40.757757663035534,-87.10980852658804,0,0,0.3,94.75775766303553,20260128-204820,1.0,0.0
311.2992655819032,3.4492762722182184,41.22839636214047,-90.25060360900221,0,0,0.3,95.22839636214049,20260128-204820,1.0,0.0
308.23998631308814,3.304169171033674,41.72863872388217,-93.28819753398358,0,0,0.3,95.72863872388217,20260128-204820,1.0,0.0
305.0813027318808,3.170887094269246,42.259911756587684,-96.21323423443715,0,0,0.3,96.25991175658768,20260128-204820,1.0,0.0
301.67512035015403,2.790383903414014,36.790312210323066,-108.112407035124,0,0,0.3,96.79031221032305,20260128-204820,1.0,0.0
297.8778284772471,2.4895887300310084,31.280161661073294,-119.64941232423435,0,0,0.3,97.28016166107331,20260128-204820,1.0,0.0
293.7046081703286,2.248273916528007,25.718736527320573,-130.63559827438397,0,0,0.3,97.71873652732056,20260128-204820,1.0,0.0
289.1771469047495,2.052808104079078,20.094528944285656,-140.86905947522988,0,0,0.3,98.09452894428566,20260128-204820,1.0,0.0
284.32409765414934,1.8938072155247228,14.395225771185494,-150.13360141590275,0,0,0.3,98.39522577118548,20260128-204820,1.0,0.0
279.2419775979325,1.8040168781294121,14.663031565929117,-154.78900501611653,0,0,0.3,98.66303156592912,20260128-204820,1.0,0.0
274.005155490078,1.718814948034435,14.949744934723071,-159.41515740447733,0,0,0.3,98.94974493472307,20260128-204820,1.0,0.0
268.6146658701376,1.637810395893949,15.25697282788309,-164.00840203699067,0,0,0.3,99.2569728278831,20260128-204820,1.0,0.0
263.0716743442539,1.5606586838224967,15.586521745417485,-168.56451514428292,0,0,0.3,99.5865217454175,20260128-204820,1.0,0.0
257.3774982402935,1.4870556056820727,15.940428343918796,-173.07859723392207,0,0,0.3,99.9404283439188,20260128-204820,1.0,0.0
251.53363127347737,1.4167321876562602,16.320995786274267,-177.5449400141014,0,0,0.3,100.32099578627427,20260128-204820,1.0,0.0
245.5417731450001,1.3494504691152276,16.730837097568696,-181.956862267046,0,0,0.3,100.7308370975687,20260128-204820,1.0,0.0
239.40386524268843,1.2850000252364273,17.172927109003467,-186.30650625757028,0,0,0.3,101.17292710900345,20260128-204820,1.0,0.0
233.12213393441263,1.2231951265515695,17.650664979697808,-190.5845836646115,0,0,0.3,101.6506649796978,20260128-204820,1.0,0.0
226.6991433673907,1.163872459063691,18.16794981120097,-194.78005652764136,0,0,0.3,102.16794981120097,20260128-204820,1.0,0.0
220.03352621879102,1.0737973542420902,12.638623153001049,-204.91159281547635,0,0,0.3,102.63862315300103,20260128-204820,1.0,0.0
213.05642244619833,0.9983103992650144,6.957032627548074,-213.41701198650915,0,0,0.3,102.95703262754806,20260128-204820,1.0,0.0
205.82751386277332,0.9357507528424828,1.0958357697570023,-219.95976304324788,0,0,0.3,103.095835769757,20260128-204820,1.0,0.0
198.4185322117259,0.8851959584567544,-4.975713842726748,-224.15209910995037,0,0,0.3,103.02428615727327,20260128-204820,1.0,0.0
190.86490956335234,0.833241434396601,-5.173158002262312,-229.06315226818842,0,0,0.3,102.82684199773767,20260128-204820,1.0,0.0
183.14781034731493,0.7828159707405893,-5.391766250403691,-233.9602373902087,0,0,0.3,102.60823374959632,20260128-204820,1.0,0.0
175.2677498064713,0.7338283749402762,-5.634948309143681,-238.84024629156067,0,0,0.3,102.3650516908563,20260128-204820,1.0,0.0
167.30825229749072,0.7008351448776207,-5.903955456049857,-238.72697241332835,0,0,0.3,102.09604454395016,20260128-204820,1.0,0.0
159.3969958181518,0.6755655484961347,-6.19810388656623,-235.9460102324383,0,0,0.3,101.80189611343376,20260128-204820,1.0,0.0
151.57869300436144,0.6501357302924083,-6.5191492042346795,-233.1493039710133,0,0,0.3,101.48085079576532,20260128-204820,1.0,0.0
491.09171687187444,3.2812391072131333,-176.17886990413797,-149.66654389566116,0,0,1.2,-176.17886990413797,20260128-204820,0.0,0.0
486.1029462780135,3.2480560052256395,-176.1395953173964,-149.65965657487004,0,0,1.2,-176.1395953173964,20260128-204820,0.0,0.0
481.11440882618064,3.214876033057851,-176.09950625761812,-149.652553902231,0,0,1.2,-176.09950625761812,20260128-204820,0.0,0.0
476.1261118445042,3.1816992895461795,-176.05857716413993,-149.6452268160189,0,0,1.2,-176.05857716413993,20260128-204820,0.0,0.0
471.1380629711054,3.148525877732841,-176.01678139718354,-149.63766577340562,0,0,1.2,-176.01678139718354,20260128-204820,0.0,0.0
466.15027017064494,3.1153559050919757,-175.97409118039664,-149.6298607195195,0,0,1.2,-175.97409118039664,20260128-204820,0.0,0.0
461.1627417519387,3.0821894837705117,-175.93047753968978,-149.621801054161,0,0,1.2,-175.93047753968978,20260128-204820,0.0,0.0
456.1754863867252,3.049026730844913,-175.88591023808732,-149.61347559596987,0,0,1.2,-175.88591023808732,20260128-204820,0.0,0.0
451.1885131296732,3.015867768595041,-175.84035770628736,-149.60487254381908,0,0,1.2,-175.84035770628736,20260128-204820,0.0,0.0
446.2018314397256,2.982712724796484,-175.79378696859698,-149.59597943518708,0,0,1.2,-175.79378696859698,20260128-204820,0.0,0.0
441.2154512028849,2.9495617330328074,-175.74616356388083,-149.5867831012362,0,0,1.2,-175.74616356388083,20260128-204820,0.0,0.0
436.22938275655537,2.9164149330293534,-175.6974514611274,-149.5772696182957,0,0,1.2,-175.6974514611274,20260128-204820,0.0,0.0
431.24363691556687,2.883272471010314,-175.6476129692015,-149.56742425541793,0,0,1.2,-175.6476129692015,20260128-204820,0.0,0.0
426.2582250000172,2.8501345000810243,-175.59660864031113,-149.5572314176399,0,0,1.2,-175.59660864031113,20260128-204820,0.0,0.0
421.2731588650828,2.8170011806375443,-175.5443971666737,-149.54667458454531,0,0,1.2,-175.5443971666737,20260128-204820,0.0,0.0
416.28845093296223,2.7838726808058682,-175.49093526981645,-149.53573624367624,0,0,1.2,-175.49093526981645,20260128-204820,0.0,0.0
411.30411422713155,2.7507491769132564,-175.4361775818934,-149.52439781829727,0,0,1.2,-175.4361775818934,20260128-204820,0.0,0.0
406.3201624091097,2.71763085399449,-175.3800765183396,-149.51263958895777,0,0,1.2,-175.3800765183396,20260128-204820,0.0,0.0
401.3366098179498,2.684517906336088,-175.32258214111826,-149.50044060823802,0,0,1.2,-175.32258214111826,20260128-204820,0.0,0.0
396.3534715126957,2.6514105380618616,-175.2636420117416,-149.48777860799473,0,0,1.2,-175.2636420117416,20260128-204820,0.0,0.0
391.37076331806554,2.618308963763509,-175.20320103316445,-149.4746298983434,0,0,1.2,-175.20320103316445,20260128-204820,0.0,0.0
386.38850187365216,2.585213409180352,-175.1412012795573,-149.4609692575274,0,0,1.2,-175.1412012795573,20260128-204820,0.0,0.0
381.4067046869592,2.5521241119327245,-175.077581812864,-149.44676981172353,0,0,1.2,-175.077581812864,20260128-204820,0.0,0.0
376.42539019062633,2.5190413223140493,-175.0122784849347,-149.43200290372104,0,0,1.2,-175.0122784849347,20260128-204820,0.0,0.0
371.4445778042335,2.4859653041471224,-174.94522372389608,-149.4166379492845,0,0,1.2,-174.94522372389608,20260128-204820,0.0,0.0
366.46428800111653,2.4528963357107814,-174.87634630327952,-149.40064227986437,0,0,1.2,-174.87634630327952,20260128-204820,0.0,0.0
361.484542380674,2.4198347107438014,-174.8055710922652,-149.3839809701556,0,0,1.2,-174.8055710922652,20260128-204820,0.0,0.0
356.50536374669775,2.38678073953362,-174.73281878522113,-149.36661664881683,0,0,1.2,-174.73281878522113,20260128-204820,0.0,0.0
351.5267761923198,2.3537347500983867,-174.65800560851275,-149.34850929044825,0,0,1.2,-174.65800560851275,20260128-204820,0.0,0.0
346.5488051922345,2.3206970894717935,-174.5810430023297,-149.32961598668243,0,0,1.2,-174.5810430023297,20260128-204820,0.0,0.0
341.57147770293307,2.2876681251012805,-174.501837275019,-149.30989069396196,0,0,1.2,-174.501837275019,20260128-204820,0.0,0.0
336.59482227177125,2.2546482463714486,-174.42028922712163,-149.28928395525782,0,0,1.2,-174.42028922712163,20260128-204820,0.0,0.0
331.6188691557905,2.2216378662659655,-174.33629374197943,-149.26774259261316,0,0,1.2,-174.33629374197943,20260128-204820,0.0,0.0
326.6436504513218,2.1886374231828776,-174.24973933940512,-149.24520936697343,0,0,1.2,-174.24973933940512,20260128-204820,0.0,0.0
321.6692002355297,2.15564738292011,-174.16050768848257,-149.22162260127448,0,0,1.2,-174.16050768848257,20260128-204820,0.0,0.0
316.6955547211948,2.122668240850059,-174.06847307508022,-149.19691576219589,0,0,1.2,-174.06847307508022,20260128-204820,0.0,0.0
311.7227524261989,2.08970052430463,-173.97350181910966,-149.1710169953314,0,0,1.2,-173.97350181910966,20260128-204820,0.0,0.0
306.7508343593629,2.0567447951948696,-173.87545163592932,-149.14384860777017,0,0,1.4,-173.87545163592932,20260128-204820,0.0,0.0
301.779844224503,2.023801652892562,-173.77417093557423,-149.1153264911992,0,0,1.6,-173.77417093557423,20260128-204820,0.0,0.0
296.80982864481643,1.9908717374048654,-173.6694980526639,-149.08535947760905,0,0,1.6,-173.6694980526639,20260128-204820,0.0,0.0
291.8408374099918,1.9579557328773627,-173.5612603988909,-149.05384861848222,0,0,1.6,-173.5612603988909,20260128-204820,0.0,0.0
286.87292374876597,1.9250543714658548,-173.4492735288993,-149.02068637693765,0,0,1.8,-173.4492735288993,20260128-204820,0.0,0.0
281.9061446300263,1.8921684376229833,-173.33334010909863,-148.9857557206524,0,0,1.8,-173.33334010909863,20260128-204820,0.0,0.0
276.9405610959964,1.8592987728524921,-173.21324877750084,-148.94892910143793,0,0,2.0,-173.21324877750084,20260128-204820,0.0,0.0
271.976238631549,1.8264462809917352,-173.08877288097534,-148.91006730505626,0,0,2.0,-173.08877288097534,20260128-204820,0.0,0.0
267.0132475742829,1.7936119340922088,-172.9596690743524,-148.86901815214833,0,0,2.0,-172.9596690743524,20260128-204820,0.0,0.0
262.05166357068845,1.760796778978597,-172.8256757635177,-148.82561502793035,0,0,2.2,-172.8256757635177,20260128-204820,0.0,0.0
257.09156808453537,1.7280019445794847,-172.68651137196835,-148.77967521448565,0,0,2.2,-172.68651137196835,20260128-204820,0.0,0.0
252.13304896456015,1.695228650137741,-172.54187240717684,-148.73099799491578,0,0,2.2,-172.54187240717684,20260128-204820,0.0,0.0
247.17620107964538,1.6624782144262664,-172.39143129943994,-148.67936249314866,0,0,2.2,-172.39143129943994,20260128-204820,0.0,0.0
242.22112703099475,1.6297520661157026,-172.23483398157467,-148.62452520664485,0,0,2.2,-172.23483398157467,20260128-204820,0.0,0.0
237.2679379523607,1.597051755465682,-172.07169717273246,-148.5662171813437,0,0,2.2,-172.07169717273246,20260128-204820,0.0,0.0
232.3167544112247,1.5643789675410231,-171.9016053235773,-148.50414076864826,0,0,2.2,-171.9016053235773,20260128-204820,0.0,0.0
227.36770742602232,1.5317355371900825,-171.72410717292482,-148.43796589267671,0,0,2.2,-171.72410717292482,20260128-204820,0.0,0.0
222.42093961712618,1.499123466065615,-171.53871185742864,-148.36732574192862,0,0,2.2,-171.53871185742864,20260128-204820,0.0,0.0
217.47660651243686,1.4665449420206293,-171.34488450573755,-148.2918117823202,0,0,2.2,-171.34488450573755,20260128-204820,0.0,0.0
212.53487803220744,1.4340023612750887,-171.14204123637165,-148.21096796746227,0,0,2.1,-171.14204123637165,20260128-204820,0.0,0.0
207.59594018228125,1.4014983538265138,-170.92954346393165,-148.12428399611147,0,0,2.1,-170.92954346393165,20260128-204820,0.0,0.0
202.65999699044033,1.369035812672176,-170.7066914006029,-148.03118743466246,0,0,2.1,-170.7066914006029,20260128-204820,0.0,0.0
197.72727272727272,1.3366179275270182,-170.47271661854765,-147.93103448275863,0,0,2.1,-170.47271661854765,20260128-204820,0.0,0.0
192.79801446115903,1.3042482238654485,-170.2267735128206,-147.82309911050248,0,0,2.3,-170.2267735128206,20260128-204820,0.0,0.0
