dist,ttc,heading_err,approach_speed,ammo,mines,threat_density,threat_angle,session_id,fire,drop_mine
279.99999999999994,279999999.99999994,60.0,0.0,0,0,2.4,59.99999999999999,20260115-114632,0.0,0.0
279.99999999999994,279999999.99999994,60.0,0.0,0,0,2.4,59.99999999999999,20260115-114632,0.0,0.0
279.99999999999994,279999999.99999994,60.0,0.0,0,0,2.4,59.99999999999999,20260115-114632,0.0,0.0
279.99999999999994,279999999.99999994,60.0,0.0,0,0,2.4,59.99999999999999,20260115-114632,0.0,0.0
279.99999999999994,279999999.99999994,60.0,0.0,0,0,2.4,59.99999999999999,20260115-114632,0.0,0.0
279.99999999999994,279999999.99999994,60.0,0.0,0,0,2.4,59.99999999999999,20260115-114632,0.0,0.0
279.99999999999994,279999999.99999994,60.0,0.0,0,0,2.4,59.99999999999999,20260115-114632,0.0,0.0
279.99999999999994,279999999.99999994,60.0,0.0,0,0,2.4,59.99999999999999,20260115-114632,0.0,0.0
279.99999999999994,279999999.99999994,60.0,0.0,0,0,2.4,59.99999999999999,20260115-114632,0.0,0.0
279.99999999999994,279999999.99999994,60.0,0.0,0,0,2.4,59.99999999999999,20260115-114632,0.0,0.0
279.99999999999994,279999999.99999994,60.0,0.0,0,0,2.6,59.99999999999999,20260115-114632,0.0,0.0
279.99999999999994,279999999.99999994,60.0,0.0,0,0,2.6,59.99999999999999,20260115-114632,0.0,0.0
279.99999999999994,279999999.99999994,60.0,0.0,0,0,2.6,59.99999999999999,20260115-114632,0.0,0.0
279.99999999999994,279999999.99999994,60.0,0.0,0,0,2.6,59.99999999999999,20260115-114632,0.0,0.0
279.99999999999994,279999999.99999994,60.0,0.0,0,0,2.5,59.99999999999999,20260115-114632,0.0,0.0
279.99999999999994,279999999.99999994,60.0,0.0,0,0,2.5,59.99999999999999,20260115-114632,0.0,0.0
279.99999999999994,279999999.99999994,60.0,0.0,0,0,2.5,59.99999999999999,20260115-114632,0.0,0.0
279.99999999999994,279999999.99999994,60.0,0.0,0,0,2.4,59.99999999999999,20260115-114632,0.0,0.0
279.99999999999994,279999999.99999994,60.0,0.0,0,0,2.4,59.99999999999999,20260115-114632,0.0,0.0
279.99999999999994,279999999.99999994,60.0,0.0,0,0,2.4,59.99999999999999,20260115-114632,0.0,0.0
279.99999999999994,279999999.99999994,60.0,0.0,0,0,2.3,59.99999999999999,20260115-114632,0.0,0.0
279.99999999999994,279999999.99999994,60.0,0.0,0,0,2.3,59.99999999999999,20260115-114632,0.0,0.0
279.99999999999994,279999999.99999994,60.0,0.0,0,0,2.3,59.99999999999999,20260115-114632,0.0,0.0
279.99999999999994,279999999.99999994,60.0,0.0,0,0,2.3,59.99999999999999,20260115-114632,0.0,0.0
279.99999999999994,279999999.99999994,60.0,0.0,0,0,2.3,59.99999999999999,20260115-114632,0.0,0.0
279.99999999999994,279999999.99999994,60.0,0.0,0,0,2.3,59.99999999999999,20260115-114632,0.0,0.0
279.99999999999994,279999999.99999994,60.0,0.0,0,0,2.3,59.99999999999999,20260115-114632,0.0,0.0
279.99999999999994,279999999.99999994,60.0,0.0,0,0,2.3,59.99999999999999,20260115-114632,0.0,0.0
279.99999999999994,279999999.99999994,60.0,0.0,0,0,2.3,59.99999999999999,20260115-114632,0.0,0.0
279.99999999999994,279999999.99999994,60.0,0.0,0,0,2.3,59.99999999999999,20260115-114632,0.0,0.0
279.99999999999994,279999999.99999994,60.0,0.0,0,0,2.3,59.99999999999999,20260115-114632,0.0,0.0
279.99999999999994,279999999.99999994,60.0,0.0,0,0,2.3,59.99999999999999,20260115-114632,0.0,0.0
279.99999999999994,279999999.99999994,60.0,0.0,0,0,2.3,59.99999999999999,20260115-114632,0.0,0.0
279.99999999999994,279999999.99999994,60.0,0.0,0,0,2.3,59.99999999999999,20260115-114632,0.0,0.0
279.99999999999994,279999999.99999994,60.0,0.0,0,0,2.3,59.99999999999999,20260115-114632,0.0,0.0
279.99999999999994,279999999.99999994,60.0,0.0,0,0,2.3,59.99999999999999,20260115-114632,0.0,0.0
279.99999999999994,279999999.99999994,60.0,0.0,0,0,2.3,59.99999999999999,20260115-114632,0.0,0.0
279.99999999999994,279999999.99999994,60.0,0.0,0,0,2.3,59.99999999999999,20260115-114632,0.0,0.0
279.99999999999994,279999999.99999994,60.0,0.0,0,0,2.3,59.99999999999999,20260115-114632,0.0,0.0
279.99999999999994,279999999.99999994,60.0,0.0,0,0,2.3,59.99999999999999,20260115-114632,0.0,0.0
279.99999999999994,279999999.99999994,60.0,0.0,0,0,2.3,59.99999999999999,20260115-114632,0.0,0.0
279.99999999999994,279999999.99999994,60.0,0.0,0,0,2.3,59.99999999999999,20260115-114632,0.0,0.0
279.99999999999994,279999999.99999994,60.0,0.0,0,0,2.3,59.99999999999999,20260115-114632,0.0,0.0
279.99999999999994,279999999.99999994,60.0,0.0,0,0,2.3,59.99999999999999,20260115-114632,0.0,0.0
279.99999999999994,279999999.99999994,60.0,0.0,0,0,2.3,59.99999999999999,20260115-114632,0.0,0.0
279.99999999999994,279999999.99999994,60.0,0.0,0,0,2.3,59.99999999999999,20260115-114632,0.0,0.0
279.99999999999994,279999999.99999994,60.0,0.0,0,0,2.3,59.99999999999999,20260115-114632,0.0,0.0
279.99999999999994,279999999.99999994,60.0,0.0,0,0,2.3,59.99999999999999,20260115-114632,0.0,0.0
279.99999999999994,279999999.99999994,60.0,0.0,0,0,2.3,59.99999999999999,20260115-114632,0.0,0.0
279.99999999999994,279999999.99999994,60.0,0.0,0,0,2.3,59.99999999999999,20260115-114632,0.0,0.0
279.99999999999994,279999999.99999994,60.0,0.0,0,0,2.3,59.99999999999999,20260115-114632,0.0,0.0
279.99999999999994,279999999.99999994,60.0,0.0,0,0,2.3,59.99999999999999,20260115-114632,0.0,0.0
279.99999999999994,279999999.99999994,60.0,0.0,0,0,2.3,59.99999999999999,20260115-114632,0.0,0.0
279.99999999999994,279999999.99999994,60.0,0.0,0,0,2.3,59.99999999999999,20260115-114632,0.0,0.0
279.99999999999994,279999999.99999994,60.0,0.0,0,0,2.3,59.99999999999999,20260115-114632,0.0,0.0
279.99999999999994,279999999.99999994,60.0,0.0,0,0,2.3,59.99999999999999,20260115-114632,0.0,0.0
279.99999999999994,279999999.99999994,60.0,0.0,0,0,2.3,59.99999999999999,20260115-114632,0.0,0.0
279.99999999999994,279999999.99999994,60.0,0.0,0,0,2.3,59.99999999999999,20260115-114632,0.0,0.0
279.99999999999994,279999999.99999994,60.0,0.0,0,0,2.3,59.99999999999999,20260115-114632,0.0,0.0
279.99999999999994,279999999.99999994,60.0,0.0,0,0,2.3,59.99999999999999,20260115-114632,0.0,0.0
279.99999999999994,279999999.99999994,60.0,0.0,0,0,2.3,59.99999999999999,20260115-114632,0.0,0.0
279.99999999999994,279999999.99999994,60.0,0.0,0,0,2.3,59.99999999999999,20260115-114632,0.0,0.0
279.99999999999994,279999999.99999994,60.0,0.0,0,0,2.3,59.99999999999999,20260115-114632,0.0,0.0
279.99999999999994,279999999.99999994,60.0,0.0,0,0,2.3,59.99999999999999,20260115-114632,0.0,0.0
279.99999999999994,279999999.99999994,60.0,0.0,0,0,2.3,59.99999999999999,20260115-114632,0.0,0.0
279.99999999999994,279999999.99999994,60.0,0.0,0,0,2.3,59.99999999999999,20260115-114632,0.0,0.0
279.99999999999994,279999999.99999994,60.0,0.0,0,0,2.3,59.99999999999999,20260115-114632,0.0,0.0
279.99999999999994,279999999.99999994,60.0,0.0,0,0,2.3,59.99999999999999,20260115-114632,0.0,0.0
279.99999999999994,279999999.99999994,60.0,0.0,0,0,2.3,59.99999999999999,20260115-114632,0.0,0.0
279.99999999999994,279999999.99999994,60.0,0.0,0,0,2.3,59.99999999999999,20260115-114632,0.0,0.0
279.99999999999994,279999999.99999994,60.0,0.0,0,0,2.3,59.99999999999999,20260115-114632,0.0,0.0
279.99999999999994,279999999.99999994,60.0,0.0,0,0,2.3,59.99999999999999,20260115-114632,0.0,0.0
279.99999999999994,279999999.99999994,60.0,0.0,0,0,2.3,59.99999999999999,20260115-114632,0.0,0.0
279.99999999999994,279999999.99999994,60.0,0.0,0,0,2.3,59.99999999999999,20260115-114632,0.0,0.0
279.99999999999994,279999999.99999994,60.0,0.0,0,0,2.3,59.99999999999999,20260115-114632,0.0,0.0
279.99999999999994,279999999.99999994,60.0,0.0,0,0,2.3,59.99999999999999,20260115-114632,0.0,0.0
279.99999999999994,279999999.99999994,60.0,0.0,0,0,2.3,59.99999999999999,20260115-114632,0.0,0.0
279.99999999999994,279999999.99999994,60.0,0.0,0,0,2.3,59.99999999999999,20260115-114632,0.0,0.0
279.99999999999994,279999999.99999994,60.0,0.0,0,0,2.3,59.99999999999999,20260115-114632,0.0,0.0
279.99999999999994,279999999.99999994,60.0,0.0,0,0,2.3,59.99999999999999,20260115-114632,0.0,0.0
279.99999999999994,279999999.99999994,60.0,0.0,0,0,2.3,59.99999999999999,20260115-114632,0.0,0.0
279.99999999999994,279999999.99999994,60.0,0.0,0,0,2.3,59.99999999999999,20260115-114632,0.0,0.0
279.99999999999994,279999999.99999994,60.0,0.0,0,0,2.3,59.99999999999999,20260115-114632,0.0,0.0
279.99999999999994,279999999.99999994,60.0,0.0,0,0,2.3,59.99999999999999,20260115-114632,0.0,0.0
279.99999999999994,279999999.99999994,60.0,0.0,0,0,2.3,59.99999999999999,20260115-114632,0.0,0.0
279.99999999999994,279999999.99999994,60.0,0.0,0,0,2.3,59.99999999999999,20260115-114632,0.0,0.0
279.99999999999994,279999999.99999994,60.0,0.0,0,0,2.3,59.99999999999999,20260115-114632,0.0,0.0
279.99999999999994,279999999.99999994,60.0,0.0,0,0,2.3,59.99999999999999,20260115-114632,0.0,0.0
279.99999999999994,279999999.99999994,60.0,0.0,0,0,2.3,59.99999999999999,20260115-114632,0.0,0.0
279.99999999999994,279999999.99999994,60.0,0.0,0,0,2.3,59.99999999999999,20260115-114632,0.0,0.0
279.99999999999994,279999999.99999994,60.0,0.0,0,0,2.3,59.99999999999999,20260115-114632,0.0,0.0
279.99999999999994,279999999.99999994,60.0,0.0,0,0,2.3,59.99999999999999,20260115-114632,0.0,0.0
279.99999999999994,279999999.99999994,60.0,0.0,0,0,2.3,59.99999999999999,20260115-114632,0.0,0.0
279.99999999999994,279999999.99999994,60.0,0.0,0,0,2.3,59.99999999999999,20260115-114632,0.0,0.0
279.99999999999994,279999999.99999994,60.0,0.0,0,0,2.3,59.99999999999999,20260115-114632,0.0,0.0
279.99999999999994,279999999.99999994,60.0,0.0,0,0,2.3,59.99999999999999,20260115-114632,0.0,0.0
279.99999999999994,279999999.99999994,60.0,0.0,0,0,2.3,59.99999999999999,20260115-114632,0.0,0.0
279.99999999999994,279999999.99999994,60.0,0.0,0,0,2.3,59.99999999999999,20260115-114632,0.0,0.0
279.99999999999994,279999999.99999994,60.0,0.0,0,0,2.3,59.99999999999999,20260115-114632,0.0,0.0
279.99999999999994,279999999.99999994,60.0,0.0,0,0,2.3,59.99999999999999,20260115-114632,0.0,0.0
279.99999999999994,279999999.99999994,60.0,0.0,0,0,2.3,59.99999999999999,20260115-114632,0.0,0.0
279.99999999999994,279999999.99999994,60.0,0.0,0,0,2.3,59.99999999999999,20260115-114632,0.0,0.0
279.99999999999994,279999999.99999994,60.0,0.0,0,0,2.3,59.99999999999999,20260115-114632,0.0,0.0
279.99999999999994,279999999.99999994,60.0,0.0,0,0,2.3,59.99999999999999,20260115-114632,0.0,0.0
279.99999999999994,279999999.99999994,60.0,0.0,0,0,2.3,59.99999999999999,20260115-114632,0.0,0.0
279.99999999999994,279999999.99999994,60.0,0.0,0,0,2.3,59.99999999999999,20260115-114632,0.0,0.0
279.99999999999994,279999999.99999994,60.0,0.0,0,0,2.3,59.99999999999999,20260115-114632,0.0,0.0
279.99999999999994,279999999.99999994,60.0,0.0,0,0,2.3,59.99999999999999,20260115-114632,0.0,0.0
279.99999999999994,279999999.99999994,60.0,0.0,0,0,2.3,59.99999999999999,20260115-114632,0.0,0.0
279.99999999999994,279999999.99999994,60.0,0.0,0,0,2.3,59.99999999999999,20260115-114632,0.0,0.0
279.99999999999994,279999999.99999994,60.0,0.0,0,0,2.3,59.99999999999999,20260115-114632,0.0,0.0
279.99999999999994,279999999.99999994,60.0,0.0,0,0,2.3,59.99999999999999,20260115-114632,0.0,0.0
279.99999999999994,279999999.99999994,60.0,0.0,0,0,2.3,59.99999999999999,20260115-114632,0.0,0.0
279.99999999999994,279999999.99999994,60.0,0.0,0,0,2.3,59.99999999999999,20260115-114632,0.0,0.0
279.99999999999994,279999999.99999994,60.0,0.0,0,0,2.3,59.99999999999999,20260115-114632,0.0,0.0
279.99999999999994,279999999.99999994,60.0,0.0,0,0,2.3,59.99999999999999,20260115-114632,0.0,0.0
279.99999999999994,279999999.99999994,60.0,0.0,0,0,2.3,59.99999999999999,20260115-114632,0.0,0.0
279.99999999999994,279999999.99999994,60.0,0.0,0,0,2.3,59.99999999999999,20260115-114632,0.0,0.0
279.99999999999994,279999999.99999994,60.0,0.0,0,0,2.3,59.99999999999999,20260115-114632,0.0,0.0
279.99999999999994,279999999.99999994,66.0,0.0,0,0,2.3,59.99999999999999,20260115-114632,0.0,0.0
279.99999999999994,279999999.99999994,72.0,0.0,0,0,2.3,59.99999999999999,20260115-114632,0.0,0.0
279.99999999999994,279999999.99999994,78.0,0.0,0,0,2.3,59.99999999999999,20260115-114632,0.0,0.0
279.99999999999994,279999999.99999994,84.0,0.0,0,0,2.3,59.99999999999999,20260115-114632,0.0,0.0
279.99999999999994,279999999.99999994,90.0,0.0,0,0,2.3,59.99999999999999,20260115-114632,0.0,0.0
279.99999999999994,279999999.99999994,96.0,0.0,0,0,2.3,59.99999999999999,20260115-114632,0.0,0.0
279.99999999999994,279999999.99999994,102.0,0.0,0,0,2.3,59.99999999999999,20260115-114632,0.0,0.0
279.99999999999994,279999999.99999994,108.0,0.0,0,0,2.3,59.99999999999999,20260115-114632,0.0,0.0
279.99999999999994,279999999.99999994,114.0,0.0,0,0,2.3,59.99999999999999,20260115-114632,0.0,0.0
279.99999999999994,279999999.99999994,120.0,0.0,0,0,2.3,59.99999999999999,20260115-114632,0.0,0.0
279.99999999999994,279999999.99999994,126.0,0.0,0,0,2.3,59.99999999999999,20260115-114632,0.0,0.0
279.99999999999994,279999999.99999994,132.0,0.0,0,0,2.3,59.99999999999999,20260115-114632,0.0,0.0
279.99999999999994,279999999.99999994,138.0,0.0,0,0,2.3,59.99999999999999,20260115-114632,0.0,0.0
279.99999999999994,279999999.99999994,144.0,0.0,0,0,2.3,59.99999999999999,20260115-114632,0.0,0.0
279.99999999999994,279999999.99999994,150.0,0.0,0,0,2.3,59.99999999999999,20260115-114632,0.0,0.0
279.99999999999994,279999999.99999994,156.0,0.0,0,0,2.3,59.99999999999999,20260115-114632,0.0,0.0
279.99999999999994,279999999.99999994,162.0,0.0,0,0,2.3,59.99999999999999,20260115-114632,0.0,0.0
279.99999999999994,279999999.99999994,168.0,0.0,0,0,2.3,59.99999999999999,20260115-114632,0.0,0.0
279.99999999999994,279999999.99999994,168.0,0.0,0,0,2.3,59.99999999999999,20260115-114632,0.0,0.0
279.99999999999994,279999999.99999994,168.0,0.0,0,0,2.3,59.99999999999999,20260115-114632,0.0,0.0
279.91678090608025,56.06023049911904,3.000892714553686,-4.993143595984305,0,0,2.3,-104.99910728544631,20260115-114632,0.0,0.0
279.6671240325247,28.005184016390352,3.003574045896926,-9.986262681539474,0,0,2.3,-104.99642595410307,20260115-114632,0.0,0.0
279.2510306075934,18.642421490068042,3.0080535855486232,-14.979332526966386,0,0,2.3,-104.99194641445139,20260115-114632,0.0,0.0
278.6685026906121,13.952730159634845,3.0143474147569123,-19.972327960358484,0,0,2.3,-104.9856525852431,20260115-114632,0.0,0.0
277.9195431905262,11.132267541244815,3.022478249250355,-24.965223137230595,0,0,2.3,-104.97752175074963,20260115-114632,0.0,0.0
277.004155892312,9.246419532270346,3.032475645288457,-29.957991298746204,0,0,2.3,-104.96752435471153,20260115-114632,0.0,0.0
275.9223454916962,7.894637283858532,3.0443762705209565,-34.950604514263155,0,0,2.3,-104.95562372947907,20260115-114632,0.0,0.0
274.6741176387832,6.876646419519003,3.058224244330063,-39.94303340348211,0,0,2.3,-104.94177575566994,20260115-114632,0.0,0.0
273.2594789913567,6.081183441753242,3.0740715536271637,-44.935246832904994,0,0,2.3,-104.92592844637281,20260115-114632,0.0,0.0
271.67686846861864,5.440629387702934,-2.9258036071589686,-49.9348235486634,0,0,2.3,-104.92580360715898,20260115-114632,0.0,0.0
269.93722646197085,4.968640343569605,-8.96444153575004,-54.328187954139715,0,0,2.3,-104.96444153575003,20260115-114632,0.0,0.0
268.0636509854029,4.626407459379201,-15.049632717277234,-57.942075647044994,0,0,2.3,-105.04963271727723,20260115-114632,0.0,0.0
266.0849827594724,4.390434479261987,-21.1888621592513,-60.605615233825354,0,0,2.3,-105.18886215925129,20260115-114632,0.0,0.0
264.03567942601006,4.248143346893827,-27.38911746747931,-62.153194434709604,0,0,2.3,-105.38911746747932,20260115-114632,0.0,0.0
261.78280511002566,3.6620802552461753,-17.611551830446956,-71.48472640243322,0,0,2.3,-89.61155183044698,20260115-114632,0.0,0.0
259.3680488018467,3.543780852828554,-23.812654999742676,-73.1896411130575,0,0,2.3,-89.81265499974266,20260115-114632,0.0,0.0
256.9184870359455,3.4933168663423992,-30.08945491835624,-73.54571510855995,0,0,2.3,-90.08945491835622,20260115-114632,0.0,0.0
254.58709147687242,3.8432622097198252,-36.431818248801676,-66.24244654268122,0,0,2.3,-90.43181824880166,20260115-114632,0.0,0.0
252.50793729779727,4.321227153638544,-42.82063707141026,-58.434312365454204,0,0,2.3,-90.82063707141025,20260115-114632,0.0,0.0
250.23382447928753,3.8518587743817814,-32.467728167709254,-64.96443383219567,0,0,2.3,-74.46772816770924,20260115-114632,0.0,0.0
248.1844155059958,4.284472246659802,-38.805294301196795,-57.92648457449613,0,0,2.3,-74.80529430119682,20260115-114632,0.0,0.0
246.37621647143794,4.877329374918962,-45.18220759061313,-50.51457417216805,0,0,2.3,-75.18220759061313,20260115-114632,0.0,0.0
244.81938728964334,5.711023598324231,-51.5908151903738,-42.86786476621809,0,0,2.3,-75.59081519037382,20260115-114632,0.0,0.0
243.5193860851342,6.932210190897631,-58.02304855607139,-35.12867893199321,0,0,2.3,-76.0230485560714,20260115-114632,0.0,0.0
242.0962951306771,5.588099298486729,-47.1192592549412,-43.323549242626626,0,0,2.3,-59.1192592549412,20260115-114632,0.0,0.0
240.76932617679566,6.635403498119074,-53.49840016522887,-36.28555915929545,0,0,2.3,-59.49840016522889,20260115-114632,0.0,0.0
239.67712329229326,8.191411753751824,-59.894585123016796,-29.259562392589594,0,0,2.3,-59.894585123016796,20260115-114632,0.0,0.0
238.81711445531306,10.673385230120985,-66.30009179575275,-22.375011236487154,0,0,2.3,-60.30009179575275,20260115-114632,0.0,0.0
238.1825200308437,15.118530891209579,-72.70738841605328,-15.754342914980649,0,0,2.3,-60.70738841605327,20260115-114632,0.0,0.0
237.76264145292436,25.00198396036658,-79.10933520291333,-9.509750979355411,0,0,2.3,-61.10933520291333,20260115-114632,0.0,0.0
237.35546523550056,13.17401427156451,-67.79151927910242,-18.016943077693576,0,0,2.3,-43.79151927910242,20260115-114632,0.0,0.0
236.8513176809272,19.264281304732588,-74.14410937194162,-12.294843183313606,0,0,2.3,-44.144109371941624,20260115-114632,0.0,0.0
236.5311009918429,33.80943581978427,-80.48765873372696,-6.996008518232415,0,0,2.3,-44.48765873372696,20260115-114632,0.0,0.0
236.37929373482936,107.31016598783232,-86.81661654149967,-2.202767012415505,0,0,2.3,-44.81661654149967,20260115-114632,0.0,0.0
236.3778808474991,117.14589905632411,-93.12619569937013,2.0178075609274884,0,0,2.3,-45.126195699370136,20260115-114632,0.0,0.0
236.50688036064773,42.1213700312538,-99.41245963242955,5.614890498223612,0,0,2.3,-45.41245963242955,20260115-114632,0.0,0.0
236.74489342311196,27.675493483811927,-105.67237575888367,8.554315158339989,0,0,2.3,-45.67237575888367,20260115-114632,0.0,0.0
237.06965886661246,21.913463800367268,-111.90383689746103,10.81844755472383,0,0,2.3,-45.903836897461034,20260115-114632,1.0,0.0
237.41523567847463,23.95317720581418,-112.11033221849016,9.911638595519872,0,0,2.3,-46.11033221849015,20260115-114632,1.0,0.0
237.73014878393383,26.47597682297278,-112.29640588798858,8.979088868882043,0,0,2.3,-46.29640588798858,20260115-114632,1.0,0.0
237.85041257407056,135.62103740550302,-94.79056033369605,1.7537870018122974,0,0,2.3,-28.790560333696046,20260115-114632,1.0,0.0
237.9060573237009,150.45502335818426,-94.94788882353183,1.5812436967114372,0,0,2.3,-28.94788882353182,20260115-114632,1.0,0.0
237.9556018395461,171.4041865136442,-95.08382447596603,1.3882718192569015,0,0,2.3,-29.08382447596602,20260115-114632,1.0,0.0
237.99841500726626,202.0599707825091,-95.19839238116649,1.1778602861594993,0,0,2.3,-29.19839238116648,20260115-114632,1.0,0.0
238.0339652107327,249.77587563927366,-95.29161460638323,0.9529902141330149,0,0,2.3,-29.291614606383227,20260115-114632,1.0,0.0
238.06182008741612,332.19355375380644,-95.36350972799455,0.7166358810919229,0,0,2.3,-29.363509727994554,20260115-114632,1.0,0.0
238.0816463193622,504.6605740095116,-95.41409245230884,0.4717658929204859,0,0,2.3,-29.414092452308843,20260115-114632,1.0,0.0
238.0932094658843,1075.6680013137136,-95.44337332411177,0.2213445125959878,0,0,2.3,-29.443373324111782,20260115-114632,1.0,0.0
238.096439816368,238096439.816368,-95.45152487817725,0.0,0,0,2.5,-29.45152487817725,20260115-114632,1.0,0.0
238.096439816368,238096439.816368,-95.45152487817725,0.0,0,0,2.5,-29.45152487817725,20260115-114632,1.0,0.0
238.096439816368,238096439.816368,-95.45152487817725,0.0,0,0,2.5,-29.45152487817725,20260115-114632,1.0,0.0
238.096439816368,238096439.816368,-95.45152487817725,0.0,0,0,2.5,-29.45152487817725,20260115-114632,1.0,0.0
238.096439816368,238096439.816368,-95.45152487817725,0.0,0,0,2.5,-29.45152487817725,20260115-114632,1.0,0.0
238.096439816368,238096439.816368,-95.45152487817725,0.0,0,0,2.5,-29.45152487817725,20260115-114632,1.0,0.0
238.096439816368,238096439.816368,-95.45152487817725,0.0,0,0,2.5,-29.45152487817725,20260115-114632,1.0,0.0
238.096439816368,238096439.816368,-101.45152487817725,0.0,0,0,2.5,-29.45152487817725,20260115-114632,1.0,0.0
238.096439816368,238096439.816368,-107.45152487817725,0.0,0,0,2.5,-29.45152487817725,20260115-114632,1.0,0.0
238.096439816368,238096439.816368,-113.45152487817725,0.0,0,0,2.5,-29.45152487817725,20260115-114632,0.0,0.0
238.096439816368,238096439.816368,-119.45152487817725,0.0,0,0,2.5,-29.45152487817725,20260115-114632,0.0,0.0
238.096439816368,238096439.816368,-125.45152487817725,0.0,0,0,2.5,-29.45152487817725,20260115-114632,0.0,0.0
238.096439816368,238096439.816368,-131.45152487817725,0.0,0,0,2.5,-29.45152487817725,20260115-114632,0.0,0.0
238.096439816368,238096439.816368,-137.45152487817725,0.0,0,0,2.5,-29.45152487817725,20260115-114632,0.0,0.0
238.096439816368,238096439.816368,-143.45152487817725,0.0,0,0,2.5,-29.45152487817725,20260115-114632,0.0,0.0
238.096439816368,238096439.816368,-149.45152487817725,0.0,0,0,2.5,-29.45152487817725,20260115-114632,0.0,0.0
238.096439816368,238096439.816368,-155.45152487817725,0.0,0,0,2.5,-29.45152487817725,20260115-114632,0.0,0.0
238.096439816368,238096439.816368,-161.45152487817725,0.0,0,0,2.5,-29.45152487817725,20260115-114632,0.0,0.0
238.096439816368,238096439.816368,-167.45152487817725,0.0,0,0,2.5,-29.45152487817725,20260115-114632,0.0,0.0
238.096439816368,238096439.816368,-173.45152487817725,0.0,0,0,2.5,-29.45152487817725,20260115-114632,0.0,0.0
238.096439816368,238096439.816368,-179.45152487817725,0.0,0,0,2.5,-29.45152487817725,20260115-114632,0.0,0.0
238.096439816368,238096439.816368,174.54847512182278,0.0,0,0,2.5,-29.45152487817725,20260115-114632,0.0,0.0
238.096439816368,238096439.816368,168.54847512182278,0.0,0,0,2.5,-29.45152487817725,20260115-114632,0.0,0.0
238.096439816368,238096439.816368,162.54847512182278,0.0,0,0,2.5,-29.45152487817725,20260115-114632,0.0,0.0
238.096439816368,238096439.816368,156.54847512182278,0.0,0,0,2.5,-29.45152487817725,20260115-114632,0.0,0.0
238.096439816368,238096439.816368,150.54847512182278,0.0,0,0,2.5,-29.45152487817725,20260115-114632,0.0,0.0
238.096439816368,238096439.816368,144.54847512182278,0.0,0,0,2.5,-29.45152487817725,20260115-114632,0.0,0.0
238.096439816368,238096439.816368,138.54847512182278,0.0,0,0,2.5,-29.45152487817725,20260115-114632,0.0,0.0
238.096439816368,238096439.816368,132.54847512182278,0.0,0,0,2.5,-29.45152487817725,20260115-114632,0.0,0.0
238.096439816368,238096439.816368,132.54847512182278,0.0,0,0,2.5,-29.45152487817725,20260115-114632,0.0,0.0
238.096439816368,238096439.816368,138.54847512182278,0.0,0,0,2.5,-29.45152487817725,20260115-114632,0.0,0.0
238.096439816368,238096439.816368,144.54847512182278,0.0,0,0,2.5,-29.45152487817725,20260115-114632,0.0,0.0
238.096439816368,238096439.816368,150.54847512182278,0.0,0,0,2.5,-29.45152487817725,20260115-114632,0.0,0.0
238.096439816368,238096439.816368,156.54847512182278,0.0,0,0,2.5,-29.45152487817725,20260115-114632,0.0,0.0
238.096439816368,238096439.816368,162.54847512182278,0.0,0,0,2.5,-29.45152487817725,20260115-114632,0.0,0.0
238.096439816368,238096439.816368,168.54847512182278,0.0,0,0,2.5,-29.45152487817725,20260115-114632,0.0,0.0
238.096439816368,238096439.816368,174.54847512182278,0.0,0,0,2.5,-29.45152487817725,20260115-114632,0.0,0.0
238.096439816368,238096439.816368,-179.45152487817725,0.0,0,0,2.5,-29.45152487817725,20260115-114632,0.0,0.0
238.096439816368,238096439.816368,-173.45152487817725,0.0,0,0,2.5,-29.45152487817725,20260115-114632,0.0,0.0
238.096439816368,238096439.816368,-167.45152487817725,0.0,0,0,2.5,-29.45152487817725,20260115-114632,0.0,0.0
238.096439816368,238096439.816368,-161.45152487817725,0.0,0,0,2.5,-29.45152487817725,20260115-114632,0.0,0.0
238.096439816368,238096439.816368,-155.45152487817725,0.0,0,0,2.5,-29.45152487817725,20260115-114632,0.0,0.0
238.096439816368,238096439.816368,-149.45152487817725,0.0,0,0,2.5,-29.45152487817725,20260115-114632,0.0,0.0
238.096439816368,238096439.816368,-143.45152487817725,0.0,0,0,2.5,-29.45152487817725,20260115-114632,0.0,0.0
238.096439816368,238096439.816368,-137.45152487817725,0.0,0,0,2.5,-29.45152487817725,20260115-114632,0.0,0.0
238.096439816368,238096439.816368,-131.45152487817725,0.0,0,0,2.5,-29.45152487817725,20260115-114632,0.0,0.0
238.096439816368,238096439.816368,-125.45152487817725,0.0,0,0,2.5,-29.45152487817725,20260115-114632,0.0,0.0
238.144783988713,82.08405518335363,-125.46785721042383,2.9012307378913214,0,0,2.5,-29.467857210423837,20260115-114632,0.0,0.0
238.28993251450729,41.01786328802423,-125.51681442663485,5.80941846827208,0,0,2.5,-29.516814426634852,20260115-114632,0.0,0.0
238.53223271382487,27.3186552501918,-125.5982772688958,8.73147783188011,0,0,2.5,-29.598277268895806,20260115-114632,0.0,0.0
238.87226110354268,20.461484543362353,-125.71204725556464,11.67423901219485,0,0,2.5,-29.71204725556465,20260115-114632,0.0,0.0
239.31081988688274,16.341449275589085,-125.85784711273799,14.644406126472889,0,0,2.5,-29.857847112737986,20260115-114632,0.0,0.0
239.84893206783565,13.590317000055268,-126.03532139620232,17.64851637138856,0,0,2.5,-30.03532139620232,20260115-114632,0.0,0.0
240.48783522006534,11.621755915647759,-126.24403732087526,20.69290019215322,0,0,2.5,-30.244037320875265,20260115-114632,0.0,0.0
241.22897394907093,10.142642000428404,-126.48348581834414,23.78364275687557,0,0,2.5,-30.483485818344132,20260115-114632,0.0,0.0
242.0739910959995,8.990160929707798,-126.75308284581128,26.926547031663368,0,0,2.5,-30.75308284581128,20260115-114632,0.0,0.0
243.02471774157746,8.066648555716828,-127.05217097139978,30.127098765118014,0,0,2.5,-31.05217097139978,20260115-114632,0.0,0.0
243.74429689351658,12.867895620651542,-110.14522714259371,18.94204803016385,0,0,2.5,-14.14522714259371,20260115-114632,0.0,0.0
244.41102249271117,11.595439761892884,-110.56705565752807,21.07820207871207,0,0,2.5,-14.567055657528078,20260115-114632,0.0,0.0
245.15066440408347,10.513273001903757,-111.0229352527037,23.318205886947982,0,0,2.5,-15.022935252703707,20260115-114632,0.0,0.0
245.96679984693262,9.582280364783864,-111.51217181028633,25.668921225775527,0,0,2.5,-15.512171810286327,20260115-114632,0.0,0.0
246.83768325405484,37.719784965850806,-95.00560092527381,6.5439843699407785,0,0,2.5,0.9943990747261944,20260115-114632,0.0,0.0
247.07648985948566,31.636110633480566,-95.60238884008778,7.809951505163977,0,0,2.5,0.39761115991221196,20260115-114632,0.0,0.0
247.50399532308248,13.743886668370232,-102.23151129387675,18.00829716478096,0,0,2.5,-0.23151129387674926,20260115-114632,0.0,0.0
248.25018237733426,9.331167584579505,-108.85234741226714,26.604407232765528,0,0,2.5,-0.8523474122671406,20260115-114632,0.0,0.0
249.26657529318638,7.286956800236208,-115.42818181899638,34.20722561235801,0,0,2.5,-1.4281818189963855,20260115-114632,0.0,0.0
250.18331964548435,109.57048707824111,-88.3007380459299,-2.283309368396215,0,0,2.5,31.699261954070096,20260115-114632,0.0,0.0
250.25246589495944,39.59291946687965,-94.8778068629817,6.320636852867118,0,0,2.5,31.1221931370183,20260115-114632,0.0,0.0
250.5966429262684,17.646883936678414,-101.42868852980445,14.200617164224234,0,0,2.5,30.571311470195557,20260115-114632,0.0,0.0
251.19005561404535,11.814720357578928,-107.94639737721732,21.260770294314373,0,0,2.5,30.05360262278267,20260115-114632,0.0,0.0
252.00410995258392,9.187459097580712,-114.42518156165819,27.42914088389715,0,0,2.5,29.574818438341804,20260115-114632,0.0,0.0
252.93867502174106,16.142777991747682,-104.24729310530147,15.6688443061687,0,0,2.5,45.752706894698534,20260115-114632,0.0,0.0
253.56146618355083,11.76208898245698,-110.69553619292911,21.557519804665212,0,0,2.5,45.30446380707089,20260115-114632,0.0,0.0
254.36619461791432,9.57034807404626,-117.10564932876704,26.578572968283954,0,0,2.5,44.894350671232964,20260115-114632,0.0,0.0
255.32340933003425,8.315702930202404,-123.47442329084787,30.703767495434047,0,0,2.5,44.52557670915213,20260115-114632,0.0,0.0
256.4030688952266,7.557786406329952,-129.7998161434607,33.92568340916312,0,0,2.5,44.2001838565393,20260115-114632,0.0,0.0
257.57520962407943,7.104327495767293,-136.08089595899156,36.256100211813276,0,0,2.5,43.91910404100845,20260115-114632,0.0,0.0
258.6721055615556,16.030165584876702,-109.78732220044598,16.136583505138212,0,0,2.5,76.21267779955402,20260115-114632,0.0,0.0
259.27320660842827,13.095526683641591,-116.10190827048024,19.79860855327812,0,0,2.5,75.89809172951976,20260115-114632,0.0,0.0
259.9832458689969,11.467051826929497,-122.3821471251182,22.672195939539236,0,0,2.5,75.6178528748818,20260115-114632,0.0,0.0
260.77596945978195,10.531380489676991,-128.6269505151722,24.761803043333042,0,0,2.5,75.37304948482777,20260115-114632,0.0,0.0
261.6255452573522,10.028570341348168,-134.83613886705638,26.088020161623675,0,0,2.5,75.16386113294362,20260115-114632,0.0,0.0
262.5070736993928,9.836912536379113,-141.010369418843,26.68592129172468,0,0,2.5,74.989630581157,20260115-114632,0.0,0.0
263.39704104666686,9.900924374385772,-147.15105139041736,26.60327774324681,0,0,2.5,74.84894860958264,20260115-114632,0.0,0.0
264.2737120951908,10.204120625077925,-153.26025337392375,25.8987248196287,0,0,2.5,74.73974662607625,20260115-114632,0.0,0.0
265.11746198028294,10.759658970118073,-159.34060724968384,24.639950273198448,0,0,2.5,74.65939275031617,20260115-114632,0.0,0.0
265.91104864299433,11.61084659874962,-165.3952119441732,22.901951755320795,0,0,2.5,74.60478805582679,20260115-114632,0.0,0.0
266.5773748820675,13.93150546185918,-155.66944620089345,19.134857723157534,0,0,2.5,90.33055379910655,20260115-114632,0.0,0.0
267.1875690590976,15.348362269915853,-161.7207125456062,17.408213616563433,0,0,2.5,90.27928745439378,20260115-114632,0.0,0.0
267.73379354176694,17.48737701475834,-167.75281517369785,15.31011731009259,0,0,2.7,90.24718482630215,20260115-114632,0.0,0.0
268.2050333852638,20.753746908155726,-173.7693726151629,12.92321018330746,0,0,2.7,90.2306273848371,20260115-114632,0.0,0.0
268.59308411293506,25.99308093905659,-179.7742107049391,10.333253096956023,0,0,2.7,90.22578929506092,20260115-114632,0.0,0.0
268.89263350648486,35.251634500037206,174.22871677498387,7.627806123605448,0,0,2.7,90.22871677498385,20260115-114632,0.0,0.0
269.1013004262944,54.97509070464769,168.23540472393535,4.894967829558198,0,0,2.7,90.23540472393536,20260115-114632,0.0,0.0
269.2196323507709,121.15244926625098,162.24187110044318,2.2221559199279555,0,0,2.7,90.24187110044316,20260115-114632,0.0,0.0
269.25169950478625,269251699.50478625,156.2442885895656,0.0,0,0,2.7,90.24428858956563,20260115-114632,0.0,0.0
269.25169950478625,269251699.50478625,150.2442885895656,0.0,0,0,2.7,90.24428858956563,20260115-114632,0.0,0.0
269.25169950478625,269251699.50478625,144.2442885895656,0.0,0,0,2.7,90.24428858956563,20260115-114632,0.0,0.0
269.25169950478625,269251699.50478625,138.2442885895656,0.0,0,0,2.7,90.24428858956563,20260115-114632,0.0,0.0
269.25169950478625,269251699.50478625,132.2442885895656,0.0,0,0,2.7,90.24428858956563,20260115-114632,0.0,0.0
269.25169950478625,269251699.50478625,126.2442885895656,0.0,0,0,2.7,90.24428858956563,20260115-114632,0.0,0.0
269.25169950478625,269251699.50478625,120.2442885895656,0.0,0,0,2.7,90.24428858956563,20260115-114632,0.0,0.0
269.25169950478625,269251699.50478625,114.2442885895656,0.0,0,0,2.7,90.24428858956563,20260115-114632,0.0,0.0
269.25169950478625,269251699.50478625,108.2442885895656,0.0,0,0,2.7,90.24428858956563,20260115-114632,0.0,0.0
269.25169950478625,269251699.50478625,102.2442885895656,0.0,0,0,2.7,90.24428858956563,20260115-114632,0.0,0.0
269.25169950478625,269251699.50478625,96.2442885895656,0.0,0,0,2.7,90.24428858956563,20260115-114632,0.0,0.0
269.25169950478625,269251699.50478625,90.2442885895656,0.0,0,0,2.7,90.24428858956563,20260115-114632,0.0,0.0
269.25169950478625,269251699.50478625,84.2442885895656,0.0,0,0,2.7,90.24428858956563,20260115-114632,0.0,0.0
269.25169950478625,269251699.50478625,78.2442885895656,0.0,0,0,2.7,90.24428858956563,20260115-114632,0.0,0.0
269.25169950478625,269251699.50478625,72.24428858956563,0.0,0,0,2.7,90.24428858956563,20260115-114632,0.0,0.0
269.25169950478625,269251699.50478625,66.24428858956563,0.0,0,0,2.7,90.24428858956563,20260115-114632,0.0,0.0
269.25169950478625,269251699.50478625,60.24428858956563,0.0,0,0,2.7,90.24428858956563,20260115-114632,0.0,0.0
269.25169950478625,269251699.50478625,54.24428858956563,0.0,0,0,2.7,90.24428858956563,20260115-114632,0.0,0.0
269.25169950478625,269251699.50478625,48.24428858956563,0.0,0,0,2.7,90.24428858956563,20260115-114632,0.0,0.0
269.25169950478625,269251699.50478625,42.24428858956563,0.0,0,0,2.7,90.24428858956563,20260115-114632,0.0,0.0
269.25169950478625,269251699.50478625,48.24428858956563,0.0,0,0,2.7,90.24428858956563,20260115-114632,0.0,0.0
269.25169950478625,269251699.50478625,54.24428858956563,0.0,0,0,2.7,90.24428858956563,20260115-114632,0.0,0.0
269.25169950478625,269251699.50478625,60.24428858956563,0.0,0,0,2.7,90.24428858956563,20260115-114632,0.0,0.0
269.25169950478625,269251699.50478625,66.24428858956563,0.0,0,0,2.7,90.24428858956563,20260115-114632,0.0,0.0
269.25169950478625,269251699.50478625,72.24428858956563,0.0,0,0,2.7,90.24428858956563,20260115-114632,0.0,0.0
269.25169950478625,269251699.50478625,78.2442885895656,0.0,0,0,2.7,90.24428858956563,20260115-114632,0.0,0.0
269.25169950478625,269251699.50478625,84.2442885895656,0.0,0,0,2.7,90.24428858956563,20260115-114632,0.0,0.0
269.25169950478625,269251699.50478625,90.2442885895656,0.0,0,0,2.7,90.24428858956563,20260115-114632,0.0,0.0
269.25169950478625,269251699.50478625,96.2442885895656,0.0,0,0,2.7,90.24428858956563,20260115-114632,0.0,0.0
269.25169950478625,269251699.50478625,102.2442885895656,0.0,0,0,2.7,90.24428858956563,20260115-114632,0.0,0.0
269.25169950478625,269251699.50478625,108.2442885895656,0.0,0,0,2.7,90.24428858956563,20260115-114632,0.0,0.0
269.25169950478625,269251699.50478625,114.2442885895656,0.0,0,0,2.7,90.24428858956563,20260115-114632,0.0,0.0
269.25169950478625,269251699.50478625,120.2442885895656,0.0,0,0,2.7,90.24428858956563,20260115-114632,0.0,0.0
269.25169950478625,269251699.50478625,120.2442885895656,0.0,0,0,2.7,90.24428858956563,20260115-114632,0.0,0.0
269.25169950478625,269251699.50478625,114.2442885895656,0.0,0,0,2.7,90.24428858956563,20260115-114632,0.0,0.0
269.25169950478625,269251699.50478625,108.2442885895656,0.0,0,0,2.7,90.24428858956563,20260115-114632,0.0,0.0
269.25169950478625,269251699.50478625,102.2442885895656,0.0,0,0,2.7,90.24428858956563,20260115-114632,0.0,0.0
269.25169950478625,269251699.50478625,96.2442885895656,0.0,0,0,2.7,90.24428858956563,20260115-114632,0.0,0.0
269.25169950478625,269251699.50478625,90.2442885895656,0.0,0,0,2.7,90.24428858956563,20260115-114632,0.0,0.0
269.25169950478625,269251699.50478625,84.2442885895656,0.0,0,0,2.7,90.24428858956563,20260115-114632,0.0,0.0
269.25169950478625,269251699.50478625,78.2442885895656,0.0,0,0,2.7,90.24428858956563,20260115-114632,0.0,0.0
269.25169950478625,269251699.50478625,78.2442885895656,0.0,0,0,2.7,90.24428858956563,20260115-114632,0.0,0.0
269.25169950478625,269251699.50478625,84.2442885895656,0.0,0,0,2.7,90.24428858956563,20260115-114632,0.0,0.0
269.25169950478625,269251699.50478625,90.2442885895656,0.0,0,0,2.7,90.24428858956563,20260115-114632,0.0,0.0
269.25169950478625,269251699.50478625,96.2442885895656,0.0,0,0,2.7,90.24428858956563,20260115-114632,0.0,0.0
269.25169950478625,269251699.50478625,102.2442885895656,0.0,0,0,2.7,90.24428858956563,20260115-114632,0.0,0.0
269.25169950478625,269251699.50478625,108.2442885895656,0.0,0,0,2.7,90.24428858956563,20260115-114632,0.0,0.0
269.25169950478625,269251699.50478625,108.2442885895656,0.0,0,0,2.7,90.24428858956563,20260115-114632,0.0,0.0
269.25169950478625,269251699.50478625,102.2442885895656,0.0,0,0,2.7,90.24428858956563,20260115-114632,0.0,0.0
269.25169950478625,269251699.50478625,96.2442885895656,0.0,0,0,2.7,90.24428858956563,20260115-114632,0.0,0.0
269.25169950478625,269251699.50478625,90.2442885895656,0.0,0,0,2.7,90.24428858956563,20260115-114632,0.0,0.0
269.25169950478625,269251699.50478625,84.2442885895656,0.0,0,0,2.7,90.24428858956563,20260115-114632,0.0,0.0
269.25169950478625,269251699.50478625,78.2442885895656,0.0,0,0,2.7,90.24428858956563,20260115-114632,0.0,0.0
269.25169950478625,269251699.50478625,72.24428858956563,0.0,0,0,2.7,90.24428858956563,20260115-114632,0.0,0.0
269.25169950478625,269251699.50478625,72.24428858956563,0.0,0,0,2.7,90.24428858956563,20260115-114632,0.0,0.0
269.25169950478625,269251699.50478625,72.24428858956563,0.0,0,0,2.7,90.24428858956563,20260115-114632,0.0,0.0
269.25169950478625,269251699.50478625,78.2442885895656,0.0,0,0,2.7,90.24428858956563,20260115-114632,0.0,0.0
269.25169950478625,269251699.50478625,84.2442885895656,0.0,0,0,2.7,90.24428858956563,20260115-114632,0.0,0.0
269.25169950478625,269251699.50478625,90.2442885895656,0.0,0,0,2.7,90.24428858956563,20260115-114632,0.0,0.0
269.25169950478625,269251699.50478625,96.2442885895656,0.0,0,0,2.7,90.24428858956563,20260115-114632,0.0,0.0
269.25169950478625,269251699.50478625,96.2442885895656,0.0,0,0,2.7,90.24428858956563,20260115-114632,0.0,0.0
269.25169950478625,269251699.50478625,96.2442885895656,0.0,0,0,2.7,90.24428858956563,20260115-114632,0.0,0.0
269.25169950478625,269251699.50478625,96.2442885895656,0.0,0,0,2.7,90.24428858956563,20260115-114632,0.0,0.0
269.25169950478625,269251699.50478625,96.2442885895656,0.0,0,0,2.7,90.24428858956563,20260115-114632,0.0,0.0
269.25169950478625,269251699.50478625,96.2442885895656,0.0,0,0,2.7,90.24428858956563,20260115-114632,0.0,0.0
269.25169950478625,269251699.50478625,96.2442885895656,0.0,0,0,2.7,90.24428858956563,20260115-114632,0.0,0.0
269.25169950478625,269251699.50478625,96.2442885895656,0.0,0,0,2.7,90.24428858956563,20260115-114632,0.0,0.0
269.25169950478625,269251699.50478625,96.2442885895656,0.0,0,0,2.7,90.24428858956563,20260115-114632,0.0,0.0
269.25169950478625,269251699.50478625,96.2442885895656,0.0,0,0,2.7,90.24428858956563,20260115-114632,0.0,0.0
269.25169950478625,269251699.50478625,96.2442885895656,0.0,0,0,2.7,90.24428858956563,20260115-114632,0.0,0.0
269.25169950478625,269251699.50478625,96.2442885895656,0.0,0,0,2.7,90.24428858956563,20260115-114632,0.0,0.0
269.25169950478625,269251699.50478625,96.2442885895656,0.0,0,0,2.7,90.24428858956563,20260115-114632,0.0,0.0
269.25169950478625,269251699.50478625,96.2442885895656,0.0,0,0,2.7,90.24428858956563,20260115-114632,0.0,0.0
269.25169950478625,269251699.50478625,96.2442885895656,0.0,0,0,2.7,90.24428858956563,20260115-114632,0.0,0.0
269.25169950478625,269251699.50478625,96.2442885895656,0.0,0,0,2.7,90.24428858956563,20260115-114632,0.0,0.0
269.25169950478625,269251699.50478625,96.2442885895656,0.0,0,0,2.7,90.24428858956563,20260115-114632,0.0,0.0
269.25169950478625,269251699.50478625,96.2442885895656,0.0,0,0,2.7,90.24428858956563,20260115-114632,0.0,0.0
269.25169950478625,269251699.50478625,96.2442885895656,0.0,0,0,2.7,90.24428858956563,20260115-114632,0.0,0.0
269.25169950478625,269251699.50478625,96.2442885895656,0.0,0,0,2.7,90.24428858956563,20260115-114632,0.0,0.0
269.25169950478625,269251699.50478625,96.2442885895656,0.0,0,0,2.7,90.24428858956563,20260115-114632,0.0,0.0
269.25169950478625,269251699.50478625,96.2442885895656,0.0,0,0,2.7,90.24428858956563,20260115-114632,0.0,0.0
269.25169950478625,269251699.50478625,96.2442885895656,0.0,0,0,2.7,90.24428858956563,20260115-114632,0.0,0.0
269.25169950478625,269251699.50478625,96.2442885895656,0.0,0,0,2.7,90.24428858956563,20260115-114632,0.0,0.0
269.25169950478625,269251699.50478625,96.2442885895656,0.0,0,0,2.7,90.24428858956563,20260115-114632,0.0,0.0
269.25169950478625,269251699.50478625,96.2442885895656,0.0,0,0,2.7,90.24428858956563,20260115-114632,0.0,0.0
269.25169950478625,269251699.50478625,96.2442885895656,0.0,0,0,2.7,90.24428858956563,20260115-114632,0.0,0.0
269.25169950478625,269251699.50478625,96.2442885895656,0.0,0,0,2.7,90.24428858956563,20260115-114632,0.0,0.0
269.25169950478625,269251699.50478625,96.2442885895656,0.0,0,0,2.7,90.24428858956563,20260115-114632,0.0,0.0
269.25169950478625,269251699.50478625,96.2442885895656,0.0,0,0,2.7,90.24428858956563,20260115-114632,0.0,0.0
269.25169950478625,269251699.50478625,96.2442885895656,0.0,0,0,2.7,90.24428858956563,20260115-114632,0.0,0.0
269.25169950478625,269251699.50478625,96.2442885895656,0.0,0,0,2.7,90.24428858956563,20260115-114632,0.0,0.0
269.25169950478625,269251699.50478625,96.2442885895656,0.0,0,0,2.7,90.24428858956563,20260115-114632,0.0,0.0
269.25169950478625,269251699.50478625,96.2442885895656,0.0,0,0,2.7,90.24428858956563,20260115-114632,0.0,0.0
269.25169950478625,269251699.50478625,96.2442885895656,0.0,0,0,2.7,90.24428858956563,20260115-114632,0.0,0.0
269.25169950478625,269251699.50478625,96.2442885895656,0.0,0,0,2.7,90.24428858956563,20260115-114632,0.0,0.0
269.25169950478625,269251699.50478625,96.2442885895656,0.0,0,0,2.7,90.24428858956563,20260115-114632,0.0,0.0
269.25169950478625,269251699.50478625,96.2442885895656,0.0,0,0,2.7,90.24428858956563,20260115-114632,0.0,0.0
269.25169950478625,269251699.50478625,96.2442885895656,0.0,0,0,2.7,90.24428858956563,20260115-114632,0.0,0.0
269.25169950478625,269251699.50478625,96.2442885895656,0.0,0,0,2.7,90.24428858956563,20260115-114632,0.0,0.0
269.25169950478625,269251699.50478625,96.2442885895656,0.0,0,0,2.7,90.24428858956563,20260115-114632,0.0,0.0
269.25169950478625,269251699.50478625,96.2442885895656,0.0,0,0,2.7,90.24428858956563,20260115-114632,0.0,0.0
269.25169950478625,269251699.50478625,96.2442885895656,0.0,0,0,2.7,90.24428858956563,20260115-114632,0.0,0.0
269.25169950478625,269251699.50478625,96.2442885895656,0.0,0,0,2.7,90.24428858956563,20260115-114632,0.0,0.0
269.25169950478625,269251699.50478625,96.2442885895656,0.0,0,0,2.7,90.24428858956563,20260115-114632,0.0,0.0
269.25169950478625,269251699.50478625,96.2442885895656,0.0,0,0,2.7,90.24428858956563,20260115-114632,0.0,0.0
269.25169950478625,269251699.50478625,96.2442885895656,0.0,0,0,2.7,90.24428858956563,20260115-114632,0.0,0.0
269.25169950478625,269251699.50478625,96.2442885895656,0.0,0,0,2.7,90.24428858956563,20260115-114632,0.0,0.0
269.25169950478625,269251699.50478625,96.2442885895656,0.0,0,0,2.7,90.24428858956563,20260115-114632,0.0,0.0
269.25169950478625,269251699.50478625,96.2442885895656,0.0,0,0,2.7,90.24428858956563,20260115-114632,0.0,0.0
269.25169950478625,269251699.50478625,96.2442885895656,0.0,0,0,2.7,90.24428858956563,20260115-114632,0.0,0.0
269.25169950478625,269251699.50478625,96.2442885895656,0.0,0,0,2.7,90.24428858956563,20260115-114632,0.0,0.0
269.25169950478625,269251699.50478625,96.2442885895656,0.0,0,0,2.7,90.24428858956563,20260115-114632,0.0,0.0
269.25169950478625,269251699.50478625,96.2442885895656,0.0,0,0,2.7,90.24428858956563,20260115-114632,0.0,0.0
269.25169950478625,269251699.50478625,96.2442885895656,0.0,0,0,2.7,90.24428858956563,20260115-114632,0.0,0.0
269.25169950478625,269251699.50478625,96.2442885895656,0.0,0,0,2.7,90.24428858956563,20260115-114632,0.0,0.0
269.25169950478625,269251699.50478625,96.2442885895656,0.0,0,0,2.7,90.24428858956563,20260115-114632,0.0,0.0
269.25169950478625,269251699.50478625,96.2442885895656,0.0,0,0,2.7,90.24428858956563,20260115-114632,0.0,0.0
269.25169950478625,269251699.50478625,96.2442885895656,0.0,0,0,2.7,90.24428858956563,20260115-114632,0.0,0.0
269.25169950478625,269251699.50478625,96.2442885895656,0.0,0,0,2.7,90.24428858956563,20260115-114632,0.0,0.0
269.25169950478625,269251699.50478625,96.2442885895656,0.0,0,0,2.7,90.24428858956563,20260115-114632,0.0,0.0
269.25169950478625,269251699.50478625,96.2442885895656,0.0,0,0,2.7,90.24428858956563,20260115-114632,0.0,0.0
269.25169950478625,269251699.50478625,96.2442885895656,0.0,0,0,2.7,90.24428858956563,20260115-114632,0.0,0.0
269.25169950478625,269251699.50478625,96.2442885895656,0.0,0,0,2.7,90.24428858956563,20260115-114632,0.0,0.0
269.25169950478625,269251699.50478625,96.2442885895656,0.0,0,0,2.7,90.24428858956563,20260115-114632,0.0,0.0
269.25169950478625,269251699.50478625,96.2442885895656,0.0,0,0,2.7,90.24428858956563,20260115-114632,0.0,0.0
269.25169950478625,269251699.50478625,96.2442885895656,0.0,0,0,2.7,90.24428858956563,20260115-114632,0.0,0.0
269.25169950478625,269251699.50478625,96.2442885895656,0.0,0,0,2.7,90.24428858956563,20260115-114632,0.0,0.0
269.25169950478625,269251699.50478625,96.2442885895656,0.0,0,0,2.7,90.24428858956563,20260115-114632,0.0,0.0
269.25169950478625,269251699.50478625,96.2442885895656,0.0,0,0,2.7,90.24428858956563,20260115-114632,0.0,0.0
269.25169950478625,269251699.50478625,96.2442885895656,0.0,0,0,2.7,90.24428858956563,20260115-114632,0.0,0.0
269.25169950478625,269251699.50478625,96.2442885895656,0.0,0,0,2.7,90.24428858956563,20260115-114632,0.0,0.0
269.25169950478625,269251699.50478625,96.2442885895656,0.0,0,0,2.7,90.24428858956563,20260115-114632,0.0,0.0
269.25169950478625,269251699.50478625,96.2442885895656,0.0,0,0,2.7,90.24428858956563,20260115-114632,0.0,0.0
269.25169950478625,269251699.50478625,96.2442885895656,0.0,0,0,2.7,90.24428858956563,20260115-114632,0.0,0.0
269.25169950478625,269251699.50478625,96.2442885895656,0.0,0,0,2.7,90.24428858956563,20260115-114632,0.0,0.0
269.25169950478625,269251699.50478625,96.2442885895656,0.0,0,0,2.7,90.24428858956563,20260115-114632,0.0,0.0
269.25169950478625,269251699.50478625,96.2442885895656,0.0,0,0,2.7,90.24428858956563,20260115-114632,0.0,0.0
269.25169950478625,269251699.50478625,96.2442885895656,0.0,0,0,2.7,90.24428858956563,20260115-114632,0.0,0.0
269.25169950478625,269251699.50478625,96.2442885895656,0.0,0,0,2.7,90.24428858956563,20260115-114632,0.0,0.0
269.25169950478625,269251699.50478625,96.2442885895656,0.0,0,0,2.7,90.24428858956563,20260115-114632,0.0,0.0
269.25169950478625,269251699.50478625,96.2442885895656,0.0,0,0,2.7,90.24428858956563,20260115-114632,0.0,0.0
269.25169950478625,269251699.50478625,96.2442885895656,0.0,0,0,2.7,90.24428858956563,20260115-114632,0.0,0.0
269.25169950478625,269251699.50478625,96.2442885895656,0.0,0,0,2.7,90.24428858956563,20260115-114632,0.0,0.0
269.25169950478625,269251699.50478625,96.2442885895656,0.0,0,0,2.7,90.24428858956563,20260115-114632,0.0,0.0
269.25169950478625,269251699.50478625,96.2442885895656,0.0,0,0,2.7,90.24428858956563,20260115-114632,0.0,0.0
269.25169950478625,269251699.50478625,96.2442885895656,0.0,0,0,2.7,90.24428858956563,20260115-114632,0.0,0.0
269.25169950478625,269251699.50478625,96.2442885895656,0.0,0,0,2.7,90.24428858956563,20260115-114632,0.0,0.0
269.25169950478625,269251699.50478625,96.2442885895656,0.0,0,0,2.7,90.24428858956563,20260115-114632,0.0,0.0
269.25169950478625,269251699.50478625,96.2442885895656,0.0,0,0,2.7,90.24428858956563,20260115-114632,0.0,0.0
269.25169950478625,269251699.50478625,96.2442885895656,0.0,0,0,2.7,90.24428858956563,20260115-114632,0.0,0.0
269.25169950478625,269251699.50478625,96.2442885895656,0.0,0,0,2.7,90.24428858956563,20260115-114632,0.0,0.0
269.25169950478625,269251699.50478625,96.2442885895656,0.0,0,0,2.7,90.24428858956563,20260115-114632,0.0,0.0
269.25169950478625,269251699.50478625,96.2442885895656,0.0,0,0,2.7,90.24428858956563,20260115-114632,0.0,0.0
269.25169950478625,269251699.50478625,96.2442885895656,0.0,0,0,2.7,90.24428858956563,20260115-114632,0.0,0.0
269.25169950478625,269251699.50478625,96.2442885895656,0.0,0,0,2.7,90.24428858956563,20260115-114632,0.0,0.0
269.25169950478625,269251699.50478625,96.2442885895656,0.0,0,0,2.7,90.24428858956563,20260115-114632,0.0,0.0
269.25169950478625,269251699.50478625,96.2442885895656,0.0,0,0,2.7,90.24428858956563,20260115-114632,0.0,0.0
269.25169950478625,269251699.50478625,96.2442885895656,0.0,0,0,2.7,90.24428858956563,20260115-114632,0.0,0.0
269.25169950478625,269251699.50478625,96.2442885895656,0.0,0,0,2.7,90.24428858956563,20260115-114632,0.0,0.0
269.25169950478625,269251699.50478625,96.2442885895656,0.0,0,0,2.7,90.24428858956563,20260115-114632,0.0,0.0
269.25169950478625,269251699.50478625,96.2442885895656,0.0,0,0,2.7,90.24428858956563,20260115-114632,0.0,0.0
269.25169950478625,269251699.50478625,96.2442885895656,0.0,0,0,2.7,90.24428858956563,20260115-114632,0.0,0.0
269.25169950478625,269251699.50478625,96.2442885895656,0.0,0,0,2.7,90.24428858956563,20260115-114632,0.0,0.0
269.25169950478625,269251699.50478625,96.2442885895656,0.0,0,0,2.7,90.24428858956563,20260115-114632,0.0,0.0
269.25169950478625,269251699.50478625,96.2442885895656,0.0,0,0,2.7,90.24428858956563,20260115-114632,0.0,0.0
269.25169950478625,269251699.50478625,96.2442885895656,0.0,0,0,2.7,90.24428858956563,20260115-114632,0.0,0.0
269.25169950478625,269251699.50478625,96.2442885895656,0.0,0,0,2.7,90.24428858956563,20260115-114632,0.0,0.0
269.25169950478625,269251699.50478625,96.2442885895656,0.0,0,0,2.7,90.24428858956563,20260115-114632,0.0,0.0
269.25169950478625,269251699.50478625,96.2442885895656,0.0,0,0,2.7,90.24428858956563,20260115-114632,0.0,0.0
269.25169950478625,269251699.50478625,96.2442885895656,0.0,0,0,2.7,90.24428858956563,20260115-114632,0.0,0.0
269.25169950478625,269251699.50478625,96.2442885895656,0.0,0,0,2.7,90.24428858956563,20260115-114632,0.0,0.0
269.25169950478625,269251699.50478625,96.2442885895656,0.0,0,0,2.7,90.24428858956563,20260115-114632,0.0,0.0
269.25169950478625,269251699.50478625,96.2442885895656,0.0,0,0,2.7,90.24428858956563,20260115-114632,0.0,0.0
269.25169950478625,269251699.50478625,96.2442885895656,0.0,0,0,2.7,90.24428858956563,20260115-114632,0.0,0.0
269.25169950478625,269251699.50478625,96.2442885895656,0.0,0,0,2.7,90.24428858956563,20260115-114632,0.0,0.0
269.25169950478625,269251699.50478625,96.2442885895656,0.0,0,0,2.7,90.24428858956563,20260115-114632,0.0,0.0
269.25169950478625,269251699.50478625,96.2442885895656,0.0,0,0,2.7,90.24428858956563,20260115-114632,0.0,0.0
269.25169950478625,269251699.50478625,96.2442885895656,0.0,0,0,2.7,90.24428858956563,20260115-114632,0.0,0.0
269.25169950478625,269251699.50478625,96.2442885895656,0.0,0,0,2.7,90.24428858956563,20260115-114632,0.0,0.0
269.25169950478625,269251699.50478625,96.2442885895656,0.0,0,0,2.7,90.24428858956563,20260115-114632,0.0,0.0
269.25169950478625,269251699.50478625,96.2442885895656,0.0,0,0,2.7,90.24428858956563,20260115-114632,0.0,0.0
269.25169950478625,269251699.50478625,96.2442885895656,0.0,0,0,2.7,90.24428858956563,20260115-114632,0.0,0.0
269.25169950478625,269251699.50478625,96.2442885895656,0.0,0,0,2.7,90.24428858956563,20260115-114632,0.0,0.0
269.25169950478625,269251699.50478625,96.2442885895656,0.0,0,0,2.7,90.24428858956563,20260115-114632,0.0,0.0
269.25169950478625,269251699.50478625,96.2442885895656,0.0,0,0,2.7,90.24428858956563,20260115-114632,0.0,0.0
269.25169950478625,269251699.50478625,96.2442885895656,0.0,0,0,2.7,90.24428858956563,20260115-114632,0.0,0.0
269.25169950478625,269251699.50478625,96.2442885895656,0.0,0,0,2.7,90.24428858956563,20260115-114632,0.0,0.0
269.25169950478625,269251699.50478625,96.2442885895656,0.0,0,0,2.7,90.24428858956563,20260115-114632,0.0,0.0
269.25169950478625,269251699.50478625,96.2442885895656,0.0,0,0,2.7,90.24428858956563,20260115-114632,0.0,0.0
269.25169950478625,269251699.50478625,96.2442885895656,0.0,0,0,2.7,90.24428858956563,20260115-114632,0.0,0.0
269.25169950478625,269251699.50478625,96.2442885895656,0.0,0,0,2.7,90.24428858956563,20260115-114632,0.0,0.0
269.25169950478625,269251699.50478625,96.2442885895656,0.0,0,0,2.7,90.24428858956563,20260115-114632,0.0,0.0
269.25169950478625,269251699.50478625,96.2442885895656,0.0,0,0,2.7,90.24428858956563,20260115-114632,0.0,0.0
269.25169950478625,269251699.50478625,96.2442885895656,0.0,0,0,2.7,90.24428858956563,20260115-114632,0.0,0.0
269.25169950478625,269251699.50478625,96.2442885895656,0.0,0,0,2.7,90.24428858956563,20260115-114632,0.0,0.0
269.25169950478625,269251699.50478625,96.2442885895656,0.0,0,0,2.7,90.24428858956563,20260115-114632,0.0,0.0
269.25169950478625,269251699.50478625,96.2442885895656,0.0,0,0,2.7,90.24428858956563,20260115-114632,0.0,0.0
269.25169950478625,269251699.50478625,96.2442885895656,0.0,0,0,2.7,90.24428858956563,20260115-114632,0.0,0.0
269.25169950478625,269251699.50478625,96.2442885895656,0.0,0,0,2.7,90.24428858956563,20260115-114632,0.0,0.0
269.25169950478625,269251699.50478625,96.2442885895656,0.0,0,0,2.7,90.24428858956563,20260115-114632,0.0,0.0
269.25169950478625,269251699.50478625,96.2442885895656,0.0,0,0,2.7,90.24428858956563,20260115-114632,0.0,0.0
269.25169950478625,269251699.50478625,96.2442885895656,0.0,0,0,2.7,90.24428858956563,20260115-114632,0.0,0.0
269.25169950478625,269251699.50478625,96.2442885895656,0.0,0,0,2.7,90.24428858956563,20260115-114632,0.0,0.0
269.25169950478625,269251699.50478625,96.2442885895656,0.0,0,0,2.6,90.24428858956563,20260115-114632,0.0,0.0
269.25169950478625,269251699.50478625,96.2442885895656,0.0,0,0,2.6,90.24428858956563,20260115-114632,0.0,0.0
269.25169950478625,269251699.50478625,96.2442885895656,0.0,0,0,2.6,90.24428858956563,20260115-114632,0.0,0.0
269.25169950478625,269251699.50478625,96.2442885895656,0.0,0,0,2.6,90.24428858956563,20260115-114632,0.0,0.0
269.25169950478625,269251699.50478625,96.2442885895656,0.0,0,0,2.6,90.24428858956563,20260115-114632,0.0,0.0
269.25169950478625,269251699.50478625,96.2442885895656,0.0,0,0,2.6,90.24428858956563,20260115-114632,0.0,0.0
269.25169950478625,269251699.50478625,96.2442885895656,0.0,0,0,2.6,90.24428858956563,20260115-114632,0.0,0.0
269.25169950478625,269251699.50478625,96.2442885895656,0.0,0,0,2.6,90.24428858956563,20260115-114632,0.0,0.0
269.25169950478625,269251699.50478625,96.2442885895656,0.0,0,0,2.6,90.24428858956563,20260115-114632,0.0,0.0
269.25169950478625,269251699.50478625,96.2442885895656,0.0,0,0,2.6,90.24428858956563,20260115-114632,0.0,0.0
269.25169950478625,269251699.50478625,96.2442885895656,0.0,0,0,2.6,90.24428858956563,20260115-114632,0.0,0.0
269.25169950478625,269251699.50478625,96.2442885895656,0.0,0,0,2.6,90.24428858956563,20260115-114632,0.0,0.0
269.25169950478625,269251699.50478625,96.2442885895656,0.0,0,0,2.6,90.24428858956563,20260115-114632,0.0,0.0
269.25169950478625,269251699.50478625,96.2442885895656,0.0,0,0,2.6,90.24428858956563,20260115-114632,0.0,0.0
269.25169950478625,269251699.50478625,96.2442885895656,0.0,0,0,2.6,90.24428858956563,20260115-114632,0.0,0.0
269.25169950478625,269251699.50478625,96.2442885895656,0.0,0,0,2.6,90.24428858956563,20260115-114632,0.0,0.0
269.25169950478625,269251699.50478625,96.2442885895656,0.0,0,0,2.6,90.24428858956563,20260115-114632,0.0,0.0
269.25169950478625,269251699.50478625,96.2442885895656,0.0,0,0,2.6,90.24428858956563,20260115-114632,0.0,0.0
269.25169950478625,269251699.50478625,96.2442885895656,0.0,0,0,2.6,90.24428858956563,20260115-114632,0.0,0.0
269.25169950478625,269251699.50478625,96.2442885895656,0.0,0,0,2.6,90.24428858956563,20260115-114632,0.0,0.0
269.25169950478625,269251699.50478625,96.2442885895656,0.0,0,0,2.6,90.24428858956563,20260115-114632,0.0,0.0
269.25169950478625,269251699.50478625,96.2442885895656,0.0,0,0,2.6,90.24428858956563,20260115-114632,0.0,0.0
269.25169950478625,269251699.50478625,96.2442885895656,0.0,0,0,2.6,90.24428858956563,20260115-114632,0.0,0.0
269.25169950478625,269251699.50478625,96.2442885895656,0.0,0,0,2.6,90.24428858956563,20260115-114632,0.0,0.0
269.25169950478625,269251699.50478625,96.2442885895656,0.0,0,0,2.6,90.24428858956563,20260115-114632,0.0,0.0
269.25169950478625,269251699.50478625,96.2442885895656,0.0,0,0,2.6,90.24428858956563,20260115-114632,0.0,0.0
269.25169950478625,269251699.50478625,96.2442885895656,0.0,0,0,2.6,90.24428858956563,20260115-114632,0.0,0.0
269.25169950478625,269251699.50478625,96.2442885895656,0.0,0,0,2.6,90.24428858956563,20260115-114632,0.0,0.0
269.25169950478625,269251699.50478625,96.2442885895656,0.0,0,0,2.6,90.24428858956563,20260115-114632,0.0,0.0
269.25169950478625,269251699.50478625,96.2442885895656,0.0,0,0,2.6,90.24428858956563,20260115-114632,0.0,0.0
269.25169950478625,269251699.50478625,96.2442885895656,0.0,0,0,2.6,90.24428858956563,20260115-114632,0.0,0.0
269.25169950478625,269251699.50478625,96.2442885895656,0.0,0,0,2.6,90.24428858956563,20260115-114632,0.0,0.0
269.25169950478625,269251699.50478625,96.2442885895656,0.0,0,0,2.6,90.24428858956563,20260115-114632,0.0,0.0
269.25169950478625,269251699.50478625,96.2442885895656,0.0,0,0,2.6,90.24428858956563,20260115-114632,0.0,0.0
269.25169950478625,269251699.50478625,96.2442885895656,0.0,0,0,2.6,90.24428858956563,20260115-114632,0.0,0.0
269.25169950478625,269251699.50478625,96.2442885895656,0.0,0,0,2.6,90.24428858956563,20260115-114632,0.0,0.0
269.25169950478625,269251699.50478625,96.2442885895656,0.0,0,0,2.6,90.24428858956563,20260115-114632,0.0,0.0
269.25169950478625,269251699.50478625,96.2442885895656,0.0,0,0,2.6,90.24428858956563,20260115-114632,0.0,0.0
269.25169950478625,269251699.50478625,96.2442885895656,0.0,0,0,2.6,90.24428858956563,20260115-114632,0.0,0.0
269.25169950478625,269251699.50478625,96.2442885895656,0.0,0,0,2.6,90.24428858956563,20260115-114632,0.0,0.0
269.25169950478625,269251699.50478625,96.2442885895656,0.0,0,0,2.6,90.24428858956563,20260115-114632,0.0,0.0
269.25169950478625,269251699.50478625,96.2442885895656,0.0,0,0,2.6,90.24428858956563,20260115-114632,0.0,0.0
269.25169950478625,269251699.50478625,96.2442885895656,0.0,0,0,2.6,90.24428858956563,20260115-114632,0.0,0.0
269.25169950478625,269251699.50478625,96.2442885895656,0.0,0,0,2.6,90.24428858956563,20260115-114632,0.0,0.0
269.25169950478625,269251699.50478625,96.2442885895656,0.0,0,0,2.6,90.24428858956563,20260115-114632,0.0,0.0
269.25169950478625,269251699.50478625,96.2442885895656,0.0,0,0,2.6,90.24428858956563,20260115-114632,0.0,0.0
269.25169950478625,269251699.50478625,96.2442885895656,0.0,0,0,2.6,90.24428858956563,20260115-114632,0.0,0.0
269.25169950478625,269251699.50478625,96.2442885895656,0.0,0,0,2.6,90.24428858956563,20260115-114632,0.0,0.0
269.25169950478625,269251699.50478625,96.2442885895656,0.0,0,0,2.6,90.24428858956563,20260115-114632,0.0,0.0
269.25169950478625,269251699.50478625,96.2442885895656,0.0,0,0,2.6,90.24428858956563,20260115-114632,0.0,0.0
269.25169950478625,269251699.50478625,96.2442885895656,0.0,0,0,2.6,90.24428858956563,20260115-114632,0.0,0.0
269.25169950478625,269251699.50478625,96.2442885895656,0.0,0,0,2.6,90.24428858956563,20260115-114632,0.0,0.0
269.25169950478625,269251699.50478625,96.2442885895656,0.0,0,0,2.6,90.24428858956563,20260115-114632,0.0,0.0
269.25169950478625,269251699.50478625,96.2442885895656,0.0,0,0,2.6,90.24428858956563,20260115-114632,0.0,0.0
269.25169950478625,269251699.50478625,96.2442885895656,0.0,0,0,2.6,90.24428858956563,20260115-114632,0.0,0.0
269.25169950478625,269251699.50478625,96.2442885895656,0.0,0,0,2.6,90.24428858956563,20260115-114632,0.0,0.0
269.25169950478625,269251699.50478625,96.2442885895656,0.0,0,0,2.6,90.24428858956563,20260115-114632,0.0,0.0
269.25169950478625,269251699.50478625,96.2442885895656,0.0,0,0,2.6,90.24428858956563,20260115-114632,0.0,0.0
269.25169950478625,269251699.50478625,96.2442885895656,0.0,0,0,2.6,90.24428858956563,20260115-114632,0.0,0.0
269.25169950478625,269251699.50478625,96.2442885895656,0.0,0,0,2.6,90.24428858956563,20260115-114632,0.0,0.0
269.25169950478625,269251699.50478625,96.2442885895656,0.0,0,0,2.6,90.24428858956563,20260115-114632,0.0,0.0
269.25169950478625,269251699.50478625,96.2442885895656,0.0,0,0,2.6,90.24428858956563,20260115-114632,0.0,0.0
269.25169950478625,269251699.50478625,96.2442885895656,0.0,0,0,2.6,90.24428858956563,20260115-114632,0.0,0.0
269.25169950478625,269251699.50478625,96.2442885895656,0.0,0,0,2.6,90.24428858956563,20260115-114632,0.0,0.0
269.25169950478625,269251699.50478625,96.2442885895656,0.0,0,0,2.6,90.24428858956563,20260115-114632,0.0,0.0
269.25169950478625,269251699.50478625,96.2442885895656,0.0,0,0,2.6,90.24428858956563,20260115-114632,0.0,0.0
269.25169950478625,269251699.50478625,96.2442885895656,0.0,0,0,2.6,90.24428858956563,20260115-114632,0.0,0.0
269.25169950478625,269251699.50478625,96.2442885895656,0.0,0,0,2.6,90.24428858956563,20260115-114632,0.0,0.0
269.25169950478625,269251699.50478625,96.2442885895656,0.0,0,0,2.6,90.24428858956563,20260115-114632,0.0,0.0
269.25169950478625,269251699.50478625,96.2442885895656,0.0,0,0,2.6,90.24428858956563,20260115-114632,0.0,0.0
269.25169950478625,269251699.50478625,96.2442885895656,0.0,0,0,2.6,90.24428858956563,20260115-114632,0.0,0.0
269.25169950478625,269251699.50478625,96.2442885895656,0.0,0,0,2.6,90.24428858956563,20260115-114632,0.0,0.0
269.25169950478625,269251699.50478625,96.2442885895656,0.0,0,0,2.6,90.24428858956563,20260115-114632,0.0,0.0
269.25169950478625,269251699.50478625,96.2442885895656,0.0,0,0,2.6,90.24428858956563,20260115-114632,0.0,0.0
269.25169950478625,269251699.50478625,96.2442885895656,0.0,0,0,2.6,90.24428858956563,20260115-114632,0.0,0.0
269.25169950478625,269251699.50478625,96.2442885895656,0.0,0,0,2.6,90.24428858956563,20260115-114632,0.0,0.0
269.25169950478625,269251699.50478625,96.2442885895656,0.0,0,0,2.6,90.24428858956563,20260115-114632,0.0,0.0
269.25169950478625,269251699.50478625,96.2442885895656,0.0,0,0,2.6,90.24428858956563,20260115-114632,0.0,0.0
269.25169950478625,269251699.50478625,96.2442885895656,0.0,0,0,2.6,90.24428858956563,20260115-114632,0.0,0.0
269.25169950478625,269251699.50478625,96.2442885895656,0.0,0,0,2.6,90.24428858956563,20260115-114632,0.0,0.0
269.25169950478625,269251699.50478625,96.2442885895656,0.0,0,0,2.6,90.24428858956563,20260115-114632,0.0,0.0
269.25169950478625,269251699.50478625,96.2442885895656,0.0,0,0,2.6,90.24428858956563,20260115-114632,0.0,0.0
269.25169950478625,269251699.50478625,96.2442885895656,0.0,0,0,2.6,90.24428858956563,20260115-114632,0.0,0.0
269.25169950478625,269251699.50478625,96.2442885895656,0.0,0,0,2.6,90.24428858956563,20260115-114632,0.0,0.0
269.25169950478625,269251699.50478625,96.2442885895656,0.0,0,0,2.6,90.24428858956563,20260115-114632,0.0,0.0
269.25169950478625,269251699.50478625,96.2442885895656,0.0,0,0,2.6,90.24428858956563,20260115-114632,0.0,0.0
269.25169950478625,269251699.50478625,96.2442885895656,0.0,0,0,2.6,90.24428858956563,20260115-114632,0.0,0.0
269.25169950478625,269251699.50478625,96.2442885895656,0.0,0,0,2.6,90.24428858956563,20260115-114632,0.0,0.0
269.25169950478625,269251699.50478625,96.2442885895656,0.0,0,0,2.5,90.24428858956563,20260115-114632,0.0,0.0
269.25169950478625,269251699.50478625,96.2442885895656,0.0,0,0,2.5,90.24428858956563,20260115-114632,0.0,0.0
269.25169950478625,269251699.50478625,96.2442885895656,0.0,0,0,2.5,90.24428858956563,20260115-114632,0.0,0.0
269.25169950478625,269251699.50478625,96.2442885895656,0.0,0,0,2.5,90.24428858956563,20260115-114632,0.0,0.0
269.25169950478625,269251699.50478625,96.2442885895656,0.0,0,0,2.5,90.24428858956563,20260115-114632,0.0,0.0
269.25169950478625,269251699.50478625,96.2442885895656,0.0,0,0,2.5,90.24428858956563,20260115-114632,0.0,0.0
269.25169950478625,269251699.50478625,96.2442885895656,0.0,0,0,2.5,90.24428858956563,20260115-114632,0.0,0.0
269.25169950478625,269251699.50478625,96.2442885895656,0.0,0,0,2.5,90.24428858956563,20260115-114632,0.0,0.0
269.25169950478625,269251699.50478625,96.2442885895656,0.0,0,0,2.5,90.24428858956563,20260115-114632,0.0,0.0
269.25169950478625,269251699.50478625,96.2442885895656,0.0,0,0,2.5,90.24428858956563,20260115-114632,0.0,0.0
269.25169950478625,269251699.50478625,96.2442885895656,0.0,0,0,2.5,90.24428858956563,20260115-114632,0.0,0.0
269.25169950478625,269251699.50478625,96.2442885895656,0.0,0,0,2.5,90.24428858956563,20260115-114632,0.0,0.0
269.25169950478625,269251699.50478625,96.2442885895656,0.0,0,0,2.5,90.24428858956563,20260115-114632,0.0,0.0
269.25169950478625,269251699.50478625,96.2442885895656,0.0,0,0,2.5,90.24428858956563,20260115-114632,0.0,0.0
269.25169950478625,269251699.50478625,96.2442885895656,0.0,0,0,2.5,90.24428858956563,20260115-114632,0.0,0.0
269.25169950478625,269251699.50478625,96.2442885895656,0.0,0,0,2.5,90.24428858956563,20260115-114632,0.0,0.0
269.25169950478625,269251699.50478625,96.2442885895656,0.0,0,0,2.5,90.24428858956563,20260115-114632,0.0,0.0
269.25169950478625,269251699.50478625,96.2442885895656,0.0,0,0,2.5,90.24428858956563,20260115-114632,0.0,0.0
269.25169950478625,269251699.50478625,96.2442885895656,0.0,0,0,2.5,90.24428858956563,20260115-114632,0.0,0.0
269.25169950478625,269251699.50478625,96.2442885895656,0.0,0,0,2.5,90.24428858956563,20260115-114632,0.0,0.0
269.25169950478625,269251699.50478625,96.2442885895656,0.0,0,0,2.5,90.24428858956563,20260115-114632,0.0,0.0
269.25169950478625,269251699.50478625,96.2442885895656,0.0,0,0,2.5,90.24428858956563,20260115-114632,0.0,0.0
269.25169950478625,269251699.50478625,96.2442885895656,0.0,0,0,2.5,90.24428858956563,20260115-114632,0.0,0.0
269.25169950478625,269251699.50478625,96.2442885895656,0.0,0,0,2.5,90.24428858956563,20260115-114632,0.0,0.0
269.25169950478625,269251699.50478625,96.2442885895656,0.0,0,0,2.5,90.24428858956563,20260115-114632,0.0,0.0
269.25169950478625,269251699.50478625,96.2442885895656,0.0,0,0,2.5,90.24428858956563,20260115-114632,0.0,0.0
269.25169950478625,269251699.50478625,96.2442885895656,0.0,0,0,2.5,90.24428858956563,20260115-114632,0.0,0.0
269.25169950478625,269251699.50478625,96.2442885895656,0.0,0,0,2.5,90.24428858956563,20260115-114632,0.0,0.0
269.25169950478625,269251699.50478625,96.2442885895656,0.0,0,0,2.5,90.24428858956563,20260115-114632,0.0,0.0
269.25169950478625,269251699.50478625,96.2442885895656,0.0,0,0,2.5,90.24428858956563,20260115-114632,0.0,0.0
269.25169950478625,269251699.50478625,96.2442885895656,0.0,0,0,2.5,90.24428858956563,20260115-114632,0.0,0.0
269.25169950478625,269251699.50478625,96.2442885895656,0.0,0,0,2.5,90.24428858956563,20260115-114632,0.0,0.0
269.25169950478625,269251699.50478625,96.2442885895656,0.0,0,0,2.5,90.24428858956563,20260115-114632,0.0,0.0
269.25169950478625,269251699.50478625,96.2442885895656,0.0,0,0,2.5,90.24428858956563,20260115-114632,0.0,0.0
269.25169950478625,269251699.50478625,96.2442885895656,0.0,0,0,2.5,90.24428858956563,20260115-114632,0.0,0.0
269.25169950478625,269251699.50478625,96.2442885895656,0.0,0,0,2.5,90.24428858956563,20260115-114632,0.0,0.0
269.25169950478625,269251699.50478625,96.2442885895656,0.0,0,0,2.5,90.24428858956563,20260115-114632,0.0,0.0
269.25169950478625,269251699.50478625,96.2442885895656,0.0,0,0,2.5,90.24428858956563,20260115-114632,0.0,0.0
269.25169950478625,269251699.50478625,96.2442885895656,0.0,0,0,2.5,90.24428858956563,20260115-114632,0.0,0.0
269.25169950478625,269251699.50478625,96.2442885895656,0.0,0,0,2.5,90.24428858956563,20260115-114632,0.0,0.0
269.25169950478625,269251699.50478625,96.2442885895656,0.0,0,0,2.5,90.24428858956563,20260115-114632,0.0,0.0
269.25169950478625,269251699.50478625,96.2442885895656,0.0,0,0,2.5,90.24428858956563,20260115-114632,0.0,0.0
269.25169950478625,269251699.50478625,96.2442885895656,0.0,0,0,2.5,90.24428858956563,20260115-114632,0.0,0.0
269.25169950478625,269251699.50478625,96.2442885895656,0.0,0,0,2.5,90.24428858956563,20260115-114632,0.0,0.0
269.25169950478625,269251699.50478625,96.2442885895656,0.0,0,0,2.5,90.24428858956563,20260115-114632,0.0,0.0
269.25169950478625,269251699.50478625,96.2442885895656,0.0,0,0,2.5,90.24428858956563,20260115-114632,0.0,0.0
269.25169950478625,269251699.50478625,96.2442885895656,0.0,0,0,2.5,90.24428858956563,20260115-114632,0.0,0.0
269.25169950478625,269251699.50478625,96.2442885895656,0.0,0,0,2.5,90.24428858956563,20260115-114632,0.0,0.0
269.25169950478625,269251699.50478625,96.2442885895656,0.0,0,0,2.5,90.24428858956563,20260115-114632,0.0,0.0
269.25169950478625,269251699.50478625,96.2442885895656,0.0,0,0,2.5,90.24428858956563,20260115-114632,0.0,0.0
269.25169950478625,269251699.50478625,96.2442885895656,0.0,0,0,2.5,90.24428858956563,20260115-114632,0.0,0.0
269.25169950478625,269251699.50478625,96.2442885895656,0.0,0,0,2.5,90.24428858956563,20260115-114632,0.0,0.0
269.25169950478625,269251699.50478625,96.2442885895656,0.0,0,0,2.5,90.24428858956563,20260115-114632,0.0,0.0
269.25169950478625,269251699.50478625,96.2442885895656,0.0,0,0,2.5,90.24428858956563,20260115-114632,0.0,0.0
269.25169950478625,269251699.50478625,96.2442885895656,0.0,0,0,2.5,90.24428858956563,20260115-114632,0.0,0.0
269.25169950478625,269251699.50478625,96.2442885895656,0.0,0,0,2.5,90.24428858956563,20260115-114632,0.0,0.0
269.25169950478625,269251699.50478625,96.2442885895656,0.0,0,0,2.5,90.24428858956563,20260115-114632,0.0,0.0
269.25169950478625,269251699.50478625,96.2442885895656,0.0,0,0,2.5,90.24428858956563,20260115-114632,0.0,0.0
269.25169950478625,269251699.50478625,96.2442885895656,0.0,0,0,2.5,90.24428858956563,20260115-114632,0.0,0.0
269.25169950478625,269251699.50478625,96.2442885895656,0.0,0,0,2.5,90.24428858956563,20260115-114632,0.0,0.0
269.25169950478625,269251699.50478625,96.2442885895656,0.0,0,0,2.5,90.24428858956563,20260115-114632,0.0,0.0
269.25169950478625,269251699.50478625,96.2442885895656,0.0,0,0,2.5,90.24428858956563,20260115-114632,0.0,0.0
269.25169950478625,269251699.50478625,96.2442885895656,0.0,0,0,2.5,90.24428858956563,20260115-114632,0.0,0.0
269.25169950478625,269251699.50478625,96.2442885895656,0.0,0,0,2.5,90.24428858956563,20260115-114632,0.0,0.0
269.25169950478625,269251699.50478625,96.2442885895656,0.0,0,0,2.5,90.24428858956563,20260115-114632,0.0,0.0
269.25169950478625,269251699.50478625,96.2442885895656,0.0,0,0,2.5,90.24428858956563,20260115-114632,0.0,0.0
269.25169950478625,269251699.50478625,96.2442885895656,0.0,0,0,2.5,90.24428858956563,20260115-114632,0.0,0.0
269.25169950478625,269251699.50478625,96.2442885895656,0.0,0,0,2.5,90.24428858956563,20260115-114632,0.0,0.0
269.25169950478625,269251699.50478625,96.2442885895656,0.0,0,0,2.5,90.24428858956563,20260115-114632,0.0,0.0
269.25169950478625,269251699.50478625,96.2442885895656,0.0,0,0,2.5,90.24428858956563,20260115-114632,0.0,0.0
269.25169950478625,269251699.50478625,96.2442885895656,0.0,0,0,2.5,90.24428858956563,20260115-114632,0.0,0.0
269.25169950478625,269251699.50478625,96.2442885895656,0.0,0,0,2.5,90.24428858956563,20260115-114632,0.0,0.0
269.25169950478625,269251699.50478625,96.2442885895656,0.0,0,0,2.5,90.24428858956563,20260115-114632,0.0,0.0
269.25169950478625,269251699.50478625,96.2442885895656,0.0,0,0,2.5,90.24428858956563,20260115-114632,0.0,0.0
269.25169950478625,269251699.50478625,96.2442885895656,0.0,0,0,2.5,90.24428858956563,20260115-114632,0.0,0.0
269.25169950478625,269251699.50478625,96.2442885895656,0.0,0,0,2.5,90.24428858956563,20260115-114632,0.0,0.0
269.25169950478625,269251699.50478625,96.2442885895656,0.0,0,0,2.5,90.24428858956563,20260115-114632,0.0,0.0
269.25169950478625,269251699.50478625,96.2442885895656,0.0,0,0,2.5,90.24428858956563,20260115-114632,0.0,0.0
269.25169950478625,269251699.50478625,96.2442885895656,0.0,0,0,2.5,90.24428858956563,20260115-114632,0.0,0.0
269.25169950478625,269251699.50478625,96.2442885895656,0.0,0,0,2.5,90.24428858956563,20260115-114632,0.0,0.0
269.25169950478625,269251699.50478625,96.2442885895656,0.0,0,0,2.5,90.24428858956563,20260115-114632,0.0,0.0
269.25169950478625,269251699.50478625,102.2442885895656,0.0,0,0,2.5,90.24428858956563,20260115-114632,0.0,0.0
269.25169950478625,269251699.50478625,108.2442885895656,0.0,0,0,2.5,90.24428858956563,20260115-114632,0.0,0.0
269.25169950478625,269251699.50478625,114.2442885895656,0.0,0,0,2.5,90.24428858956563,20260115-114632,0.0,0.0
269.25169950478625,269251699.50478625,120.2442885895656,0.0,0,0,2.5,90.24428858956563,20260115-114632,0.0,0.0
269.25169950478625,269251699.50478625,126.2442885895656,0.0,0,0,2.5,90.24428858956563,20260115-114632,0.0,0.0
269.25169950478625,269251699.50478625,132.2442885895656,0.0,0,0,2.5,90.24428858956563,20260115-114632,0.0,0.0
269.25169950478625,269251699.50478625,138.2442885895656,0.0,0,0,2.5,90.24428858956563,20260115-114632,0.0,0.0
269.25169950478625,269251699.50478625,144.2442885895656,0.0,0,0,2.5,90.24428858956563,20260115-114632,0.0,0.0
269.25169950478625,269251699.50478625,150.2442885895656,0.0,0,0,2.5,90.24428858956563,20260115-114632,0.0,0.0
269.25169950478625,269251699.50478625,156.2442885895656,0.0,0,0,2.5,90.24428858956563,20260115-114632,0.0,0.0
269.25169950478625,269251699.50478625,156.2442885895656,0.0,0,0,2.5,90.24428858956563,20260115-114632,0.0,0.0
269.25169950478625,269251699.50478625,150.2442885895656,0.0,0,0,2.5,90.24428858956563,20260115-114632,0.0,0.0
269.25169950478625,269251699.50478625,144.2442885895656,0.0,0,0,2.5,90.24428858956563,20260115-114632,0.0,0.0
269.25169950478625,269251699.50478625,138.2442885895656,0.0,0,0,2.5,90.24428858956563,20260115-114632,0.0,0.0
269.25169950478625,269251699.50478625,132.2442885895656,0.0,0,0,2.5,90.24428858956563,20260115-114632,0.0,0.0
269.25169950478625,269251699.50478625,126.2442885895656,0.0,0,0,2.5,90.24428858956563,20260115-114632,0.0,0.0
269.25169950478625,269251699.50478625,120.2442885895656,0.0,0,0,2.5,90.24428858956563,20260115-114632,0.0,0.0
269.25169950478625,269251699.50478625,114.2442885895656,0.0,0,0,2.5,90.24428858956563,20260115-114632,0.0,0.0
269.25169950478625,269251699.50478625,108.2442885895656,0.0,0,0,2.5,90.24428858956563,20260115-114632,0.0,0.0
269.25169950478625,269251699.50478625,102.2442885895656,0.0,0,0,2.5,90.24428858956563,20260115-114632,0.0,0.0
269.25169950478625,269251699.50478625,96.2442885895656,0.0,0,0,2.5,90.24428858956563,20260115-114632,0.0,0.0
269.25169950478625,269251699.50478625,90.2442885895656,0.0,0,0,2.5,90.24428858956563,20260115-114632,0.0,0.0
269.25169950478625,269251699.50478625,84.2442885895656,0.0,0,0,2.5,90.24428858956563,20260115-114632,0.0,0.0
269.25169950478625,269251699.50478625,78.2442885895656,0.0,0,0,2.5,90.24428858956563,20260115-114632,0.0,0.0
269.25169950478625,269251699.50478625,72.24428858956563,0.0,0,0,2.5,90.24428858956563,20260115-114632,0.0,0.0
269.25169950478625,269251699.50478625,66.24428858956563,0.0,0,0,2.5,90.24428858956563,20260115-114632,0.0,0.0
269.25169950478625,269251699.50478625,60.24428858956563,0.0,0,0,2.5,90.24428858956563,20260115-114632,0.0,0.0
269.25169950478625,269251699.50478625,54.24428858956563,0.0,0,0,2.5,90.24428858956563,20260115-114632,0.0,0.0
269.25169950478625,269251699.50478625,48.24428858956563,0.0,0,0,2.5,90.24428858956563,20260115-114632,0.0,0.0
269.25169950478625,269251699.50478625,42.24428858956563,0.0,0,0,2.5,90.24428858956563,20260115-114632,0.0,0.0
269.25169950478625,269251699.50478625,36.24428858956563,0.0,0,0,2.5,90.24428858956563,20260115-114632,0.0,0.0
269.25169950478625,269251699.50478625,30.244288589565627,0.0,0,0,2.7,90.24428858956563,20260115-114632,0.0,0.0
269.25169950478625,269251699.50478625,24.244288589565627,0.0,0,0,2.7,90.24428858956563,20260115-114632,0.0,0.0
269.25169950478625,269251699.50478625,18.244288589565627,0.0,0,0,2.7,90.24428858956563,20260115-114632,0.0,0.0
267.75756265553076,5.371030569963088,166.86898461488198,-49.85217625699921,0,0,2.7,-115.131015385118,20260115-114632,0.0,0.0
266.108106270187,5.418290969621033,160.31848204681802,-49.11292283160629,0,0,2.7,-115.68151795318198,20260115-114632,0.0,0.0
263.9256310574124,2.1014402036186923,91.98182816905069,-125.59273901914072,0,0,2.7,-178.0181718309493,20260115-114632,0.0,0.0
259.7426027281797,2.071522088667075,86.2748296631712,-125.38731985972285,0,0,2.7,-177.72517033682877,20260115-114632,0.0,0.0
255.56658927656534,2.0417275406196036,80.57741470319803,-125.1717402014416,0,0,2.7,-177.42258529680197,20260115-114632,0.0,0.0
251.3979402787468,2.0120633892404407,74.89004355931303,-124.94533801623925,0,0,2.7,-177.10995644068697,20260115-114632,0.0,0.0
247.23702824987214,1.9825369770654173,69.213205175501,-124.70739820239636,0,0,2.9,-176.78679482449897,20260115-114632,0.0,0.0
243.08425049507386,1.9531562084455316,63.547419319319886,-124.45714758705273,0,0,2.9,-176.45258068068011,20260115-114632,0.0,0.0
238.94003113578015,1.9239296043290737,63.893238914438655,-124.19374939609862,0,0,2.9,-176.10676108556135,20260115-114632,0.0,0.0
234.8048233300913,1.8948663635813532,64.25125257243383,-123.9162971294204,0,0,2.9,-175.74874742756617,20260115-114632,0.0,0.0
230.67911170818047,1.8659764317707248,64.62208734173333,-123.62380777193243,0,0,3.1,-175.37791265826667,20260115-114632,0.0,0.0
226.56341504613462,1.837270578503492,65.00641169306397,-123.31521426238525,0,0,3.1,-174.99358830693603,20260115-114632,0.0,0.0
222.45828920440556,1.8087604845734562,65.4049387622731,-122.98935713252598,0,0,3.1,-174.59506123772687,20260115-114632,0.0,0.0
218.36433036012738,1.7804588404107005,65.81842987293669,-122.64497521872342,0,0,3.1,-174.18157012706328,20260115-114632,0.0,0.0
214.28217856600858,1.752379457576504,66.24769836269303,-122.28069533658844,0,0,3.1,-173.75230163730697,20260115-114632,0.0,0.0
210.21252167236554,1.7245373953669143,66.6936137387084,-121.89502079636871,0,0,3.1,-173.3063862612916,20260115-114632,0.0,0.0
206.15609965316756,1.6969491049687613,67.15710618900988,-121.48631862295164,0,0,3.1,-172.84289381099012,20260115-114632,0.0,0.0
202.11370938175068,1.669632594074352,67.63917147751852,-121.05280532918859,0,0,3.1,-172.3608285224815,20260115-114632,0.0,0.0
198.08620990716852,1.6426076154243168,68.1408762513505,-120.59253107504867,0,0,3.1,-171.85912374864947,20260115-114632,0.0,0.0
194.0745282880134,1.615895883437217,68.66336378914912,-120.10336202799903,0,0,3.1,-171.33663621085088,20260115-114632,0.0,0.0
190.07966604698942,1.5895213239315489,69.2078602186316,-119.58296072231555,0,0,3.3,-170.7921397813684,20260115-114632,0.0,0.0
186.1027063165583,1.5635103629919516,63.77568122988578,-119.02876419727082,0,0,3.3,-170.2243187701142,20260115-114632,0.0,0.0
182.14482175360166,1.5378922623302058,58.36823930781998,-118.43795967710822,0,0,3.3,-169.63176069218,20260115-114632,0.0,0.0
178.20728330920574,1.5126995101125906,52.98705150205217,-117.80745754055393,0,0,3.3,-169.0129484979478,20260115-114632,0.0,0.0
174.29146994829017,1.487968278259687,47.633747744744255,-117.13386131600853,0,0,3.5,-168.36625225525574,20260115-114632,0.0,0.0
170.39887942271213,1.4637389597934423,42.31007971558813,-116.41343443284329,0,0,3.5,-167.68992028441187,20260115-114632,0.0,0.0
166.53114021043714,1.4400568030697647,37.01793023724207,-115.64206346266566,0,0,3.5,-166.98206976275793,20260115-114632,0.0,0.0
162.69002474200002,1.4169726639083116,37.75932316260315,-114.81521760149302,0,0,3.5,-166.24067683739685,20260115-114632,0.0,0.0
158.87746404323337,1.3945439020054575,38.53643368564718,-113.92790418053946,0,0,3.5,-165.46356631435282,20260115-114632,0.0,0.0
155.09556392933126,1.3728354549882473,39.35159896798393,-112.97462005791438,0,0,3.5,-164.6484010320161,20260115-114632,0.0,0.0
151.34662288864484,1.351921132582155,40.20732892108123,-111.94929884672666,0,0,3.5,-163.79267107891877,20260115-114632,0.0,0.0
147.63315179366083,1.3318851853816036,41.10631691602566,-110.84525409099875,0,0,3.5,-162.89368308397437,20260115-114632,0.0,0.0
143.95789556934537,1.3128242186929675,42.051450104781,-109.65511872767564,0,0,3.5,-161.94854989521897,20260115-114632,0.0,0.0
140.32385693270774,1.2948495433740115,43.04581892457992,-108.37078149409041,0,0,3.5,-160.95418107542008,20260115-114632,0.0,0.0
136.73432228844203,1.278090084686768,50.09272521507859,-106.9833213845428,0,0,3.5,-159.9072747849214,20260115-114632,0.0,0.0
133.19288981916444,1.262696010059201,57.19568820051359,-105.48294186256258,0,0,3.5,-158.80431179948644,20260115-114632,0.0,0.0
129.70349973910743,1.248843291948059,64.35844737045863,-103.85890733879361,0,0,3.5,-157.64155262954134,20260115-114632,0.0,0.0
126.27046657970831,1.2367394996324081,71.58496102761632,-102.0994854755098,0,0,3.5,-156.41503897238368,20260115-114632,0.0,0.0
122.89851323524567,1.2266312242438913,72.87939895577091,-100.19190022739038,0,0,3.5,-155.1206010442291,20260115-114632,0.0,0.0
119.59280630582471,1.2188137008510813,74.24612729547209,-98.12230222085184,0,0,3.5,-153.75387270452794,20260115-114632,0.0,0.0
116.35899202151583,1.213643425397972,75.68968330526968,-95.87576514358817,0,0,3.5,-152.31031669473035,20260115-114632,0.0,0.0
113.2032317026148,1.2115549134960957,77.21473724852285,-93.43631926344344,0,0,3.5,-150.78526275147715,20260115-114632,0.0,0.0
110.13223529494273,1.2130832791730437,78.82603821133546,-90.78703596509848,0,0,3.5,-149.17396178866457,20260115-114632,0.0,0.0
107.15329100731061,1.2188951364407654,80.52834027926957,-87.91018013264338,0,0,3.5,-147.47165972073043,20260115-114632,0.0,0.0
104.27428846952726,1.2298316371839106,82.3263052617491,-84.78745001900936,0,0,3.5,-145.67369473825087,20260115-114632,0.0,0.0
101.5037321355575,1.2469695956969635,84.22437817271305,-81.40032642802686,0,0,3.5,-143.77562182728693,20260115-114632,0.0,0.0
98.8507409105256,1.2717102354808847,86.22663211461781,-77.73055382631733,0,0,3.5,-141.77336788538219,20260115-114632,0.0,0.0
96.32502924559503,1.3059113074334159,88.33658026985404,-73.7607743323,0,0,3.5,-139.66341973014596,20260115-114632,0.0,0.0
93.93686432525648,1.3520895009047706,90.55695460245568,-69.47533004464367,0,0,3.5,-137.44304539754432,20260115-114632,0.0,0.0
91.69699361947795,1.4137410252892741,92.88945382500316,-64.86123835920746,0,0,3.5,-135.11054617499684,20260115-114632,0.0,0.0
89.61653719002729,1.4958695259799821,95.33446732620257,-59.90932740695898,0,0,3.5,-132.66553267379746,20260115-114632,0.0,0.0
87.70683996419285,1.6058966759193187,97.89078704814915,-54.61549381063623,0,0,3.5,-130.10921295185088,20260115-114632,0.0,0.0
85.97928096099407,1.7553235398701483,100.55532542493097,-48.98201329160918,0,0,3.5,-127.44467457506902,20260115-114632,0.0,0.0
84.44503935771839,1.9629799286346148,103.32286372240429,-43.01879918683408,0,0,3.5,-124.67713627759571,20260115-114632,0.0,0.0
82.75878501844102,0.6745783349493816,-133.7529456943492,-122.68224567966743,0,0,3.4,-1.752945694349185,20260115-114632,0.0,0.0
78.66939037129552,0.6412494694118462,-133.71932714390383,-122.68141203056442,0,0,3.4,-1.7193271439038322,20260115-114632,0.0,0.0
74.58002577869377,0.6079210939046568,-133.68202184135367,-122.68043752137102,0,0,3.4,-1.6820218413536696,20260115-114632,0.0,0.0
70.49069647128313,0.5745932937257818,-133.64038818461512,-122.67928853503818,0,0,3.4,-1.6403881846151158,20260115-114632,0.0,0.0
66.40140896817705,0.5412661751893074,-133.59362653734695,-122.67792079368938,0,0,3.4,-1.5936265373469372,20260115-114632,0.0,0.0
62.312171499701684,0.5079398725228549,-133.54072738286223,-122.67627502878882,0,0,3.4,-1.5407273828622177,20260115-114632,0.0,0.0
58.222994608264216,0.4746145576722824,-133.48039763574624,-122.67427045182785,0,0,3.4,-1.480397635746236,20260115-114632,0.0,0.0
54.13389202150801,0.44129045455135624,-133.41095356597427,-122.67179464949892,0,0,3.4,-1.4109535659742578,20260115-114632,0.0,0.0
50.04488195345464,0.4079678602795455,-133.33016124731827,-122.66868747739873,0,0,3.4,-1.330161247318266,20260115-114632,0.0,0.0
45.95598910012413,0.37464717776198897,-133.23499186239877,-122.66471450458832,0,0,3.4,-1.2349918623987775,20260115-114632,0.0,0.0
41.86724780425436,0.34132896736903945,-133.12123369049226,-122.6595214785511,0,0,3.4,-1.1212336904922646,20260115-114632,0.0,0.0
37.77870727448932,0.3080140321929523,-132.98285227584935,-122.65255256560269,0,0,3.4,-0.9828522758493483,20260115-114632,0.0,0.0
33.690440603483644,0.27470356542409874,-132.8108850370568,-122.642895265924,0,0,3.4,-0.8108850370567936,20260115-114632,0.0,0.0
29.60256125538401,0.24139941995042288,-132.591420712624,-122.62896597458105,0,0,3.4,-0.5914207126239993,20260115-114632,0.0,0.0
74.80407342968473,2.896163248411822,-71.55246227068781,-25.8286798821528,0,0,3.2,60.44753772931218,20260115-114632,0.0,0.0
74.05112261554315,3.833782060895833,-68.45756026091632,-19.315423109429375,0,0,3.2,63.542439739083676,20260115-114632,0.0,0.0
73.5182895589073,5.820730792153358,-65.30847646401976,-12.630422567903965,0,0,3.2,66.69152353598024,20260115-114632,0.0,0.0
73.21038053998262,12.557854924349584,-62.123191753751925,-5.829847611794611,0,0,3.2,69.87680824624807,20260115-114632,0.0,0.0
73.13023668803069,71.34862198499476,-58.92098731087344,1.024970555190409,0,0,3.2,73.07901268912656,20260115-114632,0.0,0.0
73.27860531821214,9.310882646249969,-55.72176732877047,7.870210387382089,0,0,3.2,76.27823267122953,20260115-114632,0.0,0.0
73.6541054987013,5.030161480605632,-52.54532539678053,14.642493244537615,0,0,3.2,79.45467460321947,20260115-114632,0.0,0.0
74.25329148490273,3.4890562568846293,-49.4106209742572,21.281769629935212,0,0,3.2,82.58937902574279,20260115-114632,0.0,0.0
75.07080734857347,2.7068288197563244,-46.33513068589829,27.7338584548289,0,0,3.2,85.66486931410171,20260115-114632,0.0,0.0
76.09961705349068,2.2413617568309565,-43.33432696055854,33.95240273979124,0,0,3.2,88.66567303944147,20260115-114632,0.0,0.0
77.3312879467672,1.9381223925607627,-40.4213169057432,39.900105506026634,0,0,3.2,91.5786830942568,20260115-114632,0.0,0.0
78.75630295678127,1.7290373184773589,-37.6066519100529,45.54922101168781,0,0,3.2,94.39334808994711,20260115-114632,0.0,0.0
80.36437765223718,1.5794459038154856,-34.8982979569156,50.881373941393015,0,0,3.2,97.10170204308442,20260115-114632,0.0,0.0
82.1447619482769,1.4698407224134384,-32.30174138934194,55.88684589810346,0,0,3.2,99.69825861065807,20260115-114632,0.0,0.0
84.08651149704902,1.3884024685639815,-29.820196361898525,60.56349898601039,0,0,3.2,102.17980363810146,20260115-114632,0.0,0.0
86.17871950803301,1.3275521796090892,-27.454878148308183,64.91550451403664,0,0,3.2,104.54512185169183,20260115-114632,0.0,0.0
88.41070498781072,1.2822061506599551,-25.20530935657905,68.95202065775888,0,0,3.2,106.79469064342094,20260115-114632,0.0,0.0
90.77215760868397,1.2488271231062782,-23.069631998260775,72.68592740274671,0,0,3.2,108.93036800173923,20260115-114632,0.0,0.0
93.25324239685408,1.2248778134681864,-21.04490545021855,76.13268962135228,0,0,3.2,110.95509454978145,20260115-114632,0.0,0.0
95.84466922168222,1.2084908752321093,-19.127377273670646,79.30938593415013,0,0,3.2,112.87262272632935,20260115-114632,0.0,0.0
98.53773286917824,1.1982614801437745,-17.312719792327357,82.23391513624814,0,0,3.1,114.68728020767264,20260115-114632,0.0,0.0
101.32432955553162,1.1931124684093943,-15.596229925199225,84.9243740538667,0,0,3.1,116.40377007480078,20260115-114632,0.0,0.0
104.1969553339013,1.1922040788500263,-13.972992998921228,87.39858987431697,0,0,3.1,118.02700700107877,20260115-114632,0.0,0.0
107.14869118159429,1.1948719629426654,-12.4380133007013,89.6737847272894,0,0,3.1,119.56198669929871,20260115-114632,0.0,0.0
110.17317878276407,1.2005836567809611,-10.986315228747458,91.76634894244981,0,0,3.1,121.01368477125254,20260115-114632,0.0,0.0
113.26459024940552,1.2089074017741765,-9.613019312459983,93.69170052493673,0,0,3.1,122.38698068754,20260115-114632,0.0,0.0
116.41759431344195,1.21948941144047,-8.31339733791404,95.46421085848431,0,0,3.1,123.68660266208596,20260115-114632,0.0,0.0
119.62732090617584,1.2320370303321964,-7.082910505624511,97.09717967967286,0,0,3.1,124.91708949437547,20260115-114632,0.0,0.0
122.88932552807746,1.2463060771854662,-5.917234099046766,98.60284546280839,0,0,3.1,126.08276590095325,20260115-114632,0.0,0.0
126.19955439857546,1.2620912076703306,-4.812271643291979,99.99242022414904,0,0,3.1,127.187728356708,20260115-114632,0.0,0.0
129.55431105196314,1.279218488416526,-3.7641610405238737,101.2761402567995,0,0,3.1,128.23583895947613,20260115-114632,0.0,0.0
132.95022479858855,1.2975396121755933,-2.7692747136310345,102.46332639946924,0,0,3.1,129.23072528636897,20260115-114632,0.0,0.0
136.38422128654855,1.3169273460126274,-1.8242153886131405,103.56244913547481,0,0,3.1,130.17578461138686,20260115-114632,0.0,0.0
139.85349526550223,1.3372719164251041,-0.925808803549927,104.58119515391388,0,0,3.1,131.07419119645007,20260115-114632,0.0,0.0
143.35548555989777,1.3584781138556912,-0.07109434651010815,105.52653303557467,0,0,3.0,131.9289056534899,20260115-114632,0.0,0.0
146.8878521946143,1.3804629549342868,0.7426856086852638,106.40477650601389,0,0,3.0,132.74268560868526,20260115-114632,0.0,0.0
150.44845557424728,1.4031537810129144,1.5180970878301991,107.22164427739412,0,0,3.0,133.5180970878302,20260115-114632,0.0,0.0
154.03533759206766,1.426486700863574,2.257526191058105,107.9823159226209,0,0,3.0,134.2575261910581,20260115-114632,0.0,0.0
157.64670453144538,1.450405306991927,2.9631907422913457,108.69148352635119,0,0,3.0,134.96319074229135,20260115-114632,0.0,0.0
161.28091161772377,1.4748596110762267,3.6371516897387437,109.35339906693541,0,0,3.0,135.63715168973874,20260115-114632,0.0,0.0
164.93644907951608,1.4998051560998817,4.281324103638298,109.97191762456636,0,0,3.0,136.2813241036383,20260115-114632,0.0,0.0
168.6119295832065,1.525202271883554,4.897487670547633,110.55053660192793,0,0,3.0,136.89748767054763,20260115-114632,0.0,0.0
172.30607691164334,1.5510154477045193,5.487296623379478,111.09243119831842,0,0,3.0,137.48729662337948,20260115-114632,0.0,0.0
176.01771576658618,1.57721280106783,6.052289075953269,111.60048640704402,0,0,3.0,138.05228907595327,20260115-114632,0.0,0.0
179.74576258368063,1.6037656258653141,6.593895752418064,112.07732581666883,0,0,3.0,138.59389575241806,20260115-114632,0.0,0.0
183.489217258093,1.6306480064175997,7.113448117338862,112.52533749524756,0,0,3.0,139.11344811733886,20260115-114632,0.0,0.0
187.24715568809853,1.657836486457573,7.612185922991955,112.94669722718189,0,0,3.0,139.61218592299196,20260115-114632,0.0,0.0
191.01872305267608,1.6853097841422895,8.09126419762407,113.34338935787517,0,0,3.0,140.09126419762407,20260115-114632,0.0,0.0
194.80312774738374,1.7130485457953957,8.551759702986999,113.71722548407614,0,0,2.9,140.551759702987,20260115-114632,0.0,0.0
198.59963591041313,1.741035132375259,8.994676892046726,114.06986120921503,0,0,2.9,140.99467689204673,20260115-114632,0.0,0.0
202.40756647771445,1.769253433704922,9.420953398918357,114.40281116417616,0,0,2.9,141.42095339891836,20260115-114632,0.0,0.0
206.22628671245752,1.797688706342242,9.831465093193401,114.71746247550625,0,0,2.9,141.8314650931934,20260115-114632,0.0,0.0
210.0552081598637,1.8263274316533888,10.227030730216825,115.0150868454618,0,0,2.9,142.22703073021682,20260115-114632,0.0,0.0
213.89378298364633,1.8551571912122726,10.6084162277634,115.29685139180853,0,0,2.9,142.6084162277634,20260115-114632,0.0,0.0
217.74150064496965,1.884166557107505,10.9763385981353,115.56382838003316,0,0,2.9,142.9763385981353,20260115-114632,0.0,0.0
221.59788488902154,1.913344995116728,11.33146956308002,115.81700396665916,0,0,2.9,143.33146956308002,20260115-114632,0.0,0.0
225.46249100803743,1.942682779021137,11.674438877204636,116.05728605966313,0,0,2.9,143.67443887720464,20260115-114632,0.0,0.0
229.3349033529508,1.97217091459298,12.005837383809677,116.28551139051827,0,0,2.9,144.00583738380968,20260115-114632,0.0,0.0
233.21473306882177,2.0018010720055885,12.326219825328025,116.50245188207727,0,0,2.9,144.32621982532802,20260115-114632,0.0,0.0
237.1016160318459,2.03156552559689,12.636107428866694,116.70882038726444,0,0,2.9,144.6361074288667,20260115-114632,0.0,0.0
240.99521096810324,2.0614571000696573,12.935990285734789,116.90527586528962,0,0,2.9,144.9359902857348,20260115-114632,0.0,0.0
244.89519773630698,2.0914691223400856,13.22632954231122,117.09242805473536,0,0,2.9,145.22632954231122,20260115-114632,0.0,0.0
248.80127575867812,2.121595378354754,13.507559418169649,117.270841696317,0,0,2.9,145.50755941816965,20260115-114632,0.0,0.0
252.7131625857333,2.1518300742879957,13.780089066039977,117.44104035229262,0,0,2.9,145.78008906603998,20260115-114632,0.0,0.0
256.6305925822511,2.182167801609889,14.044304286942179,117.60350986432965,0,0,2.9,146.04430428694218,20260115-114632,0.0,0.0
260.5533157229975,2.2126035055817934,14.300569112682865,117.75870148704583,0,0,2.9,146.30056911268287,20260115-114632,0.0,0.0
264.4810964879632,2.243132456793374,14.549227266846572,117.90703473037298,0,0,2.9,146.54922726684657,20260115-114632,0.0,0.0
265.3106292299743,74.15629333979308,-150.75733159092368,-3.577722365575758,0,0,2.9,-18.757331590923698,20260115-114632,0.0,0.0
265.1913778407482,74.13045112136966,-150.7695429192828,-3.577360906742158,0,0,2.9,-18.76954291928281,20260115-114632,0.0,0.0
265.0721385082797,74.10461715920479,-150.78176523441923,-3.5769989599811884,0,0,2.9,-18.781765234419233,20260115-114632,0.0,0.0
264.9529112488469,74.07879146695538,-150.79399855005332,-3.5766365244637592,0,0,2.9,-18.793998550053317,20260115-114632,0.0,0.0
264.8336960787554,74.05297405830834,-150.80624287992612,-3.5762735993591406,0,0,2.9,-18.806242879926103,20260115-114632,0.0,0.0
264.7144930143388,74.02716494698096,-150.81849823779936,-3.5759101838349494,0,0,2.9,-18.818498237799368,20260115-114632,0.0,0.0
264.59530207195826,74.0013641467207,-150.83076463745564,-3.575546277057158,0,0,2.9,-18.830764637455648,20260115-114632,0.0,0.0
264.47612326800277,73.97557167130547,-150.84304209269828,-3.57518187819008,0,0,2.9,-18.843042092698283,20260115-114632,0.0,0.0
264.3569566188893,73.94978753454367,-150.85533061735143,-3.57481698639637,0,0,2.9,-18.855330617351438,20260115-114632,0.0,0.0
264.23780214106273,73.92401175027425,-150.86763022526014,-3.574451600837024,0,0,2.9,-18.86763022526015,20260115-114632,0.0,0.0
264.1186598509959,73.89824433236674,-150.87994093029036,-3.5740857206713694,0,0,2.9,-18.879940930290356,20260115-114632,0.0,0.0
263.9995297651897,73.87248529472143,-150.89226274632892,-3.573719345057068,0,0,2.9,-18.892262746328914,20260115-114632,0.0,0.0
263.8804119001732,73.84673465126944,-150.90459568728366,-3.573352473150105,0,0,2.9,-18.904595687283667,20260115-114632,0.0,0.0
263.7613062725036,73.8209924159728,-150.91693976708345,-3.5729851041047915,0,0,2.9,-18.916939767083445,20260115-114632,0.0,0.0
263.6422128987662,73.79525860282446,-150.92929499967812,-3.572617237073758,0,0,2.9,-18.92929499967812,20260115-114632,0.0,0.0
263.5231317955747,73.76953322584846,-150.94166139903865,-3.5722488712079525,0,0,2.9,-18.94166139903864,20260115-114632,0.0,0.0
263.40406297957117,73.74381629910003,-150.95403897915705,-3.5718800056566335,0,0,2.9,-18.95403897915704,20260115-114632,0.0,0.0
263.28500646742594,73.71810783666561,-150.96642775404652,-3.57151063956737,0,0,2.9,-18.96642775404651,20260115-114632,0.0,0.0
263.1659622758378,73.69240785266291,-150.9788277377414,-3.5711407720860375,0,0,2.9,-18.97882773774141,20260115-114632,0.0,0.0
263.04693042153417,73.66671636124123,-150.9912389442973,-3.570770402356808,0,0,2.9,-18.99123894429729,20260115-114632,0.0,0.0
262.92791092127084,73.64103337658112,-151.00366138779097,-3.570399529522159,0,0,2.9,-19.00366138779097,20260115-114632,0.0,0.0
262.8089037918324,73.61535891289495,-151.01609508232053,-3.5700281527228563,0,0,2.9,-19.01609508232052,20260115-114632,0.0,0.0
262.68990905003193,73.58969298442663,-151.02854004200532,-3.569656271097958,0,0,2.9,-19.028540042005325,20260115-114632,0.0,0.0
262.5709267127114,73.56403560545189,-151.04099628098612,-3.5692838837848107,0,0,2.9,-19.04099628098613,20260115-114632,0.0,0.0
262.45195679674146,73.53838679027828,-151.05346381342505,-3.5689109899190417,0,0,2.9,-19.053463813425044,20260115-114632,0.0,0.0
262.33299931902155,73.51274655324531,-151.0659426535056,-3.56853758863456,0,0,2.9,-19.06594265350559,20260115-114632,0.0,0.0
262.2140542964802,73.48711490872454,-151.07843281543276,-3.568163679063547,0,0,2.9,-19.078432815432755,20260115-114632,0.0,0.0
262.0951217460747,73.46149187111963,-151.090934313433,-3.567789260336459,0,0,2.9,-19.09093431343299,20260115-114632,0.0,0.0
261.97620168479153,73.43587745486649,-151.10344716175427,-3.5674143315820186,0,0,2.9,-19.103447161754275,20260115-114632,0.0,0.0
261.85729412964605,73.4102716744332,-151.11597137466615,-3.567038891927215,0,0,2.9,-19.11597137466614,20260115-114632,0.0,0.0
261.7383990976829,73.38467454432043,-151.1285069664597,-3.5666629404972943,0,0,2.9,-19.128506966459707,20260115-114632,0.0,0.0
261.6195166059758,73.35908607906119,-151.1410539514477,-3.566286476415763,0,0,2.9,-19.141053951447713,20260115-114632,0.0,0.0
261.5006466716278,73.33350629322109,-151.15361234396457,-3.565909498804379,0,0,2.9,-19.153612343964557,20260115-114632,0.0,0.0
261.3817893117713,73.30793520139848,-151.16618215836633,-3.565532006783148,0,0,2.9,-19.166182158366333,20260115-114632,0.0,0.0
261.2629445435678,73.28237281822429,-151.17876340903086,-3.5651539994703256,0,0,2.9,-19.178763409030857,20260115-114632,0.0,0.0
261.14411238420865,73.25681915836257,-151.1913561103577,-3.5647754759824015,0,0,2.9,-19.191356110357713,20260115-114632,0.0,0.0
261.02529285091424,73.23127423651002,-151.20396027676827,-3.564396435434112,0,0,2.9,-19.203960276768285,20260115-114632,0.0,0.0
260.9064859609348,73.20573806739658,-151.21657592270577,-3.56401687693842,0,0,2.9,-19.216575922705783,20260115-114632,0.0,0.0
260.78769173154996,73.18021066578522,-151.2292030626353,-3.5636367996065226,0,0,2.9,-19.229203062635285,20260115-114632,0.0,0.0
264.0697283184739,89.67723021968088,-152.34722290374424,-2.9446686485698375,0,0,2.8,-20.34722290374425,20260115-114632,0.0,0.0
263.971587437605,89.67083995537809,-152.36637070155948,-2.943784039147646,0,0,2.8,-20.366370701559465,20260115-114632,0.0,0.0
263.8734760601646,89.66448594840136,-152.38553274028573,-2.94289844266786,0,0,2.8,-20.385532740285736,20260115-114632,0.0,0.0
263.77539421907403,89.6581682719873,-152.40470903152485,-2.942011857959045,0,0,2.8,-20.404709031524845,20260115-114632,0.0,0.0
263.6773419472939,89.65188699956985,-152.42389958688307,-2.9411242838486933,0,0,2.8,-20.423899586883056,20260115-114632,0.0,0.0
263.57931927782374,89.64564220478104,-152.4431044179711,-2.940235719163227,0,0,2.8,-20.443104417971117,20260115-114632,0.0,0.0
263.4813262437023,89.6394339614515,-152.4623235364042,-2.9393461627279986,0,0,2.8,-20.462323536404213,20260115-114632,0.0,0.0
263.38336287800763,89.63326234361143,-152.48155695380197,-2.9384556133672866,0,0,2.8,-20.48155695380197,20260115-114632,0.0,0.0
263.2854292138567,89.62712742549083,-152.5008046817884,-2.937564069904306,0,0,2.8,-20.50080468178841,20260115-114632,0.0,0.0
263.18752528440587,89.62102928152062,-152.52006673199193,-2.9366715311611995,0,0,2.8,-20.52006673199194,20260115-114632,0.0,0.0
263.0896511228509,89.6149679863331,-152.53934311604533,-2.9357779959590444,0,0,2.8,-20.539343116045334,20260115-114632,0.0,0.0
262.99180676242673,89.60894361476261,-152.55863384558572,-2.934883463117851,0,0,2.8,-20.558633845585707,20260115-114632,0.0,0.0
262.89399223640766,89.60295624184627,-152.57793893225448,-2.933987931456565,0,0,2.8,-20.577938932254483,20260115-114632,0.0,0.0
262.7962075781073,89.59700594282465,-152.5972583876974,-2.933091399793067,0,0,2.8,-20.597258387697384,20260115-114632,0.0,0.0
262.69845282087897,89.59109279314258,-152.61659222356442,-2.932193866944173,0,0,2.8,-20.616592223564417,20260115-114632,0.0,0.0
262.6007279981151,89.58521686844955,-152.6359404515098,-2.9312953317256385,0,0,2.8,-20.63594045150982,20260115-114632,0.0,0.0
262.50303314324776,89.57937824460076,-152.65530308319208,-2.9303957929521536,0,0,2.8,-20.655303083192077,20260115-114632,0.0,0.0
262.4053682897486,89.57357699765753,-152.67468013027386,-2.9294952494373523,0,0,2.8,-20.674680130273863,20260115-114632,0.0,0.0
262.3077334711288,89.5678132038882,-152.69407160442205,-2.9285936999938036,0,0,2.8,-20.694071604422042,20260115-114632,0.0,0.0
261.9302061878682,2.881100140150225,-153.77399622449747,-90.91326002094836,0,0,2.8,-21.77399622449747,20260115-114632,0.0,0.0
258.89998582741777,2.8481883040394487,-153.69902476570078,-90.89988378234415,0,0,2.8,-21.69902476570078,20260115-114632,0.0,0.0
255.87021924644554,2.8152865798737845,-153.6222776945206,-90.88602953448411,0,0,2.8,-21.62227769452058,20260115-114632,0.0,0.0
252.8409227577295,2.7823953359576494,-153.54369146048725,-90.87167430530008,0,0,2.8,-21.543691460487246,20260115-114632,0.0,0.0
249.8121134627086,2.7495149587014747,-153.46319945806738,-90.85679373087989,0,0,2.8,-21.463199458067376,20260115-114632,0.0,0.0
246.7838092995553,2.7166458537481732,-153.38073184174817,-90.8413619534052,0,0,2.8,-21.380731841748176,20260115-114632,0.0,0.0
243.75602909479468,2.6837884471847753,-153.29621532759555,-90.82535151028333,0,0,2.8,-21.29621532759555,20260115-114632,0.0,0.0
240.72879261877782,2.6509431868468196,-153.20957298012354,-90.80873321359789,0,0,2.8,-21.20957298012353,20260115-114632,0.0,0.0
237.7021206453483,2.618110543723912,-153.12072398319782,-90.79147601890364,0,0,2.8,-21.12072398319783,20260115-114632,0.0,0.0
234.6760350160747,2.5852910134757137,-153.02958339356866,-90.77354688227994,0,0,2.8,-21.029583393568657,20260115-114632,0.0,0.0
231.65055870946037,2.552485118068619,-152.93606187548556,-90.75491060443191,0,0,2.8,-20.93606187548556,20260115-114632,0.0,0.0
228.6257159155842,2.519693407544492,-152.84006541468864,-90.73552966048597,0,0,2.8,-20.840065414688627,20260115-114632,0.0,0.0
225.60153211667404,2.4869164619340323,-152.74149500989347,-90.71536401396756,0,0,2.8,-20.74149500989348,20260115-114632,0.0,0.0
222.57803417416787,2.454154893328806,-152.6402463396898,-90.69437091326535,0,0,2.8,-20.64024633968981,20260115-114632,0.0,0.0
219.55525042287738,2.421409348127462,-152.53620940255206,-90.67250466868192,0,0,2.8,-20.53620940255205,20260115-114632,0.0,0.0
216.53321077293612,2.388680509473487,-152.42926812741305,-90.64971640793618,0,0,2.8,-20.429268127413057,20260115-114632,0.0,0.0
213.51194682028964,2.355969099903818,-152.31929995197368,-90.62595380771599,0,0,2.8,-20.319299951973683,20260115-114632,0.0,0.0
210.4914919665701,2.3232758842299046,-152.20617536560894,-90.60116079857715,0,0,2.8,-20.206175365608953,20260115-114632,0.0,0.0
207.47188154929358,2.2906016726753684,-152.08975741338034,-90.57527724013724,0,0,2.8,-20.089757413380333,20260115-114632,0.0,0.0
204.45315298342703,2.2579473242973465,-151.96990115726786,-90.54823856311664,0,0,2.8,-19.969901157267856,20260115-114632,0.0,0.0
201.43534591549258,2.2253137507218623,-151.84645309028946,-90.51997537432626,0,0,2.8,-19.84645309028945,20260115-114632,0.0,0.0
198.4185023915177,2.192701920227405,-151.71925049867062,-90.4904130201791,0,0,2.8,-19.719250498670622,20260115-114632,0.0,0.0
195.4026670402948,2.1601128622151777,-151.58812076665652,-90.45947110370473,0,0,2.8,-19.58812076665653,20260115-114632,0.0,0.0
192.38788727359355,2.1275476721094013,-151.45288061791194,-90.42706294935643,0,0,2.8,-19.45288061791196,20260115-114632,0.0,0.0
189.37421350517232,2.095007516736741,-151.31333528672002,-90.39309500910451,0,0,2.8,-19.313335286720022,20260115-114632,0.0,0.0
186.36169939066684,2.0624936402404197,-151.16927761135568,-90.35746620238942,0,0,2.8,-19.169277611355692,20260115-114632,0.0,0.0
183.35040209069896,2.030007370592048,-151.02048704105908,-90.32006718144336,0,0,2.8,-19.02048704105907,20260115-114632,0.0,0.0
180.3403825598519,1.9975501267728668,-150.86672854694842,-90.28077951225184,0,0,2.8,-18.866728546948426,20260115-114632,0.0,0.0
177.33170586450555,1.96512342670609,-150.70775142597319,-90.23947475998811,0,0,2.8,-18.70775142597318,20260115-114632,0.0,0.0
174.32444153292536,1.9327288960336115,-150.5432879855874,-90.19601346607783,0,0,2.8,-18.54328798558739,20260115-114632,0.0,0.0
171.31866394145777,1.9003682778438467,-150.37305209519639,-90.15024400209181,0,0,2.8,-18.373052095196382,20260115-114632,0.0,0.0
168.31445274121592,1.8680434434731588,-150.1967375885584,-90.10200128337345,0,0,2.8,-18.196737588558406,20260115-114632,0.0,0.0
165.31189333025287,1.8357564045216992,-150.01401649917003,-90.05110532261735,0,0,2.8,-18.01401649917002,20260115-114632,0.0,0.0
162.3110773769302,1.803509326245993,-149.8245371081801,-89.99735960045237,0,0,2.8,-17.82453710818011,20260115-114632,0.0,0.0
159.31210340101526,1.7713045425158975,-149.62792178150792,-89.94054922635385,0,0,2.8,-17.627921781507933,20260115-114632,0.0,0.0
156.31507742000053,1.7391445725533357,-149.42376456951726,-89.88043885880379,0,0,2.8,-17.423764569517267,20260115-114632,0.0,0.0
153.3201136692599,1.707032139705475,-149.21162853874432,-89.8167703483973,0,0,2.8,-17.211628538744336,20260115-114632,0.0,0.0
150.32733540596607,1.674970192546778,-148.99104280069554,-89.74926006139526,0,0,2.8,-16.991042800695553,20260115-114632,0.0,0.0
147.33687580823036,1.6429619286541155,-148.76149919751148,-89.6775958338402,0,0,2.8,-16.76149919751149,20260115-114632,0.0,0.0
144.34887898273058,1.611010821458475,-148.52244859820053,-89.60143349754108,0,0,2.8,-16.522448598200533,20260115-114632,0.0,0.0
141.3635010962205,1.5791206506480104,-148.2732967520193,-89.52039290868012,0,0,2.8,-16.273296752019288,20260115-114632,0.0,0.0
138.38091164882638,1.5472955366827328,-148.01339963722393,-89.43405339713125,0,0,2.8,-16.01339963722394,20260115-114632,0.0,0.0
135.40129491001363,1.51553998008454,-147.74205823360657,-89.34194853933228,0,0,2.8,-15.742058233606578,20260115-114632,0.0,0.0
132.4248515416412,1.4838589062915928,-147.45851263568414,-89.24356013914603,0,0,2.8,-15.45851263568414,20260115-114632,0.0,0.0
129.45180043673383,1.4522577170186308,-147.16193540979128,-89.13831127886037,0,0,2.8,-15.161935409791298,20260115-114632,0.0,0.0
126.48238080763362,1.4207423492514568,-146.851424082238,-89.02555827541362,0,0,2.8,-14.851424082238,20260115-114632,0.0,0.0
123.51685456321967,1.389319343233052,-146.52599262664214,-88.90458134397419,0,0,2.8,-14.52599262664214,20260115-114632,0.0,0.0
120.55550902213014,1.357995921081889,-146.18456179595128,-88.77457373074132,0,0,2.8,-14.184561795951286,20260115-114632,0.0,0.0
117.59866001765188,1.326780078034217,-145.82594811781848,-88.63462902750871,0,0,2.8,-13.825948117818477,20260115-114632,0.0,0.0
114.64665546050036,1.295680688740258,-145.44885134004565,-88.48372631992147,0,0,2.8,-13.448851340045662,20260115-114632,0.0,0.0
111.69987943851645,1.2647076315939292,-145.05184007473298,-88.32071274666026,0,0,2.8,-13.051840074732969,20260115-114632,0.0,0.0
108.75875694788246,1.2338719347693068,-144.63333534435048,-88.14428295446784,0,0,2.8,-12.633335344350474,20260115-114632,0.0,0.0
105.823759369468,1.2031859485177654,-144.19159167872579,-87.95295481952304,0,0,2.8,-12.19159167872578,20260115-114632,0.0,0.0
102.8954108271821,1.1726635494053061,-143.7246753471949,-87.74504066350791,0,0,2.8,-11.724675347194905,20260115-114632,0.0,0.0
99.97429559377319,1.1423203836181888,-143.23043923288535,-87.51861301565357,0,0,2.8,-11.230439232885338,20260115-114632,0.0,0.0
97.0610667446877,1.112174158342854,-142.70649376397756,-87.27146375106328,0,0,2.8,-10.706493763977567,20260115-114632,0.0,0.0
94.15645630402268,1.0822449926795852,-142.15017320723368,-87.0010551593276,0,0,2.8,-10.150173207233667,20260115-114632,0.0,0.0
91.2612871803536,1.0525558427811903,-141.55849649929868,-86.70446115164019,0,0,2.8,-9.55849649929869,20260115-114632,0.0,0.0
88.37648725689229,1.0231330202027313,-140.92812163846688,-86.37829638161878,0,0,2.8,-8.92812163846688,20260115-114632,0.0,0.0
85.50310608328418,0.9940068282090245,-140.25529248130843,-86.01863051317407,0,0,2.8,-8.255292481308437,20260115-114632,0.0,0.0
82.64233471944073,0.9652123485912816,-139.53577658335053,-85.62088419201893,0,0,2.8,-7.5357765833505175,20260115-114632,0.0,0.0
79.79552941011069,0.9367904222316383,-138.76479249169634,-85.17970243549289,0,0,2.8,-6.764792491696341,20260115-114632,0.0,0.0
76.96423992847998,0.9087888814581705,-137.93692464510733,-84.68880011492799,0,0,2.8,-5.936924645107316,20260115-114632,0.0,0.0
74.15024362513216,0.8812641129938421,-137.04602377641285,-84.14077293267732,0,0,2.8,-5.046023776412859,20260115-114632,0.0,0.0
71.35558646338285,0.8542830598086448,-136.08509046925957,-83.52686576667709,0,0,2.8,-4.085090469259555,20260115-114632,0.0,0.0
68.58263262203621,0.8279258127289056,-135.04613934490393,-82.83668846606281,0,0,2.8,-3.04613934490394,20260115-114632,0.0,0.0
65.83412461006904,0.8022890049741398,-133.9200413313236,-82.05786717990865,0,0,2.8,-1.9200413313235987,20260115-114632,0.0,0.0
63.113256269567,0.7774903156451464,-132.69634174412803,-81.17561723864927,0,0,2.8,-0.6963417441280296,20260115-114632,0.0,0.0
60.42376154039907,0.7536745291614594,-131.3630527331081,-80.17222183112216,0,0,2.8,0.636947266891906,20260115-114632,0.0,0.0
57.770022402652835,0.7310218161444141,-129.90642042216749,-79.02639993337806,0,0,2.9,2.0935795778325215,20260115-114632,0.0,0.0
55.157199947822235,0.70975924771488,-128.31067043658538,-77.71254848091763,0,0,2.9,3.6893295634146286,20260115-114632,0.0,0.0
52.59139294346654,0.690177118702418,-126.55774147136717,-76.19985003609231,0,0,2.9,5.442258528632837,20260115-114632,0.0,0.0
50.07982832791256,0.672652598236223,-124.62702661738675,-74.45125233921338,0,0,2.9,7.372973382613255,20260115-114632,0.0,0.0
47.63108740036609,0.6576848554487441,-122.49515849762945,-72.4223570084596,0,0,2.9,9.504841502370558,20260115-114632,0.0,0.0
45.2553693665013,0.6459487273666802,-120.13589975923213,-70.06031198635921,0,0,2.9,11.864100240767868,20260115-114632,0.0,0.0
42.96478923519403,0.6383794500002965,-117.52023842928092,-67.30290148778141,0,0,2.9,14.479761570719075,20260115-114632,0.0,0.0
40.773698133966896,0.636311668276019,-114.61684063683944,-64.07818710041334,0,0,2.9,17.38315936316056,20260115-114632,0.0,0.0
38.698998604409596,0.6417181399200442,-111.393079991186,-60.30529012197061,0,0,2.9,20.606920008814004,20260115-114632,0.0,0.0
36.76040280542864,0.6576428710950563,-107.8169320463957,-55.89721172559515,0,0,2.9,24.18306795360429,20260115-114632,0.0,0.0
34.98054636250935,0.6890424725710488,-103.86006124212096,-50.76689428444837,0,0,2.9,28.13993875787903,20260115-114632,0.0,0.0
33.38482770947001,0.7445682442392719,-99.50236955639535,-44.837834500421664,0,0,2.9,32.49763044360465,20260115-114632,0.0,0.0
32.0008047794326,0.8407971867361578,-94.73801564078008,-38.06007594251675,0,0,2.9,37.26198435921993,20260115-114632,0.0,0.0
30.856976194059367,1.0140044737686877,-89.58234193527439,-30.43080873142024,0,0,2.9,42.417658064725615,20260115-114632,0.0,0.0
29.9808462375425,1.3617875072424932,-84.07826657605747,-22.015803550916125,0,0,2.9,47.92173342394252,20260115-114632,0.0,0.0
29.396360155070496,2.2674920629376594,-78.2998016594024,-12.964261544971368,0,0,2.9,53.700198340597595,20260115-114632,0.0,0.0
29.121083901240628,8.30173993153765,-72.35012811828595,-3.5078289781894934,0,0,2.9,59.64987188171405,20260115-114632,0.0,0.0
29.16377466598941,4.810705815517247,-66.3528316789279,6.062265244305678,0,0,2.9,65.6471683210721,20260115-114632,0.0,0.0
29.52305312672023,1.9124802012591304,-60.43748444265688,15.437050332486042,0,0,2.9,71.56251555734312,20260115-114632,0.0,0.0
30.187617776941508,1.2403610838895127,-54.723441741505795,24.33776596914784,0,0,2.9,77.2765582584942,20260115-114632,0.0,0.0
31.13792793586809,0.9565146135971555,-49.306651207142295,32.55353080155041,0,0,2.9,82.69334879285772,20260115-114632,0.0,0.0
32.34881038308741,0.8095665189620744,-44.25272671412057,39.95818703639206,0,0,2.9,87.74727328587943,20260115-114632,0.0,0.0
33.79226536104975,0.7266183703812904,-39.596695062507365,46.506208401141,0,0,2.9,92.40330493749265,20260115-114632,0.0,0.0
35.439886444954816,0.6787275020648893,-35.3475457417897,52.215191423857476,0,0,2.9,96.65245425821031,20260115-114632,0.0,0.0
37.26460240227999,0.6521167847411018,-31.49496327461003,57.14406264987411,0,0,2.9,100.50503672538999,20260115-114632,0.0,0.0
39.2417165926487,0.6393919704987097,-28.016112194244897,61.37348982040101,0,0,2.9,103.98388780575512,20260115-114632,0.0,0.0
41.349374094955046,0.6362289388497973,-24.8812878455405,64.99134442030925,0,0,2.9,107.11871215445949,20260115-114632,0.0,0.0
43.568633704998696,0.6399301264141543,-22.05805741606696,68.08342334050649,0,0,2.9,109.94194258393303,20260115-114632,0.0,0.0
45.883304542776635,0.6487254616115501,-19.51399632900467,70.72838551579939,0,0,2.9,112.48600367099533,20260115-114632,0.0,0.0
48.27966566349705,0.6614052970154097,-17.218319696605647,72.99558361772873,0,0,2.9,114.78168030339437,20260115-114632,0.0,0.0
50.74614552221632,0.6771148818478481,-15.14273181235501,74.94466136046215,0,0,2.9,116.857268187645,20260115-114632,0.0,0.0
53.27300575445207,0.6952331027497011,-13.261764709118665,76.62610647242369,0,0,2.9,118.73823529088135,20260115-114632,0.0,0.0
55.852051769248746,0.7152977618869071,-11.552806224254596,78.082240355282,0,0,2.9,120.44719377574539,20260115-114632,0.0,0.0
58.47637915880933,0.7369578080909863,-9.995954374629719,79.34834059264044,0,0,2.9,122.00404562537027,20260115-114632,0.0,0.0
61.14015734510215,0.7599418216242271,-8.573785990131626,80.45373422721626,0,0,2.9,123.42621400986837,20260115-114632,0.0,0.0
63.83844804513889,0.7840366467094293,-7.271093245533564,81.42278592852301,0,0,2.9,124.72890675446642,20260115-114632,0.0,0.0
66.56705450452931,0.8090725538616055,-6.0746190057099625,82.27575411724548,0,0,2.9,125.92538099429002,20260115-114632,0.0,0.0
69.32239702992882,0.8349127167915242,-4.972807496276516,83.02951390694707,0,0,2.9,127.02719250372348,20260115-114632,0.0,0.0
72.10141054452556,0.8614456078247507,-3.9555780296983585,83.69815794474816,0,0,2.9,128.04442197030164,20260115-114632,0.0,0.0
74.90146035301575,0.8885794092211126,-3.0141243751283753,84.29349090890018,0,0,2.9,128.98587562487162,20260115-114632,0.0,0.0
77.72027284748548,0.9162378433131484,-2.1407395009364905,84.82543415413429,0,0,2.9,129.8592604990635,20260115-114632,0.0,0.0
80.55587841945376,0.9443570182885068,-1.3286639502894673,85.3023558457247,0,0,2.9,130.67133604971053,20260115-114632,0.0,0.0
83.4065643240451,0.9728830122673345,-0.5719554639152875,85.73134001966329,0,0,2.9,131.4280445360847,20260115-114632,0.0,0.0
86.27083565563372,1.0017700016330557,0.13462271334049092,86.11840593648998,0,0,2.9,132.1346227133405,20260115-114632,0.0,0.0
89.14738294011036,1.0309787957500984,0.7956973298214791,86.46868714234839,0,0,2.9,132.79569732982148,20260115-114632,0.0,0.0
92.03505513329704,1.0604756787206386,1.4153667152086769,86.7865779291878,0,0,2.9,133.41536671520868,20260115-114632,0.0,0.0
94.93283704638982,1.090231485652602,1.997270495243356,87.07585342718656,0,0,2.9,133.99727049524336,20260115-114632,0.0,0.0
97.83983040629624,1.1202208598517418,2.544649208444497,87.33976835536261,0,0,2.9,134.5446492084445,20260115-114632,0.0,0.0
100.75523790929307,1.1504216509025085,3.06039535266288,87.58113847235956,0,0,2.9,135.06039535266288,20260115-114632,0.0,0.0
103.67834974744108,1.1808144234168363,3.547097164719105,87.8024079748574,0,0,2.9,135.5470971647191,20260115-114632,0.0,0.0
106.60853218441858,1.2113820534182065,4.007076238412935,88.00570545320274,0,0,2.9,136.00707623841294,20260115-114632,0.0,0.0
109.54521783559855,1.2421093946486104,4.4424199149111985,88.19289050348792,0,0,2.9,136.4424199149112,20260115-114632,0.0,0.0
112.48789737011843,1.2729830010625647,4.855009233136627,88.36559268758835,0,0,2.9,136.85500923313663,20260115-114632,0.0,0.0
115.4361124034454,1.3039908947719399,5.246543103686577,88.52524420704218,0,0,2.9,137.24654310368658,20260115-114632,0.0,0.0
118.38944938997098,1.3351223709876108,5.618559265186917,88.67310739643773,0,0,2.9,137.61855926518692,20260115-114632,0.0,0.0
121.34753435842505,1.366367833254533,5.972452494079249,88.81029793374819,0,0,2.9,137.97245249407925,20260115-114632,0.0,0.0
124.3100283599309,1.3977186536299107,6.309490465128192,88.93780449813316,0,0,2.9,138.3094904651282,20260115-114632,0.0,0.0
127.27662352055671,1.4291670535075034,6.630827598190734,89.05650547162469,0,0,2.9,138.63082759819073,20260115-114632,0.0,0.0
130.2470396082355,1.46070600161678,6.937517175078,89.1671831731175,0,0,2.9,138.937517175078,20260115-114632,0.0,0.0
133.22102103870108,1.492329126376999,7.230521967017722,89.27053602587542,0,0,2.9,139.23052196701772,20260115-114632,0.0,0.0
136.19833425724352,1.5240306403033088,7.510723576898499,89.3671889891516,0,0,2.9,139.5107235768985,20260115-114632,0.0,0.0
139.17876544311872,1.555805274574736,7.778930669984476,89.4577025271764,0,0,2.9,139.77893066998448,20260115-114632,0.0,0.0
142.1621184917505,1.5876482222052668,8.035886241154486,89.5425803420642,0,0,2.9,140.0358862411545,20260115-114632,0.0,0.0
145.1482132367581,1.6195550885266552,8.282274045136177,89.62227605903954,0,0,2.9,140.28227404513618,20260115-114632,0.0,0.0
148.13688387958388,1.651521847908464,8.518724298000365,89.69719902112637,0,0,2.9,140.51872429800036,20260115-114632,0.0,0.0
151.1279775992925,1.6835448058175992,8.745818742795905,89.7677193247604,0,0,2.9,140.7458187427959,20260115-114632,0.0,0.0
154.12135331913044,1.715620565464291,8.96409515918009,89.83417220661565,0,0,2.9,140.9640951591801,20260115-114632,0.0,0.0
157.11688060980984,1.7477459984004535,9.174051385847491,89.89686187443945,0,0,2.9,141.1740513858475,20260115-114632,0.0,0.0
160.11443871232626,1.7799182185346094,9.376148915165544,89.95606486018612,0,0,2.9,141.37614891516554,20260115-114632,0.0,0.0
163.11391566551993,1.8121345591089761,9.570816111420811,90.01203296168183,0,0,2.9,141.5708161114208,20260115-114632,0.0,0.0
166.11520752562794,1.8443925522521347,9.758451097248496,90.06499582900041,0,0,2.9,141.7584510972485,20260115-114632,0.0,0.0
169.11821766680126,1.876689910777256,9.93942434697206,90.11516324332915,0,0,2.9,141.93942434697206,20260115-114632,0.0,0.0
172.1228561530331,1.9090245119433575,10.114081020570154,90.16272712905854,0,0,2.9,142.11408102057015,20260115-114632,0.0,0.0
168.6928726893494,1.3749630638197987,-164.16378906112374,-122.6890213477459,0,0,2.9,-32.16378906112373,20260115-114632,0.0,0.0
164.60323950536412,1.3416303093943192,-164.15792896445618,-122.68896904965905,0,0,2.9,-32.15792896445619,20260115-114632,0.0,0.0
160.5136081309995,1.3082975844686868,-164.15177025584092,-122.68891270343951,0,0,2.9,-32.15177025584091,20260115-114632,0.0,0.0
156.42397870819065,1.2749648913567253,-164.14528951421917,-122.68885188025497,0,0,2.9,-32.145289514219165,20260115-114632,0.0,0.0
152.33435139411426,1.241632232620733,-164.13846080347994,-122.68878609294777,0,0,2.9,-32.138460803479944,20260115-114632,0.0,0.0
148.24472636329116,1.2082996111057596,-164.13125532555324,-122.68871478624988,0,0,2.9,-32.13125532555324,20260115-114632,0.0,0.0
144.15510381004646,1.1749670299797144,-164.12364101445513,-122.68863732502798,0,0,2.9,-32.12364101445514,20260115-114632,0.0,0.0
140.0654839514006,1.1416344927805,-164.11558205921693,-122.68855298009181,0,0,2.9,-32.11558205921694,20260115-114632,0.0,0.0
135.97586703048245,1.1083020034716546,-164.10703834072623,-122.68846091097056,0,0,2.9,-32.107038340726234,20260115-114632,0.0,0.0
131.88625332057708,1.0749695665083467,-164.09796476379472,-122.68836014489442,0,0,2.9,-32.09796476379473,20260115-114632,0.0,0.0
127.79664312995082,1.0416371869160377,-164.08831046098368,-122.68824955099458,0,0,2.9,-32.08831046098369,20260115-114632,0.0,0.0
123.70703680763346,1.008304870384754,-164.07801783851167,-122.68812780843628,0,0,2.9,-32.07801783851167,20260115-114632,0.0,0.0
119.61743475038641,0.974972623382692,-164.0670214264529,-122.68799336679908,0,0,2.9,-32.0670214264529,20260115-114632,0.0,0.0
115.52783741115088,0.9416404532939584,-164.05524648473312,-122.68784439647025,0,0,2.9,-32.055246484733104,20260115-114632,0.0,0.0
111.43824530935632,0.9083083685866378,-164.0426073021934,-122.68767872606794,0,0,2.9,-32.04260730219342,20260115-114632,0.0,0.0
107.34865904358486,0.8749763790192769,-164.02900510687644,-122.68749376286856,0,0,2.9,-32.02900510687643,20260115-114632,0.0,0.0
103.25907930724536,0.8416444958964431,-164.01432547975799,-122.68728639075003,0,0,2.9,-32.01432547975798,20260115-114632,0.0,0.0
99.16950690812541,0.808312732387512,-163.99843512859542,-122.68705283808731,0,0,2.9,-31.998435128595432,20260115-114632,0.0,0.0
95.0799427929891,0.7749811039277361,-163.98117782924828,-122.68678850504583,0,0,2.9,-31.981177829248285,20260115-114632,0.0,0.0
90.99038807880764,0.7416496287274688,-163.96236927256643,-122.68648773536101,0,0,2.9,-31.962369272566445,20260115-114632,0.0,0.0
86.9008440928082,0.7083183284251868,-163.9417904563498,-122.68614351123168,0,0,2.9,-31.94179045634978,20260115-114632,0.0,0.0
82.81131242438855,0.6749872289340151,-163.91917911947704,-122.68574704023617,0,0,2.9,-31.919179119477032,20260115-114632,0.0,0.0
78.72179499321277,0.6416563615521301,-163.89421850632502,-122.68528718828446,0,0,2.9,-31.894218506325018,20260115-114632,0.0,0.0
74.6322941396936,0.6083257644382611,-163.8665224375792,-122.684749689355,0,0,2.9,-31.86652243757919,20260115-114632,0.0,0.0
70.54281274694583,0.5749954846004659,-163.83561518874893,-122.68411602564552,0,0,2.9,-31.835615188748918,20260115-114632,0.0,0.0
66.4533544077662,0.5416655806193034,-163.80090394000098,-122.68336181115288,0,0,2.9,-31.800903940000993,20260115-114632,0.0,0.0
62.363923657306,0.5083361264425459,-163.76164038795196,-122.6824544101227,0,0,2.9,-31.761640387951946,20260115-114632,0.0,0.0
58.27452630370323,0.47500721677786806,-163.71686619644035,-122.68134934664515,0,0,2.9,-31.71686619644036,20260115-114632,0.0,0.0
54.18516990841963,0.4416789749278398,-163.66533375023351,-122.67998474972063,0,0,2.9,-31.665333750233504,20260115-114632,0.0,0.0
50.09586450181496,0.4083515644630356,-163.6053881027268,-122.6782725020016,0,0,2.9,-31.60538810272682,20260115-114632,0.0,0.0
46.006623680299555,0.37502520712179954,-163.53478597927156,-122.67608365151216,0,0,2.9,-31.534785979271554,20260115-114632,0.0,0.0
41.91746634559145,0.3417002111897712,-163.45040886629582,-122.67322340726213,0,0,2.9,-31.45040886629581,20260115-114632,0.0,0.0
37.82841957184413,0.3083770182913478,-163.34779007333236,-122.66938626439625,0,0,2.9,-31.347790073332355,20260115-114632,0.0,0.0
33.73952355724312,0.2750562842187579,-163.220298022559,-122.66407093033142,0,0,2.9,-31.220298022559,20260115-114632,0.0,0.0
29.65084067160058,0.24173902667083902,-163.05764410862278,-122.65640794514442,0,0,2.9,-31.057644108622775,20260115-114632,0.0,0.0
269.25169950478625,269251699.50478625,-41.75571141043437,0.0,0,0,2.8,90.24428858956563,20260115-114632,0.0,0.0
269.25169950478625,269251699.50478625,-41.75571141043437,0.0,0,0,2.8,90.24428858956563,20260115-114632,0.0,0.0
269.25169950478625,269251699.50478625,-41.75571141043437,0.0,0,0,2.8,90.24428858956563,20260115-114632,0.0,0.0
269.25169950478625,269251699.50478625,-41.75571141043437,0.0,0,0,2.8,90.24428858956563,20260115-114632,0.0,0.0
269.25169950478625,269251699.50478625,-41.75571141043437,0.0,0,0,2.8,90.24428858956563,20260115-114632,0.0,0.0
269.25169950478625,269251699.50478625,-41.75571141043437,0.0,0,0,2.8,90.24428858956563,20260115-114632,0.0,0.0
269.25169950478625,269251699.50478625,-41.75571141043437,0.0,0,0,2.8,90.24428858956563,20260115-114632,0.0,0.0
269.25169950478625,269251699.50478625,-41.75571141043437,0.0,0,0,2.8,90.24428858956563,20260115-114632,0.0,0.0
269.25169950478625,269251699.50478625,-41.75571141043437,0.0,0,0,2.8,90.24428858956563,20260115-114632,0.0,0.0
269.25169950478625,269251699.50478625,-41.75571141043437,0.0,0,0,2.8,90.24428858956563,20260115-114632,0.0,0.0
269.25169950478625,269251699.50478625,-41.75571141043437,0.0,0,0,2.8,90.24428858956563,20260115-114632,0.0,0.0
269.25169950478625,269251699.50478625,-41.75571141043437,0.0,0,0,2.8,90.24428858956563,20260115-114632,0.0,0.0
269.25169950478625,269251699.50478625,-41.75571141043437,0.0,0,0,2.8,90.24428858956563,20260115-114632,0.0,0.0
269.25169950478625,269251699.50478625,-41.75571141043437,0.0,0,0,2.8,90.24428858956563,20260115-114632,0.0,0.0
269.25169950478625,269251699.50478625,-41.75571141043437,0.0,0,0,2.8,90.24428858956563,20260115-114632,0.0,0.0
269.25169950478625,269251699.50478625,-41.75571141043437,0.0,0,0,2.8,90.24428858956563,20260115-114632,0.0,0.0
268.60636465211104,4.478598186855297,-141.11899747414955,-59.97554445506448,0,0,2.8,-9.11899747414956,20260115-114632,0.0,0.0
266.61712237714016,4.490260040822655,-140.62418158231418,-59.376766591071096,0,0,2.8,-8.624181582314177,20260115-114632,0.0,0.0
264.6480633703562,4.5035360270732685,-140.12196461545435,-58.76450455362387,0,0,2.8,-8.121964615454353,20260115-114632,0.0,0.0
262.69964148179236,4.518514588709922,-139.61225819454447,-58.138495809702704,0,0,2.8,-7.612258194544467,20260115-114632,0.0,0.0
260.7723192971475,4.535290750458076,-139.09497602737483,-57.49847885073494,0,0,2.8,-7.094976027374836,20260115-114632,0.0,0.0
258.86656809355213,4.553966742498019,-138.57003417823046,-56.844193805322845,0,0,2.8,-6.570034178230457,20260115-114632,0.0,0.0
256.9828677741435,4.574652696623257,-138.03735135161878,-56.17538309822586,0,0,2.8,-6.037351351618779,20260115-114632,0.0,0.0
255.1217067798842,4.597467424700825,-137.49684919013632,-55.49179215695823,0,0,2.8,-5.496849190136322,20260115-114632,0.0,0.0
253.28358197701746,4.622539291013308,-136.94845258648832,-54.793170167190745,0,0,2.8,-4.948452586488307,20260115-114632,0.0,0.0
251.46899851851495,4.650007191962672,-136.3920900095902,-54.079270877939244,0,0,2.8,-4.392090009590185,20260115-114632,0.0,0.0
249.67846967784436,4.680021658874202,-135.82769384458473,-53.34985345728197,0,0,2.8,-3.8276938445847213,20260115-114632,0.0,0.0
247.91251665336435,4.712746102332116,-135.2552007465028,-52.604683399066225,0,0,2.8,-3.255200746502788,20260115-114632,0.0,0.0
246.17166834164345,4.7483582197012,-134.6745520071798,-51.843533480743645,0,0,2.8,-2.6745520071798263,20260115-114632,0.0,0.0
244.45646107800172,4.787051591359892,-134.08569393491302,-51.066184772108805,0,0,2.8,-2.08569393491303,20260115-114632,0.0,0.0
242.76743834258758,4.829037495837593,-133.48857824620652,-50.27242769430593,0,0,2.8,-1.488578246206519,20260115-114632,0.0,0.0
241.10515043033112,4.874546979698861,-132.88316246880328,-49.46206312801319,0,0,2.8,-0.8831624688032802,20260115-114632,0.0,0.0
239.4701540831595,4.923833224884947,-132.26941035504368,-48.63490356921159,0,0,2.8,-0.26941035504366373,20260115-114632,0.0,0.0
237.86301208292295,4.977174264607726,-131.64729230442126,-47.79077433039609,0,0,2.8,0.3527076955787509,20260115-114632,0.0,0.0
236.28429280355977,5.034876109173895,-131.01678579402858,-46.92951478449158,0,0,2.8,0.9832142059714216,20260115-114632,0.0,0.0
234.7345697211321,5.097276355788428,-130.37787581539854,-46.050979648095655,0,0,2.8,1.622124184601469,20260115-114632,0.0,0.0
233.2144208804865,5.164748372078076,-129.73055531605317,-45.155040299988684,0,0,2.8,2.2694446839468316,20260115-114632,0.0,0.0
231.7244283174422,5.23770616261034,-129.07482564387217,-44.2415861301308,0,0,2.8,2.925174356127828,20260115-114632,0.0,0.0
230.26517743558003,5.316610052135483,-128.41069699218932,-43.31052591361127,0,0,2.8,3.5893030078106825,20260115-114632,0.0,0.0
228.83725633690403,5.401973350064018,-127.73818884331982,-42.3617892032348,0,0,2.8,4.261811156680179,20260115-114632,0.0,0.0
227.44125510587065,5.4943701996858225,-127.05733040801633,-41.39532773362744,0,0,2.8,4.942669591983675,20260115-114632,0.0,0.0
226.0777650465312,5.594444865346122,-126.36816105814944,-40.41111682893384,0,0,2.8,5.631838941850565,20260115-114632,0.0,0.0
224.74737787281174,5.702922774592773,-125.67073074971316,-39.40915680536463,0,0,2.8,6.329269250286842,20260115-114632,0.0,0.0
223.45068485225843,5.820623714780333,-124.96510043306968,-38.389474359053516,0,0,2.8,7.034899566930323,20260115-114632,0.0,0.0
222.18827590390822,5.948477691035591,-124.25134244717528,-37.35212392890839,0,0,2.8,7.748657552824719,20260115-114632,0.0,0.0
220.9607386513002,6.087544093533267,-123.52954089437377,-36.29718902340674,0,0,2.8,8.470459105626233,20260115-114632,0.0,0.0
219.7686574320237,6.239035008816299,-122.7997919922094,-35.22478349960715,0,0,2.8,9.200208007790595,20260115-114632,0.0,0.0
218.61261226559915,6.4043437595207315,-122.06220439860284,-34.13505278204476,0,0,2.8,9.937795601397157,20260115-114632,0.0,0.0
217.4931777819094,6.585080093733719,-121.31689950665418,-33.02817500866439,0,0,2.8,10.68310049334582,20260115-114632,0.0,0.0
216.4109221128322,6.783113904571154,-120.56401170529259,-31.90436209054258,0,0,2.8,11.43598829470741,20260115-114632,0.0,0.0
215.36640575017364,7.000629993981076,-119.8036886019849,-30.763860671873672,0,0,2.8,12.196311398015094,20260115-114632,0.0,0.0
214.3601803734536,7.24019727876484,-119.03609120375096,-29.60695297656626,0,0,2.8,12.963908796249045,20260115-114632,0.0,0.0
213.39278765155052,7.504857086555142,-118.26139405281435,-28.433957527831016,0,0,2.8,13.738605947185652,20260115-114632,0.0,0.0
212.46475802266343,7.798236981255788,-117.47978531334738,-27.245229727354246,0,0,2.8,14.520214686652618,20260115-114632,0.0,0.0
211.57660945748978,8.124699165650501,-116.69146680594993,-26.04116228105905,0,0,2.8,15.308533194050074,20260115-114632,0.0,0.0
210.72884621094096,8.489536368924437,-115.89665398673682,-24.822185459067512,0,0,2.8,16.103346013263174,20260115-114632,0.0,0.0
209.9219575681179,8.89923394390906,-115.09557586819724,-23.58876717830254,0,0,2.8,16.904424131802763,20260115-114632,0.0,0.0
209.1564165906368,9.361825841227418,-114.28847487933267,-22.341412897210503,0,0,2.8,17.711525120667336,20260115-114632,0.0,0.0
208.4326788697261,9.887386179304485,-113.47560666297738,-21.080665313346547,0,0,2.8,18.524393337022616,20260115-114632,0.0,0.0
207.50354356663973,2.4977388275524364,-47.68507583206187,-83.07655759588559,0,0,2.8,84.31492416793813,20260115-114632,0.0,0.0
204.73703245516518,2.46929919236977,-47.39041518462619,-82.91301154911099,0,0,2.8,84.60958481537381,20260115-114632,0.0,0.0
201.976084560807,2.441013768063305,-47.08769051512127,-82.74270600327438,0,0,2.8,84.91230948487873,20260115-114632,0.0,0.0
199.22093118097072,2.412889960592738,-46.776583814093385,-82.56527833205918,0,0,2.8,85.22341618590663,20260115-114632,0.0,0.0
196.4718160878139,2.3849356578599954,-46.456761194500416,-82.38034239636814,0,0,2.8,85.5432388054996,20260115-114632,0.0,0.0
193.7289963407811,2.3571592695605075,-46.127871971320474,-82.1874867950276,0,0,2.8,85.87212802867951,20260115-114632,0.0,0.0
190.99274315978832,2.3295697710552723,-45.78954768447625,-81.98627297317242,0,0,2.8,86.21045231552375,20260115-114632,0.0,0.0
188.26334286399802,2.3021767517451304,-45.441401061941065,-81.77623317640048,0,0,2.8,86.55859893805894,20260115-114632,0.0,0.0
185.5410978815356,2.2749904684956177,-45.08302491984841,-81.55686823788247,0,0,2.8,86.91697508015157,20260115-114632,0.0,0.0
182.82632783594318,2.2480219047385197,-44.71399099641275,-81.32764518467125,0,0,2.8,87.28600900358727,20260115-114632,0.0,0.0
180.11937071563918,2.221282835966507,-50.333848716504036,-81.08799464849196,0,0,2.8,87.66615128349596,20260115-114632,0.0,0.0
177.42058413316042,2.194785902442481,-55.942123883808364,-80.83730806531827,0,0,2.8,88.05787611619164,20260115-114632,0.0,0.0
174.73034668150163,2.1685446900681713,-61.53831729766799,-80.57493464707372,0,0,2.8,88.46168270233201,20260115-114632,0.0,0.0
172.04905939543968,2.142573820500572,-67.12190329194945,-80.30017810786265,0,0,2.8,88.87809670805055,20260115-114632,0.0,0.0
169.37714732632978,2.116889051773983,-72.69232819365267,-80.0122931262691,0,0,2.8,89.30767180634733,20260115-114632,0.0,0.0
166.71506123948973,2.0915073908848125,-78.24900869948122,-79.71048152450511,0,0,2.8,89.75099130051878,20260115-114632,0.0,0.0
164.06327944393988,2.066447220031966,-83.79133016927165,-79.39388814460114,0,0,2.8,90.20866983072835,20260115-114632,0.0,0.0
161.42230976493207,2.041728438485028,-89.31864483606932,-79.06159640148235,0,0,2.8,90.68135516393068,20260115-114632,0.0,0.0
158.7926916703756,2.0173726223848774,-94.83026993378486,-78.71262349275646,0,0,2.8,91.16973006621514,20260115-114632,0.0,0.0
156.1749985629331,1.9934032051780854,-100.32548574482396,-78.34591524547129,0,0,2.8,91.67451425517604,20260115-114632,0.0,0.0
153.56984025020418,1.9698456818618308,-105.80353357192072,-77.9603405811237,0,0,2.8,92.19646642807928,20260115-114632,0.0,0.0
150.97786560600932,1.9467278407875015,-111.26361364069619,-77.55468558200457,0,0,2.8,92.73638635930381,20260115-114632,0.0,0.0
148.39976543630752,1.9240800274610248,-116.70488294230205,-77.127647144767,0,0,2.8,93.29511705769795,20260115-114632,0.0,0.0
145.83627556368776,1.9019354456140114,-122.12645302899966,-76.67782621118705,0,0,2.8,93.87354697100034,20260115-114632,0.0,0.0
143.28818014461817,1.8803305018372396,-127.52738777979091,-76.20372057178973,0,0,2.8,94.47261222020909,20260115-114632,0.0,0.0
140.75631523365877,1.8593052013118232,-132.90670115840217,-75.70371724574797,0,0,2.8,95.09329884159783,20260115-114632,0.0,0.0
138.2415726085666,1.8389036037007649,-138.26335499218902,-75.17608445073336,0,0,2.8,95.73664500781099,20260115-114632,0.0,0.0
135.7449038695522,1.8191743501483595,-143.59625680806283,-74.61896318980187,0,0,2.8,96.40374319193717,20260115-114632,0.0,0.0
133.26732482476805,1.8001712746723886,-148.90425777054617,-74.03035849964957,0,0,2.8,97.09574222945382,20260115-114632,0.0,0.0
130.80992017228053,1.7819541161483932,-154.18615077776994,-73.40813042651165,0,0,2.8,97.81384922223006,20260115-114632,0.0,0.0
128.3738484861246,1.764589350739206,-159.44066878387548,-72.74998482357799,0,0,2.8,98.5593312161245,20260115-114632,0.0,0.0
125.96034751035914,1.748151169230856,-164.6664834311349,-72.05346409817558,0,0,2.8,99.3335165688651,20260115-114632,0.0,0.0
123.5707397600836,1.7327226295831046,-169.8622040924057,-71.31593807937678,0,0,2.8,100.13779590759428,20260115-114632,0.0,0.0
121.20643842185146,1.7183970224707932,-175.02637744453645,-70.53459522850841,0,0,2.8,100.97362255546355,20260115-114632,0.0,0.0
118.86895353748905,1.7052794971959913,179.84251228376831,-69.70643447771846,0,0,2.8,101.84251228376834,20260115-114632,0.0,0.0
116.55989844460784,1.6934890077917224,174.74604222020082,-68.82825805677932,0,0,2.8,102.74604222020082,20260115-114632,0.0,0.0
114.28099643365361,1.6831606553784102,169.68584871485893,-67.89666575705503,0,0,2.8,103.68584871485896,20260115-114632,0.0,0.0
112.0340875646877,1.6744485242090175,164.66362393386652,-66.90805118515709,0,0,2.8,104.66362393386652,20260115-114632,0.0,0.0
109.82113556673582,1.6675291372172418,159.68111091627526,-65.85860067788943,0,0,2.8,105.68111091627526,20260115-114632,0.0,0.0
107.64423471795655,1.6626056949113401,154.74009679415946,-64.74429568442972,0,0,2.8,106.74009679415944,20260115-114632,0.0,0.0
105.50561657558124,1.6599133129230765,149.84240383979187,-63.56091956982248,0,0,2.8,107.84240383979187,20260115-114632,0.0,0.0
103.4076563901557,1.6597255439195169,144.98987796949075,-62.304069952405406,0,0,2.8,108.98987796949073,20260115-114632,0.0,0.0
101.35287899880964,1.6623625669817936,140.18437430394908,-60.969177850790516,0,0,2.8,110.18437430394907,20260115-114632,0.0,0.0
99.3439639470969,1.668201563966154,135.42773936342553,-59.55153507403885,0,0,2.8,111.42773936342552,20260115-114632,0.0,0.0
97.38374953876406,1.677689995962215,130.72178946808822,-58.04633142782199,0,0,2.8,112.7217894680882,20260115-114632,0.0,0.0
95.47523545855893,1.6913627716924557,126.06828492538523,-56.44870341034052,0,0,2.8,114.06828492538524,20260115-114632,0.0,0.0
93.62158355655872,1.70986470728432,121.4688996252471,-54.75379610896379,0,0,2.8,115.46889962524712,20260115-114632,0.0,0.0
91.82611632613046,1.7339802830670084,116.92518573913156,-52.95683994959354,0,0,2.8,116.92518573913156,20260115-114632,0.0,0.0
90.0923125553689,1.764673621614585,112.43853334020707,-51.05324375673452,0,0,2.8,118.4385333402071,20260115-114632,0.0,0.0
88.42379958891394,1.803143031849746,108.01012493931574,-49.03870520920617,0,0,2.8,120.01012493931573,20260115-114632,0.0,0.0
86.82434161016398,1.8508967112028378,103.64088517375205,-46.90933917848914,0,0,2.8,121.64088517375205,20260115-114632,0.0,0.0
85.297823351293,1.9098598429246978,105.33142619965116,-44.661823571655745,0,0,2.8,123.33142619965116,20260115-114632,0.0,0.0
83.84822866960411,1.982529406669044,107.08198972525281,-42.293561138385385,0,0,2.8,125.08198972525278,20260115-114632,0.0,0.0
82.4796135037256,2.072203491182893,108.89238707518592,-39.80285423447631,0,0,2.8,126.89238707518594,20260115-114632,0.0,0.0
81.19607285176782,2.183330586287565,110.76193917824537,-37.18908779170721,0,0,2.8,128.76193917824534,20260115-114632,0.0,0.0
80.0017016038229,2.32205908781834,112.68941889264977,-34.45291380547402,0,0,2.8,130.68941889264974,20260115-114632,0.0,0.0
78.90054931745753,2.497135045509222,114.67299857825742,-31.596428659054737,0,0,2.8,132.67299857825742,20260115-114632,0.0,0.0
77.89656934562574,2.7214360390210435,116.71020623477767,-28.623332765758015,0,0,2.8,134.71020623477767,20260115-114632,0.0,0.0
76.99356310219127,3.014737476625577,118.79789377740434,-25.53906059786369,0,0,2.8,136.79789377740434,20260115-114632,0.0,0.0
76.19512066173422,3.409045186987726,120.93222104093218,-22.35086849319858,0,0,2.8,138.93222104093218,20260115-114632,0.0,0.0
75.50455930785415,3.9597798419512564,123.10865882141195,-19.067867993046768,0,0,2.8,141.10865882141198,20260115-114632,0.0,0.0
74.92486202871643,4.77198204649612,125.32201363267211,-15.70099411495708,0,0,2.8,143.32201363267208,20260115-114632,0.0,0.0
74.45861826479873,6.071860006777703,127.56647586139837,-12.26290101907561,0,0,2.8,145.56647586139837,20260115-114632,0.0,0.0
74.10796939544184,8.452305282477722,129.83569168536815,-8.767781914961514,0,0,2.8,147.83569168536815,20260115-114632,0.0,0.0
73.87456146780413,14.122143125001829,132.1228575662958,-5.231115476872393,0,0,2.8,150.12285756629578,20260115-114632,0.0,0.0
73.75950749792798,44.18464771882056,134.42083448436256,-1.6693469633913127,0,0,2.8,152.42083448436253,20260115-114632,0.0,0.0
73.7633613031925,38.81297502897469,142.72227752467768,1.900482023038085,0,0,2.8,154.72227752467765,20260115-114632,0.0,0.0
73.88610427736491,13.529437604388173,151.0197751455736,5.461136407724775,0,0,2.8,157.01977514557362,20260115-114632,0.0,0.0
74.12714583712139,8.24037701775786,159.30599162180414,8.995601254333238,0,0,2.8,159.30599162180414,20260115-114632,0.0,0.0
74.48533751525855,5.964799835794864,167.57380587653643,12.487483162179357,0,0,2.8,161.57380587653645,20260115-114632,0.0,0.0
74.95899992461214,4.708072462289287,175.81644023339072,15.921377702874933,0,0,2.8,163.81644023339072,20260115-114632,0.0,0.0
75.5459611413206,3.9177119005391337,-175.97242651049166,19.283184435007687,0,0,2.8,166.02757348950834,20260115-114632,0.0,0.0
76.24360451844956,3.379539082372239,-173.79856598564865,22.56035591247875,0,0,2.8,168.20143401435135,20260115-114632,0.0,0.0
77.04892358299018,2.9931126351498625,-177.66712985279676,25.742072876964222,0,0,2.8,170.33287014720324,20260115-114632,0.0,0.0
77.95858150813852,2.705078304774586,178.41739680996295,28.819343739712856,0,0,2.8,172.41739680996292,20260115-114632,0.0,0.0
78.96897268140567,2.4844704612670756,174.45121879362648,31.785031825708096,0,0,2.8,174.45121879362648,20260115-114632,0.0,0.0
80.07628408014455,2.312083631846851,170.43123247704074,34.63381816175094,0,0,2.8,176.43123247704074,20260115-114632,0.0,0.0
81.27655447878759,2.1753737482648656,172.35500870723638,37.362110553929355,0,0,2.8,178.35500870723638,20260115-114632,0.0,0.0
82.56572990008954,2.0658004707987363,-179.7792398211068,39.96791126113246,0,0,2.8,-179.7792398211068,20260115-114632,0.0,0.0
83.93971414090981,1.9773478746993436,-171.97270308880206,42.450655858253,0,0,2.8,-177.97270308880204,20260115-114632,0.0,0.0
85.39441361302663,1.9056559022107495,-164.22602661658243,44.811035147510445,0,0,2.8,-176.22602661658243,20260115-114632,0.0,0.0
86.92577611214972,1.8474873256790998,-162.53936937434946,47.05081052731852,0,0,2.8,-174.53936937434943,20260115-114632,0.0,0.0
88.52982344508764,1.8003881625484055,-160.9124638559731,49.17263137287897,0,0,2.8,-172.91246385597313,20260115-114632,0.0,0.0
90.20267809698946,1.7624643044287909,-159.34467593921124,51.17986098800671,0,0,2.8,-171.3446759392112,20260115-114632,0.0,0.0
91.94058430666901,1.7322304641900865,-163.83506267179575,53.07641575837099,0,0,2.8,-169.83506267179573,20260115-114632,0.0,0.0
93.73992404288698,1.708505523808474,-168.38242662462073,54.86662040982395,0,0,2.8,-168.38242662462073,20260115-114632,0.0,0.0
95.59722844629246,1.6903384637981143,-160.98536590192532,56.55508082771175,0,0,2.8,-166.9853659019253,20260115-114632,0.0,0.0
97.50918533036227,1.6769549324084605,-153.64231928022355,58.14657475041297,0,0,2.8,-165.64231928022352,20260115-114632,0.0,0.0
99.47264333021991,1.6677180425562752,-146.351606256759,59.64595980370184,0,0,2.8,-164.351606256759,20260115-114632,0.0,0.0
101.48461326005658,1.6620991642763219,-139.11146202621381,61.05809776051659,0,0,2.8,-163.11146202621381,20260115-114632,0.0,0.0
103.54226719614196,1.659655860598418,-137.9200675778245,62.387793550650905,0,0,2.8,-161.92006757782448,20260115-114632,0.0,0.0
105.64293574973748,1.6600150083976293,-136.77557522305307,63.63974736090606,0,0,2.8,-160.77557522305307,20260115-114632,0.0,0.0
107.78410393773733,1.6628597362738518,-141.6761299365271,64.81851811461905,0,0,2.8,-159.67612993652708,20260115-114632,0.0,0.0
109.96340600231818,1.6679192089962172,-146.61988692986347,65.92849666171546,0,0,2.8,-158.61988692986344,20260115-114632,0.0,0.0
112.17861947685161,1.6749605601496336,-139.60502588808185,66.97388711458977,0,0,2.8,-157.60502588808183,20260115-114632,0.0,0.0
114.42765874545267,1.6837824637995946,-132.6297622891842,67.95869490601368,0,0,2.8,-156.6297622891842,20260115-114632,0.0,0.0
116.70856829869507,1.6942099694061374,-125.69235620536551,68.88672030397998,0,0,2.8,-155.69235620536554,20260115-114632,0.0,0.0
119.01951584857197,1.70609031955324,-124.79111895414724,69.76155628134543,0,0,2.8,-154.79111895414724,20260115-114632,0.0,0.0
121.35878543170112,1.7192895390210672,-123.92441793323701,70.58658979615537,0,0,2.8,-153.924417933237,20260115-114632,0.0,0.0
123.72477060079268,1.7336896341806172,-123.09067993686472,71.36500568584638,0,0,2.8,-153.0906799368647,20260115-114632,0.0,0.0
126.11596778010217,1.7491862789933732,-128.2883932156485,72.09979251191002,0,0,2.8,-152.28839321564854,20260115-114632,0.0,0.0
128.5309698404889,1.7656868917531372,-133.51610850800034,72.79374980966838,0,0,2.8,-151.51610850800031,20260115-114632,0.0,0.0
130.9684599332735,1.783109027699612,-138.77243923946673,73.449496300423,0,0,2.8,-150.7724392394667,20260115-114632,0.0,0.0
133.42720560883436,1.801379028591897,-144.05606105765833,74.06947871105828,0,0,2.8,-150.0560610576583,20260115-114632,0.0,0.0
135.90605323532412,1.8204308825611697,-149.3657108447025,74.65598092036183,0,0,2.8,-149.3657108447025,20260115-114632,0.0,0.0
138.40392272459349,1.8402052570084209,-154.7001853264543,75.21113321325554,0,0,2.8,-148.7001853264543,20260115-114632,0.0,0.0
140.91980256599723,1.8606486746621265,-160.05833937788194,75.73692147529502,0,0,2.8,-148.05833937788194,20260115-114632,0.0,0.0
143.4527451638899,1.8817128086672061,-165.439084106907,76.23519620164338,0,0,2.8,-147.439084106907,20260115-114632,0.0,0.0
146.0018624710114,1.903353877115069,-170.84138478427886,76.70768122862563,0,0,2.8,-146.84138478427886,20260115-114632,0.0,0.0
148.56632190736977,1.9255321210246246,-176.26425867454645,77.1559821231722,0,0,2.8,-146.26425867454645,20260115-114632,0.0,0.0
151.1453425524459,1.9482113526566824,178.29322718739706,77.58159418706612,0,0,2.8,-145.70677281260296,20260115-114632,0.0,0.0
153.73819159740398,1.9713585633489283,172.83195823862684,77.985910049887,0,0,2.8,-145.16804176137316,20260115-114632,0.0,0.0
156.34418104335026,1.9949435819176198,167.35277462123042,78.37022683772639,0,0,2.8,-144.64722537876955,20260115-114632,0.0,0.0
158.96266463142715,2.0189387761791355,161.8564733841481,78.73575291483866,0,0,2.8,-144.14352661585193,20260115-114632,0.0,0.0
161.5930349905687,2.0433187913720587,156.34381063699607,79.0836142029807,0,0,2.8,-143.65618936300396,20260115-114632,0.0,0.0
164.23472098899992,2.0680603202649466,150.81550364327097,79.4148600887808,0,0,2.8,-143.184496356729,20260115-114632,0.0,0.0
166.8871852759763,2.093141900560508,145.27223284377737,79.73046893346634,0,0,2.8,-142.7277671562226,20260115-114632,0.0,0.0
169.5499220007881,2.1185437358883665,139.71464380392018,80.03135320201021,0,0,2.8,-142.28535619607982,20260115-114632,0.0,0.0
172.22245469665245,2.1442475372431566,134.14334908076484,80.31836423050186,0,0,2.8,-141.85665091923516,20260115-114632,0.0,0.0
174.90433431776236,2.170236382194524,128.55893000757692,80.5922966515291,0,0,2.8,-141.44106999242305,20260115-114632,0.0,0.0
177.5951374184287,2.1964945895877306,122.9619383949904,80.85389249775584,0,0,2.8,-141.0380616050096,20260115-114632,0.0,0.0
180.29446446392484,2.223007607782233,117.35289814908157,81.10384500383887,0,0,2.8,-140.64710185091843,20260115-114632,0.0,0.0
183.00193826330977,2.249761914751944,111.73230680750135,81.34280212645851,0,0,2.8,-140.26769319249863,20260115-114632,0.0,0.0
185.71720251515453,2.276744928603938,106.100636995483,81.57136980163747,0,0,2.8,-139.89936300451703,20260115-114632,0.0,0.0
188.43992045772438,2.303944927269649,100.45833780403916,81.79011495775643,0,0,2.8,-139.5416621959608,20260115-114632,0.0,0.0
191.16977361576798,2.331350976290034,94.80583609302141,81.99956830180224,0,0,2.8,-139.19416390697856,20260115-114632,0.0,0.0
193.90646063663365,2.3589528637586934,89.1435377219592,82.20022689544894,0,0,2.8,-138.8564622780408,20260115-114632,0.0,0.0
191.37392656939682,1.7799947040416035,-172.19999732033807,-107.51376177404843,0,0,2.8,-46.19999732033807,20260115-114632,0.0,0.0
187.80046976487424,1.7569878259785814,-166.80110444413594,-106.88774673795811,0,0,2.8,-46.80110444413595,20260115-114632,0.0,0.0
184.24848411132882,1.7345104258195894,-167.42545908950208,-106.22506579876445,0,0,2.8,-47.42545908950208,20260115-114632,0.0,0.0
180.71923564146218,1.7126042976545215,-168.07427923702215,-105.52305391792152,0,0,2.8,-48.07427923702216,20260115-114632,0.0,0.0
177.21408280507134,1.6913157530986842,-168.74885505864873,-104.77882824682194,0,0,2.8,-48.748855058648736,20260115-114632,0.0,0.0
173.73448402130077,1.6706962486191899,-169.45055258623793,-103.98927044032703,0,0,2.8,-49.45055258623793,20260115-114632,0.0,0.0
170.36411900139706,1.7345395696972081,-170.18559687126606,-98.21864082993325,0,0,2.8,-50.185596871266064,20260115-114632,0.0,0.0
167.18751570117922,1.8101068083349114,-170.95916367572988,-92.36334283222345,0,0,2.8,-50.95916367572987,20260115-114632,0.0,0.0
164.20751399210152,1.9000557654879124,-171.7708746605921,-86.42247084255179,0,0,2.8,-51.770874660592106,20260115-114632,0.0,0.0
161.4269682205559,2.007895925496372,-172.62002169823512,-80.39608336804086,0,0,2.8,-52.62002169823512,20260115-114632,0.0,0.0
158.8487129806119,2.1383592153855098,-173.50553984326018,-74.28532672980961,0,0,2.8,-53.50553984326019,20260115-114632,0.0,0.0
156.47552497213283,2.297983204800013,-174.4259847972043,-68.09254508270023,0,0,2.8,-54.42598479720431,20260115-114632,0.0,0.0
154.31008151886675,2.496063781873218,-175.37951638610207,-61.82136956574958,0,0,2.8,-55.379516386102054,20260115-114632,0.0,0.0
152.35491656583756,2.7462826585066207,-176.3638895598355,-55.47677916325096,0,0,2.8,-56.3638895598355,20260115-114632,0.0,0.0
150.6123752195205,3.069642066744807,-177.37645430992927,-49.06512614326951,0,0,2.8,-57.37645430992926,20260115-114632,0.0,0.0
149.08456811877585,3.500120877178059,-178.41416567414228,-42.59411984621912,0,0,2.8,-58.41416567414227,20260115-114632,0.0,0.0
147.77332710775138,4.0965346159272045,-179.4736046475116,-36.072764168332206,0,0,2.8,-59.473604647511586,20260115-114632,0.0,0.0
146.68016380190045,4.970314107102837,179.44898964158642,-29.511246299763403,0,0,2.8,-60.55101035841358,20260115-114632,0.0,0.0
145.8062326750512,6.3613128173888756,178.35767668308955,-22.920777025221064,0,0,2.8,-61.64232331691046,20260115-114632,0.0,0.0
145.15230023438582,8.897742039578738,177.256761062563,-16.31338597913073,0,0,2.8,-62.743238937437,20260115-114632,0.0,0.0
144.71872168440294,14.916874769915475,176.1507300732831,-9.70167839554927,0,0,2.8,-63.84926992671689,20260115-114632,0.0,0.0
144.5054262135164,46.63627497165976,175.04418443450584,-3.0985627883301228,0,0,2.8,-64.95581556549419,20260115-114632,0.0,0.0
144.51191168171107,41.490182837025394,173.94176454581952,3.4830386804839577,0,0,2.8,-66.05823545418045,20260115-114632,0.0,0.0
144.7372490684916,14.429737424067032,172.8480750145959,10.030483910752778,0,0,2.8,-67.1519249854041,20260115-114632,0.0,0.0
145.180096588828,8.781924467250226,171.7676103161901,16.531694975314043,0,0,2.8,-68.23238968380991,20260115-114632,0.0,0.0
145.83872293669322,6.347597800429866,170.70468437119354,22.975419603116137,0,0,2.8,-69.29531562880648,20260115-114632,0.0,0.0
146.71103870669032,4.998424110085291,169.66336655890524,29.35145867487961,0,0,2.8,-70.33663344109475,20260115-114632,0.0,0.0
147.79463470528398,4.145613108989775,168.64742625990448,35.6508508680636,0,0,2.8,-71.35257374009552,20260115-114632,0.0,0.0
149.08682561730583,3.5610470284794298,167.66028747776386,41.86600862751482,0,0,2.8,-72.33971252223614,20260115-114632,0.0,0.0
150.4603470270769,3.7110014480061118,166.69380480950508,40.5444053674293,0,0,2.8,-73.3061951904949,20260115-114632,0.0,0.0
151.6659129342243,4.768587876289294,165.72491757706405,31.80520457394697,0,0,2.8,-74.27508242293597,20260115-114632,0.0,0.0
152.5818348901573,6.585680067272916,164.7376055697714,23.16872871617348,0,0,2.8,-75.26239443022862,20260115-114632,0.0,0.0
153.2118412785718,10.455654659047573,163.726343613459,14.653490984038314,0,0,2.8,-76.273656386541,20260115-114632,0.0,0.0
153.56030610228697,24.453088726905257,162.6855063291664,6.279791801242988,0,0,2.8,-77.31449367083358,20260115-114632,0.0,0.0
153.63231643296803,79.61043551304462,161.60928047179306,-1.929801230741848,0,0,2.8,-78.39071952820693,20260115-114632,0.0,0.0
153.4337566970053,15.420601673645047,160.4915792442349,-9.949920239444028,0,0,2.8,-79.50842075576507,20260115-114632,0.0,0.0
152.97141185875023,8.617237069524911,159.3259567363158,-17.751793367706885,0,0,2.8,-80.67404326368421,20260115-114632,0.0,0.0
152.2530921563334,6.017301765098011,158.10552114942794,-25.302552223563524,0,0,2.8,-81.89447885057206,20260115-114632,0.0,0.0
151.28778266674055,4.645798374961775,156.82284602779066,-32.56443144026571,0,0,2.8,-83.17715397220931,20260115-114632,0.0,0.0
150.08582162156287,3.800233618210589,155.46987941080482,-39.4938408266157,0,0,2.8,-84.53012058919516,20260115-114632,0.0,0.0
148.66044263051916,3.2728683568865518,154.03810145723628,-45.42206603504774,0,0,2.8,-85.96189854276375,20260115-114632,0.0,0.0
147.12190214733707,3.140603568669052,152.53754866450618,-46.8451044299378,0,0,2.8,-87.46245133549385,20260115-114632,0.0,0.0
145.54060579972227,3.0331857578788486,150.97455271249277,-47.98275391530948,0,0,2.8,-89.02544728750723,20260115-114632,0.0,0.0
143.92654591870044,2.948960264699628,149.34464243259436,-48.80586138835626,0,0,2.8,-90.65535756740567,20260115-114632,0.0,0.0
142.29072594662503,2.8872225845099084,147.6432621231047,-49.282908325122484,0,0,2.8,-92.35673787689528,20260115-114632,0.0,0.0
140.64523938818587,2.8482217622520656,145.86582136826473,-49.380017122325064,0,0,2.8,-94.1341786317353,20260115-114632,0.0,0.0
139.00334714747999,2.8332731979810744,144.0077620649521,-49.061046159096335,0,0,2.8,-95.99223793504788,20260115-114632,0.0,0.0
137.37954980891342,2.8450155077518935,142.06464570764427,-48.287803505672116,0,0,2.8,-97.93535429235574,20260115-114632,0.0,0.0
135.78965034225345,2.8878871787550104,140.0322638952399,-47.02041386561139,0,0,2.8,-99.9677361047601,20260115-114632,0.0,0.0
134.25080149855856,2.968976241748468,137.90677458818095,-45.21787665754326,0,0,2.8,-102.09322541181906,20260115-114632,0.0,0.0
132.78153088007193,3.0995584433502623,135.6848657109603,-42.83885376155403,0,0,2.8,-104.3151342890397,20260115-114632,0.0,0.0
131.40173543238498,3.298011035807126,133.3639461005676,-39.84272156937367,0,0,2.8,-106.6360538994324,20260115-114632,0.0,0.0
130.13263610660368,3.5957269641640783,130.94236139765434,-36.190911435584056,0,0,2.8,-109.05763860234568,20260115-114632,0.0,0.0
128.996682931939,4.050316587821047,128.41962917809758,-31.848543227416076,0,0,2.8,-111.5803708219024,20260115-114632,0.0,0.0
128.01740105091804,4.779207031441942,125.79668347134293,-26.786326729246902,0,0,2.8,-114.20331652865708,20260115-114632,0.0,0.0
127.21916976189655,6.063060650094747,123.07611406157355,-20.982664878984593,0,0,2.8,-116.92388593842647,20260115-114632,0.0,0.0
126.62692962012935,8.777783477343322,120.26238115648528,-14.425843374579818,0,0,2.8,-119.73761884351475,20260115-114632,0.0,0.0
126.26581737428815,17.74358562585285,117.36198199344699,-7.116138757789501,0,0,2.8,-122.63801800655304,20260115-114632,0.0,0.0
126.16073491035661,135.31206006202996,114.38354385761494,0.9323687397303818,0,0,2.8,-125.61645614238506,20260115-114632,0.0,0.0
126.33586601257691,13.037060473050776,111.3378190188755,9.690517756953636,0,0,2.8,-128.66218098112452,20260115-114632,0.0,0.0
126.81416275912282,6.634775447932746,108.23756222453528,19.11355761085108,0,0,2.8,-131.76243777546475,20260115-114632,0.0,0.0
127.61683047410766,4.379198670334565,105.09728093693457,29.141594177630193,0,0,2.8,-134.9027190630654,20260115-114632,0.0,0.0
128.76284487918608,3.243308250058476,101.9328617948147,39.70108141181601,0,0,2.8,-138.0671382051853,20260115-114632,0.0,0.0
130.2685360886909,2.569028076757928,98.76109197291771,50.70732284603432,0,0,2.8,-141.23890802708226,20260115-114632,0.0,0.0
132.14727058048595,2.129079050789791,95.59910847955899,62.067808394181206,0,0,2.8,-144.400891520441,20260115-114632,0.0,0.0
134.41480793365974,1.8209784728281886,92.51823529710657,73.81460568553462,0,0,2.8,-147.4817647028934,20260115-114632,0.0,0.0
137.0568140766108,1.6213279281108066,89.58499650648099,84.5336786595117,0,0,2.8,-150.415003493519,20260115-114632,0.0,0.0
140.03896234636787,1.4862127584747356,86.80606802905106,94.22538028141172,0,0,2.8,-153.19393197094894,20260115-114632,0.0,0.0
143.31446437841421,1.4053919797679204,84.23514399602561,101.97472765006135,0,0,2.8,-155.76485600397442,20260115-114632,0.0,0.0
146.81648944849417,1.3612613555125075,81.91683359080992,107.8532706845399,0,0,2.8,-158.08316640919006,20260115-114632,0.0,0.0
150.48632805066808,1.3426728662007186,79.83899597403104,112.07966723606344,0,0,2.8,-160.16100402596894,20260115-114632,0.0,0.0
154.27246660990994,1.3430701983842515,77.98760936889767,114.86552735330123,0,0,2.8,-162.0123906311023,20260115-114632,0.0,0.0
158.1302269722101,1.358407479073562,76.3478708672128,116.40853676693196,0,0,2.8,-163.6521291327872,20260115-114632,0.0,0.0
162.02123627556125,1.386112258354668,74.90497942484444,116.8889715093368,0,0,2.8,-165.09502057515553,20260115-114632,0.0,0.0
165.91282247207593,1.424528802625265,73.64465945861258,116.46856291449853,0,0,2.8,-166.35534054138742,20260115-114632,0.0,0.0
169.77739909691064,1.4726006249350987,72.55348519899741,115.29086448974797,0,0,2.8,-167.4465148010026,20260115-114632,0.0,0.0
173.6322132031016,1.4973498388937416,71.5790461393193,115.95968336389775,0,0,2.8,-168.4209538606807,20260115-114632,0.0,0.0
177.54795112078267,1.49190410965988,70.63534993044516,119.0076158187268,0,0,2.8,-169.36465006955484,20260115-114632,0.0,0.0
181.56756975959723,1.4859211201221145,69.68327640505845,122.19193017774444,0,0,2.8,-170.31672359494158,20260115-114632,0.0,0.0
185.69555340944137,1.4795414172081391,68.72474812435837,125.50885784586188,0,0,2.8,-171.27525187564166,20260115-114632,0.0,0.0
189.936254799678,1.4728960659738564,67.7616005592514,128.95428210278712,0,0,2.8,-172.23839944074862,20260115-114632,0.0,0.0
194.29388432522597,1.466105726830079,66.79558105458102,132.52378786168165,0,0,2.8,-173.20441894541895,20260115-114632,0.0,0.0
198.77250092299786,1.459280119137804,65.82834780839335,136.21271085392428,0,0,2.8,-174.17165219160665,20260115-114632,0.0,0.0
203.3760045717483,1.4525178175123654,64.86146898209563,140.01618577048328,0,0,2.8,-175.1385310179044,20260115-114632,0.0,0.0
207.9555160354087,1.5429392488547633,69.91614872417654,134.77881011178005,0,0,2.8,-176.08385127582346,20260115-114632,0.0,0.0
212.36322804910492,1.6371068162006808,75.01402868915636,129.7186145385109,0,0,2.8,-176.9859713108436,20260115-114632,0.0,0.0
216.606072844308,1.7342811598280479,80.1569992429794,124.89674561521745,0,0,2.8,-177.84300075702058,20260115-114632,0.0,0.0
220.6929736054183,1.833434008753503,85.34658970762655,120.37137554542302,0,0,2.8,-178.65341029237342,20260115-114632,0.0,0.0
219.36332357057836,4.946271825652457,125.75067966882534,-44.34922529589089,0,0,2.8,-138.24932033117463,20260115-114632,0.0,0.0
217.52868766690776,2.311775519735973,171.69471375159935,-94.09593873186772,0,0,2.8,-86.30528624840065,20260115-114632,0.0,0.0
214.4694038658533,2.399958323203538,164.92441674506557,-89.3638034428752,0,0,2.8,-87.07558325493443,20260115-114632,0.0,0.0
211.57692298365848,2.5155371837012463,158.0988891466576,-84.10804831449714,0,0,2.8,-87.90111085334239,20260115-114632,0.0,0.0
208.86661224827162,2.6622294928492582,151.2239089359066,-78.45552489343493,0,0,2.8,-88.7760910640934,20260115-114632,0.0,0.0
206.28637804905028,2.7042062529611703,156.33683111891622,-76.28352231756057,0,0,2.8,-89.66316888108376,20260115-114632,0.0,0.0
203.7858153958132,2.765737145043677,161.46965538115234,-73.68227879536794,0,0,2.8,-90.53034461884766,20260115-114632,0.0,0.0
201.3784990791697,2.8484879931582423,166.62038995154148,-70.69662907579702,0,0,2.8,-91.3796100484585,20260115-114632,0.0,0.0
199.10088567791888,3.0206789386290516,159.75877871580343,-65.91262749965797,0,0,2.8,-92.24122128419656,20260115-114632,0.0,0.0
196.986774002412,3.2341557178164466,152.86056445426624,-60.9082527836379,0,0,2.8,-93.13943554573376,20260115-114632,0.0,0.0
195.04132115251733,3.4944141339083594,145.9327578844164,-55.81517063473286,0,0,2.8,-94.06724211558362,20260115-114632,0.0,0.0
193.24372594849342,3.712963629396136,144.99117945210327,-52.04568243506386,0,0,2.8,-95.00882054789672,20260115-114632,0.0,0.0
191.55381876213343,3.886364723421966,150.0555306617561,-49.28868811712279,0,0,2.8,-95.94446933824389,20260115-114632,0.0,0.0
189.9743988380144,4.176985527454114,149.12553645388698,-45.481220269825634,0,0,2.8,-96.874463546113,20260115-114632,0.0,0.0
188.5335537606926,4.598410456191136,142.18892184358663,-40.99972274263985,0,0,2.8,-97.81107815641337,20260115-114632,0.0,0.0
187.238407172813,5.093701087681209,135.245432387523,-36.75881327737058,0,0,2.8,-98.754567612477,20260115-114632,0.0,0.0
186.07904942874234,5.6610648948365805,128.3018691541361,-32.86997285589568,0,0,2.8,-99.6981308458639,20260115-114632,0.0,0.0
185.03562190917583,6.219955618765082,127.36584430383266,-29.74870453270421,0,0,2.8,-100.63415569616731,20260115-114632,0.0,0.0
184.0923565510301,6.872405132314272,132.44234776460894,-26.78718047127662,0,0,2.8,-101.55765223539109,20260115-114632,0.0,0.0
183.24079769683843,7.411676743427332,131.52717993308306,-24.723258183019947,0,0,2.8,-102.47282006691692,20260115-114632,0.0,0.0
182.44031256226447,7.829135538706207,124.6051314194138,-23.30274034218769,0,0,2.8,-103.3948685805862,20260115-114632,0.0,0.0
181.68748455253836,8.309905343050119,117.67519928447416,-21.8639655991377,0,0,2.8,-104.32480071552585,20260115-114632,0.0,0.0
180.98290838145465,8.868330943952772,116.7377780034418,-20.407775659845566,0,0,2.8,-105.26222199655822,20260115-114632,0.0,0.0
180.32714964020306,9.52344475328612,121.79328445410886,-18.93507594276537,0,0,2.8,-106.20671554589114,20260115-114632,0.0,0.0
179.72074269955425,10.301051945476056,126.84215718815574,-17.44683393995336,0,0,2.8,-107.15784281184429,20260115-114632,0.0,0.0
179.16418867499056,11.23703728945258,125.88485554941525,-15.944077078320229,0,0,2.8,-108.11514445058474,20260115-114632,0.0,0.0
178.65795347150063,12.382819143818237,124.92185864001743,-14.427890078705577,0,0,2.8,-109.07814135998257,20260115-114632,0.0,0.0
178.2024659247205,13.814774537583535,123.95366413721348,-12.899411817392677,0,0,2.8,-110.04633586278653,20260115-114632,0.0,0.0
177.79811605482917,15.651474486605377,122.9807869656484,-11.35983170192622,0,0,2.8,-111.0192130343516,20260115-114632,0.0,0.0
177.44525344908737,18.087490241117926,122.00375783184109,-9.810385580510482,0,0,2.8,-111.9962421681589,20260115-114632,0.0,0.0
177.14418578814332,21.465904836592813,121.02312162960033,-8.252351211683683,0,0,2.8,-112.97687837039966,20260115-114632,0.0,0.0
176.89517753021605,26.453421766231173,120.03943572701303,-6.687043328210555,0,0,2.8,-113.96056427298699,20260115-114632,0.0,0.0
176.69844876602085,34.53969288129702,119.05326814743961,-5.115808336029001,0,0,2.8,-114.9467318525604,20260115-114632,0.0,0.0
176.55417425583164,49.873797130738936,118.06519565860253,-3.5400186954487016,0,0,2.8,-115.93480434139744,20260115-114632,0.0,0.0
176.46248265840552,89.98289160323152,117.07580178531316,-1.9610670374596884,0,0,2.8,-116.92419821468687,20260115-114632,0.0,0.0
176.4234559596501,463.8327431587654,116.08567476261533,-0.38036007281025885,0,0,2.8,-117.91432523738466,20260115-114632,0.0,0.0
176.43712910692628,146.94673497218778,115.09540544710035,1.2006876446783254,0,0,2.8,-118.90459455289967,20260115-114632,0.0,0.0
176.503489852781,63.475393447251804,114.10558520483517,2.78066003638805,0,0,2.8,-119.89441479516485,20260115-114632,0.0,0.0
176.6224788097381,40.52697765854767,113.11680379473756,4.358145833075369,0,0,2.8,-120.88319620526242,20260115-114632,0.0,0.0
176.79398971557558,29.80471917112279,112.12964726630605,5.931744858943943,0,0,2.8,-121.87035273369396,20260115-114632,0.0,0.0
177.01786990633101,23.602149148478354,111.14469589037287,7.500074200562514,0,0,2.8,-122.8553041096271,20260115-114632,0.0,0.0
177.29392099214073,19.56503407873814,110.16252214100393,9.061774197715858,0,0,2.8,-123.83747785899607,20260115-114632,0.0,0.0
177.62189972897258,16.732293550738564,109.18368874582546,10.615514196565858,0,0,2.8,-124.81631125417452,20260115-114632,0.0,0.0
178.00151907739428,14.638285214633623,108.20874682094848,12.159998009838574,0,0,2.8,-125.79125317905152,20260115-114632,0.0,0.0
178.43244943776276,13.030002404306643,107.23823410530332,13.693969034018576,0,0,2.8,-126.76176589469668,20260115-114632,0.0,0.0
178.91432004965003,11.758135665787474,106.2726733076363,15.216214979576666,0,0,2.8,-127.72732669236368,20260115-114632,0.0,0.0
179.44672054196607,10.728883810003271,105.3125705776855,16.72557217691701,0,0,2.8,-128.68742942231452,20260115-114632,0.0,0.0
180.02920261911223,9.880352335054463,104.3584141111919,18.22092942782894,0,0,2.8,-129.64158588880812,20260115-114632,0.0,0.0
180.66128186761347,9.170050256594777,103.41067289645929,19.70123137958685,0,0,2.8,-130.5893271035407,20260115-114632,0.0,0.0
181.34243966704057,8.567839123812277,102.46979560818767,21.16548140627924,0,0,2.8,-131.53020439181233,20260115-114632,0.0,0.0
182.0721251886412,8.051748397931698,101.53620965232261,22.612743989294447,0,0,2.8,-132.4637903476774,20260115-114632,0.0,0.0
182.84975746495056,7.6053840173935585,100.61032036371921,24.042146595986747,0,0,2.8,-133.38967963628076,20260115-114632,0.0,0.0
183.6747275137309,7.2162647153581085,99.6925103565543,25.45288106225133,0,0,2.8,-134.30748964344573,20260115-114632,0.0,0.0
184.54640049988612,6.874720409846573,98.78313902566344,26.84420449092922,0,0,2.8,-135.21686097433653,20260115-114632,0.0,0.0
185.46411791948995,6.573142931656974,97.8825421953627,28.215439683545373,0,0,2.8,-136.11745780463733,20260115-114632,0.0,0.0
186.42719979073226,6.305464270500458,96.99103191084902,29.565975127781627,0,0,2.8,-137.00896808915098,20260115-114632,0.0,0.0
187.4349468374075,6.066785621123709,96.108896365992,30.895264567250393,0,0,2.8,-137.891103634008,20260115-114632,0.0,0.0
188.48664265151248,5.853108717142809,95.23639996022155,32.20282618353997,0,0,2.8,-138.76360003977845,20260115-114632,0.0,0.0
189.58155582256728,5.661137992500072,94.37378347630829,33.488241423142604,0,0,2.8,-139.62621652369174,20260115-114632,0.0,0.0
190.71894202239181,5.48813270332758,93.5212643701077,34.75115350376906,0,0,2.8,-140.47873562989233,20260115-114632,0.0,0.0
191.8980460352443,5.331794885388508,92.67903716280665,35.99126563572999,0,0,2.8,-141.32096283719335,20260115-114632,0.0,0.0
193.11810372442574,5.190183408955579,91.84727392585222,37.20833899457262,0,0,2.8,-142.15272607414778,20260115-114632,0.0,0.0
194.37834392766186,5.06164730429982,91.0261248485528,38.40219048105927,0,0,2.8,-142.9738751514472,20260115-114632,0.0,0.0
195.67799027476693,4.944773498387705,90.21571887830873,39.57269030392793,0,0,2.8,-143.78428112169124,20260115-114632,0.0,0.0
197.01626292225774,4.838345455122435,89.41616442353165,40.71975941975648,0,0,2.8,-144.58383557646837,20260115-114632,0.0,0.0
198.08408089569687,2.4344753122087126,-23.775733011679677,-81.36623111449106,0,0,2.8,102.22426698832032,20260115-114632,0.0,0.0
195.37551015657402,2.407688670313948,-23.42613191689273,-81.14650061093582,0,0,2.8,102.57386808310727,20260115-114632,0.0,0.0
192.6744177199507,2.381123166286831,-23.06671504760061,-80.91745124651023,0,0,2.8,102.93328495239939,20260115-114632,0.0,0.0
189.98112255862273,2.354790197196747,-22.69709263577144,-80.67857713387171,0,0,2.8,103.30290736422856,20260115-114632,0.0,0.0
187.29596104475587,2.328701956983615,-22.31685586314603,-80.42933982301527,0,0,2.8,103.68314413685398,20260115-114632,0.0,0.0
184.61928807374076,2.3028715073423127,-21.925575835460876,-80.16916596740793,0,0,2.8,104.07442416453912,20260115-114632,0.0,0.0
181.95147826869382,2.277312856310659,-21.52280250558107,-79.89744481724954,0,0,2.8,104.47719749441893,20260115-114632,0.0,0.0
179.2929272715545,2.252041045555703,-21.108063544716686,-79.61352552848922,0,0,2.8,104.89193645528333,20260115-114632,0.0,0.0
176.64405312711438,2.2270722475026425,-20.680863161317944,-79.31671427597222,0,0,2.8,105.31913683868206,20260115-114632,0.0,0.0
174.00529776670183,2.202423873626031,-20.240680867781066,-79.0062711589766,0,0,2.8,105.75931913221895,20260115-114632,0.0,0.0
171.3771285986384,2.178114695429098,-19.786970195771346,-78.68140688747171,0,0,2.8,106.21302980422865,20260115-114632,0.0,0.0
168.76004021296572,2.154164979880109,-19.319157361811847,-78.34127923774814,0,0,2.8,106.68084263818817,20260115-114632,0.0,0.0
166.15455620831247,2.1305966413622963,-18.83663988582356,-77.98498926670315,0,0,2.8,107.16336011417643,20260115-114632,0.0,0.0
163.56123114911014,2.107433412535131,-18.33878516657626,-77.61157727510576,0,0,2.8,107.66121483342374,20260115-114632,0.0,0.0
160.98065266166583,2.0847010369110364,-17.82492901955726,-77.22001851171699,0,0,2.8,108.17507098044275,20260115-114632,0.0,0.0
158.41344367783643,2.062427486437128,-17.29437418464346,-76.80921861233426,0,0,2.8,108.70562581535654,20260115-114632,0.0,0.0
155.86026483519817,2.0406432079536385,-16.746388813219596,-76.37800877082044,0,0,2.8,109.25361118678039,20260115-114632,0.0,0.0
153.32181704264096,2.019381403101325,-16.180204947094182,-75.92514064315559,0,0,2.8,109.8197950529058,20260115-114632,0.0,0.0
150.7988442201992,1.9986783470966771,-15.595017004794556,-75.44928099073711,0,0,2.8,110.40498299520543,20260115-114632,0.0,0.0
148.2921362216171,1.9785737528208118,-14.989980294656988,-74.94900607581602,0,0,2.8,111.01001970534301,20260115-114632,0.0,0.0
145.80253194758066,1.9591111879192444,-14.364209578658972,-74.42279583040731,0,0,2.8,111.63579042134101,20260115-114632,0.0,0.0
143.33092265666824,1.9403385541412281,-13.716777716271395,-73.86902783061221,0,0,2.8,112.28322228372859,20260115-114632,0.0,0.0
140.8782554797945,1.9223086400302403,-13.046714423844236,-73.28597112146274,0,0,2.8,112.95328557615576,20260115-114632,0.0,0.0
138.44553714215775,1.9050797604037353,-12.353005192299833,-72.67177995362125,0,0,2.8,113.64699480770017,20260115-114632,0.0,0.0
136.03383789433718,1.8887164989494591,-11.634590414308434,-72.02448751308195,0,0,2.8,114.36540958569158,20260115-114632,0.0,0.0
133.6442956510937,1.8732905738729588,-10.890364781778487,-71.34199974902403,0,0,2.8,115.10963521822151,20260115-114632,0.0,0.0
131.27812033245667,1.8588818510603353,-10.119177025518638,-70.62208943380321,0,0,2.8,115.88082297448138,20260115-114632,0.0,0.0
128.93659839665733,1.8455795349413693,-9.319830081403012,-69.86239062341652,0,0,2.8,116.68016991859699,20260115-114632,0.0,0.0
126.62109754819978,1.8334835745096416,-8.491081781356229,-69.06039372731448,0,0,2.8,117.50891821864379,20260115-114632,0.0,0.0
124.33307159662891,1.8227063312596308,-7.63164618296355,-68.2134414438036,0,0,2.8,118.36835381703645,20260115-114632,0.0,0.0
122.0740654321223,1.8133745677870192,-6.740195668435433,-67.31872587200633,0,0,2.8,119.25980433156455,20260115-114632,0.0,0.0
119.84572007264839,1.8056318313556199,-5.815363961820651,-66.3732871737598,0,0,2.8,120.18463603817936,20260115-114632,0.0,0.0
117.64977772384026,1.7996413270850766,-4.8557502324347865,-65.37401422893555,0,0,2.8,121.14424976756523,20260115-114632,0.0,0.0
115.48808677668161,1.795589402257032,-3.8599244719137005,-64.31764780495732,0,0,2.8,122.1400755280863,20260115-114632,0.0,0.0
113.36260664936901,1.7936897989600746,-2.8264343513146173,-63.20078684457765,0,0,2.8,123.1735656486854,20260115-114632,0.0,0.0
111.27541235813365,1.7941888802832247,-1.7538137821595683,-62.0198985630588,0,0,2.8,124.24618621784043,20260115-114632,0.0,0.0
109.22869867730596,1.797372100390074,-0.6405934197246381,-60.771333133300914,0,0,2.8,125.35940658027536,20260115-114632,0.0,0.0
107.22478372155673,1.8035720781379232,0.5146866437561357,-59.451343820015055,0,0,2.8,126.51468664375615,20260115-114632,0.0,0.0
105.26611175332465,1.8131787578796303,1.7134617464936355,-58.056113494526635,0,0,2.8,127.71346174649365,20260115-114632,0.0,0.0
103.35525498649862,1.826652315298005,2.9571248445161586,-56.581788510550226,0,0,2.8,128.95712484451616,20260115-114632,0.0,0.0
101.49491412438735,1.8445397142608406,4.247005801528445,-55.02452093586895,0,0,2.8,130.24700580152845,20260115-114632,0.0,0.0
99.68791733726447,1.867496179329562,5.5843476054309065,-53.380520099940874,0,0,2.8,131.5843476054309,20260115-114632,0.0,0.0
97.93721735427081,1.8963133752341734,6.970279400375546,-51.646114314927864,0,0,2.8,132.97027940037555,20260115-114632,0.0,0.0
96.24588631877207,1.931956871622154,8.405786315604928,-49.817823437207416,0,0,2.8,134.40578631560493,20260115-114632,0.0,0.0
94.61710803869565,1.9756166699649382,9.891676196602106,-47.89244263684758,0,0,2.8,135.8916761966021,20260115-114632,0.0,0.0
93.05416725788434,2.028776433581677,11.428543503481364,-45.86713731369753,0,0,2.8,137.42854350348136,20260115-114632,0.0,0.0
91.56043558569564,2.093310028881987,13.016730837407891,-43.739548524781604,0,0,2.8,139.0167308374079,20260115-114632,0.0,0.0
90.13935375494006,2.171618832444837,14.656288786539108,-41.507907561042835,0,0,2.8,140.6562887865391,20260115-114632,0.0,0.0
88.79440993782228,2.2668314072219897,16.346935042843313,-39.171157438055864,0,0,2.8,142.3469350428433,20260115-114632,0.0,0.0
87.52911394036693,2.383101306640675,18.088014019233952,-36.72907807001786,0,0,2.8,144.08801401923395,20260115-114632,0.0,0.0
86.34696722119045,2.526064286535879,19.878458475694686,-34.18241082834929,0,0,2.8,145.87845847569469,20260115-114632,0.0,0.0
85.25142884163785,2.703564224505619,21.716754919884295,-31.53297712290417,0,0,2.8,147.7167549198843,20260115-114632,0.0,0.0
84.24587764939149,2.9268519950817806,23.60091475252827,-28.783784691182355,0,0,2.8,149.60091475252827,20260115-114632,0.0,0.0
83.33357122086836,3.2126605939809516,25.52845324688454,-25.939114569711208,0,0,2.8,151.52845324688454,20260115-114632,0.0,0.0
82.5176023286107,3.587007340230017,27.49637844976246,-23.004581396624424,0,0,2.8,153.49637844976246,20260115-114632,0.0,0.0
81.80085394318226,4.092670212585891,29.501191937529143,-19.98715989664304,0,0,2.8,155.50119193752914,20260115-114632,0.0,0.0
81.18595400521467,4.805275592431994,31.538903032002224,-16.895171243263846,0,0,2.8,157.53890303200222,20260115-114632,0.0,0.0
80.67523138963858,5.8723185930167725,33.60505757109519,-13.738224538017358,0,0,2.8,159.6050575710952,20260115-114632,0.0,0.0
80.2706746074712,7.625138138055117,35.69478165098664,-10.527110873816273,0,0,2.8,161.69478165098664,20260115-114632,0.0,0.0
79.97389482973313,10.995015179762843,37.802839947337645,-7.2736502426054965,0,0,2.8,163.80283994733765,20260115-114632,0.0,0.0
79.78609475759423,19.994036061746858,39.92370734258694,-3.990494691076565,0,0,2.8,165.92370734258694,20260115-114632,0.0,0.0
79.7080446958166,115.36937278047436,42.051651712763345,-0.6908943229455327,0,0,2.8,168.05165171276334,20260115-114632,0.0,0.0
79.74006691698149,30.533448954539868,44.1808249479937,2.611564354741043,0,0,2.8,170.1808249479937,20260115-114632,0.0,0.0
79.88202904753344,13.531905086986228,46.30535868061301,5.9032359844407125,0,0,2.8,172.305358680613,20260115-114632,0.0,0.0
80.13334678964284,8.737978068467735,48.41946084238654,9.170696717449507,0,0,2.8,174.41946084238654,20260115-114632,0.0,0.0
80.49299584932373,6.490839824383586,50.5175091096132,12.401014048589298,0,0,2.8,176.5175091096132,20260115-114632,0.0,0.0
80.95953250866283,5.1957107763926675,52.5941375293377,15.581993685351414,0,0,2.8,178.5941375293377,20260115-114632,0.0,0.0
81.53112189449571,4.35939520008781,54.644313123532584,18.702392912864028,0,0,2.8,-179.35568687646742,20260115-114632,0.0,0.0
82.20557268738477,3.779202959807881,56.663399982188025,21.75209258715329,0,0,2.8,-177.336600017812,20260115-114632,0.0,0.0
82.98037680366716,3.3565095174463386,58.64720920115485,24.7222230034966,0,0,2.8,-175.35279079884512,20260115-114632,0.0,0.0
83.85275247854517,3.037566278163276,60.5920339084812,27.605242091786845,0,0,2.8,-173.40796609151877,20260115-114632,0.0,0.0
84.8196891771577,2.790583328036408,62.494669470523945,30.394967362196997,0,0,2.8,-171.50533052947603,20260115-114632,0.0,0.0
85.87799285103851,2.595554767671924,64.35241970794084,33.08656550833121,0,0,2.8,-169.64758029205913,20260115-114632,0.0,0.0
87.02433022016486,2.439261615244622,66.16309053494552,35.676505413068455,0,0,2.8,-167.83690946505448,20260115-114632,0.0,0.0
88.25527097315761,2.312618772472784,67.9249728398836,38.162481436051834,0,0,2.8,-166.0750271601164,20260115-114632,0.0,0.0
89.56732701691254,2.209176248100765,69.63681665025194,40.54331432085323,0,0,2.8,-164.36318334974803,20260115-114632,0.0,0.0
90.95698815096905,2.124228368940336,71.29779868733533,42.81883693905408,0,0,2.8,-162.7022013126647,20260115-114632,0.0,0.0
92.42075377407608,2.054261460990147,72.90748534300587,44.98977152087037,0,0,2.8,-161.09251465699415,20260115-114632,0.0,0.0
93.95516043822803,1.9965988946690472,74.46579293804962,47.057604153287826,0,0,2.8,-159.53420706195038,20260115-114632,0.0,0.0
95.55680524122728,1.9491658391895286,75.97294688241902,49.02446129517651,0,0,2.8,-158.027053117581,20260115-114632,0.0,0.0
97.22236518918068,1.9103291318396713,77.4294410847175,50.8929919817295,0,0,2.8,-156.57055891528253,20260115-114632,0.0,0.0
98.94861276530803,1.8787856941341503,78.83599867720625,52.666258357321105,0,0,2.8,-155.16400132279372,20260115-114632,0.0,0.0
100.73242801358084,1.8534831497635904,80.19353485347204,54.347636247153986,0,0,2.8,-153.80646514652796,20260115-114632,0.0,0.0
102.57080748914632,1.8335622999784205,81.50312237202354,55.94072668834514,0,0,2.8,-152.49687762797646,20260115-114632,0.0,0.0
104.46087044712809,1.8183147431002846,82.76596006824957,57.449278703542255,0,0,2.8,-151.23403993175043,20260115-114632,0.0,0.0
106.39986264229735,1.8071511822947128,83.983344542537,58.87712311218548,0,0,2.8,-150.01665545746297,20260115-114632,0.0,0.0
108.3851580990668,1.7995774036448962,85.15664505368079,60.2281168231728,0,0,2.8,-148.84335494631918,20260115-114632,0.0,0.0
110.41425918852859,1.7951758426996451,86.28728154147416,61.506096819175085,0,0,2.8,-147.71271845852584,20260115-114632,0.0,0.0
112.48479532041355,1.7935912793214641,87.37670562664397,62.71484290610948,0,0,2.8,-146.62329437335603,20260115-114632,0.0,0.0
114.59452052576943,1.794519620992865,88.42638438556685,63.858048240434954,0,0,2.8,-145.57361561443315,20260115-114632,0.0,0.0
116.74131017304263,1.7976990236756742,89.4377866668408,64.93929664285345,0,0,2.8,-144.5622133331592,20260115-114632,0.0,0.0
118.92315702771268,1.8029028009652601,90.41237170243869,65.96204574314386,0,0,2.8,-143.58762829756134,20260115-114632,0.0,0.0
121.13816683477327,1.8099337149883672,91.35157976393475,66.92961506358361,0,0,2.8,-142.64842023606528,20260115-114632,0.0,0.0
123.38455357488075,1.8186193447997245,92.25682462083648,67.84517822693043,0,0,2.8,-141.7431753791635,20260115-114632,0.0,0.0
125.66063451927884,1.828808302259324,93.1294875706268,68.71175856104585,0,0,2.8,-140.87051242937324,20260115-114632,0.0,0.0
127.96482518580966,1.8403671198291445,93.97091282651832,69.53222745996985,0,0,2.8,-140.02908717348168,20260115-114632,0.0,0.0
130.29563427841234,1.853177675097616,94.78240406745181,70.30930494646122,0,0,2.8,-139.2175959325482,20260115-114632,0.0,0.0
132.65165867536157,1.867135047058249,95.56522197424272,71.04556196101612,0,0,2.8,-138.43477802575728,20260115-114632,0.0,0.0
135.0315785169061,1.8821457219948814,96.32058259509029,71.7434239755817,0,0,2.8,-137.6794174049097,20260115-114632,0.0,0.0
137.4341524306896,1.8981260842159189,97.04965640225691,72.40517559583569,0,0,2.8,-136.9503435977431,20260115-114632,0.0,0.0
139.8582129231193,1.915001140235179,97.75356791919978,73.03296587381848,0,0,2.8,-136.24643208080022,20260115-114632,0.0,0.0
142.30266195643364,1.9327034353314532,98.43339581354121,73.62881410309551,0,0,2.8,-135.56660418645876,20260115-114632,0.0,0.0
144.76646672436738,1.9511721294732502,99.09017336588079,74.19461591194897,0,0,2.8,-134.90982663411918,20260115-114632,0.0,0.0
147.24865563379387,1.970352205914932,99.72488923755571,74.7321495069553,0,0,2.8,-134.27511076244429,20260115-114632,0.0,0.0
149.748314495335,1.9901937907609981,100.33848847207696,75.24308195036382,0,0,2.8,-133.66151152792307,20260115-114632,0.0,0.0
152.2645829224899,2.010651565760218,100.9318736751867,75.72897538063457,0,0,2.8,-133.0681263248133,20260115-114632,0.0,0.0
154.79665093618058,2.031684259759434,101.50590632739465,76.19129310698584,0,0,2.8,-132.49409367260535,20260115-114632,0.0,0.0
157.34375576961287,2.0532542067924457,102.06140819057367,76.63140552645561,0,0,2.8,-131.93859180942633,20260115-114632,0.0,0.0
155.95232642827492,2.946857358546032,136.19305321324225,-52.921572866771264,0,0,2.8,-97.80694678675775,20260115-114632,0.0,0.0
154.2083340871086,2.982109263322665,135.26887690814584,-51.71116162098291,0,0,2.8,-98.73112309185416,20260115-114632,0.0,0.0
152.5053742443866,3.0223334941281124,134.32381034074297,-50.45947925358964,0,0,2.8,-99.676189659257,20260115-114632,0.0,0.0
150.8448366132847,3.0680911184077457,133.35766895825674,-49.16569645153466,0,0,2.8,-100.64233104174326,20260115-114632,0.0,0.0
149.22813736130908,3.120030915682085,132.3703078224296,-47.829057273519226,0,0,2.8,-101.62969217757043,20260115-114632,0.0,0.0
147.6567164599428,3.178907214788316,131.36162596503334,-46.44889154771234,0,0,2.8,-102.63837403496663,20260115-114632,0.0,0.0
146.13203460948313,3.245602268554967,130.33157086331778,-45.02462794818824,0,0,2.8,-103.6684291366822,20260115-114632,0.0,0.0
144.65556971804244,3.3211545721318707,129.28014299285582,-43.555807649502775,0,0,2.8,-104.7198570071442,20260115-114632,0.0,0.0
143.22881291752975,3.4067950523393473,128.20740040695114,-42.042098428896885,0,0,2.8,-105.79259959304883,20260115-114632,0.0,0.0
141.85326410430977,3.5039938043720436,127.11346328325783,-40.48330905360477,0,0,2.8,-106.88653671674219,20260115-114632,0.0,0.0
140.5304269982071,3.6145211453118016,125.99851836976654,-38.879403757391614,0,0,2.8,-108.00148163023349,20260115-114632,0.0,0.0
139.26180372061395,3.74052837632753,124.86282325413475,-37.23051657673612,0,0,2.8,-109.13717674586523,20260115-114632,0.0,0.0
138.04888890066525,3.884656098135706,123.70671037281699,-35.536965284241404,0,0,2.8,-110.29328962718303,20260115-114632,0.0,0.0
136.89316332770846,4.050181707825126,122.53059066998776,-33.799264626380825,0,0,2.8,-111.46940933001225,20260115-114632,0.0,0.0
135.7960871785124,4.241223673336268,121.33495681126811,-32.018138546249155,0,0,2.8,-112.66504318873187,20260115-114632,0.0,0.0
134.7590928586663,4.463029832425435,120.1203858542109,-30.19453105143853,0,0,2.8,-113.87961414578909,20260115-114632,0.0,0.0
133.78357750918528,4.722393006082959,118.88754127682284,-28.329615374420843,0,0,2.8,-115.11245872317716,20260115-114632,0.0,0.0
132.87089524117292,5.028264730932764,117.6371742675168,-26.42480106979666,0,0,2.8,-116.36282573248323,20260115-114632,0.0,0.0
132.02234917313942,5.392686801552528,116.37012418515656,-24.481738701222337,0,0,2.8,-117.62987581484347,20260115-114632,0.0,0.0
131.23918335682745,5.832250759218521,115.08731810655291,-22.50232179221535,0,0,2.8,-118.9126818934471,20260115-114632,0.0,0.0
130.5225746877092,6.370470818767189,113.78976939103859,-20.4886857503835,0,0,2.8,-120.21023060896141,20260115-114632,0.0,0.0
129.8736249052105,7.041814874175039,112.47857520758726,-18.443203524350736,0,0,2.8,-121.52142479241273,20260115-114632,0.0,0.0
129.29335279471655,7.89892342125246,111.15491298916538,-16.368477816463713,0,0,2.8,-122.8450870108346,20260115-114632,0.0,0.0
128.78268670806565,9.026404306511564,109.82003580123222,-14.267329751135014,0,0,2.8,-124.17996419876776,20260115-114632,0.0,0.0
128.3424575211398,10.569442531849402,108.47526663596136,-12.142783986421176,0,0,2.8,-125.52473336403867,20260115-114632,0.0,0.0
127.97339214599411,12.799834731434814,107.12199167007344,-9.998050352299257,0,0,2.8,-126.87800832992656,20260115-114632,0.0,0.0
127.6761077105197,16.29248668097938,105.76165255121697,-7.8365021994816075,0,0,2.8,-128.23834744878303,20260115-114632,0.0,0.0
127.45110651082281,22.511293927998647,104.39573780455254,-5.661651743274705,0,0,2.8,-129.60426219544746,20260115-114632,0.0,0.0
127.29877183039514,36.610375808408804,103.02577347646837,-3.4771227833492135,0,0,2.8,-130.97422652353163,20260115-114632,0.0,0.0
127.21936470596737,98.8786427708696,101.65331315504636,-1.286621267656064,0,0,2.8,-132.34668684495367,20260115-114632,0.0,0.0
127.21302170305482,140.39688484209208,100.27992752595298,0.9060957573676547,0,0,2.8,-133.72007247404702,20260115-114632,0.0,0.0
127.27975374513768,41.094410480141214,98.90719363692665,3.097252211627305,0,0,2.8,-135.09280636307338,20260115-114632,0.0,0.0
127.41944601980072,24.118376996335165,97.53668405324686,5.283085426484641,0,0,2.8,-136.46331594675314,20260115-114632,0.0,0.0
127.63185896370844,17.109107341719476,96.16995609004653,7.459878321792174,0,0,2.8,-137.83004390995345,20260115-114632,0.0,0.0
127.91663030677458,13.29143331618285,94.80854130487603,9.623990676086903,0,0,2.8,-139.191458695124,20260115-114632,0.0,0.0
128.27327813507048,10.896575681682394,93.45393542568524,11.77188888346853,0,0,2.8,-140.54606457431478,20260115-114632,0.0,0.0
128.70120491263202,9.258963823769976,92.10758887576492,13.900173643861232,0,0,2.8,-141.89241112423505,20260115-114632,0.0,0.0
129.1997023850228,8.072153570038925,90.77089803886201,16.005605104512373,0,0,2.8,-143.22910196113799,20260115-114632,0.0,0.0
129.7679572728286,7.175397287636439,89.44519738555084,18.08512505592201,0,0,2.8,-144.5548026144492,20260115-114632,0.0,0.0
130.4050576515953,6.476254543149883,88.13175255703874,20.13587588053166,0,0,2.8,-145.86824744296126,20260115-114632,0.0,0.0
131.10999990633115,5.917793786986041,86.83175447603486,22.155216052755712,0,0,2.8,-147.16824552396514,20260115-114632,0.0,0.0
131.88169614366296,5.463036317777262,85.54631452724084,24.14073208968186,0,0,2.8,-148.45368547275913,20260115-114632,0.0,0.0
132.71898194301284,5.086919345915088,84.27646082351123,26.090246948693853,0,0,2.8,-149.72353917648874,20260115-114632,0.0,0.0
133.62062432955145,4.771854139208553,83.0231355487224,28.001824957649145,0,0,2.8,-150.9768644512776,20260115-114632,0.0,0.0
134.58532985588545,4.505133243940165,81.78719334569541,29.873773442087554,0,0,2.8,-152.2128066543046,20260115-114632,0.0,0.0
135.61175268605928,4.2773470132629,80.56940069773958,31.704641280112135,0,0,2.8,-153.43059930226042,20260115-114632,0.0,0.0
136.69850258404932,4.081378987949871,79.37043623593974,33.493214667799016,0,0,2.8,-154.62956376406026,20260115-114632,0.0,0.0
137.84415271902836,3.9117474346229812,78.19089189141772,35.23851041582237,0,0,2.8,-155.80910810858228,20260115-114632,0.0,0.0
139.04724721079992,3.764161445646724,77.03127480248759,36.93976712173409,0,0,2.8,-156.9687251975124,20260115-114632,0.0,0.0
140.30630835049735,3.635214234240941,75.89200988077789,38.59643457293909,0,0,2.8,-158.10799011922208,20260115-114632,0.0,0.0
141.6198434434857,3.5221665785039273,74.77344293775411,40.208161734258475,0,0,2.8,-159.2265570622459,20260115-114632,0.0,0.0
142.98635123304248,3.4227909445864637,73.67584427329655,41.77478366278601,0,0,2.8,-160.32415572670345,20260115-114632,0.0,0.0
144.40432787451215,3.33525733796452,72.59941263066395,43.29630767341057,0,0,2.8,-161.40058736933605,20260115-114632,0.0,0.0
145.101341387299,1.8883864479244334,-47.33229133448816,-76.83879618326165,0,0,2.8,78.66770866551185,20260115-114632,0.0,0.0
142.54782466833484,1.866590360836121,-46.73380941213128,-76.36802785399681,0,0,2.8,79.26619058786872,20260115-114632,0.0,0.0
140.01042737270345,1.8453662413982952,-46.11356527536927,-75.87134967127875,0,0,2.8,79.88643472463073,20260115-114632,0.0,0.0
137.4900419617061,1.8247577043158227,-45.47050356275673,-75.34701272202976,0,0,2.8,80.52949643724327,20260115-114632,0.0,0.0
134.98762133732208,1.804812914328492,-44.803512859358875,-74.79313798435794,0,0,2.8,81.19648714064111,20260115-114632,0.0,0.0
132.50418333062805,1.785585195444309,-44.11142347539089,-74.20770718120616,0,0,2.8,81.88857652460909,20260115-114632,0.0,0.0
130.0408155005844,1.7671337407553,-43.39300537350729,-73.58855331742065,0,0,2.8,82.6069946264927,20260115-114632,0.0,0.0
127.59868025230223,1.7495244427574683,-42.646966314289216,-72.93335099176484,0,0,2.8,83.35303368571078,20260115-114632,0.0,0.0
125.17902028029059,1.7328308687373268,-41.87195030495448,-72.23960661060107,0,0,2.8,84.12804969504552,20260115-114632,0.0,0.0
122.78316433725529,1.717135411680753,-41.06653645442199,-71.50464867361488,0,0,2.8,84.93346354557801,20260115-114632,0.0,0.0
120.41253332248007,1.7025306546933412,-40.22923835887673,-70.72561835555831,0,0,2.8,85.77076164112329,20260115-114632,0.0,0.0
118.0686466753016,1.6891209966179552,-39.358504166140335,-69.89946067315763,0,0,2.8,86.64149583385968,20260115-114632,0.0,0.0
115.75312904828509,1.6770245991079487,-38.452717494626086,-69.02291660471592,0,0,2.8,87.54728250537391,20260115-114632,0.0,0.0
113.46771722094604,1.6663757318436059,-37.51019941348909,-68.09251662313294,0,0,2.8,88.48980058651092,20260115-114632,0.0,0.0
111.21426719773011,1.65732761422548,-36.52921172463226,-67.10457621241287,0,0,2.8,89.47078827536774,20260115-114632,0.0,0.0
108.99476141290249,1.6500558806494245,-35.507961824076745,-66.05519406409717,0,0,2.8,90.49203817592324,20260115-114632,0.0,0.0
106.81131593944001,1.6447628350691088,-34.444609459037565,-64.94025379346078,0,0,2.8,91.55539054096243,20260115-114632,0.0,0.0
104.66618756841247,1.641682712861399,-33.33727573652254,-63.75543017443531,0,0,2.8,92.66272426347747,20260115-114632,0.0,0.0
102.56178058920989,1.641088239659904,-32.18405477734194,-62.496201063792036,0,0,2.8,93.81594522265804,20260115-114632,0.0,0.0
100.50065305899389,1.6432988760975928,-30.98302844313838,-61.157866363090804,0,0,2.8,95.01697155686163,20260115-114632,0.0,0.0
98.48552230186519,1.6486912766656123,-29.73228458936603,-59.73557554149662,0,0,2.8,96.26771541063397,20260115-114632,0.0,0.0
96.51926932478308,1.6577126888898173,-28.429939308711994,-58.224365399183114,0,0,2.8,97.57006069128799,20260115-114632,0.0,0.0
94.60494177917312,1.6708983046191999,-27.074163620422837,-56.619209869109135,0,0,2.8,98.92583637957716,20260115-114632,0.0,0.0
92.74575503613823,1.6888939936996739,-25.663215023018125,-54.91508370692369,0,0,2.8,100.33678497698187,20260115-114632,0.0,0.0
90.94509088201453,1.712486474120785,-24.19547425112802,-53.10704186945887,0,0,2.8,101.80452574887197,20260115-114632,0.0,0.0
89.20649328375319,1.7426439202729933,-22.66948745081632,-51.19031618908043,0,0,2.8,103.33051254918368,20260115-114632,0.0,0.0
87.53366062585651,1.7805714803360344,-21.08401380055699,-49.160430565436734,0,0,2.8,104.91598619944301,20260115-114632,0.0,0.0
85.93043378962335,1.8277885051614176,-19.43807834678981,-47.013335266617496,0,0,2.8,106.56192165321019,20260115-114632,0.0,0.0
84.40077944020992,1.8862380853053011,-17.731029486278032,-44.74556001054822,0,0,2.8,108.26897051372195,20260115-114632,0.0,0.0
82.9487679178478,1.9584458465872496,-15.962600110281443,-42.35438424932338,0,0,2.8,110.03739988971856,20260115-114632,0.0,0.0
81.57854520763956,2.0477559413977713,-14.132970934224772,-39.83802149388717,0,0,2.8,111.86702906577521,20260115-114632,0.0,0.0
80.2942985985475,2.1586918777742983,-12.24283398929208,-37.195812623955526,0,0,2.8,113.75716601070793,20260115-114632,0.0,0.0
79.10021584548566,2.297526680419232,-10.293453682308382,-34.428421014485096,0,0,2.8,115.7065463176916,20260115-114632,0.0,0.0
78.00043792379651,2.47321923187319,-8.286722287356895,-31.538020131244014,0,0,2.8,117.7132777126431,20260115-114632,0.0,0.0
76.999005811358,2.699024054436101,-6.225206283389042,-28.528462236119335,0,0,2.8,119.77479371661096,20260115-114632,0.0,0.0
76.09980213970962,2.995416577298111,-4.112179676124697,-25.40541529898063,0,0,2.8,121.8878203238753,20260115-114632,0.0,0.0
75.30648900061841,3.395785789852283,-1.9516404242243652,-22.176454482393677,0,0,2.8,124.04835957577565,20260115-114632,0.0,0.0
74.62244364552443,3.9585203768687327,0.2516935941746681,-18.8510949903338,0,0,2.8,126.25169359417467,20260115-114632,0.0,0.0
74.05069422895761,4.795794932956507,2.4924119349529974,-15.44075492471212,0,0,2.8,128.492411934953,20260115-114632,0.0,0.0
73.59385807309997,6.154032301596582,4.7644640190313226,-11.958640199858394,0,0,2.8,130.76446401903132,20260115-114632,0.0,0.0
73.25408511822727,8.700476717124065,7.061236939507722,-8.419548433943898,0,0,2.8,133.06123693950772,20260115-114632,0.0,0.0
73.03300922915122,15.09072835522743,9.375657234109838,-4.839594717365155,0,0,2.8,135.37565723410984,20260115-114632,0.0,0.0
72.93170982332713,59.01250904709871,11.700313415133877,-1.2358686488845831,0,0,2.8,137.70031341513388,20260115-114632,0.0,0.0
72.95068586774623,30.729511835732403,14.027594366116801,2.37396175564751,0,0,2.8,140.0275943661168,20260115-114632,0.0,0.0
73.08984368246446,12.23859375517792,16.34983735596768,5.9720785855435,0,0,2.8,142.34983735596768,20260115-114632,0.0,0.0
73.34849923898571,7.687755518839641,18.659478569278605,9.540951069429513,0,0,2.8,144.6594785692786,20260115-114632,0.0,0.0
73.72539482313937,5.643506575712318,20.949198825197982,13.063756342630613,0,0,2.8,146.94919882519798,20260115-114632,0.0,0.0
74.21872912665631,4.491364806656548,23.21205758882249,16.524760806928544,0,0,2.8,149.2120575888225,20260115-114632,0.0,0.0
74.82619911939986,3.7582893770921224,25.441609407276474,19.90964282194115,0,0,2.8,151.44160940727647,20260115-114632,0.0,0.0
75.54505150086318,3.255446356350735,27.631998385227632,23.205743001567097,0,0,2.8,153.63199838522763,20260115-114632,0.0,0.0
76.37214117734268,2.8926392712100992,29.77802805650404,26.402234781730442,0,0,2.8,155.77802805650404,20260115-114632,0.0,0.0
77.30399407461269,2.621343921050226,31.875205798313118,29.490214333890727,0,0,2.8,157.87520579831312,20260115-114632,0.0,0.0
78.33687166268159,2.4131337341669163,33.91976258005968,32.46271458292209,0,0,2.8,159.91976258005968,20260115-114632,0.0,0.0
79.46683480569132,2.2502510752188174,35.90865019381215,35.31465252070321,0,0,2.8,161.90865019381215,20260115-114632,0.0,0.0
80.68980490933487,2.1210313256750997,37.83951909223828,38.04272192144651,0,0,2.8,163.83951909223828,20260115-114632,0.0,0.0
82.00162076879889,2.0174960411637834,39.71068053759572,40.64524494506399,0,0,2.8,165.71068053759572,20260115-114632,0.0,0.0
83.39808997360308,1.9340034654396534,41.52105696880298,43.121996141120846,0,0,2.8,167.52105696880298,20260115-114632,0.0,0.0
84.8750341614799,1.8664514446653167,43.270124385096125,45.47401134064824,0,0,2.8,169.27012438509612,20260115-114632,0.0,0.0
86.42832780235577,1.8117857834462496,44.95785020508879,47.7033921957142,0,0,2.8,170.9578502050888,20260115-114632,0.0,0.0
88.0539305178505,1.7676856880022298,46.58462957321527,49.81311503255178,0,0,2.8,172.58462957321527,20260115-114632,0.0,0.0
89.74791319415358,1.732356094229465,48.15122252762046,51.80685050441236,0,0,2.8,174.15122252762046,20260115-114632,0.0,0.0
91.50647832749388,1.7043867795492729,49.6586938761117,53.688798473133474,0,0,2.8,175.6586938761117,20260115-114632,0.0,0.0
93.32597515818833,1.6826544771962102,51.10835709435963,55.46354074646177,0,0,2.8,177.10835709435963,20260115-114632,0.0,0.0
95.20291021121866,1.6662534212786457,52.501723091241104,57.135912818208695,0,0,2.8,178.5017230912411,20260115-114632,0.0,0.0
97.13395387955666,1.6544451334809613,53.840454294174464,58.71089461588025,0,0,2.8,179.84045429417446,20260115-114632,0.0,0.0
99.11594367203601,1.6466215067831935,55.126324195873565,60.19351943584589,0,0,2.8,-178.87367580412644,20260115-114632,0.0,0.0
101.14588471041463,1.6422772517862485,56.361182269090534,61.58879969895566,0,0,2.8,-177.63881773090947,20260115-114632,0.0,0.0
103.22094800881584,1.6409890477205054,57.54692398908594,62.901667840013836,0,0,2.8,-176.45307601091406,20260115-114632,0.0,0.0
105.33846700971462,1.642399568948516,58.685465594056836,64.13693050172533,0,0,2.8,-175.31453440594314,20260115-114632,0.0,0.0
107.49593278913721,1.6462051067139583,59.778723150366886,65.29923419063692,0,0,2.8,-174.22127684963314,20260115-114632,0.0,0.0
109.69098828339808,1.6521458762012073,60.828595461567375,66.39304062884052,0,0,2.8,-173.1714045384326,20260115-114632,0.0,0.0
111.92142183291966,1.6599983529848876,61.836950358496665,67.42261016805875,0,0,2.8,-172.16304964150336,20260115-114632,0.0,0.0
114.18516028691299,1.6695691598797666,62.80561392430775,68.3919917969352,0,0,2.8,-171.19438607569228,20260115-114632,0.0,0.0
116.48026186665953,1.6806901501917015,63.73636223676266,69.30501844933978,0,0,2.8,-170.26363776323734,20260115-114632,0.0,0.0
118.80490894502232,1.6932144228271075,64.63091524560019,70.16530649830956,0,0,2.8,-169.3690847543998,20260115-114632,0.0,0.0
121.15740086547089,1.7070130695221284,65.4909324415728,70.97625848839483,0,0,2.8,-168.5090675584272,20260115-114632,0.0,0.0
123.53614689494597,1.721972501928041,66.31801001320343,71.74106831359168,0,0,2.8,-167.6819899867966,20260115-114632,0.0,0.0
125.93965938081155,1.7379922414362197,67.11367922563824,72.46272818613917,0,0,2.8,-166.88632077436176,20260115-114632,0.0,0.0
128.3665471623814,1.7549830809017848,67.87940579200153,73.14403686240738,0,0,2.8,-166.12059420799844,20260115-114632,0.0,0.0
130.81550927149598,1.7728655472497146,68.61659004072533,73.7876086962336,0,0,2.8,-165.38340995927464,20260115-114632,0.0,0.0
133.28532894381777,1.7915686090338907,69.32656771210304,74.39588317842448,0,0,2.8,-164.67343228789696,20260115-114632,0.0,0.0
135.77486795241035,1.8110285845938638,70.01061124373382,74.97113469518143,0,0,2.8,-163.98938875626615,20260115-114632,0.0,0.0
138.28306126731187,1.831188215401732,70.66993142766864,75.51548229954881,0,0,2.8,-163.33006857233136,20260115-114632,0.0,0.0
140.80891203881833,1.8519958761584951,71.30567934213775,76.03089934027899,0,0,2.8,-162.69432065786228,20260115-114632,0.0,0.0
143.35148689770935,1.8734048986610297,71.91894847798733,76.51922283333748,0,0,2.8,-162.0810515220127,20260115-114632,0.0,0.0
145.90991156239005,1.8953729907702601,72.51077699465804,76.98216249409239,0,0,2.8,-161.48922300534193,20260115-114632,0.0,0.0
148.4833667406445,1.9178617352321705,73.08215005299178,77.4213093743536,0,0,2.8,-160.9178499470082,20260115-114632,0.0,0.0
151.07108431219024,1.9408361558348899,73.63400218262859,77.83814406899482,0,0,2.8,-160.36599781737144,20260115-114632,0.0,0.0
153.6723437773269,1.9642643405782312,74.16721965052153,78.23404447289896,0,0,2.8,-159.83278034947847,20260115-114632,0.0,0.0
156.2864689565443,1.9881171133021827,74.68264280438427,78.61029308125553,0,0,2.8,-159.31735719561573,20260115-114632,0.0,0.0
158.91282492588422,2.0123677466566487,75.18106837091318,78.96808383552275,0,0,2.8,-158.81893162908682,20260115-114632,0.0,0.0
161.5508151730485,2.036991710465009,75.66325169358731,79.308528524237,0,0,2.8,-158.3367483064127,20260115-114632,0.0,0.0
164.19987895963908,2.0619664504922044,76.12990889890017,79.63266275280256,0,0,2.8,-157.87009110109983,20260115-114632,0.0,0.0
166.85948887544774,2.0872711934159733,76.58171898317545,79.94145149982637,0,0,2.8,-157.41828101682455,20260115-114632,0.0,0.0
169.52914857133894,2.112886774450527,77.01932581477729,80.2357942798077,0,0,2.8,-156.98067418522274,20260115-114632,0.0,0.0
172.20839065795386,2.138795484611376,77.44334004865755,80.51652993331642,0,0,2.8,-156.55665995134243,20260115-114632,0.0,0.0
174.8967747581804,2.1649809350589964,77.85434095187554,80.78444106641264,0,0,2.8,-156.14565904812446,20260115-114632,0.0,0.0
177.59388570206133,2.1914279363340428,78.25287814005503,81.0402581611474,0,0,2.8,-155.747121859945,20260115-114632,0.0,0.0
180.299331853537,2.2181223906112364,78.63947322577724,81.28466337867536,0,0,2.8,-155.36052677422276,20260115-114632,0.0,0.0
183.01274355912705,2.2450511953634518,79.01462138069598,81.51829407591708,0,0,2.8,-154.98537861930404,20260115-114632,0.0,0.0
185.7337717093411,2.2722021570507733,79.37879281374984,81.74174605591259,0,0,2.8,-154.62120718625016,20260115-114632,0.0,0.0
188.46208640426428,2.2995639136381394,79.73243416827654,81.95557657108058,0,0,2.8,-154.26756583172346,20260115-114632,0.0,0.0
191.19737571538738,2.3271258649056943,80.07596984112945,82.16030709758604,0,0,2.8,-153.92403015887052,20260115-114632,0.0,0.0
193.93934453634088,2.3548781096525313,80.40980322709174,82.35642589796598,0,0,2.8,-153.59019677290826,20260115-114632,0.0,0.0
196.6877135157455,2.382811389011237,80.73431789199242,82.54439038809628,0,0,2.8,-153.2656821080076,20260115-114632,0.0,0.0
199.44221806591077,2.4109170351905425,81.049878677974,82.72462932352552,0,0,2.8,-152.950121322026,20260115-114632,0.0,0.0
202.20260744159688,2.439186925049185,81.35683274435411,82.89754481916943,0,0,2.8,-152.6431672556459,20260115-114632,0.0,0.0
204.96864388350394,2.4676134379779597,81.65551054747732,83.06351421536337,0,0,2.8,-152.34448945252265,20260115-114632,0.0,0.0
207.740101821571,2.4961894176306227,81.94622676287781,83.2228918023206,0,0,2.8,-152.0537732371222,20260115-114632,0.0,0.0
210.51676713355306,2.524908137099488,82.22928115297492,83.37601041413973,0,0,2.8,-151.77071884702508,20260115-114632,0.0,0.0
213.29843645470172,2.5537632671793036,82.50495938340964,83.52318290265615,0,0,2.8,-151.4950406165904,20260115-114632,0.0,0.0
216.08491653470438,2.582748847404557,82.77353379100487,83.6647035006332,0,0,2.8,-151.22646620899516,20260115-114632,0.0,0.0
218.8760236383414,2.6118592595814873,83.03526410620151,83.80084908304481,0,0,2.8,-150.9647358937985,20260115-114632,0.0,0.0
221.67158298660047,2.641089203567676,83.29039813268525,83.93188033450696,0,0,2.8,-150.70960186731472,20260115-114632,0.0,0.0
224.47142823524493,2.6704336750796362,83.53917238678446,84.05804283027207,0,0,2.8,-150.4608276132155,20260115-114632,0.0,0.0
227.27540098807006,2.699887945333037,83.78181269908146,84.1795680376043,0,0,2.8,-150.21818730091854,20260115-114632,0.0,0.0
230.08335034229933,2.729447542341383,84.0185347805484,84.29667424380266,0,0,2.8,-149.9814652194516,20260115-114632,0.0,0.0
232.895132463773,2.7591082337176718,84.24954475538652,84.40956741663082,0,0,2.8,-149.75045524461348,20260115-114632,0.0,0.0
235.71061018976508,2.788866010839946,84.47503966262298,84.51844200244463,0,0,2.8,-149.524960337377,20260115-114632,0.0,0.0
238.52965265743438,2.818717074256214,84.69520792839745,84.62348166687717,0,0,2.8,-149.30479207160255,20260115-114632,0.0,0.0
241.35213495607016,2.84865782021702,84.9102298107548,84.72485998254545,0,0,2.8,-149.08977018924523,20260115-114632,0.0,0.0
242.73915521799674,242739155.21799675,173.5352273259631,0.0,0,0,2.8,-60.46477267403693,20260115-114632,0.0,0.0
242.73915521799674,242739155.21799675,173.5352273259631,0.0,0,0,2.8,-60.46477267403693,20260115-114632,0.0,0.0
242.73915521799674,242739155.21799675,173.5352273259631,0.0,0,0,2.8,-60.46477267403693,20260115-114632,0.0,0.0
242.73915521799674,242739155.21799675,173.5352273259631,0.0,0,0,2.8,-60.46477267403693,20260115-114632,0.0,0.0
242.73915521799674,242739155.21799675,173.5352273259631,0.0,0,0,2.8,-60.46477267403693,20260115-114632,0.0,0.0
242.73915521799674,242739155.21799675,173.5352273259631,0.0,0,0,2.8,-60.46477267403693,20260115-114632,0.0,0.0
242.73915521799674,242739155.21799675,173.5352273259631,0.0,0,0,2.8,-60.46477267403693,20260115-114632,0.0,0.0
242.73915521799674,242739155.21799675,173.5352273259631,0.0,0,0,2.8,-60.46477267403693,20260115-114632,0.0,0.0
242.73915521799674,242739155.21799675,173.5352273259631,0.0,0,0,2.8,-60.46477267403693,20260115-114632,0.0,0.0
242.73915521799674,242739155.21799675,173.5352273259631,0.0,0,0,2.8,-60.46477267403693,20260115-114632,0.0,0.0
242.73915521799674,242739155.21799675,173.5352273259631,0.0,0,0,2.8,-60.46477267403693,20260115-114632,0.0,0.0
242.73915521799674,242739155.21799675,173.5352273259631,0.0,0,0,2.8,-60.46477267403693,20260115-114632,0.0,0.0
242.73915521799674,242739155.21799675,173.5352273259631,0.0,0,0,2.8,-60.46477267403693,20260115-114632,0.0,0.0
242.73915521799674,242739155.21799675,173.5352273259631,0.0,0,0,2.8,-60.46477267403693,20260115-114632,0.0,0.0
242.73915521799674,242739155.21799675,173.5352273259631,0.0,0,0,2.8,-60.46477267403693,20260115-114632,0.0,0.0
242.73915521799674,242739155.21799675,173.5352273259631,0.0,0,0,2.8,-60.46477267403693,20260115-114632,0.0,0.0
242.73915521799674,242739155.21799675,173.5352273259631,0.0,0,0,2.8,-60.46477267403693,20260115-114632,0.0,0.0
242.73915521799674,242739155.21799675,173.5352273259631,0.0,0,0,2.8,-60.46477267403693,20260115-114632,0.0,0.0
242.73915521799674,242739155.21799675,173.5352273259631,0.0,0,0,2.8,-60.46477267403693,20260115-114632,0.0,0.0
242.5177900170078,5.626027921286521,-122.26564607704073,-43.10639645057974,0,0,2.8,3.734353922959266,20260115-114632,0.0,0.0
241.09591234997168,5.71268468447472,-121.62646685890367,-42.20360927764743,0,0,2.8,4.373533141096327,20260115-114632,0.0,0.0
239.70439319496418,5.806105940326711,-120.97978531392849,-41.284881064618666,0,0,2.8,5.020214686071516,20260115-114632,0.0,0.0
238.34376427764118,5.9068803073736325,-120.32563623454726,-40.350193651310946,0,0,2.8,5.674363765452735,20260115-114632,0.0,0.0
237.01455759314575,6.015666736396568,-119.66406300677986,-39.39954920692953,0,0,2.8,6.33593699322015,20260115-114632,0.0,0.0
235.71730471071157,6.133205338618622,-118.99511792374446,-38.43297129259364,0,0,2.8,7.004882076255536,20260115-114632,0.0,0.0
234.45253604313888,6.260330277952801,-118.31886248738085,-37.45050590522638,0,0,2.8,7.681137512619145,20260115-114632,0.0,0.0
233.2207800818899,6.397985201389507,-117.63536769602962,-36.4522224951754,0,0,2.8,8.364632303970389,20260115-114632,0.0,0.0
232.0225625988132,6.54724181027521,-116.94471431542378,-35.438214949488824,0,0,2.8,9.055285684576216,20260115-114632,0.0,0.0
230.85840581578174,6.709322344567189,-116.24699313057694,-34.40860253237306,0,0,2.8,9.753006869423055,20260115-114632,0.0,0.0
229.7288275438178,6.885626976948299,-115.54230517599822,-33.36353077401723,0,0,2.8,10.457694824001782,20260115-114632,0.0,0.0
228.63434029357708,7.077767414899437,-114.8307619416318,-32.303172298693795,0,0,2.8,11.1692380583682,20260115-114632,0.0,0.0
227.57545035937042,7.287608416450199,-114.11248555190893,-31.22772758284708,0,0,2.8,11.887514448091071,20260115-114632,0.0,0.0
226.5526568792129,7.51731948283397,-113.38760891531598,-30.13742563377183,0,0,2.8,12.612391084684015,20260115-114632,0.0,0.0
225.56645087370484,7.769439762506585,-112.65627584192615,-29.032524579472682,0,0,2.8,13.343724158073858,20260115-114632,0.0,0.0
224.6173142668607,8.046960281036911,-111.91864112641525,-27.913312160392206,0,0,2.8,14.08135887358475,20260115-114632,0.0,0.0
223.70571889230914,8.353429144036173,-111.1748705941872,-26.780106113909046,0,0,2.8,14.825129405812802,20260115-114632,0.0,0.0
222.83212548858626,8.693087566599857,-110.42514110837132,-25.633254442844983,0,0,2.8,15.574858891628674,20260115-114632,0.0,0.0
221.99698268752732,9.07104780856951,-109.66964053562505,-24.473135559687442,0,0,2.8,16.33035946437495,20260115-114632,0.0,0.0
221.20072600003053,9.493528892080032,-108.90856766887931,-23.300158298835225,0,0,2.8,17.091432331120686,20260115-114632,0.0,0.0
220.44377680370997,9.968173245450494,-108.14213210540258,-22.114761789911828,0,0,2.8,17.85786789459742,20260115-114632,0.0,0.0
219.72654133717262,10.504478654876182,-107.3705540788298,-20.917415186062136,0,0,2.8,18.6294459211702,20260115-114632,0.0,0.0
219.04940970584147,11.114397677649054,-106.59406424410508,-19.708617242151387,0,0,2.8,19.405935755894916,20260115-114632,0.0,0.0
218.41275490439654,11.813185491911685,-105.81290341461819,-18.488895738913143,0,0,2.8,20.18709658538181,20260115-114632,0.0,0.0
217.81693186101816,12.620625226987938,-105.02732225117295,-17.25880675033742,0,0,2.8,20.972677748827053,20260115-114632,0.0,0.0
217.26227650868404,13.562842562403755,-104.23758090280666,-16.018933752938768,0,0,2.8,21.762419097193337,20260115-114632,0.0,0.0
216.74910488879388,14.675069016886514,-103.44394859987975,-14.769886576981817,0,0,2.8,22.55605140012026,20260115-114632,0.0,0.0
216.27771229236706,16.005987808969444,-102.6467032002691,-13.512300201251511,0,0,2.8,23.353296799730902,20260115-114632,0.0,0.0
215.8483724439808,17.624831292359357,-101.8461306899224,-12.246833394516207,0,0,2.8,24.153869310077592,20260115-114632,0.0,0.0
215.46133673348456,19.63350226412838,-101.04252463945744,-10.974167208422397,0,0,2.8,24.957475360542556,20260115-114632,0.0,0.0
215.11683350034147,22.188422862694935,-100.23618561891523,-9.695003328155162,0,0,2.8,25.763814381084774,20260115-114632,0.0,0.0
214.81506737521062,25.542625012655332,-99.4274205731915,-8.410062288773315,0,0,2.8,26.5725794268085,20260115-114632,0.0,0.0
214.5562186830947,30.133955162515964,-98.61654216107172,-7.120081566656875,0,0,2.8,27.383457838928283,20260115-114632,0.0,0.0
214.34044291203807,36.79150402195555,-97.80386806117394,-5.825813556959486,0,0,2.8,28.196131938826056,20260115-114632,0.0,0.0
214.16787025097483,47.298312972162016,-96.98972024845554,-4.5280234493146905,0,0,2.8,29.010279751544452,20260115-114632,0.0,0.0
214.03860519989647,66.31741791267945,-96.17442424525751,-3.2274870152773802,0,0,2.8,29.825575754742495,20260115-114632,0.0,0.0
213.952726255042,111.1449476354934,-95.35830835113909,-1.924988322066721,0,0,2.8,30.641691648860917,20260115-114632,0.0,0.0
213.91028567131073,344.28504621020556,-94.54170285599074,-0.6213173880944756,0,0,2.8,31.45829714400927,20260115-114632,0.0,0.0
213.91130930357005,313.3165657122729,-93.72493924110017,0.682732203505673,0,0,2.8,32.27506075889983,20260115-114632,0.0,0.0
213.95579652798028,107.71218750904664,-92.90834937298212,1.986365716600179,0,0,2.8,33.09165062701789,20260115-114632,0.0,0.0
214.04372024389414,65.0828240607689,-92.09226469486428,3.2887896819602975,0,0,2.8,33.907735305135716,20260115-114632,0.0,0.0
214.1750269563176,46.66921450470027,-91.27701542074865,4.5892143081762615,0,0,2.8,34.72298457925135,20260115-114632,0.0,0.0
214.34963693834737,36.41156532425483,-90.4629297369377,5.886855866522241,0,0,2.8,35.5370702630623,20260115-114632,0.0,0.0
214.56744447243702,29.880137330931632,-89.65033301583138,7.180939033045168,0,0,2.8,36.34966698416862,20260115-114632,0.0,0.0
214.82831816879352,25.361344301628527,-88.83954704666158,8.470699171691729,0,0,2.8,37.160452953338414,20260115-114632,0.0,0.0
215.1321013586802,22.052652092778146,-88.0308892876423,9.755384543028825,0,0,2.8,37.969110712357704,20260115-114632,0.0,0.0
215.4786125599001,19.528146276733054,-87.22467214377585,11.03425842403862,0,0,2.8,38.775327856224145,20260115-114632,0.0,0.0
215.8676460112693,17.540801380398456,-86.421202274275,12.306601125561897,0,0,2.8,39.578797725724996,20260115-114632,0.0,0.0
216.29897227246093,15.937486290799333,-85.62077993324078,13.571711895202052,0,0,2.8,40.379220066759224,20260115-114632,0.0,0.0
216.77233888521852,14.61822404529721,-84.82369834688345,14.828910694863497,0,0,2.8,41.17630165311656,20260115-114632,0.0,0.0
217.2874710915984,13.514970151273959,-84.03024313019297,16.077539843557574,0,0,2.8,41.96975686980703,20260115-114632,0.0,0.0
217.84407260461654,12.579806339783046,-83.24069174556462,17.316965517640355,0,0,2.8,42.75930825443538,20260115-114632,0.0,0.0
218.4418264264372,11.77801174127348,-82.45531300546818,18.546579102222776,0,0,2.8,43.544686994531816,20260115-114632,0.0,0.0
219.08039570906155,11.083812118107268,-81.67436662082531,19.76579838909006,0,0,2.8,44.32563337917469,20260115-114632,0.0,0.0
219.75942465234414,10.477672627768392,-80.8981027963316,20.974068618056265,0,0,2.8,45.1018972036684,20260115-114632,0.0,0.0
220.47853943408793,9.94451753419263,-80.12676187353759,22.170863360239228,0,0,2.8,45.873238126462404,20260115-114632,0.0,0.0
221.2373491669457,9.472526575982382,-79.3605740220884,23.355685243247944,0,0,2.8,46.63942597791161,20260115-114632,0.0,0.0
222.03544687687696,9.052301236156236,-78.59975897912274,24.528066519708204,0,0,2.8,47.40024102087726,20260115-114632,0.0,0.0
219.85624554410822,2.6147233497344895,-81.4093690205398,-84.08394164011018,0,0,2.8,44.59063097946021,20260115-114632,0.0,0.0
217.05557029291106,2.5853567607059325,-81.66276948767006,-83.95575171360257,0,0,2.8,44.33723051232993,20260115-114632,0.0,0.0
214.25925159895058,2.556106488218143,-81.92278946122738,-83.82250606010953,0,0,2.8,44.07721053877262,20260115-114632,0.0,0.0
211.4674622877852,2.5269777245084932,-82.18968061039772,-83.68394396073136,0,0,2.8,43.81031938960228,20260115-114632,0.0,0.0
208.68038414585402,2.497975975516173,-82.4637068889991,-83.53978828908994,0,0,2.8,43.5362931110009,20260115-114632,0.0,0.0
205.8982084871513,2.4691070849368506,-82.74514524766356,-83.38974431010443,0,0,2.8,43.25485475233644,20260115-114632,0.0,0.0
203.121136761558,2.440377260525234,-83.03428639191239,-83.23349838042702,0,0,2.8,42.965713608087604,20260115-114632,0.0,0.0
200.34938120824975,2.411793102894458,-83.33143558914233,-83.07071654189782,0,0,2.8,42.66856441085768,20260115-114632,0.0,0.0
197.5831655579025,2.383361637093291,-83.63691352770508,-82.90104299860752,0,0,2.8,42.36308647229492,20260115-114632,0.0,0.0
194.8227257877436,2.3550903472788347,-83.95105723142635,-82.72409846732612,0,0,2.8,42.04894276857365,20260115-114632,0.0,0.0
192.06831093385253,2.326987214844633,-84.27422103306931,-82.53947839016229,0,0,2.8,41.72577896693069,20260115-114632,0.0,0.0
189.32018396550242,2.2990607604127202,-84.60677761039906,-82.34675099735783,0,0,2.8,41.393222389600936,20260115-114632,0.0,0.0
186.57862272675345,2.2713200901542963,-84.94911908864188,-82.14545520709885,0,0,2.8,41.05088091135812,20260115-114632,0.0,0.0
183.84392095096487,2.243774946968712,-85.30165821325161,-81.93509834813592,0,0,2.8,40.698341786748394,20260115-114632,0.0,0.0
181.11638935438435,2.2164357671258053,-85.6648295969863,-81.71515368985838,0,0,2.8,40.335170403013706,20260115-114632,0.0,0.0
178.39635681550553,2.18931374306435,-86.03909104535137,-81.48505776326367,0,0,2.8,39.96090895464864,20260115-114632,0.0,0.0
175.68417164745745,2.1624208931415883,-86.4249249644696,-81.24420745501659,0,0,2.8,39.5750750355304,20260115-114632,0.0,0.0
172.98020297130336,2.135770139248356,-86.82283985537725,-80.99195685551652,0,0,2.8,39.17716014462275,20260115-114632,0.0,0.0
170.28484219878533,2.109375393344468,-87.23337189860146,-80.72761384060445,0,0,2.8,38.76662810139854,20260115-114632,0.0,0.0
167.59850463374977,2.083251654133767,-87.6570866326243,-80.45043636527849,0,0,2.8,38.3429133673757,20260115-114632,0.0,0.0
164.9216312022312,2.0574151152925717,-88.09458072945495,-80.15962844658053,0,0,2.8,37.905419270545046,20260115-114632,0.0,0.0
162.25469032195147,2.0318832868951158,-88.54648386998073,-79.85433581172369,0,0,2.8,37.45351613001927,20260115-114632,0.0,0.0
159.59817992280455,2.006675131952277,-89.0134607210085,-79.5336411866194,0,0,2.8,36.9865392789915,20260115-114632,0.0,0.0
156.95262963073702,1.9818112203047276,-89.49621301489105,-79.19655919931851,0,0,2.8,36.503786985108945,20260115-114632,0.0,0.0
154.31860312828982,1.9573139024995942,-89.99548173129972,-78.84203087262433,0,0,2.8,36.004518268700274,20260115-114632,0.0,0.0
151.6967007059212,1.9332075067450152,-90.51204937898146,-78.4689176804079,0,0,2.8,35.48795062101854,20260115-114632,0.0,0.0
149.08756201906633,1.909518562596976,-91.04674237314283,-78.0759951431448,0,0,2.8,34.953257626857166,20260115-114632,0.0,0.0
146.49186906667535,1.8862760557094183,-91.60043350133125,-77.6619459401347,0,0,2.8,34.39956649866875,20260115-114632,0.0,0.0
143.91034940767418,1.8635117187995847,-92.17404446721542,-77.22535251904758,0,0,2.8,33.82595553278457,20260115-114632,0.0,0.0
141.3437796323619,1.841260364980761,-92.76854849736088,-76.76468918823372,0,0,2.8,33.23145150263911,20260115-114632,0.0,0.0
138.79298910613744,1.8195602708387182,-93.38497299078512,-76.27831368408667,0,0,2.8,32.615027009214884,20260115-114632,0.0,0.0
136.25886400305487,1.798453618133306,-94.02440218456768,-75.76445821521042,0,0,2.8,31.975597815432323,20260115-114632,0.0,0.0
133.74235164644557,1.7779870048663091,-94.68797980086022,-75.22121999789417,0,0,2.8,31.312020199139784,20260115-114632,0.0,0.0
131.24446517309565,1.7582120387662792,-95.37691163103523,-74.646551314248,0,0,2.8,30.623088368964776,20260115-114632,0.0,0.0
128.76628853606917,1.7391860291246315,-96.09246800114528,-74.03824914628593,0,0,2.8,29.90753199885473,20260115-114632,0.0,0.0
126.30898185904448,1.720972796538201,-96.83598604901876,-73.39394446740795,0,0,2.8,29.164013950981246,20260115-114632,0.0,0.0
123.87378715173978,1.703643624686865,-97.60887172685287,-72.71109130849368,0,0,2.8,28.391128273147128,20260115-114632,0.0,0.0
121.462034391379,1.687278384087981,-98.41260142371901,-71.9869557607309,0,0,2.8,27.587398576280986,20260115-114632,0.0,0.0
119.07514796884546,1.6719668652069006,-99.24872307960999,-71.2186051331288,0,0,2.8,26.751276920390005,20260115-114632,0.0,0.0
116.71465348980068,1.657810367885416,-100.11885663619395,-70.40289755134873,0,0,2.8,25.88114336380605,20260115-114632,0.0,0.0
114.38218491014212,1.6449236064877266,-101.02469363901659,-69.53647236808354,0,0,2.8,24.975306360983417,20260115-114632,0.0,0.0
112.07949197120563,1.6334370064340349,-101.96799577134406,-68.61574185581051,0,0,2.8,24.03200422865594,20260115-114632,0.0,0.0
109.80844788248783,1.62349948925397,-102.95059206117911,-67.63688477225637,0,0,2.8,23.049407938820888,20260115-114632,0.0,0.0
107.57105717771135,1.615281871854047,-103.97437446051103,-66.59584252885816,0,0,2.8,22.025625539488967,20260115-114632,0.0,0.0
105.36946364308658,1.6089810440644046,-105.04129145028809,-65.48831885359914,0,0,2.8,20.95870854971192,20260115-114632,0.0,0.0
491.09171687187444,3.2812391072131333,-176.17886990413797,-149.66654389566116,0,0,1.2,-176.17886990413797,20260115-114632,0.0,0.0
486.1029462780135,3.2480560052256395,-176.1395953173964,-149.65965657487004,0,0,1.2,-176.1395953173964,20260115-114632,0.0,0.0
481.11440882618064,3.214876033057851,-176.09950625761812,-149.652553902231,0,0,1.2,-176.09950625761812,20260115-114632,0.0,0.0
476.1261118445042,3.1816992895461795,-176.05857716413993,-149.6452268160189,0,0,1.2,-176.05857716413993,20260115-114632,0.0,0.0
471.1380629711054,3.148525877732841,-176.01678139718354,-149.63766577340562,0,0,1.2,-176.01678139718354,20260115-114632,0.0,0.0
466.15027017064494,3.1153559050919757,-175.97409118039664,-149.6298607195195,0,0,1.2,-175.97409118039664,20260115-114632,0.0,0.0
461.1627417519387,3.0821894837705117,-175.93047753968978,-149.621801054161,0,0,1.2,-175.93047753968978,20260115-114632,0.0,0.0
456.1754863867252,3.049026730844913,-175.88591023808732,-149.61347559596987,0,0,1.2,-175.88591023808732,20260115-114632,0.0,0.0
451.1885131296732,3.015867768595041,-175.84035770628736,-149.60487254381908,0,0,1.2,-175.84035770628736,20260115-114632,0.0,0.0
446.2018314397256,2.982712724796484,-175.79378696859698,-149.59597943518708,0,0,1.2,-175.79378696859698,20260115-114632,0.0,0.0
441.2154512028849,2.9495617330328074,-175.74616356388083,-149.5867831012362,0,0,1.2,-175.74616356388083,20260115-114632,0.0,0.0
436.22938275655537,2.9164149330293534,-175.6974514611274,-149.5772696182957,0,0,1.2,-175.6974514611274,20260115-114632,0.0,0.0
431.24363691556687,2.883272471010314,-175.6476129692015,-149.56742425541793,0,0,1.2,-175.6476129692015,20260115-114632,0.0,0.0
426.2582250000172,2.8501345000810243,-175.59660864031113,-149.5572314176399,0,0,1.2,-175.59660864031113,20260115-114632,0.0,0.0
421.2731588650828,2.8170011806375443,-175.5443971666737,-149.54667458454531,0,0,1.2,-175.5443971666737,20260115-114632,0.0,0.0
416.28845093296223,2.7838726808058682,-175.49093526981645,-149.53573624367624,0,0,1.2,-175.49093526981645,20260115-114632,0.0,0.0
411.30411422713155,2.7507491769132564,-175.4361775818934,-149.52439781829727,0,0,1.2,-175.4361775818934,20260115-114632,0.0,0.0
406.3201624091097,2.71763085399449,-175.3800765183396,-149.51263958895777,0,0,1.2,-175.3800765183396,20260115-114632,0.0,0.0
401.3366098179498,2.684517906336088,-175.32258214111826,-149.50044060823802,0,0,1.2,-175.32258214111826,20260115-114632,0.0,0.0
396.3534715126957,2.6514105380618616,-175.2636420117416,-149.48777860799473,0,0,1.2,-175.2636420117416,20260115-114632,0.0,0.0
391.37076331806554,2.618308963763509,-175.20320103316445,-149.4746298983434,0,0,1.2,-175.20320103316445,20260115-114632,0.0,0.0
386.38850187365216,2.585213409180352,-175.1412012795573,-149.4609692575274,0,0,1.2,-175.1412012795573,20260115-114632,0.0,0.0
381.4067046869592,2.5521241119327245,-175.077581812864,-149.44676981172353,0,0,1.2,-175.077581812864,20260115-114632,0.0,0.0
376.42539019062633,2.5190413223140493,-175.0122784849347,-149.43200290372104,0,0,1.2,-175.0122784849347,20260115-114632,0.0,0.0
371.4445778042335,2.4859653041471224,-174.94522372389608,-149.4166379492845,0,0,1.2,-174.94522372389608,20260115-114632,0.0,0.0
366.46428800111653,2.4528963357107814,-174.87634630327952,-149.40064227986437,0,0,1.2,-174.87634630327952,20260115-114632,0.0,0.0
361.484542380674,2.4198347107438014,-174.8055710922652,-149.3839809701556,0,0,1.2,-174.8055710922652,20260115-114632,0.0,0.0
356.50536374669775,2.38678073953362,-174.73281878522113,-149.36661664881683,0,0,1.2,-174.73281878522113,20260115-114632,0.0,0.0
351.5267761923198,2.3537347500983867,-174.65800560851275,-149.34850929044825,0,0,1.2,-174.65800560851275,20260115-114632,0.0,0.0
346.5488051922345,2.3206970894717935,-174.5810430023297,-149.32961598668243,0,0,1.2,-174.5810430023297,20260115-114632,0.0,0.0
341.57147770293307,2.2876681251012805,-174.501837275019,-149.30989069396196,0,0,1.2,-174.501837275019,20260115-114632,0.0,0.0
336.59482227177125,2.2546482463714486,-174.42028922712163,-149.28928395525782,0,0,1.2,-174.42028922712163,20260115-114632,0.0,0.0
331.6188691557905,2.2216378662659655,-174.33629374197943,-149.26774259261316,0,0,1.2,-174.33629374197943,20260115-114632,0.0,0.0
326.6436504513218,2.1886374231828776,-174.24973933940512,-149.24520936697343,0,0,1.2,-174.24973933940512,20260115-114632,0.0,0.0
321.6692002355297,2.15564738292011,-174.16050768848257,-149.22162260127448,0,0,1.2,-174.16050768848257,20260115-114632,0.0,0.0
316.6955547211948,2.122668240850059,-174.06847307508022,-149.19691576219589,0,0,1.2,-174.06847307508022,20260115-114632,0.0,0.0
311.7227524261989,2.08970052430463,-173.97350181910966,-149.1710169953314,0,0,1.2,-173.97350181910966,20260115-114632,0.0,0.0
306.7508343593629,2.0567447951948696,-173.87545163592932,-149.14384860777017,0,0,1.4,-173.87545163592932,20260115-114632,0.0,0.0
301.779844224503,2.023801652892562,-173.77417093557423,-149.1153264911992,0,0,1.6,-173.77417093557423,20260115-114632,0.0,0.0
296.80982864481643,1.9908717374048654,-173.6694980526639,-149.08535947760905,0,0,1.6,-173.6694980526639,20260115-114632,0.0,0.0
291.8408374099918,1.9579557328773627,-173.5612603988909,-149.05384861848222,0,0,1.6,-173.5612603988909,20260115-114632,0.0,0.0
286.87292374876597,1.9250543714658548,-173.4492735288993,-149.02068637693765,0,0,1.8,-173.4492735288993,20260115-114632,0.0,0.0
281.9061446300263,1.8921684376229833,-173.33334010909863,-148.9857557206524,0,0,1.8,-173.33334010909863,20260115-114632,0.0,0.0
276.9405610959964,1.8592987728524921,-173.21324877750084,-148.94892910143793,0,0,2.0,-173.21324877750084,20260115-114632,0.0,0.0
271.976238631549,1.8264462809917352,-173.08877288097534,-148.91006730505626,0,0,2.0,-173.08877288097534,20260115-114632,0.0,0.0
267.0132475742829,1.7936119340922088,-172.9596690743524,-148.86901815214833,0,0,2.0,-172.9596690743524,20260115-114632,0.0,0.0
262.05166357068845,1.760796778978597,-172.8256757635177,-148.82561502793035,0,0,2.2,-172.8256757635177,20260115-114632,0.0,0.0
257.09156808453537,1.7280019445794847,-172.68651137196835,-148.77967521448565,0,0,2.2,-172.68651137196835,20260115-114632,0.0,0.0
252.13304896456015,1.695228650137741,-172.54187240717684,-148.73099799491578,0,0,2.2,-172.54187240717684,20260115-114632,0.0,0.0
247.17620107964538,1.6624782144262664,-172.39143129943994,-148.67936249314866,0,0,2.2,-172.39143129943994,20260115-114632,0.0,0.0
242.22112703099475,1.6297520661157026,-172.23483398157467,-148.62452520664485,0,0,2.2,-172.23483398157467,20260115-114632,0.0,0.0
237.2679379523607,1.597051755465682,-172.07169717273246,-148.5662171813437,0,0,2.2,-172.07169717273246,20260115-114632,0.0,0.0
232.3167544112247,1.5643789675410231,-171.9016053235773,-148.50414076864826,0,0,2.2,-171.9016053235773,20260115-114632,0.0,0.0
227.36770742602232,1.5317355371900825,-171.72410717292482,-148.43796589267671,0,0,2.2,-171.72410717292482,20260115-114632,0.0,0.0
222.42093961712618,1.499123466065615,-171.53871185742864,-148.36732574192862,0,0,2.2,-171.53871185742864,20260115-114632,0.0,0.0
217.47660651243686,1.4665449420206293,-171.34488450573755,-148.2918117823202,0,0,2.2,-171.34488450573755,20260115-114632,0.0,0.0
212.53487803220744,1.4340023612750887,-171.14204123637165,-148.21096796746227,0,0,2.1,-171.14204123637165,20260115-114632,0.0,0.0
207.59594018228125,1.4014983538265138,-170.92954346393165,-148.12428399611147,0,0,2.1,-170.92954346393165,20260115-114632,0.0,0.0
202.65999699044033,1.369035812672176,-170.7066914006029,-148.03118743466246,0,0,2.1,-170.7066914006029,20260115-114632,0.0,0.0
197.72727272727272,1.3366179275270182,-170.47271661854765,-147.93103448275863,0,0,2.1,-170.47271661854765,20260115-114632,0.0,0.0
192.79801446115903,1.3042482238654485,-170.2267735128206,-147.82309911050248,0,0,2.3,-170.2267735128206,20260115-114632,0.0,0.0
187.87249500702674,1.2719306082942445,-169.9679294727829,-147.706560233642,0,0,2.3,-169.9679294727829,20260115-114632,0.0,0.0
182.9510163408919,1.2396694214876034,-169.69515353123398,-147.58048651498612,0,0,2.3,-169.69515353123398,20260115-114632,0.0,0.0
178.0339135675147,1.2074695001967732,-169.40730321284343,-147.4438182815398,0,0,2.5,-169.40730321284343,20260115-114632,0.0,0.0
173.12155954751935,1.1753362502025604,-169.1031092446745,-147.29534592137625,0,0,2.5,-169.1031092446745,20260115-114632,0.0,0.0
168.21437031408848,1.143275732531931,-168.78115771873118,-147.13368396402166,0,0,2.7,-168.78115771873118,20260115-114632,0.0,0.0
163.31281143916814,1.1112947658402206,-168.43986920578223,-146.9572398423848,0,0,2.7,-168.43986920578223,20260115-114632,0.0,0.0
158.4174055467558,1.0794010486092598,-168.07747420636582,-146.76417606863234,0,0,2.7,-168.07747420636582,20260115-114632,0.0,0.0
153.52874121859168,1.047603305785124,-167.69198418257207,-146.55236421149883,0,0,2.9,-167.69198418257207,20260115-114632,0.0,0.0
148.6474835984965,1.015911465754726,-167.28115723474855,-146.31932861203168,0,0,2.9,-167.28115723474855,20260115-114632,0.0,0.0
143.77438707977612,0.9843368752459664,-166.84245725998517,-146.06217718283665,0,0,2.9,-166.84245725998517,20260115-114632,0.0,0.0
138.91031056104256,0.9528925619834714,-166.37300514010846,-145.7775158533057,0,0,2.9,-166.37300514010846,20260115-114632,0.0,0.0
134.05623588690415,0.9215935579571942,-165.86952013758597,-145.46134218217998,0,0,2.9,-165.86952013758597,20260115-114632,0.0,0.0
129.21329026135544,0.8904573002754822,-165.32824920409817,-145.1089122649458,0,0,2.7,-165.32824920409817,20260115-114632,0.0,0.0
124.3827736471787,0.859504132231405,-164.74488129694222,-144.71457318565982,0,0,2.7,-164.74488129694222,20260115-114632,0.0,0.0
119.56619246327655,0.8287579350820459,-164.11444301153816,-144.27155071696498,0,0,2.7,-164.11444301153816,20260115-114632,0.0,0.0
114.76530128991642,0.7982469321312298,-163.43117082040092,-143.77167849991724,0,0,2.7,-163.43117082040092,20260115-114632,0.0,0.0
109.98215482597752,0.768004722550177,-162.6883538911534,-143.20505017310217,0,0,2.7,-162.6883538911534,20260115-114632,0.0,0.0
105.219173063493,0.7380716253443528,-161.87813975209863,-142.55956935670332,0,0,2.7,-161.87813975209863,20260115-114632,0.0,0.0
100.47922362441547,0.7084964477308977,-160.99129287936148,-141.8203633147638,0,0,2.7,-160.99129287936148,20260115-114632,0.0,0.0
95.76572654225149,0.6793388429752067,-160.0168934781,-140.96901352326555,0,0,2.7,-160.0168934781,20260115-114632,0.0,0.0
91.08278860556088,0.6506725004051208,-158.9419602117472,-139.98253890989866,0,0,2.7,-158.9419602117472,20260115-114632,0.0,0.0
86.43537690185246,0.6225895316804408,-157.75097634278765,-138.8320434308515,0,0,2.7,-157.75097634278765,20260115-114632,0.0,0.0
81.82954466551364,0.5952066115702481,-156.42529379808738,-137.48090675544498,0,0,2.7,-156.42529379808738,20260115-114632,0.0,0.0
77.27272727272728,0.5686737504919324,-154.94238458169698,-135.88235294117646,0,0,2.7,-154.94238458169698,20260115-114632,0.0,0.0
72.77413263080015,0.5431871159143888,-153.274905162316,-133.976175978132,0,0,2.7,-153.274905162316,20260115-114632,0.0,0.0
68.34525865168183,0.51900826446281,-151.38954033403476,-131.68433593715764,0,0,2.7,-151.38954033403476,20260115-114632,0.0,0.0
64.0005810924033,0.4964938642624594,-149.2456059204414,-128.90507959746094,0,0,2.7,-149.2456059204414,20260115-114632,0.0,0.0
59.758467016526545,0.47614325068870544,-146.79342968491048,-125.50522753413055,0,0,2.7,-146.79342968491048,20260115-114632,0.0,0.0
55.64237935391773,0.4586776859504134,-143.9726266148964,-121.31041264547825,0,0,2.7,-143.9726266148964,20260115-114632,0.0,0.0
51.682437831097815,0.44517906336088175,-140.71059313749964,-116.09359488049813,0,0,2.7,-140.71059313749964,20260115-114632,0.0,0.0
47.91737033858693,0.43734750098386477,-136.92195595893142,-109.56360841388404,0,0,2.7,-136.92195595893142,20260115-114632,0.0,0.0
44.396783443908305,0.4380165289256201,-132.51044707800082,-101.35869427760191,0,0,2.7,-132.51044707800082,20260115-114632,0.0,0.0
41.1834236090844,0.4522865013774108,127.37580749554814,-91.05605293030592,0,0,2.9,127.37580749554816,20260115-114632,0.0,0.0
38.35458747223454,0.4903581267217636,121.42956561483851,-78.2175014180962,0,0,2.9,121.42956561483851,20260115-114632,0.0,0.0
36.001033043029345,0.5760330578512404,114.62356478616357,-62.498206573982,0,0,2.9,114.6235647861636,20260115-114632,0.0,0.0
34.22096404494313,0.780716253443527,106.99082329198615,-43.83278033985301,0,0,2.9,106.99082329198616,20260115-114632,0.0,0.0
32.49894288016575,0.568661763719666,-114.32044564987388,-57.14986474136636,0,0,2.9,-114.32044564987388,20260115-114632,0.0,0.0
30.682222172046988,0.5935059213047293,-109.9731744455326,-51.696572975374785,0,0,2.9,-109.9731744455326,20260115-114632,0.0,0.0
29.063594466613367,0.642341331482081,-105.11087982507148,-45.24634029006763,0,0,2.8,-105.11087982507148,20260115-114632,0.0,0.0
27.67783564592792,0.7338630016638832,-99.71930443482078,-37.71526236255831,0,0,2.8,-99.71930443482078,20260115-114632,0.0,0.0
26.561418365451967,0.9130055413361732,-93.81809915794788,-29.09228604087072,0,0,2.8,-93.81809915794788,20260115-114632,0.0,0.0
25.749400030767156,1.3218651492966917,-87.47318672852788,-19.47959672321138,0,0,2.7,-87.47318672852788,20260115-114632,0.0,0.0
25.271140756260014,2.7713110637112717,-80.80288458881684,-9.118839486180784,0,0,2.7,-80.80288458881684,20260115-114632,0.0,0.0
25.14569158164619,15.53539659058487,-73.971684933263,1.618606350666682,0,0,2.7,-73.971684933263,20260115-114632,0.0,0.0
25.378285047145518,2.065309584044092,-67.16946240301287,12.287884219978386,0,0,2.7,-67.16946240301287,20260115-114632,0.0,0.0
25.959298826574607,1.1559123373331115,-60.58139281770801,22.45784389365302,0,0,2.7,-60.58139281770801,20260115-114632,0.0,0.0
26.86613734832302,0.8450536504710141,-54.35965560662282,31.79222684068453,0,0,2.7,-54.35965560662283,20260115-114632,0.0,0.0
28.06723665216879,0.7000663157074856,-48.60683185017436,40.09225415138579,0,0,2.7,-48.606831850174366,20260115-114632,0.0,0.0
29.526708373556783,0.6243282723956638,-43.37389784358081,47.29356282434128,0,0,2.7,-43.37389784358081,20260115-114632,0.0,0.0
31.208324823412433,0.5840599720650262,-38.66890773163391,53.43342518931919,0,0,2.7,-38.668907731633915,20260115-114632,0.0,0.0
33.07822344093624,0.5643792300561331,-34.470040226288916,58.60992339786545,0,0,2.7,-34.4700402262889,20260115-114632,0.0,0.0
35.106331203241936,0.557707904548475,-30.738092878529756,62.94752309753314,0,0,2.7,-30.738092878529756,20260115-114632,0.0,0.0
37.26682723164482,0.5597806634699017,-27.426095191360446,66.57398096004182,0,0,2.7,-27.426095191360435,20260115-114632,0.0,0.0
39.53801499940457,0.5680130758909735,-24.485675156675768,69.60757890544343,0,0,2.7,-24.485675156675782,20260115-114632,0.0,0.0
41.90189906306573,0.5807478520035277,-21.87075634058209,72.15162125612338,0,0,2.7,-21.870756340582076,20260115-114632,0.0,0.0
44.34365745975276,0.5968733069588859,-19.539389404084602,74.29324940947185,0,0,2.7,-19.539389404084616,20260115-114632,0.0,0.0
46.85111594767788,0.6156159082158625,-17.45441655261149,76.10445948912968,0,0,2.7,-17.45441655261148,20260115-114632,0.0,0.0
49.41427396002047,0.6364207880056442,-15.583472389032238,77.64402874844848,0,0,2.7,-15.583472389032226,20260115-114632,0.0,0.0
52.02489955076789,0.6588795772551328,-13.898646903476731,78.95964808546903,0,0,2.7,-13.89864690347674,20260115-114632,0.0,0.0
54.67619383568458,0.6826850502571569,-12.376005632886773,80.08992406540747,0,0,2.7,-12.376005632886777,20260115-114632,0.0,0.0
57.362517973547384,0.7076016369945366,-10.995075940790969,81.06611824301119,0,0,2.7,-10.995075940790963,20260115-114632,0.0,0.0
60.07917327154287,0.73344568339814,-9.738355524988492,81.91359582783146,0,0,2.7,-9.738355524988483,20260115-114632,0.0,0.0
62.8222249728305,0.7600718963455757,-8.590868528407384,82.65300332097482,0,0,2.7,-8.590868528407386,20260115-114632,0.0,0.0
65.58836129146782,0.7873638248669073,-7.539777649778841,83.30121250179941,0,0,2.7,-7.539777649778839,20260115-114632,0.0,0.0
68.37478058525404,0.8152270417037446,-6.574051838308975,83.87207132182154,0,0,2.7,-6.574051838308975,20260115-114632,0.0,0.0
71.1791008659247,0.843584171841054,-5.684185009526317,84.37699904987795,0,0,2.7,-5.6841850095263045,20260115-114632,0.0,0.0
73.99928700264391,0.872371209534431,-4.861959635596719,84.82545755050309,0,0,2.7,-4.861959635596707,20260115-114632,0.0,0.0
76.83359194087033,0.9015347503575534,-4.100248819516935,85.22532482569056,0,0,2.7,-4.1002488195169455,20260115-114632,0.0,0.0
79.68050904073729,0.9310298835933318,-3.3928508669831103,85.58319173731404,0,0,2.7,-3.392850866983114,20260115-114632,0.0,0.0
82.53873326059826,0.9608185682044402,-2.734351043024617,85.90459842470062,0,0,2.7,-2.7343510430246103,20260115-114632,0.0,0.0
85.40712940004303,0.9908683677039579,-2.120005942922404,86.19422335375242,0,0,2.7,-2.1200059429223947,20260115-114632,0.0,0.0
88.28470599863564,1.0211514546795464,-1.545646619762806,86.45603509064264,0,0,2.7,-1.5456466197627996,20260115-114632,0.0,0.0
91.17059378436502,1.0516438202175487,-1.0075972509403073,86.69341466344089,0,0,2.7,-1.007597250940311,20260115-114632,0.0,0.0
94.06402779777292,1.082324640655067,-0.50260667915731,86.90925463994013,0,0,2.7,-0.5026066791573207,20260115-114632,0.0,0.0
96.96433249863078,1.113175766305529,-0.027790630913187897,87.10603970515952,0,0,2.7,-0.027790630913187318,20260115-114632,0.0,0.0
99.87090930340118,1.1441813056006263,0.41941719518234777,87.28591248130468,0,0,2.7,0.41941719518234705,20260115-114632,0.0,0.0
102.78322611248237,1.1753272845004368,0.8413066565535701,87.45072752749847,0,0,2.7,0.8413066565535696,20260115-114632,0.0,0.0
105.70080847330118,1.2066013657434491,1.2399265337193697,87.6020958323493,0,0,2.7,1.2399265337193615,20260115-114632,0.0,0.0
108.62323209400304,1.2379926160196257,1.6171147428360086,87.7414216275754,0,0,2.7,1.6171147428360082,20260115-114632,0.0,0.0
111.55011647687391,1.2694913117868243,1.974524223882213,87.86993297328344,0,0,2.7,1.9745242238822218,20260115-114632,0.0,0.0
114.4811194838649,1.3010887764492114,2.3136451905475894,87.98870727045559,0,0,2.7,2.313645190547593,20260115-114632,0.0,0.0
117.41593268109783,1.3327772431431946,2.635824310111275,88.09869262487292,0,0,2.7,2.6358243101112744,20260115-114632,0.0,0.0
120.35427733688394,1.3645497385522725,2.942281285223885,88.2007258046706,0,0,2.7,2.9422812852238835,20260115-114632,0.0,0.0
123.29590097003786,1.3963999840844996,3.234123230513177,88.29554738993532,0,0,2.7,3.23412323051318,20260115-114632,0.0,0.0
126.24057436324316,1.4283223114590313,3.5123571720591826,88.38381459874306,0,0,2.7,3.512357172059187,20260115-114632,0.0,0.0
127.84894674803803,4.088584979724312,120.24286463411948,-31.269729596438207,0,0,2.7,120.2428646341195,20260115-114632,0.0,0.0
126.80849913731137,4.07002799306956,119.93114621080298,-31.156665102363117,0,0,2.7,119.93114621080299,20260115-114632,0.0,0.0
125.7718669891989,4.051825815561284,119.61427981131055,-31.040788206187038,0,0,2.7,119.61427981131055,20260115-114632,0.0,0.0
124.73914542779417,4.033991381992588,119.29215671786494,-30.922015843816535,0,0,2.7,119.29215671786494,20260115-114632,0.0,0.0
123.7104323886245,4.016538263618931,118.96466590522306,-30.80026238245281,0,0,2.7,118.96466590522304,20260115-114632,0.0,0.0
122.6858287053598,3.9994807077924635,118.63169402050403,-30.675439555520935,0,0,2.7,118.63169402050403,20260115-114632,0.0,0.0
121.66543819868377,3.982833680595478,118.2931253661531,-30.547456398052113,0,0,2.7,118.29312536615312,20260115-114632,0.0,0.0
120.64936776730744,3.9666129127411414,117.94884188642243,-30.41621918281214,0,0,2.7,117.94884188642244,20260115-114632,0.0,0.0
119.63772748109464,3.9508349490373935,117.5987231577825,-30.281631357504303,0,0,2.7,117.59872315778253,20260115-114632,0.0,0.0
118.63063067625805,3.9355172017409648,117.24264638371017,-30.143593483412833,0,0,2.7,117.24264638371015,20260115-114632,0.0,0.0
117.62819405257062,3.920678008163169,116.88048639433327,-30.002003175894373,0,0,2.7,116.88048639433326,20260115-114632,0.0,0.0
116.63053777252375,3.906336692928089,116.5121156514507,-29.8567550471694,0,0,2.7,116.5121156514507,20260115-114632,0.0,0.0
115.63778556234709,3.8925136353274996,116.13740425948288,-29.70774065191369,0,0,2.7,116.13740425948288,20260115-114632,0.0,0.0
114.65006481478785,3.8792303422660503,115.75621998295065,-29.55484843620167,0,0,2.7,115.75621998295067,20260115-114632,0.0,0.0
113.66750669352761,3.866509527345591,115.36842827112167,-29.39796369040938,0,0,2.7,115.36842827112167,20260115-114632,0.0,0.0
112.69024623909401,3.8543751967000204,114.97389229050793,-29.236968506744077,0,0,2.7,114.97389229050792,20260115-114632,0.0,0.0
111.71842247610078,3.842852742262596,114.5724729659454,-29.0717417421317,0,0,2.7,114.5724729659454,20260115-114632,0.0,0.0
110.75217852162477,3.831969043227555,114.1640290310329,-28.902158987260886,0,0,2.7,114.16402903103288,20260115-114632,0.0,0.0
109.79166169450005,3.8217525765584432,113.74841708875749,-28.728092542654714,0,0,2.7,113.74841708875749,20260115-114632,0.0,0.0
108.83702362527956,3.8122335374984444,113.32549168318451,-28.549411402717343,0,0,2.7,113.3254916831845,20260115-114632,0.0,0.0
107.8884203665814,3.8034439711550134,112.8951053831405,-28.365981248783406,0,0,2.7,112.89510538314049,20260115-114632,0.0,0.0
106.94601250350148,3.7954179163645834,112.45710887887094,-28.177664452282247,0,0,2.7,112.45710887887097,20260115-114632,0.0,0.0
106.00996526373555,3.788191563195508,112.01135109270592,-27.984320089217302,0,0,2.7,112.01135109270591,20260115-114632,0.0,0.0
105.08044862701219,3.781803425621816,111.55767930481841,-27.785803967252615,0,0,2.7,111.55767930481841,20260115-114632,0.0,0.0
104.15763743339362,3.7762945311004117,111.09593929521338,-27.581968666793077,0,0,2.7,111.0959392952134,20260115-114632,0.0,0.0
103.24171148995359,3.771708629014247,110.62597550313205,-27.37266359754207,0,0,2.7,110.62597550313203,20260115-114632,0.0,0.0
102.33285567529012,3.7680924202087773,110.14763120510543,-27.157735072119117,0,0,2.7,110.14763120510541,20260115-114632,0.0,0.0
101.43126004127673,3.765495810154699,109.66074871293489,-26.93702639841992,0,0,2.7,109.6607487129349,20260115-114632,0.0,0.0
100.53711991139815,3.7639721886236766,109.16516959291596,-26.710377992500597,0,0,2.7,109.16516959291594,20260115-114632,0.0,0.0
99.65063597495504,3.7635787391739806,108.66073490765677,-26.47762751386625,0,0,2.7,108.66073490765679,20260115-114632,0.0,0.0
98.77201437635844,3.7643767822200327,108.14728548187054,-26.23861002513884,0,0,2.7,108.14728548187054,20260115-114632,0.0,0.0
97.90146679866712,3.7664321560158984,107.62466219353837,-25.99315817817,0,0,2.7,107.62466219353836,20260115-114632,0.0,0.0
97.03921054045054,3.769815640532826,107.0927062918505,-25.741102428747688,0,0,2.7,107.09270629185052,20260115-114632,0.0,0.0
96.1854685849877,3.7746034299728084,106.55125974332952,-25.48227128211999,0,0,2.7,106.55125974332954,20260115-114632,0.0,0.0
95.34046966073657,3.7808776605557317,106.00016560752277,-25.216491571621752,0,0,2.7,106.00016560752276,20260115-114632,0.0,0.0
94.50444829193178,3.7887270012734815,105.43926844361965,-24.943588772737275,0,0,2.7,105.43926844361965,20260115-114632,0.0,0.0
93.67764483809032,3.7982473165530815,104.86841474929815,-24.66338735496113,0,0,2.7,104.86841474929817,20260115-114632,0.0,0.0
92.86030552112553,3.8095424112521874,104.28745343303251,-24.375711173826403,0,0,2.7,104.28745343303248,20260115-114632,0.0,0.0
92.05268243869142,3.822724870173576,103.69623632100013,-24.080383905450052,0,0,2.7,103.69623632100014,20260115-114632,0.0,0.0
91.25503356230143,3.837917006391262,103.09461869960438,-23.777229525895148,0,0,2.7,103.09461869960437,20260115-114632,0.0,0.0
90.46762271869069,3.8552519352054744,102.48245989447759,-23.46607283756386,0,0,2.7,102.4824598944776,20260115-114632,0.0,0.0
89.69071955281863,3.874874793581186,101.85962388664973,-23.146740044708867,0,0,2.7,101.8596238866497,20260115-114632,0.0,0.0
88.92459947084255,3.8969441285939754,101.22597996634727,-22.819059379978,0,0,2.7,101.22597996634724,20260115-114632,0.0,0.0
88.16954356133178,3.9216334828567283,100.58140342463525,-22.48286178368315,0,0,2.7,100.58140342463525,20260115-114632,0.0,0.0
87.42583849294097,3.9491332103204,99.92577628281867,-22.137981637202852,0,0,2.7,99.92577628281865,20260115-114632,0.0,0.0
86.6937763867189,3.9796525624723276,99.25898805918177,-21.78425755158412,0,0,2.7,99.25898805918176,20260115-114632,0.0,0.0
85.97365466120097,4.01342209310455,98.58093657226357,-21.421533211996834,0,0,2.7,98.58093657226358,20260115-114632,0.0,0.0
85.26577584841922,4.050696439888886,97.89152877943695,-21.049658278209105,0,0,2.7,97.89152877943692,20260115-114632,0.0,0.0
84.57044737896746,4.091757553488713,97.19068164908475,-20.66848934068956,0,0,2.7,97.19068164908477,20260115-114632,0.0,0.0
83.88798133428256,4.136918460528799,96.47832306414415,-20.277890931299535,0,0,2.7,96.47832306414415,20260115-114632,0.0,0.0
83.21869416434976,4.186527666311963,95.75439275421883,-19.877736586811952,0,0,2.7,95.75439275421884,20260115-114632,0.0,0.0
82.56290636911122,4.240974327874356,95.01884325284777,-19.467909962683756,0,0,2.7,95.01884325284774,20260115-114632,0.0,0.0
81.92094214195828,4.3006943593523,94.27164087586101,-19.048305993615383,0,0,2.7,94.27164087586102,20260115-114632,0.0,0.0
81.29312897381874,4.366177671760875,93.51276671606263,-18.618832096457794,0,0,2.7,93.51276671606264,20260115-114632,0.0,0.0
80.67979721651626,4.437976800953085,92.74221764875506,-18.179409409979282,0,0,2.7,92.74221764875503,20260115-114632,0.0,0.0
80.08127960427984,4.516717244548113,91.96000734187459,-17.729974064890083,0,0,2.7,91.96000734187459,20260115-114632,0.0,0.0
79.49791073252122,4.603109916229105,91.16616726374662,-17.27047847635287,0,0,2.7,91.16616726374663,20260115-114632,0.0,0.0
78.93002649327683,4.697966241293181,90.36074768070705,-16.80089264999704,0,0,2.7,90.36074768070704,20260115-114632,0.0,0.0
78.37796346703107,4.802216570901275,89.54381863608666,-16.321205491221978,0,0,2.7,89.54381863608666,20260115-114632,0.0,0.0
77.84205827099856,4.916932798607325,88.7154709013331,-15.831426106341455,0,0,2.7,88.71547090133312,20260115-114632,0.0,0.0
77.3226468643451,5.043356342229662,87.87581688936547,-15.331585082913428,0,0,2.7,87.87581688936548,20260115-114632,0.0,0.0
76.82006381126811,5.18293303715799,87.02499151964344,-14.821735735445975,0,0,2.7,87.02499151964342,20260115-114632,0.0,0.0
76.33464150333579,5.337357018223683,86.16315302390228,-14.301955301603677,0,0,2.7,86.16315302390231,20260115-114632,0.0,0.0
75.86670934299636,5.508626412693114,85.29048368108084,-13.772346073094084,0,0,2.7,85.29048368108083,20260115-114632,0.0,0.0
75.41659289070934,5.699114727468158,84.40719046967087,-13.233036444629233,0,0,2.7,84.40719046967087,20260115-114632,0.0,0.0
74.98461297871513,5.911663344475726,83.51350562557195,-12.684181863770377,0,0,2.7,83.51350562557192,20260115-114632,0.0,0.0
74.57108479503836,6.149702783319298,82.60968709355546,-12.125965664114366,0,0,2.7,82.60968709355548,20260115-114632,0.0,0.0
74.1763169419075,6.417413739994559,81.69601886065851,-11.558599764205074,0,0,2.7,81.69601886065853,20260115-114632,0.0,0.0
73.8006104733574,6.719944003660141,80.77281116024739,-10.982325214787583,0,0,2.7,80.77281116024739,20260115-114632,0.0,0.0
73.44425791735219,7.063705260248644,79.8404005361362,-10.397412577597686,0,0,2.7,79.84040053613619,20260115-114632,0.0,0.0
73.10754228831163,7.456786352045767,78.89914975702106,-9.804162119819164,0,0,2.7,78.89914975702109,20260115-114632,0.0,0.0
72.79073609643196,7.909540032353318,77.94944757260407,-9.202903809663708,0,0,2.7,77.94944757260407,20260115-114632,0.0,0.0
72.49410036064958,8.435434584753942,76.9917083041309,-8.593997100241186,0,0,2.7,76.99170830413088,20260115-114632,0.0,0.0
72.21788363249003,9.052321143456634,76.02637126364698,-7.9778304909887,0,0,2.7,76.02637126364701,20260115-114632,0.0,0.0
71.96232103836155,9.784374415613833,75.05389999807221,-7.354820858400983,0,0,2.7,75.0538999980722,20260115-114632,0.0,0.0
71.7276333480825,10.66516482195821,74.07478135618325,-6.725412550625048,0,0,2.7,74.07478135618325,20260115-114632,0.0,0.0
71.51402607756123,11.742714412256076,73.08952437875288,-6.090076243608615,0,0,2.7,73.08952437875288,20260115-114632,0.0,0.0
71.32168863356827,13.088211272709138,72.09865901437877,-5.449307559871422,0,0,2.7,72.09865901437878,20260115-114632,0.0,0.0
71.15079350844668,14.811894512144855,71.10273466591451,-4.803625454536376,0,0,2.7,71.1027346659145,20260115-114632,0.0,0.0
71.00149553238988,17.09408751724242,70.10231857483222,-4.1535703769371874,0,0,2.7,70.10231857483221,20260115-114632,0.0,0.0
70.87393119057774,20.25141761749303,69.09799405325572,-3.499702219826692,0,0,2.7,69.09799405325572,20260115-114632,0.0,0.0
70.76821801199969,24.895611768935744,68.09035857574679,-2.8425980718538875,0,0,2.7,68.09035857574679,20260115-114632,0.0,0.0
70.68445403621288,32.38173065331371,67.08002174515221,-2.182849792464059,0,0,2.7,67.08002174515221,20260115-114632,0.0,0.0
70.62271736358967,46.4298915848468,66.06760314886816,-1.52106143161098,0,0,2.7,66.06760314886814,20260115-114632,0.0,0.0
70.58306579381384,82.27936371395701,65.05373012369995,-0.857846519562242,0,0,2.7,65.05373012369994,20260115-114632,0.0,0.0
70.56553655649931,364.06781315480373,64.03903544904227,-0.19382525454535152,0,0,2.7,64.03903544904226,20260115-114632,0.0,0.0
70.57014613684622,150.02846395557322,63.024154989333454,0.47037838204984633,0,0,2.7,63.024154989333454,20260115-114632,0.0,0.0
70.59689019823342,62.24709303809985,62.009725307616634,1.1341395517863442,0,0,2.7,62.00972530761665,20260115-114632,0.0,0.0
70.64574360259383,39.31675649322011,60.996381272544056,1.7968354946770893,0,0,2.7,60.99638127254407,20260115-114632,0.0,0.0
70.71666052834955,28.77177425652321,59.98475368127532,2.457848441943635,0,0,2.7,59.98475368127532,20260115-114632,0.0,0.0
70.80957468461902,22.720365449084415,58.97546692044301,3.116568474362832,0,0,2.7,58.97546692044301,20260115-114632,0.0,0.0
70.9243996193683,18.800887834145033,57.969136686696885,3.7723962955919403,0,0,2.7,57.969136686696885,20260115-114632,0.0,0.0
71.0610291181845,16.059911882061407,56.966367787309224,4.424745891511287,0,0,2.7,56.96636778730923,20260115-114632,0.0,0.0
71.21933768941892,14.038769403126976,55.96775203995898,5.073047048807257,0,0,2.7,55.967752039958974,20260115-114632,0.0,0.0
71.3991811305978,12.489475619554339,54.97386628914472,5.716747708671657,0,0,2.7,54.973866289144716,20260115-114632,0.0,0.0
71.60039717024439,11.266221168939584,53.98527055475492,6.355316134538807,0,0,2.7,53.985270554754926,20260115-114632,0.0,0.0
71.82280617860857,10.27766313387748,53.00250632619452,6.988242876132466,0,0,2.7,53.00250632619452,20260115-114632,0.0,0.0
72.06621194026789,9.46366508027826,52.026095013185966,7.615042515658103,0,0,2.7,52.02609501318596,20260115-114632,0.0,0.0
72.33040248115347,8.783018965474414,51.05653656198518,8.235255185657744,0,0,2.7,51.0565365619852,20260115-114632,0.0,0.0
72.61515094226615,8.206541097249472,50.094308243333586,8.848447851751338,0,0,2.7,50.09430824333358,20260115-114632,0.0,0.0
72.92021649218376,7.712984498198318,49.13986361605933,9.454215357131503,0,0,2.7,49.13986361605933,20260115-114632,0.0,0.0
73.24534527041429,7.286512608608597,48.19363166789759,10.052181229176645,0,0,2.7,48.1936316678976,20260115-114632,0.0,0.0
73.59027135371808,6.915080195683259,47.25601613285994,10.641998251828928,0,0,2.7,47.25601613285994,20260115-114632,0.0,0.0
73.95471773769353,6.589362853023068,46.32739498239286,11.223348810388334,0,0,2.7,46.32739498239286,20260115-114632,0.0,0.0
74.33839732618931,6.3020298257078995,45.40812008565263,11.795945018054395,0,0,2.7,45.408120085652634,20260115-114632,0.0,0.0
74.74101392145586,6.047238217851686,44.498517032515565,12.359528635868426,0,0,2.7,44.498517032515565,20260115-114632,0.0,0.0
75.16226320837163,5.8202737486279785,43.598885111457406,12.913870799649198,0,0,2.7,43.59888511145741,20260115-114632,0.0,0.0
75.6018337265586,5.617290800917403,42.709497433183344,13.458771569065194,0,0,2.7,42.70949743318336,20260115-114632,0.0,0.0
76.05940782472801,5.435121154760122,41.83060118987595,13.99405931514785,0,0,2.7,41.830601189875956,20260115-114632,0.0,0.0
76.53466259215352,5.2711311259763605,40.96241803914995,14.519589963335843,0,0,2.7,40.962418039149966,20260115-114632,0.0,0.0
77.02727076274789,5.12311339644253,40.10514460125307,15.035246109569881,0,0,2.7,40.10514460125306,20260115-114632,0.0,0.0
77.53690158780509,4.989204089946824,39.258953057718315,15.540936027059077,0,0,2.7,39.25895305771833,20260115-114632,0.0,0.0
78.06322167405513,4.867818476964514,38.42399183954245,16.03659258114612,0,0,2.7,38.42399183954246,20260115-114632,0.0,0.0
78.60589578425257,4.75760060207649,37.60038639301342,16.52217206924525,0,0,2.7,37.60038639301342,20260115-114632,0.0,0.0
79.16458759807496,4.657383439234014,36.78824001152438,16.99765300215327,0,0,2.7,36.78824001152438,20260115-114632,0.0,0.0
79.73896043163715,4.566157094243848,35.98763472206289,17.46303484217769,0,0,2.7,35.987634722062886,20260115-114632,0.0,0.0
80.32867791442551,4.483043220092435,35.198632215536094,17.918336712526546,0,0,2.7,35.19863221553609,20260115-114632,0.0,0.0
80.93340462291965,4.407274273543546,34.42127481066012,18.363596091297353,0,0,2.7,34.42127481066011,20260115-114632,0.0,0.0
81.55280667059448,4.338176576910899,33.65558644178532,18.798867502222805,0,0,2.7,33.6555864417853,20260115-114632,0.0,0.0
82.18655225437972,4.275156394805501,32.901573661727895,19.22422121310928,0,0,2.7,32.901573661727895,20260115-114632,0.0,0.0
82.834312157999,4.217688417793261,32.159226651414684,19.639741951668107,0,0,2.7,32.15922665141468,20260115-114632,0.0,0.0
83.49576021291236,4.165306181127978,31.42852022890426,20.04552764721403,0,0,2.7,31.428520228904258,20260115-114632,0.0,0.0
84.17057371784928,4.117594049554198,30.709414851111035,20.441688205509777,0,0,2.7,30.709414851111024,20260115-114632,0.0,0.0
84.85843381814236,4.074180477460962,30.00185760231369,20.828344322887318,0,0,2.7,30.00185760231368,20260115-114632,0.0,0.0
85.55902584625771,4.034732313751657,29.30578316426852,21.205626344688397,0,0,2.7,29.305783164268508,20260115-114632,0.0,0.0
86.27203962506943,3.998949967261142,28.621114763458905,21.573673172049375,0,0,2.7,28.621114763458916,20260115-114632,0.0,0.0
86.99716973554317,3.9665632847442556,27.947765091690655,21.93263122011485,0,0,2.7,27.947765091690652,20260115-114632,0.0,0.0
87.73411575058286,3.9373280218429625,27.2856371968808,22.282653429905686,0,0,2.7,27.285637196880806,20260115-114632,0.0,0.0
88.48258243685498,3.9110228098411235,26.63462534148431,22.623898335292346,0,0,2.7,26.63462534148431,20260115-114632,0.0,0.0
89.24227992644187,3.8874465388050634,25.994615826551723,22.956529185832473,0,0,2.7,25.994615826551723,20260115-114632,0.0,0.0
90.01292386019013,3.866416091916009,25.365487779915213,23.280713125623286,0,0,2.7,25.36548777991522,20260115-114632,0.0,0.0
90.7942355046165,3.84776437721102,24.747113907455343,23.59662042778903,0,0,2.7,24.747113907455336,20260115-114632,0.0,0.0
91.5859418442129,3.831338612160787,24.13936120681018,23.90442378377006,0,0,2.7,24.139361206810193,20260115-114632,0.0,0.0
92.38777565095793,3.816998823986714,23.54209164325215,24.204297646196895,0,0,2.7,23.542091643252153,20260115-114632,0.0,0.0
93.19947553279647,3.804616534712794,22.95516278777646,24.49641762381501,0,0,2.7,22.955162787776455,20260115-114632,0.0,0.0
91.08278860556088,0.6506725004051208,158.9419602117472,-139.98253890989866,0,0,2.7,158.9419602117472,20260115-114632,0.0,0.0
86.43537690185246,0.6225895316804408,157.75097634278768,-138.8320434308515,0,0,2.9,157.75097634278765,20260115-114632,0.0,0.0
81.82954466551364,0.5952066115702481,156.4252937980874,-137.48090675544498,0,0,2.9,156.42529379808738,20260115-114632,0.0,0.0
77.27272727272728,0.5686737504919324,154.94238458169696,-135.88235294117646,0,0,3.3,154.94238458169698,20260115-114632,0.0,0.0
72.77413263080015,0.5431871159143888,153.27490516231603,-133.976175978132,0,0,3.3,153.274905162316,20260115-114632,0.0,0.0
68.34525865168183,0.51900826446281,151.3895403340348,-131.68433593715764,0,0,3.3,151.38954033403476,20260115-114632,0.0,0.0
64.0005810924033,0.4964938642624594,149.2456059204414,-128.90507959746094,0,0,3.3,149.2456059204414,20260115-114632,0.0,0.0
59.758467016526545,0.47614325068870544,146.7934296849105,-125.50522753413055,0,0,3.3,146.79342968491048,20260115-114632,0.0,0.0
55.64237935391773,0.4586776859504134,143.9726266148964,-121.31041264547825,0,0,3.3,143.9726266148964,20260115-114632,0.0,0.0
51.682437831097815,0.44517906336088175,140.71059313749964,-116.09359488049813,0,0,3.3,140.71059313749964,20260115-114632,0.0,0.0
47.91737033858693,0.43734750098386477,136.92195595893145,-109.56360841388404,0,0,3.3,136.92195595893142,20260115-114632,0.0,0.0
44.396783443908305,0.4380165289256201,132.51044707800082,-101.35869427760191,0,0,3.3,132.51044707800082,20260115-114632,0.0,0.0
41.1834236090844,1.1995032791513414,127.37580749554814,-34.33373157447474,0,0,3.5,127.37580749554816,20260115-114632,0.0,0.0
38.845677519880375,0.5650061998141005,124.66778317935103,-68.75265710829626,0,0,3.5,124.66778317935103,20260115-114632,0.0,0.0
36.6056722463899,0.5584162970154047,121.62080293922179,-65.55265747442911,0,0,3.5,121.62080293922178,20260115-114632,0.0,0.0
34.48246099193084,0.5586401009133826,118.18783897774847,-61.72571739041227,0,0,3.5,118.18783897774847,20260115-114632,0.0,0.0
32.49894288016575,0.568661763719666,114.32044564987388,-57.14986474136636,0,0,3.5,114.32044564987388,20260115-114632,0.0,0.0
30.682222172046988,0.5935059213047293,109.9731744455326,-51.696572975374785,0,0,3.5,109.9731744455326,20260115-114632,0.0,0.0
29.063594466613367,0.642341331482081,105.11087982507149,-45.24634029006763,0,0,3.4,105.11087982507148,20260115-114632,0.0,0.0
27.67783564592792,0.7338630016638832,99.7193044348208,-37.71526236255831,0,0,3.4,99.71930443482078,20260115-114632,0.0,0.0
26.561418365451967,0.9130055413361732,93.81809915794787,-29.09228604087072,0,0,3.4,93.81809915794788,20260115-114632,0.0,0.0
25.749400030767156,1.3218651492966917,87.47318672852788,-19.47959672321138,0,0,3.4,87.47318672852788,20260115-114632,0.0,0.0
25.271140756260014,2.7713110637112717,80.80288458881682,-9.118839486180784,0,0,3.4,80.80288458881684,20260115-114632,0.0,0.0
25.14569158164619,15.53539659058487,73.97168493326302,1.618606350666682,0,0,3.4,73.971684933263,20260115-114632,0.0,0.0
25.378285047145518,2.065309584044092,67.16946240301286,12.287884219978386,0,0,3.4,67.16946240301287,20260115-114632,0.0,0.0
25.959298826574607,1.1559123373331115,60.58139281770801,22.45784389365302,0,0,3.4,60.58139281770801,20260115-114632,0.0,0.0
26.86613734832302,0.8450536504710141,54.35965560662282,31.79222684068453,0,0,3.4,54.35965560662283,20260115-114632,0.0,0.0
28.06723665216879,0.7000663157074856,48.60683185017436,40.09225415138579,0,0,3.4,48.606831850174366,20260115-114632,0.0,0.0
29.526708373556783,0.6243282723956638,43.37389784358081,47.29356282434128,0,0,3.4,43.37389784358081,20260115-114632,0.0,0.0
31.208324823412433,0.5840599720650262,38.66890773163391,53.43342518931919,0,0,3.4,38.668907731633915,20260115-114632,0.0,0.0
33.07822344093624,0.5643792300561331,34.470040226288916,58.60992339786545,0,0,3.4,34.4700402262889,20260115-114632,0.0,0.0
35.106331203241936,0.557707904548475,30.738092878529756,62.94752309753314,0,0,3.4,30.738092878529756,20260115-114632,0.0,0.0
37.26682723164482,0.5597806634699017,27.426095191360446,66.57398096004182,0,0,3.4,27.426095191360435,20260115-114632,0.0,0.0
39.53801499940457,0.5680130758909735,24.485675156675768,69.60757890544343,0,0,3.4,24.485675156675782,20260115-114632,0.0,0.0
41.90189906306573,0.5807478520035277,21.87075634058209,72.15162125612338,0,0,3.4,21.870756340582076,20260115-114632,0.0,0.0
44.34365745975276,0.5968733069588859,19.539389404084602,74.29324940947185,0,0,3.4,19.539389404084616,20260115-114632,0.0,0.0
46.85111594767788,0.6156159082158625,17.45441655261149,76.10445948912968,0,0,3.4,17.45441655261148,20260115-114632,0.0,0.0
49.41427396002047,0.6364207880056442,15.583472389032238,77.64402874844848,0,0,3.4,15.583472389032226,20260115-114632,0.0,0.0
52.02489955076789,0.6588795772551328,13.898646903476731,78.95964808546903,0,0,3.4,13.89864690347674,20260115-114632,0.0,0.0
54.67619383568458,0.6826850502571569,12.376005632886773,80.08992406540747,0,0,3.4,12.376005632886777,20260115-114632,0.0,0.0
57.362517973547384,0.7076016369945366,10.995075940790969,81.06611824301119,0,0,3.4,10.995075940790963,20260115-114632,0.0,0.0
60.07917327154287,0.73344568339814,9.738355524988492,81.91359582783146,0,0,3.4,9.738355524988483,20260115-114632,0.0,0.0
62.8222249728305,0.7600718963455757,8.590868528407384,82.65300332097482,0,0,3.4,8.590868528407386,20260115-114632,0.0,0.0
65.58836129146782,0.7873638248669073,7.539777649778841,83.30121250179941,0,0,3.4,7.539777649778839,20260115-114632,0.0,0.0
68.37478058525404,0.8152270417037446,6.574051838308975,83.87207132182154,0,0,3.4,6.574051838308975,20260115-114632,0.0,0.0
71.1791008659247,0.843584171841054,5.684185009526317,84.37699904987795,0,0,3.4,5.6841850095263045,20260115-114632,0.0,0.0
73.99928700264391,0.872371209534431,4.861959635596719,84.82545755050309,0,0,3.4,4.861959635596707,20260115-114632,0.0,0.0
76.83359194087033,0.9015347503575534,4.100248819516935,85.22532482569056,0,0,3.4,4.1002488195169455,20260115-114632,0.0,0.0
79.68050904073729,0.9310298835933318,3.3928508669831103,85.58319173731404,0,0,3.4,3.392850866983114,20260115-114632,0.0,0.0
82.53873326059826,0.9608185682044402,2.734351043024617,85.90459842470062,0,0,3.4,2.7343510430246103,20260115-114632,0.0,0.0
81.51365194980409,1.0014950542955736,155.55600722947133,-81.39196654060238,0,0,3.4,155.5560072294713,20260115-114632,0.0,0.0
78.90021618936301,1.0476004873924056,152.67636288048436,-75.31517705356785,0,0,3.4,152.67636288048433,20260115-114632,0.0,0.0
76.49939621076484,1.1146518760419772,149.60779327419073,-68.63075176655775,0,0,3.4,149.6077932741907,20260115-114632,0.0,0.0
74.33179650623201,1.2121916266152166,146.35043235903282,-61.32016990893388,0,0,3.4,146.35043235903282,20260115-114632,0.0,0.0
72.41836209432748,1.3565963125101903,142.90929237584476,-53.38239638903891,0,0,3.4,142.90929237584473,20260115-114632,0.0,0.0
70.7797090298859,1.5785292281046195,139.29523450958015,-44.839023421107576,0,0,3.4,139.29523450958015,20260115-114632,0.0,0.0
69.43529432237206,1.9428654277535748,135.52569031367375,-35.73860203105068,0,0,3.4,135.52569031367372,20260115-114632,0.0,0.0
68.40246947488444,2.6148623364258636,131.62494111623766,-26.15910922805239,0,0,3.4,131.62494111623766,20260115-114632,0.0,0.0
67.69549769548566,4.176799917110345,127.62378015133368,-16.207503121748708,0,0,3.4,127.62378015133365,20260115-114632,0.0,0.0
67.3246450533937,11.191560442296554,123.5584563061704,-6.0156620160806105,0,0,3.4,123.5584563061704,20260115-114632,0.0,0.0
67.29546864566986,15.77001170577203,119.4689256797206,4.267306194898945,0,0,3.4,119.46892567972058,20260115-114632,0.0,0.0
67.60841082486824,4.667309592945993,115.39658863969544,14.485520936311834,0,0,3.4,115.39658863969544,20260115-114632,0.0,0.0
68.25876627684482,2.7874456028373746,111.38181712766936,24.48792765941814,0,0,3.4,111.38181712766936,20260115-114632,0.0,0.0
69.23702750955326,2.028087101568068,107.46163185082077,34.13907985313888,0,0,3.4,107.46163185082075,20260115-114632,0.0,0.0
70.52955145489926,1.6278284516243466,103.66784960214284,43.32738587074121,0,0,3.4,103.66784960214287,20260115-114632,0.0,0.0
72.119443452157,1.387718051935014,100.02590322185864,51.96980997083283,0,0,3.4,100.02590322185863,20260115-114632,0.0,0.0
73.9875358733983,1.232860571739729,96.55438564801022,60.012898108171406,0,0,3.4,96.55438564801022,20260115-114632,0.0,0.0
76.11334738884416,1.1287633867013025,93.26523533129688,67.43073728788968,0,0,3.4,93.26523533129686,20260115-114632,0.0,0.0
78.47593696287595,1.0573298823428257,90.1643961838663,74.22086358610181,0,0,3.4,90.16439618386629,20260115-114632,0.0,0.0
81.05460233087712,1.008151958354503,87.25275875049749,80.39919147027571,0,0,3.4,87.25275875049746,20260115-114632,0.0,0.0
83.82940582624286,0.9748189095981474,84.52720793949476,85.99484991607325,0,0,3.4,84.52720793949474,20260115-114632,0.0,0.0
86.78153518286106,0.9531664684638321,81.98164574821806,91.04551833712978,0,0,3.4,81.98164574821809,20260115-114632,0.0,0.0
89.89352179971772,0.9403720691552047,79.60790620073709,95.59356849090032,0,0,3.4,79.60790620073709,20260115-114632,0.0,0.0
93.14934524604794,0.9344547680920563,77.39652215496028,99.68309695314379,0,0,3.4,77.3965221549603,20260115-114632,0.0,0.0
96.53445303790501,0.9339833156851252,75.33733464803515,103.35779174715984,0,0,3.4,75.33733464803517,20260115-114632,0.0,0.0
100.03572148106136,0.9378978565699536,73.41995480257697,106.65950538250338,0,0,3.4,73.41995480257698,20260115-114632,0.0,0.0
103.64137864045622,0.9453968023202464,71.63409822827151,109.62738438092205,0,0,3.4,71.6340982282715,20260115-114632,0.0,0.0
107.34090555841836,0.9558626802334288,69.96981520961262,112.29741235655827,0,0,3.4,69.96981520961262,20260115-114632,0.0,0.0
111.12492740630746,0.9688121423184418,68.4176393597952,114.70224468943688,0,0,3.4,68.41763935979522,20260115-114632,0.0,0.0
114.98510260621529,0.9838614235695329,66.96867477831381,116.87123801341815,0,0,3.4,66.9686747783138,20260115-114632,0.0,0.0
118.91401514125891,1.0007019521650817,65.61463834695667,118.83060174308739,0,0,3.4,65.61463834695668,20260115-114632,0.0,0.0
122.9050731988643,1.0190827931760964,64.34787037703711,120.60361927593299,0,0,3.4,64.34787037703713,20260115-114632,0.0,0.0
126.95241582722936,1.0387977917304723,63.161323753282204,122.21090267793772,0,0,3.4,63.16132375328222,20260115-114632,0.0,0.0
131.05082829219455,1.059676010706461,62.048539150547555,123.67065684994235,0,0,3.4,62.048539150547555,20260115-114632,0.0,0.0
135.19566617728432,1.081574518379654,61.003611842964546,124.9989380110636,0,0,3.4,61.003611842964546,20260115-114632,0.0,0.0
139.3827878739627,1.104372878777745,60.02115403215103,126.20989753770792,0,0,3.4,60.021154032151024,20260115-114632,0.0,0.0
143.6084948854538,1.127968893521882,59.096255418138355,127.31600641668571,0,0,3.4,59.09625541813834,20260115-114632,0.0,0.0
147.86947925911443,1.1522752756053336,58.224443846962174,128.3282583507947,0,0,3.4,58.22444384696219,20260115-114632,0.0,0.0
152.16277742866973,1.1772170255269132,57.40164722280946,129.25635131768746,0,0,3.4,57.40164722280945,20260115-114632,0.0,0.0
156.4857297602597,1.2027293426364452,56.624157411580484,130.10884844401886,0,0,3.4,56.624157411580484,20260115-114632,0.0,0.0
160.83594513585606,1.2287559485129713,55.888596539585365,130.89331964618214,0,0,3.4,55.888596539585365,20260115-114632,0.0,0.0
165.21126996133202,1.2552477305647682,55.19188586913589,131.61646576887196,0,0,3.4,55.191885869135895,20260115-114632,0.0,0.0
186.1215669088989,2.0963108611606387,-169.87256283402658,-88.78528960435345,0,0,3.2,-169.87256283402658,20260115-114632,0.0,0.0
183.1628201056591,2.0640587876300107,-169.70719967381194,-88.73914890571986,0,0,3.2,-169.70719967381194,20260115-114632,0.0,0.0
180.20564909655494,2.0318434012689535,-169.53640783962717,-88.69071749526098,0,0,3.2,-169.53640783962717,20260115-114632,0.0,0.0
177.25013275137954,1.9996666014958606,-169.35991873546087,-88.63984257114996,0,0,3.2,-169.35991873546087,20260115-114632,0.0,0.0
174.2963552437944,1.9675304211507452,-169.17744597521016,-88.5863584980069,0,0,3.2,-169.17744597521016,20260115-114632,0.0,0.0
171.34440650041256,1.9354370384196231,-168.98868390545584,-88.53008550478266,0,0,3.2,-168.98868390545584,20260115-114632,0.0,0.0
168.394382695815,1.9033887900610533,-168.79330598081967,-88.47082822759168,0,0,3.2,-168.79330598081967,20260115-114632,0.0,0.0
165.44638679901385,1.8713881861037887,-168.59096297475014,-88.40837407629016,0,0,3.2,-168.59096297475014,20260115-114632,0.0,0.0
162.50052917763543,1.839437926210052,-168.38128100630828,-88.3424914003208,0,0,3.2,-168.38128100630828,20260115-114632,0.0,0.0
159.55692826697472,1.8075409179288817,-168.16385936091507,-88.27292742550935,0,0,3.2,-168.16385936091507,20260115-114632,0.0,0.0
156.69720586499923,1.880853191056506,-167.94463536991427,-83.31176862186668,0,0,3.2,-167.94463536991427,20260115-114632,0.0,0.0
154.00271842385564,1.9653511449006418,-167.73045562588638,-78.35888198576404,0,0,3.2,-167.73045562588638,20260115-114632,0.0,0.0
151.4731853324734,2.0632584055054632,-167.52228658295022,-73.41454901058069,0,0,3.2,-167.52228658295022,20260115-114632,0.0,0.0
149.11422363660876,2.188886151222793,-173.3090416638041,-68.12333457969389,0,0,3.2,-167.3090416638041,20260115-114632,0.0,0.0
146.93079729926407,2.335686937230856,-179.06974218316134,-62.906888315033484,0,0,3.2,-167.06974218316134,20260115-114632,0.0,0.0
144.91800100167407,2.5025197561279815,175.20988612901942,-57.90883394499077,0,0,3.2,-166.79011387098055,20260115-114632,0.0,0.0
143.06628534572764,2.686015820897872,169.54438100305686,-53.26338148593031,0,0,3.2,-166.45561899694314,20260115-114632,0.0,0.0
141.36184899185363,2.8796043192266154,163.94816892384011,-49.09071987703493,0,0,3.2,-166.05183107615989,20260115-114632,0.0,0.0
139.7871733382978,3.0727101996890016,158.43521692386207,-45.49311983682877,0,0,3.2,-165.56478307613796,20260115-114632,0.0,0.0
138.32167177554587,3.2506511960652142,153.01873506540608,-42.551988334823136,0,0,3.2,-164.98126493459392,20260115-114632,0.0,0.0
136.94241924624603,3.395883326771571,147.7109478465586,-40.32600830736894,0,0,3.2,-164.2890521534414,20260115-114632,0.0,0.0
135.6249253305374,3.4909548387474136,142.52294508411933,-38.850380940247526,0,0,3.2,-163.47705491588067,20260115-114632,0.0,0.0
134.34391530442778,3.5226583999114887,137.46461478161746,-38.13708286554363,0,0,3.2,-162.53538521838254,20260115-114632,0.0,0.0
133.07408794092623,3.485807475620376,132.54465331830897,-38.1759718147494,0,0,3.2,-161.455346681691,20260115-114632,0.0,0.0
131.7908252244602,3.384760505707847,127.77064285374342,-38.936528892433145,0,0,3.2,-160.22935714625655,20260115-114632,0.0,0.0
130.47083650066438,3.231874988966384,123.14918250724116,-40.37001336564428,0,0,3.2,-158.85081749275884,20260115-114632,0.0,0.0
129.09272686963445,3.0437912022536873,118.68605856841737,-42.411820749745075,0,0,3.2,-157.31394143158266,20260115-114632,0.0,0.0
127.63748608860337,2.837405744256053,114.38643932832673,-44.98386822081696,0,0,3.2,-155.61356067167327,20260115-114632,0.0,0.0
126.38089631247756,4.1679104278987795,122.18980311607766,-30.322363807657815,0,0,3.2,-153.81019688392232,20260115-114632,0.0,0.0
125.61954293594384,8.187559325324704,130.00579270408207,-15.342733767729003,0,0,3.2,-151.99420729591793,20260115-114632,0.0,0.0
125.35658091275627,253.138099671258,137.79232215521478,-0.4952102471953162,0,0,3.2,-150.20767784478522,20260115-114632,0.0,0.0
125.58000777839506,9.122237818465951,145.5065743103329,13.76635977678483,0,0,3.2,-148.49342568966708,20260115-114632,0.0,0.0
126.26307431518744,4.6736331287939725,153.10771115684008,27.01604315864851,0,0,3.2,-146.89228884315995,20260115-114632,0.0,0.0
127.36568422089593,3.2756269489710768,160.5592625182682,38.88284172924618,0,0,3.2,-145.4407374817318,20260115-114632,0.0,0.0
128.83656303333117,2.6256012909911166,167.83087193151118,49.069355455983086,0,0,3.2,-144.16912806848885,20260115-114632,0.0,0.0
130.615884076434,2.2771060580137776,174.89923920968238,57.360474544766994,0,0,3.2,-143.10076079031762,20260115-114632,0.0,0.0
132.6380246329946,2.084756982620144,-178.25172664506377,63.622775095010724,0,0,3.2,-142.25172664506377,20260115-114632,0.0,0.0
134.8528022094434,1.9471238270833466,-177.52914625597347,69.25743516345509,0,0,3.2,-141.52914625597347,20260115-114632,0.0,0.0
137.25474478163895,1.833673839354527,-176.8338715258849,74.85232206287793,0,0,3.2,-140.8338715258849,20260115-114632,0.0,0.0
139.84249530530573,1.7392116879268946,-176.1671776951295,80.40567820240167,0,0,3.2,-140.1671776951295,20260115-114632,0.0,0.0
142.6146497576659,1.6599228228654355,-175.53001754150733,85.91643406136069,0,0,3.2,-139.53001754150733,20260115-114632,0.0,0.0
145.56977916428528,1.5929433757913163,-174.92303963072283,91.38415173858363,0,0,3.2,-138.92303963072283,20260115-114632,0.0,0.0
148.7064495749818,1.5360814853868814,-174.34661059173501,96.80895902311343,0,0,3.2,-138.34661059173501,20260115-114632,0.0,0.0
152.02323973857645,1.4876312869790689,-173.80084019608262,102.19147786767101,0,0,3.2,-137.80084019608262,20260115-114632,0.0,0.0
155.5187563485231,1.4462454958371491,-173.28560811969973,107.53275069562251,0,0,3.2,-137.28560811969973,20260115-114632,0.0,0.0
159.1916468367712,1.4108461158447445,-172.80059140066493,112.83416741836169,0,0,3.2,-136.80059140066493,20260115-114632,0.0,0.0
163.0406097792395,1.3805605886963745,-172.34529176078937,118.09739544513165,0,0,3.2,-136.34529176078937,20260115-114632,0.0,0.0
167.06440304249244,1.3546753037377155,-171.91906211948327,123.32431438112236,0,0,3.2,-135.91906211948327,20260115-114632,0.0,0.0
171.2618498485537,1.3326011945962477,-171.52113178443022,128.5169565681222,0,0,3.2,-135.52113178443022,20260115-114632,0.0,0.0
175.6318429651535,1.313847904156376,-171.15062994775928,133.677454147881,0,0,3.2,-135.15062994775928,20260115-114632,0.0,0.0
180.1733472445689,1.2980041238068323,-170.80660724390611,138.80799293314274,0,0,3.2,-134.80660724390611,20260115-114632,0.0,0.0
184.88540073825837,1.2847224485704876,-170.48805523381,143.91077305762082,0,0,3.2,-134.48805523381,20260115-114632,0.0,0.0
189.6412049337934,1.3408204570027302,-170.1873487711723,141.43668821828487,0,0,3.2,-134.1873487711723,20260115-114632,0.0,0.0
194.23959616074276,1.4486132233159061,-164.00021006815547,134.0865822804822,0,0,3.2,-134.00021006815547,20260115-114632,0.0,0.0
198.55705313994594,1.5930206222409296,-158.0124113501537,124.64185985278226,0,0,3.2,-134.0124113501537,20260115-114632,0.0,0.0
202.52963958828806,1.785211487624629,-152.19952329412124,113.44854152701562,0,0,3.2,-134.19952329412124,20260115-114632,0.0,0.0
202.08339954462156,3.949687247723208,-64.4533696411815,-51.16440539972178,0,0,3.2,-52.4533696411815,20260115-114632,0.0,0.0
200.1622498004153,3.1280193393817903,-59.93214430311615,-63.9900934372019,0,0,3.2,-53.93214430311615,20260115-114632,0.0,0.0
197.8255187626395,2.600081092689819,-55.32231914211805,-76.08436495262782,0,0,3.2,-55.32231914211805,20260115-114632,0.0,0.0
195.09910074691248,2.2333867555683047,-50.61563913188678,-87.3557167205766,0,0,3.2,-56.615639131886795,20260115-114632,0.0,0.0
192.01201106466573,1.9651556492605067,-45.80306499978508,-97.70829661096838,0,0,3.2,-57.80306499978511,20260115-114632,0.0,0.0
188.59654063765518,1.7619040449608991,-40.87471834537581,-107.04132337799395,0,0,3.2,-58.87471834537579,20260115-114632,0.0,0.0
184.88842975925968,1.6042584869895435,-35.81984300418577,-115.24852837538067,0,0,3.2,-59.81984300418577,20260115-114632,0.0,0.0
180.927059042765,1.480367082916672,-30.62679362824747,-122.21769933326,0,0,3.2,-60.62679362824747,20260115-114632,0.0,0.0
176.75565220167798,1.382735090616042,-25.28306693716769,-127.83045241365,0,0,3.2,-61.28306693716768,20260115-114632,0.0,0.0
172.42148009221773,1.3065952938953787,-19.775396717170224,-131.96242241021253,0,0,3.2,-61.77539671717024,20260115-114632,0.0,0.0
167.97604778287732,1.2490397912546316,-14.089940275875506,-134.48414450763755,0,0,3.2,-62.089940275875534,20260115-114632,0.0,0.0
163.47523564567214,1.208573164991381,-8.212591116105443,-135.2630030030809,0,0,3.2,-62.212591116105436,20260115-114632,0.0,0.0
158.97935110575318,1.1849386770400783,-2.1294587025654437,-134.1667330016404,0,0,3.2,-62.12945870256543,20260115-114632,0.0,0.0
154.55302981783,1.1791725331330791,4.172441241291892,-131.06905518497814,0,0,3.2,-61.8275587587081,20260115-114632,0.0,0.0
150.2649049512909,1.1939236500185815,10.704247713271059,-125.858052103208,0,0,3.2,-61.29575228672894,20260115-114632,0.0,0.0
146.1869444002431,1.2341890104446471,17.474047557522397,-118.44777676927754,0,0,3.2,-60.52595244247758,20260115-114632,0.0,0.0
142.3933447024083,1.3088440098064553,24.48542137350728,-108.79321266364252,0,0,3.2,-59.514578626492735,20260115-114632,0.0,0.0
138.9588775782327,1.4339261812542974,31.735828420040775,-96.90797155030761,0,0,3.2,-58.2641715799592,20260115-114632,0.0,0.0
135.80632941115692,1.4724034330776743,33.12505945093068,-92.23445582933022,0,0,3.2,-56.874940549069336,20260115-114632,0.0,0.0
132.81058162914883,1.517819869537385,34.5576542903749,-87.50088485113062,0,0,3.2,-55.44234570962508,20260115-114632,0.0,0.0
129.97353490733312,1.5713691863334276,36.03231934956227,-82.71355709259412,0,0,3.2,-53.96768065043776,20260115-114632,0.0,0.0
127.2968567220966,1.6345219208088115,37.54732993241089,-77.88017713406146,0,0,3.2,-52.452670067589104,20260115-114632,0.0,0.0
124.78193353777,1.7091096106395771,39.100506203790644,-73.00990689009966,0,0,3.2,-50.899493796209356,20260115-114632,0.0,0.0
122.42982186423139,1.7974415644402717,40.68919695223616,-68.11338086662994,0,0,3.2,-49.31080304776386,20260115-114632,0.0,0.0
120.2411995061869,1.902470002171957,42.31027296929926,-63.202678291333584,0,0,3.2,-47.68972703070073,20260115-114632,0.0,0.0
118.21631854478134,2.0280286707232826,43.96013168028054,-58.29124619950284,0,0,3.2,-46.03986831971945,20260115-114632,0.0,0.0
116.35496175848145,2.179186125286006,45.63471431984755,-53.39376954008943,0,0,3.2,-44.365285680152475,20260115-114632,0.0,0.0
114.65640427830442,2.362783556317769,47.32953645050537,-48.52598705951226,0,0,3.2,-42.67046354949465,20260115-114632,0.0,0.0
113.11938226077555,2.5882803549354785,49.03973198964593,-43.70445498497609,0,0,3.2,-40.9602680103541,20260115-114632,0.0,0.0
111.74207023522911,2.869134505127768,50.76011017933922,-38.94626412094717,0,0,3.2,-39.23988982066081,20260115-114632,0.0,0.0
110.52206853462518,3.2251589774843445,52.48522415785578,-34.26871955962725,0,0,3.2,-37.5147758421442,20260115-114632,0.0,0.0
109.45640185743163,3.686766775599833,54.20944904224319,-29.688995404278916,0,0,3.2,-35.790550957756786,20260115-114632,0.0,0.0
108.54152955175903,4.303143003753729,55.92706678149938,-25.22377932991671,0,0,3.2,-34.07293321850062,20260115-114632,0.0,0.0
107.77336769318391,5.159354887632631,57.632354559366775,-20.888923138729016,0,0,3.2,-32.367645440633204,20260115-114632,0.0,0.0
107.14732248472605,6.416347167726956,59.31967326837048,-16.699115506663563,0,0,3.2,-30.680326731629542,20260115-114632,0.0,0.0
106.65833398556138,8.419779820439079,60.98355257210778,-12.6675918207086,0,0,3.2,-29.01644742789222,20260115-114632,0.0,0.0
106.30092871710883,12.071566467746182,62.61876932151597,-8.805893501985224,0,0,3.2,-27.38123067848402,20260115-114632,0.0,0.0
103.01247230265919,0.9246982752152936,-77.10991652580526,-111.40117275408049,0,0,3.2,-173.10991652580526,20260115-114632,0.0,0.0
99.1845377754484,0.8393576442188826,-72.69133247216854,-118.16719423309817,0,0,3.2,-174.69133247216854,20260115-114632,0.0,0.0
95.14196902002563,0.7655728900950073,-68.29302526063009,-124.27552000727005,0,0,3.2,-176.2930252606301,20260115-114632,0.0,0.0
90.90703115559184,0.7008672553564249,-63.913304622321675,-129.70648929712263,0,0,3.2,-177.91330462232168,20260115-114632,0.0,0.0
86.50256023563352,0.6434025421095757,-59.55124221721417,-134.4454747598768,0,0,3.2,-179.55124221721414,20260115-114632,0.0,0.0
81.95179869012021,0.5917837088041612,-55.20680889447655,-138.4826879667289,0,0,3.2,178.79319110552345,20260115-114632,0.0,0.0
77.27823747390045,0.5449306825830033,-50.88107939104927,-141.81296804136093,0,0,3.2,177.11892060895073,20260115-114632,0.0,0.0
72.50546587517368,0.5019919034739403,-46.576531899664985,-144.43552848843433,0,0,3.2,175.42346810033501,20260115-114632,0.0,0.0
67.65703094686289,0.46228462555500505,-42.29748497603657,-146.3536254653416,0,0,3.2,173.70251502396343,20260115-114632,0.0,0.0
62.756310070675475,0.42525290428268786,-38.05073883249753,-147.57408929759612,0,0,3.2,171.94926116750247,20260115-114632,0.0,0.0
57.82640269263403,0.39043765926909435,-33.84652944810156,-148.10662168420433,0,0,3.2,170.15347055189844,20260115-114632,0.0,0.0
52.890051621711024,0.3574553333034754,-29.699975906767207,-147.96268706615712,0,0,3.2,168.3000240932328,20260115-114632,0.0,0.0
47.969612129500106,0.3259830898561174,-25.633331171687217,-147.1536825749856,0,0,3.2,166.36666882831278,20260115-114632,0.0,0.0
43.08710190242331,0.29574959921401406,-21.679590176029592,-145.6877778260118,0,0,3.2,164.3204098239704,20260115-114632,0.0,0.0
38.264394299945295,0.2665316120550151,-17.88848780605656,-143.56418739570412,0,0,3.2,162.11151219394344,20260115-114632,0.0,0.0
244.16592718886884,3340.7989672295225,-2.112411270229103,-0.07308608796396755,0,0,1.5,177.8875887297709,20260115-114632,0.0,0.0
244.17759298987204,315.8773491544745,-2.7281936136324134,0.7730139360846071,0,0,1.5,177.2718063863676,20260115-114632,0.0,0.0
244.217458475641,150.85896561111906,-3.3438460184222265,1.618846168580921,0,0,1.5,176.65615398157777,20260115-114632,0.0,0.0
244.28550984027163,99.13710058368116,-3.959226438910008,2.464117957878659,0,0,1.5,176.04077356109,20260115-114632,0.0,0.0
244.3817235375585,73.86396997475693,-4.5741932057717065,3.3085376215369435,0,0,1.5,175.4258067942283,20260115-114632,0.0,0.0
244.5060663216766,58.89136904787769,-5.188605221129848,4.151814948008719,0,0,1.5,174.81139477887015,20260115-114632,0.0,0.0
244.65849530449327,48.993806624115344,-5.802322151665976,4.993661692416229,0,0,1.5,174.19767784833402,20260115-114632,0.0,0.0
244.83895802928015,41.96909237154601,-6.415204619106561,5.833792064449666,0,0,1.5,173.58479538089344,20260115-114632,0.0,0.0
245.04739256053034,36.72814943710222,-7.027114387442225,6.671923206481707,0,0,1.5,172.97288561255777,20260115-114632,0.0,0.0
245.2837275895242,32.67062558813176,-7.637914546261726,7.507775660060463,0,0,1.5,172.36208545373827,20260115-114632,0.0,0.0
245.54788255522666,29.43840180327108,-8.247469689605282,8.341073819025812,0,0,1.5,171.75253031039472,20260115-114632,0.0,0.0
245.83976778004217,26.804614830148335,-8.855646089771454,9.171546367587991,0,0,1.5,171.14435391022855,20260115-114632,0.0,0.0
246.1592846199,24.618570768730134,-9.462311865541665,9.998926701811833,0,0,1.5,170.53768813445834,20260115-114632,0.0,0.0
246.5063256280922,22.77625321316123,-10.067337144321328,10.822953333063968,0,0,1.5,169.93266285567867,20260115-114632,0.0,0.0
246.88077473224058,21.203549226959332,-10.670594217733537,11.643370272102516,0,0,1.5,169.32940578226646,20260115-114632,0.0,0.0
247.28250742372745,19.846223788610295,-11.271957690239475,12.45992739261775,0,0,1.5,168.72804230976053,20260115-114632,0.0,0.0
247.71139095888694,7.339624598111815,-11.871304620401418,33.74987203332074,0,0,1.7,168.12869537959858,20260115-114632,0.0,0.0
247.51639479339795,45.53102007620544,-12.47585604382806,-5.436214571497165,0,0,1.7,167.52414395617194,20260115-114632,0.0,0.0
247.34899685770273,53.68537702090694,-13.081293236031541,-4.607381201055484,0,0,1.7,166.91870676396846,20260115-114632,0.0,0.0
247.2092532162951,13.596400959165619,-13.687482673007452,18.181962561912105,0,0,1.9,166.31251732699255,20260115-114632,0.0,0.0
246.48348888444772,11.521045853677622,-14.266531008556228,-21.394193896534833,0,0,1.9,165.73346899144377,20260115-114632,0.0,0.0
245.78304688341146,11.913149192436922,-14.848939505745477,-20.63124056563038,0,0,2.1,165.15106049425452,20260115-114632,0.0,0.0
245.10814430305854,12.340646238997364,-15.43461611218234,-19.861856466519434,0,0,2.1,164.56538388781766,20260115-114632,0.0,0.0
244.45899267123903,12.808145500411817,-16.023465008578825,-19.086212962163728,0,0,2.1,163.97653499142118,20260115-114632,0.0,0.0
243.83579765435803,46.09068698009737,-16.615386655217947,5.290348520074129,0,0,2.3,163.38461334478205,20260115-114632,0.0,0.0
242.74145519598102,7.466347699959677,-17.150364398462074,-32.5114051676554,0,0,2.3,162.84963560153793,20260115-114632,0.0,0.0
241.66846596999082,7.583773389896643,-17.690140071628917,-31.866519942691017,0,0,2.3,162.30985992837108,20260115-114632,0.0,0.0
240.6171156393814,7.7088563794526985,-18.234681412384276,-31.213075428506606,0,0,2.7,161.76531858761572,20260115-114632,0.0,0.0
239.5876890694574,7.842195260696415,-18.783952143076647,-30.551099673611184,0,0,2.7,161.21604785692335,20260115-114632,0.0,0.0
238.58047005019344,7.984452686403681,-19.33791187669368,-29.880629195343598,0,0,2.7,160.66208812330632,20260115-114632,0.0,0.0
241.40904619476547,24.572146018192935,-20.14241249100158,-9.824499903916776,0,0,2.6,159.85758750899842,20260115-114632,0.0,0.0
241.09452600230009,26.651457085940866,-20.736569148578724,-9.046204311639002,0,0,2.8,159.26343085142128,20260115-114632,0.0,0.0
240.80599841486884,29.135691233369343,-21.332213799594996,-8.26498319487515,0,0,2.8,158.667786200405,20260115-114632,0.0,0.0
240.54355696544977,32.15360265238181,-21.929222833959756,-7.481076368517955,0,0,3.0,158.07077716604024,20260115-114632,0.0,0.0
240.30728712067813,35.89500414351303,-22.527470890082753,-6.694727939294768,0,0,3.0,157.47252910991725,20260115-114632,0.0,0.0
240.09726614376558,40.651829861627206,-23.12683100529364,-5.906185944421716,0,0,3.0,156.87316899470636,20260115-114632,0.0,0.0
239.91356296971014,46.89748623145503,-23.72717477136146,-5.115701975701964,0,0,3.2,156.27282522863854,20260115-114632,0.0,0.0
239.7562380932614,55.45380609505029,-24.32837249465922,-4.323530790335807,0,0,3.2,155.67162750534078,20260115-114632,0.0,0.0
239.62534347006147,67.88388143483773,-24.930293360490822,-3.5299299097986863,0,0,3.2,155.06970663950918,20260115-114632,0.0,0.0
239.52092243133563,87.57110800395503,-25.532805601072624,-2.73515920822331,0,0,3.4,154.46719439892738,20260115-114632,0.0,0.0
239.44300961245784,123.45729210766562,-26.13577666663963,-1.9394804917934088,0,0,3.4,153.86422333336037,20260115-114632,0.0,0.0
239.3916308956643,209.41271941333693,-26.73907339912833,-1.1431570707181127,0,0,3.6,153.26092660087167,20260115-114632,0.0,0.0
239.3668033671358,690.9063524963402,-27.34256220787043,-0.3464533254069389,0,0,3.6,152.65743779212957,20260115-114632,0.0,0.0
239.36853528861485,531.498110423273,-27.94610924672159,0.4503657314942986,0,0,3.6,152.0538907532784,20260115-114632,0.0,0.0
243.47865554316206,2.4135486124765433,-21.353114058338207,-100.87994676574112,0,0,3.5,158.6468859416618,20260115-114632,0.0,0.0
240.11805480079656,2.3831820161435124,-21.11554157260531,-100.7552311045708,0,0,3.5,158.8844584273947,20260115-114632,0.0,0.0
236.76169951647134,2.3529073111565224,-20.871229088463707,-100.62517056827711,0,0,3.7,159.1287709115363,20260115-114632,0.0,0.0
233.40977283510287,2.3227288340216083,-20.61989493004998,-100.48946283194564,0,0,3.7,159.38010506995002,20260115-114632,0.0,0.0
230.0624683261869,2.292651198468298,-20.361242077189445,-100.34778446886722,0,0,3.7,159.63875792281056,20260115-114632,0.0,0.0
226.71999071572426,2.262679317962283,-20.0949571513718,-100.19978921268573,0,0,3.7,159.9050428486282,20260115-114632,0.0,0.0
223.38255667875097,2.2328184304481553,-19.82070932464032,-100.04510605634655,0,0,3.7,160.17929067535968,20260115-114632,0.0,0.0
220.05039569818916,2.2030741255842545,-19.53814914498858,-99.883337170887,0,0,3.7,160.46185085501142,20260115-114632,0.0,0.0
216.7237509963336,2.173452374767462,-19.246907271314598,-99.71405562522202,0,0,3.7,160.7530927286854,20260115-114632,0.0,0.0
213.40288054594984,2.143959564287185,-18.946593110400556,-99.53680288597288,0,0,3.7,161.05340688959944,20260115-114632,0.0,0.0
210.08805816869747,2.114602531995729,-18.636793347761795,-99.35108607404325,0,0,3.7,161.3632066522382,20260115-114632,0.0,0.0
206.77957472941088,2.085388607937991,-18.31707036354672,-99.15637495203937,0,0,3.7,161.68292963645328,20260115-114632,0.0,0.0
203.4777394356812,2.0563256594483796,-17.986960523965138,-98.95209861373085,0,0,3.7,162.01303947603486,20260115-114632,0.0,0.0
200.18288125319526,2.027422141298663,-17.64597233798591,-98.73764184353257,0,0,3.7,162.3540276620141,20260115-114632,0.0,0.0
196.8953504484139,1.9986871515693108,-17.29358446827382,-98.51234111042211,0,0,3.7,162.70641553172618,20260115-114632,0.0,0.0
193.6155202714222,1.9701304940212203,-16.929243584542803,-98.2754801567661,0,0,3.7,163.0707564154572,20260115-114632,0.0,0.0
190.3437887931735,1.9417627478676,-16.552362046698732,-98.02628513818424,0,0,3.7,163.44763795330127,20260115-114632,0.0,0.0
187.08058091288876,1.9135953459910215,-16.162315404341484,-97.76391926580622,0,0,3.7,163.83768459565852,20260115-114632,0.0,0.0
183.82635055308185,1.8856406628227516,-15.758439698422137,-97.48747689705573,0,0,3.7,164.24156030157786,20260115-114632,0.0,0.0
180.58158306156832,1.857912113306174,-15.340028550129261,-97.19597701541518,0,0,3.7,164.65997144987074,20260115-114632,0.0,0.0
177.34679784190243,1.830424264610337,-14.906330021453357,-96.88835603348835,0,0,3.7,165.09366997854664,20260115-114632,0.0,0.0
174.1225512359845,1.8031929625521577,-14.456543231400389,-96.56345984710329,0,0,3.7,165.5434567685996,20260115-114632,0.0,0.0
170.9094396851047,1.7762354750373421,-13.98981471156307,-96.22003506123626,0,0,3.9,166.01018528843693,20260115-114632,0.0,0.0
167.7081031984495,1.749570655254217,-13.50523448480115,-95.856719301274,0,0,3.9,166.49476551519885,20260115-114632,0.0,0.0
164.51922916110465,1.723219127868524,-13.001831851244958,-95.47203051570173,0,0,3.9,166.99816814875504,20260115-114632,0.0,0.0
161.3435565168417,1.6972035020922576,-12.478570866868324,-95.06435516892498,0,0,4.1,167.52142913313168,20260115-114632,0.0,0.0
158.18188036446986,1.6715486162633755,-11.934345501662733,-94.63193521590408,0,0,4.1,168.06565449833727,20260115-114632,0.0,0.0
155.03505701025352,1.64628181951062,-11.36797446723017,-94.17285374404477,0,0,4.3,168.63202553276983,20260115-114632,0.0,0.0
151.90400952279902,1.6214332972338872,-10.778195707695005,-93.68501916294821,0,0,4.3,169.221804292305,20260115-114632,0.0,0.0
148.7897338408454,1.5970364485636646,-10.163660553601517,-93.16614782002205,0,0,4.3,169.83633944639848,20260115-114632,0.0,0.0
145.6933054884594,1.5731283257489157,-9.522927546389894,-92.61374492071364,0,0,4.5,170.4770724536101,20260115-114632,0.0,0.0
142.6158869560977,1.5497501476604338,-8.854455951725498,-92.02508363776992,0,0,4.5,171.1455440482745,20260115-114632,0.0,0.0
139.55873580966642,1.5269479024168884,-8.156598994133418,-91.39718230646221,0,0,4.7,171.84340100586658,20260115-114632,0.0,0.0
136.5232135928064,1.504773057717107,-7.427596863967295,-90.72677962478005,0,0,4.7,172.5724031360327,20260115-114632,0.0,0.0
133.51079558979026,1.4832834020265955,-6.66556957182442,-90.01030781263768,0,0,4.7,173.33443042817558,20260115-114632,0.0,0.0
130.5230815171302,1.462544045632052,-5.868509756442506,-89.2438637365779,0,0,4.9,174.1314902435575,20260115-114632,0.0,0.0
127.56180721059505,1.442628618170225,-5.03427559146553,-88.42317808195817,0,0,4.9,174.96572440853447,20260115-114632,0.0,0.0
124.62885736993485,1.4236207091409245,-4.1605839861109075,-87.54358276028549,0,0,4.9,175.8394160138891,20260115-114632,0.0,0.0
121.72627941506737,1.4056156109371571,-3.2450043368536967,-86.5999768840854,0,0,5.1,176.7549956631463,20260115-114632,0.0,0.0
118.85629849331286,1.388722441199716,-2.2849531641582246,-85.58679183626715,0,0,5.1,177.71504683584178,20260115-114632,0.0,0.0
116.02133365560346,1.3730667444291302,-1.277690062610759,-84.49795621831973,0,0,5.3,178.72230993738924,20260115-114632,0.0,0.0
113.22401518810037,1.3587937040528613,-0.22031550714510217,-83.32686179689246,0,0,5.3,179.7796844928549,20260115-114632,0.0,0.0
110.46720304145683,1.34607213886281,0.8902288052231029,-82.06633199821061,0,0,5.3,-179.1097711947769,20260115-114632,0.0,0.0
107.75400623961346,1.3350995167660866,2.0571562379041097,-80.70859504212694,0,0,5.3,-177.94284376209592,20260115-114632,0.0,0.0
105.08780306947047,1.3261083013573425,3.283827095892775,-79.24526447946032,0,0,5.3,-176.71617290410725,20260115-114632,0.0,0.0
102.47226174748901,1.319374063835444,4.573734871992656,-77.66733071104969,0,0,5.3,-175.42626512800732,20260115-114632,0.0,0.0
99.91136112435332,1.3152259609978394,5.930485399354097,-75.96516802979792,0,0,5.7,-174.0695146006459,20260115-114632,0.0,0.0
97.40941081945276,1.314060425612321,7.357767220138555,-74.12856282774233,0,0,5.7,-172.64223277986144,20260115-114632,0.0,0.0
94.97106996902713,1.3163592800431902,8.85931126103992,-72.14676981341377,0,0,5.7,-171.1406887389601,20260115-114632,0.0,0.0
92.60136352304816,1.3227140353302116,10.438837728738122,-70.00860431629918,0,0,5.7,-169.5611622712619,20260115-114632,0.0,0.0
90.30569473732278,1.3338589886807752,12.099988044591612,-67.70257988562771,0,0,5.7,-167.9000119554084,20260115-114632,0.0,0.0
88.08985218542645,1.3507170748504924,13.846239686389822,-65.21710121653486,0,0,5.7,-166.1537603136102,20260115-114632,0.0,0.0
85.96000927470274,1.3744645986530821,15.680802071436858,-62.54072266316641,0,0,5.7,-164.31919792856314,20260115-114632,0.0,0.0
83.922713917989,1.4066245879236663,17.60649219094438,-59.662481829546444,0,0,5.7,-162.39350780905562,20260115-114632,0.0,0.0
81.98486572905522,1.4492047044485192,19.625589691171683,-56.572315475786255,0,0,5.7,-160.37441030882832,20260115-114632,0.0,0.0
80.15367793344696,1.5049066697463027,21.739672587576933,-53.261560696623974,0,0,5.7,-158.2603274124231,20260115-114632,0.0,0.0
78.43662119382256,1.5774545641020945,23.94943686111992,-49.723537513405084,0,0,5.7,-156.05056313888005,20260115-114632,0.0,0.0
76.84134683062649,1.6721289440644975,26.25450582343609,-45.954199347716425,0,0,5.7,-153.7454941765639,20260115-114632,0.0,0.0
75.37558757039969,1.796674880875364,28.65323824441964,-41.95282539580878,0,0,5.7,-151.34676175558036,20260115-114632,0.0,0.0
74.04703505757875,1.9629296608104385,31.142547552872998,-37.72271443848213,0,0,5.7,-148.85745244712703,20260115-114632,0.0,0.0
72.86319496460847,2.1899368472754936,33.71774750426141,-33.27182473561179,0,0,5.7,-146.28225249573862,20260115-114632,0.0,0.0
71.83122260187234,2.510414482095507,36.37244193443394,-28.61329199388341,0,0,5.7,-143.62755806556603,20260115-114632,0.0,0.0
70.957744333553,2.98571444812255,39.098476843174524,-23.765750397923018,0,0,5.7,-140.90152315682548,20260115-114632,0.0,0.0
70.24867259762956,3.7459198026847296,41.88597135943405,-18.753384027944698,0,0,5.7,-138.11402864056598,20260115-114632,0.0,0.0
69.70902454452344,5.1235348317304465,44.72343964672393,-13.605650558440644,0,0,5.7,-135.2765603532761,20260115-114632,0.0,0.0
69.34275581894578,8.297916253953739,47.598008494211285,-8.356646861301568,0,0,5.7,-132.40199150578871,20260115-114632,0.0,0.0
69.15262140063706,22.71674902861716,50.49572583137444,-3.0441249015659264,0,0,5.7,-129.50427416862556,20260115-114632,0.0,0.0
69.14007440689299,30.168598661598665,53.40194499490764,2.291789392753624,0,0,5.7,-126.59805500509238,20260115-114632,0.0,0.0
69.30521128889585,9.107028078433695,56.30176003531062,7.610079895659612,0,0,5.7,-123.6982399646894,20260115-114632,0.0,0.0
69.64676815906992,5.411390289485876,59.180460523633144,12.870401954630942,0,0,5.7,-120.81953947636687,20260115-114632,0.0,0.0
70.16216857113895,3.8904231945507304,62.02397163128347,18.034585201274314,0,0,5.7,-117.97602836871653,20260115-114632,0.0,0.0
70.8476186092627,3.071257700614385,64.81924728946922,23.06794984839276,0,0,5.7,-115.18075271053081,20260115-114632,0.0,0.0
71.69824131036351,2.566119424797341,67.55459054843317,27.94033692178059,0,0,5.7,-112.44540945156683,20260115-114632,0.0,0.0
72.70823977921368,2.228482544082035,70.2198845225222,32.626793497798715,0,0,5.7,-109.78011547747782,20260115-114632,0.0,0.0
73.87107713429586,1.9907103382990177,72.80672770788914,37.10789847879915,0,0,5.7,-107.19327229211088,20260115-114632,0.0,0.0
75.17966162844502,1.8172614929678679,75.3084771869523,41.36975439107833,0,0,5.7,-104.69152281304768,20260115-114632,0.0,0.0
76.6265266637529,1.687671409035676,77.72021091021747,45.40370018328199,0,0,5.7,-102.27978908978255,20260115-114632,0.0,0.0
78.2039975636228,1.5893242552991542,80.03862514954511,49.20581643605677,0,0,5.7,-99.9613748504549,20260115-114632,0.0,0.0
79.90433944228782,1.5140193988897708,82.26188528313708,52.77629830957358,0,0,5.9,-97.73811471686291,20260115-114632,0.0,0.0
81.71988294706821,1.4561953027825514,84.389447733829,56.11876565658114,0,0,5.9,-95.610552266171,20260115-114632,0.0,0.0
83.643126773535,1.4119469486123257,86.42186883694228,59.239567645045184,0,0,5.9,-93.57813116305773,20260115-114632,0.0,0.0
85.66681752243228,1.3784518308320677,88.36061341013288,62.147124481471124,0,0,6.1,-91.63938658986712,20260115-114632,0.0,0.0
87.78400863931151,1.3536191625359055,90.20787248219165,64.8513341631886,0,0,6.1,-89.79212751780832,20260115-114632,0.0,0.0
89.98810088866564,1.3358671905013388,91.96639648153644,67.3630593883318,0,0,6.1,-88.03360351846354,20260115-114632,0.0,0.0
92.27286714255474,1.3239771683657056,93.63934747189052,69.69369967040653,0,0,6.1,-86.36065252810947,20260115-114632,0.0,0.0
94.63246430408222,1.316994871131958,95.23017187685497,71.85484649818382,0,0,6.1,-84.76982812314503,20260115-114632,0.0,0.0
97.0614350306865,1.3141625229242138,96.74249356654127,73.85801477180301,0,0,6.0,-83.25750643345873,20260115-114632,0.0,0.0
99.55470164972571,1.314870717122095,98.18002612810551,75.71444123999102,0,0,6.0,-81.8199738718945,20260115-114632,0.0,0.0
102.10755433028727,1.318623798300364,99.54650251467598,77.43493971661856,0,0,7.2,-80.45349748532402,20260115-114632,0.0,0.0
104.71563523398108,1.3250145046848143,100.84561996293138,79.02980296724385,0,0,7.2,-79.1543800370686,20260115-114632,0.0,0.0
107.37492004186421,1.3337051043675672,102.0809979952997,80.50874191771246,0,0,7.2,-77.91900200470032,20260115-114632,0.0,0.0
110.08169796080651,1.344413164564468,103.25614740037787,81.8808539385794,0,0,7.2,-76.74385259962213,20260115-114632,0.0,0.0
112.83255105805537,1.3569006785710573,104.37444825390605,83.15461318574809,0,0,7.2,-75.62555174609398,20260115-114632,0.0,0.0
115.62433355916072,1.3709656611105812,105.43913525790617,84.33787719051742,0,0,7.2,-74.56086474209384,20260115-114632,0.0,0.0
118.45415156983054,1.386435582140183,106.45328890662773,85.43790501032713,0,0,7.2,-73.54671109337227,20260115-114632,0.0,0.0
121.31934354279065,1.4031621864437234,107.41983121480393,86.46138323487126,0,0,7.2,-72.58016878519604,20260115-114632,0.0,0.0
124.21746170154933,1.4210173693922905,108.34152495457488,87.41445697787067,0,0,7.2,-71.65847504542513,20260115-114632,0.0,0.0
127.14625454921995,1.4398898659113377,109.2209755361514,88.30276367612763,0,0,7.2,-70.77902446384861,20260115-114632,0.0,0.0
130.10365052761256,1.459682571536258,110.06063483160119,89.1314680771201,0,0,7.2,-69.93936516839884,20260115-114632,0.0,0.0
133.08774284555352,1.48031035911813,110.86280638118029,89.905297241072,0,0,7.2,-69.13719361881971,20260115-114632,0.0,0.0
136.09677546229437,1.5016982873924019,111.62965153899745,90.62857473095829,0,0,7.2,-68.37034846100255,20260115-114632,0.0,0.0
139.12913018897626,1.5237801217391747,112.3631962117878,91.30525343130246,0,0,7.2,-67.63680378821218,20260115-114632,0.0,0.0
142.183314856016,1.5464971054536263,113.06533792378667,91.93894663922445,0,0,7.2,-66.93466207621331,20260115-114632,0.0,0.0
145.25795248503886,1.5697969333904929,113.73785300471752,92.53295722224819,0,0,7.2,-66.26214699528248,20260115-114632,0.0,0.0
148.35177139907555,1.5936328901349293,114.38240374917297,93.0903047479868,0,0,7.2,-65.61759625082702,20260115-114632,0.0,0.0
151.46359620297636,1.6179631227309481,115.00054543635281,93.61375057011315,0,0,7.2,-64.99945456364719,20260115-114632,0.0,0.0
154.59233956645434,1.6427500240791255,115.59373313113133,94.10582091034452,0,0,7.2,-64.40626686886867,20260115-114632,0.0,0.0
157.73699474415798,1.6679597078421853,116.16332821239013,94.5688280133697,0,0,7.2,-63.83667178760988,20260115-114632,0.0,0.0
160.89662877016428,1.693561559397109,116.7106045938325,95.0048894753149,0,0,7.2,-63.289395406167515,20260115-114632,0.0,0.0
164.07037626788863,1.7195278502876434,117.23675461723565,95.4159458600469,0,0,7.2,-62.76324538276433,20260115-114632,0.0,0.0
167.2574338203417,1.7458334059421459,117.74289460922284,95.80377672409159,0,0,7.2,-62.257105390777134,20260115-114632,0.0,0.0
170.4570548497256,1.772455318264657,118.23007010091408,96.1700151722942,0,0,7.2,-61.769929899085916,20260115-114632,0.0,0.0
173.66854495940157,1.7993726961848964,118.69926071585297,96.51616106414237,0,0,7.2,-61.30073928414703,20260115-114632,0.0,0.0
176.89125769518952,1.8265664484442639,119.15138473590378,96.8435929860929,0,0,7.2,-60.848615264096225,20260115-114632,0.0,0.0
180.1245906867054,1.8540190938602026,119.58730335775914,97.15357909916284,0,0,7.2,-60.41269664224087,20260115-114632,0.0,0.0
183.3679821329703,1.8817145950972025,120.0078246546122,97.44728696409892,0,0,7.2,-59.992175345387814,20260115-114632,0.0,0.0
186.62090759981425,1.909638212615529,120.4137072586712,97.72579243908699,0,0,7.2,-59.58629274132879,20260115-114632,0.0,0.0
189.8828770996386,1.9377763759968523,120.8056637807286,97.99008773752696,0,0,7.2,-59.19433621927141,20260115-114632,0.0,0.0
193.15343242689588,1.9661165702816223,121.18436398309035,98.24108872610182,0,0,7.2,-58.815636016909664,20260115-114632,0.0,0.0
196.43214472520367,1.9946472353139442,121.5504377219471,98.47964153635746,0,0,7.2,-58.44956227805286,20260115-114632,0.0,0.0
199.71861226433614,2.0233576763897743,121.90447767481578,98.70652855637911,0,0,7.2,-58.09552232518424,20260115-114632,0.0,0.0
203.01245840745352,2.052237984754765,122.2470418680715,98.92247386294858,0,0,7.2,-57.75295813192853,20260115-114632,0.0,0.0
206.3133297508448,2.0812789667078784,122.57865601888227,99.12814814882154,0,0,7.2,-57.42134398111776,20260115-114632,0.0,0.0
209.62089442019018,2.110472080243222,122.89981570508553,99.324173194479,0,0,7.2,-57.100184294914506,20260115-114632,0.0,0.0
212.75018701583613,3.851515870153075,-23.252661867782166,-55.23803982336455,0,0,7.2,156.74733813221783,20260115-114632,0.0,0.0
210.91153218074848,3.8291459981760103,-22.96744787062036,-55.08056686300676,0,0,7.2,157.03255212937964,20260115-114632,0.0,0.0
209.07819551995,3.8070334981651204,-22.677224684196005,-54.91892719639047,0,0,7.2,157.322775315804,20260115-114632,0.0,0.0
207.2503181672246,3.7851875406375632,-22.381874468116735,-54.75298540487009,0,0,7.2,157.61812553188327,20260115-114632,0.0,0.0
205.4280458516877,3.763617737024812,-22.081276271929084,-54.58260115812963,0,0,7.2,157.91872372807092,20260115-114632,0.0,0.0
203.61152906444232,3.7423341664937375,-21.775305964682133,-54.407629037363535,0,0,7.2,158.22469403531787,20260115-114632,0.0,0.0
201.8009232312064,3.721347404749671,-21.46383616496192,-54.227918353884846,0,0,7.2,158.53616383503808,20260115-114632,0.0,0.0
199.99638889106012,3.7006685549944054,-21.146736171683642,-54.04331296331467,0,0,7.2,158.85326382831636,20260115-114632,0.0,0.0
198.19809188145814,3.680309281229663,-20.82387189596156,-53.85365107555208,0,0,7.2,159.17612810403844,20260115-114632,0.0,0.0
196.40620352964302,3.660281844115943,-20.495105794415025,-53.658765060776474,0,0,7.2,159.50489420558497,20260115-114632,0.0,0.0
194.62090085058713,3.640599139618498,-20.160296804308587,-53.458481251792435,0,0,7.2,159.8397031956914,20260115-114632,0.0,0.0
192.84236675157885,3.621274740696486,-19.8193002809696,-53.25261974309333,0,0,7.2,160.1806997190304,20260115-114632,0.0,0.0
191.07079024355528,3.6023229423185805,-19.471967937974398,-53.04099418709403,0,0,7.2,160.5280320620256,20260115-114632,0.0,0.0
189.30636665926698,3.583758810118879,-19.11814779064605,-52.82341158806594,0,0,7.2,160.88185220935395,20260115-114632,0.0,0.0
187.5492978783414,3.5655982330412495,-18.757684103464584,-52.5996720943999,0,0,7.2,161.24231589653542,20260115-114632,0.0,0.0
185.7997925592887,3.547857980358832,-18.390417342050625,-52.3695687899257,0,0,7.2,161.60958265794937,20260115-114632,0.0,0.0
184.0580663784678,3.530555763498855,-18.016184130450767,-52.13288748513135,0,0,7.2,161.98381586954923,20260115-114632,0.0,0.0
182.3243422760002,3.5137103031519703,-17.634817214523167,-51.889406509252154,0,0,7.2,162.36518278547683,20260115-114632,0.0,0.0
180.59885070858445,3.497341402200697,-17.246145432300068,-51.63889650433981,0,0,7.2,162.75385456769993,20260115-114632,0.0,0.0
178.8818299091245,3.481470025064282,-16.84999369228521,-51.381120222576556,0,0,7.2,163.1500063077148,20260115-114632,0.0,0.0
177.17352615304065,3.46611838412841,-16.446182960732443,-51.115832328269626,0,0,7.2,163.55381703926756,20260115-114632,0.0,0.0
175.47419403108051,3.451310034008946,-16.03453025904659,-50.84277920614815,0,0,7.2,163.9654697409534,20260115-114632,0.0,0.0
173.7840967283896,3.437069974490876,-15.614848672546799,-50.56169877778871,0,0,7.2,164.3851513274532,20260115-114632,0.0,0.0
172.10350630953786,3.423424763088376,-15.186947371939652,-50.27232032821952,0,0,7.2,164.81305262806035,20260115-114632,0.0,0.0
170.4327040091246,3.410402638291736,-14.750631648961047,-49.97436434499535,0,0,7.2,165.24936835103895,20260115-114632,0.0,0.0
168.77198052750487,3.3980336547039265,-14.30570296776466,-49.667542372298875,0,0,7.2,165.69429703223534,20260115-114632,0.0,0.0
167.12163633108958,3.38634983142683,-13.851959033758163,-49.351556882908724,0,0,7.2,166.14804096624184,20260115-114632,0.0,0.0
165.48198195657227,3.375385315237907,-13.389193881718285,-49.02610117118099,0,0,7.2,166.61080611828172,20260115-114632,0.0,0.0
163.8533383183252,3.365176560306318,-12.917197985149471,-48.69085927051932,0,0,7.2,167.08280201485053,20260115-114632,0.0,0.0
162.23603701808557,3.35576252643791,-12.435758388990081,-48.34550589916045,0,0,7.2,167.56424161100992,20260115-114632,0.0,0.0
160.63042065591935,3.347184898116806,-11.944658867910334,-47.989706438474094,0,0,7.2,168.05534113208967,20260115-114632,0.0,0.0
159.0368431413031,3.339488326934084,-11.443680112591494,-47.623116948371425,0,0,7.2,168.5563198874085,20260115-114632,0.0,0.0
157.45567000300488,3.3327207003695793,-10.932599946518536,-47.24538422482987,0,0,7.2,169.06740005348146,20260115-114632,0.0,0.0
155.88727869627064,3.326933440330623,-10.411193575962727,-46.85614590497456,0,0,7.2,169.58880642403727,20260115-114632,0.0,0.0
154.33205890563445,3.32218183536344,-9.879233875969732,-46.45503062560417,0,0,7.2,170.12076612403027,20260115-114632,0.0,0.0
152.7904128414658,3.318525411053073,-9.33649171530331,-46.04165824150811,0,0,7.2,170.6635082846967,20260115-114632,0.0,0.0
151.26275552814965,3.3160283438334193,-8.782736323418732,-45.61564011038753,0,0,7.2,171.21726367658127,20260115-114632,0.0,0.0
149.7495150815583,3.3147599242610917,-8.21773570265384,-45.17657945165958,0,0,7.2,171.78226429734616,20260115-114632,0.0,0.0
148.25113297322488,3.3147950767913144,-7.641257088920327,-44.724071786884146,0,0,7.2,172.35874291107967,20260115-114632,0.0,0.0
146.7680642783628,3.31621494426231,-7.053067464253758,-44.25770546999669,0,0,7.2,172.94693253574624,20260115-114632,0.0,0.0
145.30077790459464,3.3191075466856983,-6.452934124627973,-43.77706231594846,0,0,7.2,173.54706587537203,20260115-114632,0.0,0.0
143.84975679796233,3.323568525602493,-5.840625306455479,-43.28171833673428,0,0,7.2,174.15937469354452,20260115-114632,0.0,0.0
142.4154981224844,3.32970198725736,-5.2159108751715735,-42.771244594111714,0,0,7.2,174.78408912482843,20260115-114632,0.0,0.0
140.9985134092118,3.337621460242666,-4.578563079229696,-42.24520817856927,0,0,7.2,175.4214369207703,20260115-114632,0.0,0.0
139.59932867041258,3.347450986162637,-3.928357372709172,-41.70317332426211,0,0,7.2,176.07164262729083,20260115-114632,0.0,0.0
138.21848447419015,3.359326365384935,-3.2650733095490807,-41.144702669683035,0,0,7.2,176.73492669045092,20260115-114632,0.0,0.0
136.8565359745156,3.373396584232373,-2.588495512158744,-40.56935867374684,0,0,7.2,177.41150448784126,20260115-114632,0.0,0.0
135.51405289133558,3.3898254552123817,-1.8984147168122831,-39.97670519671204,0,0,7.2,178.10158528318772,20260115-114632,0.0,0.0
134.19161943510997,3.408793508331086,-1.1946288977962922,-39.36630925491552,0,0,7.2,178.8053711022037,20260115-114632,0.0,0.0
132.88983416984513,3.430500179507758,-0.4769444717401825,-38.737742957621265,0,0,7.2,179.52305552825982,20260115-114632,0.0,0.0
131.60930980842645,3.455166352002426,0.2548224170944877,-38.09058563335246,0,0,7.2,-179.74517758290554,20260115-114632,0.0,0.0
130.35067293382752,3.483037319127428,1.0008445305657006,-37.42442615185158,0,0,7.2,-178.9991554694343,20260115-114632,0.0,0.0
129.11456363959434,3.5143862520317857,1.7612820903519264,-36.73886544626358,0,0,7.2,-178.23871790964807,20260115-114632,0.0,0.0
127.90163508287887,3.5495182759495925,2.5362812535551598,-36.03351923823007,0,0,7.2,-177.46371874644484,20260115-114632,0.0,0.0
126.71255294324565,3.588775283220577,3.325972513352781,-35.308020966287266,0,0,7.2,-176.6740274866472,20260115-114632,0.0,0.0
125.54799478050468,3.632541643273306,4.130469029181597,-34.562024915252614,0,0,7.2,-175.8695309708184,20260115-114632,0.0,0.0
124.40864928495246,3.681251010841924,4.949864892425126,-33.7952095411444,0,0,7.2,-175.05013510757485,20260115-114632,0.0,0.0
123.29521541364387,3.735394487012169,5.784233335205954,-33.00728098259417,0,0,7.2,-174.21576666479407,20260115-114632,0.0,0.0
122.20840140668425,3.7955304574555053,6.633624891647628,-32.197976745683086,0,0,7.2,-173.36637510835237,20260115-114632,0.0,0.0
121.14892367803998,3.8622965242416876,7.498065522861907,-31.36706954467356,0,0,7.2,-172.5019344771381,20260115-114632,0.0,0.0
120.1175055760305,3.9364240701083415,8.377554718898182,-30.51437127624426,0,0,7.2,-171.62244528110185,20260115-114632,0.0,0.0
119.11487600949663,4.018756158637664,9.272063592957295,-29.639737099619378,0,0,7.2,-170.7279364070427,20260115-114632,0.0,0.0
118.14176793665169,4.110269697148135,10.181532985269428,-28.743069589478043,0,0,7.2,-169.81846701473057,20260115-114632,0.0,0.0
117.19891671482056,4.2121030955494465,11.105871596131351,-27.824322922830213,0,0,7.2,-168.89412840386865,20260115-114632,0.0,0.0
116.28705831066112,4.3255910797500015,12.044954169641983,-26.88350705526745,0,0,7.2,-167.95504583035802,20260115-114632,0.0,0.0
115.40692737204569,4.452308916018645,12.99861975160502,-25.920691836281016,0,0,7.2,-167.00138024839498,20260115-114632,0.0,0.0
114.55925516454806,4.594129154356892,13.96667004682024,-24.93601100785435,0,0,7.2,-166.03332995317973,20260115-114632,0.0,0.0
113.74476737742842,4.753295230128183,14.948867902492623,-23.929666025470304,0,0,7.2,-165.05113209750738,20260115-114632,0.0,0.0
112.96418180611256,4.93251807163782,15.944935945666998,-22.901929636236147,0,0,7.2,-164.05506405433297,20260115-114632,0.0,0.0
112.21820592040078,5.135104564314537,16.954555403380027,-21.853149145246334,0,0,7.2,-163.04544459662,20260115-114632,0.0,0.0
111.50753432998313,5.365130839813796,17.9773651345173,-20.783749298806132,0,0,7.2,-162.02263486548267,20260115-114632,0.0,0.0
110.83284616124018,5.627679764267215,19.012960902114855,-19.694234711962473,0,0,7.2,-160.98703909788517,20260115-114632,0.0,0.0
110.19480236172564,5.929172199910377,20.060894913964376,-18.58519176815126,0,0,7.2,-159.9391050860356,20260115-114632,0.0,0.0
109.59404295110336,6.2778382811905535,21.120675657836273,-17.45728992087377,0,0,7.2,-158.8793243421637,20260115-114632,0.0,0.0
109.03118423958658,6.684402981011151,22.191768055356704,-16.3112823313195,0,0,7.2,-157.8082319446433,20260115-114632,0.0,0.0
106.19931259894898,0.8803976081390971,118.67109192171733,-120.62653466701624,0,0,7.2,-61.32890807828269,20260115-114632,0.0,0.0
102.2139588423913,0.8629063559217602,120.18185786611195,-118.4531301003177,0,0,7.2,-59.81814213388802,20260115-114632,0.0,0.0
98.30540277376647,0.8473678591402392,121.81396970307435,-116.01266405538395,0,0,7.2,-58.18603029692564,20260115-114632,0.0,0.0
94.48317571570321,0.8341668880630502,123.57966455194457,-113.26651425243547,0,0,7.2,-56.42033544805542,20260115-114632,0.0,0.0
90.75818540864537,0.8237964057177654,125.49224250907321,-110.17064990659762,0,0,7.2,-54.50775749092677,20260115-114632,0.0,0.0
87.1429021237488,0.816898471408743,127.56598953438333,-106.67531544461173,0,0,7.2,-52.43401046561666,20260115-114632,0.0,0.0
83.65155114498525,0.8143252189878918,129.81599921786625,-102.72499143395565,0,0,7.2,-50.18400078213375,20260115-114632,0.0,0.0
80.30029933884748,0.8172324282526355,132.25784982627982,-98.2588264522756,0,0,7.2,-47.74215017372017,20260115-114632,0.0,0.0
77.10741589100586,0.8272280018262523,134.9070832309194,-93.21180583923366,0,0,7.2,-45.09291676908059,20260115-114632,0.0,0.0
74.0933771898824,0.8466170085861447,137.7784259759727,-87.51699580618958,0,0,7.2,-42.22157402402726,20260115-114632,0.0,0.0
71.28087364749001,0.8788254743274434,140.88469553083155,-81.10924834312588,0,0,7.2,-39.11530446916842,20260115-114632,0.0,0.0
68.69466354113901,0.929176091717586,144.23535529581272,-73.93072653662088,0,0,7.2,-35.76464470418726,20260115-114632,0.0,0.0
66.36120927654015,1.0064115591188194,147.8347309598695,-65.938441063459,0,0,7.2,-32.165269040130504,20260115-114632,0.0,0.0
64.30803091988459,1.1259670871006295,151.67998765208836,-57.11359741915553,0,0,7.2,-28.32001234791168,20260115-114632,0.0,0.0
62.56272877260481,1.3178898542336002,155.7590920168542,-47.471894993066215,0,0,7.2,-24.24090798314583,20260115-114632,0.0,0.0
61.15166938596036,1.6494906842343908,160.049125167782,-37.07306138218285,0,0,7.2,-19.950874832217966,20260115-114632,0.0,0.0
60.098400581369035,2.309068983673719,164.5154207422289,-26.027113527700994,0,0,7.2,-15.484579257771125,20260115-114632,0.0,0.0
59.42195118574619,4.099598135928327,169.11200171864687,-14.494579521095057,0,0,7.2,-10.887998281353138,20260115-114632,0.0,0.0
59.13525394836243,22.07625595859547,173.78361304520348,-2.678681297194233,0,0,7.2,-6.216386954796528,20260115-114632,0.0,0.0
59.24396748097678,6.446152797964367,178.46929038613098,9.190593108448414,0,0,7.2,-1.5307096138689904,20260115-114632,0.0,0.0
59.7459333575965,2.8616618099235334,-176.89303126914402,20.878055244128575,0,0,7.2,3.1069687308559826,20260115-114632,0.0,0.0
60.631385182818455,1.8849511847891411,-172.3617005585692,32.166024071122536,0,0,7.2,7.6382994414307985,20260115-114632,0.0,0.0
61.88386406922115,1.4434143896384422,-167.9872262242414,42.873248675816725,0,0,7.2,12.012773775758589,20260115-114632,0.0,0.0
63.48164964477523,1.2007911231797144,-163.8095186095165,52.86652142853521,0,0,7.2,16.190481390483498,20260115-114632,0.0,0.0
65.39943805293551,1.0537432193163137,-159.85675256533756,62.06392302611234,0,0,7.2,20.14324743466243,20260115-114632,0.0,0.0
67.61000369909112,0.959947228019343,-156.14569664890774,70.4309588336337,0,0,7.2,23.85430335109226,20260115-114632,0.0,0.0
70.0856486684406,0.8988548329889336,-152.6830903912271,77.97215534280102,0,0,7.2,27.316909608772896,20260115-114632,0.0,0.0
72.79933478332526,0.8592848573409825,-149.46757741333718,84.72083984884763,0,0,7.2,30.532422586662815,20260115-114632,0.0,0.0
75.72547515233471,0.8346317109046978,-146.49177132712094,90.72920925835923,0,0,7.2,33.50822867287905,20260115-114632,0.0,0.0
78.84041778004895,0.820742076955442,-143.74416619478853,96.05991942378408,0,0,7.2,36.255833805211466,20260115-114632,0.0,0.0
82.12268146469685,0.8148735752011143,-141.2107399705927,100.77965952501114,0,0,7.2,38.7892600294073,20260115-114632,0.0,0.0
85.5530104245612,0.815142520559585,-138.87620420118492,104.9546653091169,0,0,7.2,41.123795798815095,20260115-114632,0.0,0.0
89.11430761102112,0.8202122288845821,-136.7249185021696,108.64786511682335,0,0,7.2,43.275081497830385,20260115-114632,0.0,0.0
92.79149473853693,0.8291079021407772,-134.7415203298013,111.91727216559748,0,0,7.2,45.258479670198724,20260115-114632,0.0,0.0
96.5713343449585,0.841101923365226,-132.91133011048325,114.8152580112755,0,0,7.2,47.08866988951676,20260115-114632,0.0,0.0
100.44223805278935,0.8556401796496529,-131.22058868662816,117.38840746575977,0,0,7.2,48.77941131337183,20260115-114632,0.0,0.0
104.3940764577869,0.8722932555074784,-129.6565752716655,119.67772970691266,0,0,7.2,50.343424728334504,20260115-114632,0.0,0.0
108.41799970682412,0.8907232238670162,-128.2076438888872,121.71906693544435,0,0,7.2,51.79235611111282,20260115-114632,0.0,0.0
112.50627346027058,0.9106605133063945,-126.86320675409661,123.54359480437634,0,0,7.2,53.136793245903384,20260115-114632,0.0,0.0
116.65213209341293,0.9318874563476104,-125.61368511886738,125.17834777024795,0,0,7.2,54.38631488113261,20260115-114632,0.0,0.0
120.7423437759977,3.890354041589161,66.2707307404603,31.036338206040487,0,0,7.2,-113.72926925953968,20260115-114632,0.0,0.0
121.7909389626924,3.8208030426850814,67.14105570195659,31.875743816698655,0,0,7.2,-112.8589442980434,20260115-114632,0.0,0.0
120.58242192167864,2.052536103922733,37.352348289228985,-58.748015048907476,0,0,7.2,-142.64765171077102,20260115-114632,0.0,0.0
118.63580981245698,2.043930574149628,36.54920964003952,-58.042974312772394,0,0,7.2,-143.45079035996045,20260115-114632,0.0,0.0
116.71328305565086,2.036789216431125,35.719444469367204,-57.302582964454515,0,0,7.2,-144.28055553063277,20260115-114632,0.0,0.0
114.81605154250325,2.0312460421675427,34.86207222534881,-56.524935511989,0,0,7.2,-145.13792777465122,20260115-114632,0.0,0.0
112.94538999182002,2.027451931642915,33.976095535588286,-55.70804822992594,0,0,7.2,-146.02390446441171,20260115-114632,0.0,0.0
111.10264050601656,2.025577374510343,33.06050414766355,-54.84986251531081,0,0,7.2,-146.93949585233645,20260115-114632,0.0,0.0
109.28921498860376,2.0258157624757285,32.114279711588495,-53.94824989170908,0,0,7.2,-147.8857202884115,20260115-114632,0.0,0.0
107.50659736338338,2.0283873685011846,31.136401506778213,-53.001018953703166,0,0,7.2,-148.8635984932218,20260115-114632,0.0,0.0
105.75634552541649,2.0335441855348018,30.125853219510418,-52.00592457134323,0,0,7.2,-149.8741467804896,20260115-114632,0.0,0.0
104.04009294277472,2.0415758494612075,29.081630877795988,-50.960679697612974,0,0,7.2,-150.918369122204,20260115-114632,0.0,0.0
102.3595498163332,2.0528169407017596,28.002752048057573,-49.86297013962744,0,0,7.2,-151.99724795194246,20260115-114632,0.0,0.0
100.71650369266632,2.0676560539576814,26.88826639100256,-48.710472662939175,0,0,7.2,-153.11173360899744,20260115-114632,0.0,0.0
99.11281941282172,2.08654715663725,25.737267661365024,-47.50087679425146,0,0,7.2,-154.26273233863498,20260115-114632,0.0,0.0
97.55043826787056,2.1100239393370783,24.54890721645404,-46.23191066662433,0,0,7.2,-155.45109278354596,20260115-114632,0.0,0.0
96.03137622131588,2.1387181201354455,23.32240907030655,-44.90137120792439,0,0,7.2,-156.67759092969345,20260115-114632,0.0,0.0
94.55772104951279,2.1733830347687615,22.057086492338726,-43.507158902422056,0,0,7.2,-157.9429135076613,20260115-114632,0.0,0.0
93.13162824522242,2.2149243835937162,20.75236010050287,-42.04731725157871,0,0,7.2,-159.24763989949713,20260115-114632,0.0,0.0
91.7462649459207,2.087193490216667,22.671745742146527,-43.95676077755336,0,0,7.2,-157.32825425785347,20260115-114632,0.0,0.0
90.30526740794872,2.1252552009668437,21.344510272119237,-42.49149342952605,0,0,7.2,-158.6554897278808,20260115-114632,0.0,0.0
88.91428292442598,2.170989135012787,19.97499349703355,-40.95565541552205,0,0,7.2,-160.02500650296642,20260115-114632,0.0,0.0
87.57569463360429,2.2257022182082196,18.562782896344004,-39.34744455801741,0,0,7.2,-161.437217103656,20260115-114632,0.0,0.0
86.29194092962238,2.2910160839749514,17.107647269406243,-37.665357975097415,0,0,7.2,-162.89235273059379,20260115-114632,0.0,0.0
84.98745361294111,1.9062066041512107,23.50959380161669,-44.58459719311698,0,0,7.2,-156.49040619838334,20260115-114632,0.0,0.0
83.52614125475166,1.9388114259533484,22.112193967762494,-43.08110636065617,0,0,7.2,-157.8878060322375,20260115-114632,0.0,0.0
82.1162638878946,1.9787975876620305,20.66592393680577,-41.49806144898115,0,0,7.2,-159.33407606319423,20260115-114632,0.0,0.0
80.76051533766152,2.027478014096382,19.17011564116285,-39.83299191219852,0,0,7.2,-160.82988435883712,20260115-114632,0.0,0.0
78.79510170714939,0.5747672727525299,-8.202738549455859,-137.0904458943945,0,0,7.2,171.79726145054414,20260115-114632,0.0,0.0
74.37101645747744,0.5805933922594998,-11.78850325617995,-128.0948378830961,0,0,7.2,168.21149674382005,20260115-114632,0.0,0.0
70.27419355778564,0.5985266933255264,-15.80972662333781,-117.41196230919802,0,0,7.2,164.1902733766622,20260115-114632,0.0,0.0
66.5650856446248,0.6352087721595323,-20.30342747428037,-104.79245338240861,0,0,7.2,159.69657252571963,20260115-114632,0.0,0.0
63.3118719432282,0.7032260870714718,-25.29248478322893,-90.03060766258739,0,0,7.2,154.70751521677107,20260115-114632,0.0,0.0
60.58803336002575,0.8296790117510459,-30.775155535799314,-73.02587205641625,0,0,7.2,149.2248444642007,20260115-114632,0.0,0.0
58.467602989312255,1.0855765414725171,-36.71365740106998,-53.85857261617369,0,0,7.2,143.28634259893002,20260115-114632,0.0,0.0
57.017940751981335,1.735307618728451,-43.02545598232905,-32.857540724543874,0,0,7.2,136.97454401767095,20260115-114632,0.0,0.0
56.29089350221267,5.299151613015777,-49.582376032600536,-10.622623697716246,0,0,7.2,130.41762396739946,20260115-114632,0.0,0.0
56.31445614013172,4.680529734275388,-56.22157192049748,12.031641574188182,0,0,7.2,123.77842807950252,20260115-114632,0.0,0.0
57.08769924283659,1.6686597365057685,-62.767692511369276,34.21170775198317,0,0,7.2,117.23230748863072,20260115-114632,0.0,0.0
58.58094395554486,1.0629214639636664,-69.05950083461096,55.113144236541,0,0,7.2,110.94049916538904,20260115-114632,0.0,0.0
60.741112436348956,0.8191401191659886,-74.97148144088095,74.15228605600811,0,0,7.2,105.02851855911905,20260115-114632,0.0,0.0
63.500178272884085,0.6976727418069723,-80.42402598799087,91.01714094264115,0,0,7.2,99.57597401200913,20260115-114632,0.0,0.0
66.78395538429353,0.6321789833539421,-85.38190837224563,105.64089781975997,0,0,7.2,94.61809162775437,20260115-114632,0.0,0.0
68.69099166610823,28.560679464850832,-10.782958808504759,-2.405089548049623,0,0,7.2,169.21704119149524,20260115-114632,0.0,0.0
68.65709162703892,184.67497190617144,-12.886578625953177,0.37177258465712293,0,0,7.2,167.11342137404682,20260115-114632,0.0,0.0
68.71575980802795,21.834399732274605,-14.989439866828235,3.147132994293197,0,0,7.2,165.01056013317177,20260115-114632,0.0,0.0
68.86675963050871,11.652928552147728,-17.085895987267946,5.90982424051815,0,0,7.2,162.91410401273205,20260115-114632,0.0,0.0
69.10948588087341,7.990522355033105,-19.170403026529073,8.648932173669776,0,0,7.2,160.82959697347093,20260115-114632,0.0,0.0
69.44297672286032,6.116164516097246,-21.237605908049687,11.3540073260116,0,0,7.2,158.7623940919503,20260115-114632,0.0,0.0
69.86593242951463,4.984991791767624,-23.28241738495211,14.015255259776652,0,0,7.2,156.7175826150479,20260115-114632,0.0,0.0
70.37674000023011,4.233518863779851,-25.30008687089324,16.62369822001809,0,0,7.2,154.69991312910676,20260115-114632,0.0,0.0
70.97350260889749,3.702069908299337,-27.286257090989324,19.171302640662834,0,0,7.2,152.71374290901068,20260115-114632,0.0,0.0
71.65407268809687,3.3094934480136464,-29.237007275438316,21.651069510684046,0,0,7.2,150.76299272456168,20260115-114632,0.0,0.0
72.41608739574146,3.010176885337495,-31.14888242247764,24.05708705972683,0,0,7.2,148.85111757752236,20260115-114632,0.0,0.0
73.2570052303871,2.776511721806193,-33.01890890639385,26.384547435921323,0,0,7.2,146.98109109360615,20260115-114632,0.0,0.0
74.17414264851979,2.590808241902017,-34.84459734450303,28.629730849576713,0,0,7.2,145.15540265549697,20260115-114632,0.0,0.0
75.16470967589555,2.441208268133064,-36.62393412821328,30.78996194510616,0,0,7.2,143.37606587178672,20260115-114632,0.0,0.0
76.22584367772569,2.319465115459415,-38.355363352097186,32.86354391349735,0,0,7.2,141.64463664790281,20260115-114632,0.0,0.0
77.35464064166534,2.2196659851094296,-40.03776104456841,34.84967610469183,0,0,7.2,139.9622389554316,20260115-114632,0.0,0.0
78.54818351764727,2.137460881835165,-41.670403631818516,36.74836072331203,0,0,7.2,138.32959636818148,20260115-114632,0.0,0.0
79.8035673372031,2.069578288738211,-43.25293247981361,38.560303696391244,0,0,7.2,136.7470675201864,20260115-114632,0.0,0.0
81.11792099324126,2.0135104452658323,-44.785316188116866,40.286814098216276,0,0,7.2,135.21468381188313,20260115-114632,0.0,0.0
82.48842569408542,1.967302758340625,-46.267812084664314,41.929705707149274,0,0,7.2,133.7321879153357,20260115-114632,0.0,0.0
83.91233021083538,1.9294092501148508,-47.700928119732396,43.49120343744614,0,0,7.2,132.2990718802676,20260115-114632,0.0,0.0
85.38696311520046,1.8985910831565245,-49.08538610255232,44.9738565996209,0,0,7.2,130.91461389744768,20260115-114632,0.0,0.0
86.90974225805547,1.873843894849293,-50.42208698202347,46.38046023841561,0,0,7.2,129.57791301797653,20260115-114632,0.0,0.0
88.47818177035153,1.8543448298607768,-51.71207865490612,47.713985201444125,0,0,7.2,128.28792134509388,20260115-114632,0.0,0.0
90.08989688146947,1.8394133102954233,-52.95652659702286,48.977517112236384,0,0,7.2,127.04347340297714,20260115-114632,0.0,0.0
91.74260684949463,1.828481558925565,-54.15668745777545,50.174204055633766,0,0,7.2,125.84331254222455,20260115-114632,0.0,0.0
93.4341362868453,1.8210721591792574,-55.31388563521274,51.30721252086755,0,0,7.2,124.68611436478726,20260115-114632,0.0,0.0
95.16241514640814,1.8167807670747902,-56.42949275556316,52.37969097373797,0,0,7.2,123.57050724443684,20260115-114632,0.0,0.0
96.92547761051569,1.8152626459996648,-57.5049099140402,53.394740328135185,0,0,7.2,122.4950900859598,20260115-114632,0.0,0.0
98.72146009990192,1.8162220731689893,-58.54155248880116,54.3553905429914,0,0,7.2,121.45844751119884,20260115-114632,0.0,0.0
100.54859859385003,1.8194039277833067,-59.54083731309633,55.264582569278424,0,0,7.2,120.45916268690367,20260115-114632,0.0,0.0
102.40522542731175,1.8245869540834165,-60.50417197802905,56.125154900471784,0,0,7.2,119.49582802197095,20260115-114632,0.0,0.0
104.05313081323538,12.80525569417574,50.29321415386562,8.12581437640189,0,0,7.2,-129.70678584613435,20260115-114632,0.0,0.0
104.33158780758885,12.15844584421658,50.98463036963318,8.58099704060584,0,0,7.2,-129.01536963036682,20260115-114632,0.0,0.0
104.62515585746456,11.583251083136958,51.6722661711151,9.032451693098423,0,0,7.2,-128.3277338288849,20260115-114632,0.0,0.0
104.93370813649288,11.068926144349613,52.35595606034872,9.480026044808213,0,0,7.2,-127.6440439396513,20260115-114632,0.0,0.0
105.25711286977416,10.606773023665731,53.03554092587774,9.923575496046299,0,0,7.2,-126.96445907412226,20260115-114632,0.0,0.0
105.59523359231643,10.189675574132888,53.71086817903097,10.362963258651371,0,0,7.2,-126.28913182096903,20260115-114632,0.0,0.0
105.94792941101376,9.811755540429779,54.381791866825324,10.798060446415585,0,0,7.2,-125.61820813317468,20260115-114632,0.0,0.0
106.31505526912086,9.468114604695549,55.04817276184144,11.228746134567883,0,0,7.2,-124.95182723815857,20260115-114632,0.0,0.0
106.69646221220778,9.154638355205764,55.70987842954548,11.654907389272791,0,0,7.2,-124.29012157045449,20260115-114632,0.0,0.0
107.09199765461341,8.867845502774362,56.36678327364797,12.076439268265217,0,0,7.2,-123.63321672635205,20260115-114632,0.0,0.0
107.50150564545669,8.604770611560467,57.01876856019442,12.493244793885493,0,0,7.2,-122.98123143980561,20260115-114632,0.0,0.0
107.92482713330783,8.362871964005755,57.665722421179396,12.905234899903048,0,0,7.2,-122.33427757882062,20260115-114632,0.0,0.0
108.36180022867092,8.13995849187372,58.307539838555726,13.312328353621288,0,0,7.2,-121.69246016144429,20260115-114632,0.0,0.0
108.81226046347984,7.934131323804566,58.944122609582905,13.714451654841316,0,0,7.2,-121.05587739041707,20260115-114632,0.0,0.0
109.27604104686334,7.743736648286953,59.57537929451911,14.111538913327724,0,0,7.2,-120.4246207054809,20260115-114632,0.0,0.0
109.7529731164907,7.567327416366741,60.201225147706964,14.503531706466823,0,0,7.2,-119.79877485229302,20260115-114632,0.0,0.0
110.24288598486656,7.403632008679266,60.821582033143955,14.890378918837268,0,0,7.2,-119.17841796685607,20260115-114632,0.0,0.0
106.8282622254592,0.8045398689302765,32.67302607784234,-132.7818127490674,0,0,7.2,-147.3269739221577,20260115-114632,0.0,0.0
102.40222032590476,0.7712132705075704,32.63856197976418,-132.78067720296,0,0,7.2,-147.3614380202358,20260115-114632,0.0,0.0
97.97621882468931,0.737887280710923,32.600984087976315,-132.77938431232124,0,0,7.2,-147.39901591202369,20260115-114632,0.0,0.0
93.55026345572874,0.7045619859457595,32.55985048271668,-132.77790360794555,0,0,7.2,-147.44014951728334,20260115-114632,0.0,0.0
89.12436109186812,0.6712374897856898,32.51463147488562,-132.77619687232223,0,0,7.2,-147.4853685251144,20260115-114632,0.0,0.0
84.69852004241707,0.6379139174593931,32.464686680215436,-132.77421564925902,0,0,7.2,-147.5353133197846,20260115-114632,0.0,0.0
80.27275044909292,0.604591421822281,32.40923451218674,-132.77189776716517,0,0,7.2,-147.59076548781326,20260115-114632,0.0,0.0
75.84706482055559,0.5712701914196258,32.34731099863484,-132.76916240294818,0,0,7.2,-147.6526890013652,20260115-114632,0.0,0.0
71.42147876563017,0.5379504615487084,32.277713293701936,-132.7659029420934,0,0,7.2,-147.7222867062981,20260115-114632,0.0,0.0
66.99601201705781,0.5046325297073686,32.198920812714675,-132.76197643443265,0,0,7.2,-147.80107918728532,20260115-114632,0.0,0.0
62.570689889554004,0.47131677760173607,32.10898291919068,-132.7571876561254,0,0,7.2,-147.8910170808093,20260115-114632,0.0,0.0
58.14554540344692,0.43800370320964765,32.00535535900309,-132.75126437827382,0,0,7.2,-147.9946446409969,20260115-114632,0.0,0.0
53.720622457474086,0.4046939687019642,31.884655916282668,-132.74381782802524,0,0,7.2,-148.11534408371736,20260115-114632,0.0,0.0
49.29598070955908,0.3713884741939484,31.742288590248222,-132.73427727273918,0,0,7.2,-148.25771140975178,20260115-114632,0.0,0.0
44.87170334365036,0.33808847517302765,31.571845656007724,-132.72177740068136,0,0,7.2,-148.42815434399228,20260115-114632,0.0,0.0
40.447909930532816,0.5300250268398884,31.364117799919427,-76.31320764547868,0,0,7.4,-148.6358822000806,20260115-114632,0.0,0.0
37.788318396245,0.47363468422557403,31.21580487764129,-79.78368066103849,0,0,7.4,-148.7841951223587,20260115-114632,0.0,0.0
35.12901840448534,0.4403569338281279,31.045035804760403,-79.77396449534791,0,0,7.4,-148.9549641952396,20260115-114632,0.0,0.0
32.47008158734037,0.4070883050688253,30.84629656023708,-79.7617646663928,0,0,7.4,-149.15370343976295,20260115-114632,0.0,0.0
29.811605121053073,0.3738312440716495,30.61210856566794,-79.74615710649188,0,0,7.4,-149.38789143433206,20260115-114632,0.0,0.0
27.153724217459448,0.3405891574442087,30.33206917467959,-79.72574471020103,0,0,7.4,-149.6679308253204,20260115-114632,0.0,0.0
24.49663273270998,0.3073669350154431,29.99126969329643,-79.69833427749536,0,0,7.4,-150.0087303067036,20260115-114632,0.0,0.0
21.84061878665301,0.27417185566928987,29.56756352453283,-79.66032375327936,0,0,7.4,-150.4324364754672,20260115-114632,0.0,0.0
19.18612988869071,0.24101524939974933,29.026577193108437,-79.60546038673462,0,0,7.4,-150.97342280689156,20260115-114632,0.0,0.0
16.53390058657393,0.20791577117260232,28.3119480611968,-79.52210884881951,0,0,7.4,-151.6880519388032,20260115-114632,0.0,0.0
13.885225762907016,0.174906461749943,27.324474694549792,-79.38657968370651,0,0,7.4,-152.6755253054502,20260115-114632,0.0,0.0
11.242617922275569,0.14205192660126106,25.872168239114103,-79.14442409382825,0,0,7.4,-154.12783176088587,20260115-114632,0.0,0.0
8.611664089177836,0.10949785614121316,23.53010522124356,-78.64687394492786,0,0,7.4,-156.46989477875644,20260115-114632,0.0,0.0
6.007694766096775,0.07765640077331022,19.144177785760917,-77.36251881714254,0,0,7.4,-160.8558222142391,20260115-114632,0.0,0.0
3.491614497553565,0.04832853179480036,8.272231099547753,-72.2474771710161,0,0,7.4,-171.72776890045222,20260115-114632,0.0,0.0
1.5677004100446144,0.06182811035379383,-38.014188032168846,-25.355787215133912,0,0,7.4,141.98581196783115,20260115-114632,0.0,0.0
2.6251351833705727,0.039889693216319945,-112.03865882655063,65.80986143800573,0,0,7.4,67.96134117344937,20260115-114632,0.0,0.0
5.04899220295241,0.06616744784137325,-129.40655457025525,76.30628606163907,0,0,7.4,50.59344542974473,20260115-114632,0.0,0.0
7.632866249264858,0.0974617025171232,-135.2991370628997,78.31657001809329,0,0,7.4,44.70086293710031,20260115-114632,0.0,0.0
10.256525214323178,0.12982551191557276,-138.19600903237784,79.0023860718002,0,0,7.4,41.80399096762215,20260115-114632,0.0,0.0
12.895708943059928,0.1625922027866835,-139.91016949203802,79.3132064271172,0,0,7.4,40.089830507961985,20260115-114632,0.0,0.0
15.542510935990126,0.19555385235745834,-141.04125115762204,79.47944133352861,0,0,7.4,38.95874884237795,20260115-114632,0.0,0.0
18.193606586540717,0.2286246129101637,-141.84294093962217,79.57851236992474,0,0,7.4,38.15705906037783,20260115-114632,0.0,0.0
20.84735792457766,0.2617625882341171,-142.44062298889972,79.64223636852205,0,0,7.4,37.55937701110029,20260115-114632,0.0,0.0
23.50286539178303,0.2949448978701148,-142.90328627906976,79.68561436900329,0,0,7.4,37.09671372093024,20260115-114632,0.0,0.0
26.159594190129976,0.32815798799861967,-143.2719949405432,79.71646324891537,0,0,7.4,36.7280050594568,20260115-114632,0.0,0.0
28.81720652907703,0.3613933187217852,-143.57270729462638,79.73917899478836,0,0,7.4,36.427292705373624,20260115-114632,0.0,0.0
31.475478605826883,0.3946452418491773,-143.8226320719561,79.75638692194332,0,0,7.4,36.17736792804389,20260115-114632,0.0,0.0
34.13425628560611,0.4279098724661092,-144.03362619186936,79.76973302552062,0,0,7.4,35.966373808130626,20260115-114632,0.0,0.0
36.793429960472594,0.46118445066451325,-144.21412409296101,79.78029161099758,0,0,7.4,35.785875907038985,20260115-114632,0.0,0.0
39.45291955888883,0.49446696180537525,-144.3702889375732,79.78878794012876,0,0,7.4,35.6297110624268,20260115-114632,0.0,0.0
42.112665227497665,0.5277559008672222,-144.50672861807809,79.79572593749693,0,0,7.4,35.49327138192191,20260115-114632,0.0,0.0
44.77262133029088,0.5610501208910491,-144.62695706221487,79.80146454506392,0,0,7.4,35.37304293778512,20260115-114632,0.0,0.0
47.4327524648015,0.594348732474085,-144.73370059213653,79.8062650312284,0,0,7.4,35.266299407863485,20260115-114632,0.0,0.0
46.099000632242685,0.46155822169924704,124.05465914348537,-99.87689193906496,0,0,7.4,-55.945340856514626,20260115-114632,0.0,0.0
42.774707607926096,0.4295978711813927,124.92515550025905,-99.56917963838087,0,0,7.4,-55.074844499740976,20260115-114632,0.0,0.0
39.461950279382656,0.3978797007232619,125.94207369274517,-99.18060712232642,0,0,7.4,-54.05792630725484,20260115-114632,0.0,0.0
36.163898932750676,0.3664739853300324,127.14491108181386,-98.68067142660306,0,0,7.4,-52.85508891818613,20260115-114632,0.0,0.0
32.884978477122054,0.3354811011095977,128.588361737539,-98.02334131000399,0,0,7.4,-51.41163826246101,20260115-114632,0.0,0.0
29.631540461477783,0.3050495746807464,130.35011650471688,-97.13680306713772,0,0,7.4,-49.64988349528313,20260115-114632,0.0,0.0
26.413003010949883,0.2754088898234315,132.54374411591755,-95.90468567620904,0,0,7.4,-47.45625588408244,20260115-114632,0.0,0.0
23.24386850869577,0.24693334863735816,135.34063235339613,-94.13013121541267,0,0,7.4,-44.65936764660387,20260115-114632,0.0,0.0
20.147463257181258,0.22027770658272952,139.00835658775827,-91.46392328909822,0,0,7.4,-40.991643412241764,20260115-114632,0.0,0.0
17.163195664159904,0.19670038497963135,143.97834122136823,-87.25552655088693,0,0,7.4,-36.021658778631775,20260115-114632,0.0,0.0
14.361143839187898,0.1789675605927904,150.95932603151925,-80.2443962001817,0,0,7.4,-29.040673968480743,20260115-114632,0.0,0.0
11.871047830342961,0.1745768918354034,161.08004879781805,-67.99896427034203,0,0,7.4,-18.919951202181956,20260115-114632,0.0,0.0
9.93042084040625,0.2134317030425406,175.80186428946507,-46.52739353547184,0,0,7.4,-4.198135710534916,20260115-114632,0.0,0.0
8.906003413523814,0.6787678144934927,-164.39852282389893,-13.12083929637945,0,0,7.4,15.60147717610106,20260115-114632,0.0,0.0
9.11222765259185,0.3636551338949856,-142.73553326062287,25.057332629939523,0,0,7.4,37.264466739377134,20260115-114632,0.0,0.0
10.476671515345888,0.19138385473932581,-124.4469139185566,54.74166841093063,0,0,7.4,55.553086081443396,20260115-114632,0.0,0.0
12.62936089218686,0.17361706777497496,-111.3609287588513,72.74262291168154,0,0,7.4,68.6390712411487,20260115-114632,0.0,0.0
15.239849878085298,0.18376262551039313,-102.40653685255306,82.93226022297648,0,0,7.4,77.59346314744694,20260115-114632,0.0,0.0
18.111252008762197,0.20385687781431566,-96.17556145438337,88.84297749943441,0,0,7.4,83.82443854561663,20260115-114632,0.0,0.0
21.137502965110322,0.22862803512573296,-91.68737494942843,92.45367897898369,0,0,7.4,88.31262505057157,20260115-114632,0.0,0.0
24.260724868231804,0.2559698486855679,-88.3383476749295,94.77961952477285,0,0,7.4,91.6616523250705,20260115-114632,0.0,0.0
27.44783539590824,0.28487572736431144,-85.75986902316922,96.35020733376402,0,0,7.4,94.24013097683078,20260115-114632,0.0,0.0
26.972261112564848,0.5951673217917426,-132.20736334116117,-45.31878704523838,0,0,7.4,47.79263665883883,20260115-114632,0.0,0.0
25.496131874581945,0.5903378737398122,-129.22651345129927,-43.18904987928863,0,0,7.4,50.77348654870073,20260115-114632,0.0,0.0
24.097352026512766,0.5925588751780516,-125.88965533221506,-40.66659539825813,0,0,7.4,54.11034466778494,20260115-114632,0.0,0.0
22.790168316517416,0.6048154043860485,-122.15606752558384,-37.68119685981187,0,0,7.4,57.84393247441617,20260115-114632,0.0,0.0
21.591223498973367,0.6320545697666063,-117.98839019764772,-34.160378758033794,0,0,7.4,62.01160980235228,20260115-114632,0.0,0.0
20.519499398181114,0.6831144800935727,-113.35856558458323,-30.038156116044213,0,0,7.4,66.64143441541677,20260115-114632,0.0,0.0
19.595880740686308,0.7754859829820508,-108.25611894313789,-25.2691617523922,0,0,7.4,71.74388105686211,20260115-114632,0.0,0.0
18.842159948805122,0.9493334029414358,-102.69807856664673,-19.847779389647677,0,0,7.4,77.30192143335327,20260115-114632,0.0,0.0
18.279365529235996,1.3218493197741141,-96.73833668664636,-13.828630280159079,0,0,7.4,83.26166331335364,20260115-114632,0.0,0.0
17.925489668301854,2.44199688767643,-90.47263599567755,-7.340504715121906,0,0,7.4,89.52736400432245,20260115-114632,0.0,0.0
17.793001956591862,30.483363169994714,-84.03495062233046,-0.583695501620563,0,0,7.4,95.96504937766954,20260115-114632,0.0,0.0
17.886822537501654,2.887250718229074,-77.58328942364601,6.1951054075666585,0,0,7.4,102.41671057635399,20260115-114632,0.0,0.0
18.203452568971148,1.4282560599475835,-71.27769705337701,12.745230410322367,0,0,7.4,108.72230294662299,20260115-114632,0.0,0.0
18.731596660599905,0.9934006059360679,-65.25755615834737,18.856035066486974,0,0,7.4,114.74244384165263,20260115-114632,0.0,0.0
19.45403568830701,0.7977644034416382,-59.62570865157872,24.3856903170664,0,0,7.4,120.37429134842128,20260115-114632,0.0,0.0
20.350087438395885,0.6953130748085429,-54.44305445956276,29.26751728924321,0,0,7.4,125.55694554043724,20260115-114632,0.0,0.0
21.397952612824973,0.6387790999778815,-49.732340662655474,33.49820401695344,0,0,7.4,130.26765933734453,20260115-114632,0.0,0.0
22.57650230600299,0.6082397212901113,-45.48707972926519,37.11777037204498,0,0,7.4,134.5129202707348,20260115-114632,0.0,0.0
23.866384305275975,0.5938414178886205,-41.68157826651179,40.1898277660254,0,0,7.4,138.3184217334882,20260115-114632,0.0,0.0
25.250542693637268,0.590152110058914,-38.279583081903866,42.78649904533349,0,0,7.4,141.72041691809613,20260115-114632,0.0,0.0
26.71432716579595,0.5939313305718773,-35.24062635904167,44.978814537488006,0,0,7.4,144.75937364095833,20260115-114632,0.0,0.0
28.245360833260364,0.6031262156803375,-32.52414220721974,46.83159196023186,0,0,7.4,147.47585779278026,20260115-114632,0.0,0.0
29.833291879423626,0.6163731112600532,-30.091837540857995,48.401351931844246,0,0,7.4,149.908162459142,20260115-114632,0.0,0.0
31.46950846782642,0.6327307332392614,-27.908857494412956,49.73602010245092,0,0,7.4,152.09114250558704,20260115-114632,0.0,0.0
33.1468608639223,0.6515283921439197,-25.944192211214755,50.875543205184385,0,0,7.4,154.05580778878524,20260115-114632,0.0,0.0
34.85941150019258,0.6722752766470717,-24.170645114283587,51.852883351670435,0,0,7.4,155.8293548857164,20260115-114632,0.0,0.0
36.602220127052455,0.694603938966031,-22.564572332693672,52.69509438938332,0,0,7.4,157.43542766730633,20260115-114632,0.0,0.0
38.37116403499584,0.7182338276441959,-21.10552170336038,53.42433419051441,0,0,7.4,158.89447829663962,20260115-114632,0.0,0.0
40.162790038216016,0.7429470342192274,-19.77584530353508,54.05875276213144,0,0,7.4,160.22415469646492,20260115-114632,0.0,0.0
41.97419375031519,0.7685717335377035,-18.560325145697107,54.61324157357406,0,0,7.4,161.4396748543029,20260115-114632,0.0,0.0
43.80292160810833,0.7949706133527283,-17.44583105120938,55.10005133821592,0,0,7.4,162.55416894879062,20260115-114632,0.0,0.0
45.64689151415546,0.8220326232959059,-16.42101788563079,55.529294361987894,0,0,7.4,163.5789821143692,20260115-114632,0.0,0.0
47.504328555258866,0.849666982929116,-15.476062896955597,55.90934979195484,0,0,7.4,164.5239371030444,20260115-114632,0.0,0.0
49.373712855615764,0.8777987587588377,-14.602440654036798,56.24718919109393,0,0,7.4,165.3975593459632,20260115-114632,0.0,0.0
51.253737170020315,0.9063655509591538,-13.792731671519789,56.54863770559403,0,0,7.4,166.2072683284802,20260115-114632,0.0,0.0
53.14327229029237,0.9353149780162907,-13.040460405968759,56.818583620893065,0,0,7.4,166.95953959403124,20260115-114632,0.0,0.0
55.04133872489569,0.9646027437592775,-12.339958430639939,57.06114675808095,0,0,7.4,167.66004156936006,20260115-114632,0.0,0.0
56.94708342504607,0.9941911353070036,-11.686248965439603,57.279814114879386,0,0,7.4,168.3137510345604,20260115-114632,0.0,0.0
58.66982943648855,1.1240122525592606,81.89773706048851,52.19678816036334,0,0,7.4,-98.10226293951149,20260115-114632,0.0,0.0
60.48641269082831,1.0662323557593456,84.78326229089924,56.729110089471355,0,0,7.4,-95.21673770910074,20260115-114632,0.0,0.0
62.44726522995766,1.02614445119404,87.49410750010315,60.856212940870954,0,0,7.4,-92.50589249989683,20260115-114632,0.0,0.0
64.53923868154244,0.999051524876186,90.0346062376234,64.60051065888808,0,0,7.4,-89.96539376237659,20260115-114632,0.0,0.0
66.5678110410736,1.1456534030371541,-8.982718694024072,58.104668361828075,0,0,7.4,171.01728130597593,20260115-114632,0.0,0.0
68.50673972159231,1.1765001832703912,-8.53341219461359,58.22926396080946,0,0,7.4,171.4665878053864,20260115-114632,0.0,0.0
70.44964918894784,1.2074936009156814,-8.108863348101494,58.34370396292254,0,0,7.4,171.8911366518985,20260115-114632,0.0,0.0
72.39621894471806,1.2386210562030493,-7.707123727975073,58.44904588223795,0,0,7.4,172.29287627202493,20260115-114632,0.0,0.0
74.34616148275039,1.2698713526773624,-7.326439761694417,58.54621519416196,0,0,7.4,172.67356023830558,20260115-114632,0.0,0.0
76.2992182137455,1.3012345071209617,-6.965229513388948,58.636024326284485,0,0,7.4,173.03477048661105,20260115-114632,0.0,0.0
78.25515597019928,1.3327015895563452,-6.622062628230935,58.71918858913519,0,0,7.4,173.37793737176906,20260115-114632,0.0,0.0
80.21376399903941,1.3642645879180326,-6.2956429610514135,58.796339587947145,0,0,7.4,173.7043570389486,20260115-114632,0.0,0.0
82.17485136554173,1.3959162930672193,-5.9847934897787525,58.86803655323812,0,0,7.4,174.01520651022125,20260115-114632,0.0,0.0
84.13824470528293,1.4276502006688103,-5.688443178807887,58.934775945723075,0,0,7.4,174.3115568211921,20260115-114632,0.0,0.0
86.10378627159885,1.459460427114671,-5.405615510857558,58.996999625282484,0,0,7.4,174.59438448914244,20260115-114632,0.0,0.0
83.18855709593403,0.7849673917589913,-76.30716506559466,-105.97708639784547,0,0,7.4,103.69283493440534,20260115-114632,0.0,0.0
79.65679040033706,0.7519910232992219,-76.04992176748112,-105.92784745070172,0,0,7.4,103.95007823251888,20260115-114632,0.0,0.0
76.12677837733283,0.7190481567756934,-75.76881552331749,-105.87159936365781,0,0,7.4,104.23118447668251,20260115-114632,0.0,0.0
72.59877698273183,0.6861437407503871,-75.46038003144565,-105.80695074669873,0,0,7.4,104.53961996855435,20260115-114632,0.0,0.0
69.07309430388858,0.6532837488573329,-75.1204470240312,-105.73214843428332,0,0,7.4,104.8795529759688,20260115-114632,0.0,0.0
65.55010448571306,0.6204754597223864,-74.74396015799721,-105.64495897233638,0,0,7.4,105.25603984200279,20260115-114632,0.0,0.0
62.03026635047185,0.5877278339083432,-74.32472678629208,-105.54250245045489,0,0,7.4,105.67527321370792,20260115-114632,0.0,0.0
58.51414865638588,0.555052029526897,-73.85508218805235,-105.42101558706285,0,0,7.4,106.14491781194765,20260115-114632,0.0,0.0
55.002464912959454,0.5224621199179226,-73.32542832147212,-105.27550767048947,0,0,7.4,106.67457167852788,20260115-114632,0.0,0.0
51.49612222361613,0.4899761122403152,-72.72358934284638,-105.09925063113931,0,0,7.4,107.27641065715362,20260115-114632,0.0,0.0
47.99629116594794,0.4576174252286664,-72.03389401013068,-104.88300602181991,0,0,7.4,107.96610598986932,20260115-114632,0.0,0.0
44.50450798909992,0.4254170872151795,-71.23584169039711,-104.6138232961695,0,0,7.4,108.76415830960289,20260115-114632,0.0,0.0
86.90283131363684,0.9413597966116719,-133.16902913226392,92.31627654636907,0,0,4.0,46.8309708677361,20260115-114632,0.0,0.0
90.07380078941756,0.9205964746651426,-130.5545483053944,97.84286956147749,0,0,4.0,49.445451694605595,20260115-114632,0.0,0.0
93.41937330767725,0.9087392199578815,-128.1225563737728,102.80108006343896,0,0,4.0,51.87744362622722,20260115-114632,0.0,0.0
96.9214695099536,0.9037559627600261,-125.86248142929782,107.24296547262627,0,0,4.0,54.13751857070219,20260115-114632,0.0,0.0
100.56373808168027,0.9041891402495237,-123.7630439810388,111.21980303139705,0,0,4.0,56.23695601896119,20260115-114632,0.0,0.0
104.33149957790762,0.9089660686195961,-121.81277658955284,114.780411700462,0,0,4.0,58.18722341044715,20260115-114632,0.0,0.0
108.21164638619685,0.9172797727241657,-120.0003929923171,117.97016526901773,0,0,4.0,59.999607007682904,20260115-114632,0.0,0.0
111.59677414692584,2.0337448559670888,-160.20112364547523,54.87255386018381,0,0,4.0,19.798876354524772,20260115-114632,0.0,0.0
113.53959661721531,1.8420267489712017,-157.6363339845267,61.63840817220966,0,0,4.0,22.363666015473314,20260115-114632,0.0,0.0
115.70203109712449,1.7003200731595856,-155.1626039907862,68.04720647808593,0,0,4.0,24.837396009213798,20260115-114632,0.0,0.0
118.07201192492639,1.5936213991769599,-152.7838884426927,74.090378044563,0,0,4.0,27.216111557307308,20260115-114632,0.0,0.0
120.63730766226487,1.5123830901608721,-150.5025387916318,79.76636901529538,0,0,4.0,29.497461208368208,20260115-114632,0.0,0.0
123.38573661489382,1.450240054869687,-148.3194862870415,85.07952611057952,0,0,4.0,31.680513712958493,20260115-114632,0.0,0.0
126.30534430498157,1.4027856916745824,-146.23444400714223,90.03894540313135,0,0,4.0,33.76555599285776,20260115-114632,0.0,0.0
129.3845431262944,1.3668724279835407,-144.2461127455634,94.65736558690202,0,0,4.0,35.75388725443659,20260115-114632,0.0,0.0
132.6122166318018,1.3401920438957489,-142.35237935989252,98.95015959527474,0,0,4.0,37.64762064010748,20260115-114632,0.0,0.0
130.15673753330776,1.086790634782674,39.00975056017387,-119.7624762007038,0,0,4.0,-140.99024943982613,20260115-114632,0.0,0.0
126.16703699598352,1.0547557995101762,38.65767450768715,-119.61729630173632,0,0,4.0,-141.34232549231282,20260115-114632,0.0,0.0
122.18241149581613,1.0228092411157703,38.282619631397836,-119.45767263749866,0,0,4.0,-141.71738036860216,20260115-114632,0.0,0.0
118.20337427110769,0.990960278466714,37.88229595354926,-119.28164714533318,0,0,4.2,-142.11770404645077,20260115-114632,0.0,0.0
114.23050929928371,0.9592195899181343,37.454104133558985,-119.0869228484302,0,0,4.2,-142.54589586644101,20260115-114632,0.0,0.0
110.26448374715893,0.9275994706089735,36.9950824565434,-118.87079201842339,0,0,4.2,-143.00491754345657,20260115-114632,0.0,0.0
106.3060631047767,0.8961141504916534,36.50184279404482,-118.63004623512732,0,0,4.2,-143.4981572059552,20260115-114632,0.0,0.0
102.3561296904177,0.8647801905056781,35.97049284234447,-118.36086304262497,0,0,4.2,-144.02950715765553,20260115-114632,0.0,0.0
98.41570541901332,0.8336169802528471,35.3965411921198,-118.05866213181325,0,0,4.2,-144.60345880788023,20260115-114632,0.0,0.0
94.48598000019878,0.8026473688667896,34.7747807992165,-117.71792154953172,0,0,4.2,-145.22521920078353,20260115-114632,0.0,0.0
90.56834610187752,0.7718984726068994,34.099145133426816,-117.3319410725156,0,0,4.2,-145.90085486657318,20260115-114632,0.0,0.0
86.66444351760727,0.741402719761692,33.36252957886035,-116.89253520065814,0,0,4.4,-146.63747042113965,20260115-114632,0.0,0.0
82.77621506422702,0.7111992184059707,32.556568412856166,-116.3896316558889,0,0,4.4,-147.44343158714383,20260115-114632,0.0,0.0
78.90597788543869,0.6813355697115462,31.671354730439305,-115.81074200902903,0,0,4.4,-148.3286452695607,20260115-114632,0.0,0.0
75.05651515565503,0.6518703058641535,30.695086800060835,-115.14025793237533,0,0,4.4,-149.30491319993916,20260115-114632,0.0,0.0
71.2311950210044,0.6228762188821916,29.613619300606445,-114.35850793731585,0,0,4.3,-150.38638069939356,20260115-114632,0.0,0.0
67.4341262009467,0.5944449848000007,28.40989148884381,-113.4404830139743,0,0,4.3,-151.5901085111562,20260115-114632,0.0,0.0
63.670363312970075,0.5666937120875745,27.063196521415705,-112.35410232173307,0,0,4.3,-152.9368034785843,20260115-114632,0.0,0.0
59.9461800941608,0.5397744180996752,25.548247307496354,-111.05783839331765,0,0,4.3,-154.45175269250367,20260115-114632,0.0,0.0
56.269435814774894,0.5138880839775064,23.833985958537085,-109.49745201182343,0,0,4.3,-156.16601404146292,20260115-114632,0.0,0.0
52.650069909736466,0.489306094715156,21.882080374361067,-107.60150032544783,0,0,4.3,-158.1179196256389,20260115-114632,0.0,0.0
49.100772617574556,0.46640402622532345,19.645062897942466,-105.2751903000374,0,0,4.3,-160.35493710205756,20260115-114632,0.0,0.0
45.63789475141175,0.4457169556666449,17.064114823568673,-102.39209922618399,0,0,4.3,-162.93588517643133,20260115-114632,0.0,0.0
42.28267444940858,0.9146145498265763,14.066634197610483,-46.23004790097202,0,0,4.5,-165.93336580238955,20260115-114632,0.0,0.0
40.008437146124564,0.5890118061749028,12.815439298445654,-67.9246777852265,0,0,4.5,-167.18456070155435,20260115-114632,0.0,0.0
37.75557175238113,0.5616129269516233,11.414190868046035,-67.2270347431539,0,0,4.5,-168.58580913195394,20260115-114632,0.0,0.0
35.528144125693764,0.5351165576460322,9.836195169971234,-66.39328127311443,0,0,4.4,-170.16380483002874,20260115-114632,0.0,0.0
33.331254444980104,0.5097455218677779,8.048675801765967,-65.38802797688108,0,0,4.4,-171.95132419823403,20260115-114632,0.0,0.0
31.171360123180577,0.4858025727765636,6.011218078028151,-64.16466661554158,0,0,4.4,-173.98878192197188,20260115-114632,0.0,0.0
29.05671234284924,0.4637097633646366,3.67387361373153,-62.66142022116665,0,0,4.4,-176.32612638626847,20260115-114632,0.0,0.0
26.997945173924474,0.44407363049586174,0.974966630703932,-60.79610073621803,0,0,4.4,-179.02503336929607,20260115-114632,0.0,0.0
25.008862953889867,0.4277983613051095,-2.1611825152453434,-58.45946412135349,0,0,4.4,177.83881748475466,20260115-114632,0.0,0.0
23.107468058437885,0.4162939111240782,-5.826016916240093,-55.50758116073094,0,0,4.4,174.1739830837599,20260115-114632,0.0,0.0
21.317237276206267,0.41188713026569623,-10.126617190234128,-51.755045763277785,0,0,4.4,169.87338280976587,20260115-114632,0.0,0.0
19.668548530623656,0.41871178045153806,-15.180959707194717,-46.97395547221797,0,0,4.4,164.81904029280528,20260115-114632,0.0,0.0
18.1999084807036,0.4448850118866569,-21.103891686052407,-40.90924170162958,0,0,4.6,158.8961083139476,20260115-114632,0.0,0.0
16.9581604929174,0.508828194858525,-27.977722540615247,-33.327871105162444,0,0,5.0,152.02227745938475,20260115-114632,0.0,0.0
15.996231340355488,0.6632190781038653,-35.80407575873451,-24.119075986306825,0,0,5.0,144.1959242412655,20260115-114632,0.0,0.0
15.366759517799018,1.1438031215655924,-44.44684190674565,-13.434794177485376,0,0,5.0,135.55315809325435,20260115-114632,0.0,0.0
15.111348393000249,8.431225223881633,-53.599932996274234,-1.792307522540973,0,0,5.0,126.40006700372577,20260115-114632,0.0,0.0
15.248805645835498,1.526955102702364,-62.82444156584344,9.986413889215585,0,0,5.0,117.17555843415656,20260115-114632,0.0,0.0
15.768860713043503,0.7497663288041386,-71.66116894728503,21.031700287467565,0,0,4.9,108.33883105271497,20260115-114632,0.0,0.0
16.635670528816625,0.5415647079148938,-79.75603405406099,30.71778918694034,0,0,4.9,100.24396594593901,20260115-114632,0.0,0.0
17.798645198227256,0.458868399868626,-86.92258578589032,38.78812575309829,0,0,4.9,93.07741421410968,20260115-114632,0.0,0.0
19.204053713590973,0.4240292372696609,-93.12661194124219,45.2894565413615,0,0,4.9,86.87338805875781,20260115-114632,0.0,0.0
20.80281851984642,0.4125008969346234,-98.43191458252846,50.43096554319353,0,0,4.9,81.56808541747154,20260115-114632,0.0,0.0
22.5538579604003,0.4140727685405539,-102.9474696030484,54.4683439094387,0,0,4.9,77.0525303969516,20260115-114632,0.0,0.0
24.424443302135423,0.4237377636117042,-106.79236892780321,57.64046870393401,0,0,4.9,73.20763107219679,20260115-114632,0.0,0.0
26.389164888901135,0.43875214033711774,-110.0777986850477,60.14595135336518,0,0,4.9,69.9222013149523,20260115-114632,0.0,0.0
28.42851187876471,0.4574864799442262,-112.9000803222875,62.14066016165228,0,0,4.9,67.0999196777125,20260115-114632,0.0,0.0
30.527532211785292,0.47891212642984354,-115.33951883921755,63.74349390431923,0,0,4.9,64.66048116078245,20260115-114632,0.0,0.0
32.674727687238345,0.5023476787595845,-117.46178633158898,65.0440503038055,0,0,4.9,62.53821366841102,20260115-114632,0.0,0.0
34.861197729307015,0.527323861683663,-119.32013135938928,66.10965340730199,0,0,4.9,60.67986864061073,20260115-114632,0.0,0.0
37.07999536140167,0.553506940499847,-120.95763257873153,66.99102151802542,0,0,4.9,59.04236742126846,20260115-114632,0.0,0.0
39.32564908649783,0.5806530814310904,-122.40919384711208,67.72658295306893,0,0,4.9,57.590806152887914,20260115-114632,0.0,0.0
41.5938092429659,0.6085799899222618,-123.7032013925982,68.34567342294473,0,0,4.9,56.296798607401804,20260115-114632,0.0,0.0
43.880985971137555,0.6371486486592857,-124.86285708006925,68.87087662113657,0,0,4.9,55.13714291993075,20260115-114632,0.0,0.0
46.184354098018694,0.6662511944132687,-125.90723403813351,69.31973178478239,0,0,4.9,54.09276596186648,20260115-114632,0.0,0.0
48.50160686303341,0.6958026539188686,-126.85210644670713,69.70598141565691,0,0,4.9,53.14789355329287,20260115-114632,0.0,0.0
50.830845402515116,0.7257351778498304,-127.71060046608991,70.04048715554073,0,0,5.1,52.28939953391008,20260115-114632,0.0,0.0
53.170494558219076,0.7559939341617462,-128.49370542203857,70.33190632299856,0,0,5.1,51.506294577961434,20260115-114632,0.0,0.0
55.51923819713203,0.7865341291726444,-129.21067647122175,70.58719531412164,0,0,5.1,50.789323528778255,20260115-114632,0.0,0.0
57.87596910296392,0.8173188108886121,-129.86935313188448,70.81198711190744,0,0,5.1,50.13064686811552,20260115-114632,0.0,0.0
60.23974983694448,0.8483172249750787,-130.47641251073873,71.01087666670233,0,0,5.1,49.52358748926127,20260115-114632,0.0,0.0
62.60978192280452,0.8795035676926632,-131.03757169589568,71.18763837088049,0,0,5.1,48.96242830410432,20260115-114632,0.0,0.0
64.98538139934008,0.9108560282981876,-131.55775042151404,71.3453931031851,0,0,5.1,48.44224957848595,20260115-114632,0.0,0.0
67.36595928217248,0.9423560454422593,-132.0412025384515,71.48673753194507,0,0,5.1,47.95879746154851,20260115-114632,0.0,0.0
68.01470429252781,1.0078431372549024,41.42366562500263,-67.48540698285831,0,0,5.1,-138.57633437499737,20260115-114632,0.0,0.0
65.79513659838392,1.0020833333333334,43.152389734005396,-65.65834837260765,0,0,5.1,-136.8476102659946,20260115-114632,0.0,0.0
63.63961030678928,1.0000000000000004,45.0,-63.63961030678926,0,0,5.1,-135.0,20260115-114632,0.0,0.0
61.554853586049575,1.0023809523809526,46.97493401088195,-61.40864253240098,0,0,5.1,-133.02506598911802,20260115-114632,0.0,0.0
59.54829972383762,1.0102564102564104,49.085616779974885,-58.94374845760576,0,0,5.1,-130.91438322002512,20260115-114632,0.0,0.0
57.62811813689564,1.0250000000000001,51.34019174590992,-56.22255427989817,0,0,5.1,-128.6598082540901,20260115-114632,0.0,0.0
55.80322571321482,1.0484848484848488,53.74616226255523,-53.22272972647655,0,0,5.1,-126.2538377374448,20260115-114632,0.0,0.0
54.08326913195984,1.0833333333333337,56.30993247402023,-49.9230176602706,0,0,5.1,-123.69006752597979,20260115-114632,0.0,0.0
52.478567053607705,1.1333333333333337,59.03624346792651,-46.30461798847737,0,0,5.1,-120.96375653207352,20260115-114632,0.0,0.0
51.0,1.204166666666667,61.927513064147035,-42.35294117647057,0,0,5.1,-118.07248693585296,20260115-114632,0.0,0.0
49.658836071740545,1.3047619047619055,64.98310652189997,-38.05969187980113,0,0,5.1,-115.01689347810004,20260115-114632,0.0,0.0
48.46648326421054,1.4500000000000008,68.19859051364818,-33.425160871869316,0,0,5.1,-111.80140948635182,20260115-114632,0.0,0.0
47.43416490252569,1.6666666666666676,71.56505117707798,-28.460498941515397,0,0,5.1,-108.43494882292202,20260115-114632,0.0,0.0
46.57252408878007,2.008333333333335,75.06858282186244,-23.18963855042989,0,0,5.1,-104.93141717813755,20260115-114632,0.0,0.0
45.89117562233506,2.600000000000003,78.69006752597977,-17.65045216243654,0,0,5.1,-101.30993247402021,20260115-114632,0.0,0.0
45.39823785126467,3.816666666666674,82.40535663140855,-11.894734808191593,0,0,5.1,-97.59464336859145,20260115-114632,0.0,0.0
45.09988913511872,7.533333333333359,86.18592516570965,-5.986710947139633,0,0,5.1,-93.81407483429037,20260115-114632,0.0,0.0
45.0,45000000.0,90.0,2.204364238465236e-14,0,0,5.1,-90.0,20260115-114632,0.0,0.0
45.09988913511872,7.533333333333306,93.81407483429035,5.9867109471396756,0,0,5.1,-86.18592516570965,20260115-114632,0.0,0.0
45.39823785126467,3.8166666666666598,97.59464336859145,11.894734808191638,0,0,5.1,-82.40535663140857,20260115-114632,0.0,0.0
45.89117562233506,2.5999999999999965,101.30993247402023,17.650452162436586,0,0,5.1,-78.69006752597979,20260115-114632,0.0,0.0
46.57252408878007,2.0083333333333315,104.93141717813756,23.18963855042993,0,0,5.1,-75.06858282186245,20260115-114632,0.0,0.0
47.43416490252569,1.6666666666666652,108.43494882292202,28.460498941515436,0,0,5.1,-71.56505117707799,20260115-114632,0.0,0.0
48.46648326421054,1.4499999999999993,111.80140948635182,33.42516087186935,0,0,5.1,-68.19859051364818,20260115-114632,0.0,0.0
49.658836071740545,1.3047619047619041,115.01689347810003,38.059691879801164,0,0,5.1,-64.98310652189998,20260115-114632,0.0,0.0
51.0,1.2041666666666662,118.07248693585296,42.35294117647061,0,0,5.1,-61.92751306414704,20260115-114632,0.0,0.0
52.478567053607705,1.1333333333333329,120.96375653207349,46.3046179884774,0,0,5.1,-59.03624346792648,20260115-114632,0.0,0.0
54.08326913195984,1.083333333333333,123.69006752597977,49.92301766027064,0,0,5.1,-56.309932474020215,20260115-114632,0.0,0.0
55.80322571321482,1.0484848484848481,126.25383773744477,53.22272972647658,0,0,5.1,-53.74616226255522,20260115-114632,0.0,0.0
57.62811813689564,1.0249999999999997,128.65980825409008,56.2225542798982,0,0,5.1,-51.34019174590991,20260115-114632,0.0,0.0
59.54829972383762,1.01025641025641,130.91438322002512,58.943748457605786,0,0,5.1,-49.08561677997488,20260115-114632,0.0,0.0
61.554853586049575,1.0023809523809522,133.02506598911805,61.40864253240101,0,0,5.1,-46.97493401088198,20260115-114632,0.0,0.0
63.63961030678928,0.9999999999999999,135.0,63.63961030678929,0,0,5.1,-45.0,20260115-114632,0.0,0.0
65.79513659838392,1.002083333333333,136.8476102659946,65.65834837260768,0,0,5.1,-43.15238973400541,20260115-114632,0.0,0.0
68.01470429252781,1.007843137254902,138.57633437499737,67.48540698285834,0,0,5.1,-41.423665625002656,20260115-114632,0.0,0.0
70.2922470831599,1.0166666666666666,140.19442890773485,69.13991516376383,0,0,5.1,-39.80557109226519,20260115-114632,0.0,0.0
72.62231062146122,1.0280701754385964,141.70983680775691,70.63944889800837,0,0,5.1,-38.29016319224307,20260115-114632,0.0,0.0
75.0,1.0416666666666665,143.13010235415595,72.00000000000001,0,0,5.1,-36.86989764584402,20260115-114632,0.0,0.0
77.42092740338364,1.057142857142857,144.46232220802563,73.23601240860616,0,0,5.1,-35.53767779197438,20260115-114632,0.0,0.0
79.88116173416608,1.0742424242424242,145.71312302279102,74.3604608526793,0,0,5.1,-34.28687697720896,20260115-114632,0.0,0.0
82.37718130647589,1.0927536231884056,146.88865803962796,75.38495371547529,0,0,5.1,-33.11134196037203,20260115-114632,0.0,0.0
84.90583018850944,1.1125,147.99461679191654,76.31984736045793,0,0,5.1,-32.005383208083494,20260115-114632,0.0,0.0
87.46427842267951,1.1333333333333333,149.0362434679265,77.17436331412898,0,0,5.1,-30.96375653207352,20260115-114632,0.0,0.0
90.0499861188218,1.1551282051282048,150.0183606311507,77.95670274437406,0,0,5.1,-29.981639368849336,20260115-114632,0.0,0.0
92.66067126888301,1.1777777777777778,150.94539590092285,78.67415485093841,0,0,5.1,-29.054604099077146,20260115-114632,0.0,0.0
95.29428104561154,1.2011904761904757,151.82140989004085,79.3331973025904,0,0,5.1,-28.178590109959174,20260115-114632,0.0,0.0
97.94896630388705,1.225287356321839,152.65012421993015,79.9395878840354,0,0,5.1,-27.34987578006988,20260115-114632,0.0,0.0
100.62305898749054,1.25,153.43494882292202,80.49844718999243,0,0,5.3,-26.56505117707799,20260115-114632,0.0,0.0
103.31505214633539,1.275268817204301,154.17900802581073,81.01433262739623,0,0,5.2,-25.82099197418928,20260115-114632,0.0,0.0
106.02358228243375,1.3010416666666664,154.88516511385546,81.49130423629818,0,0,5.2,-25.114834886144564,20260115-114632,0.0,0.0
108.74741376235114,1.327272727272727,155.55604521958344,81.93298297163444,0,0,5.2,-24.443954780416536,20260115-114632,0.0,0.0
111.48542505637228,1.3539215686274506,156.19405648154225,82.3426021415639,0,0,5.0,-23.805943518457717,20260115-114632,0.0,0.0
114.23659658795863,1.380952380952381,156.80140948635182,82.72305270162522,0,0,5.0,-23.19859051364819,20260115-114632,0.0,0.0
117.0,1.408333333333333,157.38013505195954,83.0769230769231,0,0,5.0,-22.619864948040426,20260115-114632,0.0,0.0
119.77478866606278,1.4360360360360358,157.93210043758978,83.40653414010646,0,0,5.0,-22.06789956241022,20260115-114632,0.0,0.0
122.56018929489298,1.464035087719298,158.45902408146156,83.71396991981906,0,0,5.0,-21.54097591853844,20260115-114632,0.0,0.0
125.35549449465708,1.4923076923076921,158.96248897457815,84.00110455827537,0,0,5.0,-21.037511025421818,20260115-114632,0.0,0.0
128.16005617976296,1.520833333333333,159.44395478041656,84.26962598121402,0,0,5.0,-20.556045219583467,20260115-114632,0.0,0.0
130.97327971765844,1.549593495934959,159.90476880809518,84.52105669082891,0,0,5.0,-20.095231191904816,20260115-114632,0.0,0.0
133.79461872586654,1.578571428571428,160.34617594194668,84.75677204353539,0,0,5.0,-19.65382405805331,20260115-114632,0.0,0.0
133.74883781255977,1.3166345051940511,134.20708846368672,-101.58387713896903,0,0,5.0,-45.79291153631328,20260115-114632,0.0,0.0
130.42374393047805,1.3325532125956505,135.96002816620796,-97.87507372889715,0,0,5.0,-44.03997183379202,20260115-114632,0.0,0.0
127.22704302067432,1.355247042328776,137.80285568115403,-93.87738105818326,0,0,5.0,-42.19714431884599,20260115-114632,0.0,0.0
124.16865184512241,1.386217230743594,139.73855154783553,-89.57373281135447,0,0,5.0,-40.26144845216445,20260115-114632,0.0,0.0
121.25903618532946,1.427443912392082,141.76955555717348,-84.94837179425565,0,0,5.0,-38.23044444282651,20260115-114632,0.0,0.0
118.50915467787274,1.4815936313642888,143.89759535360167,-79.98762425075121,0,0,5.0,-36.10240464639835,20260115-114632,0.0,0.0
115.93037461615485,1.5523449907725113,146.1234972209021,-74.68080568769902,0,0,5.0,-33.87650277909793,20260115-114632,0.0,0.0
113.53435561595064,1.6449191328711523,148.44698506417564,-69.02123839837655,0,0,5.0,-31.553014935824375,20260115-114632,0.0,0.0
111.332898021768,1.7669829617606807,150.86647695471987,-63.00734100504975,0,0,5.0,-29.133523045280132,20260115-114632,0.0,0.0
107.37365677890803,0.7450366479398421,-150.7919761786631,-144.1186243331991,0,0,5.0,29.20802382133691,20260115-114632,0.0,0.0
102.57265896692823,0.7126214424788555,-150.35696591644162,-143.93709317829249,0,0,5.0,29.64303408355837,20260115-114632,0.0,0.0
97.77815427745438,0.6802990767408504,-149.87926478436233,-143.72818899870634,0,0,5.0,30.120735215637673,20260115-114632,0.0,0.0
92.99114704720266,0.6480843823220541,-149.3523415246776,-143.48617183771657,0,0,5.0,30.647658475322412,20260115-114632,0.0,0.0
88.21285786829579,0.6159955277411637,-148.7682798462506,-143.2037310267001,0,0,5.0,31.231720153749393,20260115-114632,0.0,0.0
83.4447844165154,0.584055012827496,-148.1173968300162,-142.87144632582977,0,0,5.0,31.882603169983817,20260115-114632,0.0,0.0
78.68878375114332,0.5522910412329034,-147.38773034751244,-142.4770236639778,0,0,5.0,32.61226965248757,20260115-114632,0.0,0.0
73.94718533547137,0.5207394501666718,-146.5643411677366,-142.00419290645885,0,0,5.0,33.4356588322634,20260115-114632,0.0,0.0
69.22294878674123,0.4894464804381777,-145.62834890020605,-141.43108910451105,0,0,5.0,34.371651099793944,20260115-114632,0.0,0.0
64.51988799830586,0.458472847113997,-144.55557953676657,-140.727828058841,0,0,5.0,35.44442046323341,20260115-114632,0.0,0.0
59.84299578718429,0.4278998837308962,-143.31463688725444,-139.85279749414283,0,0,5.0,36.68536311274555,20260115-114632,0.0,0.0
55.19892418466931,0.3978391066829175,-141.86410546703564,-138.74685333200165,0,0,5.0,38.13589453296434,20260115-114632,0.0,0.0
50.596711418763896,0.3684476480672603,-140.14842388844536,-137.32401790098396,0,0,5.0,39.85157611155463,20260115-114632,0.0,0.0
46.04890954769033,0.3399542363689402,-138.09169844549203,-135.45620151565075,0,0,5.0,41.908301554507965,20260115-114632,0.0,0.0
41.57337878448115,0.3127052168253866,-135.58831022994394,-132.9475063017435,0,0,5.0,44.41168977005604,20260115-114632,0.0,0.0
37.19621574130114,0.28725130515305125,-132.48859012461915,-129.49015400115417,0,0,5.0,47.51140987538085,20260115-114632,0.0,0.0
32.95663812159516,0.586464220830126,-128.57729678574884,-56.19547953828426,0,0,5.2,51.42270321425114,20260115-114632,0.0,0.0
31.08835849858115,0.55621741185733,-127.55969785765839,-55.892458301099225,0,0,5.2,52.4403021423416,20260115-114632,0.0,0.0
29.231136803191628,0.5264057040203558,-126.4123898353266,-55.529673367789485,0,0,5.2,53.587610164673414,20260115-114632,0.0,0.0
27.387222756051468,0.49712807678646787,-125.11000837960296,-55.090879060961065,0,0,5.2,54.88999162039704,20260115-114632,0.0,0.0
25.559496641842156,0.46851599487706025,-123.620499377857,-54.554160202255275,0,0,5.2,56.379500622143,20260115-114632,0.0,0.0
23.75169580664032,0.44074792666381135,-121.9029365555385,-53.88952362504785,0,0,5.2,58.097063444461504,20260115-114632,0.0,0.0
21.968739736500325,0.4140724131776179,-119.90453483224344,-53.05530877536812,0,0,5.2,60.09546516775656,20260115-114632,0.0,0.0
20.217202683385235,0.38884620239920054,-117.55657936865047,-51.99279961754566,0,0,5.2,62.443420631349525,20260115-114632,0.0,0.0
18.50600794023789,0.3656003288865256,-114.76896916830242,-50.6181381089013,0,0,5.2,65.23103083169758,20260115-114632,0.0,0.0
16.8474526928938,0.3451613546201212,-111.42321244333628,-48.810367868198405,0,0,5.2,68.57678755666372,20260115-114632,0.0,0.0
15.258711656182479,0.32889017448602037,-107.36433725326555,-46.3945500349116,0,0,5.2,72.63566274673445,20260115-114632,0.0,0.0
13.763981523738742,0.3191970242254916,-102.39409709184679,-43.12064486545901,0,0,5.2,77.60590290815321,20260115-114632,0.0,0.0
12.397313425787129,0.3207943894238563,-96.27271683500652,-38.64566786237312,0,0,5.2,83.72728316499348,20260115-114632,0.0,0.0
11.20566195191788,0.3443082440900502,-88.74645925917679,-32.54543608600658,0,0,5.2,91.25354074082321,20260115-114632,0.0,0.0
10.250250055300905,0.4197938663348537,-79.63147410005288,-24.417341169831833,0,0,5.2,100.36852589994712,20260115-114632,0.0,0.0
9.60185812349934,0.6785353039829701,-68.97753161952939,-14.15086004683454,0,0,5.2,111.02246838047061,20260115-114632,0.0,0.0
9.324753051073376,4.050780973573223,-57.251861768968766,-2.301964266127167,0,0,5.2,122.74813823103123,20260115-114632,0.0,0.0
9.451647809523593,0.9611550454101454,-45.33713069841127,9.83363491109842,0,0,5.2,134.66286930158873,20260115-114632,0.0,0.0
9.967123957246638,0.47910273492740424,-34.200464742883355,20.803730036642143,0,0,5.2,145.79953525711664,20260115-114632,0.0,0.0
10.815764441547605,0.36356226387095714,-24.48303360258342,29.7494143819793,0,0,5.2,155.51696639741658,20260115-114632,0.0,0.0
11.926661215237447,0.3261219442192674,-16.373997570304823,36.57117046750642,0,0,5.2,163.62600242969518,20260115-114632,0.0,0.0
13.23393448083867,0.31809477318332224,-9.754068570334596,41.60374704809053,0,0,5.2,170.2459314296654,20260115-114632,0.0,0.0
14.685233493386821,0.32429946254788,-4.381756596764916,45.28294119888859,0,0,5.2,175.61824340323508,20260115-114632,0.0,0.0
16.24199588965369,0.3384686624472376,-0.006571819511123067,47.98670509765608,0,0,5.2,179.99342818048888,20260115-114632,0.0,0.0
17.876690549870872,0.35754395462848354,3.586390479586612,49.99858148474687,0,0,5.2,-176.4136095204134,20260115-114632,0.0,0.0
19.56979781102083,0.3798551576466946,6.5677684940649215,51.51910515645231,0,0,5.2,-173.43223150593508,20260115-114632,0.0,0.0
21.307397647875884,0.4044129365428107,9.068779943916354,52.68723060648261,0,0,5.2,-170.93122005608365,20260115-114632,0.0,0.0
23.079443006651086,0.4305939571010474,11.18927818666873,53.59908708898819,0,0,5.2,-168.8107218133313,20260115-114632,0.0,0.0
24.878574542804547,0.45798596335133346,13.005280526184265,54.32169658815398,0,0,5.2,-166.99471947381576,20260115-114632,0.0,0.0
26.699317217460585,0.48630540481213413,14.575004118734341,54.90236578344192,0,0,5.2,-165.4249958812657,20260115-114632,0.0,0.0
28.537534849516522,0.5153508458702196,15.943423391961574,55.37496460557495,0,0,5.2,-164.0565766080384,20260115-114632,0.0,0.0
30.390056556515827,0.544975247460785,17.145628054503902,55.764104329715664,0,0,5.2,-162.8543719454961,20260115-114632,0.0,0.0
32.254417783323404,0.5750687664494345,18.209278027818186,56.087931852858716,0,0,5.2,-161.7907219721818,20260115-114632,0.0,0.0
34.12867829826091,0.60554769356778,19.15639933231637,56.36001699086783,0,0,5.2,-160.84360066768363,20260115-114632,0.0,0.0
36.01129246560417,0.6363471175427947,20.004704655089768,56.590642862749185,0,0,5.2,-159.99529534491023,20260115-114632,0.0,0.0
37.901015481282975,0.6674159289205164,20.768571770519884,56.78769990189531,0,0,5.2,-159.23142822948014,20260115-114632,0.0,0.0
39.796834683096364,0.6987133369363876,21.459774843735204,56.95731364967427,0,0,5.2,-158.5402251562648,20260115-114632,0.0,0.0
41.697918579792805,0.7302063905367729,22.088036129004877,57.10429149920308,0,0,5.2,-157.9119638709951,20260115-114632,0.0,0.0
43.60357856635664,0.7618681813008292,22.66144610268543,57.23244471492037,0,0,5.2,-157.3385538973146,20260115-114632,0.0,0.0
45.51323983754529,0.7936765190209855,23.186786385344362,57.34482342212506,0,0,5.2,-156.8132136146556,20260115-114632,0.0,0.0
47.426419051405105,0.8256129409970835,23.669780191098425,57.443890104397774,0,0,5.2,-156.33021980890157,20260115-114632,0.0,0.0
49.342707002971785,0.857661960897809,24.11528825929554,57.53164912586231,0,0,5.2,-155.8847117407045,20260115-114632,0.0,0.0
51.26175505710703,0.8898104922217179,24.527463410963207,57.609744440205944,0,0,5.2,-155.4725365890368,20260115-114632,0.0,0.0
53.18326443065181,0.9220474007745443,24.909873432982295,57.679534030437544,0,0,5.2,-155.09012656701773,20260115-114632,0.0,0.0
55.10697765508926,0.9543631536911386,25.26559951544357,57.74214715012309,0,0,5.2,-154.73440048455643,20260115-114632,0.0,0.0
57.03267172304361,0.9867495415464154,25.59731566836905,57.79852872661393,0,0,5.2,-154.40268433163095,20260115-114632,0.0,0.0
58.96015254619417,1.0191994563938744,25.907353226383634,57.84947409097592,0,0,5.2,-154.09264677361637,20260115-114632,0.0,0.0
60.889250442788295,1.0517067130259994,26.197753577094034,57.895656354228336,0,0,5.2,-153.80224642290597,20260115-114632,0.0,0.0
62.8198164396457,1.0842659039459799,26.470311524828446,57.937648146109645,0,0,5.2,-153.52968847517155,20260115-114632,0.0,0.0
64.75171922311439,1.1168722808589888,26.726611158170044,57.975938997531316,0,0,5.2,-153.27338884182998,20260115-114632,0.0,0.0
66.68484261059167,1.1495216571928046,26.96805567907859,58.01094933125466,0,0,5.2,-153.03194432092144,20260115-114632,0.0,0.0
68.61908344230343,1.1822103274192461,27.195892338690726,58.043041792823985,0,0,5.2,-152.80410766130927,20260115-114632,0.0,0.0
70.55434981442532,1.2149349998924805,27.41123338506884,58.07253048160539,0,0,5.2,-152.58876661493116,20260115-114632,0.0,0.0
72.49055959104518,1.2476927406339222,27.615073742995776,58.09968851322682,0,0,5.2,-152.38492625700422,20260115-114632,0.0,0.0
74.42763914515578,1.2804809260372418,27.808306001993856,58.12475424799191,0,0,5.2,-152.19169399800617,20260115-114632,0.0,0.0
76.36552228874137,1.3132972028847036,27.991733176189257,58.14793644652696,0,0,5.2,-152.00826682381074,20260115-114632,0.0,0.0
78.30414935975656,1.346139454389312,28.166079611087696,58.169418557960576,0,0,5.2,-151.8339203889123,20260115-114632,0.0,0.0
80.24346643989124,1.3790057712292454,28.33200034224444,58.189362302930924,0,0,5.2,-151.66799965775553,20260115-114632,0.0,0.0
82.18342468184758,1.4118944267387992,28.49008915505351,58.20791068045737,0,0,5.2,-151.5099108449465,20260115-114632,0.0,0.0
84.1239797287073,1.444803855576225,28.640885550271037,58.22519050183216,0,0,5.2,-151.35911444972893,20260115-114632,0.0,0.0
86.06509121105418,1.4777326353129578,28.78488078402728,58.241314534430046,0,0,5.2,-151.21511921597272,20260115-114632,0.0,0.0
88.00672231000466,1.5106794704878903,28.9225231221036,58.256383322388,0,0,5.2,-151.07747687789637,20260115-114632,0.0,0.0
89.94883937631185,1.5436431787500462,29.05422242473469,58.27048673848788,0,0,5.2,-150.94577757526534,20260115-114632,0.0,0.0
91.89141159734626,1.576622678777357,29.180354159016417,58.28370531153746,0,0,5.2,-150.81964584098358,20260115-114632,0.0,0.0
93.8344107050944,1.6096169797115234,29.3012629202982,58.29611136551968,0,0,5.2,-150.69873707970183,20260115-114632,0.0,0.0
95.77781071941374,1.6426251718915383,29.41726553102376,58.307770000335715,0,0,5.2,-150.58273446897627,20260115-114632,0.0,0.0
97.72158772168733,1.6756464187033728,29.528653774825443,58.318739938766434,0,0,5.2,-150.47134622517459,20260115-114632,0.0,0.0
99.66571965476945,1.7086799493920668,29.635696814840344,58.329074260062356,0,0,5.2,-150.36430318515963,20260115-114632,0.0,0.0
101.61018614573462,1.7417250527061934,29.73864333786878,58.338821037142736,0,0,5.2,-150.2613566621312,20260115-114632,0.0,0.0
103.55496834846052,1.7747810712643775,29.837723459859376,58.34802389158151,0,0,5.2,-150.1622765401406,20260115-114632,0.0,0.0
105.50004880350795,1.807847396549936,29.933150423067445,58.35672247825916,0,0,5.2,-150.06684957693258,20260115-114632,0.0,0.0
107.44541131312465,1.8409234644534282,30.025122110913117,58.364952909666606,0,0,5.2,-149.9748778890869,20260115-114632,0.0,0.0
109.39104082950573,1.8740087512943957,30.11382240292528,58.37274812828291,0,0,5.2,-149.88617759707472,20260115-114632,0.0,0.0
111.33692335470171,1.9071027702632477,30.199422389077313,58.380138234151524,0,0,5.2,-149.80057761092266,20260115-114632,0.0,0.0
113.28304585078446,1.9402050682324221,30.28208146020836,58.38715077370058,0,0,5.2,-149.7179185397916,20260115-114632,0.0,0.0
115.22939615906708,1.9733152228928728,30.361948289002214,58.39381099495154,0,0,5.2,-149.6380517109978,20260115-114632,0.0,0.0
117.17596292733245,2.0064328401778018,30.43916171410001,58.40014207350634,0,0,5.2,-149.56083828589996,20260115-114632,0.0,0.0
119.12273554416063,2.0395575519405793,30.51385153830188,58.40616531306941,0,0,5.2,-149.48614846169812,20260115-114632,0.0,0.0
121.06970407956135,2.0726890138580645,30.586139250421013,58.41190032372703,0,0,5.2,-149.413860749579,20260115-114632,0.0,0.0
120.78593589288562,1.5619846066952707,44.214430070993785,-77.32850591174224,0,0,5.2,-135.78556992900624,20260115-114632,0.0,0.0
118.23264131699584,1.558699070280394,43.05223617121169,-75.85341107294495,0,0,5.2,-136.94776382878834,20260115-114632,0.0,0.0
115.73012755391682,1.5580130044671987,41.8392630203665,-74.28059151116881,0,0,5.2,-138.16073697963353,20260115-114632,0.0,0.0
113.28176005905658,1.56027898506578,40.57326947987491,-72.60352869155686,0,0,5.2,-139.4267305201251,20260115-114632,0.0,0.0
110.89112538020716,1.5659163686758992,39.252021662875904,-70.81548389073549,0,0,5.2,-140.74797833712407,20260115-114632,0.0,0.0
108.56203757151634,1.5754278896328144,37.87332188629762,-68.90955675338395,0,0,5.2,-142.1266781137024,20260115-114632,0.0,0.0
106.29854233642703,1.5894214656363597,36.43504372013308,-66.8787635215862,0,0,5.2,-143.56495627986695,20260115-114632,0.0,0.0
104.10491819120922,1.6086392244257384,34.93517372682345,-64.71613809390556,0,0,5.2,-145.06482627317652,20260115-114632,0.0,0.0
101.98567383670562,1.6339967043068635,33.37186036013327,-62.414858957728214,0,0,5.2,-146.62813963986676,20260115-114632,0.0,0.0
99.94554083016803,1.6666366468976135,31.743470287936532,-59.968404640695496,0,0,5.2,-148.25652971206347,20260115-114632,0.0,0.0
97.98946057266573,1.7080041384636464,30.0486520982912,-57.37073954680665,0,0,5.2,-149.95134790170877,20260115-114632,0.0,0.0
96.12256458495365,1.759953684625199,28.28640692668796,-54.61653077843578,0,0,5.2,-151.71359307331204,20260115-114632,0.0,0.0
94.35014705359238,1.8249052581382523,26.456164994054802,-51.70139470683937,0,0,5.2,-153.54383500594517,20260115-114632,0.0,0.0
92.67762870973648,1.9060776082700006,24.557866370598276,-48.62216958408782,0,0,5.2,-155.4421336294017,20260115-114632,0.0,0.0
91.11051127649533,2.007847474675653,22.592043497446355,-45.37720739530441,0,0,5.2,-157.40795650255365,20260115-114632,0.0,0.0
89.65432200651756,2.1363218076656314,20.559902147057926,-41.96667453602566,0,0,5.2,-159.44009785294207,20260115-114632,0.0,0.0
88.31454824326306,2.3002865153484935,18.463396653332893,-38.39284700144556,0,0,5.2,-161.53660334666708,20260115-114632,0.0,0.0
87.09656248069889,2.512856393868109,16.30529449218318,-34.66038198332088,0,0,5.2,-163.6947055078168,20260115-114632,0.0,0.0
86.00553905462299,2.7945157613579177,14.08922476820453,-30.776544632130104,0,0,5.2,-165.91077523179544,20260115-114632,0.0,0.0
85.04636434191421,3.1791408865021604,11.819705003120987,-26.75136691896854,0,0,5.2,-168.180294996879,20260115-114632,0.0,0.0
84.22354311627065,3.727082160620501,9.502140961498696,-22.597715716105583,0,0,5.2,-170.4978590385013,20260115-114632,0.0,0.0
83.04514406165124,1.1178249717644773,39.295121882793296,-74.29172380230975,0,0,5.2,-140.7048781172067,20260115-114632,0.0,0.0
80.59691435128339,1.1105113892699567,37.78045982838029,-72.57639600100572,0,0,5.2,-142.2195401716197,20260115-114632,0.0,0.0
78.20851280965542,1.1062107701553776,36.17210297908065,-70.69946787687694,0,0,5.2,-143.82789702091935,20260115-114632,0.0,0.0
75.88558869159664,1.1054786063223145,34.463863222844566,-68.64500882929919,0,0,5.2,-145.53613677715543,20260115-114632,0.0,0.0
73.63433905770152,1.1090158838453374,32.64947296660205,-66.39610859529449,0,0,5.2,-147.35052703339792,20260115-114632,0.0,0.0
71.46153810324222,1.1177200553418856,30.722716068081922,-63.935095162432,0,0,5.2,-149.27728393191808,20260115-114632,0.0,0.0
69.37455722323531,1.132759056140549,28.677602371753437,-61.24387781069971,0,0,5.2,-151.3223976282466,20260115-114632,0.0,0.0
67.38137111977602,1.1556815086693568,26.508592713880716,-58.30444686906727,0,0,5.2,-153.49140728611928,20260115-114632,0.0,0.0
65.4905442049785,1.1885855884971015,24.210879680956396,-55.099561057094384,0,0,5.2,-155.78912031904358,20260115-114632,0.0,0.0
63.71119060863423,1.234386528361691,21.780726114980382,-51.61364705850552,0,0,5.2,-158.21927388501962,20260115-114632,0.0,0.0
62.052900492220544,1.2972572291070765,19.215857814394553,-47.8339215229755,0,0,5.2,-160.78414218560542,20260115-114632,0.0,0.0
60.525625419712505,1.3833884678450723,16.515898688599123,-43.7517203782928,0,0,5.2,-163.48410131140085,20260115-114632,0.0,0.0
59.139516633292615,1.502376352077428,13.682825805694506,-39.363982634255905,0,0,5.2,-166.3171741943055,20260115-114632,0.0,0.0
57.90471263216719,1.6699370859588454,10.721409095422189,-34.67478692403518,0,0,5.2,-169.2785909045778,20260115-114632,0.0,0.0
56.83107675058121,1.9137114576593026,7.639587775642667,-29.69678449858496,0,0,5.2,-172.36041222435736,20260115-114632,0.0,0.0
55.92789148957133,2.287221951127181,4.448725912614577,-24.45232368551252,0,0,5.2,-175.55127408738545,20260115-114632,0.0,0.0
55.203523714798315,2.9094246268005746,1.163686852878925,-18.974034661796455,0,0,5.2,-178.83631314712107,20260115-114632,0.0,0.0
54.66508242757489,4.108717523006552,-2.197325529681933,-13.30465823495545,0,0,5.2,177.80267447031807,20260115-114632,0.0,0.0
54.31809703330038,7.246305197313299,-5.613189473541468,-7.495971471563165,0,0,5.2,174.38681052645853,20260115-114632,0.0,0.0
54.16624701829302,33.71092596267804,-9.060549113090616,-1.6067860929795112,0,0,5.2,170.93945088690938,20260115-114632,0.0,0.0
54.21117217877382,12.607697139863992,-12.514716485938067,4.299847274040613,0,0,5.2,167.48528351406193,20260115-114632,0.0,0.0
54.452385477303075,5.359517199879342,-15.950710920911888,10.159942294527752,0,0,5.2,164.0492890790881,20260115-114632,0.0,0.0
54.08326913195984,1.0833333333333335,-123.69006752597979,-49.92301766027062,0,0,5.2,56.309932474020215,20260115-114632,0.0,0.0
52.478567053607705,1.1333333333333335,-120.96375653207352,-46.304617988477375,0,0,5.2,59.03624346792648,20260115-114632,0.0,0.0
51.0,1.2041666666666668,-118.07248693585296,-42.35294117647058,0,0,5.2,61.92751306414704,20260115-114632,0.0,0.0
49.658836071740545,1.304761904761905,-115.01689347810002,-38.05969187980114,0,0,5.2,64.98310652189998,20260115-114632,0.0,0.0
48.46648326421054,1.4500000000000006,-111.80140948635182,-33.42516087186932,0,0,5.2,68.19859051364818,20260115-114632,0.0,0.0
47.43416490252569,1.666666666666667,-108.43494882292201,-28.460498941515407,0,0,5.2,71.56505117707799,20260115-114632,0.0,0.0
46.57252408878007,2.008333333333334,-104.93141717813755,-23.1896385504299,0,0,5.2,75.06858282186245,20260115-114632,0.0,0.0
45.89117562233506,2.600000000000001,-101.30993247402021,-17.650452162436554,0,0,5.2,78.69006752597979,20260115-114632,0.0,0.0
45.39823785126467,3.81666666666667,-97.59464336859143,-11.894734808191606,0,0,5.2,82.40535663140857,20260115-114632,0.0,0.0
45.09988913511872,7.5333333333333465,-93.81407483429035,-5.986710947139643,0,0,5.2,86.18592516570965,20260115-114632,0.0,0.0
45.0,45000000.0,-90.0,1.102182119232618e-14,0,0,5.2,90.0,20260115-114632,0.0,0.0
45.09988913511872,7.533333333333318,-86.18592516570963,5.986710947139666,0,0,5.2,93.81407483429037,20260115-114632,0.0,0.0
45.39823785126467,3.8166666666666638,-82.40535663140855,11.894734808191625,0,0,5.2,97.59464336859145,20260115-114632,0.0,0.0
45.89117562233506,2.5999999999999988,-78.69006752597979,17.650452162436572,0,0,5.2,101.30993247402021,20260115-114632,0.0,0.0
46.57252408878007,2.0083333333333324,-75.06858282186245,23.189638550429923,0,0,5.2,104.93141717813755,20260115-114632,0.0,0.0
47.43416490252569,1.6666666666666659,-71.56505117707798,28.460498941515425,0,0,5.2,108.43494882292202,20260115-114632,0.0,0.0
48.46648326421054,1.4499999999999997,-68.19859051364818,33.425160871869345,0,0,5.2,111.80140948635182,20260115-114632,0.0,0.0
49.658836071740545,1.3047619047619043,-64.98310652189996,38.05969187980116,0,0,5.2,115.01689347810004,20260115-114632,0.0,0.0
51.0,1.2041666666666666,-61.927513064147035,42.352941176470594,0,0,5.2,118.07248693585296,20260115-114632,0.0,0.0
52.478567053607705,1.133333333333333,-59.03624346792648,46.304617988477396,0,0,5.2,120.96375653207352,20260115-114632,0.0,0.0
54.08326913195984,1.083333333333333,-56.309932474020215,49.92301766027063,0,0,5.2,123.69006752597979,20260115-114632,0.0,0.0
55.80322571321482,1.0484848484848484,-53.7461622625552,53.22272972647657,0,0,5.2,126.2538377374448,20260115-114632,0.0,0.0
57.62811813689564,1.025,-51.34019174590989,56.22255427989819,0,0,5.2,128.6598082540901,20260115-114632,0.0,0.0
59.54829972383762,1.01025641025641,-49.085616779974885,58.94374845760578,0,0,5.2,130.91438322002512,20260115-114632,0.0,0.0
61.554853586049575,1.0023809523809524,-46.97493401088198,61.408642532401004,0,0,5.2,133.02506598911802,20260115-114632,0.0,0.0
63.63961030678928,1.0,-45.0,63.63961030678928,0,0,5.2,135.0,20260115-114632,0.0,0.0
65.79513659838392,1.002083333333333,-43.152389734005396,65.65834837260768,0,0,5.2,136.8476102659946,20260115-114632,0.0,0.0
68.01470429252781,1.007843137254902,-41.42366562500263,67.48540698285834,0,0,5.2,138.57633437499737,20260115-114632,0.0,0.0
70.2922470831599,1.0166666666666666,-39.80557109226518,69.13991516376383,0,0,5.2,140.19442890773482,20260115-114632,0.0,0.0
72.62231062146122,1.0280701754385964,-38.290163192243085,70.63944889800837,0,0,5.2,141.70983680775691,20260115-114632,0.0,0.0
75.0,1.0416666666666665,-36.86989764584402,72.00000000000001,0,0,5.2,143.13010235415598,20260115-114632,0.0,0.0
77.42092740338364,1.057142857142857,-35.537677791974374,73.23601240860616,0,0,5.2,144.46232220802563,20260115-114632,0.0,0.0
79.88116173416608,1.0742424242424242,-34.28687697720895,74.3604608526793,0,0,5.2,145.71312302279105,20260115-114632,0.0,0.0
82.37718130647589,1.0927536231884056,-33.111341960372016,75.38495371547529,0,0,5.2,146.88865803962798,20260115-114632,0.0,0.0
84.90583018850944,1.1125,-32.00538320808349,76.31984736045793,0,0,5.2,147.9946167919165,20260115-114632,0.0,0.0
87.46427842267951,1.1333333333333333,-30.963756532073518,77.17436331412898,0,0,5.2,149.03624346792648,20260115-114632,0.0,0.0
90.0499861188218,1.1551282051282048,-29.98163936884933,77.95670274437406,0,0,5.2,150.01836063115067,20260115-114632,0.0,0.0
92.66067126888301,1.1777777777777778,-29.054604099077153,78.67415485093841,0,0,5.2,150.94539590092285,20260115-114632,0.0,0.0
95.29428104561154,1.2011904761904757,-28.178590109959146,79.3331973025904,0,0,5.2,151.82140989004085,20260115-114632,0.0,0.0
97.94896630388705,1.225287356321839,-27.34987578006988,79.9395878840354,0,0,5.2,152.65012421993012,20260115-114632,0.0,0.0
100.62305898749054,1.25,-26.565051177078004,80.49844718999243,0,0,5.2,153.434948822922,20260115-114632,0.0,0.0
103.31505214633539,1.2752688172043012,-25.82099197418927,81.01433262739621,0,0,5.2,154.17900802581073,20260115-114632,0.0,0.0
105.24656763999515,9.496604938264937,176.07728710948675,-11.082546691599457,0,0,5.2,-3.922712890513277,20260115-114632,0.0,0.0
105.01542743806749,37.81975308631211,179.01788283677297,-2.776734877099849,0,0,5.2,-0.9821171632270161,20260115-114632,0.0,0.0
105.06169615992292,18.92654320990355,-178.03634246595087,5.551024029837,0,0,5.2,1.9636575340491247,20260115-114632,0.0,0.0
105.38500842150133,7.617283950621596,-175.10090754621507,13.834984898114708,0,0,5.2,4.899092453784932,20260115-114632,0.0,0.0
105.98282879787578,4.814969135804141,-172.19100753970707,22.011112804397186,0,0,5.2,7.808992460292921,20260115-114632,0.0,0.0
106.85054983480333,3.5593714927056985,-169.32105280346764,30.01949924411504,0,0,5.2,10.678947196532361,20260115-114632,0.0,0.0
107.98166511033126,2.8561728395067005,-166.50426671920692,37.8064183009951,0,0,5.2,13.495733280793079,20260115-114632,0.0,0.0
109.36800263330987,2.4129266521426875,-163.75236842721702,45.325871193055406,0,0,5.2,16.24763157278297,20260115-114632,0.0,0.0
110.99999999999827,2.112654320987899,-161.07535558395136,52.54054054053364,0,0,5.2,18.924644416048626,20260115-114632,0.0,0.0
112.86700137772579,1.8994095544821954,-158.48139068261023,59.42215101076231,0,0,5.2,21.51860931738978,20260115-114632,0.0,0.0
114.95755738532154,1.7430674264008916,-155.97678420183271,65.95129691723251,0,0,5.2,24.023215798167293,20260115-114632,0.0,0.0
117.25971175130627,1.6259684972329649,-153.56606021767158,72.11684110169176,0,0,5.2,26.433939782328412,20260115-114632,0.0,0.0
119.76126251839271,1.5370756172840272,-151.2520857088627,77.91501027776874,0,0,5.2,28.747914291137317,20260115-114632,0.0,0.0
115.38337790858296,0.7925681196759466,-74.33843083595261,-145.58165417473413,0,0,5.2,105.66156916404739,20260115-114632,0.0,0.0
110.53126921385626,0.7594351095830054,-74.52926882922196,-145.5440600771636,0,0,5.2,105.47073117077804,20260115-114632,0.0,0.0
105.68049933334892,0.7263206128159267,-74.7376283681624,-145.5011705142558,0,0,5.2,105.2623716318376,20260115-114632,0.0,0.0
100.83126148945497,0.6932273201375773,-74.9660322796871,-145.4519442041668,0,0,5.2,105.0339677203129,20260115-114632,0.0,0.0
95.98378788447879,0.6601584703004085,-75.21751071704952,-145.39507133916024,0,0,5.2,104.78248928295048,20260115-114632,0.0,0.0
91.13836002825198,0.6271179970316576,-75.49573501587699,-145.32888620584623,0,0,5.2,104.50426498412301,20260115-114632,0.0,0.0
86.2953225239632,0.5941107260107426,-75.80519613371037,-145.25124483681316,0,0,5.2,104.19480386628963,20260115-114632,0.0,0.0
81.4551017388062,0.5611426428679857,-76.1514459414092,-145.15935078911713,0,0,5.2,103.8485540585908,20260115-114632,0.0,0.0
76.61823149833597,0.5282212639897166,-76.54142867904555,-145.04950239910747,0,0,5.2,103.45857132095445,20260115-114632,0.0,0.0
71.78538908075113,0.4953561592825264,-76.98394427322012,-144.91671847731752,0,0,5.2,103.01605572677988,20260115-114632,0.0,0.0
66.95744665013693,0.4625597048759837,-77.49030866164141,-144.75417107092977,0,0,5.2,102.50969133835859,20260115-114632,0.0,0.0
62.13554640643262,0.4298481930932959,-78.07531555600032,-144.5523033592152,0,0,5.2,101.92468444399968,20260115-114632,0.0,0.0
57.32121318879109,0.3972435145237159,-78.75867192296259,-144.2974173096763,0,0,5.2,101.24132807703741,20260115-114632,0.0,0.0
52.51652810813585,0.3647757885448327,-79.5672006919336,-143.96933611639994,0,0,5.2,100.4327993080664,20260115-114632,0.0,0.0
47.724405250555996,0.33248763093327977,-80.53832920758883,-143.53738548587646,0,0,5.2,99.46167079241117,20260115-114632,0.0,0.0
42.94904978453958,0.3004413847585088,-81.72581781499608,-142.95317477338057,0,0,5.2,98.27418218500392,20260115-114632,0.0,0.0
38.19675100266136,0.2687320292619851,-83.20956874066921,-142.13694998530897,0,0,5.2,96.79043125933079,20260115-114632,0.0,0.0
33.47732943071552,0.23751175166814129,-85.11325389564401,-140.950202234587,0,0,5.2,94.88674610435599,20260115-114632,0.0,0.0
28.806948352001484,0.20704065468693741,-87.63780937769583,-139.13667533345068,0,0,5.2,92.36219062230417,20260115-114632,0.0,0.0
130.0,130000000.0,-90.0,-1.8369701987210297e-14,0,0,4.0,-90.0,20260115-114632,0.0,0.0
125.0,0.8333333333333334,-90.0,-150.0,0,0,4.0,-90.0,20260115-114632,0.0,0.0
120.0,0.8,-90.0,-150.0,0,0,4.0,-90.0,20260115-114632,0.0,0.0
115.0,0.7666666666666667,-90.0,-150.0,0,0,4.0,-90.0,20260115-114632,0.0,0.0
110.0,0.7333333333333333,-90.0,-150.0,0,0,4.0,-90.0,20260115-114632,0.0,0.0
105.0,0.7,-90.0,-150.0,0,0,4.0,-90.0,20260115-114632,0.0,0.0
100.0,0.6666666666666666,-90.0,-150.0,0,0,4.0,-90.0,20260115-114632,0.0,0.0
95.0,0.6333333333333333,-90.0,-150.0,0,0,4.0,-90.0,20260115-114632,0.0,0.0
90.0,0.6,-90.0,-150.0,0,0,4.0,-90.0,20260115-114632,0.0,0.0
85.0,0.5666666666666667,-90.0,-150.0,0,0,4.0,-90.0,20260115-114632,0.0,0.0
80.0,0.5333333333333333,-90.0,-150.0,0,0,4.0,-90.0,20260115-114632,0.0,0.0
75.0,0.5,-90.0,-150.0,0,0,4.2,-90.0,20260115-114632,0.0,0.0
70.0,0.4666666666666667,-90.0,-150.0,0,0,4.2,-90.0,20260115-114632,0.0,0.0
65.0,0.43333333333333335,-90.0,-150.0,0,0,4.2,-90.0,20260115-114632,0.0,0.0
60.0,0.4,-90.0,-150.0,0,0,4.2,-90.0,20260115-114632,0.0,0.0
55.0,0.36666666666666664,-90.0,-150.0,0,0,4.1,-90.0,20260115-114632,0.0,0.0
