dist,ttc,heading_err,approach_speed,ammo,mines,threat_density,threat_angle,session_id,fire,drop_mine
500.0,500000000.0,0.0,0.0,0,0,0.1,0.0,20260331-161237,0.0,0.0
500.0,500000000.0,0.0,0.0,0,0,0.1,0.0,20260331-161237,0.0,0.0
500.0,500000000.0,0.0,0.0,0,0,0.1,0.0,20260331-161237,0.0,0.0
500.0,500000000.0,0.0,0.0,0,0,0.1,0.0,20260331-161237,0.0,0.0
500.0,500000000.0,0.0,0.0,0,0,0.1,0.0,20260331-161237,0.0,0.0
500.0,500000000.0,0.0,0.0,0,0,0.1,0.0,20260331-161237,0.0,0.0
500.0,500000000.0,0.0,0.0,0,0,0.1,0.0,20260331-161237,0.0,0.0
500.0,500000000.0,0.0,0.0,0,0,0.1,0.0,20260331-161237,0.0,0.0
500.0,500000000.0,0.0,0.0,0,0,0.1,0.0,20260331-161237,0.0,0.0
500.0,500000000.0,0.0,0.0,0,0,0.1,0.0,20260331-161237,0.0,0.0
500.0,500000000.0,0.0,0.0,0,0,0.1,0.0,20260331-161237,0.0,0.0
500.0,500000000.0,0.0,0.0,0,0,0.1,0.0,20260331-161237,0.0,0.0
500.0,500000000.0,0.0,0.0,0,0,0.1,0.0,20260331-161237,0.0,0.0
500.0,500000000.0,0.0,0.0,0,0,0.1,0.0,20260331-161237,0.0,0.0
500.0,500000000.0,0.0,0.0,0,0,0.1,0.0,20260331-161237,0.0,0.0
500.0,500000000.0,0.0,0.0,0,0,0.1,0.0,20260331-161237,0.0,0.0
500.0,500000000.0,0.0,0.0,0,0,0.1,0.0,20260331-161237,0.0,0.0
500.0,500000000.0,0.0,0.0,0,0,0.1,0.0,20260331-161237,0.0,0.0
500.0,500000000.0,0.0,0.0,0,0,0.1,0.0,20260331-161237,0.0,0.0
500.0,500000000.0,0.0,0.0,0,0,0.1,0.0,20260331-161237,0.0,0.0
500.0,500000000.0,0.0,0.0,0,0,0.1,0.0,20260331-161237,0.0,0.0
500.0,500000000.0,0.0,0.0,0,0,0.1,0.0,20260331-161237,0.0,0.0
500.0,500000000.0,0.0,0.0,0,0,0.1,0.0,20260331-161237,0.0,0.0
500.0,500000000.0,0.0,0.0,0,0,0.1,0.0,20260331-161237,0.0,0.0
500.0,500000000.0,0.0,0.0,0,0,0.1,0.0,20260331-161237,0.0,0.0
500.0,500000000.0,0.0,0.0,0,0,0.1,0.0,20260331-161237,0.0,0.0
500.0,500000000.0,0.0,0.0,0,0,0.1,0.0,20260331-161237,0.0,0.0
500.0,500000000.0,0.0,0.0,0,0,0.1,0.0,20260331-161237,0.0,0.0
500.0,500000000.0,0.0,0.0,0,0,0.1,0.0,20260331-161237,0.0,0.0
500.0,500000000.0,0.0,0.0,0,0,0.1,0.0,20260331-161237,0.0,0.0
500.0,500000000.0,0.0,0.0,0,0,0.1,0.0,20260331-161237,0.0,0.0
500.0,500000000.0,0.0,0.0,0,0,0.1,0.0,20260331-161237,0.0,0.0
500.0,500000000.0,0.0,0.0,0,0,0.1,0.0,20260331-161237,0.0,0.0
500.0,500000000.0,0.0,0.0,0,0,0.1,0.0,20260331-161237,0.0,0.0
500.0,500000000.0,0.0,0.0,0,0,0.1,0.0,20260331-161237,0.0,0.0
500.0,500000000.0,0.0,0.0,0,0,0.1,0.0,20260331-161237,0.0,0.0
500.0,500000000.0,0.0,0.0,0,0,0.1,0.0,20260331-161237,0.0,0.0
500.0,500000000.0,0.0,0.0,0,0,0.1,0.0,20260331-161237,0.0,0.0
500.0,500000000.0,0.0,0.0,0,0,0.1,0.0,20260331-161237,0.0,0.0
500.0,500000000.0,0.0,0.0,0,0,0.1,0.0,20260331-161237,0.0,0.0
500.0,500000000.0,0.0,0.0,0,0,0.1,0.0,20260331-161237,0.0,0.0
500.0,500000000.0,0.0,0.0,0,0,0.1,0.0,20260331-161237,0.0,0.0
500.0,500000000.0,0.0,0.0,0,0,0.1,0.0,20260331-161237,0.0,0.0
500.0,500000000.0,0.0,0.0,0,0,0.1,0.0,20260331-161237,0.0,0.0
500.0,500000000.0,0.0,0.0,0,0,0.1,0.0,20260331-161237,0.0,0.0
500.0,500000000.0,0.0,0.0,0,0,0.1,0.0,20260331-161237,0.0,0.0
500.0,500000000.0,0.0,0.0,0,0,0.1,0.0,20260331-161237,0.0,0.0
500.0,500000000.0,0.0,0.0,0,0,0.1,0.0,20260331-161237,0.0,0.0
500.0,500000000.0,0.0,0.0,0,0,0.1,0.0,20260331-161237,0.0,0.0
500.0,500000000.0,0.0,0.0,0,0,0.1,0.0,20260331-161237,0.0,0.0
500.0,500000000.0,0.0,0.0,0,0,0.1,0.0,20260331-161237,0.0,0.0
500.0,500000000.0,0.0,0.0,0,0,0.1,0.0,20260331-161237,0.0,0.0
500.0,500000000.0,0.0,0.0,0,0,0.1,0.0,20260331-161237,0.0,0.0
500.0,500000000.0,0.0,0.0,0,0,0.1,0.0,20260331-161237,0.0,0.0
500.0,500000000.0,0.0,0.0,0,0,0.1,0.0,20260331-161237,0.0,0.0
500.0,500000000.0,0.0,0.0,0,0,0.1,0.0,20260331-161237,0.0,0.0
500.0,500000000.0,0.0,0.0,0,0,0.1,0.0,20260331-161237,0.0,0.0
500.0,500000000.0,0.0,0.0,0,0,0.1,0.0,20260331-161237,0.0,0.0
500.0,500000000.0,0.0,0.0,0,0,0.1,0.0,20260331-161237,0.0,0.0
500.0,500000000.0,0.0,0.0,0,0,0.1,0.0,20260331-161237,0.0,0.0
500.0,500000000.0,0.0,0.0,0,0,0.1,0.0,20260331-161237,0.0,0.0
500.0,500000000.0,0.0,0.0,0,0,0.1,0.0,20260331-161237,0.0,0.0
500.0,500000000.0,0.0,0.0,0,0,0.1,0.0,20260331-161237,0.0,0.0
500.0,500000000.0,0.0,0.0,0,0,0.1,0.0,20260331-161237,0.0,0.0
500.0,500000000.0,0.0,0.0,0,0,0.1,0.0,20260331-161237,0.0,0.0
500.0,500000000.0,0.0,0.0,0,0,0.1,0.0,20260331-161237,0.0,0.0
500.0,500000000.0,0.0,0.0,0,0,0.1,0.0,20260331-161237,0.0,0.0
500.0,500000000.0,0.0,0.0,0,0,0.1,0.0,20260331-161237,0.0,0.0
500.0,500000000.0,0.0,0.0,0,0,0.1,0.0,20260331-161237,0.0,0.0
500.0,500000000.0,0.0,0.0,0,0,0.1,0.0,20260331-161237,0.0,0.0
500.0,500000000.0,0.0,0.0,0,0,0.1,0.0,20260331-161237,0.0,0.0
500.0,500000000.0,0.0,0.0,0,0,0.1,0.0,20260331-161237,0.0,0.0
500.0,500000000.0,0.0,0.0,0,0,0.1,0.0,20260331-161237,0.0,0.0
500.0,500000000.0,0.0,0.0,0,0,0.1,0.0,20260331-161237,0.0,0.0
500.0,500000000.0,0.0,0.0,0,0,0.1,0.0,20260331-161237,0.0,0.0
500.0,500000000.0,0.0,0.0,0,0,0.1,0.0,20260331-161237,0.0,0.0
500.0,500000000.0,0.0,0.0,0,0,0.1,0.0,20260331-161237,0.0,0.0
500.0,500000000.0,0.0,0.0,0,0,0.1,0.0,20260331-161237,0.0,0.0
500.0,500000000.0,0.0,0.0,0,0,0.1,0.0,20260331-161237,0.0,0.0
500.0,500000000.0,0.0,0.0,0,0,0.1,0.0,20260331-161237,0.0,0.0
500.0,500000000.0,0.0,0.0,0,0,0.1,0.0,20260331-161237,0.0,0.0
500.0,500000000.0,0.0,0.0,0,0,0.1,0.0,20260331-161237,0.0,0.0
500.0,500000000.0,0.0,0.0,0,0,0.1,0.0,20260331-161237,0.0,0.0
500.0,500000000.0,0.0,0.0,0,0,0.1,0.0,20260331-161237,0.0,0.0
500.0,500000000.0,0.0,0.0,0,0,0.1,0.0,20260331-161237,0.0,0.0
500.0,500000000.0,0.0,0.0,0,0,0.1,0.0,20260331-161237,0.0,0.0
500.0,500000000.0,0.0,0.0,0,0,0.1,0.0,20260331-161237,0.0,0.0
500.0,500000000.0,0.0,0.0,0,0,0.1,0.0,20260331-161237,0.0,0.0
500.0,500000000.0,0.0,0.0,0,0,0.1,0.0,20260331-161237,0.0,0.0
500.0,500000000.0,0.0,0.0,0,0,0.1,0.0,20260331-161237,0.0,0.0
500.0,500000000.0,0.0,0.0,0,0,0.1,0.0,20260331-161237,0.0,0.0
500.0,500000000.0,0.0,0.0,0,0,0.1,0.0,20260331-161237,0.0,0.0
500.0,500000000.0,0.0,0.0,0,0,0.1,0.0,20260331-161237,0.0,0.0
500.0,500000000.0,0.0,0.0,0,0,0.1,0.0,20260331-161237,0.0,0.0
500.0,500000000.0,0.0,0.0,0,0,0.1,0.0,20260331-161237,0.0,0.0
500.0,500000000.0,0.0,0.0,0,0,0.1,0.0,20260331-161237,0.0,0.0
500.0,500000000.0,0.0,0.0,0,0,0.1,0.0,20260331-161237,0.0,0.0
500.0,500000000.0,0.0,0.0,0,0,0.1,0.0,20260331-161237,0.0,0.0
500.0,500000000.0,0.0,0.0,0,0,0.1,0.0,20260331-161237,0.0,0.0
500.0,500000000.0,0.0,0.0,0,0,0.1,0.0,20260331-161237,0.0,0.0
500.0,500000000.0,0.0,0.0,0,0,0.1,0.0,20260331-161237,0.0,0.0
500.0,500000000.0,0.0,0.0,0,0,0.1,0.0,20260331-161237,0.0,0.0
500.0,500000000.0,0.0,0.0,0,0,0.1,0.0,20260331-161237,0.0,0.0
500.0,500000000.0,0.0,0.0,0,0,0.1,0.0,20260331-161237,0.0,0.0
500.0,500000000.0,0.0,0.0,0,0,0.1,0.0,20260331-161237,0.0,0.0
500.0,500000000.0,0.0,0.0,0,0,0.1,0.0,20260331-161237,0.0,0.0
500.0,500000000.0,0.0,0.0,0,0,0.1,0.0,20260331-161237,0.0,0.0
500.0,500000000.0,0.0,0.0,0,0,0.1,0.0,20260331-161237,0.0,0.0
500.0,500000000.0,0.0,0.0,0,0,0.1,0.0,20260331-161237,0.0,0.0
500.0,500000000.0,0.0,0.0,0,0,0.1,0.0,20260331-161237,0.0,0.0
500.0,500000000.0,0.0,0.0,0,0,0.1,0.0,20260331-161237,0.0,0.0
500.0,500000000.0,0.0,0.0,0,0,0.1,0.0,20260331-161237,0.0,0.0
500.0,500000000.0,0.0,0.0,0,0,0.1,0.0,20260331-161237,0.0,0.0
500.0,500000000.0,0.0,0.0,0,0,0.1,0.0,20260331-161237,0.0,0.0
500.0,500000000.0,0.0,0.0,0,0,0.1,0.0,20260331-161237,0.0,0.0
500.0,500000000.0,0.0,0.0,0,0,0.1,0.0,20260331-161237,0.0,0.0
500.0,500000000.0,0.0,0.0,0,0,0.1,0.0,20260331-161237,0.0,0.0
500.0,500000000.0,0.0,0.0,0,0,0.1,0.0,20260331-161237,0.0,0.0
500.0,500000000.0,0.0,0.0,0,0,0.1,0.0,20260331-161237,0.0,0.0
500.0,500000000.0,0.0,0.0,0,0,0.1,0.0,20260331-161237,0.0,0.0
500.0,500000000.0,0.0,0.0,0,0,0.1,0.0,20260331-161237,0.0,0.0
500.0,500000000.0,0.0,0.0,0,0,0.1,0.0,20260331-161237,0.0,0.0
500.0,500000000.0,0.0,0.0,0,0,0.1,0.0,20260331-161237,0.0,0.0
500.0,500000000.0,0.0,0.0,0,0,0.1,0.0,20260331-161237,0.0,0.0
500.0,500000000.0,0.0,0.0,0,0,0.1,0.0,20260331-161237,0.0,0.0
500.0,500000000.0,0.0,0.0,0,0,0.1,0.0,20260331-161237,0.0,0.0
500.0,500000000.0,0.0,0.0,0,0,0.1,0.0,20260331-161237,0.0,0.0
500.0,500000000.0,0.0,0.0,0,0,0.1,0.0,20260331-161237,0.0,0.0
500.0,500000000.0,0.0,0.0,0,0,0.1,0.0,20260331-161237,0.0,0.0
500.0,500000000.0,0.0,0.0,0,0,0.1,0.0,20260331-161237,0.0,0.0
500.0,500000000.0,0.0,0.0,0,0,0.1,0.0,20260331-161237,0.0,0.0
500.0,500000000.0,0.0,0.0,0,0,0.1,0.0,20260331-161237,0.0,0.0
500.0,500000000.0,0.0,0.0,0,0,0.1,0.0,20260331-161237,0.0,0.0
500.0,500000000.0,0.0,0.0,0,0,0.1,0.0,20260331-161237,0.0,0.0
500.0,500000000.0,0.0,0.0,0,0,0.1,0.0,20260331-161237,0.0,0.0
500.0,500000000.0,0.0,0.0,0,0,0.1,0.0,20260331-161237,0.0,0.0
500.0,500000000.0,0.0,0.0,0,0,0.1,0.0,20260331-161237,0.0,0.0
500.0,500000000.0,0.0,0.0,0,0,0.1,0.0,20260331-161237,0.0,0.0
500.0,500000000.0,0.0,0.0,0,0,0.1,0.0,20260331-161237,0.0,0.0
500.0,500000000.0,0.0,0.0,0,0,0.1,0.0,20260331-161237,0.0,0.0
500.0,500000000.0,0.0,0.0,0,0,0.1,0.0,20260331-161237,0.0,0.0
500.0,500000000.0,0.0,0.0,0,0,0.1,0.0,20260331-161237,0.0,0.0
500.0,500000000.0,0.0,0.0,0,0,0.1,0.0,20260331-161237,0.0,0.0
500.0,500000000.0,0.0,0.0,0,0,0.1,0.0,20260331-161237,0.0,0.0
500.0,500000000.0,0.0,0.0,0,0,0.1,0.0,20260331-161237,0.0,0.0
500.0,500000000.0,0.0,0.0,0,0,0.1,0.0,20260331-161237,0.0,0.0
500.0,500000000.0,0.0,0.0,0,0,0.1,0.0,20260331-161237,0.0,0.0
500.0,500000000.0,0.0,0.0,0,0,0.1,0.0,20260331-161237,0.0,0.0
500.0,500000000.0,0.0,0.0,0,0,0.1,0.0,20260331-161237,0.0,0.0
500.0,500000000.0,0.0,0.0,0,0,0.1,0.0,20260331-161237,0.0,0.0
500.0,500000000.0,0.0,0.0,0,0,0.1,0.0,20260331-161237,0.0,0.0
500.0,500000000.0,0.0,0.0,0,0,0.1,0.0,20260331-161237,0.0,0.0
500.0,500000000.0,0.0,0.0,0,0,0.1,0.0,20260331-161237,0.0,0.0
500.0,286.90056081084856,0.0,1.7427641081874579,0,0,0.3,0.0,20260331-161237,0.0,0.0
500.0457101909828,364.63839895392425,-0.004241135580059563,1.371346823662882,0,0,0.3,-0.004241135580069412,20260331-161237,0.0,0.0
500.09142312132707,364.6498838701538,-0.008481495826202945,1.3714289932405461,0,0,0.3,-0.008481495826198903,20260331-161237,0.0,0.0
500.13713879028177,364.6613753975429,-0.012721080904555038,1.3715111402874716,0,0,0.3,-0.012721080904542471,20260331-161237,0.0,0.0
500.1828571970959,364.6728735330912,-0.016959890981240733,1.371593264810546,0,0,0.3,-0.016959890981227323,20260331-161237,0.0,0.0
500.2285783410189,364.68437827380023,-0.0211979262223565,1.3716753668166555,0,0,0.3,-0.02119792622235387,20260331-161237,0.0,0.0
500.2743022213002,364.6958896166734,-0.02543518679399881,1.3717574463126834,0,0,0.3,-0.02543518679399572,20260331-161237,0.0,0.0
500.3200288371896,364.7074075587159,-0.029671672862207288,1.3718395033055117,0,0,0.5,-0.02967167286219966,20260331-161237,0.0,0.0
500.3657581879372,364.7189320969346,-0.03390738459299314,1.3719215378020204,0,0,0.5,-0.033907384592985666,20260331-161237,0.0,0.0
500.4114902727932,364.7304632283383,-0.03814232215233915,1.372003549809088,0,0,0.5,-0.038142322152346884,20260331-161237,0.0,0.0
500.45722509100796,364.7420009499378,-0.04237648570625652,1.3720855393335893,0,0,0.5,-0.04237648570624962,20260331-161237,0.0,0.0
500.5029626418323,364.7535452587453,-0.046609875420642766,1.3721675063823997,0,0,0.5,-0.04660987542063333,20260331-161237,0.0,0.0
500.5487029245171,364.76509615177514,-0.05084249146142383,1.3722494509623908,0,0,0.5,-0.05084249146141063,20260331-161237,0.0,0.0
500.5944459383135,364.77665362604307,-0.055074333994468816,1.3723313730804338,0,0,0.5,-0.05507433399446727,20260331-161237,0.0,0.0
500.6401916824729,364.78821767856715,-0.05930540318567523,1.3724132727433966,0,0,0.5,-0.05930540318566213,20260331-161237,0.0,0.0
500.68594015624694,364.799788306367,-0.06353569920082691,1.3724951499581455,0,0,0.5,-0.06353569920082722,20260331-161237,0.0,0.0
500.7316913588874,364.811365506464,-0.06776522220576453,1.3725770047315453,0,0,0.5,-0.06776522220576764,20260331-161237,0.0,0.0
500.7774452896464,364.8229492758813,-0.07199397236627192,1.3726588370704593,0,0,0.5,-0.07199397236626165,20260331-161237,0.0,0.0
500.82320194777617,364.8345396116439,-0.07622194984804764,1.3727406469817478,0,0,0.5,-0.07622194984806058,20260331-161237,0.0,0.0
500.8689613325293,364.8461365107787,-0.08044915481687553,1.3728224344722697,0,0,0.5,-0.08044915481688882,20260331-161237,0.0,0.0
500.91472344315855,364.85773997031436,-0.08467558743845416,1.372904199548882,0,0,0.5,-0.0846755874384439,20260331-161237,0.0,0.0
500.9604882789169,364.86934998728117,-0.08890124787839682,1.3729859422184398,0,0,0.5,-0.08890124787839643,20260331-161237,0.0,0.0
501.00625583905753,364.8809665587113,-0.09312613630240207,1.3730676624877964,0,0,0.5,-0.09312613630239001,20260331-161237,0.0,0.0
501.05202612283387,364.89258968163875,-0.09735025287605481,1.373149360363803,0,0,0.5,-0.0973502528760414,20260331-161237,0.0,0.0
501.09779912949966,364.9042193530994,-0.1015735977649399,1.3732310358533086,0,0,0.5,-0.10157359776494038,20260331-161237,0.0,0.0
501.14357485830874,364.9158555701307,-0.10579617113464224,1.373312688963161,0,0,0.5,-0.10579617113464974,20260331-161237,0.0,0.0
501.18935330851525,364.927498329772,-0.11001797315071826,1.3733943197002059,0,0,0.5,-0.11001797315070534,20260331-161237,0.0,0.0
501.2351344793735,364.93914762906445,-0.11423900397861075,1.3734759280712865,0,0,0.5,-0.1142390039786161,20260331-161237,0.0,0.0
501.2809183701382,364.95080346505097,-0.11845926378387617,1.3735575140832446,0,0,0.5,-0.11845926378386389,20260331-161237,0.0,0.0
501.326704980064,364.96246583477625,-0.12267875273190043,1.37363907774292,0,0,0.5,-0.12267875273190364,20260331-161237,0.0,0.0
501.37249430840603,364.9741347352868,-0.12689747098815474,1.3737206190571505,0,0,0.5,-0.12689747098816334,20260331-161237,0.0,0.0
501.41828635441954,364.98581016363073,-0.13111541871805343,1.3738021380327725,0,0,0.5,-0.13111541871804386,20260331-161237,0.0,0.0
501.46408111736,364.9974921168583,-0.1353325960869256,1.3738836346766192,0,0,0.5,-0.13533259608691917,20260331-161237,0.0,0.0
501.50987859648325,365.0091805920213,-0.13954900326012876,1.3739651089955234,0,0,0.5,-0.13954900326013614,20260331-161237,0.0,0.0
501.55567879104507,365.02087558617313,-0.1437646404030204,1.3740465609963153,0,0,0.5,-0.14376464040301473,20260331-161237,0.0,0.0
501.6014817003017,365.0325770963692,-0.14797950768084434,1.3741279906858233,0,0,0.7,-0.14797950768084775,20260331-161237,0.0,0.0
501.64728732350954,365.0442851196668,-0.15219360525890124,1.3742093980708732,0,0,0.7,-0.15219360525890108,20260331-161237,0.0,0.0
501.6930956599253,365.0559996531248,-0.15640693330240651,1.37429078315829,0,0,0.7,-0.15640693330241343,20260331-161237,0.0,0.0
501.7389067088057,365.0677206938037,-0.16061949197660397,1.3743721459548963,0,0,0.7,-0.1606194919765966,20260331-161237,0.0,0.0
501.78472046940794,365.0794482387661,-0.16483128144662373,1.3744534864675129,0,0,0.7,-0.16483128144663522,20260331-161237,0.0,0.0
501.8305369409893,365.09118228507623,-0.1690423018776812,1.374534804702958,0,0,0.7,-0.1690423018776869,20260331-161237,0.0,0.0
501.87635612280735,365.1029228298001,-0.1732525534348781,1.3746161006680488,0,0,0.7,-0.17325255343488216,20260331-161237,0.0,0.0
501.92217801411977,365.1146698700053,-0.17746203628331614,1.3746973743696005,0,0,0.6,-0.1774620362833245,20260331-161237,0.0,0.0
501.9680026141846,365.1264234027615,-0.181670750588097,1.374778625814426,0,0,0.6,-0.1816707505880902,20260331-161237,0.0,0.0
502.01382992226013,365.13818342513986,-0.18587869651423716,1.374859855009336,0,0,0.6,-0.1858786965142286,20260331-161237,0.0,0.0
502.0596599376047,365.1499499342134,-0.19008587422675305,1.3749410619611406,0,0,0.6,-0.19008587422676174,20260331-161237,0.0,0.0
502.1054926594771,365.16172292705716,-0.19429228389068953,1.3750222466766462,0,0,0.6,-0.19429228389068479,20260331-161237,0.0,0.0
502.1513280871361,365.17350240074734,-0.1984979256709778,1.375103409162659,0,0,0.6,-0.19849792567096564,20260331-161237,0.0,0.0
502.19716621984094,365.18528835236253,-0.202702799732549,1.3751845494259818,0,0,0.6,-0.202702799732545,20260331-161237,0.0,0.0
502.24300705685096,365.1970807789827,-0.20690690624033437,1.3752656674734167,0,0,0.6,-0.20690690624033667,20260331-161237,0.0,0.0
502.2888505974257,365.2088796776897,-0.21111024535923661,1.3753467633117633,0,0,0.6,-0.2111102453592271,20260331-161237,0.0,0.0
502.334696840825,365.2206850455671,-0.21531281725407325,1.375427836947819,0,0,0.6,-0.2153128172540757,20260331-161237,0.0,0.0
502.3805457863089,365.2324968797,-0.21951462208971861,1.3755088883883808,0,0,0.6,-0.21951462208971462,20260331-161237,0.0,0.0
502.42639743313765,365.24431517717585,-0.22371566003096177,1.3755899176402413,0,0,0.6,-0.223715660030949,20260331-161237,0.0,0.0
502.47225178057175,365.25613993508335,-0.22791593124256337,1.375670924710193,0,0,0.6,-0.22791593124255669,20260331-161237,0.0,0.0
502.51810882787186,365.26797115051295,-0.23211543588928407,1.3757519096050264,0,0,0.6,-0.23211543588928837,20260331-161237,0.0,0.0
502.56396857429905,365.27980882055704,-0.2363141741358561,1.3758328723315298,0,0,0.6,-0.23631417413586767,20260331-161237,0.0,0.0
502.6098310191144,365.2916529423097,-0.24051214614698324,1.3759138128964892,0,0,0.6,-0.24051214614699085,20260331-161237,0.0,0.0
502.65569616157927,365.3035035128669,-0.2447093520873409,1.3759947313066887,0,0,0.6,-0.24470935208732697,20260331-161237,0.0,0.0
502.70156400095533,365.3153605293258,-0.2489057921215192,1.3760756275689119,0,0,0.6,-0.24890579212151812,20260331-161237,0.0,0.0
502.74743453650444,365.32722398878605,-0.2531014664141651,1.3761565016899386,0,0,0.6,-0.25310146641417886,20260331-161237,0.0,0.0
502.79330776748867,365.33909388834866,-0.2572963751298971,1.3762373536765475,0,0,0.6,-0.25729637512989684,20260331-161237,0.0,0.0
502.8391836931703,365.3509702251162,-0.26149051843322013,1.3763181835355158,0,0,0.6,-0.2614905184332322,20260331-161237,0.0,0.0
502.8850623128119,365.3628529961934,-0.26568389648872426,1.3763989912736183,0,0,0.6,-0.265683896488718,20260331-161237,0.0,0.0
502.93094362567615,365.37474219868636,-0.2698765094608575,1.376479776897628,0,0,0.6,-0.26987650946086,20260331-161237,0.0,0.0
502.976827631026,365.38663782970315,-0.2740683575141247,1.3765605404143157,0,0,0.6,-0.27406835751413683,20260331-161237,0.0,0.0
503.0227143281248,365.3985398863534,-0.27825944081300236,1.3766412818304512,0,0,0.6,-0.27825944081299975,20260331-161237,0.0,0.0
503.0686037162359,365.4104483657487,-0.28244975952188156,1.3767220011528012,0,0,0.6,-0.28244975952187273,20260331-161237,0.0,0.0
503.1144957946229,365.4223632650021,-0.2866393138051535,1.3768026983881314,0,0,0.6,-0.2866393138051525,20260331-161237,0.0,0.0
503.1603905625497,365.4342845812286,-0.29082810382720936,1.3768833735432051,0,0,0.6,-0.2908281038272086,20260331-161237,0.0,0.0
503.2062880192804,365.4462123115446,-0.29501612975238345,1.3769640266247845,0,0,0.6,-0.29501612975238317,20260331-161237,0.0,0.0
503.2521881640794,365.45814645306893,-0.2992033917449817,1.3770446576396282,0,0,0.6,-0.29920339174499117,20260331-161237,0.0,0.0
503.2980909962113,365.4700870029214,-0.30338988996930993,1.3771252665944946,0,0,0.6,-0.3033898899693201,20260331-161237,0.0,0.0
503.34399651494067,365.48203395822367,-0.3075756245896173,1.37720585349614,0,0,0.6,-0.30757562458963034,20260331-161237,0.0,0.0
503.38990471953264,365.4939873160995,-0.3117605957701528,1.3772864183513178,0,0,0.6,-0.31176059577015475,20260331-161237,0.0,0.0
503.4358156092525,365.5059470736742,-0.3159448036751087,1.3773669611667798,0,0,0.6,-0.31594480367509914,20260331-161237,0.0,0.0
503.4817291833656,365.51791322807463,-0.32012824846864874,1.3774474819492766,0,0,0.6,-0.32012824846864174,20260331-161237,0.0,0.0
503.5276454411376,365.5298857764294,-0.32431093031493674,1.3775279807055567,0,0,0.6,-0.32431093031493363,20260331-161237,0.0,0.0
503.57356438183456,365.54186471586917,-0.3284928493781081,1.377608457442366,0,0,0.6,-0.3284928493780983,20260331-161237,0.0,0.0
503.6194860047225,365.55385004352604,-0.33267400582224127,1.3776889121664486,0,0,0.6,-0.3326740058222323,20260331-161237,0.0,0.0
503.6654103090678,365.56584175653376,-0.33685439981141485,1.3777693448845478,0,0,0.6,-0.3368543998114043,20260331-161237,0.0,0.0
503.71133729413697,365.5778398520277,-0.3410340315096505,1.3778497556034046,0,0,0.6,-0.34103403150965617,20260331-161237,0.0,0.0
503.7572669591969,365.58984432714556,-0.34521290108099834,1.3779301443297565,0,0,0.6,-0.34521290108100194,20260331-161237,0.0,0.0
503.80319930351465,365.60185517902624,-0.3493910086894232,1.3780105110703407,0,0,0.6,-0.3493910086894286,20260331-161237,0.0,0.0
503.84913432635733,365.6138724048101,-0.3535683544988899,1.3780908558318932,0,0,0.6,-0.3535683544988955,20260331-161237,0.0,0.0
503.8950720269926,365.62589600163994,-0.3577449386733349,1.3781711786211457,0,0,0.6,-0.3577449386733348,20260331-161237,0.0,0.0
503.94101240468797,365.63792596665974,-0.36192076137663776,1.37825147944483,0,0,0.6,-0.36192076137665113,20260331-161237,0.0,0.0
503.9869554587115,365.64996229701535,-0.3660958227727349,1.378331758309675,0,0,0.6,-0.36609582277272185,20260331-161237,0.0,0.0
504.0329011883313,365.6620049898541,-0.3702701230253922,1.3784120152224089,0,0,0.6,-0.3702701230253967,20260331-161237,0.0,0.0
504.0788495928158,365.6740540423256,-0.37444366229848924,1.3784922501897559,0,0,0.6,-0.3744436622984983,20260331-161237,0.0,0.0
504.1248006714335,365.6861094515804,-0.37861644075582035,1.3785724632184406,0,0,0.6,-0.37861644075582157,20260331-161237,0.0,0.0
504.1707544234533,365.69817121477143,-0.382788458561123,1.378652654315184,0,0,0.6,-0.38278845856113414,20260331-161237,0.0,0.0
504.2167108481442,365.71023932905297,-0.386959715878163,1.378732823486706,0,0,0.6,-0.3869597158781762,20260331-161237,0.0,0.0
504.2626699447755,365.72231379158103,-0.39113021287064953,1.3788129707397243,0,0,0.6,-0.3911302128706604,20260331-161237,0.0,0.0
504.30863171261666,365.7343945995133,-0.3952999497022631,1.3788930960809553,0,0,0.6,-0.3952999497022721,20260331-161237,0.0,0.0
504.3545961509374,365.74648175000914,-0.399468926536656,1.3789731995171128,0,0,0.6,-0.3994689265366691,20260331-161237,0.0,0.0
504.40056325900775,365.75857524022996,-0.40363714353748037,1.3790532810549085,0,0,0.6,-0.4036371435374818,20260331-161237,0.0,0.0
504.44653303609783,365.7706750673384,-0.40780460086830317,1.379133340701053,0,0,0.6,-0.40780460086831294,20260331-161237,0.0,0.0
504.49250548147796,365.78278122849883,-0.4119712986927482,1.3792133784622556,0,0,0.6,-0.4119712986927381,20260331-161237,0.0,0.0
504.53848059441884,365.7948937208778,-0.41613723717429707,1.3792933943452208,0,0,0.6,-0.41613723717430506,20260331-161237,0.0,0.0
504.58445837419123,365.8070125416429,-0.4203024164765452,1.3793733883566546,0,0,0.6,-0.4203024164765344,20260331-161237,0.0,0.0
504.6304388200663,365.819137687964,-0.4244668367629174,1.3794533605032588,0,0,0.6,-0.42446683676291885,20260331-161237,0.0,0.0
504.6764219313152,365.831269157012,-0.4286304981969238,1.3795333107917354,0,0,0.6,-0.4286304981969241,20260331-161237,0.0,0.0
504.7224077072095,365.8434069459602,-0.43279340094198915,1.3796132392287817,0,0,0.6,-0.4327934009419879,20260331-161237,0.0,0.0
504.768396147021,365.8555510519832,-0.4369555451615099,1.3796931458210953,0,0,0.6,-0.4369555451615208,20260331-161237,0.0,0.0
504.8143872500216,365.8677014722572,-0.4411169310189109,1.3797730305753715,0,0,0.6,-0.44111693101890553,20260331-161237,0.0,0.0
504.8603810154834,365.87985820396017,-0.4452775586775033,1.3798528934983034,0,0,0.6,-0.4452775586774976,20260331-161237,0.0,0.0
504.90637744267895,365.89202124427203,-0.4494374283006266,1.379932734596582,0,0,0.6,-0.4494374283006246,20260331-161237,0.0,0.0
504.9523765308807,365.9041905903739,-0.453596540051592,1.3800125538768968,0,0,0.6,-0.4535965400515871,20260331-161237,0.0,0.0
504.99837827936165,365.916366239449,-0.4577548940936538,1.3800923513459353,0,0,0.6,-0.45775489409365766,20260331-161237,0.0,0.0
505.04438268739483,365.92854818868216,-0.46191249059009465,1.3801721270103828,0,0,0.6,-0.46191249059008155,20260331-161237,0.0,0.0
505.09038975425347,365.9407364352595,-0.46606932970408366,1.3802518808769235,0,0,0.6,-0.4660693297040763,20260331-161237,0.0,0.0
505.1363994792111,365.95293097636926,-0.47022541159881825,1.3803316129522387,0,0,0.6,-0.4702254115988319,20260331-161237,0.0,0.0
505.1824118615415,365.9651318092011,-0.4743807364375243,1.3804113232430089,0,0,0.6,-0.474380736437511,20260331-161237,0.0,0.0
505.2284269005186,365.97733893094676,-0.4785353043832572,1.380491011755911,0,0,0.6,-0.47853530438324837,20260331-161237,0.0,0.0
283.50175367710636,6.645785718379192,-151.02089759589794,-42.65887672138912,0,0,0.6,-151.02089759589794,20260331-161237,0.0,0.0
282.0886902067675,6.696690912943628,-150.56578520256355,-42.12359415626237,0,0,0.6,-150.56578520256355,20260331-161237,0.0,0.0
280.69360354488987,6.7506459189637145,-150.10611961957474,-41.58025867663622,0,0,0.6,-150.10611961957474,20260331-161237,0.0,0.0
279.31676305466016,6.807819415122681,-149.64189223642103,-41.028814958603995,0,0,0.6,-149.64189223642103,20260331-161237,0.0,0.0
277.9584398781978,6.868392752755888,-149.17309666649385,-40.469211631304745,0,0,0.6,-149.17309666649385,20260331-161237,0.0,0.0
276.61890680064045,6.932561168735309,-148.6997288433075,-39.90140152648713,0,0,0.6,-148.6997288433075,20260331-161237,0.0,0.0
275.29843810583515,7.000535140372974,-148.2217871172547,-39.32534193252658,0,0,0.6,-148.2217871172547,20260331-161237,0.0,0.0
273.9973094234949,7.072541902130346,-147.7392723526591,-38.74099485235474,0,0,0.6,-147.7392723526591,20260331-161237,0.0,0.0
272.71579756770177,7.148827147135293,-147.2521880248668,-38.14832726470181,0,0,0.6,-147.2521880248668,20260331-161237,0.0,0.0
271.45418036665444,7.229656940322619,-146.76054031710336,-37.547311387992494,0,0,0.6,-146.76054031710336,20260331-161237,0.0,0.0
270.21273648358584,7.315319874555305,-146.2643382168028,-36.93792494617495,0,0,0.6,-146.2643382168028,20260331-161237,0.0,0.0
268.99174522879815,7.406129506508393,-145.76359361109826,-36.32015143570097,0,0,0.6,-145.76359361109826,20260331-161237,0.0,0.0
267.79148636279064,7.502427115601607,-145.25832138114632,-35.69398039281277,0,0,0.6,-145.25832138114632,20260331-161237,0.0,0.0
266.6122398904857,7.604584837093887,-144.7485394949402,-35.05940766023097,0,0,0.6,-144.7485394949402,20260331-161237,0.0,0.0
265.4542858465885,7.713009229909395,-144.23426909824994,-34.41643565227612,0,0,0.6,-144.23426909824994,20260331-161237,0.0,0.0
264.31790407214925,7.8281453512354355,-143.71553460331327,-33.765073617397086,0,0,0.6,-143.71553460331327,20260331-161237,0.0,0.0
263.20337398243333,7.950481423907131,-143.1923637748847,-33.10533789702089,0,0,0.6,-143.1923637748847,20260331-161237,0.0,0.0
262.11097432623956,8.080554199693124,-142.6647878132385,-32.437252179583645,0,0,0.6,-142.6647878132385,20260331-161237,0.0,0.0
261.040982936848,8.21895514261813,-142.13284143370848,-31.760847748548972,0,0,0.6,-142.13284143370848,20260331-161237,0.0,0.0
259.99367647481756,8.366337582426489,-141.59656294233622,-31.07616372317259,0,0,0.6,-141.59656294233622,20260331-161237,0.0,0.0
258.96933016289717,8.523425020535452,-141.05599430719246,-30.383247290726842,0,0,0.6,-141.05599430719246,20260331-161237,0.0,0.0
257.96821751335636,8.691020811078111,-140.51118122492772,-29.68215392886117,0,0,0.6,-140.51118122492772,20260331-161237,0.0,0.0
256.99061004808766,8.870019490167232,-139.96217318210503,-28.97294761674108,0,0,0.6,-139.96217318210503,20260331-161237,0.0,0.0
256.03677701187644,9.061420090323207,-139.4090235108648,-28.25570103358314,0,0,0.6,-139.4090235108648,20260331-161237,0.0,0.0
255.10698507928316,9.266341858098693,-138.85178943847205,-27.53049574318501,0,0,0.6,-138.85178943847205,20260331-161237,0.0,0.0
254.20149805562724,9.486042896656746,-138.2905321303004,-26.797422363040106,0,0,0.6,-138.2905321303004,20260331-161237,0.0,0.0
253.32057657261026,9.72194238866411,-137.72531672581178,-26.0565807166256,0,0,0.6,-137.72531672581178,20260331-161237,0.0,0.0
252.4644777791631,9.975647228227206,-137.15621236710126,-25.308079967461833,0,0,0.6,-137.15621236710126,20260331-161237,0.0,0.0
251.63345502814718,10.248984117322413,-136.58329221958812,-24.55203873356059,0,0,0.6,-136.58329221958812,20260331-161237,0.0,0.0
250.82775755958664,10.544038481148068,-136.0066334844501,-23.788585180910278,0,0,0.6,-136.0066334844501,20260331-161237,0.0,0.0
250.04763018115202,10.863201954575437,-135.42631740241734,-23.01785709468793,0,0,0.6,-135.42631740241734,20260331-161237,0.0,0.0
249.29331294665877,11.209230726039863,-134.84242924856395,-22.24000192694153,0,0,0.6,-134.84242924856395,20260331-161237,0.0,0.0
248.56504083338535,11.585317749833948,-134.25505831776331,-21.45517681955232,0,0,0.6,-134.25505831776331,20260331-161237,0.0,0.0
247.86304341905324,11.995182831408066,-133.6642979005006,-20.66354860136447,0,0,0.6,-133.6642979005006,20260331-161237,0.0,0.0
247.1875445593479,12.443185968698613,-133.0702452487713,-19.865293758460187,0,0,0.6,-133.0702452487713,20260331-161237,0.0,0.0
246.5387620668907,12.934471268686535,-132.47300153182923,-19.060598376660675,0,0,0.6,-132.47300153182923,20260331-161237,0.0,0.0
245.91690739260176,13.475151514917641,-131.8726717815887,-18.2496580554482,0,0,0.6,-131.8726717815887,20260331-161237,0.0,0.0
245.3221853104182,14.072547443865833,-131.26936482752825,-17.432677792630443,0,0,0.6,-131.26936482752825,20260331-161237,0.0,0.0
244.7547936063522,14.735501632748313,-130.66319322098806,-16.609871839205454,0,0,0.6,-130.66319322098806,20260331-161237,0.0,0.0
244.21492277288903,15.474795629757852,-130.05427314880362,-15.781463524033013,0,0,0.6,-130.05427314880362,20260331-161237,0.0,0.0
243.70275570973632,16.30371224212555,-129.4427243362677,-14.947685048074932,0,0,0.6,-129.4427243362677,20260331-161237,0.0,0.0
243.2184674319404,17.23880554313406,-128.82866993946612,-14.10877724813193,0,0,0.6,-128.82866993946612,20260331-161237,0.0,0.0
242.76222478638536,18.300973995818744,-128.21223642708767,-13.264989330177164,0,0,0.6,-128.21223642708767,20260331-161237,0.0,0.0
242.33418617768382,19.516985678578433,-127.59355345186441,-12.416578572564429,0,0,0.6,-127.59355345186441,20260331-161237,0.0,0.0
241.9345013044571,20.921694607004,-126.97275371185515,-11.56380999957165,0,0,0.6,-126.97275371185515,20260331-161237,0.0,0.0
241.56331090698262,22.56134332877303,-126.34997280184274,-10.706956025925594,0,0,0.6,-126.34997280184274,20260331-161237,0.0,0.0
241.22074652716321,24.49862818823843,-125.72534905517222,-9.846296073139765,0,0,0.6,-125.72534905517222,20260331-161237,0.0,0.0
240.90693028174076,26.820731999646302,-125.099023376414,-8.982116158683429,0,0,0.6,-125.099023376414,20260331-161237,0.0,0.0
240.62197464964058,29.652571729469226,-124.47113906529151,-8.114708459182527,0,0,0.6,-124.47113906529151,20260331-161237,0.0,0.0
240.36598227428982,33.179690449779194,-123.84184163236654,-7.244370849032119,0,0,0.6,-123.84184163236654,20260331-161237,0.0,0.0
240.13904578170403,37.690115824302765,-123.2112786070272,-6.371406415972361,0,0,0.6,-123.2112786070272,20260331-161237,0.0,0.0
239.94124761508112,43.65645557142474,-122.57959933837262,-5.496122955344415,0,0,0.6,-122.57959933837262,20260331-161237,0.0,0.0
239.77265988658337,51.911963195696096,-121.94695478963439,-4.6188324448970635,0,0,0.6,-121.94695478963439,20260331-161237,0.0,0.0
239.63334424692212,64.07564797273504,-121.3134973268167,-3.73985050215784,0,0,0.6,-121.3134973268167,20260331-161237,0.0,0.0
239.52335177329113,83.76419001999001,-120.67938050227619,-2.8594958265116603,0,0,0.6,-120.67938050227619,20260331-161237,0.0,0.0
239.4427228761209,121.04745884975678,-120.04475883399547,-1.9780896282450295,0,0,0.6,-120.04475883399547,20260331-161237,0.0,0.0
239.3914872250496,218.43184891519385,-119.40978758133416,-1.095955046912565,0,0,0.6,-119.40978758133416,20260331-161237,0.0,0.0
239.36966369442584,1121.6077236588708,-118.77462251806386,-0.21341656146371943,0,0,0.6,-118.77462251806386,20260331-161237,0.0,0.0
239.37726032857665,357.70628180565586,-118.13941970351426,0.6692006053688256,0,0,0.6,-118.13941970351426,20260331-161237,0.0,0.0
239.41427432698947,154.30441860300255,-117.50433525266752,1.551571085873822,0,0,0.6,-117.50433525266752,20260331-161237,0.0,0.0
239.48069204947186,98.41524113387679,-116.8695251060483,2.4333699667889865,0,0,0.6,-116.8695251060483,20260331-161237,0.0,0.0
239.57648904126665,72.28627849384446,-116.23514480025578,3.3142733867765486,0,0,0.6,-116.23514480025578,20260331-161237,0.0,0.0
239.70163007801497,57.15402145872836,-115.60134923998109,4.193959129387012,0,0,0.6,-115.60134923998109,20260331-161237,0.0,0.0
239.8560692303743,47.289234897367585,-114.9682924723431,5.072107208986081,0,0,0.6,-114.9682924723431,20260331-161237,0.0,0.0
240.03974994801558,40.353663489831966,-114.33612746435877,5.948400447173753,0,0,0.6,-114.33612746435877,20260331-161237,0.0,0.0
240.2526051626429,35.21461685361788,-113.70500588434464,6.822525037297398,0,0,0.6,-113.70500588434464,20260331-161237,0.0,0.0
240.494557409599,31.25672076276891,-113.07507788801755,7.694171094750969,0,0,0.5,-113.07507788801755,20260331-161237,0.0,0.0
240.76551896754697,28.11684990600561,-112.44649191003278,8.563033190859718,0,0,0.5,-112.44649191003278,20260331-161237,0.0,0.0
241.06539201564524,25.566892303123815,-111.81939446166055,9.428810868272457,0,0,0.5,-111.81939446166055,20260331-161237,0.0,0.0
241.39406880756704,23.456336920121505,-111.19392993526179,10.291209135919788,0,0,0.5,-111.19392993526179,20260331-161237,0.0,0.0
241.75143186165263,21.681861499395495,-110.57024041618003,11.149938941745976,0,0,0.5,-110.57024041618003,20260331-161237,0.0,0.0
242.13735416642623,20.170183239555495,-109.94846550261833,12.004717621581825,0,0,0.5,-109.94846550261833,20260331-161237,0.0,0.0
242.55169940065682,18.867881590972047,-109.32874213401975,12.855269322694584,0,0,0.5,-109.32874213401975,20260331-161237,0.0,0.0
242.99432216709718,17.73509606261905,-108.71120442841735,13.701325400727079,0,0,0.5,-108.71120442841735,20260331-161237,0.0,0.0
243.46506823899531,16.741480425494064,-108.0959835291642,14.542624788919186,0,0,0.5,-108.0959835291642,20260331-161237,0.0,0.0
243.96377481843786,15.863523877279432,-107.48320746139893,15.378914338689622,0,0,0.5,-107.48320746139893,20260331-161237,0.0,0.0
244.49027080555874,15.08272905930193,-106.87300099854407,16.209949130842137,0,0,0.5,-106.87300099854407,20260331-161237,0.0,0.0
245.0443770776237,14.384343357438045,-106.26548553907836,17.03549275684614,0,0,0.5,-106.26548553907836,20260331-161237,0.0,0.0
245.62590677698677,13.756456910745523,-105.66077899376644,17.85531756982585,0,0,0.5,-105.66077899376644,20260331-161237,0.0,0.0
246.23466560690545,13.189349351455322,-105.05899568347309,18.669204905072572,0,0,0.5,-105.05899568347309,20260331-161237,0.0,0.0
246.8704521341979,12.675008771193903,-104.46024624763383,19.476945270069766,0,0,0.5,-104.46024624763383,20260331-161237,0.0,0.0
247.5330580977281,12.20677216955357,-103.86463756339981,20.27833850418959,0,0,0.5,-103.86463756339981,20260331-161237,0.0,0.0
248.22226872171308,11.77905303775523,-103.27227267542277,21.073193908380393,0,0,0.5,-103.27227267542277,20260331-161237,0.0,0.0
248.93786303285935,11.387132397740258,-102.6832507361966,21.86133034531682,0,0,0.5,-102.6832507361966,20260331-161237,0.0,0.0
249.6796141803534,11.026996696624915,-102.09766695682414,22.642576310626268,0,0,0.5,-102.09766695682414,20260331-161237,0.0,0.0
250.44728975775485,10.695210740640745,-101.51561256803416,23.416769975936976,0,0,0.5,-101.51561256803416,20260331-161237,0.0,0.0
251.24065212586655,10.388817139642176,-100.93717479123121,24.183759204613363,0,0,0.5,-100.93717479123121,20260331-161237,0.0,0.0
252.05945873568749,10.105256026121042,-100.36243681932415,24.94340154115243,0,0,0.5,-100.36243681932415,20260331-161237,0.0,0.0
252.90346245058802,9.842300434624367,-99.79147780704272,25.695564175311635,0,0,0.5,-99.79147780704272,20260331-161237,0.0,0.0
253.772411866884,9.5980038897803,-99.22437287042182,26.44012388212242,0,0,0.5,-99.22437287042182,20260331-161237,0.0,0.0
254.66605163202658,9.37065759411236,-98.66119309510383,27.176966939015546,0,0,0.5,-98.66119309510383,20260331-161237,0.0,0.0
255.58412275966563,9.158755225058782,-98.10200555308614,27.90598902134381,0,0,0.5,-98.10200555308614,20260331-161237,0.0,0.0
256.5263629408892,8.960963808769339,-97.54687332751928,28.627095077635342,0,0,0.5,-97.54687332751928,20260331-161237,0.0,0.0
257.4925068509858,8.77609948109419,-96.99585554514448,29.34019918594656,0,0,0.5,-96.99585554514448,20260331-161237,0.0,0.0
258.4822864511229,8.603107205078796,-96.44900741594488,30.04522439270887,0,0,0.5,-96.44900741594488,20260331-161237,0.0,0.0
259.495431284381,8.441043711467648,-95.90638027957424,30.742102535476914,0,0,0.5,-95.90638027957424,20260331-161237,0.0,0.0
260.5316687656313,8.289063080119123,-95.36802165811953,31.430774050990475,0,0,0.5,-95.36802165811953,20260331-161237,0.0,0.0
261.5907244647898,8.146404497361356,-94.83397531474878,32.11118776995664,0,0,0.5,-94.83397531474878,20260331-161237,0.0,0.0
262.67232238302853,8.012381815583042,-94.30428131779465,32.783300699944796,0,0,0.5,-94.30428131779465,20260331-161237,0.0,0.0
263.77618522157184,7.886374612947542,-93.77897610982426,33.447077797764564,0,0,0.5,-93.77897610982426,20260331-161237,0.0,0.0
264.9020346427476,7.767820507643058,-93.25809258125003,34.10249173266816,0,0,0.5,-93.25809258125003,20260331-161237,0.0,0.0
266.04959152301126,7.656208525980915,-92.74166014804157,34.74952264168183,0,0,0.5,-92.74166014804157,20260331-161237,0.0,0.0
267.2185761977,7.551073359524266,-92.22970483310655,35.38815787833047,0,0,0.5,-92.22970483310655,20260331-161237,0.0,0.0
268.4087086973186,7.451990375245237,-91.72224935091818,36.01839175597239,0,0,0.5,-91.72224935091818,20260331-161237,0.0,0.0
269.6197089751958,7.358571265977275,-91.21931319497823,36.640225286910805,0,0,0.5,-91.21931319497823,20260331-161237,0.0,0.0
270.85129712638945,7.270460247313626,-90.72091272771756,37.25366591839447,0,0,0.5,-90.72091272771756,20260331-161237,0.0,0.0
272.1031935977549,7.187330722501065,-90.2270612724496,37.8587272665627,0,0,0.5,-90.2270612724496,20260331-161237,0.0,0.0
273.37511938912456,7.108882349491171,-89.73776920700797,38.45542884933126,0,0,0.5,-89.73776920700797,20260331-161237,0.0,0.0
274.66679624557844,7.034838454688065,-89.25304405871526,39.04379581915468,0,0,0.5,-89.25304405871526,20260331-161237,0.0,0.0
275.9779468408178,6.964943746504001,-88.77289060034643,39.62385869653905,0,0,0.5,-88.77289060034643,20260331-161237,0.0,0.0
277.30829495167944,6.89896228894396,-88.29731094676804,40.195653105117586,0,0,0.5,-88.29731094676804,20260331-161237,0.0,0.0
278.6575656238553,6.83667570136025,-87.82630465195189,40.75921950903896,0,0,0.5,-87.82630465195189,20260331-161237,0.0,0.0
280.02548532890705,6.777881555464695,-87.35986880607952,41.31460295335721,0,0,0.5,-87.35986880607952,20260331-161237,0.0,0.0
281.411782112686,6.722391944834317,-86.89799813247237,41.861852808051616,0,0,0.5,-86.89799813247237,20260331-161237,0.0,0.0
282.81618573528806,6.670032205636821,-86.4406850840998,42.401022516245284,0,0,0.5,-86.4406850840998,20260331-161237,0.0,0.0
284.23842780269393,6.620639770248858,-85.98791993943584,42.93216934713394,0,0,0.5,-85.98791993943584,20260331-161237,0.0,0.0
285.678241890258,6.574063137935194,-85.53969089745233,43.455354154080254,0,0,0.5,-85.53969089745233,20260331-161237,0.0,0.0
287.1353636582255,6.530160948876465,-85.09598417155406,43.97064113827517,0,0,0.5,-85.09598417155406,20260331-161237,0.0,0.0
288.60953095947,6.488801149638636,-84.65678408227822,44.478097618316255,0,0,0.5,-84.65678408227822,20260331-161237,0.0,0.0
290.1004839396521,6.449860239719642,-84.22207314859664,44.977793806003774,0,0,0.5,-84.22207314859664,20260331-161237,0.0,0.0
291.6079651300125,6.413222590129985,-83.7918321776759,45.46980258860812,0,0,0.5,-83.7918321776759,20260331-161237,0.0,0.0
293.1317195330181,6.37877982609867,-83.36604035296502,45.95419931781853,0,0,0.5,-83.36604035296502,20260331-161237,0.0,0.0
294.6714947010867,6.346430266972861,-82.94467532049558,46.43106160554096,0,0,0.5,-82.94467532049558,20260331-161237,0.0,0.0
296.2270408086209,6.316078417223001,-82.5277132732932,46.90046912667425,0,0,0.5,-82.5277132732932,20260331-161237,0.0,0.0
297.7981107175856,6.287634503194645,-82.11512903381264,47.36250342895714,0,0,0.5,-82.11512903381264,20260331-161237,0.0,0.0
299.3844600368655,6.261014050880997,-81.70689613432143,47.817247749945345,0,0,0.5,-81.70689613432143,20260331-161237,0.0,0.0
300.98584717564194,6.23613750053999,-81.30298689516928,48.26478684114637,0,0,0.5,-81.30298689516928,20260331-161237,0.0,0.0
302.6020333910257,6.212929854458689,-80.90337250089166,48.705206799311334,0,0,0.5,-80.90337250089166,20260331-161237,0.0,0.0
304.23278283018607,6.191320354585786,-80.50802307410643,49.13859490485692,0,0,0.5,-80.50802307410643,20260331-161237,0.0,0.0
305.8778625672117,6.171242187118592,-80.1169077471728,49.565039467366745,0,0,0.5,-80.1169077471728,20260331-161237,0.0,0.0
307.5370426349388,6.152632211451237,-79.72999473159066,49.984629678099886,0,0,0.5,-79.72999473159066,20260331-161237,0.0,0.0
309.210096051978,6.135430711172062,-79.34725138512748,50.397455469415455,0,0,0.5,-79.34725138512748,20260331-161237,0.0,0.0
310.89679884516977,6.1195811650456955,-78.96864427666713,50.8036073810042,0,0,0.5,-78.96864427666713,20260331-161237,0.0,0.0
312.59693006769214,6.105030036133156,-78.59413924878342,51.20317643280373,0,0,0.5,-78.59413924878342,20260331-161237,0.0,0.0
314.31027181304216,6.091726577395945,-78.22370147804645,51.59625400446021,0,0,0.5,-78.22370147804645,20260331-161237,0.0,0.0
316.03660922510625,6.079622652300149,-77.8572955330773,51.98293172118795,0,0,0.5,-77.8572955330773,20260331-161237,0.0,0.0
317.77573050453003,6.068672569087388,-77.4948854303713,52.36330134586869,0,0,0.5,-77.4948854303713,20260331-161237,0.0,0.0
319.5274269115941,6.058832927513139,-77.13643468791521,52.73745467722359,0,0,0.5,-77.13643468791521,20260331-161237,0.0,0.0
321.2914927657931,6.050062476971727,-76.7819063766286,53.1054834538851,0,0,0.5,-76.7819063766286,20260331-161237,0.0,0.0
323.06772544231416,6.042321985033153,-76.431263169663,53.46747926418912,0,0,0.5,-76.431263169663,20260331-161237,0.0,0.0
324.8559253656003,6.035574115511036,-76.08446738959653,53.823533461504766,0,0,0.5,-76.08446738959653,20260331-161237,0.0,0.0
326.6558960001819,6.029783315265126,-75.7414810535645,54.1737370849153,0,0,0.5,-75.7414810535645,20260331-161237,0.0,0.0
328.4674438389503,6.024915709017028,-75.4022659163691,54.51818078506199,0,0,0.5,-75.4022659163691,20260331-161237,0.0,0.0
330.2903783890435,6.020939001525056,-75.06678351161389,54.85695475496157,0,0,0.5,-75.06678351161389,20260331-161237,0.0,0.0
332.12451215550504,6.017822386524441,-74.73499519091041,55.19014866560754,0,0,0.5,-74.73499519091041,20260331-161237,0.0,0.0
333.96966062287476,6.015536461893291,-74.4068621612061,55.51785160616637,0,0,0.5,-74.4068621612061,20260331-161237,0.0,0.0
335.1127648880565,5.89044147052611,91.98852234572166,-56.89094214157868,0,0,0.5,91.98852234572166,20260331-161237,0.0,0.0
333.2215714680599,5.889410604879017,91.66931545161685,-56.57978256635837,0,0,0.5,91.66931545161682,20260331-161237,0.0,0.0
331.34083858806184,5.889111918622043,91.34647472367845,-56.26329456234723,0,0,0.5,91.34647472367845,20260331-161237,0.0,0.0
329.4707453852435,5.8895705908781695,91.0199586088508,-55.941386608988324,0,0,0.5,91.01995860885081,20260331-161237,0.0,0.0
327.611474061955,5.89081296868083,90.68972555758967,-55.61396632412848,0,0,0.5,90.68972555758964,20260331-161237,0.0,0.0
325.7632099136692,5.89286663548393,90.35573405692651,-55.28094051069884,0,0,0.5,90.35573405692652,20260331-161237,0.0,0.0
323.92614135530766,5.895760484551674,90.01794266540946,-54.94221520770271,0,0,0.5,90.01794266540948,20260331-161237,0.0,0.0
322.100459945793,5.899524797638639,89.67631004998077,-54.597695745718,0,0,0.5,89.67631004998078,20260331-161237,0.0,0.0
320.2863604106725,5.90419132941035,89.33079502485248,-54.247286807126464,0,0,0.5,89.33079502485246,20260331-161237,0.0,0.0
318.4840406626527,5.909793398099034,88.9813565924394,-53.890892491283616,0,0,0.5,88.98135659243943,20260331-161237,0.0,0.0
316.69370181987586,5.9163659829385145,88.62795398640844,-53.528416384846736,0,0,0.5,88.62795398640844,20260331-161237,0.0,0.0
314.91554822176346,5.923945828977143,88.27054671690064,-53.15976163747911,0,0,0.5,88.27054671690067,20260331-161237,0.0,0.0
313.1497874422437,5.932571559928887,87.90909461798242,-52.78483104315009,0,0,0.5,87.90909461798245,20260331-161237,0.0,0.0
311.39663030017226,5.9422837997910944,87.54355789737798,-52.40352712725024,0,0,0.5,87.54355789737798,20260331-161237,0.0,0.0
309.6562908667497,5.953125304033864,87.17389718853411,-52.01575223973956,0,0,0.5,87.17389718853413,20260331-161237,0.0,0.0
307.92898646973015,5.965141101251584,86.80007360506477,-51.62140865454492,0,0,0.5,86.80007360506477,20260331-161237,0.0,0.0
306.2149376942094,5.978378646263144,86.42204879761846,-51.22039867541891,0,0,0.5,86.42204879761846,20260331-161237,0.0,0.0
304.5143683797746,5.9928879857551,86.03978501320921,-50.81262474846775,0,0,0.5,86.03978501320918,20260331-161237,0.0,0.0
302.82750561378793,6.008721937683224,85.65324515704503,-50.397989581549645,0,0,0.5,85.65324515704502,20260331-161237,0.0,0.0
301.1545797205742,6.025936285784448,85.26239285688479,-49.976396270736586,0,0,0.5,85.2623928568848,20260331-161237,0.0,0.0
299.4958242462718,6.044589990705102,84.86719252994624,-49.547748434023326,0,0,0.5,84.86719252994624,20260331-161237,0.0,0.0
297.8514759391046,6.064745419425436,84.46760945238321,-49.111950352455615,0,0,0.5,84.4676094523832,20260331-161237,0.0,0.0
296.2217747248224,6.086468594857312,84.06360983134215,-48.66890711883594,0,0,0.5,84.06360983134213,20260331-161237,0.0,0.0
294.60696367705754,6.109829467715335,83.65516087959998,-48.218524794149566,0,0,0.5,83.65516087959995,20260331-161237,0.0,0.0
293.0072889823356,6.134902213015266,83.24223089277672,-47.76071057183556,0,0,0.5,83.24223089277673,20260331-161237,0.0,0.0
291.4229998994793,6.161765553842336,82.82478932910766,-47.29537295000693,0,0,0.5,82.82478932910767,20260331-161237,0.0,0.0
289.8543487131375,6.190503115361083,82.40280689174784,-46.82242191170123,0,0,0.5,82.40280689174784,20260331-161237,0.0,0.0
288.30159068117104,6.2212038124143145,81.9762556135729,-46.34176911321724,0,0,0.5,81.97625561357289,20260331-161237,0.0,0.0
286.7649839756261,6.253962274489149,81.54510894442649,-45.85332808056478,0,0,0.5,81.54510894442647,20260331-161237,0.0,0.0
285.2447896170232,6.288879312321533,81.10934184075285,-45.357014414023695,0,0,0.5,81.10934184075283,20260331-161237,0.0,0.0
283.741271401694,6.32606243097807,80.66893085753918,-44.85274600077332,0,0,0.5,80.66893085753921,20260331-161237,0.0,0.0
282.2546958218958,6.36562639490731,80.22385424247852,-44.340443235516915,0,0,0.5,80.2238542424785,20260331-161237,0.0,0.0
280.7853319784408,6.407693851207295,79.77409203224727,-43.82002924898435,0,0,0.5,79.77409203224724,20260331-161237,0.0,0.0
279.33345148557976,6.452396018229122,79.31962615077799,-43.29143014415343,0,0,0.5,79.31962615077798,20260331-161237,0.0,0.0
277.8993283678847,6.499873447649199,78.86044050938841,-42.7545752399829,0,0,0.5,78.8604405093884,20260331-161237,0.0,0.0
276.48323894888694,6.55027686932077,78.3965211086117,-42.20939732240002,0,0,0.5,78.3965211086117,20260331-161237,0.0,0.0
275.0854617312307,6.603768129588468,77.92785614155434,-41.65583290223326,0,0,0.5,77.92785614155433,20260331-161237,0.0,0.0
273.7062772681194,6.660521235355334,77.45443609858893,-41.09382247972329,0,0,0.5,77.45443609858893,20260331-161237,0.0,0.0
272.34596802584036,6.720723518073707,76.97625387316918,-40.52331081518737,0,0,0.5,76.97625387316921,20260331-161237,0.0,0.0
271.0048182371721,6.784576934044164,76.49330486853506,-39.94424720534948,0,0,0.5,76.49330486853508,20260331-161237,0.0,0.0
269.683113745493,6.852299520015807,76.00558710505419,-39.35658576478439,0,0,0.5,76.00558710505419,20260331-161237,0.0,0.0
268.3811418394324,6.924127026167243,75.51310132792628,-38.7602857118569,0,0,0.5,75.5131013279263,20260331-161237,0.0,0.0
267.0991910779247,7.000314752209449,75.01585111495461,-38.15531165846828,0,0,0.5,75.0158511149546,20260331-161237,0.0,0.0
265.8375511055522,7.081139616711286,74.51384298406802,-37.54163390285135,0,0,0.5,74.51384298406802,20260331-161237,0.0,0.0
264.596512458089,7.166902494956496,74.00708650025604,-36.91922872458378,0,0,0.5,74.00708650025602,20260331-161237,0.0,0.0
263.37636635818603,7.25793086688543,73.49559438155751,-36.28807868091582,0,0,0.5,73.49559438155752,20260331-161237,0.0,0.0
262.1774045011705,7.354581824189409,72.97938260372413,-35.64817290343582,0,0,0.5,72.97938260372413,20260331-161237,0.0,0.0
260.9999188309653,7.457245494704655,72.45847050315808,-34.999507394023674,0,0,0.5,72.4584705031581,20260331-161237,0.0,0.0
259.84420130617076,7.566348953266295,71.93288087770591,-34.34208531897004,0,0,0.5,71.93288087770591,20260331-161237,0.0,0.0
258.7105436563889,7.6823607016003095,71.40264008487048,-33.67591730006858,0,0,0.5,71.4026400848705,20260331-161237,0.0,0.0
257.5992371289131,7.805795816249773,70.86777813698711,-33.001021701420115,0,0,0.5,70.86777813698711,20260331-161237,0.0,0.0
256.5105722259472,7.937221883716308,70.3283287928929,-32.317424910621966,0,0,0.5,70.3283287928929,20260331-161237,0.0,0.0
255.4448384325644,8.077265866933216,69.78432964560591,-31.625161612954553,0,0,0.5,69.78432964560592,20260331-161237,0.0,0.0
254.40232393566333,8.226622078149125,69.23582220551705,-30.92427505712044,0,0,0.5,69.23582220551705,20260331-161237,0.0,0.0
253.3833153342276,8.386061471953576,68.68285197858836,-30.214817311039894,0,0,0.5,68.68285197858835,20260331-161237,0.0,0.0
252.38809734124595,8.55644252070088,68.12546853904422,-29.49684950616278,0,0,0.5,68.12546853904423,20260331-161237,0.0,0.0
251.41695247770198,8.738723995869883,67.56372559603642,-28.77044206871933,0,0,0.5,67.56372559603642,20260331-161237,0.0,0.0
250.47016075909534,8.93398005677236,66.99768105376202,-28.035674936304304,0,0,0.5,66.99768105376202,20260331-161237,0.0,0.0
249.5479993750105,9.143418147639954,66.42739706451533,-27.29263775816951,0,0,0.5,66.42739706451533,20260331-161237,0.0,0.0
248.65074236230348,9.368400332438622,65.85294007415843,-26.541430077591375,0,0,0.5,65.85294007415841,20260331-161237,0.0,0.0
247.7786602725307,9.610468863273327,65.27438085950365,-25.7821614946825,0,0,0.5,65.27438085950367,20260331-161237,0.0,0.0
246.9320198342996,9.871376996018315,64.6917945571139,-25.01495180803056,0,0,0.5,64.69179455711391,20260331-161237,0.0,0.0
246.1110836112727,10.153126353992747,64.10526068304074,-24.239931133575304,0,0,0.5,64.10526068304074,20260331-161237,0.0,0.0
245.31610965661017,10.458012522583132,63.514863143042646,-23.457239999175005,0,0,0.5,63.514863143042646,20260331-161237,0.0,0.0
244.5473511646861,10.788681070862356,62.92069023284799,-22.66702941336823,0,0,0.5,62.920690232847996,20260331-161237,0.0,0.0
243.80505612096275,11.148196892405934,62.32283462805651,-21.869460906906017,0,0,0.5,62.3228346280565,20260331-161237,0.0,0.0
243.08946695095304,11.540130712166318,61.721393363305424,-21.064706545712962,0,0,0.5,61.72139336330544,20260331-161237,0.0,0.0
242.40082016924438,11.968667930686784,61.116467800363836,-20.25294891403466,0,0,0.5,61.11646780036384,20260331-161237,0.0,0.0
241.73934602959736,12.43874683740406,60.50816358485855,-19.434381066641905,0,0,0.5,60.508163584858536,20260331-161237,0.0,0.0
241.1052681771671,12.956235873720066,59.89659059138148,-18.60920644909034,0,0,0.5,59.89659059138149,20260331-161237,0.0,0.0
240.49880330392725,13.528163453543923,59.28186285677634,-17.77763878517632,0,0,0.5,59.28186285677636,20260331-161237,0.0,0.0
239.9201608084025,14.163019466539692,58.66409850145499,-16.93990193088535,0,0,0.5,58.66409850145498,20260331-161237,0.0,0.0
239.36954246083508,14.871155979193114,58.043419638650505,-16.096229694298646,0,0,0.5,58.04341963865049,20260331-161237,0.0,0.0
238.84714207492732,15.665327419449312,57.41995227157261,-15.246865621103218,0,0,0.5,57.41995227157262,20260331-161237,0.0,0.0
238.35314518730962,16.561430380167874,56.793826178492395,-14.39206274554249,0,0,0.5,56.7938261784924,20260331-161237,0.0,0.0
237.88772874588565,17.579534750984166,56.165174785847455,-13.532083306844502,0,0,0.5,56.16517478584745,20260331-161237,0.0,0.0
237.45106080820239,18.745349423129127,55.53413502952458,-12.667198431373125,0,0,0.5,55.53413502952458,20260331-161237,0.0,0.0
237.04330025098025,20.09235238734761,54.90084720454331,-11.797687780961336,0,0,0.5,54.900847204543304,20260331-161237,0.0,0.0
236.66459649191998,21.66496529745227,54.265454803431396,-10.923839168103859,0,0,0.5,54.2654548034314,20260331-161237,0.0,0.0
236.31508922487666,23.52342317094665,53.62810434365127,-10.045948138906292,0,0,0.5,53.628104343651266,20260331-161237,0.0,0.0
235.9949081694576,25.751498409788823,52.988945184502825,-9.164317524907588,0,0,0.5,52.98894518450284,20260331-161237,0.0,0.0
235.70417283605994,28.469242328066798,52.34812933399499,-8.279256965110298,0,0,0.5,52.348129333995,20260331-161237,0.0,0.0
235.44299230731608,31.855008451101757,51.70581124624127,-7.391082399765394,0,0,0.5,51.70581124624126,20260331-161237,0.0,0.0
235.21146503685947,36.18573603406673,51.06214760999748,-6.500115537664393,0,0,0.5,51.06214760999749,20260331-161237,0.0,0.0
235.0096786662622,41.91598956782287,50.41729712901787,-5.606683298887668,0,0,0.5,50.417297129017854,20260331-161237,0.0,0.0
234.83770986092728,49.847562295657525,49.77142029496051,-4.711117235142814,0,0,0.5,49.77142029496051,20260331-161237,0.0,0.0
234.69562416564457,61.539283869067305,49.124679153624896,-3.8137529299981705,0,0,0.5,49.1246791536249,20260331-161237,0.0,0.0
234.58347588044026,80.47655540869334,48.4772370653489,-2.9149293814717594,0,0,0.5,48.4772370653489,20260331-161237,0.0,0.0
234.50130795726471,116.37849205392745,47.82925846043429,-2.01498836957435,0,0,0.5,47.82925846043428,20260331-161237,0.0,0.0
234.44915191797537,210.40533259725396,47.18090859050426,-1.1142738115233264,0,0,0.5,47.180908590504266,20260331-161237,0.0,0.0
234.42702779397916,1099.919343575533,46.53235327672539,-0.21313110744277106,0,0,0.5,46.53235327672539,20260331-161237,0.0,0.0
234.43494408780325,340.70215324387624,45.88375865584834,0.6880935205595651,0,0,0.5,45.883758655848325,20260331-161237,0.0,0.0
234.47289775676632,147.5550503992118,45.23529092503793,1.5890536929938848,0,0,0.5,45.235290925037944,20260331-161237,0.0,0.0
234.54087421882295,94.21569087165632,44.58711608647127,2.489403538295146,0,0,0.5,44.58711608647127,20260331-161237,0.0,0.0
234.63884738055557,69.23954238089908,43.93939969268405,3.388798355855176,0,0,0.5,43.939399692684056,20260331-161237,0.0,0.0
234.7667796871882,54.76382432781647,43.292306593641,4.286895273819325,0,0,0.5,43.29230659364101,20260331-161237,0.0,0.0
234.92462219439892,45.32289841371607,42.64600068649253,5.183353898728235,0,0,0.5,42.64600068649252,20260331-161237,0.0,0.0
235.11231466161138,38.68355081506789,42.00064466896163,6.077836954151355,0,0,0.5,42.000644668961634,20260331-161237,0.0,0.0
235.32978566635214,33.763187583983736,41.35639979727915,6.970010905545709,0,0,0.5,41.35639979727916,20260331-161237,0.0,0.0
235.5769527391699,29.97335160247484,40.71342564955296,7.8595465686833235,0,0,0.5,40.713425649552974,20260331-161237,0.0,0.0
235.8537225185266,26.96666986415532,40.07187989541933,8.746119699118966,0,0,0.5,40.07187989541934,20260331-161237,0.0,0.0
236.15999092498794,24.524862131574874,39.431918072780775,9.629411560317825,0,0,0.5,39.43191807278079,20260331-161237,0.0,0.0
236.495643353965,22.503870957762405,38.793693372386315,10.509109468226356,0,0,0.5,38.79369337238633,20260331-161237,0.0,0.0
236.86055488618703,20.80478553154061,38.15735643095695,11.38490731024841,0,0,0.5,38.15735643095696,20260331-161237,0.0,0.0
237.25459051502085,19.357440840241075,37.523055133502226,12.25650603677971,0,0,0.5,37.52305513350222,20260331-161237,0.0,0.0
237.6776053896942,18.110682251870934,36.890934425413235,13.123614123655711,0,0,0.5,36.89093442541324,20260331-161237,0.0,0.0
238.12944507342928,17.026335648038646,36.26113613485472,13.985948004076889,0,0,0.5,36.26113613485471,20260331-161237,0.0,0.0
238.6099458154474,16.07533576780742,35.63379880591299,14.843232468791683,0,0,0.5,35.633798805912974,20260331-161237,0.0,0.0
239.11893483577012,15.235162284627755,35.00905754289079,15.695201033535469,0,0,0.5,35.00905754289079,20260331-161237,0.0,0.0
239.6562306217116,14.488095747669222,34.387043866071934,16.54159627294473,0,0,0.5,34.387043866071934,20260331-161237,0.0,0.0
240.22164323493405,13.820003001421707,33.76788557921111,17.382170120384323,0,0,0.5,33.767885579211104,20260331-161237,0.0,0.0
240.81497462792476,13.219473580658926,33.15170664893748,18.216684133342117,0,0,0.5,33.15170664893746,20260331-161237,0.0,0.0
241.43601896874324,12.677194193325235,32.53862709619358,19.04490972425614,0,0,0.5,32.538627096193565,20260331-161237,0.0,0.0
242.08456297288728,12.185488077018942,31.928762899767236,19.86662835684386,0,0,0.5,31.928762899767243,20260331-161237,0.0,0.0
242.7603862411318,11.737970662387209,31.32222591191052,20.681631708198566,0,0,0.5,31.322225911910515,20260331-161237,0.0,0.0
243.46326160220633,11.329288666501848,30.719123785980003,21.489721797103847,0,0,0.5,30.719123785979992,20260331-161237,0.0,0.0
244.19295545919502,10.954919948119246,30.119559915975373,22.29071107919126,0,0,0.5,30.119559915975362,20260331-161237,0.0,0.0
244.94922813856675,10.61101823254785,29.523633387798498,23.084422509728466,0,0,0.5,29.523633387798483,20260331-161237,0.0,0.0
245.7318342407716,10.294291393173648,28.93143894200506,23.870689574973692,0,0,0.5,28.931438942005045,20260331-161237,0.0,0.0
246.54052299137285,10.001905123165942,28.343066947773593,24.64935629316732,0,0,0.5,28.34306694777359,20260331-161237,0.0,0.0
247.375038591723,9.731406025916328,27.758603387774002,25.42027718635136,0,0,0.5,27.758603387774006,20260331-161237,0.0,0.0
248.2351205682315,9.480659705628181,27.178129853578582,26.183317224313733,0,0,0.4,27.17812985357857,20260331-161237,0.0,0.0
249.12050411931892,9.247800552344216,26.601723551224154,26.938351742044176,0,0,0.4,26.601723551224143,20260331-161237,0.0,0.0
250.0309204591983,9.031190722868567,26.029457316503567,27.685266332165472,0,0,0.4,26.029457316503564,20260331-161237,0.0,0.0
250.96609715767485,8.829386411050306,25.4613996395384,28.42395671386422,0,0,0.4,25.461399639538385,20260331-161237,0.0,0.0
251.92575847520678,8.641109939638657,24.897614698162954,29.15432857989323,0,0,0.4,24.89761469816295,20260331-161237,0.0,0.0
252.9096256925231,8.46522653425258,24.338162399632125,29.87629742325062,0,0,0.4,24.338162399632132,20260331-161237,0.0,0.0
253.91741743414775,8.300724887961191,23.78309843015117,30.58978834516156,0,0,0.4,23.78309843015118,20260331-161237,0.0,0.0
254.94884998523435,8.146700813831988,23.23247431171623,31.2947358459962,0,0,0.4,23.232474311716242,20260331-161237,0.0,0.0
256.00363760116966,8.002343427814786,22.686337465747755,31.991083600754312,0,0,0.4,22.686337465747766,20260331-161237,0.0,0.0
257.08149280945855,7.866923416519248,22.144731282996247,32.67878422073229,0,0,0.4,22.14473128299625,20260331-161237,0.0,0.0
258.1821267034562,7.7397830318634195,21.60769519920032,33.35779900296464,0,0,0.4,21.607695199200325,20260331-161237,0.0,0.0
259.3052492275669,7.620327523151796,21.075264775980514,34.02809766899852,0,0,0.4,21.07526477598051,20260331-161237,0.0,0.0
260.4505694535775,7.508017771288633,20.547471786458487,34.6896580945193,0,0,0.4,20.547471786458498,20260331-161237,0.0,0.0
261.6177958478479,7.402363932844381,20.024344305100414,35.34246603129664,0,0,0.4,20.02434430510042,20260331-161237,0.0,0.0
262.80663652912347,7.302919936056964,19.505906801293946,35.98651482286681,0,0,0.4,19.505906801293943,20260331-161237,0.0,0.0
264.0167995167857,7.209278698455836,18.99218023618198,36.621805115307275,0,0,0.4,18.992180236181984,20260331-161237,0.0,0.0
265.24799296939756,7.121067958089446,18.483182162290973,37.248344564396284,0,0,0.4,18.483182162290973,20260331-161237,0.0,0.0
266.499925413445,7.037946628429357,17.978926825507983,37.8661475403827,0,0,0.4,17.97892682550797,20260331-161237,0.0,0.0
267.7723059622131,6.959601601777173,17.47942526897893,38.47523483152196,0,0,0.4,17.47942526897894,20260331-161237,0.0,0.0
269.06484452477554,6.8857449380855345,16.984685438519136,39.0756333474624,0,0,0.4,16.984685438519143,20260331-161237,0.0,0.0
270.3772520051074,6.816111386046753,16.494712289146634,39.66737582349315,0,0,0.4,16.494712289146634,20260331-161237,0.0,0.0
271.7092404913684,6.750456191516443,16.009507892370067,40.250500526591935,0,0,0.4,16.009507892370074,20260331-161237,0.0,0.0
273.0605234354288,6.688553155152093,15.52907154388302,40.825050964137795,0,0,0.4,15.529071543883022,20260331-161237,0.0,0.0
274.4308158227418,6.63019290681889,15.053399871338115,41.391075596081166,0,0,0.4,15.053399871338108,20260331-161237,0.0,0.0
275.8198343326892,6.575181369055104,14.582486941895638,41.94862755129236,0,0,0.4,14.582486941895626,20260331-161237,0.0,0.0
277.2272974895506,6.523338385864299,14.116324369262458,42.49776434873995,0,0,0.4,14.116324369262466,20260331-161237,0.0,0.0
278.65292580426757,6.474496496446568,13.65490141995835,43.038547624081986,0,0,0.4,13.654901419958346,20260331-161237,0.0,0.0
280.09644190719143,6.428499836304503,13.198205118567046,43.5710428621879,0,0,0.4,13.198205118567053,20260331-161237,0.0,0.0
281.55757067202063,6.385203150550833,12.746220351750878,44.09531913604526,0,0,0.4,12.746220351750877,20260331-161237,0.0,0.0
283.03603933114647,6.344470906275699,12.298929970826237,44.611448852445434,0,0,0.4,12.298929970826249,20260331-161237,0.0,0.0
284.53157758264,6.306176492561908,11.856314892717933,45.11950750478409,0,0,0.4,11.856314892717933,20260331-161237,0.0,0.0
286.0439176891211,6.270201498214448,11.418354199127805,45.61957343325844,0,0,0.4,11.418354199127815,20260331-161237,0.0,0.0
287.5727945687607,6.236435058536876,10.985025233772262,46.11172759269105,0,0,0.4,10.985025233772276,20260331-161237,0.0,0.0
289.1179458786739,6.20477326357453,10.556303697559343,46.59605332816221,0,0,0.4,10.556303697559349,20260331-161237,0.0,0.0
290.6791120909656,6.175118621180908,10.132163741593303,47.07263615858721,0,0,0.4,10.132163741593315,20260331-161237,0.0,0.0
292.25603656169653,6.147379569071728,9.712578057910008,47.54156356833323,0,0,0.4,9.71257805791002,20260331-161237,0.0,0.0
293.84846559303725,6.121470030730398,9.297517967860898,48.00292480693171,0,0,0.4,9.297517967860903,20260331-161237,0.0,0.0
295.45614848888204,6.097309010635087,8.886953508077795,48.45681069690574,0,0,0.4,8.88695350807778,20260331-161237,0.0,0.0
297.0788376041912,6.074820224804431,8.480853513963467,48.90331344970051,0,0,0.4,8.480853513963464,20260331-161237,0.0,0.0
298.71628838833294,6.053931763118155,8.079185700665533,49.34252648967343,0,0,0.4,8.079185700665532,20260331-161237,0.0,0.0
300.36825942269127,6.034575780269311,7.681916741502079,49.77454428607514,0,0,0.4,7.681916741502075,20260331-161237,0.0,0.0
302.0345124528053,6.016688212555372,7.289012343818769,50.1994621929274,0,0,0.4,7.289012343818774,20260331-161237,0.0,0.0
303.7148124153013,6.000208518022428,6.90043732226647,50.61737629668257,0,0,0.4,6.900437322266476,20260331-161237,0.0,0.0
305.4089274598742,5.98507943774631,6.516155669497522,51.028383271530366,0,0,0.4,6.5161556694975316,20260331-161237,0.0,0.0
307.11662896657174,5.971246776271645,6.136130624287347,51.43258024220038,0,0,0.4,6.136130624287347,20260331-161237,0.0,0.0
308.8376915586281,5.958659199438765,5.760324737095203,51.83006465409482,0,0,0.4,5.7603247370951935,20260331-161237,0.0,0.0
310.5718931110877,5.94726804801289,5.3886999330851495,52.22093415057296,0,0,0.4,5.38869993308516,20260331-161237,0.0,0.0
312.3190147554559,5.937027165693141,5.021217572634299,52.60528645719832,0,0,0.4,5.02121757263429,20260331-161237,0.0,0.0
314.0788408806038,5.927892740223371,4.657838509360545,52.98321927275102,0,0,0.4,4.657838509360543,20260331-161237,0.0,0.0
315.85115913015073,5.91982315645501,4.298523145708089,53.35483016680064,0,0,0.4,4.298523145708078,20260331-161237,0.0,0.0
317.6357603965384,5.9127788603260205,3.943231486131822,53.7202164836289,0,0,0.4,3.9432314861318156,20260331-161237,0.0,0.0
319.43243881200556,5.906722232821399,3.5919231879269944,54.07947525228824,0,0,0.4,3.591923187926989,20260331-161237,0.0,0.0
321.24099173666394,5.901617473070998,3.244557609752775,54.43270310257862,0,0,0.4,3.244557609752783,20260331-161237,0.0,0.0
323.0612197438688,5.8974304898210805,2.9010938579019694,54.77999618672402,0,0,0.4,2.901093857901962,20260331-161237,0.0,0.0
324.89292660307086,5.894128800588071,2.5614908303708432,55.12145010652898,0,0,0.4,2.5614908303708486,20260331-161237,0.0,0.0
326.7359192603281,5.8916814378675015,2.225707258785974,55.45715984579614,0,0,0.4,2.225707258785971,20260331-161237,0.0,0.0
328.59000781665003,5.89005886182894,1.8937017482453484,55.787219707787195,0,0,0.4,1.8937017482453606,20260331-161237,0.0,0.0
330.4550055043376,5.8892328789795565,1.5654328151337324,56.11172325751133,0,0,0.4,1.5654328151337253,20260331-161237,0.0,0.0
332.3307286614775,5.889176566325678,1.2408589229716824,56.43076326862828,0,0,0.4,1.2408589229716878,20260331-161237,0.0,0.0
334.21699670474067,5.8898642006035455,0.9199385163599345,56.74443167475624,0,0,0.4,0.919938516359929,20260331-161237,0.0,0.0
336.1136321006273,5.891271192188332,0.6026300530794515,57.05281952497875,0,0,0.4,0.6026300530794549,20260331-161237,0.0,0.0
338.02046033529723,5.893374023324556,0.2888920344093435,57.35601694334919,0,0,0.4,0.28889203440935113,20260331-161237,0.0,0.0
339.93730988311336,5.8961501903517854,-0.02131696627671431,57.65411309219575,0,0,0.4,-0.021316966276702126,20260331-161237,0.0,0.0
341.86401217402306,5.8995781496273665,-0.3280382765741763,57.94719613903515,0,0,0.4,-0.32803827657416257,20260331-161237,0.0,0.0
343.8004015598943,5.903637266873078,-0.6313130997110932,58.23535322690849,0,0,0.4,-0.6313130997110823,20260331-161237,0.0,0.0
345.7463152799169,5.90830776969544,-0.9311824907513824,58.51867044795796,0,0,0.4,-0.9311824907513893,20260331-161237,0.0,0.0
347.7015934251755,5.913570703050088,-1.227687334278869,58.797232820069055,0,0,0.4,-1.227687334278862,20260331-161237,0.0,0.0
349.66607890249173,5.919407887439418,-1.5208683235035494,59.071124266408376,0,0,0.4,-1.5208683235035625,20260331-161237,0.0,0.0
351.63961739763096,5.925801879649764,-1.8107659407334893,59.34042759769318,0,0,0.4,-1.8107659407334924,20260331-161237,0.0,0.0
353.622057337961,5.932735935849937,-2.097420439155343,59.60522449703474,0,0,0.4,-2.0974204391553357,20260331-161237,0.0,0.0
355.61324985464654,5.940193976887075,-2.380871825869349,59.865595507203224,0,0,0.4,-2.3808718258693378,20260331-161237,0.0,0.0
357.6130487444572,5.948160555628653,-2.6611598461246047,60.121620020167995,0,0,0.4,-2.661159846124601,20260331-161237,0.0,0.0
359.6213104312632,5.956620826211281,-2.938323968702406,60.373376268773015,0,0,0.4,-2.938323968702413,20260331-161237,0.0,0.0
361.63789392728694,5.9655605150676525,-3.212403372396551,60.62094132041267,0,0,0.4,-3.212403372396538,20260331-161237,0.0,0.0
363.6626607941754,5.974965893612831,-3.4834369335408155,60.86439107257944,0,0,0.4,-3.4834369335408257,20260331-161237,0.0,0.0
365.6954751039538,5.984823752480061,-3.7514632145358746,61.10380025015986,0,0,0.4,-3.7514632145358857,20260331-161237,0.0,0.0
367.7362033999164,5.995121377204487,-4.016520453328013,61.339242404361634,0,0,0.4,-4.016520453328024,20260331-161237,0.0,0.0
369.7847146575073,6.005846525260756,-4.278646553795085,61.570789913159224,0,0,0.4,-4.278646553795082,20260331-161237,0.0,0.0
371.8408802452397,6.016987404367334,-4.537879076995296,61.79851398315127,0,0,0.4,-4.5378790769952895,20260331-161237,0.0,0.0
373.9045738856994,6.028532651976795,-4.794255233236669,62.022484652727826,0,0,0.4,-4.794255233236667,20260331-161237,0.0,0.0
375.97567161667445,6.040471315877104,-5.047811874925998,62.24277079645085,0,0,0.4,-5.047811874926005,20260331-161237,0.0,0.0
378.0540517524492,6.052792835834296,-5.298585490157848,62.459440130555784,0,0,0.4,-5.29858549015786,20260331-161237,0.0,0.0
380.13959484530005,6.065487026211953,-5.546612197005459,62.672559219487226,0,0,0.4,-5.546612197005452,20260331-161237,0.0,0.0
382.2321836472243,6.078544059507328,-5.791927738476744,62.882193483385656,0,0,0.4,-5.791927738476736,20260331-161237,0.0,0.0
384.3317030719338,6.091954450748235,-6.034567478100342,63.08840720644733,0,0,0.4,-6.034567478100352,20260331-161237,0.0,0.0
386.43804015714085,6.105709042698635,-6.274566396107474,63.2912635460829,0,0,0.4,-6.274566396107469,20260331-161237,0.0,0.0
388.5510840271612,6.119798991824452,-6.511959086176915,63.490824542805,0,0,0.4,-6.511959086176925,20260331-161237,0.0,0.0
390.6707258558585,6.1342157549744245,-6.746779752712371,63.68715113077847,0,0,0.4,-6.746779752712364,20260331-161237,0.0,0.0
392.79685882995017,6.14895107673385,-6.979062208621315,63.88030314897103,0,0,0.4,-6.979062208621326,20260331-161237,0.0,0.0
394.9293781126943,6.163996977411888,-7.208839873567541,64.07033935284561,0,0,0.4,-7.208839873567552,20260331-161237,0.0,0.0
397.06818080797444,6.179345741625694,-7.436145772668937,64.25731742653903,0,0,0.4,-7.436145772668928,20260331-161237,0.0,0.0
399.213165924798,6.194989907447091,-7.661012535614731,64.44129399547492,0,0,0.4,-7.661012535614724,20260331-161237,0.0,0.0
401.36423434222127,6.210922256079696,-7.883472396176899,64.62232463936208,0,0,0.4,-7.883472396176905,20260331-161237,0.0,0.0
403.5212887747137,6.227135802036466,-8.103557192091444,64.80046390553258,0,0,0.4,-8.103557192091431,20260331-161237,0.0,0.0
405.68423373797197,6.243623783789653,-8.321298365286538,64.97576532257624,0,0,0.4,-8.321298365286529,20260331-161237,0.0,0.0
407.8529755151925,6.260379654866808,-8.536726962435978,65.14828141423153,0,0,0.4,-8.536726962435987,20260331-161237,0.0,0.0
410.02742212381133,6.277397075368254,-8.749873635816527,65.31806371349508,0,0,0.4,-8.749873635816517,20260331-161237,0.0,0.0
412.20748328271685,6.2946699038828875,-8.960768644449217,65.48516277691469,0,0,0.4,-8.96076864444923,20260331-161237,0.0,0.0
414.39307037994206,6.312192189780697,-9.169441855506193,65.64962819903289,0,0,0.4,-9.169441855506193,20260331-161237,0.0,0.0
416.5840964408401,6.329958165861669,-9.375922745963976,65.81150862695036,0,0,0.4,-9.375922745963974,20260331-161237,0.0,0.0
418.7804760967467,6.347962241341956,-9.580240404486943,65.97085177498106,0,0,0.4,-9.580240404486943,20260331-161237,0.0,0.0
420.98212555413295,6.366198995159481,-9.78242353352394,66.12770443937197,0,0,0.4,-9.782423533523929,20260331-161237,0.0,0.0
423.18896256424836,6.384663169582033,-9.982500451602704,66.28211251306341,0,0,0.4,-9.982500451602698,20260331-161237,0.0,0.0
425.40090639325757,6.403349664102109,-10.18049909580742,66.43412100046675,0,0,0.4,-10.180499095807416,20260331-161237,0.0,0.0
427.6178777928684,6.422253529603548,-10.376447024425119,66.58377403223844,0,0,0.4,-10.376447024425122,20260331-161237,0.0,0.0
429.83979897145304,6.441369962785981,-10.5703714197478,66.73111488003111,0,0,0.4,-10.570371419747813,20260331-161237,0.0,0.0
432.06659356565973,6.4606943008338895,-10.76229909101761,66.87618597120318,0,0,0.4,-10.762299091017601,20260331-161237,0.0,0.0
434.298186612514,6.480222016317831,-10.952256477502914,67.01902890347102,0,0,0.4,-10.952256477502905,20260331-161237,0.0,0.0
436.53450452200707,6.4999487123161375,-11.140269651694382,67.15968445948799,0,0,0.4,-11.140269651694393,20260331-161237,0.0,0.0
438.7754750501691,6.519870117746037,-11.326364322609919,67.29819262133657,0,0,0.4,-11.32636432260992,20260331-161237,0.0,0.0
441.02102727262354,6.539982082893791,-11.510565839198364,67.43459258492065,0,0,0.4,-11.510565839198357,20260331-161237,0.0,0.0
443.2710915586194,6.560280575134,-11.692899193832659,67.56892277424662,0,0,0.4,-11.69289919383266,20260331-161237,0.0,0.0
445.5255995455377,6.580761674828822,-11.873389025883199,67.70122085558229,0,0,0.4,-11.873389025883206,20260331-161237,0.0,0.0
447.7844841138681,6.6014215713983555,-12.052059625362745,67.83152375148426,0,0,0.4,-12.052059625362757,20260331-161237,0.0,0.0
450.04767936264966,6.622256559553858,-12.228934936635056,67.95986765468498,0,0,0.4,-12.22893493663506,20260331-161237,0.0,0.0
452.31512058537334,6.643263035686042,-12.404038562179437,68.08628804183174,0,0,0.4,-12.404038562179423,20260331-161237,0.0,0.0
454.5867442463391,6.664437494401025,-12.577393766404128,68.21081968707033,0,0,0.4,-12.577393766404128,20260331-161237,0.0,0.0
456.86248795746343,6.685776525196924,-12.749023479501943,68.33349667546761,0,0,0.4,-12.749023479501945,20260331-161237,0.0,0.0
459.1422904555313,6.7072768092744885,-12.91895030134134,68.45435241626708,0,0,0.4,-12.91895030134135,20260331-161237,0.0,0.0
461.4260915798875,6.728935116475544,-13.087196505387567,68.57341965597247,0,0,0.4,-13.087196505387572,20260331-161237,0.0,0.0
463.7138322505607,6.75074830234323,-13.253784042647737,68.69073049125569,0,0,0.4,-13.253784042647741,20260331-161237,0.0,0.0
466.00545444681524,6.772713305298496,-13.418734545635004,68.80631638168491,0,0,0.4,-13.418734545635008,20260331-161237,0.0,0.0
468.3009011861237,6.794827143927479,-13.582069332346606,68.9202081622699,0,0,0.4,-13.582069332346615,20260331-161237,0.0,0.0
470.6001165035551,6.817086914374742,-13.743809410251316,69.03243605582198,0,0,0.4,-13.743809410251329,20260331-161237,0.0,0.0
472.90304543157134,6.839489787837555,-13.903975480281929,69.14302968512646,0,0,0.4,-13.903975480281916,20260331-161237,0.0,0.0
475.2096339802269,6.8620330081567165,-14.062587940828621,69.25201808492582,0,0,0.4,-14.062587940828617,20260331-161237,0.0,0.0
477.51982911776423,6.884713889499572,-14.219666891729844,69.35942971371227,0,0,0.4,-14.219666891729839,20260331-161237,0.0,0.0
479.8335787515996,6.907529814131159,-14.375232138256536,69.46529246532884,0,0,0.4,-14.375232138256537,20260331-161237,0.0,0.0
482.1508317096917,6.930478230269568,-14.529303195087039,69.5696336803785,0,0,0.4,-14.529303195087026,20260331-161237,0.0,0.0
484.4715377222883,6.953556650021874,-14.681899290269172,69.67248015744062,0,0,0.4,-14.681899290269161,20260331-161237,0.0,0.0
486.79564740404254,6.976762647397074,-14.83303936916704,69.77385816409546,0,0,0.4,-14.833039369167027,20260331-161237,0.0,0.0
489.12311223649453,7.000093856392754,-14.982742098389537,69.87379344775621,0,0,0.4,-14.982742098389526,20260331-161237,0.0,0.0
491.45388455090995,7.023547969152268,-15.131025869698448,69.97231124630984,0,0,0.4,-15.13102586969844,20260331-161237,0.0,0.0
493.7879175114707,7.047122734189435,-15.277908803893666,70.06943629856711,0,0,0.4,-15.277908803893665,20260331-161237,0.0,0.0
496.12516509881056,7.0708159546779035,-15.423408754673574,70.16519285452262,0,0,0.4,-15.423408754673577,20260331-161237,0.0,0.0
498.46558209388974,7.094625486802417,-15.567543312468587,70.25960468542655,0,0,0.4,-15.567543312468588,20260331-161237,0.0,0.0
500.8091240622017,7.118549238169402,-15.710329808246144,70.352695093669,0,0,0.4,-15.710329808246156,20260331-161237,0.0,0.0
503.15574733830715,7.142585166274406,-15.85178531728559,70.44448692247862,0,0,0.4,-15.851785317285577,20260331-161237,0.0,0.0
505.50540901068723,7.1667312770240175,-15.991926662921145,70.53500256543708,0,0,0.4,-15.991926662921154,20260331-161237,0.0,0.0
507.8580669069117,7.190985623310035,-16.130770420252333,70.62426397581127,0,0,0.4,-16.13077042025234,20260331-161237,0.0,0.0
510.21367957911457,7.215346303633723,-16.268332919819642,70.71229267570507,0,0,0.4,-16.268332919819652,20260331-161237,0.0,0.0
512.5722062897721,7.239811460778124,-16.404630251245237,70.7991097650327,0,0,0.4,-16.404630251245234,20260331-161237,0.0,0.0
514.9336069977772,7.264379280526501,-16.539678266837115,70.88473593031563,0,0,0.4,-16.539678266837107,20260331-161237,0.0,0.0
517.2978423448034,7.289047990425001,-16.67349258515617,70.96919145330547,0,0,0.4,-16.673492585156158,20260331-161237,0.0,0.0
519.6648736419539,7.313815858587831,-16.806088594545088,71.05249621943477,0,0,0.4,-16.806088594545102,20260331-161237,0.0,0.0
522.03466285669,7.338681192543191,-16.937481456618713,71.13466972609842,0,0,0.4,-16.93748145661871,20260331-161237,0.0,0.0
524.4071726000317,7.36364233811841,-17.067686109714657,71.21573109076758,0,0,0.4,-17.067686109714664,20260331-161237,0.0,0.0
524.5455509987092,371.55442894264866,-2.139268206583097,1.411759651180677,0,0,0.4,-2.1392682065830955,20260331-161237,0.0,0.0
524.592610840227,371.5690273959596,-2.143121716574967,1.4118308366999575,0,0,0.4,-2.143121716574966,20260331-161237,0.0,0.0
524.6396730542763,371.5836310989325,-2.1469745352346763,1.4119020030637282,0,0,0.4,-2.1469745352346683,20260331-161237,0.0,0.0
524.6867376402186,371.5982400493614,-2.150826662713399,1.4119731502778958,0,0,0.4,-2.1508266627133943,20260331-161237,0.0,0.0
524.7338045974154,371.6128542450407,-2.154678099162311,1.412044278348367,0,0,0.4,-2.1546780991623042,20260331-161237,0.0,0.0
524.780873925229,371.6274736837671,-2.1585288447325297,1.4121153872810446,0,0,0.4,-2.1585288447325297,20260331-161237,0.0,0.0
524.8279456230215,371.6420983633382,-2.162378899575174,1.4121864770818298,0,0,0.4,-2.1623788995751734,20260331-161237,0.0,0.0
524.8750196901552,371.65672828155266,-2.1662282638413046,1.4122575477566233,0,0,0.4,-2.1662282638413077,20260331-161237,0.0,0.0
524.9220961259929,371.6713634362104,-2.1700769376819835,1.4123285993113235,0,0,0.4,-2.170076937681977,20260331-161237,0.0,0.0
524.9691749298969,371.68600382511255,-2.1739249212481866,1.4123996317518264,0,0,0.4,-2.1739249212481955,20260331-161237,0.0,0.0
525.0162561012306,371.70064944606185,-2.177772214690947,1.4124706450840265,0,0,0.4,-2.17777221469095,20260331-161237,0.0,0.0
525.0633396393569,371.7153002968616,-2.1816188181611835,1.4125416393138177,0,0,0.4,-2.1816188181611946,20260331-161237,0.0,0.0
525.1104255436393,371.72995637531704,-2.1854647318098444,1.4126126144470899,0,0,0.4,-2.1854647318098577,20260331-161237,0.0,0.0
525.1575138134413,371.74461767923424,-2.1893099557878486,1.4126835704897327,0,0,0.4,-2.189309955787836,20260331-161237,0.0,0.0
525.2046044481265,371.7592842064204,-2.193154490246002,1.4127545074476342,0,0,0.4,-2.1931544902459987,20260331-161237,0.0,0.0
274.927044546915,3.459236753193377,154.74394316093583,-79.4762151775583,0,0,0.4,154.74394316093583,20260331-161237,0.0,0.0
272.277881930454,3.4260197832623915,154.7767213652379,-79.47352880466447,0,0,0.4,154.7767213652379,20260331-161237,0.0,0.0
269.62881017732195,3.392805108024769,154.81014366476114,-79.47076286214832,0,0,0.4,154.81014366476114,20260331-161237,0.0,0.0
266.97983199225655,3.3595927960336818,154.84422920926164,-79.46791417919802,0,0,0.4,154.84422920926164,20260331-161237,0.0,0.0
264.3309501883197,3.3263829186004443,154.87899791426315,-79.46497942562048,0,0,0.4,154.87899791426315,20260331-161237,0.0,0.0
261.6821676923699,3.293175549934624,154.9144704996711,-79.46195510213988,0,0,0.4,154.91447049967107,20260331-161237,0.0,0.0
259.0334875508694,3.2599707672927978,154.95066853074388,-79.45883753000047,0,0,0.4,154.95066853074385,20260331-161237,0.0,0.0
256.3849129360509,3.2267686511365605,154.98761446159114,-79.45562283981678,0,0,0.4,154.98761446159114,20260331-161237,0.0,0.0
253.7364471524688,3.1935692853004674,155.02533168138189,-79.45230695960804,0,0,0.4,155.02533168138186,20260331-161237,0.0,0.0
251.08809364396384,3.1603727571706455,155.06384456346115,-79.44888560194808,0,0,0.4,155.06384456346115,20260331-161237,0.0,0.0
248.4398560010723,3.1271791578748895,155.10317851759152,-79.44535425015509,0,0,0.4,155.10317851759152,20260331-161237,0.0,0.0
245.79173796891195,3.0939885824850815,155.14336004555287,-79.44170814343886,0,0,0.4,155.14336004555287,20260331-161237,0.0,0.0
243.1437434555827,3.0608011302329112,155.1844168003547,-79.43794226091413,0,0,0.4,155.18441680035474,20260331-161237,0.0,0.0
240.49587654111937,3.0276169047398973,155.22637764933768,-79.43405130438073,0,0,0.4,155.22637764933768,20260331-161237,0.0,0.0
237.84814148704137,2.9944360142628574,155.26927274146482,-79.43002967976012,0,0,0.4,155.26927274146482,20260331-161237,0.0,0.0
235.20054274654458,2.9612585719560194,155.31313357913058,-79.42587147706796,0,0,0.4,155.31313357913058,20260331-161237,0.0,0.0
232.55308497538755,2.928084696151139,155.35799309484457,-79.42157044878863,0,0,0.4,155.35799309484457,20260331-161237,0.0,0.0
229.9057730435269,2.894914510657053,155.40388573317995,-79.41711998650545,0,0,0.4,155.40388573317995,20260331-161237,0.0,0.0
227.25861204756302,2.8617481450802766,155.4508475384123,-79.41251309562325,0,0,0.4,155.4508475384123,20260331-161237,0.0,0.0
224.61160732406285,2.828585735168393,155.49891624831446,-79.40774236800397,0,0,0.4,155.49891624831443,20260331-161237,0.0,0.0
221.964764463832,2.7954274231781304,155.54813139461714,-79.40279995231626,0,0,0.4,155.54813139461717,20260331-161237,0.0,0.0
219.3180893272168,2.7622733582702486,155.59853441069333,-79.39767752187822,0,0,0.4,155.59853441069333,20260331-161237,0.0,0.0
216.67158806052274,2.7291236969335086,155.65016874707828,-79.39236623974895,0,0,0.4,155.65016874707828,20260331-161237,0.0,0.0
214.02526711364675,2.6959786034402886,155.70307999549811,-79.38685672079632,0,0,0.4,155.70307999549814,20260331-161237,0.0,0.0
211.37913325902824,2.6628382503366184,155.7573160221449,-79.3811389904389,0,0,0.4,155.75731602214492,20260331-161237,0.0,0.0
208.73319361203525,2.629702818969696,155.8129271110111,-79.37520243972504,0,0,0.4,155.8129271110111,20260331-161237,0.0,0.0
206.08745565291437,2.5965725000563,155.86996611817858,-79.36903577637285,0,0,0.4,155.8699661181786,20260331-161237,0.0,0.0
203.44192725044581,2.5634474942958247,155.92848863804988,-79.36262697135173,0,0,0.4,155.92848863804986,20260331-161237,0.0,0.0
200.7966166874597,2.530328013032084,155.98855318261042,-79.3559632005361,0,0,0.4,155.98855318261042,20260331-161237,0.0,0.0
198.15153268838657,2.4972142789684773,156.0502213749284,-79.34903078090555,0,0,0.4,156.0502213749284,20260331-161237,0.0,0.0
195.50668444903368,2.4641065269415923,156.11355815822412,-79.34181510070236,0,0,0.4,156.11355815822412,20260331-161237,0.0,0.0
192.86208166879908,2.4310050047589105,156.17863202198794,-79.33430054288422,0,0,0.4,156.17863202198797,20260331-161237,0.0,0.0
190.21773458555913,2.3979099741068803,156.24551524678662,-79.32647040112803,0,0,0.4,156.24551524678662,20260331-161237,0.0,0.0
187.57365401349165,2.3648217115363668,156.31428416957988,-79.3183067875462,0,0,0.4,156.31428416957988,20260331-161237,0.0,0.0
184.92985138412652,2.331740509533277,156.38501947157624,-79.30979053116945,0,0,0.4,156.38501947157627,20260331-161237,0.0,0.0
182.28633879094826,2.2986666776830624,156.45780649088658,-79.30090106612738,0,0,0.4,156.45780649088655,20260331-161237,0.0,0.0
179.6431290379145,2.2656005439388665,156.53273556249678,-79.29161630831682,0,0,0.4,156.53273556249678,20260331-161237,0.0,0.0
177.0002356922962,2.232542456004228,156.6099023883794,-79.28191251918615,0,0,0.4,156.60990238837942,20260331-161237,0.0,0.0
174.3576731422945,2.1994927828425954,156.68940844089536,-79.27176415507803,0,0,0.4,156.6894084408954,20260331-161237,0.0,0.0
171.71545665994424,2.1664519163274423,156.771361403024,-79.26114370035748,0,0,0.4,156.77136140302403,20260331-161237,0.0,0.0
169.0736024698781,2.1334202730484924,156.85587564939038,-79.25002148230504,0,0,0.4,156.85587564939038,20260331-161237,0.0,0.0
166.4321278245962,2.100398296291566,156.94307277255507,-79.2383654654674,0,0,0.4,156.9430727725551,20260331-161237,0.0,0.0
163.79105108696956,2.0673864582118444,157.03308215959817,-79.22614102282465,0,0,0.4,157.03308215959814,20260331-161237,0.0,0.0
161.1503918207989,2.034385262222931,157.12604162467318,-79.21331068074745,0,0,0.4,157.12604162467318,20260331-161237,0.0,0.0
158.51017089035938,2.0013952456271786,157.22209810395213,-79.19983383426442,0,0,0.4,157.2220981039521,20260331-161237,0.0,0.0
155.87041056998612,1.9684169825161417,157.32140842023148,-79.18566642863635,0,0,0.4,157.3214084202315,20260331-161237,0.0,0.0
153.23113466489875,1.9354510869741246,157.4241401254526,-79.17076060261466,0,0,0.4,157.4241401254526,20260331-161237,0.0,0.0
150.59236864462892,1.9024982166224045,157.53047243051856,-79.15506428804055,0,0,0.4,157.53047243051856,20260331-161237,0.0,0.0
147.95413979060706,1.8695590765471786,157.64059723310208,-79.13852075958907,0,0,0.4,157.6405972331021,20260331-161237,0.0,0.0
145.31647735968673,1.836634423660573,157.7547202556512,-79.12106812746016,0,0,0.4,157.7547202556512,20260331-161237,0.0,0.0
142.67941276564528,1.8037250715514899,157.8730623075635,-79.10263876463077,0,0,0.4,157.87306230756346,20260331-161237,0.0,0.0
140.04297978100016,1.7708318958916696,157.99586068755025,-79.0831586588766,0,0,0.4,157.99586068755022,20260331-161237,0.0,0.0
137.40721476183495,1.737955840472583,158.12337074460606,-79.06254667809704,0,0,0.4,158.12337074460604,20260331-161237,0.0,0.0
134.7721568987439,1.705097923960721,158.25586761880118,-79.04071373548194,0,0,0.4,158.2558676188012,20260331-161237,0.0,0.0
132.13784849748927,1.6722592474730313,158.393648186404,-79.01756183867076,0,0,0.4,158.39364818640396,20260331-161237,0.0,0.0
129.50433529354302,1.6394410030910924,158.53703323770765,-78.99298300418765,0,0,0.4,158.53703323770762,20260331-161237,0.0,0.0
126.87166680536113,1.6066444834525744,158.68636992050574,-78.96685801498673,0,0,0.4,158.68636992050574,20260331-161237,0.0,0.0
124.23989673204788,1.573871092582461,158.84203448756062,-78.93905499477142,0,0,0.4,158.84203448756062,20260331-161237,0.0,0.0
121.60908340202411,1.5411223581550881,159.00443539282708,-78.9094277676985,0,0,0.4,159.00443539282705,20260331-161237,0.0,0.0
118.97929028046092,1.5083999454124886,159.1740167888313,-78.87781396592713,0,0,0.4,159.1740167888313,20260331-161237,0.0,0.0
116.35058654461133,1.475705673006061,159.3512624867319,-78.8440328399642,0,0,0.4,159.3512624867319,20260331-161237,0.0,0.0
113.72304773782308,1.4430415310789544,159.53670045152546,-78.80788271754935,0,0,0.4,159.5367004515255,20260331-161237,0.0,0.0
111.09675651500575,1.4104097019678499,159.73090791801758,-78.76913804549126,0,0,0.4,159.7309079180176,20260331-161237,0.0,0.0
108.47180349473749,1.3778125839777693,159.93451722905723,-78.72754593485963,0,0,0.4,159.93451722905723,20260331-161237,0.0,0.0
105.8482882361288,1.3452528187756283,160.148222516769,-78.68282211254969,0,0,0.4,160.14822251676904,20260331-161237,0.0,0.0
103.2263203621414,1.31273332306184,160.37278737091145,-78.63464616055809,0,0,0.4,160.37278737091145,20260331-161237,0.0,0.0
100.60602085545119,1.2802573253202767,160.60905366704674,-78.58265589715177,0,0,0.4,160.6090536670467,20260331-161237,0.0,0.0
97.98752355835258,1.2478284086226572,160.85795176221603,-78.52644071993072,0,0,0.4,160.85795176221603,20260331-161237,0.0,0.0
95.37097691489328,1.2154505606839106,161.12051230890552,-78.46553368754864,0,0,0.4,161.12051230890555,20260331-161237,0.0,0.0
92.75654600174967,1.1831282326431656,161.3978799913591,-78.39940206187715,0,0,0.4,161.39787999135908,20260331-161237,0.0,0.0
90.14441490474871,1.1508664083980096,161.69132955444815,-78.32743596211877,0,0,0.4,161.69132955444815,20260331-161237,0.0,0.0
87.53478951100215,1.1186706867706855,162.00228457782964,-78.24893469202502,0,0,0.4,162.0022845778296,20260331-161237,0.0,0.0
84.92790080310832,1.0865473793650515,162.3323395515538,-78.16309018456043,0,0,0.4,162.3323395515538,20260331-161237,0.0,0.0
82.32400876282051,1.0545036277249955,162.68328593954567,-78.06896685640405,0,0,0.4,162.68328593954567,20260331-161237,0.0,0.0
79.72340701833106,1.0225475443868266,163.05714308224907,-77.96547696580447,0,0,0.4,163.05714308224907,20260331-161237,0.0,0.0
77.12642840370086,0.9906883837109522,163.45619499943433,-77.85135030532831,0,0,0.4,163.45619499943433,20260331-161237,0.0,0.0
74.53345164342718,0.9589367500952588,163.8830344222867,-77.72509671364998,0,0,0.4,163.8830344222867,20260331-161237,0.0,0.0
71.94490943302513,0.9273048534746663,164.34061572843444,-77.58495942671203,0,0,0.4,164.34061572843444,20260331-161237,0.0,0.0
69.3612982623629,0.8958068251284594,164.8323188985754,-77.42885666495835,0,0,0.4,164.83231889857544,20260331-161237,0.0,0.0
66.78319042862456,0.8644591110829298,165.36202719097417,-77.25430800881209,0,0,0.4,165.36202719097417,20260331-161237,0.0,0.0
64.2112488188992,0.8332809663022183,165.93422198340136,-77.05834096252566,0,0,0.4,165.93422198340136,20260331-161237,0.0,0.0
61.646245220697935,0.8022950811361853,166.5540992188063,-76.8373715234505,0,0,0.4,166.55409921880627,20260331-161237,0.0,0.0
59.08908315932351,0.7715283832474251,167.2277131883215,-76.58705038253136,0,0,0.4,167.2277131883215,20260331-161237,0.0,0.0
56.54082658822439,0.7410130751731684,167.96215509563342,-76.30206332730538,0,0,0.4,167.96215509563342,20260331-161237,0.0,0.0
54.002736206798474,0.7107879924593067,168.7657761048779,-75.97587013245752,0,0,0.4,168.76577610487792,20260331-161237,0.0,0.0
51.47631579895408,0.6809004041937708,169.64846755267126,-75.60036017294672,0,0,0.4,169.64846755267124,20260331-161237,0.0,0.0
48.963371845874995,0.6514084337161192,170.62201491603162,-75.1653944155304,0,0,0.4,170.62201491603165,20260331-161237,0.0,0.0
46.46609086928215,0.6223843638972485,171.70054721207595,-74.65819124748029,0,0,0.4,171.70054721207595,20260331-161237,0.0,0.0
43.98714065154196,0.5939192285563678,172.90110998469754,-74.06249627320699,0,0,0.4,172.9011099846975,20260331-161237,0.0,0.0
41.52980385934745,0.5661293143725034,174.2443979860617,-73.357451742945,0,0,0.4,174.24439798606167,20260331-161237,0.0,0.0
39.09815594582938,0.5391655698549416,175.75569271571828,-72.51604726234363,0,0,0.4,175.75569271571825,20260331-161237,0.0,0.0
36.69730387922393,0.5132275598688845,177.46605862344052,-71.50298765833831,0,0,0.4,177.4660586234405,20260331-161237,0.0,0.0
34.33370864784346,0.4885847520644844,179.41385583834187,-70.27175633862603,0,0,0.4,179.41385583834187,20260331-161237,0.0,0.0
32.015622919085686,0.46561006087737183,-178.35338329409439,-68.76059090896163,0,0,0.4,-178.35338329409439,20260331-161237,0.0,0.0
29.753685421311356,0.4448347581191989,-175.77671427534378,-66.8870516034147,0,0,0.4,-175.77671427534378,20260331-161237,0.0,0.0
529.7362202370813,373.19126142233625,-2.5590422301527553,1.4194764856446755,0,0,0.3,-2.5590422301527593,20260331-161237,0.0,0.0
529.7835372718782,373.20642437422225,-2.562820593669727,1.419545599088221,0,0,0.3,-2.5628205936697133,20260331-161237,0.0,0.0
529.8308566101481,373.2215923403172,-2.566598282309741,1.4196146940154222,0,0,0.3,-2.566598282309741,20260331-161237,0.0,0.0
529.8781782512735,373.23676531854545,-2.570375296220817,1.4196837704319931,0,0,0.3,-2.570375296220806,20260331-161237,0.0,0.0
529.9255021946378,373.2519433068332,-2.574151635550834,1.4197528283436438,0,0,0.3,-2.5741516355508445,20260331-161237,0.0,0.0
529.9728284396242,373.26712630310743,-2.5779273004477545,1.4198218677560843,0,0,0.3,-2.5779273004477603,20260331-161237,0.0,0.0
530.020156985616,373.2823143052962,-2.581702291059429,1.4198908886750223,0,0,0.3,-2.58170229105943,20260331-161237,0.0,0.0
530.067487831997,373.2975073113289,-2.585476607533707,1.419959891106164,0,0,0.3,-2.5854766075336992,20260331-161237,0.0,0.0
530.1148209781511,373.312705319136,-2.589250250018381,1.4200288750552135,0,0,0.3,-2.5892502500183863,20260331-161237,0.0,0.0
530.1621564234621,373.32790832664904,-2.5930232186612727,1.420097840527873,0,0,0.3,-2.5930232186612776,20260331-161237,0.0,0.0
530.2094941673143,373.34311633180096,-2.596795513610118,1.4201667875298434,0,0,0.3,-2.5967955136101324,20260331-161237,0.0,0.0
530.2568342090922,373.35832933252533,-2.6005671350126818,1.420235716066824,0,0,0.3,-2.6005671350126787,20260331-161237,0.0,0.0
530.3041765481803,373.3735473267573,-2.6043380830166143,1.420304626144512,0,0,0.3,-2.6043380830166165,20260331-161237,0.0,0.0
530.3515211839634,373.38877031243317,-2.6081083577696234,1.4203735177686025,0,0,0.3,-2.608108357769616,20260331-161237,0.0,0.0
530.3988681158265,373.40399828749,-2.611877959419303,1.4204423909447899,0,0,0.3,-2.611877959419317,20260331-161237,0.0,0.0
530.4462173431548,373.41923124986636,-2.615646888113332,1.4205112456787659,0,0,0.3,-2.6156468881133317,20260331-161237,0.0,0.0
530.4935688653335,373.4344691975017,-2.619415143999248,1.4205800819762209,0,0,0.3,-2.619415143999242,20260331-161237,0.0,0.0
530.5409226817484,373.44971212833707,-2.623182727224588,1.4206488998428428,0,0,0.3,-2.6231827272245996,20260331-161237,0.0,0.0
530.5882787917849,373.4649600403138,-2.6269496379369173,1.4207176992843193,0,0,0.3,-2.626949637936928,20260331-161237,0.0,0.0
464.29812796491575,30.030964481372376,-122.42325155096955,15.460646568741103,0,0,0.3,-122.42325155096955,20260331-161237,0.0,0.0
464.8207727833677,29.238062574246086,-122.10236080198565,15.897796634199635,0,0,0.3,-122.10236080198565,20260331-161237,0.0,0.0
465.35796448970353,28.491093205977435,-121.78220087809973,16.333454147420056,0,0,0.3,-121.78220087809973,20260331-161237,0.0,0.0
465.9096527664397,27.78632970256503,-121.46278920947351,16.767585274978952,0,0,0.3,-121.46278920947351,20260331-161237,0.0,0.0
466.47578617947556,27.12043791906538,-121.14414295887597,17.20015685482527,0,0,0.3,-121.14414295887597,20260331-161237,0.0,0.0
465.21494107776743,6.061541912438032,120.96170540946491,-76.7486140981993,0,0,0.3,120.96170540946493,20260331-161237,0.0,0.0
462.65719184391077,6.0307586397277815,120.87433590030469,-76.71625072111895,0,0,0.3,120.87433590030466,20260331-161237,0.0,0.0
460.10053037533777,6.000005907693187,120.7859952035987,-76.68334622560928,0,0,0.3,120.78599520359872,20260331-161237,0.0,0.0
457.54497490663374,5.969284268292851,120.69666746257013,-76.64988872066006,0,0,0.3,120.69666746257013,20260331-161237,0.0,0.0
454.9905440740811,5.938594286866647,120.6063364833094,-76.61586599379322,0,0,0.3,120.60633648330942,20260331-161237,0.0,0.0
452.4372569265441,5.907936542543696,120.51498572606039,-76.58126550082149,0,0,0.3,120.5149857260604,20260331-161237,0.0,0.0
449.88513293670223,5.877311628665369,120.42259829624487,-76.54607435523424,0,0,0.3,120.42259829624489,20260331-161237,0.0,0.0
447.3341920126428,5.846720153223949,120.32915693521727,-76.51027931719591,0,0,0.3,120.32915693521726,20260331-161237,0.0,0.0
444.78445450982764,5.8161627393176465,120.23464401074045,-76.4738667821406,0,0,0.3,120.23464401074045,20260331-161237,0.0,0.0
442.2359412434465,5.785640025622668,120.13904150717337,-76.43682276894711,0,0,0.3,120.13904150717335,20260331-161237,0.0,0.0
439.68867350117216,5.755152666883119,120.04233101536045,-76.39913290767647,0,0,0.3,120.04233101536042,20260331-161237,0.0,0.0
437.14267305633166,5.724701334419495,119.94449372221311,-76.36078242685467,0,0,0.3,119.94449372221311,20260331-161237,0.0,0.0
434.5979621815093,5.694286716656606,119.84551039997302,-76.32175614028142,0,0,0.3,119.84551039997301,20260331-161237,0.0,0.0
432.05456366259745,5.66390951967182,119.74536139514555,-76.28203843334555,0,0,0.3,119.74536139514557,20260331-161237,0.0,0.0
429.5125008133122,5.633570467764515,119.64402661709363,-76.24161324882641,0,0,0.3,119.64402661709362,20260331-161237,0.0,0.0
426.97179749019114,5.603270304047727,119.5414855262789,-76.20046407216023,0,0,0.3,119.54148552627892,20260331-161237,0.0,0.0
424.4324781080911,5.573009791062997,119.43771712213976,-76.1585739161486,0,0,0.3,119.43771712213974,20260331-161237,0.0,0.0
421.8945676562058,5.54278971141949,119.33269993059207,-76.11592530508612,0,0,0.3,119.33269993059204,20260331-161237,0.0,0.0
419.3580917146224,5.512610868458514,119.22641199114173,-76.07250025828272,0,0,0.3,119.22641199114172,20260331-161237,0.0,0.0
416.82307647143733,5.4824740869446105,119.11883084359408,-76.0282802729549,0,0,0.3,119.1188308435941,20260331-161237,0.0,0.0
414.2895487404538,5.452380213784483,119.00993351434738,-75.9832463064597,0,0,0.3,119.00993351434738,20260331-161237,0.0,0.0
411.757535979483,5.4223301187750845,118.89969650225561,-75.93737875784292,0,0,0.3,118.8996965022556,20260331-161237,0.0,0.0
409.2270663092714,5.392324695382207,118.78809576404603,-75.89065744867305,0,0,0.3,118.78809576404602,20260331-161237,0.0,0.0
406.69816853308004,5.362364861551106,118.67510669927628,-75.84306160312997,0,0,0.3,118.6751066992763,20260331-161237,0.0,0.0
404.17087215693994,5.3324515605506395,118.56070413481513,-75.7945698273168,0,0,0.3,118.56070413481513,20260331-161237,0.0,0.0
401.64520741061085,5.302585761852609,118.44486230883001,-75.74516008776153,0,0,0.3,118.44486230882998,20260331-161237,0.0,0.0
399.1212052692702,5.272768462047965,118.32755485426532,-75.69480968907364,0,0,0.3,118.3275548542653,20260331-161237,0.0,0.0
396.5988974759618,5.2430006858017615,118.20875478179335,-75.64349525071896,0,0,0.3,118.20875478179336,20260331-161237,0.0,0.0
394.07831656483353,5.213283486848715,118.08843446221954,-75.59119268287536,0,0,0.3,118.08843446221955,20260331-161237,0.0,0.0
391.5594958851962,5.1836179490314604,117.96656560832383,-75.53787716132854,0,0,0.3,117.96656560832385,20260331-161237,0.0,0.0
389.0424696264356,5.154005187383613,117.84311925611814,-75.48352310136686,0,0,0.3,117.84311925611816,20260331-161237,0.0,0.0
386.52727284381155,5.124446349259912,117.71806574550044,-75.42810413063158,0,0,0.3,117.71806574550043,20260331-161237,0.0,0.0
384.0139414851807,5.094942615515884,117.59137470028406,-75.37159306087644,0,0,0.3,117.59137470028408,20260331-161237,0.0,0.0
381.5025124186791,5.065495201739533,117.46301500758159,-75.31396185858945,0,0,0.3,117.46301500758159,20260331-161237,0.0,0.0
378.9930234614038,5.0361053595377845,117.33295479652003,-75.25518161442673,0,0,0.3,117.33295479652003,20260331-161237,0.0,0.0
376.48551340913394,5.006774377880532,117.20116141626579,-75.1952225114062,0,0,0.3,117.20116141626578,20260331-161237,0.0,0.0
373.9800220671331,4.977503584505319,117.0676014133345,-75.13405379180666,0,0,0.3,117.0676014133345,20260331-161237,0.0,0.0
371.47659028207784,4.94829434738587,116.9322405081623,-75.07164372271525,0,0,0.3,116.93224050816232,20260331-161237,0.0,0.0
368.9752599751578,4.919148076267897,116.79504357091275,-75.00795956016337,0,0,0.3,116.79504357091278,20260331-161237,0.0,0.0
366.4760741763956,4.890066224275768,116.65597459649382,-74.942967511789,0,0,0.3,116.6559745964938,20260331-161237,0.0,0.0
363.97907706023705,4.861050289593943,116.51499667875783,-74.87663269795985,0,0,0.3,116.51499667875781,20260331-161237,0.0,0.0
361.4843139824633,4.832101817227198,116.37207198385755,-74.80891911128926,0,0,0.3,116.37207198385755,20260331-161237,0.0,0.0
358.9918315184809,4.803222400844027,116.22716172272902,-74.73978957447369,0,0,0.3,116.22716172272904,20260331-161237,0.0,0.0
356.50167750304615,4.774413684707837,116.08022612267257,-74.66920569637688,0,0,0.3,116.0802261226726,20260331-161237,0.0,0.0
354.0139010714828,4.74567736570082,115.93122439800209,-74.59712782628316,0,0,0.3,115.93122439800212,20260331-161237,0.0,0.0
351.52855270245755,4.717015195445793,115.78011471973105,-74.52351500623807,0,0,0.3,115.78011471973105,20260331-161237,0.0,0.0
349.0456842623763,4.688428982531508,115.62685418426435,-74.44832492139186,0,0,0.3,115.62685418426433,20260331-161237,0.0,0.0
346.5653490514708,4.659920594847454,115.47139878106304,-74.37151384825601,0,0,0.3,115.47139878106306,20260331-161237,0.0,0.0
344.08760185164505,4.631491962034387,115.31370335924879,-74.29303660078129,0,0,0.3,115.31370335924878,20260331-161237,0.0,0.0
341.6124989761584,4.603145078057438,115.15372159311323,-74.21284647415924,0,0,0.3,115.15372159311325,20260331-161237,0.0,0.0
339.1400983212198,4.574882003908946,114.99140594649913,-74.13089518624659,0,0,0.3,114.99140594649914,20260331-161237,0.0,0.0
336.6704594195764,4.546704870448712,114.82670763601527,-74.0471328165073,0,0,0.3,114.82670763601529,20260331-161237,0.0,0.0
334.20364349618006,4.5186158813899535,114.65957659305087,-73.96150774236136,0,0,0.3,114.65957659305087,20260331-161237,0.0,0.0
331.7397135260205,4.490617316439676,114.4899614245511,-73.87396657282652,0,0,0.3,114.48996142455108,20260331-161237,0.0,0.0
329.27873429421726,4.462711534602914,114.31780937251654,-73.78445407933275,0,0,0.3,114.31780937251656,20260331-161237,0.0,0.0
326.8207724584661,4.434900977660891,114.14306627218872,-73.69291312358497,0,0,0.3,114.14306627218873,20260331-161237,0.0,0.0
324.36589661394186,4.407188173833861,113.96567650888198,-73.59928458234458,0,0,0.3,113.96567650888201,20260331-161237,0.0,0.0
321.9141773607611,4.379575741640187,113.78558297342374,-73.50350726899441,0,0,0.3,113.78558297342376,20260331-161237,0.0,0.0
319.4656873741151,4.352066393964031,113.60272701616276,-73.40551785174705,0,0,0.3,113.60272701616277,20260331-161237,0.0,0.0
317.0205014771873,4.324662942344926,113.41704839950654,-73.30525076835049,0,0,0.3,113.41704839950653,20260331-161237,0.0,0.0
314.57869671697415,4.297368301503492,113.22848524894727,-73.20263813713956,0,0,0.3,113.22848524894728,20260331-161237,0.0,0.0
312.1403524431339,4.27018549411857,113.03697400253793,-73.09760966427628,0,0,0.3,113.03697400253796,20260331-161237,0.0,0.0
309.7055503899937,4.243117655872285,112.84244935877786,-72.99009254701552,0,0,0.3,112.84244935877787,20260331-161237,0.0,0.0
307.2743747618489,4.216168040780657,112.64484422286978,-72.88001137282816,0,0,0.3,112.6448442228698,20260331-161237,0.0,0.0
304.8469123216973,4.189340026828851,112.4440896513101,-72.76728801420619,0,0,0.3,112.44408965131008,20260331-161237,0.0,0.0
302.42325248355365,4.162637121931566,112.24011479477429,-72.65184151897002,0,0,0.3,112.24011479477426,20260331-161237,0.0,0.0
300.00348740849836,4.136062970240619,112.03284683926267,-72.53358799589199,0,0,0.3,112.0328468392627,20260331-161237,0.0,0.0
297.5877121046197,4.109621358823622,111.82221094547117,-72.41244049544362,0,0,0.3,111.82221094547118,20260331-161237,0.0,0.0
295.1760245310147,4.083316224739402,111.60813018635412,-72.28830888547039,0,0,0.3,111.6081301863541,20260331-161237,0.0,0.0
292.7685257060219,4.05715166253799,111.39052548285002,-72.16109972159082,0,0,0.3,111.39052548285001,20260331-161237,0.0,0.0
290.3653198198644,4.031131932215166,111.16931553774197,-72.03071611211305,0,0,0.3,111.16931553774197,20260331-161237,0.0,0.0
287.9665143518911,4.005261467654067,110.94441676762852,-71.89705757725643,0,0,0.3,110.94441676762854,20260331-161237,0.0,0.0
285.572220192607,3.9795448855889526,110.71574323298489,-71.76001990246273,0,0,0.3,110.71574323298492,20260331-161237,0.0,0.0
283.182551770696,3.9539869951292745,110.48320656629863,-71.61949498557657,0,0,0.3,110.48320656629863,20260331-161237,0.0,0.0
280.7976271852421,3.9285928078852765,110.24671589826897,-71.47537067767345,0,0,0.3,110.24671589826896,20260331-161237,0.0,0.0
278.4175683433657,3.903367548739965,110.0061777820656,-71.3275306173104,0,0,0.3,110.00617778206559,20260331-161237,0.0,0.0
276.04250110349744,3.8783166673160694,109.76149611564887,-71.1758540579742,0,0,0.3,109.76149611564887,20260331-161237,0.0,0.0
273.67255542452057,3.8534458501909095,109.5125720621615,-71.02021568850179,0,0,0.3,109.51257206216148,20260331-161237,0.0,0.0
271.307865521019,3.8287610339166798,109.25930396841136,-70.86048544624921,0,0,0.3,109.25930396841134,20260331-161237,0.0,0.0
268.9485700248777,3.8042684189088143,109.0015872814742,-70.69652832278874,0,0,0.3,109.00158728147419,20260331-161237,0.0,0.0
266.59481215348694,3.779974484270695,108.73931446345745,-70.52820416191871,0,0,0.3,108.73931446345743,20260331-161237,0.0,0.0
264.2467398848103,3.7558860036292074,108.47237490447861,-70.35536744977779,0,0,0.3,108.4723749044786,20260331-161237,0.0,0.0
261.90450613958404,3.7320100620624688,108.20065483392699,-70.17786709686533,0,0,0.3,108.20065483392699,20260331-161237,0.0,0.0
259.56826897091906,3.7083540742086445,107.92403723009312,-69.99554621178142,0,0,0.3,107.9240372300931,20260331-161237,0.0,0.0
257.23819176158617,3.6849258036531194,107.6424017282693,-69.80824186651691,0,0,0.3,107.64240172826932,20260331-161237,0.0,0.0
254.91444342926695,3.6617333837005406,107.35562452744534,-69.61578485314267,0,0,0.3,107.35562452744531,20260331-161237,0.0,0.0
252.59719864006112,3.638785339648583,107.06357829574489,-69.41799943177077,0,0,0.3,107.06357829574488,20260331-161237,0.0,0.0
250.28663803054135,3.6160906126915964,106.76613207477646,-69.21470306968976,0,0,0.3,106.76613207477644,20260331-161237,0.0,0.0
247.98294843865204,3.593658585595019,106.46315118309786,-69.0057061716096,0,0,0.3,106.46315118309786,20260331-161237,0.0,0.0
245.6863231437482,3.571499110295514,106.15449711902772,-68.79081180099176,0,0,0.3,106.1544971190277,20260331-161237,0.0,0.0
243.39696211607196,3.549622537597456,105.8400274630701,-68.56981539248788,0,0,0.3,105.84002746307013,20260331-161237,0.0,0.0
241.11507227596132,3.528039749153939,105.51959578025958,-68.34250445556438,0,0,0.3,105.51959578025958,20260331-161237,0.0,0.0
238.84086776308348,3.5067621919399863,105.19305152277383,-68.10865826945442,0,0,0.3,105.19305152277384,20260331-161237,0.0,0.0
236.57457021597776,3.485801915447531,104.86023993321157,-67.86804756965219,0,0,0.3,104.86023993321159,20260331-161237,0.0,0.0
234.3164090621859,3.465171611856223,104.52100194898287,-67.62043422624812,0,0,0.3,104.52100194898286,20260331-161237,0.0,0.0
232.06662181923508,3.4448846594615667,104.17517410831755,-67.36557091450108,0,0,0.3,104.17517410831755,20260331-161237,0.0,0.0
229.82545440672428,3.4249551696727796,103.82258845846093,-67.10320077815261,0,0,0.3,103.82258845846094,20260331-161237,0.0,0.0
227.59316146974606,3.4053980379274362,103.46307246669329,-66.83305708611432,0,0,0.3,103.46307246669328,20260331-161237,0.0,0.0
225.37000671385204,3.386228998909108,103.09644893488712,-66.55486288330063,0,0,0.3,103.0964489348871,20260331-161237,0.0,0.0
223.15626325174182,3.3674646864983058,102.7225359183978,-66.26833063653987,0,0,0.3,102.7225359183978,20260331-161237,0.0,0.0
220.95221396182222,3.3491226989369998,102.34114665017347,-65.97316187667646,0,0,0.3,102.34114665017347,20260331-161237,0.0,0.0
218.75815185874154,3.3312216697433956,101.95208947106852,-65.66904683818069,0,0,0.3,101.9520894710685,20260331-161237,0.0,0.0
216.57438047595744,3.313781344977845,101.55516776745117,-65.3556640978089,0,0,0.3,101.55516776745118,20260331-161237,0.0,0.0
214.40121426034065,3.2968226675335095,101.15017991731241,-65.03268021411147,0,0,0.3,101.15017991731241,20260331-161237,0.0,0.0
212.2389789787527,3.2803678692083866,100.73691924620675,-64.69974936986866,0,0,0.3,100.73691924620674,20260331-161237,0.0,0.0
210.0880121364604,3.264440571409834,100.31517399449228,-64.35651301984903,0,0,0.3,100.31517399449228,20260331-161237,0.0,0.0
207.948663407166,3.2490658954508707,99.8847272974815,-64.00259954663342,0,0,0.3,99.88472729748152,20260331-161237,0.0,0.0
205.82129507433217,3.2342705835212695,99.44535718027032,-63.637623927632845,0,0,0.3,99.44535718027029,20260331-161237,0.0,0.0
203.7062824833711,3.220083131558541,98.99683656917932,-63.261187416852785,0,0,0.3,98.99683656917932,20260331-161237,0.0,0.0
201.60401450414085,3.206533935407274,98.53893332191984,-62.87287724542181,0,0,0.3,98.53893332191983,20260331-161237,0.0,0.0
199.514894003049,3.1936554518435347,98.07141027878316,-62.472266345412805,0,0,0.3,98.07141027878315,20260331-161237,0.0,0.0
197.43933832390422,3.1814823762585935,97.59402533735368,-62.05891310204014,0,0,0.3,97.59402533735367,20260331-161237,0.0,0.0
195.37777977647696,3.170051839048029,97.10653155345278,-61.632361139920405,0,0,0.3,97.10653155345278,20260331-161237,0.0,0.0
193.33066613153005,3.1594036230446467,96.60867727124105,-61.19213914973662,0,0,0.3,96.60867727124108,20260331-161237,0.0,0.0
191.29846112085673,3.1495804046737703,96.10020628563251,-60.73776076234866,0,0,0.3,96.1002062856325,20260331-161237,0.0,0.0
189.2816449406173,3.140628021906351,95.58085804040843,-60.2687244781456,0,0,0.3,95.58085804040842,20260331-161237,0.0,0.0
187.28071475599157,3.132595772549614,95.05036786565881,-59.78451366023652,0,0,0.3,95.05036786565879,20260331-161237,0.0,0.0
185.29618520486446,3.125536746959565,94.50846725841916,-59.28459660092476,0,0,0.3,94.50846725841915,20260331-161237,0.0,0.0
183.32858889793204,3.119508199900472,93.95488421061373,-58.768426671800746,0,0,0.3,93.9548842106137,20260331-161237,0.0,0.0
181.37847691225576,3.1145719670324814,93.38934358865185,-58.23544256871692,0,0,0.3,93.38934358865184,20260331-161237,0.0,0.0
179.44641927490116,3.110794932403586,92.8115675692539,-57.68506866386404,0,0,0.3,92.81156756925388,20260331-161237,0.0,0.0
177.53300543287358,3.108249554384907,92.2212761362959,-57.116715478144954,0,0,0.3,92.2212761362959,20260331-161237,0.0,0.0
175.6388447051079,3.107014458754703,91.618187643657,-56.52978028802102,0,0,0.3,91.61818764365698,20260331-161237,0.0,0.0
173.76456671177957,3.1071751091505866,91.0020194492173,-55.923647881976585,0,0,0.3,91.0020194492173,20260331-161237,0.0,0.0
171.91082177568447,3.1088245669265557,90.3724886252835,-55.29769148268114,0,0,0.3,90.3724886252835,20260331-161237,0.0,0.0
170.0782812898843,3.1120643546401063,89.72931275079799,-54.65127385180727,0,0,0.3,89.72931275079797,20260331-161237,0.0,0.0
168.2676380452345,3.1170054400416727,89.07221079071127,-53.98374859524943,0,0,0.3,89.07221079071128,20260331-161237,0.0,0.0
166.4796065108104,3.1237693606527963,88.40090406784657,-53.294461687152214,0,0,0.3,88.40090406784658,20260331-161237,0.0,0.0
164.7149230596235,3.1324895129392627,87.71511733244967,-52.58275323165215,0,0,0.3,87.71511733244965,20260331-161237,0.0,0.0
162.97434613138438,3.1433126348873643,87.01457993438066,-51.84795948151823,0,0,0.3,87.01457993438065,20260331-161237,0.0,0.0
161.25865632342988,3.156400516701703,86.29902710254765,-51.089415132886224,0,0,0.3,86.29902710254765,20260331-161237,0.0,0.0
159.5686564002939,3.1719319816530924,85.56820133568988,-50.30645591496343,0,0,0.3,85.56820133568985,20260331-161237,0.0,0.0
157.90517121178524,3.1901051881938383,84.82185390796928,-49.49842149286225,0,0,0.3,84.8218539079693,20260331-161237,0.0,0.0
156.2690475088479,3.2111403158187786,84.05974649200726,-48.66465870053465,0,0,0.3,84.05974649200725,20260331-161237,0.0,0.0
154.66115364594012,3.235282711433574,83.28165290098258,-47.80452511904556,0,0,0.3,83.28165290098258,20260331-161237,0.0,0.0
153.08237915819973,3.262806591056223,82.48736095017841,-46.917393013063794,0,0,0.3,82.48736095017841,20260331-161237,0.0,0.0
151.5336342012813,3.294019414669824,81.67667443690095,-46.0026536353825,0,0,0.3,81.67667443690098,20260331-161237,0.0,0.0
150.01584884148684,3.3292670815042786,80.84941523598644,-45.05972190543045,0,0,0.3,80.84941523598643,20260331-161237,0.0,0.0
148.52997218368796,3.3689401310386575,80.00542550614591,-44.088041463027004,0,0,0.3,80.00542550614594,20260331-161237,0.0,0.0
147.0769713245877,3.413481184436352,79.14457000017063,-43.08709009300535,0,0,0.3,79.14457000017063,20260331-161237,0.0,0.0
145.65783011912285,3.4633939258858257,78.2667384695244,-42.05638550973327,0,0,0.3,78.26673846952443,20260331-161237,0.0,0.0
144.2735477482969,3.519254008900652,77.37184815110294,-40.99549148297062,0,0,0.3,77.37184815110292,20260331-161237,0.0,0.0
142.9251370774929,3.5817223867461916,76.45984632094769,-39.904024277920925,0,0,0.3,76.45984632094772,20260331-161237,0.0,0.0
141.61362279537713,3.651561719783492,75.53071289650524,-38.78165937279397,0,0,0.3,75.53071289650522,20260331-161237,0.0,0.0
140.34003932489745,3.729656721460865,74.5844630656494,-37.6281384067775,0,0,0.3,74.58446306564942,20260331-161237,0.0,0.0
139.10542849963608,3.8170395919943676,73.62114991720438,-36.44327630014306,0,0,0.3,73.62114991720439,20260331-161237,0.0,0.0
137.9108370009121,3.9149220885425993,72.64086704417565,-35.22696847646639,0,0,0.3,72.64086704417565,20260331-161237,0.0,0.0
136.75731355356507,4.024736344027036,71.64375108741638,-33.97919810487005,0,0,0.3,71.64375108741639,20260331-161237,0.0,0.0
135.64590588128812,4.148187351593486,70.62998418411877,-32.70004326809903,0,0,0.3,70.62998418411877,20260331-161237,0.0,0.0
134.57765742571692,4.287321198836365,69.59979628244986,-31.389683950491758,0,0,0.3,69.59979628244987,20260331-161237,0.0,0.0
133.5536038371977,4.444614856046343,68.55346728097669,-30.04840872893963,0,0,0.3,68.55346728097668,20260331-161237,0.0,0.0
132.57476924921977,4.623095903218665,67.49132894938899,-28.676621040225303,0,0,0.3,67.49132894938899,20260331-161237,0.0,0.0
131.6421623528563,4.826504527622703,66.41376658557854,-27.274844890220525,0,0,0.3,66.41376658557854,20260331-161237,0.0,0.0
130.75677229214122,5.059516291799449,65.32122036351788,-25.843729864863572,0,0,0.3,65.32122036351788,20260331-161237,0.0,0.0
129.9195644060322,5.328054042146224,64.21418632674508,-24.38405530017833,0,0,0.3,64.21418632674508,20260331-161237,0.0,0.0
129.13147584736504,5.639733546275944,63.09321698373003,-22.896733469373522,0,0,0.3,63.093216983730045,20260331-161237,0.0,0.0
128.39341111387014,6.0045148980864544,61.95892146408261,-21.382811649744948,0,0,0.3,61.95892146408259,20260331-161237,0.0,0.0
127.70623753076087,6.435679777928659,60.811965198536654,-19.84347294107655,0,0,0.3,60.811965198536654,20260331-161237,0.0,0.0
127.07078072846703,6.951342036175309,59.653069090948264,-18.28003572075451,0,0,0.3,59.65306909094827,20260331-161237,0.0,0.0
126.4878201626242,7.576865136436879,58.48300815716482,-16.693951638963284,0,0,0.3,58.48300815716482,20260331-161237,0.0,0.0
125.95808472628411,8.348892234294162,57.30260961349623,-15.086802080028638,0,0,0.3,57.30260961349622,20260331-161237,0.0,0.0
125.48224850633797,9.322400939297617,56.112750406524356,-13.46029304289848,0,0,0.3,56.11275040652435,20260331-161237,0.0,0.0
125.06092673721132,10.583809873127128,54.91435418594182,-11.816248424373896,0,0,0.3,54.91435418594181,20260331-161237,0.0,0.0
124.694672004882,12.27720407029292,53.70838773277819,-10.156601722260607,0,0,0.3,53.708387732778185,20260331-161237,0.0,0.0
124.38397075311295,14.662066261911953,52.495856866459576,-8.483386211139187,0,0,0.3,52.49585686645958,20260331-161237,0.0,0.0
124.1292401414292,18.25772688925733,51.27780186532365,-6.798723679806254,0,0,0.3,51.27780186532366,20260331-161237,0.0,0.0
123.93082530079884,24.27725620701597,50.05529244611395,-5.104811855344001,0,0,0.3,50.05529244611395,20260331-161237,0.0,0.0
123.78899702823688,36.366699635886754,48.82942235822935,-3.4039106728860697,0,0,0.3,48.82942235822936,20260331-161237,0.0,0.0
123.70394995572187,72.83868632376905,47.601303657734775,-1.6983275811133656,0,0,0.3,47.60130365773477,20260331-161237,0.0,0.0
123.67580122202496,12885.714789011794,46.37206073399949,0.009597899941684931,0,0,0.3,46.372060733999504,20260331-161237,0.0,0.0
123.70458966846422,72.02553709601203,45.14282416801569,1.7175101312130805,0,0,0.3,45.142824168015686,20260331-161237,0.0,0.0
123.79027557141784,36.16369806156004,43.91472450571263,3.4230535649505347,0,0,0.3,43.91472450571261,20260331-161237,0.0,0.0
123.93274091588235,24.18724176852253,42.68888603175347,5.12388895360402,0,0,0.3,42.68888603175347,20260331-161237,0.0,0.0
124.1317902056925,18.207257714250964,41.46642062928828,6.817709297789176,0,0,0.3,41.466420629288265,20260331-161237,0.0,0.0
124.38715179747497,14.629900853490387,40.24842180894268,8.502255281367734,0,0,0.3,40.24842180894268,20260331-161237,0.0,0.0
124.69847973723374,12.254981437760481,39.03595898603558,10.175329956274629,0,0,0.3,39.03595898603558,20260331-161237,0.0,0.0
125.06535607088676,10.567582417154162,37.83007207881241,11.83481246078294,0,0,0.3,37.83007207881239,20260331-161237,0.0,0.0
125.48729359329286,9.310064582002779,36.631766492603646,13.478670581498594,0,0,0.3,36.63176649260364,20260331-161237,0.0,0.0
125.96373899449021,8.339223600763919,35.44200854557408,15.104972000385173,0,0,0.3,35.44200854557407,20260331-161237,0.0,0.0
126.4940763571402,7.569104709684139,34.261721381467,16.71189410225755,0,0,0.3,34.261721381466984,20260331-161237,0.0,0.0
127.07763095561376,6.944993466451876,33.09178140384083,18.297732254100502,0,0,0.3,33.091781403840834,20260331-161237,0.0,0.0
127.71367330480906,6.430405041159658,31.933015255118306,19.860906503920194,0,0,0.3,31.933015255118306,20260331-161237,0.0,0.0
128.40142340564228,6.000075855798151,30.786197352683274,21.399966682348197,0,0,0.3,30.786197352683285,20260331-161237,0.0,0.0
129.1400551341594,5.635957601937026,29.65204798360051,22.913595923747756,0,0,0.3,29.6520479836005,20260331-161237,0.0,0.0
129.9287007222947,5.324813051370904,28.531231949587067,24.400612654155776,0,0,0.3,28.531231949587074,20260331-161237,0.0,0.0
130.76645528033828,5.056713121300224,27.424357744871912,25.859971120274768,0,0,0.3,27.4243577448719,20260331-161237,0.0,0.0
131.65238131403845,4.824064211844877,26.331977241718732,27.29076055637542,0,0,0.3,26.331977241718725,20260331-161237,0.0,0.0
132.58551319280866,4.620959663218954,25.25458585178339,28.69220310407336,0,0,0.3,25.254585851783393,20260331-161237,0.0,0.0
133.56486152957703,4.442735955360011,24.192623126187925,30.06365061340986,0,0,0.3,24.192623126187936,20260331-161237,0.0,0.0
134.5894174372596,4.285662010278659,23.14647375323426,31.40458046258959,0,0,0.3,23.146473753234265,20260331-161237,0.0,0.0
135.658156631505,4.146717241421976,22.116468910010127,32.714590538366586,0,0,0.3,22.11646891001013,20260331-161237,0.0,0.0
136.7700433541137,4.0234301195740345,21.10288792268355,33.99339351980437,0,0,0.3,21.102887922683557,20260331-161237,0.0,0.0
137.9240340962573,3.913758841715002,20.10596018993087,35.24081060544324,0,0,0.3,20.105960189930872,20260331-161237,0.0,0.0
139.11908110520326,3.816001825683313,19.12586732456873,36.456764818316586,0,0,0.3,19.125867324568727,20260331-161237,0.0,0.0
140.35413566260843,3.7287296812924318,18.16274546991923,37.64127401532622,0,0,0.3,18.162745469919223,20260331-161237,0.0,0.0
141.62815112650046,3.6507328770289975,17.21668774958019,38.79444371776629,0,0,0.3,17.21668774958018,20260331-161237,0.0,0.0
142.94008573278174,3.5809810339541275,16.287746811952474,39.91645986880499,0,0,0.3,16.287746811952474,20260331-161237,0.0,0.0
144.28890515542184,3.518590940590256,15.375937433950838,41.00758161197814,0,0,0.3,15.37593743395085,20260331-161237,0.0,0.0
145.67358482743822,3.4628011841357598,14.481239151662976,42.06813417265109,0,0,0.3,14.481239151662963,20260331-161237,0.0,0.0
147.09311202729563,3.41295185448663,13.60359888920516,43.09850191233392,0,0,0.3,13.603598889205148,20260331-161237,0.0,0.0
148.5464877374872,3.3684681758002064,12.742933560550313,44.0991216139956,0,0,0.3,12.742933560550318,20260331-161237,0.0,0.0
150.03272828380986,3.3288472066019423,11.899132622585995,45.070476045358035,0,0,0.3,11.899132622586002,20260331-161237,0.0,0.0
151.55086676523754,3.293646957642966,11.072060561028707,46.013087836740084,0,0,0.3,11.072060561028712,20260331-161237,0.0,0.0
153.0999542853532,3.2624774298184165,10.261559294018639,46.92751370049308,0,0,0.3,10.261559294018628,20260331-161237,0.0,0.0
154.6790609970557,3.2349931881960683,9.46745048120519,47.814339010497115,0,0,0.3,9.46745048120519,20260331-161237,0.0,0.0
156.28727697274562,3.210887173513718,8.689537728881163,48.67417275260977,0,0,0.3,8.689537728881158,20260331-161237,0.0,0.0
157.92371291244302,3.189885517065181,7.9276086842129985,49.50764285037382,0,0,0.3,7.927608684213002,20260331-161237,0.0,0.0
159.5875007023386,3.171743174167457,7.181437013841645,50.31539186467338,0,0,0.3,7.181437013841658,20260331-161237,0.0,0.0
161.27779383615498,3.1562402293054337,6.450784264090032,51.098073061329046,0,0,0.3,6.450784264090027,20260331-161237,0.0,0.0
162.9937677114278,3.1431787554270323,5.7354016017188485,51.85634683678163,0,0,0.3,5.735401601718853,20260331-161237,0.0,0.0
164.73461981243545,3.132380132790741,5.0350314356322485,52.59087748895532,0,0,0.3,5.035031435632242,20260331-161237,0.0,0.0
166.49956979103462,3.1236827507836797,4.349408921163047,53.30233031803971,0,0,0.3,4.349408921163049,20260331-161237,0.0,0.0
168.28785945611983,3.1169400303743386,3.678263349584199,53.99136904020215,0,0,0.3,3.6782633495842085,20260331-161237,0.0,0.0
170.09875268183794,3.1120187161964115,3.0213194263134255,54.65865349606154,0,0,0.3,3.021319426313427,20260331-161237,0.0,0.0
171.93153524406912,3.108797396326362,2.3782984419252102,55.30483763504147,0,0,0.3,2.3782984419252062,20260331-161237,0.0,0.0
173.78551459405148,3.107165215109895,1.7489193405750996,55.93056775640589,0,0,0.3,1.74891934057511,20260331-161237,0.0,0.0
175.66001957738467,3.1070207502888283,1.132899690795739,56.53648098779364,0,0,0.3,1.1328996907957256,20260331-161237,0.0,0.0
177.55440010601328,3.1082710304706587,0.5299565638598267,57.12320398235277,0,0,0.3,0.5299565638598314,20260331-161237,0.0,0.0
179.46802679016812,3.1108306728941972,-0.0601926749590973,57.69135181607232,0,0,0.3,-0.06019267495910349,20260331-161237,0.0,0.0
181.40029053664153,3.114621124651703,-0.6378296568501014,58.241527067574516,0,0,0.3,-0.6378296568500958,20260331-161237,0.0,0.0
183.35060211919293,3.119569993169157,-1.2032343762951427,58.77431906341934,0,0,0.3,-1.203234376295148,20260331-161237,0.0,0.0
185.3183917263325,3.1256104539304808,-1.7566846289919624,59.29030327285126,0,0,0.3,-1.7566846289919498,20260331-161237,0.0,0.0
187.30310849120852,3.1326807252447257,-2.298455515722054,59.79004083685431,0,0,0.3,-2.2984555157220443,20260331-161237,0.0,0.0
189.3042200078372,3.1407236013663975,-2.8288190071831707,60.274078217350564,0,0,0.3,-2.828819007183163,20260331-161237,0.0,0.0
191.32121183745676,3.1496860365429047,-3.3480435649981075,60.74294695335758,0,0,0.3,-3.3480435649981204,20260331-161237,0.0,0.0
193.35358700836554,3.159518773623884,-3.8563938143269922,61.19716351189587,0,0,0.3,-3.8563938143270002,20260331-161237,0.0,0.0
195.40086551221142,3.170176011760419,-4.354130263737915,61.63722922239389,0,0,0.3,-4.35413026373791,20260331-161237,0.0,0.0
197.46258379934233,3.1816151084768873,-4.841509068228788,62.06363028426535,0,0,0.3,-4.841509068228799,20260331-161237,0.0,0.0
199.53829427549596,3.1937963120376867,-5.31878183153421,62.47683783822386,0,0,0.3,-5.318781831534201,20260331-161237,0.0,0.0
201.62756480180914,3.20668252057479,-5.786195444092556,62.87730809274748,0,0,0.3,-5.7861954440925505,20260331-161237,0.0,0.0
203.72997819985218,3.2202390649054897,-6.243991953288742,63.26548249790623,0,0,0.3,-6.24399195328875,20260331-161237,0.0,0.0
205.84513176314843,3.234433512365871,-6.692408462820708,63.64178795951819,0,0,0.3,-6.692408462820704,20260331-161237,0.0,0.0
207.97263677641544,3.2492354893251547,-7.131677058265495,64.00663708730143,0,0,0.3,-7.131677058265493,20260331-161237,0.0,0.0
210.11211804356478,3.264616520337844,-7.562024756139408,64.36042847134186,0,0,0.3,-7.562024756139406,20260331-161237,0.0,0.0
212.26321342531813,3.2805498821421017,-7.98367347395515,64.70354698179945,0,0,0.3,-7.983673473955151,20260331-161237,0.0,0.0
214.4255733871373,3.297010470929857,-8.396840018978423,65.03636408733114,0,0,0.3,-8.39684001897841,20260331-161237,0.0,0.0
216.59886055802377,3.3139746815021827,-8.801736093574164,65.35923818821762,0,0,0.3,-8.80173609357416,20260331-161237,0.0,0.0
218.78274930061795,3.3314202970865487,-9.198568315210537,65.67251496064655,0,0,0.3,-9.198568315210544,20260331-161237,0.0,0.0
220.97692529291618,3.3493263887344065,-9.587538249354509,65.97652770902857,0,0,0.3,-9.58753824935451,20260331-161237,0.0,0.0
223.18108512182712,3.3676732233411406,-9.96884245364916,66.27159772360704,0,0,0.3,-9.968842453649152,20260331-161237,0.0,0.0
225.3949358887032,3.386442179438377,-10.342672531907766,66.55803464097052,0,0,0.3,-10.342672531907771,20260331-161237,0.0,0.0
227.61819482690788,3.4056156700030407,-10.709215196594556,66.83613680539139,0,0,0.3,-10.709215196594547,20260331-161237,0.0,0.0
229.85058893141638,3.4251770716103924,-11.068652338586645,67.10619162919629,0,0,0.3,-11.068652338586645,20260331-161237,0.0,0.0
232.0918546003907,3.4451106593309735,-11.421161103128242,67.36847595062795,0,0,0.3,-11.421161103128236,20260331-161237,0.0,0.0
234.34173728862305,3.4654015468354107,-11.766913970993329,67.62325638788465,0,0,0.3,-11.766913970993341,20260331-161237,0.0,0.0
236.5999911727013,3.4860356312274328,-12.106078843972597,67.87078968822658,0,0,0.3,-12.10607884397261,20260331-161237,0.0,0.0
238.8663788277158,3.5069995421753086,-12.438819133889155,68.11132307121792,0,0,0.3,-12.438819133889163,20260331-161237,0.0,0.0
241.140670915299,3.5282805949559553,-12.765293854431178,68.34509456533438,0,0,0.3,-12.765293854431178,20260331-161237,0.0,0.0
243.4226458827658,3.5498667470650784,-13.085657715164473,68.57233333730632,0,0,0.3,-13.085657715164487,20260331-161237,0.0,0.0
245.71208967310395,3.5717465580813146,-13.4000612171574,68.79326001369385,0,0,0.3,-13.400061217157408,20260331-161237,0.0,0.0
248.00879544554812,3.5939091525031945,-13.708650749713001,69.00808699429908,0,0,0.3,-13.70865074971299,20260331-161237,0.0,0.0
250.31256330646124,3.616344185305171,-14.01156868776107,69.21701875711761,0,0,0.3,-14.011568687761061,20260331-161237,0.0,0.0
252.62320005023645,3.6390418099833997,-14.308953489514579,69.42025215461562,0,0,0.5,-14.308953489514574,20260331-161237,0.0,0.0
254.94051890992847,3.6619926488838104,-14.60093979404192,69.61797670119172,0,0,0.5,-14.60093979404193,20260331-161237,0.0,0.0
257.2643393173189,3.6851877656245353,-14.887658518449797,69.81037485174649,0,0,0.5,-14.887658518449786,20260331-161237,0.0,0.0
259.59448667211865,3.7086186394422223,-15.169236954409541,69.9976222713376,0,0,0.5,-15.169236954409554,20260331-161237,0.0,0.0
261.93079212001055,3.732277141307458,-15.445798863795744,70.1798880959449,0,0,0.5,-15.44579886379573,20260331-161237,0.0,0.0
264.2730923392367,3.7561555116685708,-15.717464573235816,70.35733518441054,0,0,0.5,-15.717464573235823,20260331-161237,0.0,0.0
266.6212293354385,3.780246339695777,-15.9843510673999,70.53012036165225,0,0,0.5,-15.984351067399906,20260331-161237,0.0,0.0
268.97505024445934,3.804542543908943,-16.24657208088348,70.69839465327765,0,0,0.5,-16.246572080883475,20260331-161237,0.0,0.0
271.3344071428272,3.8290373540825677,-16.504238188560123,70.86230351175004,0,0,0.5,-16.50423818856013,20260331-161237,0.0,0.0
273.6991568656375,3.8537242943308136,-16.7574568943011,71.02198703427601,0,0,0.5,-16.7574568943011,20260331-161237,0.0,0.0
276.0691608315629,3.8785971672837305,-17.006332717977074,71.17758017260152,0,0,0.5,-17.006332717977084,20260331-161237,0.0,0.0
278.44428487472504,3.903650039273486,-17.250967280674104,71.3292129349143,0,0,0.5,-17.250967280674093,20260331-161237,0.0,0.0
280.8243990831671,3.928877226456114,-17.491459388069757,71.4770105800617,0,0,0.5,-17.491459388069746,20260331-161237,0.0,0.0
283.20937764367545,3.9542732818006217,-17.72790511192929,71.62109380429897,0,0,0.5,-17.727905111929292,20260331-161237,0.0,0.0
285.5990986927046,3.9798329828828414,-17.960397869692173,71.76157892078862,0,0,0.5,-17.960397869692173,20260331-161237,0.0,0.0
287.99344417316803,4.005551320426556,-18.189028502130128,71.89857803207455,0,0,0.5,-18.18902850213012,20260331-161237,0.0,0.0
290.392299696864,4.031423487539064,-18.413885349066703,72.03219919575618,0,0,0.5,-18.413885349066692,20260331-161237,0.0,0.0
292.7955544123136,4.057444869592567,-18.635054323155998,72.16254658358795,0,0,0.5,-18.635054323156005,20260331-161237,0.0,0.0
295.2031008777958,4.083611034706638,-18.852618981725414,72.28972063422854,0,0,0.5,-18.852618981725406,20260331-161237,0.0,0.0
297.61483493937135,4.109917724790507,-19.066660596692714,72.41381819986226,0,0,0.5,-19.066660596692703,20260331-161237,0.0,0.0
300.030655613695,4.13636084710714,-19.277258222573863,72.53493268691207,0,0,0.5,-19.27725822257386,20260331-161237,0.0,0.0
302.45046497542234,4.162936466323954,-19.484488762601558,72.6531541910604,0,0,0.5,-19.484488762601558,20260331-161237,0.0,0.0
304.8741680490263,4.189640797017785,-19.688427032978836,72.76856962678944,0,0,0.5,-19.688427032978836,20260331-161237,0.0,0.0
307.3016727048421,4.216470196604048,-19.88914582529543,72.8812628516486,0,0,0.5,-19.88914582529542,20260331-161237,0.0,0.0
309.73288955916996,4.243421158662395,-20.08671596713691,72.99131478545097,0,0,0.5,-20.0867159671369,20260331-161237,0.0,0.0
312.1677318782697,4.27049030663315,-20.28120638091957,73.09880352459632,0,0,0.5,-20.28120638091956,20260331-161237,0.0,0.0
314.6061154860865,4.29767438786069,-20.472684140985194,73.20380445171234,0,0,0.5,-20.472684140985205,20260331-161237,0.0,0.0
317.04795867555663,4.324970267961739,-20.66121452899219,73.30639034079978,0,0,0.5,-20.661214528992197,20260331-161237,0.0,0.0
319.49318212334566,4.352374925498053,-20.846861087639866,73.40663145806201,0,0,0.5,-20.84686108763988,20260331-161237,0.0,0.0
321.94170880787783,4.379885446934488,-21.029685672764685,73.50459565859354,0,0,0.5,-21.02968567276468,20260331-161237,0.0,0.0
324.39346393052165,4.407499021864753,-21.209748503846754,73.60034847909624,0,0,0.5,-21.209748503846743,20260331-161237,0.0,0.0
326.84837483980255,4.435212938488447,-21.387108212966496,73.69395322678574,0,0,0.5,-21.387108212966485,20260331-161237,0.0,0.0
329.3063709585174,4.463024579324056,-21.561821892250634,73.78547106464563,0,0,0.5,-21.561821892250634,20260331-161237,0.0,0.0
331.7673837136322,4.490931417143676,-21.733945139847492,73.87496109318077,0,0,0.5,-21.733945139847506,20260331-161237,0.0,0.0
334.2313464688485,4.518931011116208,-21.903532104471083,73.96248042881518,0,0,0.5,-21.903532104471086,20260331-161237,0.0,0.0
336.6981944597292,4.547021003146648,-22.070635528553424,74.04808427907545,0,0,0.5,-22.070635528553435,20260331-161237,0.0,0.0
339.16786473127877,4.575199114399953,-22.235306790044433,74.13182601469386,0,0,0.5,-22.235306790044447,20260331-161237,0.0,0.0
341.64029607787717,4.603463141998691,-22.397595942897766,74.21375723876152,0,0,0.5,-22.397595942897762,20260331-161237,0.0,0.0
344.11542898547185,4.631810955884438,-22.557551756280986,74.29392785305579,0,0,0.5,-22.557551756280976,20260331-161237,0.0,0.0
346.59320557593486,4.66024049583354,-22.715221752547876,74.3723861216614,0,0,0.5,-22.71522175254788,20260331-161237,0.0,0.0
349.07356955349735,4.6887497686184245,-22.870652244009705,74.44917873200014,0,0,0.5,-22.8706522440097,20260331-161237,0.0,0.0
351.5564661531767,4.71733684530627,-23.023888368541748,74.52435085337903,0,0,0.5,-23.02388836854174,20260331-161237,0.0,0.0
354.0418420911152,4.7459998586873295,-23.174974124061038,74.5979461931627,0,0,0.5,-23.17497412406103,20260331-161237,0.0,0.0
356.52964551675336,4.774737000825715,-23.323952401909906,74.67000705067049,0,0,0.5,-23.323952401909896,20260331-161237,0.0,0.0
359.0198259667628,4.803546520725879,-23.470865019179513,74.74057436889571,0,0,0.5,-23.470865019179524,20260331-161237,0.0,0.0
361.5123343206684,4.8324267221084884,-23.61575275000689,74.80968778413944,0,0,0.5,-23.615752750006894,20260331-161237,0.0,0.0
364.00712275809104,4.861375961289725,-23.75865535587755,74.8773856736478,0,0,0.5,-23.758655355877554,20260331-161237,0.0,0.0
366.50414471754664,4.890392645158468,-23.899611614965835,74.94370520133776,0,0,0.5,-23.899611614965835,20260331-161237,0.0,0.0
369.0033548567384,4.919475229246133,-24.038659350543526,75.00868236169266,0,0,0.5,-24.03865935054354,20260331-161237,0.0,0.0
371.5047090142826,4.948622215884213,-24.175835458486915,75.07235202190569,0,0,0.5,-24.17583545848691,20260331-161237,0.0,0.0
374.0081641728115,4.977832152444967,-24.311175933911272,75.13474796234532,0,0,0.5,-24.311175933911272,20260331-161237,0.0,0.0
376.51367842339795,5.0071036296608575,-24.444715896961526,75.1959029154146,0,0,0.5,-24.444715896961515,20260331-161237,0.0,0.0
379.0212109312489,5.036435280018679,-24.576489617786194,75.25584860287198,0,0,0.5,-24.576489617786184,20260331-161237,0.0,0.0
381.53072190261923,5.065825776224545,-24.7065305407217,75.31461577167902,0,0,0.5,-24.706530540721708,20260331-161237,0.0,0.0
384.0421725528962,5.095273829736091,-24.83487130771286,75.37223422843745,0,0,0.5,-24.83487130771286,20260331-161237,0.0,0.0
386.55552507580904,5.124778189358477,-24.961543780994532,75.42873287247546,0,0,0.5,-24.961543780994518,20260331-161237,0.0,0.0
389.07074261372,5.1543376399010175,-25.08657906505914,75.48413972763949,0,0,0.5,-25.08657906505914,20260331-161237,0.0,0.0
391.58778922895414,5.18395100089137,-25.210007527933612,75.53848197284685,0,0,0.5,-25.2100075279336,20260331-161237,0.0,0.0
394.10662987612795,5.213617125344435,-25.33185882178816,75.59178597145096,0,0,0.5,-25.33185882178817,20260331-161237,0.0,0.0
396.62723037543697,5.243334898583268,-25.452161902899945,75.64407729946915,0,0,0.5,-25.45216190289993,20260331-161237,0.0,0.0
399.14955738686695,5.273103237109481,-25.570945050991952,75.69538077272044,0,0,0.5,-25.570945050991938,20260331-161237,0.0,0.0
401.6735783852914,5.30292108752069,-25.688235887968915,75.7457204729193,0,0,0.5,-25.68823588796893,20260331-161237,0.0,0.0
404.1992616364224,5.332787425472754,-25.80406139606967,75.79511977276874,0,0,0.5,-25.80406139606968,20260331-161237,0.0,0.0
406.7265761735818,5.362701254684677,-25.918447935455333,75.84360136009423,0,0,0.5,-25.91844793545532,20260331-161237,0.0,0.0
409.2554917752614,5.392661605984123,-26.03142126125249,75.89118726105848,0,0,0.5,-26.031421261252483,20260331-161237,0.0,0.0
411.785978943442,5.422667536391597,-26.143006540069365,75.93789886249537,0,0,0.5,-26.143006540069365,20260331-161237,0.0,0.0
414.31800888264297,5.45271812824154,-26.253228366002247,75.9837569333989,0,0,0.5,-26.253228366002237,20260331-161237,0.0,0.0
416.8515534796745,5.482812488338557,-26.362110776149393,76.02878164560248,0,0,0.5,-26.362110776149382,20260331-161237,0.0,0.0
419.38658528406614,5.512949747147181,-26.469677265648812,76.07299259368156,0,0,0.5,-26.46967726564881,20260331-161237,0.0,0.0
421.92307748914595,5.54312905801361,-26.57595080225559,76.11640881411172,0,0,0.5,-26.575950802255576,20260331-161237,0.0,0.0
424.46100391374654,5.573349596417967,-26.68095384047399,76.15904880371237,0,0,0.5,-26.68095384047399,20260331-161237,0.0,0.0
427.0003389845147,5.603610559255693,-26.784708335259467,76.20093053740544,0,0,0.5,-26.784708335259477,20260331-161237,0.0,0.0
429.54105771880126,5.633911164146763,-26.887235755304346,76.24207148531669,0,0,0.5,-26.88723575530436,20260331-161237,0.0,0.0
432.08313570811094,5.664250648771451,-26.988557095921294,76.28248862924661,0,0,0.5,-26.988557095921298,20260331-161237,0.0,0.0
434.62654910209096,5.694628270231497,-27.088692891537733,76.32219847853608,0,0,0.5,-27.088692891537722,20260331-161237,0.0,0.0
437.17127459303856,5.725043304435521,-27.187663227814085,76.36121708535144,0,0,0.5,-27.187663227814085,20260331-161237,0.0,0.0
439.717289400909,5.755495045507637,-27.285487753398314,76.39956005941202,0,0,0.5,-27.28548775339832,20260331-161237,0.0,0.0
442.26457125880523,5.785982805218233,-27.382185691328516,76.4372425821829,0,0,0.5,-27.382185691328512,20260331-161237,0.0,0.0
444.8130983989321,5.816505912435978,-27.47777585009527,76.47427942055378,0,0,0.5,-27.47777585009527,20260331-161237,0.0,0.0
447.36284953899826,5.847063712600103,-27.572276634375044,76.51068494002482,0,0,0.5,-27.572276634375058,20260331-161237,0.0,0.0
449.91380386905,5.877655567212135,-27.665706055445185,76.5464731174187,0,0,0.5,-27.66570605544517,20260331-161237,0.0,0.0
452.46594103872036,5.9082808533461915,-27.758081741290795,76.58165755313806,0,0,0.5,-27.758081741290795,20260331-161237,0.0,0.0
455.0192411448803,5.9389389631771206,-27.8494209464142,76.61625148298565,0,0,0.5,-27.849420946414202,20260331-161237,0.0,0.0
457.57368471967646,5.969629303525654,-27.939740561355762,76.65026778956512,0,0,0.5,-27.939740561355755,20260331-161237,0.0,0.0
460.12925271894227,6.000351295419935,-28.02905712193609,76.68371901327822,0,0,0.5,-28.029057121936077,20260331-161237,0.0,0.0
462.68592651096895,6.031104373672692,-28.117386818228454,76.71661736293456,0,0,0.5,-28.117386818228454,20260331-161237,0.0,0.0
465.2436878656243,6.061887986473422,-28.204745503270146,76.74897472598889,0,0,0.5,-28.20474550327015,20260331-161237,0.0,0.0
467.80251894380643,6.092701594994969,-28.29114870152111,76.78080267842049,0,0,0.5,-28.2911487015211,20260331-161237,0.0,0.0
470.3624022872209,6.1235446730139005,-28.376611617078055,76.81211249426826,0,0,0.5,-28.376611617078066,20260331-161237,0.0,0.0
472.9233208084707,6.154416706544151,-28.461149141652186,76.84291515483491,0,0,0.5,-28.461149141652182,20260331-161237,0.0,0.0
475.48525778144705,6.185317193483334,-28.54477586231735,76.87322135757309,0,0,0.5,-28.544775862317344,20260331-161237,0.0,0.0
478.0481968320117,6.216245643271268,-28.62750606903691,76.90304152466555,0,0,0.5,-28.627506069036922,20260331-161237,0.0,0.0
480.6121219289601,6.247201576560224,-28.709353761975706,76.93238581131078,0,0,0.5,-28.709353761975713,20260331-161237,0.0,0.0
483.17701737525624,6.27818452489639,-28.790332658604086,76.96126411372565,0,0,0.5,-28.790332658604086,20260331-161237,0.0,0.0
485.74286779952917,6.309194030412141,-28.870456200600813,76.98968607687574,0,0,0.5,-28.870456200600817,20260331-161237,0.0,0.0
488.3096581478235,6.34022964552869,-28.949737560561005,77.01766110194342,0,0,0.5,-28.949737560561015,20260331-161237,0.0,0.0
490.8773736755941,6.371290932668698,-29.02818964851531,77.04519835354367,0,0,0.5,-29.028189648515312,20260331-161237,0.0,0.0
493.4459999399373,6.402377463978463,-29.10582511826621,77.07230676669725,0,0,0.5,-29.105825118266203,20260331-161237,0.0,0.0
496.0155227920509,6.433488821059317,-29.18265637354733,77.0989950535701,0,0,0.5,-29.182656373547342,20260331-161237,0.0,0.0
498.58592836991465,6.4646245947078835,-29.2586955740112,77.1252717099877,0,0,0.5,-29.25869557401121,20260331-161237,0.0,0.0
501.1572030911848,6.495784384664852,-29.333954641050695,77.1511450217327,0,0,0.5,-29.33395464105069,20260331-161237,0.0,0.0
503.72933364629415,6.526967799371936,-29.408445263459555,77.17662307063412,0,0,0.5,-29.408445263459548,20260331-161237,0.0,0.0
506.3023069917529,6.558174455736705,-29.48217890293691,77.20171374045553,0,0,0.5,-29.48217890293691,20260331-161237,0.0,0.0
508.87611034364164,6.589403978905043,-29.555166799440514,77.22642472258944,0,0,0.5,-29.555166799440524,20260331-161237,0.0,0.0
511.450731171291,6.620656002040852,-29.627419976393497,77.25076352156547,0,0,0.5,-29.627419976393508,20260331-161237,0.0,0.0
514.0261571911428,6.65193016611283,-29.69894924574902,77.27473746037879,0,0,0.5,-29.698949245749027,20260331-161237,0.0,0.0
516.6023763607848,6.683226119687989,-29.76976521291735,77.29835368564527,0,0,0.5,-29.769765212917353,20260331-161237,0.0,0.0
519.179376873155,6.714543518731715,-29.83987828155938,77.32161917258983,0,0,0.5,-29.839878281559393,20260331-161237,0.0,0.0
521.75714715091,6.745882026414102,-29.90929865825089,77.34454072987393,0,0,0.5,-29.90929865825088,20260331-161237,0.0,0.0
524.3356758409506,6.7772413129223175,-29.97803635702104,77.36712500426803,0,0,0.5,-29.978036357021036,20260331-161237,0.0,0.0
526.9149518091014,6.808621055278833,-30.046101203769638,77.38937848517443,0,0,0.5,-30.04610120376963,20260331-161237,0.0,0.0
529.4949641349386,6.840020937165257,-30.113502840566042,77.41130750900592,0,0,0.5,-30.11350284056603,20260331-161237,0.0,0.0
532.0757021067618,6.871440648751599,-30.18025072983383,77.43291826342546,0,0,0.5,-30.180250729833826,20260331-161237,0.0,0.0
534.6571552167036,6.902879886530741,-30.246354158424396,77.45421679145171,0,0,0.5,-30.246354158424396,20260331-161237,0.0,0.0
537.2393131559754,6.934338353157973,-30.311822241582917,77.47520899543512,0,0,0.5,-30.31182224158292,20260331-161237,0.0,0.0
539.8221658102428,6.96581575729538,-30.37666392680981,77.49590064090926,0,0,0.5,-30.376663926809808,20260331-161237,0.0,0.0
542.4057032551277,6.997311813460919,-30.440887997620905,77.51629736032159,0,0,0.5,-30.440887997620898,20260331-161237,0.0,0.0
544.9899157518322,7.028826241882029,-30.504503077209165,77.53640465664812,0,0,0.5,-30.504503077209172,20260331-161237,0.0,0.0
547.5747937428821,7.060358768353599,-30.567517632011146,77.55622790689583,0,0,0.5,-30.56751763201115,20260331-161237,0.0,0.0
550.1603278479845,7.091909124100184,-30.629939975180605,77.57577236549663,0,0,0.5,-30.6299399751806,20260331-161237,0.0,0.0
552.7465088599971,7.1234770456422485,-30.691778269972417,77.59504316759707,0,0,0.5,-30.691778269972403,20260331-161237,0.0,0.0
555.3333277410055,7.155062274666387,-30.75304053303904,77.61404533224676,0,0,0.5,-30.753040533039037,20260331-161237,0.0,0.0
557.9207756185053,7.186664557899315,-30.813734637642483,77.63278376548959,0,0,0.5,-30.813734637642472,20260331-161237,0.0,0.0
558.5957421431415,143.27533840993104,-5.384566267331991,3.8987570948527086,0,0,0.5,-5.384566267331985,20260331-161237,0.0,0.0
558.7257180622926,143.27042776122641,-5.398844667917615,3.8997979331328674,0,0,0.5,-5.398844667917601,20260331-161237,0.0,0.0
558.8557286639477,143.26555529632438,-5.413116426016472,3.900838045181442,0,0,0.5,-5.413116426016475,20260331-161237,0.0,0.0
558.9857739239073,143.26072095806785,-5.4273815444930165,3.9018774314804783,0,0,0.5,-5.427381544493021,20260331-161237,0.0,0.0
559.1158538179877,143.25592468941386,-5.441640026212269,3.9029160925119113,0,0,0.5,-5.441640026212279,20260331-161237,0.0,0.0
559.2459683220214,143.25116643343313,-5.4558918740399065,3.903954028757563,0,0,0.5,-5.455891874039912,20260331-161237,0.0,0.0
559.376117411857,143.2464461333098,-5.470137090842201,3.9049912406991467,0,0,0.5,-5.470137090842201,20260331-161237,0.0,0.0
559.5063010633588,143.24176373234124,-5.48437567948605,3.9060277288182608,0,0,0.5,-5.484375679486039,20260331-161237,0.0,0.0
559.6365192524077,143.23711917393769,-5.49860764283892,3.9070634935963913,0,0,0.5,-5.498607642838928,20260331-161237,0.0,0.0
514.1984052872976,514198405.28729767,-13.495733280795804,0.0,0,0,0.2,-13.495733280795811,20260331-161237,0.0,0.0
514.1984052872976,514198405.28729767,-13.495733280795804,0.0,0,0,0.2,-13.495733280795811,20260331-161237,0.0,0.0
514.1984052872976,514198405.28729767,-13.495733280795804,0.0,0,0,0.2,-13.495733280795811,20260331-161237,0.0,0.0
514.1984052872976,514198405.28729767,-13.495733280795804,0.0,0,0,0.2,-13.495733280795811,20260331-161237,0.0,0.0
514.1984052872976,514198405.28729767,-13.495733280795804,0.0,0,0,0.2,-13.495733280795811,20260331-161237,0.0,0.0
514.1984052872976,514198405.28729767,-13.495733280795804,0.0,0,0,0.2,-13.495733280795811,20260331-161237,0.0,0.0
514.1984052872976,514198405.28729767,-13.495733280795804,0.0,0,0,0.2,-13.495733280795811,20260331-161237,0.0,0.0
514.1984052872976,514198405.28729767,-13.495733280795804,0.0,0,0,0.2,-13.495733280795811,20260331-161237,0.0,0.0
514.1984052872976,514198405.28729767,-13.495733280795804,0.0,0,0,0.2,-13.495733280795811,20260331-161237,0.0,0.0
514.1984052872976,514198405.28729767,-13.495733280795804,0.0,0,0,0.2,-13.495733280795811,20260331-161237,0.0,0.0
514.1984052872976,514198405.28729767,-13.495733280795804,0.0,0,0,0.2,-13.495733280795811,20260331-161237,0.0,0.0
514.1984052872976,514198405.28729767,-13.495733280795804,0.0,0,0,0.2,-13.495733280795811,20260331-161237,0.0,0.0
514.1984052872976,514198405.28729767,-13.495733280795804,0.0,0,0,0.2,-13.495733280795811,20260331-161237,0.0,0.0
514.1984052872976,514198405.28729767,-13.495733280795804,0.0,0,0,0.2,-13.495733280795811,20260331-161237,0.0,0.0
514.1984052872976,514198405.28729767,-13.495733280795804,0.0,0,0,0.2,-13.495733280795811,20260331-161237,0.0,0.0
514.1984052872976,514198405.28729767,-13.495733280795804,0.0,0,0,0.2,-13.495733280795811,20260331-161237,0.0,0.0
514.1984052872976,514198405.28729767,-13.495733280795804,0.0,0,0,0.2,-13.495733280795811,20260331-161237,0.0,0.0
514.1984052872976,514198405.28729767,-13.495733280795804,0.0,0,0,0.2,-13.495733280795811,20260331-161237,0.0,0.0
514.1984052872976,514198405.28729767,-13.495733280795804,0.0,0,0,0.2,-13.495733280795811,20260331-161237,0.0,0.0
514.1984052872976,514198405.28729767,-13.495733280795804,0.0,0,0,0.2,-13.495733280795811,20260331-161237,0.0,0.0
514.1984052872976,514198405.28729767,-13.495733280795804,0.0,0,0,0.2,-13.495733280795811,20260331-161237,0.0,0.0
514.1984052872976,514198405.28729767,-13.495733280795804,0.0,0,0,0.2,-13.495733280795811,20260331-161237,0.0,0.0
514.1984052872976,514198405.28729767,-13.495733280795804,0.0,0,0,0.2,-13.495733280795811,20260331-161237,0.0,0.0
514.1984052872976,514198405.28729767,-13.495733280795804,0.0,0,0,0.2,-13.495733280795811,20260331-161237,0.0,0.0
514.1984052872976,514198405.28729767,-13.495733280795804,0.0,0,0,0.2,-13.495733280795811,20260331-161237,0.0,0.0
514.1984052872976,514198405.28729767,-13.495733280795804,0.0,0,0,0.2,-13.495733280795811,20260331-161237,0.0,0.0
514.1984052872976,514198405.28729767,-13.495733280795804,0.0,0,0,0.2,-13.495733280795811,20260331-161237,0.0,0.0
514.1984052872976,514198405.28729767,-13.495733280795804,0.0,0,0,0.2,-13.495733280795811,20260331-161237,0.0,0.0
514.1984052872976,514198405.28729767,-13.495733280795804,0.0,0,0,0.2,-13.495733280795811,20260331-161237,0.0,0.0
514.1984052872976,514198405.28729767,-13.495733280795804,0.0,0,0,0.2,-13.495733280795811,20260331-161237,0.0,0.0
514.1984052872976,514198405.28729767,-13.495733280795804,0.0,0,0,0.2,-13.495733280795811,20260331-161237,0.0,0.0
514.1984052872976,514198405.28729767,-13.495733280795804,0.0,0,0,0.2,-13.495733280795811,20260331-161237,0.0,0.0
514.1984052872976,514198405.28729767,-13.495733280795804,0.0,0,0,0.2,-13.495733280795811,20260331-161237,0.0,0.0
514.1984052872976,514198405.28729767,-13.495733280795804,0.0,0,0,0.2,-13.495733280795811,20260331-161237,0.0,0.0
514.1984052872976,514198405.28729767,-13.495733280795804,0.0,0,0,0.2,-13.495733280795811,20260331-161237,0.0,0.0
514.1984052872976,514198405.28729767,-13.495733280795804,0.0,0,0,0.2,-13.495733280795811,20260331-161237,0.0,0.0
514.1984052872976,514198405.28729767,-13.495733280795804,0.0,0,0,0.2,-13.495733280795811,20260331-161237,0.0,0.0
514.1984052872976,514198405.28729767,-13.495733280795804,0.0,0,0,0.2,-13.495733280795811,20260331-161237,0.0,0.0
514.1984052872976,514198405.28729767,-13.495733280795804,0.0,0,0,0.2,-13.495733280795811,20260331-161237,0.0,0.0
514.1984052872976,514198405.28729767,-13.495733280795804,0.0,0,0,0.2,-13.495733280795811,20260331-161237,0.0,0.0
514.1984052872976,514198405.28729767,-13.495733280795804,0.0,0,0,0.2,-13.495733280795811,20260331-161237,0.0,0.0
514.1984052872976,514198405.28729767,-13.495733280795804,0.0,0,0,0.2,-13.495733280795811,20260331-161237,0.0,0.0
514.1984052872976,514198405.28729767,-13.495733280795804,0.0,0,0,0.2,-13.495733280795811,20260331-161237,0.0,0.0
514.1984052872976,514198405.28729767,-13.495733280795804,0.0,0,0,0.2,-13.495733280795811,20260331-161237,0.0,0.0
514.1984052872976,514198405.28729767,-13.495733280795804,0.0,0,0,0.2,-13.495733280795811,20260331-161237,0.0,0.0
514.1984052872976,514198405.28729767,-13.495733280795804,0.0,0,0,0.2,-13.495733280795811,20260331-161237,0.0,0.0
514.1984052872976,514198405.28729767,-13.495733280795804,0.0,0,0,0.2,-13.495733280795811,20260331-161237,0.0,0.0
514.1984052872976,514198405.28729767,-13.495733280795804,0.0,0,0,0.2,-13.495733280795811,20260331-161237,0.0,0.0
514.1984052872976,514198405.28729767,-13.495733280795804,0.0,0,0,0.2,-13.495733280795811,20260331-161237,0.0,0.0
514.1984052872976,514198405.28729767,-13.495733280795804,0.0,0,0,0.2,-13.495733280795811,20260331-161237,0.0,0.0
514.1984052872976,514198405.28729767,-13.495733280795804,0.0,0,0,0.2,-13.495733280795811,20260331-161237,0.0,0.0
514.1984052872976,514198405.28729767,-13.495733280795804,0.0,0,0,0.2,-13.495733280795811,20260331-161237,0.0,0.0
514.1984052872976,514198405.28729767,-13.495733280795804,0.0,0,0,0.2,-13.495733280795811,20260331-161237,0.0,0.0
514.1984052872976,514198405.28729767,-13.495733280795804,0.0,0,0,0.2,-13.495733280795811,20260331-161237,0.0,0.0
514.1984052872976,514198405.28729767,-13.495733280795804,0.0,0,0,0.2,-13.495733280795811,20260331-161237,0.0,0.0
514.1984052872976,514198405.28729767,-13.495733280795804,0.0,0,0,0.2,-13.495733280795811,20260331-161237,0.0,0.0
514.1984052872976,514198405.28729767,-13.495733280795804,0.0,0,0,0.2,-13.495733280795811,20260331-161237,0.0,0.0
514.1984052872976,514198405.28729767,-13.495733280795804,0.0,0,0,0.2,-13.495733280795811,20260331-161237,0.0,0.0
514.1984052872976,514198405.28729767,-13.495733280795804,0.0,0,0,0.2,-13.495733280795811,20260331-161237,0.0,0.0
514.1984052872976,514198405.28729767,-13.495733280795804,0.0,0,0,0.2,-13.495733280795811,20260331-161237,0.0,0.0
514.1984052872976,514198405.28729767,-13.495733280795804,0.0,0,0,0.2,-13.495733280795811,20260331-161237,0.0,0.0
514.1984052872976,514198405.28729767,-13.495733280795804,0.0,0,0,0.2,-13.495733280795811,20260331-161237,0.0,0.0
514.1984052872976,514198405.28729767,-13.495733280795804,0.0,0,0,0.2,-13.495733280795811,20260331-161237,0.0,0.0
514.1984052872976,514198405.28729767,-13.495733280795804,0.0,0,0,0.2,-13.495733280795811,20260331-161237,0.0,0.0
514.1984052872976,514198405.28729767,-13.495733280795804,0.0,0,0,0.2,-13.495733280795811,20260331-161237,0.0,0.0
514.1984052872976,514198405.28729767,-13.495733280795804,0.0,0,0,0.2,-13.495733280795811,20260331-161237,0.0,0.0
514.1984052872976,514198405.28729767,-13.495733280795804,0.0,0,0,0.2,-13.495733280795811,20260331-161237,0.0,0.0
514.1984052872976,514198405.28729767,-13.495733280795804,0.0,0,0,0.2,-13.495733280795811,20260331-161237,0.0,0.0
514.1984052872976,514198405.28729767,-13.495733280795804,0.0,0,0,0.4,-13.495733280795811,20260331-161237,0.0,0.0
514.1984052872976,514198405.28729767,-13.495733280795804,0.0,0,0,0.4,-13.495733280795811,20260331-161237,0.0,0.0
514.1984052872976,514198405.28729767,-13.495733280795804,0.0,0,0,0.4,-13.495733280795811,20260331-161237,0.0,0.0
514.1984052872976,514198405.28729767,-13.495733280795804,0.0,0,0,0.4,-13.495733280795811,20260331-161237,0.0,0.0
514.1984052872976,514198405.28729767,-13.495733280795804,0.0,0,0,0.3,-13.495733280795811,20260331-161237,0.0,0.0
514.1984052872976,514198405.28729767,-13.495733280795804,0.0,0,0,0.3,-13.495733280795811,20260331-161237,0.0,0.0
514.1984052872976,514198405.28729767,-13.495733280795804,0.0,0,0,0.3,-13.495733280795811,20260331-161237,0.0,0.0
514.1984052872976,514198405.28729767,-13.495733280795804,0.0,0,0,0.3,-13.495733280795811,20260331-161237,0.0,0.0
514.1984052872976,514198405.28729767,-13.495733280795804,0.0,0,0,0.3,-13.495733280795811,20260331-161237,0.0,0.0
514.1984052872976,514198405.28729767,-13.495733280795804,0.0,0,0,0.3,-13.495733280795811,20260331-161237,0.0,0.0
514.1984052872976,514198405.28729767,-13.495733280795804,0.0,0,0,0.3,-13.495733280795811,20260331-161237,0.0,0.0
514.1984052872976,514198405.28729767,-13.495733280795804,0.0,0,0,0.3,-13.495733280795811,20260331-161237,0.0,0.0
514.1984052872976,514198405.28729767,-13.495733280795804,0.0,0,0,0.3,-13.495733280795811,20260331-161237,0.0,0.0
514.1984052872976,514198405.28729767,-13.495733280795804,0.0,0,0,0.3,-13.495733280795811,20260331-161237,0.0,0.0
514.1984052872976,514198405.28729767,-13.495733280795804,0.0,0,0,0.3,-13.495733280795811,20260331-161237,0.0,0.0
514.1984052872976,514198405.28729767,-13.495733280795804,0.0,0,0,0.3,-13.495733280795811,20260331-161237,0.0,0.0
514.1984052872976,514198405.28729767,-13.495733280795804,0.0,0,0,0.3,-13.495733280795811,20260331-161237,0.0,0.0
514.1984052872976,514198405.28729767,-13.495733280795804,0.0,0,0,0.3,-13.495733280795811,20260331-161237,0.0,0.0
514.1984052872976,514198405.28729767,-13.495733280795804,0.0,0,0,0.3,-13.495733280795811,20260331-161237,0.0,0.0
514.1984052872976,514198405.28729767,-13.495733280795804,0.0,0,0,0.3,-13.495733280795811,20260331-161237,0.0,0.0
514.1984052872976,514198405.28729767,-13.495733280795804,0.0,0,0,0.3,-13.495733280795811,20260331-161237,0.0,0.0
514.1984052872976,514198405.28729767,-13.495733280795804,0.0,0,0,0.3,-13.495733280795811,20260331-161237,0.0,0.0
514.1984052872976,514198405.28729767,-13.495733280795804,0.0,0,0,0.3,-13.495733280795811,20260331-161237,0.0,0.0
514.1984052872976,514198405.28729767,-13.495733280795804,0.0,0,0,0.3,-13.495733280795811,20260331-161237,0.0,0.0
514.1984052872976,514198405.28729767,-13.495733280795804,0.0,0,0,0.3,-13.495733280795811,20260331-161237,0.0,0.0
514.1984052872976,514198405.28729767,-13.495733280795804,0.0,0,0,0.3,-13.495733280795811,20260331-161237,0.0,0.0
514.1984052872976,514198405.28729767,-13.495733280795804,0.0,0,0,0.2,-13.495733280795811,20260331-161237,0.0,0.0
514.1984052872976,514198405.28729767,-13.495733280795804,0.0,0,0,0.2,-13.495733280795811,20260331-161237,0.0,0.0
514.1984052872976,514198405.28729767,-13.495733280795804,0.0,0,0,0.1,-13.495733280795811,20260331-161237,0.0,0.0
514.1984052872976,514198405.28729767,-13.495733280795804,0.0,0,0,0.1,-13.495733280795811,20260331-161237,0.0,0.0
514.1984052872976,514198405.28729767,-13.495733280795804,0.0,0,0,0.1,-13.495733280795811,20260331-161237,0.0,0.0
514.1984052872976,514198405.28729767,-13.495733280795804,0.0,0,0,0.1,-13.495733280795811,20260331-161237,0.0,0.0
514.1984052872976,514198405.28729767,-13.495733280795804,0.0,0,0,0.1,-13.495733280795811,20260331-161237,0.0,0.0
514.1984052872976,514198405.28729767,-13.495733280795804,0.0,0,0,0.1,-13.495733280795811,20260331-161237,0.0,0.0
514.1984052872976,514198405.28729767,-13.495733280795804,0.0,0,0,0.1,-13.495733280795811,20260331-161237,0.0,0.0
514.1984052872976,514198405.28729767,-13.495733280795804,0.0,0,0,0.1,-13.495733280795811,20260331-161237,0.0,0.0
514.1984052872976,514198405.28729767,-13.495733280795804,0.0,0,0,0.1,-13.495733280795811,20260331-161237,0.0,0.0
514.1984052872976,514198405.28729767,-13.495733280795804,0.0,0,0,0.1,-13.495733280795811,20260331-161237,0.0,0.0
514.1984052872976,514198405.28729767,-13.495733280795804,0.0,0,0,0.1,-13.495733280795811,20260331-161237,0.0,0.0
514.1984052872976,514198405.28729767,-13.495733280795804,0.0,0,0,0.1,-13.495733280795811,20260331-161237,0.0,0.0
514.1984052872976,514198405.28729767,-13.495733280795804,0.0,0,0,0.1,-13.495733280795811,20260331-161237,0.0,0.0
514.1984052872976,514198405.28729767,-13.495733280795804,0.0,0,0,0.1,-13.495733280795811,20260331-161237,0.0,0.0
514.1984052872976,514198405.28729767,-13.495733280795804,0.0,0,0,0.1,-13.495733280795811,20260331-161237,0.0,0.0
514.1984052872976,514198405.28729767,-13.495733280795804,0.0,0,0,0.1,-13.495733280795811,20260331-161237,0.0,0.0
514.1984052872976,514198405.28729767,-13.495733280795804,0.0,0,0,0.1,-13.495733280795811,20260331-161237,0.0,0.0
514.1984052872976,514198405.28729767,-13.495733280795804,0.0,0,0,0.1,-13.495733280795811,20260331-161237,0.0,0.0
514.1984052872976,514198405.28729767,-13.495733280795804,0.0,0,0,0.1,-13.495733280795811,20260331-161237,0.0,0.0
514.1984052872976,514198405.28729767,-13.495733280795804,0.0,0,0,0.1,-13.495733280795811,20260331-161237,0.0,0.0
514.1984052872976,514198405.28729767,-13.495733280795804,0.0,0,0,0.1,-13.495733280795811,20260331-161237,0.0,0.0
514.1984052872976,514198405.28729767,-13.495733280795804,0.0,0,0,0.1,-13.495733280795811,20260331-161237,0.0,0.0
514.1984052872976,514198405.28729767,-13.495733280795804,0.0,0,0,0.1,-13.495733280795811,20260331-161237,0.0,0.0
514.1984052872976,514198405.28729767,-13.495733280795804,0.0,0,0,0.1,-13.495733280795811,20260331-161237,0.0,0.0
514.1984052872976,514198405.28729767,-13.495733280795804,0.0,0,0,0.1,-13.495733280795811,20260331-161237,0.0,0.0
514.1984052872976,514198405.28729767,-13.495733280795804,0.0,0,0,0.1,-13.495733280795811,20260331-161237,0.0,0.0
514.1984052872976,514198405.28729767,-13.495733280795804,0.0,0,0,0.1,-13.495733280795811,20260331-161237,0.0,0.0
514.1984052872976,514198405.28729767,-13.495733280795804,0.0,0,0,0.1,-13.495733280795811,20260331-161237,0.0,0.0
514.1984052872976,514198405.28729767,-13.495733280795804,0.0,0,0,0.1,-13.495733280795811,20260331-161237,0.0,0.0
514.1984052872976,514198405.28729767,-13.495733280795804,0.0,0,0,0.1,-13.495733280795811,20260331-161237,0.0,0.0
514.1984052872976,514198405.28729767,-13.495733280795804,0.0,0,0,0.1,-13.495733280795811,20260331-161237,0.0,0.0
514.1984052872976,514198405.28729767,-13.495733280795804,0.0,0,0,0.1,-13.495733280795811,20260331-161237,0.0,0.0
514.1984052872976,514198405.28729767,-13.495733280795804,0.0,0,0,0.1,-13.495733280795811,20260331-161237,0.0,0.0
514.1984052872976,514198405.28729767,-13.495733280795804,0.0,0,0,0.1,-13.495733280795811,20260331-161237,0.0,0.0
514.1984052872976,514198405.28729767,-13.495733280795804,0.0,0,0,0.1,-13.495733280795811,20260331-161237,0.0,0.0
514.1984052872976,514198405.28729767,-13.495733280795804,0.0,0,0,0.1,-13.495733280795811,20260331-161237,0.0,0.0
514.1984052872976,514198405.28729767,-13.495733280795804,0.0,0,0,0.1,-13.495733280795811,20260331-161237,0.0,0.0
514.1984052872976,514198405.28729767,-13.495733280795804,0.0,0,0,0.1,-13.495733280795811,20260331-161237,0.0,0.0
514.1984052872976,514198405.28729767,-13.495733280795804,0.0,0,0,0.1,-13.495733280795811,20260331-161237,0.0,0.0
514.1984052872976,514198405.28729767,-13.495733280795804,0.0,0,0,0.1,-13.495733280795811,20260331-161237,0.0,0.0
514.1984052872976,514198405.28729767,-13.495733280795804,0.0,0,0,0.1,-13.495733280795811,20260331-161237,0.0,0.0
514.1984052872976,514198405.28729767,-13.495733280795804,0.0,0,0,0.1,-13.495733280795811,20260331-161237,0.0,0.0
514.1984052872976,514198405.28729767,-13.495733280795804,0.0,0,0,0.1,-13.495733280795811,20260331-161237,0.0,0.0
514.1984052872976,514198405.28729767,-13.495733280795804,0.0,0,0,0.1,-13.495733280795811,20260331-161237,0.0,0.0
514.1984052872976,514198405.28729767,-13.495733280795804,0.0,0,0,0.1,-13.495733280795811,20260331-161237,0.0,0.0
514.1984052872976,514198405.28729767,-13.495733280795804,0.0,0,0,0.1,-13.495733280795811,20260331-161237,0.0,0.0
514.1984052872976,514198405.28729767,-13.495733280795804,0.0,0,0,0.1,-13.495733280795811,20260331-161237,0.0,0.0
514.1984052872976,514198405.28729767,-13.495733280795804,0.0,0,0,0.1,-13.495733280795811,20260331-161237,0.0,0.0
514.1984052872976,514198405.28729767,-13.495733280795804,0.0,0,0,0.1,-13.495733280795811,20260331-161237,0.0,0.0
514.1984052872976,514198405.28729767,-13.495733280795804,0.0,0,0,0.1,-13.495733280795811,20260331-161237,0.0,0.0
514.1984052872976,514198405.28729767,-13.495733280795804,0.0,0,0,0.1,-13.495733280795811,20260331-161237,0.0,0.0
514.1984052872976,514198405.28729767,-13.495733280795804,0.0,0,0,0.1,-13.495733280795811,20260331-161237,0.0,0.0
514.1984052872976,514198405.28729767,-13.495733280795804,0.0,0,0,0.1,-13.495733280795811,20260331-161237,0.0,0.0
514.1984052872976,514198405.28729767,-13.495733280795804,0.0,0,0,0.1,-13.495733280795811,20260331-161237,0.0,0.0
514.1984052872976,514198405.28729767,-13.495733280795804,0.0,0,0,0.1,-13.495733280795811,20260331-161237,0.0,0.0
514.1984052872976,514198405.28729767,-13.495733280795804,0.0,0,0,0.1,-13.495733280795811,20260331-161237,0.0,0.0
514.1984052872976,514198405.28729767,-13.495733280795804,0.0,0,0,0.1,-13.495733280795811,20260331-161237,0.0,0.0
514.1984052872976,514198405.28729767,-13.495733280795804,0.0,0,0,0.1,-13.495733280795811,20260331-161237,0.0,0.0
514.1984052872976,514198405.28729767,-13.495733280795804,0.0,0,0,0.1,-13.495733280795811,20260331-161237,0.0,0.0
514.1984052872976,514198405.28729767,-13.495733280795804,0.0,0,0,0.1,-13.495733280795811,20260331-161237,0.0,0.0
514.1984052872976,514198405.28729767,-13.495733280795804,0.0,0,0,0.1,-13.495733280795811,20260331-161237,0.0,0.0
514.1984052872976,514198405.28729767,-13.495733280795804,0.0,0,0,0.1,-13.495733280795811,20260331-161237,0.0,0.0
514.1984052872976,514198405.28729767,-13.495733280795804,0.0,0,0,0.1,-13.495733280795811,20260331-161237,0.0,0.0
514.1984052872976,514198405.28729767,-13.495733280795804,0.0,0,0,0.1,-13.495733280795811,20260331-161237,0.0,0.0
514.1984052872976,514198405.28729767,-13.495733280795804,0.0,0,0,0.1,-13.495733280795811,20260331-161237,0.0,0.0
514.1984052872976,514198405.28729767,-13.495733280795804,0.0,0,0,0.1,-13.495733280795811,20260331-161237,0.0,0.0
514.1984052872976,514198405.28729767,-13.495733280795804,0.0,0,0,0.1,-13.495733280795811,20260331-161237,0.0,0.0
514.1984052872976,514198405.28729767,-13.495733280795804,0.0,0,0,0.1,-13.495733280795811,20260331-161237,0.0,0.0
514.1984052872976,514198405.28729767,-13.495733280795804,0.0,0,0,0.1,-13.495733280795811,20260331-161237,0.0,0.0
514.1984052872976,514198405.28729767,-13.495733280795804,0.0,0,0,0.1,-13.495733280795811,20260331-161237,0.0,0.0
514.1984052872976,514198405.28729767,-13.495733280795804,0.0,0,0,0.1,-13.495733280795811,20260331-161237,0.0,0.0
514.1984052872976,514198405.28729767,-13.495733280795804,0.0,0,0,0.1,-13.495733280795811,20260331-161237,0.0,0.0
514.1984052872976,514198405.28729767,-13.495733280795804,0.0,0,0,0.1,-13.495733280795811,20260331-161237,0.0,0.0
514.1984052872976,514198405.28729767,-13.495733280795804,0.0,0,0,0.1,-13.495733280795811,20260331-161237,0.0,0.0
514.1984052872976,514198405.28729767,-13.495733280795804,0.0,0,0,0.1,-13.495733280795811,20260331-161237,0.0,0.0
514.1984052872976,514198405.28729767,-13.495733280795804,0.0,0,0,0.1,-13.495733280795811,20260331-161237,0.0,0.0
514.1984052872976,514198405.28729767,-13.495733280795804,0.0,0,0,0.1,-13.495733280795811,20260331-161237,0.0,0.0
514.1984052872976,514198405.28729767,-13.495733280795804,0.0,0,0,0.1,-13.495733280795811,20260331-161237,0.0,0.0
514.1984052872976,514198405.28729767,-13.495733280795804,0.0,0,0,0.1,-13.495733280795811,20260331-161237,0.0,0.0
514.1984052872976,514198405.28729767,-13.495733280795804,0.0,0,0,0.1,-13.495733280795811,20260331-161237,0.0,0.0
514.1984052872976,514198405.28729767,-13.495733280795804,0.0,0,0,0.1,-13.495733280795811,20260331-161237,0.0,0.0
514.1984052872976,514198405.28729767,-13.495733280795804,0.0,0,0,0.1,-13.495733280795811,20260331-161237,0.0,0.0
514.1984052872976,514198405.28729767,-13.495733280795804,0.0,0,0,0.1,-13.495733280795811,20260331-161237,0.0,0.0
514.1984052872976,514198405.28729767,-13.495733280795804,0.0,0,0,0.1,-13.495733280795811,20260331-161237,0.0,0.0
514.1984052872976,514198405.28729767,-13.495733280795804,0.0,0,0,0.1,-13.495733280795811,20260331-161237,0.0,0.0
514.1984052872976,514198405.28729767,-13.495733280795804,0.0,0,0,0.1,-13.495733280795811,20260331-161237,0.0,0.0
514.1984052872976,514198405.28729767,-13.495733280795804,0.0,0,0,0.1,-13.495733280795811,20260331-161237,0.0,0.0
514.1984052872976,514198405.28729767,-13.495733280795804,0.0,0,0,0.1,-13.495733280795811,20260331-161237,0.0,0.0
514.1984052872976,514198405.28729767,-13.495733280795804,0.0,0,0,0.1,-13.495733280795811,20260331-161237,0.0,0.0
514.1984052872976,514198405.28729767,-13.495733280795804,0.0,0,0,0.1,-13.495733280795811,20260331-161237,0.0,0.0
514.1984052872976,514198405.28729767,-13.495733280795804,0.0,0,0,0.1,-13.495733280795811,20260331-161237,0.0,0.0
514.1984052872976,514198405.28729767,-13.495733280795804,0.0,0,0,0.1,-13.495733280795811,20260331-161237,0.0,0.0
514.1984052872976,514198405.28729767,-13.495733280795804,0.0,0,0,0.1,-13.495733280795811,20260331-161237,0.0,0.0
514.1984052872976,514198405.28729767,-13.495733280795804,0.0,0,0,0.1,-13.495733280795811,20260331-161237,0.0,0.0
514.1984052872976,514198405.28729767,-13.495733280795804,0.0,0,0,0.1,-13.495733280795811,20260331-161237,0.0,0.0
514.1984052872976,514198405.28729767,-13.495733280795804,0.0,0,0,0.1,-13.495733280795811,20260331-161237,0.0,0.0
514.1984052872976,514198405.28729767,-13.495733280795804,0.0,0,0,0.1,-13.495733280795811,20260331-161237,0.0,0.0
514.1984052872976,514198405.28729767,-13.495733280795804,0.0,0,0,0.1,-13.495733280795811,20260331-161237,0.0,0.0
514.1984052872976,514198405.28729767,-13.495733280795804,0.0,0,0,0.1,-13.495733280795811,20260331-161237,0.0,0.0
514.1984052872976,514198405.28729767,-13.495733280795804,0.0,0,0,0.1,-13.495733280795811,20260331-161237,0.0,0.0
514.1984052872976,514198405.28729767,-13.495733280795804,0.0,0,0,0.1,-13.495733280795811,20260331-161237,0.0,0.0
514.1984052872976,514198405.28729767,-13.495733280795804,0.0,0,0,0.1,-13.495733280795811,20260331-161237,0.0,0.0
514.1984052872976,514198405.28729767,-13.495733280795804,0.0,0,0,0.1,-13.495733280795811,20260331-161237,0.0,0.0
514.1984052872976,514198405.28729767,-13.495733280795804,0.0,0,0,0.1,-13.495733280795811,20260331-161237,0.0,0.0
514.1984052872976,514198405.28729767,-13.495733280795804,0.0,0,0,0.1,-13.495733280795811,20260331-161237,0.0,0.0
514.1984052872976,514198405.28729767,-13.495733280795804,0.0,0,0,0.1,-13.495733280795811,20260331-161237,0.0,0.0
514.1984052872976,514198405.28729767,-13.495733280795804,0.0,0,0,0.1,-13.495733280795811,20260331-161237,0.0,0.0
514.1984052872976,514198405.28729767,-13.495733280795804,0.0,0,0,0.1,-13.495733280795811,20260331-161237,0.0,0.0
514.1984052872976,514198405.28729767,-13.495733280795804,0.0,0,0,0.1,-13.495733280795811,20260331-161237,0.0,0.0
514.1984052872976,514198405.28729767,-13.495733280795804,0.0,0,0,0.1,-13.495733280795811,20260331-161237,0.0,0.0
514.1984052872976,514198405.28729767,-13.495733280795804,0.0,0,0,0.1,-13.495733280795811,20260331-161237,0.0,0.0
514.1984052872976,514198405.28729767,-13.495733280795804,0.0,0,0,0.1,-13.495733280795811,20260331-161237,0.0,0.0
514.1984052872976,514198405.28729767,-13.495733280795804,0.0,0,0,0.1,-13.495733280795811,20260331-161237,0.0,0.0
514.1984052872976,514198405.28729767,-13.495733280795804,0.0,0,0,0.1,-13.495733280795811,20260331-161237,0.0,0.0
514.1984052872976,132.0848840694033,-13.495733280795804,3.8929390664954124,0,0,0.3,-13.495733280795811,20260331-161237,0.0,0.0
514.32280687488,137.81040779376028,-13.500641880990003,3.732104237327185,0,0,0.3,-13.500641880990012,20260331-161237,0.0,0.0
514.4472122355402,137.83956256338678,-13.505548107191686,3.7322173885960135,0,0,0.3,-13.505548107191684,20260331-161237,0.0,0.0
514.5716213665413,137.86871960664863,-13.510451961050762,3.732330457805502,0,0,0.2,-13.510451961050752,20260331-161237,0.0,0.0
514.6960342651496,137.89787892169085,-13.515353444215691,3.7324434450324944,0,0,0.2,-13.515353444215677,20260331-161237,0.0,0.0
514.8204509286334,137.92704050666003,-13.520252558333482,3.7325563503537538,0,0,0.1,-13.52025255833347,20260331-161237,0.0,0.0
514.9448713542639,137.95620435970525,-13.525149305049695,3.7326691738459488,0,0,0.1,-13.525149305049688,20260331-161237,0.0,0.0
515.0692955393147,137.98537047897716,-13.53004368600844,3.7327819155856696,0,0,0.1,-13.530043686008437,20260331-161237,0.0,0.0
184.0,184000000.0,-90.00000000000003,-0.0,0,0,2.4,-90.00000000000003,20260331-161237,0.0,0.0
184.0,184000000.0,-90.00000000000003,-0.0,0,0,2.4,-90.00000000000003,20260331-161237,0.0,0.0
184.0,184000000.0,-90.00000000000003,-0.0,0,0,2.4,-90.00000000000003,20260331-161237,0.0,0.0
184.0,184000000.0,-90.00000000000003,-0.0,0,0,2.4,-90.00000000000003,20260331-161237,0.0,0.0
184.0,184000000.0,-90.00000000000003,-0.0,0,0,2.4,-90.00000000000003,20260331-161237,0.0,0.0
184.0,184000000.0,-90.00000000000003,-0.0,0,0,2.4,-90.00000000000003,20260331-161237,0.0,0.0
184.0,184000000.0,-90.00000000000003,-0.0,0,0,2.4,-90.00000000000003,20260331-161237,0.0,0.0
184.0,184000000.0,-90.00000000000003,-0.0,0,0,2.4,-90.00000000000003,20260331-161237,0.0,0.0
184.0,184000000.0,-90.00000000000003,-0.0,0,0,2.4,-90.00000000000003,20260331-161237,0.0,0.0
184.0,184000000.0,-90.00000000000003,-0.0,0,0,2.4,-90.00000000000003,20260331-161237,0.0,0.0
184.0,184000000.0,-90.00000000000003,-0.0,0,0,2.4,-90.00000000000003,20260331-161237,0.0,0.0
184.0,184000000.0,-90.00000000000003,-0.0,0,0,2.4,-90.00000000000003,20260331-161237,0.0,0.0
184.0,184000000.0,-90.00000000000003,-0.0,0,0,2.6,-90.00000000000003,20260331-161237,0.0,0.0
184.0,184000000.0,-90.00000000000003,-0.0,0,0,2.6,-90.00000000000003,20260331-161237,0.0,0.0
184.0,184000000.0,-90.00000000000003,-0.0,0,0,2.8,-90.00000000000003,20260331-161237,0.0,0.0
184.0,184000000.0,-90.00000000000003,-0.0,0,0,2.8,-90.00000000000003,20260331-161237,0.0,0.0
184.0,184000000.0,-90.00000000000003,-0.0,0,0,2.8,-90.00000000000003,20260331-161237,0.0,0.0
184.0,184000000.0,-90.00000000000003,-0.0,0,0,2.8,-90.00000000000003,20260331-161237,0.0,0.0
184.0,184000000.0,-90.00000000000003,-0.0,0,0,2.8,-90.00000000000003,20260331-161237,0.0,0.0
184.0,184000000.0,-90.00000000000003,-0.0,0,0,2.8,-90.00000000000003,20260331-161237,0.0,0.0
184.0,184000000.0,-90.00000000000003,-0.0,0,0,2.8,-90.00000000000003,20260331-161237,0.0,0.0
184.0,184000000.0,-90.00000000000003,-0.0,0,0,2.8,-90.00000000000003,20260331-161237,0.0,0.0
184.0,184000000.0,-90.00000000000003,-0.0,0,0,2.8,-90.00000000000003,20260331-161237,0.0,0.0
184.0,184000000.0,-90.00000000000003,-0.0,0,0,2.8,-90.00000000000003,20260331-161237,0.0,0.0
184.0,184000000.0,-90.00000000000003,-0.0,0,0,2.8,-90.00000000000003,20260331-161237,0.0,0.0
184.0,184000000.0,-90.00000000000003,-0.0,0,0,2.8,-90.00000000000003,20260331-161237,0.0,0.0
184.0,184000000.0,-90.00000000000003,-0.0,0,0,2.8,-90.00000000000003,20260331-161237,0.0,0.0
184.0,184000000.0,-90.00000000000003,-0.0,0,0,2.8,-90.00000000000003,20260331-161237,0.0,0.0
184.0,184000000.0,-90.00000000000003,-0.0,0,0,2.8,-90.00000000000003,20260331-161237,0.0,0.0
184.0,184000000.0,-90.00000000000003,-0.0,0,0,2.8,-90.00000000000003,20260331-161237,0.0,0.0
184.0,184000000.0,-90.00000000000003,-0.0,0,0,2.8,-90.00000000000003,20260331-161237,0.0,0.0
184.0,184000000.0,-90.00000000000003,-0.0,0,0,2.8,-90.00000000000003,20260331-161237,0.0,0.0
184.0,184000000.0,-90.00000000000003,-0.0,0,0,2.8,-90.00000000000003,20260331-161237,0.0,0.0
184.0,184000000.0,-90.00000000000003,-0.0,0,0,2.8,-90.00000000000003,20260331-161237,0.0,0.0
184.0,184000000.0,-90.00000000000003,-0.0,0,0,2.8,-90.00000000000003,20260331-161237,0.0,0.0
184.0,184000000.0,-90.00000000000003,-0.0,0,0,2.8,-90.00000000000003,20260331-161237,0.0,0.0
184.0,184000000.0,-90.00000000000003,-0.0,0,0,2.8,-90.00000000000003,20260331-161237,0.0,0.0
184.0,184000000.0,-90.00000000000003,-0.0,0,0,2.8,-90.00000000000003,20260331-161237,0.0,0.0
184.0,184000000.0,-90.00000000000003,-0.0,0,0,2.8,-90.00000000000003,20260331-161237,0.0,0.0
184.0,184000000.0,-90.00000000000003,-0.0,0,0,2.8,-90.00000000000003,20260331-161237,0.0,0.0
184.0,184000000.0,-90.00000000000003,-0.0,0,0,2.8,-90.00000000000003,20260331-161237,0.0,0.0
184.0,184000000.0,-90.00000000000003,-0.0,0,0,2.8,-90.00000000000003,20260331-161237,0.0,0.0
184.0,184000000.0,-90.00000000000003,-0.0,0,0,2.8,-90.00000000000003,20260331-161237,0.0,0.0
184.0,184000000.0,-90.00000000000003,-0.0,0,0,2.8,-90.00000000000003,20260331-161237,0.0,0.0
184.0,184000000.0,-90.00000000000003,-0.0,0,0,2.8,-90.00000000000003,20260331-161237,0.0,0.0
184.0,184000000.0,-90.00000000000003,-0.0,0,0,2.8,-90.00000000000003,20260331-161237,0.0,0.0
184.0,184000000.0,-90.00000000000003,-0.0,0,0,2.8,-90.00000000000003,20260331-161237,0.0,0.0
184.0,184000000.0,-90.00000000000003,-0.0,0,0,2.8,-90.00000000000003,20260331-161237,0.0,0.0
184.0,184000000.0,-90.00000000000003,-0.0,0,0,2.8,-90.00000000000003,20260331-161237,0.0,0.0
184.0,184000000.0,-90.00000000000003,-0.0,0,0,2.8,-90.00000000000003,20260331-161237,0.0,0.0
184.0,184000000.0,-90.00000000000003,-0.0,0,0,2.8,-90.00000000000003,20260331-161237,0.0,0.0
184.0,184000000.0,-90.00000000000003,-0.0,0,0,2.8,-90.00000000000003,20260331-161237,0.0,0.0
184.0,184000000.0,-90.00000000000003,-0.0,0,0,2.8,-90.00000000000003,20260331-161237,0.0,0.0
184.0,184000000.0,-90.00000000000003,-0.0,0,0,2.8,-90.00000000000003,20260331-161237,0.0,0.0
184.0,184000000.0,-90.00000000000003,-0.0,0,0,2.8,-90.00000000000003,20260331-161237,0.0,0.0
184.0,184000000.0,-90.00000000000003,-0.0,0,0,2.8,-90.00000000000003,20260331-161237,0.0,0.0
184.0,184000000.0,-90.00000000000003,-0.0,0,0,2.8,-90.00000000000003,20260331-161237,0.0,0.0
184.0,184000000.0,-90.00000000000003,-0.0,0,0,2.8,-90.00000000000003,20260331-161237,0.0,0.0
184.0,184000000.0,-90.00000000000003,-0.0,0,0,2.8,-90.00000000000003,20260331-161237,0.0,0.0
184.0,184000000.0,-90.00000000000003,-0.0,0,0,2.8,-90.00000000000003,20260331-161237,0.0,0.0
184.0,184000000.0,-90.00000000000003,-0.0,0,0,2.8,-90.00000000000003,20260331-161237,0.0,0.0
184.0,184000000.0,-90.00000000000003,-0.0,0,0,2.8,-90.00000000000003,20260331-161237,0.0,0.0
184.0,184000000.0,-90.00000000000003,-0.0,0,0,2.8,-90.00000000000003,20260331-161237,0.0,0.0
184.0,184000000.0,-90.00000000000003,-0.0,0,0,2.8,-90.00000000000003,20260331-161237,0.0,0.0
184.0,184000000.0,-90.00000000000003,-0.0,0,0,2.8,-90.00000000000003,20260331-161237,0.0,0.0
184.0,184000000.0,-90.00000000000003,-0.0,0,0,2.8,-90.00000000000003,20260331-161237,0.0,0.0
184.0,184000000.0,-90.00000000000003,-0.0,0,0,2.8,-90.00000000000003,20260331-161237,0.0,0.0
184.0,184000000.0,-90.00000000000003,-0.0,0,0,2.8,-90.00000000000003,20260331-161237,0.0,0.0
184.0,184000000.0,-90.00000000000003,-0.0,0,0,2.8,-90.00000000000003,20260331-161237,0.0,0.0
184.0,184000000.0,-90.00000000000003,-0.0,0,0,2.8,-90.00000000000003,20260331-161237,0.0,0.0
184.0,184000000.0,-90.00000000000003,-0.0,0,0,2.8,-90.00000000000003,20260331-161237,0.0,0.0
184.0,184000000.0,-90.00000000000003,-0.0,0,0,2.8,-90.00000000000003,20260331-161237,0.0,0.0
184.0,184000000.0,-90.00000000000003,-0.0,0,0,2.8,-90.00000000000003,20260331-161237,0.0,0.0
184.0,184000000.0,-90.00000000000003,-0.0,0,0,2.8,-90.00000000000003,20260331-161237,0.0,0.0
184.0,184000000.0,-90.00000000000003,-0.0,0,0,2.8,-90.00000000000003,20260331-161237,0.0,0.0
184.0,184000000.0,-90.00000000000003,-0.0,0,0,2.8,-90.00000000000003,20260331-161237,0.0,0.0
184.0,184000000.0,-90.00000000000003,-0.0,0,0,2.8,-90.00000000000003,20260331-161237,0.0,0.0
184.0,184000000.0,-90.00000000000003,-0.0,0,0,2.8,-90.00000000000003,20260331-161237,0.0,0.0
184.0,184000000.0,-90.00000000000003,-0.0,0,0,2.8,-90.00000000000003,20260331-161237,0.0,0.0
184.0,184000000.0,-90.00000000000003,-0.0,0,0,2.8,-90.00000000000003,20260331-161237,0.0,0.0
184.0,184000000.0,-90.00000000000003,-0.0,0,0,2.8,-90.00000000000003,20260331-161237,0.0,0.0
184.0,184000000.0,-90.00000000000003,-0.0,0,0,2.8,-90.00000000000003,20260331-161237,0.0,0.0
184.0,184000000.0,-90.00000000000003,-0.0,0,0,2.8,-90.00000000000003,20260331-161237,0.0,0.0
184.0,184000000.0,-90.00000000000003,-0.0,0,0,2.8,-90.00000000000003,20260331-161237,0.0,0.0
184.0,184000000.0,-90.00000000000003,-0.0,0,0,2.8,-90.00000000000003,20260331-161237,0.0,0.0
184.0,184000000.0,-90.00000000000003,-0.0,0,0,2.8,-90.00000000000003,20260331-161237,0.0,0.0
184.0,184000000.0,-90.00000000000003,-0.0,0,0,2.8,-90.00000000000003,20260331-161237,0.0,0.0
184.0,184000000.0,-90.00000000000003,-0.0,0,0,2.8,-90.00000000000003,20260331-161237,0.0,0.0
184.0,184000000.0,-90.00000000000003,-0.0,0,0,2.8,-90.00000000000003,20260331-161237,0.0,0.0
184.0,184000000.0,-90.00000000000003,-0.0,0,0,2.8,-90.00000000000003,20260331-161237,0.0,0.0
184.0,184000000.0,-90.00000000000003,-0.0,0,0,2.8,-90.00000000000003,20260331-161237,0.0,0.0
184.0,184000000.0,-90.00000000000003,-0.0,0,0,2.8,-90.00000000000003,20260331-161237,0.0,0.0
184.0,184000000.0,-90.00000000000003,-0.0,0,0,2.8,-90.00000000000003,20260331-161237,0.0,0.0
184.0,184000000.0,-90.00000000000003,-0.0,0,0,2.8,-90.00000000000003,20260331-161237,0.0,0.0
184.0,184000000.0,-90.00000000000003,-0.0,0,0,2.8,-90.00000000000003,20260331-161237,0.0,0.0
184.0,184000000.0,-90.00000000000003,-0.0,0,0,2.8,-90.00000000000003,20260331-161237,0.0,0.0
184.0,184000000.0,-90.00000000000003,-0.0,0,0,2.8,-90.00000000000003,20260331-161237,0.0,0.0
184.0,184000000.0,-90.00000000000003,-0.0,0,0,2.8,-90.00000000000003,20260331-161237,0.0,0.0
184.0,184000000.0,-90.00000000000003,-0.0,0,0,2.8,-90.00000000000003,20260331-161237,0.0,0.0
184.0,184000000.0,-90.00000000000003,-0.0,0,0,2.8,-90.00000000000003,20260331-161237,0.0,0.0
184.0,184000000.0,-90.00000000000003,-0.0,0,0,2.8,-90.00000000000003,20260331-161237,0.0,0.0
184.0,184000000.0,-90.00000000000003,-0.0,0,0,2.8,-90.00000000000003,20260331-161237,0.0,0.0
184.0,184000000.0,-90.00000000000003,-0.0,0,0,2.8,-90.00000000000003,20260331-161237,0.0,0.0
184.0,184000000.0,-90.00000000000003,-0.0,0,0,2.8,-90.00000000000003,20260331-161237,0.0,0.0
184.0,184000000.0,-90.00000000000003,-0.0,0,0,2.8,-90.00000000000003,20260331-161237,0.0,0.0
184.0,184000000.0,-90.00000000000003,-0.0,0,0,2.8,-90.00000000000003,20260331-161237,0.0,0.0
280.0,3.111111111111111,-90.0,-90.0,0,0,0.3,-90.0,20260331-161237,0.0,0.0
277.0,3.077777777777778,-90.0,-90.0,0,0,0.3,-90.0,20260331-161237,0.0,0.0
274.0,3.0444444444444443,-90.0,-90.0,0,0,0.3,-90.0,20260331-161237,0.0,0.0
271.0,3.011111111111111,-90.0,-90.0,0,0,0.3,-90.0,20260331-161237,0.0,0.0
268.0,2.977777777777778,-90.0,-90.0,0,0,0.3,-90.0,20260331-161237,0.0,0.0
265.0,2.9444444444444446,-90.0,-90.0,0,0,0.3,-90.0,20260331-161237,0.0,0.0
262.0,2.911111111111111,-90.0,-90.0,0,0,0.3,-90.0,20260331-161237,0.0,0.0
259.0,2.8777777777777778,-90.0,-90.0,0,0,0.3,-90.0,20260331-161237,0.0,0.0
256.0,2.8444444444444446,-90.0,-90.0,0,0,0.3,-90.0,20260331-161237,0.0,0.0
253.0,2.811111111111111,-90.0,-90.0,0,0,0.3,-90.0,20260331-161237,0.0,0.0
250.0,2.7777777777777777,-90.0,-90.0,0,0,0.3,-90.0,20260331-161237,0.0,0.0
247.0,2.7444444444444445,-90.0,-90.0,0,0,0.3,-90.0,20260331-161237,0.0,0.0
244.0,2.7111111111111112,-90.0,-90.0,0,0,0.3,-90.0,20260331-161237,0.0,0.0
241.0,2.6777777777777776,-90.0,-90.0,0,0,0.3,-90.0,20260331-161237,0.0,0.0
238.0,2.6444444444444444,-90.0,-90.0,0,0,0.3,-90.0,20260331-161237,0.0,0.0
235.0,2.611111111111111,-90.0,-90.0,0,0,0.3,-90.0,20260331-161237,0.0,0.0
232.0,2.577777777777778,-90.0,-90.0,0,0,0.3,-90.0,20260331-161237,0.0,0.0
229.0,2.5444444444444443,-90.0,-90.0,0,0,0.3,-90.0,20260331-161237,0.0,0.0
226.0,2.511111111111111,-90.0,-90.0,0,0,0.3,-90.0,20260331-161237,0.0,0.0
223.0,2.477777777777778,-90.0,-90.0,0,0,0.3,-90.0,20260331-161237,0.0,0.0
220.0,2.4444444444444446,-90.0,-90.0,0,0,0.3,-90.0,20260331-161237,0.0,0.0
217.0,2.411111111111111,-90.0,-90.0,0,0,0.3,-90.0,20260331-161237,0.0,0.0
214.0,2.3777777777777778,-90.0,-90.0,0,0,0.3,-90.0,20260331-161237,0.0,0.0
211.0,2.3444444444444446,-90.0,-90.0,0,0,0.3,-90.0,20260331-161237,0.0,0.0
208.0,2.311111111111111,-90.0,-90.0,0,0,0.3,-90.0,20260331-161237,0.0,0.0
205.0,2.2777777777777777,-90.0,-90.0,0,0,0.3,-90.0,20260331-161237,0.0,0.0
202.0,2.2444444444444445,-90.0,-90.0,0,0,0.3,-90.0,20260331-161237,0.0,0.0
199.0,2.2111111111111112,-90.0,-90.0,0,0,0.3,-90.0,20260331-161237,0.0,0.0
196.0,2.1777777777777776,-90.0,-90.0,0,0,0.3,-90.0,20260331-161237,0.0,0.0
193.0,2.1444444444444444,-90.0,-90.0,0,0,0.3,-90.0,20260331-161237,0.0,0.0
190.0,2.111111111111111,-90.0,-90.0,0,0,0.3,-90.0,20260331-161237,0.0,0.0
187.0,2.077777777777778,-90.0,-90.0,0,0,0.3,-90.0,20260331-161237,0.0,0.0
184.0,2.0444444444444443,-90.0,-90.0,0,0,0.3,-90.0,20260331-161237,0.0,0.0
181.0,2.011111111111111,-90.0,-90.0,0,0,0.3,-90.0,20260331-161237,0.0,0.0
178.0,1.9777777777777779,-90.0,-90.0,0,0,0.3,-90.0,20260331-161237,0.0,0.0
175.0,1.9444444444444444,-90.0,-90.0,0,0,0.3,-90.0,20260331-161237,0.0,0.0
172.0,1.9111111111111112,-90.0,-90.0,0,0,0.3,-90.0,20260331-161237,0.0,0.0
169.0,1.8777777777777778,-90.0,-90.0,0,0,0.3,-90.0,20260331-161237,0.0,0.0
166.0,1.8444444444444446,-90.0,-90.0,0,0,0.3,-90.0,20260331-161237,0.0,0.0
163.0,1.8111111111111111,-90.0,-90.0,0,0,0.3,-90.0,20260331-161237,0.0,0.0
160.0,1.7777777777777777,-90.0,-90.0,0,0,0.3,-90.0,20260331-161237,0.0,0.0
157.0,1.7444444444444445,-90.0,-90.0,0,0,0.3,-90.0,20260331-161237,0.0,0.0
154.0,1.711111111111111,-90.0,-90.0,0,0,0.3,-90.0,20260331-161237,0.0,0.0
151.0,1.6777777777777778,-90.0,-90.0,0,0,0.3,-90.0,20260331-161237,0.0,0.0
148.0,1.6444444444444444,-90.0,-90.0,0,0,0.3,-90.0,20260331-161237,0.0,0.0
145.0,1.6111111111111112,-90.0,-90.0,0,0,0.3,-90.0,20260331-161237,0.0,0.0
142.0,1.5777777777777777,-90.0,-90.0,0,0,0.3,-90.0,20260331-161237,0.0,0.0
139.0,1.5444444444444445,-90.0,-90.0,0,0,0.3,-90.0,20260331-161237,0.0,0.0
136.0,1.511111111111111,-90.0,-90.0,0,0,0.3,-90.0,20260331-161237,0.0,0.0
133.0,1.4777777777777779,-90.0,-90.0,0,0,0.3,-90.0,20260331-161237,0.0,0.0
130.0,1.4444444444444444,-90.0,-90.0,0,0,0.3,-90.0,20260331-161237,0.0,0.0
127.0,1.4111111111111112,-90.0,-90.0,0,0,0.3,-90.0,20260331-161237,0.0,0.0
124.0,1.3777777777777778,-90.0,-90.0,0,0,0.3,-90.0,20260331-161237,0.0,0.0
121.0,1.3444444444444446,-90.0,-90.0,0,0,0.3,-90.0,20260331-161237,0.0,0.0
118.0,1.3111111111111111,-90.0,-90.0,0,0,0.3,-90.0,20260331-161237,0.0,0.0
115.0,1.2777777777777777,-90.0,-90.0,0,0,0.3,-90.0,20260331-161237,0.0,0.0
112.0,1.2444444444444445,-90.0,-90.0,0,0,0.3,-90.0,20260331-161237,0.0,0.0
109.0,1.211111111111111,-90.0,-90.0,0,0,0.3,-90.0,20260331-161237,0.0,0.0
106.0,1.1777777777777778,-90.0,-90.0,0,0,0.3,-90.0,20260331-161237,0.0,0.0
103.0,1.1444444444444444,-90.0,-90.0,0,0,0.3,-90.0,20260331-161237,0.0,0.0
100.0,1.1111111111111112,-90.0,-90.0,0,0,0.3,-90.0,20260331-161237,0.0,0.0
97.0,1.0777777777777777,-90.0,-90.0,0,0,0.3,-90.0,20260331-161237,0.0,0.0
94.0,1.0444444444444445,-90.0,-90.0,0,0,0.3,-90.0,20260331-161237,0.0,0.0
91.0,1.011111111111111,-90.0,-90.0,0,0,0.3,-90.0,20260331-161237,0.0,0.0
88.0,0.9777777777777777,-90.0,-90.0,0,0,0.3,-90.0,20260331-161237,0.0,0.0
85.0,0.9444444444444444,-90.0,-90.0,0,0,0.3,-90.0,20260331-161237,0.0,0.0
82.0,0.9111111111111111,-90.0,-90.0,0,0,0.3,-90.0,20260331-161237,0.0,0.0
79.0,0.8777777777777778,-90.0,-90.0,0,0,0.3,-90.0,20260331-161237,0.0,0.0
76.0,0.8444444444444444,-90.0,-90.0,0,0,0.3,-90.0,20260331-161237,0.0,0.0
73.0,0.8111111111111111,-90.0,-90.0,0,0,0.3,-90.0,20260331-161237,0.0,0.0
70.0,0.7777777777777778,-90.0,-90.0,0,0,0.3,-90.0,20260331-161237,0.0,0.0
67.0,0.7444444444444445,-90.0,-90.0,0,0,0.3,-90.0,20260331-161237,0.0,0.0
64.0,0.7111111111111111,-90.0,-90.0,0,0,0.3,-90.0,20260331-161237,0.0,0.0
61.0,0.6777777777777778,-90.0,-90.0,0,0,0.3,-90.0,20260331-161237,0.0,0.0
58.0,0.6444444444444445,-90.0,-90.0,0,0,0.3,-90.0,20260331-161237,0.0,0.0
55.0,0.6111111111111112,-90.0,-90.0,0,0,0.3,-90.0,20260331-161237,0.0,0.0
52.0,0.5777777777777777,-90.0,-90.0,0,0,0.3,-90.0,20260331-161237,0.0,0.0
49.0,0.5444444444444444,-90.0,-90.0,0,0,0.3,-90.0,20260331-161237,0.0,0.0
46.0,0.5111111111111111,-90.0,-90.0,0,0,0.3,-90.0,20260331-161237,0.0,0.0
43.0,0.4777777777777778,-90.0,-90.0,0,0,0.3,-90.0,20260331-161237,0.0,0.0
40.0,0.4444444444444444,-90.0,-90.0,0,0,0.3,-90.0,20260331-161237,0.0,0.0
37.0,0.4111111111111111,-90.0,-90.0,0,0,0.3,-90.0,20260331-161237,0.0,0.0
34.0,0.9746623487421173,-90.0,-34.883875471213,0,0,0.5,-90.0,20260331-161237,0.0,0.0
32.79618515480871,0.9081182012282402,-90.0,-36.11444535573838,0,0,0.5,-90.0,20260331-161237,0.0,0.0
31.592370309617422,0.8747848678949065,-90.0,-36.11444535573838,0,0,0.5,-90.0,20260331-161237,0.0,0.0
30.388555464426133,0.841451534561573,-90.0,-36.11444535573838,0,0,0.5,-90.0,20260331-161237,0.0,0.0
29.184740619234844,0.8081182012282393,-90.0,-36.11444535573838,0,0,0.5,-90.0,20260331-161237,0.0,0.0
27.980925774043556,0.7747848678949057,-90.0,-36.11444535573838,0,0,0.5,-90.0,20260331-161237,0.0,0.0
26.777110928852267,0.7414515345615722,-90.0,-36.11444535573838,0,0,0.5,-90.0,20260331-161237,0.0,0.0
25.573296083660978,0.7081182012282385,-90.0,-36.11444535573838,0,0,0.5,-90.0,20260331-161237,0.0,0.0
24.36948123846969,0.674784867894905,-90.0,-36.11444535573838,0,0,0.5,-90.0,20260331-161237,0.0,0.0
23.1656663932784,0.6414515345615713,-90.0,-36.11444535573838,0,0,0.5,-90.0,20260331-161237,0.0,0.0
21.96185154808711,0.6081182012282378,-90.0,-36.11444535573838,0,0,0.5,-90.0,20260331-161237,0.0,0.0
20.758036702895822,0.5747848678949041,-90.0,-36.11444535573838,0,0,0.5,-90.0,20260331-161237,0.0,0.0
19.554221857704533,0.5414515345615706,-90.0,-36.11444535573838,0,0,0.5,-90.0,20260331-161237,0.0,0.0
18.350407012513244,0.508118201228237,-90.0,-36.11444535573838,0,0,0.5,-90.0,20260331-161237,0.0,0.0
17.146592167321955,0.4747848678949034,-90.0,-36.11444535573838,0,0,0.5,-90.0,20260331-161237,0.0,0.0
15.942777322130667,0.4414515345615698,-90.0,-36.11444535573838,0,0,0.5,-90.0,20260331-161237,0.0,0.0
14.738962476939378,0.4081182012282362,-90.0,-36.11444535573838,0,0,0.5,-90.0,20260331-161237,0.0,0.0
13.535147631748089,0.3747848678949026,-90.0,-36.11444535573838,0,0,0.5,-90.0,20260331-161237,0.0,0.0
12.3313327865568,0.341451534561569,-90.0,-36.11444535573838,0,0,0.5,-90.0,20260331-161237,0.0,0.0
11.127517941365511,0.3081182012282354,-90.0,-36.11444535573838,0,0,0.5,-90.0,20260331-161237,0.0,0.0
9.923703096174222,0.2747848678949018,-90.0,-36.11444535573838,0,0,0.5,-90.0,20260331-161237,0.0,0.0
8.719888250982933,0.24145153456156823,-90.0,-36.11444535573838,0,0,0.5,-90.0,20260331-161237,0.0,0.0
7.516073405791644,0.20811820122823463,-90.0,-36.11444535573838,0,0,0.5,-90.0,20260331-161237,0.0,0.0
6.312258560600355,0.17478486789490102,-90.0,-36.11444535573838,0,0,0.5,-90.0,20260331-161237,0.0,0.0
5.1084437154090665,0.14145153456156745,-90.0,-36.11444535573838,0,0,0.5,-90.0,20260331-161237,0.0,0.0
3.9046288702177776,0.10811820122823385,-90.0,-36.11444535573838,0,0,0.5,-90.0,20260331-161237,0.0,0.0
2.7008140250264887,0.07478486789490024,-90.0,-36.11444535573838,0,0,0.5,-90.0,20260331-161237,0.0,0.0
1.4969991798351998,0.04145153456156665,-90.0,-36.11444535573838,0,0,0.5,-90.0,20260331-161237,0.0,0.0
0.2931843346439109,0.027689751016516877,-90.0,-10.588189632656036,0,0,0.5,-90.0,20260331-161237,0.0,0.0
0.910630510547378,0.027689751016516877,90.0,32.886915812431425,0,0,0.5,90.0,20260331-161237,0.0,0.0
2.114445355738667,0.05854846543843414,90.0,36.11444535573838,0,0,0.5,90.0,20260331-161237,0.0,0.0
3.3182602009299558,0.09188179877176773,90.0,36.11444535573838,0,0,0.5,90.0,20260331-161237,0.0,0.0
4.522075046121245,0.12521513210510132,90.0,36.11444535573838,0,0,0.5,90.0,20260331-161237,0.0,0.0
5.725889891312534,0.15854846543843493,90.0,36.11444535573838,0,0,0.5,90.0,20260331-161237,0.0,0.0
6.9297047365038225,0.19188179877176853,90.0,36.11444535573838,0,0,0.5,90.0,20260331-161237,0.0,0.0
8.133519581695111,0.2252151321051021,90.0,36.11444535573838,0,0,0.5,90.0,20260331-161237,0.0,0.0
9.3373344268864,0.25854846543843574,90.0,36.11444535573838,0,0,0.5,90.0,20260331-161237,0.0,0.0
10.54114927207769,0.2918817987717693,90.0,36.11444535573838,0,0,0.5,90.0,20260331-161237,0.0,0.0
11.744964117268978,0.3252151321051029,90.0,36.11444535573838,0,0,0.5,90.0,20260331-161237,0.0,0.0
12.948778962460267,0.3585484654384365,90.0,36.11444535573838,0,0,0.5,90.0,20260331-161237,0.0,0.0
14.152593807651556,0.3918817987717701,90.0,36.11444535573838,0,0,0.5,90.0,20260331-161237,0.0,0.0
15.356408652842845,0.4252151321051037,90.0,36.11444535573838,0,0,0.5,90.0,20260331-161237,0.0,0.0
16.560223498034134,0.4585484654384373,90.0,36.11444535573838,0,0,0.5,90.0,20260331-161237,0.0,0.0
17.764038343225423,0.4918817987717709,90.0,36.11444535573838,0,0,0.5,90.0,20260331-161237,0.0,0.0
18.96785318841671,0.5252151321051045,90.0,36.11444535573838,0,0,0.5,90.0,20260331-161237,0.0,0.0
20.171668033608,0.5585484654384381,90.0,36.11444535573838,0,0,0.5,90.0,20260331-161237,0.0,0.0
21.37548287879929,0.5918817987717717,90.0,36.11444535573838,0,0,0.5,90.0,20260331-161237,0.0,0.0
22.579297723990578,0.6252151321051053,90.0,36.11444535573838,0,0,0.5,90.0,20260331-161237,0.0,0.0
23.783112569181867,0.6585484654384388,90.0,36.11444535573838,0,0,0.5,90.0,20260331-161237,0.0,0.0
24.986927414373156,0.6918817987717725,90.0,36.11444535573838,0,0,0.5,90.0,20260331-161237,0.0,0.0
26.190742259564445,0.725215132105106,90.0,36.11444535573838,0,0,0.5,90.0,20260331-161237,0.0,0.0
27.394557104755734,0.7585484654384397,90.0,36.11444535573838,0,0,0.5,90.0,20260331-161237,0.0,0.0
28.598371949947023,0.7918817987717732,90.0,36.11444535573838,0,0,0.5,90.0,20260331-161237,0.0,0.0
29.80218679513831,0.8252151321051069,90.0,36.11444535573838,0,0,0.5,90.0,20260331-161237,0.0,0.0
31.0060016403296,0.8585484654384404,90.0,36.11444535573838,0,0,0.5,90.0,20260331-161237,0.0,0.0
32.20981648552089,0.891881798771774,90.0,36.11444535573838,0,0,0.5,90.0,20260331-161237,0.0,0.0
33.41363133071218,0.9252151321051076,90.0,36.11444535573838,0,0,0.5,90.0,20260331-161237,0.0,0.0
34.61744617590347,0.9585484654384412,90.0,36.11444535573838,0,0,0.5,90.0,20260331-161237,0.0,0.0
35.821261021094756,0.9918817987717748,90.0,36.11444535573838,0,0,0.5,90.0,20260331-161237,0.0,0.0
37.025075866286045,1.0252151321051084,90.0,36.11444535573838,0,0,0.5,90.0,20260331-161237,0.0,0.0
38.228890711477334,1.058548465438442,90.0,36.11444535573838,0,0,0.5,90.0,20260331-161237,0.0,0.0
39.43270555666862,1.0918817987717755,90.0,36.11444535573838,0,0,0.5,90.0,20260331-161237,0.0,0.0
40.63652040185991,1.1252151321051092,90.0,36.11444535573838,0,0,0.5,90.0,20260331-161237,0.0,0.0
41.8403352470512,1.1585484654384428,90.0,36.11444535573838,0,0,0.5,90.0,20260331-161237,0.0,0.0
43.04415009224249,1.1918817987717765,90.0,36.11444535573838,0,0,0.5,90.0,20260331-161237,0.0,0.0
44.24796493743378,1.22521513210511,90.0,36.11444535573838,0,0,0.5,90.0,20260331-161237,0.0,0.0
45.45177978262507,1.2585484654384436,90.0,36.11444535573838,0,0,0.5,90.0,20260331-161237,0.0,0.0
46.655594627816356,1.2918817987717772,90.0,36.11444535573838,0,0,0.5,90.0,20260331-161237,0.0,0.0
47.859409473007645,1.3252151321051107,90.0,36.11444535573838,0,0,0.5,90.0,20260331-161237,0.0,0.0
49.063224318198934,1.3585484654384443,90.0,36.11444535573838,0,0,0.5,90.0,20260331-161237,0.0,0.0
50.26703916339022,1.391881798771778,90.0,36.11444535573838,0,0,0.5,90.0,20260331-161237,0.0,0.0
51.47085400858151,1.4252151321051116,90.0,36.11444535573838,0,0,0.5,90.0,20260331-161237,0.0,0.0
52.6746688537728,1.458548465438445,90.0,36.11444535573838,0,0,0.5,90.0,20260331-161237,0.0,0.0
53.87848369896409,1.4918817987717787,90.0,36.11444535573838,0,0,0.5,90.0,20260331-161237,0.0,0.0
55.08229854415538,1.5252151321051124,90.0,36.11444535573838,0,0,0.5,90.0,20260331-161237,0.0,0.0
56.28611338934667,1.558548465438446,90.0,36.11444535573838,0,0,0.5,90.0,20260331-161237,0.0,0.0
57.489928234537956,1.5918817987717795,90.0,36.11444535573838,0,0,0.5,90.0,20260331-161237,0.0,0.0
58.693743079729245,1.6252151321051131,90.0,36.11444535573838,0,0,0.5,90.0,20260331-161237,0.0,0.0
59.897557924920534,1.6585484654384468,90.0,36.11444535573838,0,0,0.5,90.0,20260331-161237,0.0,0.0
61.10137277011182,1.6918817987717802,90.0,36.11444535573838,0,0,0.5,90.0,20260331-161237,0.0,0.0
62.30518761530311,1.725215132105114,90.0,36.11444535573838,0,0,0.5,90.0,20260331-161237,0.0,0.0
63.5090024604944,1.7585484654384476,90.0,36.11444535573838,0,0,0.5,90.0,20260331-161237,0.0,0.0
64.71281730568569,1.7918817987717812,90.0,36.11444535573838,0,0,0.5,90.0,20260331-161237,0.0,0.0
65.91663215087698,1.8252151321051147,90.0,36.11444535573838,0,0,0.5,90.0,20260331-161237,0.0,0.0
67.12044699606827,1.8585484654384483,90.0,36.11444535573838,0,0,0.5,90.0,20260331-161237,0.0,0.0
68.32426184125956,1.891881798771782,90.0,36.11444535573838,0,0,0.5,90.0,20260331-161237,0.0,0.0
69.52807668645085,1.9252151321051154,90.0,36.11444535573838,0,0,0.5,90.0,20260331-161237,0.0,0.0
70.73189153164213,1.958548465438449,90.0,36.11444535573838,0,0,0.5,90.0,20260331-161237,0.0,0.0
71.93570637683342,1.9918817987717827,90.0,36.11444535573838,0,0,0.5,90.0,20260331-161237,0.0,0.0
73.13952122202471,2.0252151321051164,90.0,36.11444535573838,0,0,0.5,90.0,20260331-161237,0.0,0.0
74.343336067216,2.05854846543845,90.0,36.11444535573838,0,0,0.5,90.0,20260331-161237,0.0,0.0
75.54715091240729,2.0918817987717833,90.0,36.11444535573838,0,0,0.5,90.0,20260331-161237,0.0,0.0
76.75096575759858,2.125215132105117,90.0,36.11444535573838,0,0,0.5,90.0,20260331-161237,0.0,0.0
77.95478060278987,2.1585484654384506,90.0,36.11444535573838,0,0,0.5,90.0,20260331-161237,0.0,0.0
79.15859544798116,2.1918817987717842,90.0,36.11444535573838,0,0,0.5,90.0,20260331-161237,0.0,0.0
80.36241029317245,2.225215132105118,90.0,36.11444535573838,0,0,0.5,90.0,20260331-161237,0.0,0.0
81.56622513836373,2.2585484654384516,90.0,36.11444535573838,0,0,0.5,90.0,20260331-161237,0.0,0.0
82.77003998355502,2.291881798771785,90.0,36.11444535573838,0,0,0.5,90.0,20260331-161237,0.0,0.0
83.97385482874631,2.3252151321051184,90.0,36.11444535573838,0,0,0.5,90.0,20260331-161237,0.0,0.0
85.1776696739376,2.358548465438452,90.0,36.11444535573838,0,0,0.5,90.0,20260331-161237,0.0,0.0
86.38148451912889,2.3918817987717857,90.0,36.11444535573838,0,0,0.5,90.0,20260331-161237,0.0,0.0
87.58529936432018,2.4252151321051194,90.0,36.11444535573838,0,0,0.5,90.0,20260331-161237,0.0,0.0
88.78911420951147,2.458548465438453,90.0,36.11444535573838,0,0,0.5,90.0,20260331-161237,0.0,0.0
89.99292905470276,2.4918817987717867,90.0,36.11444535573838,0,0,0.5,90.0,20260331-161237,0.0,0.0
91.19674389989405,2.5252151321051204,90.0,36.11444535573838,0,0,0.5,90.0,20260331-161237,0.0,0.0
92.40055874508533,2.5585484654384536,90.0,36.11444535573838,0,0,0.5,90.0,20260331-161237,0.0,0.0
93.60437359027662,2.5918817987717873,90.0,36.11444535573838,0,0,0.5,90.0,20260331-161237,0.0,0.0
94.80818843546791,2.625215132105121,90.0,36.11444535573838,0,0,0.5,90.0,20260331-161237,0.0,0.0
96.0120032806592,2.6585484654384546,90.0,36.11444535573838,0,0,0.5,90.0,20260331-161237,0.0,0.0
97.21581812585049,2.6918817987717882,90.0,36.11444535573838,0,0,0.5,90.0,20260331-161237,0.0,0.0
98.41963297104178,2.725215132105122,90.0,36.11444535573838,0,0,0.5,90.0,20260331-161237,0.0,0.0
99.62344781623307,2.7585484654384556,90.0,36.11444535573838,0,0,0.5,90.0,20260331-161237,0.0,0.0
100.82726266142436,2.7918817987717888,90.0,36.11444535573838,0,0,0.5,90.0,20260331-161237,0.0,0.0
102.03107750661565,2.8252151321051224,90.0,36.11444535573838,0,0,0.5,90.0,20260331-161237,0.0,0.0
103.23489235180693,2.858548465438456,90.0,36.11444535573838,0,0,0.5,90.0,20260331-161237,0.0,0.0
104.43870719699822,2.8918817987717897,90.0,36.11444535573838,0,0,0.5,90.0,20260331-161237,0.0,0.0
105.64252204218951,2.9252151321051234,90.0,36.11444535573838,0,0,0.5,90.0,20260331-161237,0.0,0.0
106.8463368873808,2.958548465438457,90.0,36.11444535573838,0,0,0.5,90.0,20260331-161237,0.0,0.0
108.05015173257209,2.9918817987717907,90.0,36.11444535573838,0,0,0.5,90.0,20260331-161237,0.0,0.0
109.25396657776338,3.025215132105124,90.0,36.11444535573838,0,0,0.5,90.0,20260331-161237,0.0,0.0
110.45778142295467,3.0585484654384576,90.0,36.11444535573838,0,0,0.5,90.0,20260331-161237,0.0,0.0
111.66159626814596,3.0918817987717913,90.0,36.11444535573838,0,0,0.5,90.0,20260331-161237,0.0,0.0
112.86541111333725,3.125215132105125,90.0,36.11444535573838,0,0,0.5,90.0,20260331-161237,0.0,0.0
114.06922595852848,3.158548465438457,90.0,36.11444535573838,0,0,0.5,90.0,20260331-161237,0.0,0.0
115.27304080371971,3.191881798771789,90.0,36.11444535573838,0,0,0.5,90.0,20260331-161237,0.0,0.0
116.47685564891094,3.225215132105121,90.0,36.11444535573838,0,0,0.5,90.0,20260331-161237,0.0,0.0
117.68067049410217,3.258548465438453,90.0,36.11444535573838,0,0,0.5,90.0,20260331-161237,0.0,0.0
118.8844853392934,3.2918817987717843,90.0,36.11444535573839,0,0,0.5,90.0,20260331-161237,0.0,0.0
120.08830018448464,3.325215132105117,90.0,36.11444535573838,0,0,0.5,90.0,20260331-161237,0.0,0.0
121.29211502967587,3.358548465438449,90.0,36.11444535573838,0,0,0.5,90.0,20260331-161237,0.0,0.0
122.4959298748671,3.3918817987717813,90.0,36.11444535573838,0,0,0.5,90.0,20260331-161237,0.0,0.0
123.69974472005833,3.425215132105113,90.0,36.11444535573838,0,0,0.5,90.0,20260331-161237,0.0,0.0
126.36884782856687,3.507636887121703,108.99309255645073,36.02677583091066,0,0,0.4,108.99309255645073,20260331-161237,0.0,0.0
127.5697678993068,3.540809329167821,108.95544214602955,36.0284206349199,0,0,0.4,108.95544214602953,20260331-161237,0.0,0.0
128.77074202865157,3.573984786451045,108.91849400938304,36.03001963433663,0,0,0.4,108.91849400938305,20260331-161237,0.0,0.0
129.971768718053,3.6071631749961646,108.88222870922726,36.03157451234271,0,0,0.4,108.88222870922725,20260331-161237,0.0,0.0
131.17284652378171,3.640344413917597,108.84662751794872,36.033086875595544,0,0,0.4,108.84662751794873,20260331-161237,0.0,0.0
132.37397405444597,3.6735284252785947,108.81167238555747,36.03455825836081,0,0,0.4,108.8116723855575,20260331-161237,0.0,0.0
133.5751499686438,3.7067151339580735,108.77734590935802,36.03599012638738,0,0,0.4,108.77734590935803,20260331-161237,0.0,0.0
134.77637297274043,3.7399044675245925,108.74363130523284,36.03738388054271,0,0,0.4,108.74363130523287,20260331-161237,0.0,0.0
135.97764181876295,3.773096356117054,108.71051238043896,36.038740860225325,0,0,0.4,108.71051238043896,20260331-161237,0.0,0.0
137.17895530240546,3.8062907323316906,108.67797350782536,36.04006234656993,0,0,0.4,108.67797350782536,20260331-161237,0.0,0.0
138.3803122611375,3.8394875311149566,108.64599960138628,36.041349565459576,0,0,0.4,108.64599960138626,20260331-161237,0.0,0.0
139.58171157241017,3.872686689661983,108.61457609306939,36.04260369035771,0,0,0.4,108.61457609306937,20260331-161237,0.0,0.0
140.7831521519535,3.905888147320248,108.58368891076532,36.043825844972545,0,0,0.4,108.58368891076533,20260331-161237,0.0,0.0
141.98463295216024,3.939091845498158,108.55332445740868,36.04501710576493,0,0,0.4,108.55332445740868,20260331-161237,0.0,0.0
143.18615296055086,3.9722977275782534,108.52346959112538,36.04617850431004,0,0,0.4,108.52346959112535,20260331-161237,0.0,0.0
144.38771119831446,4.005505738834748,108.49411160636635,36.04731102952274,0,0,0.4,108.49411160636637,20260331-161237,0.0,0.0
145.58930671892242,4.038715826355194,108.465238215971,36.04841562975524,0,0,0.4,108.465238215971,20260331-161237,0.0,0.0
146.79093860680936,4.07192793896598,108.4368375341063,36.049493214775616,0,0,0.4,108.43683753410629,20260331-161237,0.0,0.0
147.9926059761186,4.1051420271614925,108.40889806003389,36.05054465763474,0,0,0.4,108.4088980600339,20260331-161237,0.0,0.0
149.19430796950772,4.138358043036701,108.38140866265746,36.05157079642869,0,0,0.4,108.38140866265749,20260331-161237,0.0,0.0
150.39604375701157,4.171575940222994,108.35435856580739,36.052572435963384,0,0,0.4,108.3543585658074,20260331-161237,0.0,0.0
151.59781253495902,4.20479567382707,108.32773733422198,36.053550349327566,0,0,0.4,108.32773733422196,20260331-161237,0.0,0.0
152.7996135249406,4.2380172003727274,108.3015348601873,36.05450527937973,0,0,0.4,108.30153486018729,20260331-161237,0.0,0.0
154.00144597282474,4.271240477745387,108.27574135079988,36.05543794015452,0,0,0.4,108.27574135079989,20260331-161237,0.0,0.0
155.2033091478191,4.304465465139204,108.25034731581832,36.05634901819335,0,0,0.4,108.25034731581833,20260331-161237,0.0,0.0
156.40520234157546,4.337692123006609,108.22534355607252,36.05723917380412,0,0,0.4,108.22534355607254,20260331-161237,0.0,0.0
157.60712486733533,4.370920413010204,108.20072115240129,36.05810904225389,0,0,0.4,108.20072115240127,20260331-161237,0.0,0.0
158.80907605911412,4.404150297976798,108.1764714550896,36.058959234899106,0,0,0.4,108.17647145508958,20260331-161237,0.0,0.0
160.01105527092236,4.437381741853566,108.15258607378064,36.059790340256626,0,0,0.4,108.15258607378061,20260331-161237,0.0,0.0
161.21306187602121,4.4706147096661475,108.12905686783665,36.06060292501926,0,0,0.4,108.12905686783662,20260331-161237,0.0,0.0
162.41509526621144,4.503849167478623,108.10587593712631,36.061397535019104,0,0,0.4,108.1058759371263,20260331-161237,0.0,0.0
163.61715485115315,4.5370850823552535,108.08303561321668,36.0621746961416,0,0,0.4,108.08303561321665,20260331-161237,0.0,0.0
164.81924005771572,4.570322422323907,108.06052845094877,36.06293491519331,0,0,0.4,108.06052845094877,20260331-161237,0.0,0.0
166.0213503293556,4.603561156341076,108.038347220378,36.063678680725914,0,0,0.4,108.03834722037803,20260331-161237,0.0,0.0
167.22348512552097,4.636801254258393,108.01648489906074,36.06440646381911,0,0,0.4,108.01648489906076,20260331-161237,0.0,0.0
168.42564392108184,4.670042686790616,107.99493466466993,36.06511871882453,0,0,0.4,107.9949346646699,20260331-161237,0.0,0.0
169.62782620578432,4.703285425484938,107.97368988792346,36.065815884073125,0,0,0.4,107.97368988792348,20260331-161237,0.0,0.0
170.830031483728,4.736529442691643,107.95274412581068,36.066498382547756,0,0,0.4,107.95274412581068,20260331-161237,0.0,0.0
172.03225927286493,4.7697747115359475,107.93209111510072,36.06716662252328,0,0,0.4,107.93209111510072,20260331-161237,0.0,0.0
173.23450910451982,4.8030212058910555,107.91172476612121,36.06782099817554,0,0,0.4,107.91172476612124,20260331-161237,0.0,0.0
174.43678052292958,4.836268900352308,107.89163915679302,36.068461890161316,0,0,0.4,107.891639156793,20260331-161237,0.0,0.0
175.6390730848021,4.869517770212408,107.8718285269087,36.06908966617053,0,0,0.4,107.87182852690871,20260331-161237,0.0,0.0
176.84138635889283,4.902767791437652,107.85228727264439,36.06970468145242,0,0,0.4,107.85228727264442,20260331-161237,0.0,0.0
178.04371992559854,4.9360189406451385,107.83300994129263,36.07030727931692,0,0,0.4,107.83300994129264,20260331-161237,0.0,0.0
179.24607337656727,4.969271195080875,107.81399122620667,36.07089779161269,0,0,0.4,107.81399122620664,20260331-161237,0.0,0.0
180.44844631432412,5.002524532598785,107.79522596194624,36.07147653918293,0,0,0.4,107.79522596194622,20260331-161237,0.0,0.0
181.65083835191152,5.035778931640535,107.7767091196157,36.07204383230025,0,0,0.4,107.77670911961567,20260331-161237,0.0,0.0
182.853249112544,5.069034371216171,107.75843580238512,36.07259997108159,0,0,0.4,107.75843580238512,20260331-161237,0.0,0.0
184.05567822927623,5.102290830885505,107.7404012411867,36.07314524588424,0,0,0.4,107.7404012411867,20260331-161237,0.0,0.0
185.25812534468403,5.135548290740234,107.7226007905781,36.07367993768414,0,0,0.4,107.72260079057807,20260331-161237,0.0,0.0
186.46059011055783,5.168806731386747,107.70502992476526,36.07420431843696,0,0,0.4,107.70502992476527,20260331-161237,0.0,0.0
187.66307218760772,5.2020661339296135,107.68768423377816,36.074718651423225,0,0,0.4,107.68768423377814,20260331-161237,0.0,0.0
188.86557124517978,5.235326479955666,107.67055941979135,36.07522319157814,0,0,0.4,107.67055941979135,20260331-161237,0.0,0.0
190.06808696098327,5.268587751518734,107.65365129358463,36.075718185806785,0,0,0.4,107.65365129358464,20260331-161237,0.0,0.0
191.27061902082798,5.3018499311249165,107.6369557711364,36.07620387328565,0,0,0.4,107.63695577113637,20260331-161237,0.0,0.0
192.47316711837146,5.335113001718438,107.62046887034415,36.0766804857509,0,0,0.4,107.62046887034417,20260331-161237,0.0,0.0
193.67573095487566,5.368376946667999,107.6041867078676,36.07714824777436,0,0,0.4,107.60418670786757,20260331-161237,0.0,0.0
194.87831023897255,5.401641749753674,107.58810549608711,36.07760737702744,0,0,0.4,107.58810549608708,20260331-161237,0.0,0.0
196.08090468643823,5.4349073951542515,107.57222154017506,36.07805808453396,0,0,0.4,107.57222154017506,20260331-161237,0.0,0.0
197.28351401997566,5.468173867435073,107.55653123527321,36.078500574912105,0,0,0.4,107.55653123527321,20260331-161237,0.0,0.0
198.48613796900474,5.50144115153629,107.5410310637725,36.0789350466063,0,0,0.4,107.5410310637725,20260331-161237,0.0,0.0
199.6887762694605,5.5347092327615535,107.52571759269108,36.07936169210924,0,0,0.4,107.5257175926911,20260331-161237,0.0,0.0
200.8914286635981,5.567978096767122,107.51058747114632,36.07978069817473,0,0,0.4,107.51058747114631,20260331-161237,0.0,0.0
202.09409489980501,5.601247729551341,107.49563742791645,36.08019224602171,0,0,0.4,107.49563742791644,20260331-161237,0.0,0.0
203.2967747324199,5.634518117444513,107.48086426908901,36.08059651152979,0,0,0.4,107.48086426908898,20260331-161237,0.0,0.0
512.609988197655,5.995185945699292,-18.187528734348177,85.50360119611986,0,0,0.2,-18.18752873434817,20260331-161237,0.0,0.0
515.4609587543949,6.024943310657598,-18.083445383048655,85.55449108418823,0,0,0.2,-18.08344538304866,20260331-161237,0.0,0.0
518.3136116290985,6.054744196529187,-17.980507386357374,85.60454328131912,0,0,0.2,-17.980507386357363,20260331-161237,0.0,0.0
521.1679191968745,6.084587813620071,-17.878696595841348,85.65377559844958,0,0,0.2,-17.87869659584134,20260331-161237,0.0,0.0
524.0238544188613,6.114473391226897,-17.777995229885818,85.70220538873153,0,0,0.2,-17.77799522988582,20260331-161237,0.0,0.0
523.0716968064703,6.10450691655511,-162.18855983472193,-85.68615024219675,0,0,0.2,-162.18855983472193,20260331-161237,0.0,0.0
520.2163011671203,6.074635241301907,-162.08749061403674,-85.63745484340032,0,0,0.2,-162.08749061403674,20260331-161237,0.0,0.0
517.3625421307577,6.0448057813911475,-161.98530608179476,-85.58795118338644,0,0,0.2,-161.98530608179476,20260331-161237,0.0,0.0
514.5104469298947,6.01501931379232,-161.8819883350996,-85.5376217579439,0,0,0.2,-161.8819883350996,20260331-161237,0.0,0.0
511.6600433881856,5.985276634659351,-161.7775191012451,-85.48644860043407,0,0,0.2,-161.7775191012451,20260331-161237,0.0,0.0
508.8113599360769,5.955578559926386,-161.67187972857351,-85.43441326754424,0,0,0.2,-161.67187972857351,20260331-161237,0.0,0.0
505.9644256269407,5.925925925925926,-161.565051177078,-85.38149682454625,0,0,0.2,-161.565051177078,20260331-161237,0.0,0.0
503.11927015370816,5.896319590030281,-161.4570140087412,-85.32767983004197,0,0,0.2,-161.4570140087412,20260331-161237,0.0,0.0
500.27592386602015,5.866760431317393,-161.34774837760247,-85.27294232017621,0,0,0.2,-161.34774837760247,20260331-161237,0.0,0.0
497.43441778791305,5.83724935126209,-161.2372340195453,-85.21726379229648,0,0,0.2,-161.2372340195453,20260331-161237,0.0,0.0
494.594783636059,5.807787274453942,-161.12545024179667,-85.1606231880388,0,0,0.2,-161.12545024179667,20260331-161237,0.0,0.0
491.7570538385799,5.7783751493428905,-161.01237591212984,-85.10299887581752,0,0,0.2,-161.01237591212984,20260331-161237,0.0,0.0
488.9212615544552,5.749013949013949,-160.89798944776138,-85.04436863269628,0,0,0.2,-160.89798944776138,20260331-161237,0.0,0.0
486.08744069354435,5.719704671992254,-160.78226880393368,-84.9847096256166,0,0,0.2,-160.78226880393368,20260331-161237,0.0,0.0
483.2556259372466,5.690448343079922,-160.6651914621736,-84.92399839195927,0,0,0.2,-160.6651914621736,20260331-161237,0.0,0.0
480.42585275981975,5.661246014226147,-160.54673441821691,-84.86221081941281,0,0,0.2,-160.54673441821691,20260331-161237,0.0,0.0
477.59815745038213,5.632098765432099,-160.4268741695898,-84.79932212512264,0,0,0.2,-160.4268741695898,20260331-161237,0.0,0.0
474.7725771356219,5.603007705692271,-160.30558670283617,-84.73530683409298,0,0,0.2,-160.30558670283617,20260331-161237,0.0,0.0
471.94914980323887,5.573973973973974,-160.182847480381,-84.67013875681266,0,0,0.2,-160.182847480381,20260331-161237,0.0,0.0
469.12791432614625,5.544998740236836,-160.05863142701878,-84.60379096607495,0,0,0.2,-160.05863142701878,20260331-161237,0.0,0.0
466.30891048745787,5.516083206494165,-159.93291291601585,-84.53623577296035,0,0,0.2,-159.93291291601585,20260331-161237,0.0,0.0
463.49217900629134,5.487228607918263,-159.80566575481603,-84.46744470194952,0,0,0.2,-159.80566575481603,20260331-161237,0.0,0.0
460.677761564415,5.458436213991769,-159.67686317033704,-84.39738846513333,0,0,0.2,-159.67686317033704,20260331-161237,0.0,0.0
457.8657008337707,5.4297073297073295,-159.5464777938468,-84.32603693548441,0,0,0.2,-159.5464777938468,20260331-161237,0.0,0.0
455.0560405049031,5.401043296817945,-159.41448164540657,-84.25335911915424,0,0,0.2,-159.41448164540657,20260331-161237,0.0,0.0
452.2488253163296,5.37244549514053,-159.28084611786963,-84.17932312675791,0,0,0.2,-159.28084611786963,20260331-161237,0.0,0.0
449.44410108488466,5.343915343915345,-159.14554196042167,-84.10389614360712,0,0,0.2,-159.14554196042167,20260331-161237,0.0,0.0
446.64191473707433,5.315454303224087,-159.0085392616508,-84.02704439885107,0,0,0.2,-159.0085392616508,20260331-161237,0.0,0.0
443.8423143414787,5.287063875469673,-158.8698074321336,-83.94873313348239,0,0,0.2,-158.8698074321336,20260331-161237,0.0,0.0
441.04534914223956,5.2587456069207885,-158.72931518652345,-83.86892656716469,0,0,0.2,-158.72931518652345,20260331-161237,0.0,0.0
438.2510695936748,5.230501089324618,-158.58703052512826,-83.7875878638357,0,0,0.2,-158.58703052512826,20260331-161237,0.0,0.0
435.4595273960601,5.202331961591221,-158.4429207149623,-83.70467909603897,0,0,0.2,-158.4429207149623,20260331-161237,0.0,0.0
432.67077553262135,5.174239911553345,-158.29695227025934,-83.62016120793487,0,0,0.2,-158.29695227025934,20260331-161237,0.0,0.0
429.88486830778305,5.1462266778056245,-158.14909093243148,-83.53399397694001,0,0,0.2,-158.14909093243148,20260331-161237,0.0,0.0
427.10186138671884,5.118294051627385,-157.99930164945943,-83.4461359739423,0,0,0.2,-157.99930164945943,20260331-161237,0.0,0.0
424.32181183625244,5.090443878993498,-157.84754855469953,-83.35654452203704,0,0,0.2,-157.84754855469953,20260331-161237,0.0,0.0
421.54477816715985,5.062678062678063,-157.69379494509235,-83.26517565372713,0,0,0.2,-157.69379494509235,20260331-161237,0.0,0.0
418.7708203779246,5.034998564455929,-157.53800325875753,-83.17198406652894,0,0,0.2,-157.53800325875753,20260331-161237,0.0,0.0
416.0,5.007407407407407,-157.38013505195957,-83.07692307692308,0,0,0.2,-157.38013505195957,20260331-161237,0.0,0.0
413.2323801446348,4.979906678331875,-157.22015097542973,-82.979944572587,0,0,0.2,-157.22015097542973,20260331-161237,0.0,0.0
410.4680255513211,4.952498530276308,-157.05801075002773,-82.88099896284481,0,0,0.2,-157.05801075002773,20260331-161237,0.0,0.0
407.7070026379238,4.9251851851851844,-156.8936731417284,-82.78003512726683,0,0,0.2,-156.8936731417284,20260331-161237,0.0,0.0
404.9493795525559,4.897968936678614,-156.72709593591802,-82.67700036234982,0,0,0.2,-156.72709593591802,20260331-161237,0.0,0.0
402.1952262272639,4.870852152965974,-156.55823591098408,-82.57184032620616,0,0,0.2,-156.55823591098408,20260331-161237,0.0,0.0
399.4446144335908,4.8438372799028535,-156.3870488111847,-82.4644989811883,0,0,0.2,-156.3870488111847,20260331-161237,0.0,0.0
396.6976178400874,4.816926844199572,-156.2134893187815,-82.35491853437242,0,0,0.2,-156.2134893187815,20260331-161237,0.0,0.0
393.9543120718442,4.790123456790123,-156.03751102542182,-82.24303937582314,0,0,0.2,-156.03751102542182,20260331-161237,0.0,0.0
391.21477477211926,4.763429816370993,-155.85906640275616,-82.12880001455868,0,0,0.2,-155.85906640275616,20260331-161237,0.0,0.0
388.47908566613984,4.7368487131199,-155.67810677227638,-82.01213701213399,0,0,0.2,-155.67810677227638,20260331-161237,0.0,0.0
385.7473266271589,4.710383032605255,-155.4945822743621,-81.89298491375696,0,0,0.2,-155.4945822743621,20260331-161237,0.0,0.0
383.0195817448502,4.684035759897828,-155.30844183652195,-81.77127617685073,0,0,0.2,-155.30844183652195,20260331-161237,0.0,0.0
380.2959373961284,4.657809983896941,-155.1196331408183,-81.64694109697345,0,0,0.2,-155.1196331408183,20260331-161237,0.0,0.0
377.5764823184834,4.63170890188434,-154.92810259046462,-81.51990773100445,0,0,0.2,-154.92810259046462,20260331-161237,0.0,0.0
374.86130768592267,4.605735824319894,-154.73379527558507,-81.39010181750416,0,0,0.2,-154.73379527558507,20260331-161237,0.0,0.0
372.15050718761626,4.57989417989418,-154.5366549381284,-81.25744669415373,0,0,0.2,-154.5366549381284,20260331-161237,0.0,0.0
369.44417710934357,4.554187520854188,-154.33662393592832,-81.12186321217845,0,0,0.2,-154.33662393592832,20260331-161237,0.0,0.0
366.742416417845,4.528619528619529,-154.13364320590549,-80.98326964765795,0,0,0.2,-154.13364320590549,20260331-161237,0.0,0.0
364.04532684818247,4.503194019707781,-153.92765222640665,-80.84158160962514,0,0,0.2,-153.92765222640665,20260331-161237,0.0,0.0
361.3530129942187,4.4779149519890264,-153.71858897867983,-80.69671194485524,0,0,0.2,-153.71858897867983,20260331-161237,0.0,0.0
358.66558240232644,4.452786431291105,-153.50638990748587,-80.54857063924572,0,0,0.2,-153.50638990748587,20260331-161237,0.0,0.0
355.9831456684431,4.427812718378756,-153.29098988085002,-80.39706471568797,0,0,0.2,-153.29098988085002,20260331-161237,0.0,0.0
353.30581653859025,4.40299823633157,-153.0723221489595,-80.24209812833193,0,0,0.2,-153.0723221489595,20260331-161237,0.0,0.0
350.63371201297804,4.378347578347579,-152.85031830221683,-80.08357165314632,0,0,0.2,-152.85031830221683,20260331-161237,0.0,0.0
347.9669524538214,4.353865516001439,-152.624908228462,-79.92138277467788,0,0,0.2,-152.624908228462,20260331-161237,0.0,0.0
345.3056616969956,4.32955700798838,-152.39602006938088,-79.75542556891594,0,0,0.2,-152.39602006938088,20260331-161237,0.0,0.0
342.6499671676622,4.305427209387605,-152.1635801761218,-79.58559058217129,0,0,0.2,-152.1635801761218,20260331-161237,0.0,0.0
340.0,4.281481481481482,-151.92751306414706,-79.41176470588235,0,0,0.2,-151.92751306414706,20260331-161237,0.0,0.0
337.3558951611784,4.2577254021698465,-151.68774136735172,-79.23383104726602,0,0,0.2,-151.68774136735172,20260331-161237,0.0,0.0
334.7177915797127,4.2341647770219195,-151.44418579148876,-79.05166879573707,0,0,0.2,-151.44418579148876,20260331-161237,0.0,0.0
332.0858322783434,4.210805651011837,-151.19676506694526,-78.86515308502655,0,0,0.2,-151.19676506694526,20260331-161237,0.0,0.0
329.460164511584,4.187654320987654,-150.94539590092285,-78.6741548509384,0,0,0.2,-150.94539590092285,20260331-161237,0.0,0.0
326.84093990808435,4.1647173489278755,-150.68999292908387,-78.47854068469331,0,0,0.2,-150.68999292908387,20260331-161237,0.0,0.0
324.2283146179556,4.14200157604413,-150.43046866673225,-78.27817268182064,0,0,0.2,-150.43046866673225,20260331-161237,0.0,0.0
321.6224494652076,4.119514137793708,-150.16673345961004,-78.07290828657266,0,0,0.2,-150.16673345961004,20260331-161237,0.0,0.0
319.02351010544663,4.097262479871176,-149.8986954344003,-77.86260013185125,0,0,0.2,-149.8986954344003,20260331-161237,0.0,0.0
316.4316671889841,4.075254375254374,-149.6262604490382,-77.6470958746551,0,0,0.2,-149.6262604490382,20260331-161237,0.0,0.0
313.8470965295043,4.053497942386831,-149.34933204294714,-77.42623802707568,0,0,0.2,-149.34933204294714,20260331-161237,0.0,0.0
311.2699792784392,4.032001664585934,-149.06781138732896,-77.19986378289481,0,0,0.2,-149.06781138732896,20260331-161237,0.0,0.0
308.7005021051958,4.0107744107744105,-148.7815972356536,-76.96780483986161,0,0,0.2,-148.7815972356536,20260331-161237,0.0,0.0
306.13885738337757,3.9898254576415493,-148.49058587451077,-76.72988721775845,0,0,0.2,-148.49058587451077,20260331-161237,0.0,0.0
303.5852433831394,3.9691645133505595,-148.19467107500307,-76.48593107239809,0,0,0.2,-148.19467107500307,20260331-161237,0.0,0.0
301.0398644698074,3.948801742919391,-147.89374404488217,-76.23575050573328,0,0,0.2,-147.89374404488217,20260331-161237,0.0,0.0
298.50293130889014,3.9287477954144614,-147.5876933816488,-75.97915337230236,0,0,0.2,-147.5876933816488,20260331-161237,0.0,0.0
295.9746610775997,3.9090138331102193,-147.27640502686236,-75.71594108228226,0,0,0.2,-147.27640502686236,20260331-161237,0.0,0.0
293.4552776829887,3.889611562782295,-146.9597622219308,-75.4459084014744,0,0,0.2,-146.9597622219308,20260331-161237,0.0,0.0
290.9450119868014,3.8705532693187013,-146.63764546567847,-75.16884324860715,0,0,0.2,-146.63764546567847,20260331-161237,0.0,0.0
288.44410203711914,3.8518518518518516,-146.30993247402023,-74.88452649040593,0,0,0.2,-146.30993247402023,20260331-161237,0.0,0.0
285.95279330686736,3.833520862634787,-145.97649814210016,-74.59273173495433,0,0,0.2,-145.97649814210016,20260331-161237,0.0,0.0
283.47133893923035,3.815574548907883,-145.6372145092901,-74.29322512395079,0,0,0.2,-145.6372145092901,20260331-161237,0.0,0.0
281.0,3.798027898027898,-145.29195072747734,-73.98576512455516,0,0,0.2,-145.29195072747734,20260331-161237,0.0,0.0
278.53904573685895,3.7808966861598443,-144.94057303311303,-73.67010232161715,0,0,0.2,-144.94057303311303,20260331-161237,0.0,0.0
276.08875384557047,3.7641975308641977,-144.5829447235326,-73.34597921118795,0,0,0.2,-144.5829447235326,20260331-161237,0.0,0.0
273.64941074301623,3.7479479479479485,-144.21892613810746,-73.01312999633384,0,0,0.2,-144.21892613810746,20260331-161237,0.0,0.0
271.22131184698594,3.732166412988331,-143.8483746448336,-72.67128038640166,0,0,0.2,-143.8483746448336,20260331-161237,0.0,0.0
268.80476186258306,3.716872427983539,-143.47114463301483,-72.32014740102711,0,0,0.2,-143.47114463301483,20260331-161237,0.0,0.0
266.4000750750645,3.702086593635889,-143.08708751275313,-71.95943918033207,0,0,0.2,-143.08708751275313,20260331-161237,0.0,0.0
264.0075756488817,3.6878306878306875,-142.6960517220166,-71.58885480292489,0,0,0.2,-142.6960517220166,20260331-161237,0.0,0.0
261.627597932634,3.674127750939345,-142.29788274211586,-71.20808411350015,0,0,0.2,-142.29788274211586,20260331-161237,0.0,0.0
259.26048676958084,3.661002178649237,-141.89242312248513,-70.81680756203143,0,0,0.2,-141.89242312248513,20260331-161237,0.0,0.0
256.9065978132909,3.648479823106689,-141.47951251573028,-70.41469605676326,0,0,0.2,-141.47951251573028,20260331-161237,0.0,0.0
254.566297847928,3.6365881032547698,-141.05898772397833,-70.0014108334374,0,0,0.2,-141.05898772397833,20260331-161237,0.0,0.0
252.23996511258878,3.625356125356125,-140.63068275763524,-69.57660334343313,0,0,0.2,-140.63068275763524,20260331-161237,0.0,0.0
249.92798962901293,3.6148148148148143,-140.19442890773482,-69.13991516376383,0,0,0.2,-140.19442890773482,20260331-161237,0.0,0.0
247.63077353188558,3.6049970605526167,-139.75005483314044,-68.69097793215005,0,0,0.2,-139.75005483314044,20260331-161237,0.0,0.0
245.34873140083687,3.5959378733572276,-139.29738666394172,-68.22941331068526,0,0,0.2,-139.29738666394172,20260331-161237,0.0,0.0
243.08229059312404,3.587674559805708,-138.83624812246867,-67.75483298192138,0,0,0.2,-138.83624812246867,20260331-161237,0.0,0.0
240.8318915758459,3.5802469135802464,-138.3664606634298,-67.26683868152938,0,0,0.2,-138.3664606634298,20260331-161237,0.0,0.0
238.5979882563975,3.5736974262397996,-137.8878436347613,-66.76502227203028,0,0,0.2,-137.8878436347613,20260331-161237,0.0,0.0
236.3810483097154,3.568071519795658,-137.40021446085663,-66.24896586244797,0,0,0.2,-137.40021446085663,20260331-161237,0.0,0.0
234.1815535006974,3.5634178037686803,-136.90338884992428,-65.71824197909837,0,0,0.2,-136.90338884992428,20260331-161237,0.0,0.0
232.0,3.55978835978836,-136.39718102729637,-65.17241379310344,0,0,0.2,-136.39718102729637,20260331-161237,0.0,0.0
229.83689869122406,3.557239057239057,-135.88140399658215,-64.61103541059494,0,0,0.2,-135.88140399658215,20260331-161237,0.0,0.0
227.69277546729498,3.5558299039780525,-135.35586983062188,-64.03365223194893,0,0,0.2,-135.35586983062188,20260331-161237,0.0,0.0
225.5681715136247,3.555625436757513,-134.8203899942529,-63.439801386764586,0,0,0.2,-134.8203899942529,20260331-161237,0.0,0.0
223.46364357541475,3.556695156695157,-134.27477570094075,-62.82901225165858,0,0,0.2,-134.27477570094075,20260331-161237,0.0,0.0
221.37976420621646,3.559114015976761,-133.71883830535793,-62.20080705828727,0,0,0.2,-133.71883830535793,20260331-161237,0.0,0.0
219.31712199461307,3.5629629629629624,-133.1523897340054,-61.554701599319685,0,0,0.2,-133.1523897340054,20260331-161237,0.0,0.0
217.27632176562636,3.5683295540438396,-132.575242955962,-60.89020604035749,0,0,0.2,-132.575242955962,20260331-161237,0.0,0.0
215.25798475317936,3.5753086419753086,-131.98721249581666,-60.20682584602047,0,0,0.2,-131.98721249581666,20260331-161237,0.0,0.0
213.26274873967088,3.584003152088258,-131.388114990777,-59.504062828575094,0,0,0.2,-131.388114990777,20260331-161237,0.0,0.0
211.29126815843574,3.594524959742351,-130.77776979385732,-58.7814163275641,0,0,0.2,-130.77776979385732,20260331-161237,0.0,0.0
209.34421415458323,3.6069958847736627,-130.15599962491933,-58.03838452888046,0,0,0.2,-130.15599962491933,20260331-161237,0.0,0.0
207.42227459942677,3.621548821548822,-129.52263127117112,-57.27446593160073,0,0,0.2,-129.52263127117112,20260331-161237,0.0,0.0
205.526154053444,3.6383290267011197,-128.87749633851263,-56.48916097063244,0,0,0.2,-128.87749633851263,20260331-161237,0.0,0.0
203.65657367244495,3.657495590828924,-128.22043205485005,-55.6819738028143,0,0,0.2,-128.22043205485005,20260331-161237,0.0,0.0
201.8142710513803,3.679223125564589,-127.55128212617798,-54.852414263516906,0,0,0.2,-127.55128212617798,20260331-161237,0.0,0.0
200.0,3.7037037037037037,-126.86989764584402,-54.0,0,0,0.2,-126.86989764584402,20260331-161237,0.0,0.0
198.2145302443794,3.731149097815764,-126.17613805695952,-53.124258786767676,0,0,0.2,-126.17613805695952,20260331-161237,0.0,0.0
196.45864704817652,3.761793372319688,-125.46987216740006,-52.22473102690152,0,0,0.2,-125.46987216740006,20260331-161237,0.0,0.0
194.7331507473753,3.7958958958958955,-124.750979216244,-51.30097244182061,0,0,0.2,-124.750979216244,20260331-161237,0.0,0.0
193.03885619221847,3.833744855967079,-124.01934998982647,-50.352556950095625,0,0,0.2,-124.01934998982647,20260331-161237,0.0,0.0
191.3765920900464,3.8756613756613763,-123.27488798483492,-49.37907973381401,0,0,0.2,-123.27488798483492,20260331-161237,0.0,0.0
189.74720024284943,3.9220043572984746,-122.51751061504552,-48.38016048853899,0,0,0.2,-122.51751061504552,20260331-161237,0.0,0.0
188.1515346735179,3.97317620650954,-121.7471504573911,-47.355446850118476,0,0,0.2,-121.7471504573911,20260331-161237,0.0,0.0
186.59046063504962,4.02962962962963,-120.96375653207352,-46.30461798847738,0,0,0.2,-120.96375653207352,20260331-161237,0.0,0.0
185.06485349736184,4.091875746714456,-120.1672956103844,-45.227388355073685,0,0,0.2,-120.1672956103844,20260331-161237,0.0,0.0
183.5755975068582,4.1604938271604945,-119.35775354279127,-44.123511566930304,0,0,0.2,-119.35775354279127,20260331-161237,0.0,0.0
182.12358441453978,4.236143039591315,-118.53513659869228,-42.992784406097456,0,0,0.2,-118.53513659869228,20260331-161237,0.0,0.0
180.7097119692243,4.3195767195767205,-117.699472808055,-41.83505090909283,0,0,0.2,-117.699472808055,20260331-161237,0.0,0.0
179.3348822733603,4.411659807956104,-116.85081329395454,-40.650206516364435,0,0,0.2,-116.85081329395454,20260331-161237,0.0,0.0
178.0,4.513390313390313,-115.989233583833,-39.438202247191015,0,0,0.2,-115.989233583833,20260331-161237,0.0,0.0
176.70597047072292,4.625925925925926,-115.11483488614456,-38.19904886076476,0,0,0.2,-115.11483488614456,20260331-161237,0.0,0.0
175.45369759569047,4.750617283950618,-114.22774531795417,-36.93282095959181,0,0,0.2,-114.22774531795417,20260331-161237,0.0,0.0
174.24408167854654,4.889049919484702,-113.32812106806034,-35.639660986916574,0,0,0.2,-113.32812106806034,20260331-161237,0.0,0.0
173.07801709055948,5.043097643097643,-112.41614747934365,-34.31978306576056,0,0,0.2,-112.41614747934365,20260331-161237,0.0,0.0
171.95638982020995,5.214991181657848,-111.49204003334457,-32.973476623510784,0,0,0.2,-111.49204003334457,20260331-161237,0.0,0.0
170.88007490635061,5.4074074074074066,-110.55604521958347,-31.601109742955256,0,0,0.2,-110.55604521958347,20260331-161237,0.0,0.0
169.84993376507393,5.623586744639376,-109.60844127189029,-30.20313217840581,0,0,0.2,-109.60844127189029,20260331-161237,0.0,0.0
168.86681142249356,5.867489711934157,-108.64953875405142,-28.78007797423617,0,0,0.2,-108.64953875405142,20260331-161237,0.0,0.0
167.93153366774212,6.144008714596951,-107.67968097743885,-27.33256762295437,0,0,0.2,-107.67968097743885,20260331-161237,0.0,0.0
167.0449041425688,6.45925925925926,-106.69924423399362,-25.861309700971088,0,0,0.2,-106.69924423399362,20260331-161237,0.0,0.0
166.20770138594662,6.820987654320988,-105.70863782901574,-24.367101922645567,0,0,0.2,-105.70863782901574,20260331-161237,0.0,0.0
165.42067585401773,7.23915343915344,-104.70830389968275,-22.85083155708913,0,0,0.2,-104.70830389968275,20260331-161237,0.0,0.0
164.68454693747074,7.726780626780627,-103.69871700708445,-21.313475157646188,0,0,0.2,-103.69871700708445,20260331-161237,0.0,0.0
164.0,8.301234567901234,-102.68038349181982,-19.75609756097561,0,0,0.2,-102.68038349181982,20260331-161237,0.0,0.0
163.36768346279504,8.986195286195285,-101.65384058583433,-18.179850121192302,0,0,0.2,-101.65384058583433,20260331-161237,0.0,0.0
162.78820596099706,9.814814814814815,-100.61965527615514,-16.58596815451668,0,0,0.2,-100.61965527615514,20260331-161237,0.0,0.0
162.2621335986927,10.834979423868313,-99.57842291946075,-14.975767581177532,0,0,0.2,-99.57842291946075,20260331-161237,0.0,0.0
161.78998732925348,12.118518518518519,-98.53076560994813,-13.350640763722016,0,0,0.2,-98.53076560994813,20260331-161237,0.0,0.0
161.37224048763778,13.77830687830688,-97.4773303066608,-11.712051554150584,0,0,0.2,-97.4773303066608,20260331-161237,0.0,0.0
161.00931650062986,16.002469135802468,-96.41878673023879,-10.06152957610787,0,0,0.2,-96.41878673023879,20260331-161237,0.0,0.0
160.70158679988197,19.12962962962963,-95.35582504285519,-8.400663782375243,0,0,0.2,-95.35582504285519,20260331-161237,0.0,0.0
160.44936896105264,23.83703703703704,-94.28915332881903,-6.73109534174708,0,0,0.2,-94.28915332881903,20260331-161237,0.0,0.0
160.25292509030842,31.70493827160494,-93.21949489685284,-5.054509922633457,0,0,0.2,-93.21949489685284,20260331-161237,0.0,0.0
160.11246047700348,47.474074074074075,-92.1475854282985,-3.372629453018485,0,0,0.2,-92.1475854282985,20260331-161237,0.0,0.0
160.0281225285106,94.84814814814817,-91.07416999837262,-1.6872034473309327,0,0,0.2,-91.07416999837262,20260331-161237,0.0,0.0
160.0,160000000.0,-90.0,0.0,0,0,0.2,-90.0,20260331-161237,0.0,0.0
153.33333333333326,1.3939393939393934,0.0,-109.99999999999999,0,0,1.2,0.0,20260331-161237,0.0,0.0
149.66666666666663,1.3606060606060602,0.0,-110.0,0,0,1.2,0.0,20260331-161237,0.0,0.0
146.0,1.3272727272727274,0.0,-110.0,0,0,1.2,0.0,20260331-161237,0.0,0.0
142.33333333333337,1.2939393939393944,0.0,-110.0,0,0,1.2,0.0,20260331-161237,0.0,0.0
138.66666666666674,1.2606060606060614,0.0,-110.0,0,0,1.2,0.0,20260331-161237,0.0,0.0
135.0000000000001,1.2272727272727284,0.0,-110.0,0,0,1.2,0.0,20260331-161237,0.0,0.0
131.33333333333348,1.1939393939393954,0.0,-110.0,0,0,1.2,0.0,20260331-161237,0.0,0.0
127.66666666666686,1.1606060606060624,0.0,-110.0,0,0,1.2,0.0,20260331-161237,0.0,0.0
124.00000000000023,1.1272727272727294,0.0,-110.0,0,0,1.2,0.0,20260331-161237,0.0,0.0
120.3333333333336,1.0939393939393964,0.0,-110.0,0,0,1.2,0.0,20260331-161237,0.0,0.0
116.66666666666697,1.0606060606060634,0.0,-110.0,0,0,1.2,0.0,20260331-161237,0.0,0.0
113.00000000000034,1.0272727272727304,0.0,-110.0,0,0,1.2,0.0,20260331-161237,0.0,0.0
109.33333333333371,0.9939393939393973,0.0,-110.0,0,0,1.2,0.0,20260331-161237,0.0,0.0
105.66666666666708,0.9606060606060643,0.0,-110.0,0,0,1.2,0.0,20260331-161237,0.0,0.0
102.00000000000045,0.9272727272727312,0.0,-110.00000000000001,0,0,1.2,0.0,20260331-161237,0.0,0.0
98.33333333333383,0.8939393939393984,0.0,-110.0,0,0,1.2,0.0,20260331-161237,0.0,0.0
94.6666666666672,0.8606060606060655,0.0,-110.0,0,0,1.2,0.0,20260331-161237,0.0,0.0
91.00000000000057,0.8272727272727326,0.0,-109.99999999999999,0,0,1.2,0.0,20260331-161237,0.0,0.0
87.33333333333394,0.7939393939393995,0.0,-110.0,0,0,1.4,0.0,20260331-161237,0.0,0.0
83.66666666666731,0.7606060606060664,0.0,-110.00000000000001,0,0,1.4,0.0,20260331-161237,0.0,0.0
80.00000000000068,0.7272727272727335,0.0,-110.0,0,0,1.4,0.0,20260331-161237,0.0,0.0
76.33333333333405,0.6939393939394005,0.0,-110.0,0,0,1.4,0.0,20260331-161237,0.0,0.0
72.66666666666742,0.6606060606060675,0.0,-110.0,0,0,1.4,0.0,20260331-161237,0.0,0.0
69.0000000000008,0.6272727272727345,0.0,-110.0,0,0,1.4,0.0,20260331-161237,0.0,0.0
65.33333333333417,0.5939393939394015,0.0,-110.0,0,0,1.4,0.0,20260331-161237,0.0,0.0
61.66666666666754,0.5606060606060685,0.0,-110.0,0,0,1.4,0.0,20260331-161237,0.0,0.0
58.00000000000091,0.5272727272727356,0.0,-110.0,0,0,1.4,0.0,20260331-161237,0.0,0.0
54.33333333333428,0.49393939393940256,0.0,-110.0,0,0,1.4,0.0,20260331-161237,0.0,0.0
50.66666666666765,0.4606060606060696,0.0,-109.99999999999999,0,0,1.4,0.0,20260331-161237,0.0,0.0
47.00000000000102,0.4272727272727366,0.0,-110.0,0,0,1.4,0.0,20260331-161237,0.0,0.0
43.333333333334394,0.3939393939394036,0.0,-110.0,0,0,1.4,0.0,20260331-161237,0.0,0.0
39.666666666667766,0.3606060606060706,0.0,-110.0,0,0,1.4,0.0,20260331-161237,0.0,0.0
36.00000000000114,0.3272727272727376,0.0,-110.0,0,0,1.4,0.0,20260331-161237,0.0,0.0
32.33333333333451,0.7583602766950975,0.0,-42.63584779814922,0,0,1.6,0.0,20260331-161237,0.0,0.0
30.862004078100767,0.6991864435581862,0.0,-44.13987765701358,0,0,1.6,0.0,20260331-161237,0.0,0.0
29.390674822867027,0.6658531102248538,0.0,-44.13987765701358,0,0,1.6,0.0,20260331-161237,0.0,0.0
27.919345567633286,0.6325197768915216,0.0,-44.13987765701358,0,0,1.6,0.0,20260331-161237,0.0,0.0
26.448016312399545,0.5991864435581892,0.0,-44.139877657013585,0,0,1.6,0.0,20260331-161237,0.0,0.0
24.976687057165805,0.565853110224857,0.0,-44.13987765701358,0,0,1.6,0.0,20260331-161237,0.0,0.0
23.505357801932064,0.5325197768915246,0.0,-44.13987765701358,0,0,1.6,0.0,20260331-161237,0.0,0.0
22.034028546698323,0.4991864435581923,0.0,-44.13987765701358,0,0,1.6,0.0,20260331-161237,0.0,0.0
20.562699291464583,0.46585311022486003,0.0,-44.13987765701358,0,0,1.6,0.0,20260331-161237,0.0,0.0
19.091370036230842,0.4325197768915277,0.0,-44.13987765701358,0,0,1.6,0.0,20260331-161237,0.0,0.0
17.6200407809971,0.3991864435581954,0.0,-44.13987765701358,0,0,1.6,0.0,20260331-161237,0.0,0.0
16.14871152576336,0.3658531102248631,0.0,-44.13987765701358,0,0,1.6,0.0,20260331-161237,0.0,0.0
14.67738227052962,0.3325197768915308,0.0,-44.13987765701358,0,0,1.6,0.0,20260331-161237,0.0,0.0
13.206053015295879,0.29918644355819846,0.0,-44.139877657013585,0,0,1.6,0.0,20260331-161237,0.0,0.0
11.734723760062138,0.2658531102248662,0.0,-44.13987765701358,0,0,1.6,0.0,20260331-161237,0.0,0.0
10.263394504828398,0.23251977689153386,0.0,-44.13987765701358,0,0,1.6,0.0,20260331-161237,0.0,0.0
8.792065249594657,0.19918644355820156,0.0,-44.13987765701358,0,0,1.6,0.0,20260331-161237,0.0,0.0
7.320735994360916,0.16585311022486926,0.0,-44.13987765701358,0,0,1.6,0.0,20260331-161237,0.0,0.0
5.849406739127176,0.13251977689153696,0.0,-44.13987765701357,0,0,1.6,0.0,20260331-161237,0.0,0.0
4.378077483893435,0.09918644355820463,0.0,-44.13987765701358,0,0,1.6,0.0,20260331-161237,0.0,0.0
2.906748228659694,0.06585311022487232,0.0,-44.13987765701358,0,0,1.6,0.0,20260331-161237,0.0,0.0
1.4354189734259535,0.032519776891540016,0.0,-44.13987765701358,0,0,1.6,0.0,20260331-161237,0.0,0.0
0.035910281807787214,0.022655250831695624,-180.0,1.5850754456246081,0,0,1.6,180.0,20260331-161237,0.0,0.0
1.507239537041528,0.0341468897751246,-180.0,44.13987765701358,0,0,1.6,180.0,20260331-161237,0.0,0.0
2.9785687922752686,0.0674802231084569,-180.0,44.139877657013585,0,0,1.6,180.0,20260331-161237,0.0,0.0
4.449898047509009,0.10081355644178921,-180.0,44.13987765701358,0,0,1.6,180.0,20260331-161237,0.0,0.0
5.92122730274275,0.13414688977512154,-180.0,44.13987765701358,0,0,1.6,180.0,20260331-161237,0.0,0.0
7.392556557976491,0.16748022310845384,-180.0,44.13987765701358,0,0,1.6,180.0,20260331-161237,0.0,0.0
8.863885813210231,0.20081355644178614,-180.0,44.13987765701358,0,0,1.6,180.0,20260331-161237,0.0,0.0
10.335215068443972,0.23414688977511847,-180.0,44.13987765701358,0,0,1.6,180.0,20260331-161237,0.0,0.0
11.806544323677713,0.26748022310845077,-180.0,44.13987765701358,0,0,1.6,180.0,20260331-161237,0.0,0.0
13.277873578911453,0.3008135564417831,-180.0,44.13987765701358,0,0,1.6,180.0,20260331-161237,0.0,0.0
14.749202834145194,0.33414688977511536,-180.0,44.13987765701358,0,0,1.6,180.0,20260331-161237,0.0,0.0
16.220532089378935,0.3674802231084477,-180.0,44.13987765701358,0,0,1.6,180.0,20260331-161237,0.0,0.0
17.691861344612676,0.40081355644178,-180.0,44.13987765701358,0,0,1.6,180.0,20260331-161237,0.0,0.0
19.163190599846416,0.4341468897751123,-180.0,44.13987765701358,0,0,1.6,180.0,20260331-161237,0.0,0.0
20.634519855080157,0.4674802231084446,-180.0,44.13987765701358,0,0,1.6,180.0,20260331-161237,0.0,0.0
22.105849110313898,0.5008135564417769,-180.0,44.13987765701358,0,0,1.6,180.0,20260331-161237,0.0,0.0
23.57717836554764,0.5341468897751093,-180.0,44.13987765701358,0,0,1.6,180.0,20260331-161237,0.0,0.0
25.04850762078138,0.5674802231084415,-180.0,44.13987765701358,0,0,1.6,180.0,20260331-161237,0.0,0.0
26.51983687601512,0.6008135564417738,-180.0,44.13987765701358,0,0,1.6,180.0,20260331-161237,0.0,0.0
27.99116613124886,0.6341468897751062,-180.0,44.13987765701357,0,0,1.6,180.0,20260331-161237,0.0,0.0
29.4624953864826,0.6674802231084385,-180.0,44.13987765701358,0,0,1.6,180.0,20260331-161237,0.0,0.0
30.933824641716342,0.7008135564417708,-180.0,44.13987765701358,0,0,1.6,180.0,20260331-161237,0.0,0.0
32.40515389695008,0.7341468897751031,-180.0,44.13987765701358,0,0,1.6,180.0,20260331-161237,0.0,0.0
33.87648315218382,0.7674802231084354,-180.0,44.13987765701358,0,0,1.6,180.0,20260331-161237,0.0,0.0
35.347812407417564,0.8008135564417677,-180.0,44.13987765701358,0,0,1.6,180.0,20260331-161237,0.0,0.0
36.819141662651305,0.8341468897751,-180.0,44.13987765701358,0,0,1.6,180.0,20260331-161237,0.0,0.0
38.2904709178851,0.8674802231084336,-180.0,44.13987765701358,0,0,1.6,180.0,20260331-161237,0.0,0.0
39.7618001731189,0.9008135564417672,-180.0,44.13987765701358,0,0,1.5,180.0,20260331-161237,0.0,0.0
41.2331294283527,0.9341468897751007,-180.0,44.13987765701358,0,0,1.5,180.0,20260331-161237,0.0,0.0
42.704458683586495,0.9674802231084344,-180.0,44.13987765701358,0,0,1.5,180.0,20260331-161237,0.0,0.0
44.17578793882029,1.000813556441768,-180.0,44.13987765701358,0,0,1.5,180.0,20260331-161237,0.0,0.0
45.64711719405409,1.0341468897751016,-180.0,44.13987765701358,0,0,1.5,180.0,20260331-161237,0.0,0.0
47.11844644928789,1.0674802231084353,-180.0,44.13987765701358,0,0,1.5,180.0,20260331-161237,0.0,0.0
48.589775704521685,1.1008135564417687,-180.0,44.13987765701358,0,0,1.5,180.0,20260331-161237,0.0,0.0
50.06110495975548,1.1341468897751024,-180.0,44.13987765701358,0,0,1.5,180.0,20260331-161237,0.0,0.0
51.53243421498928,1.1674802231084358,-180.0,44.139877657013585,0,0,1.5,180.0,20260331-161237,0.0,0.0
53.00376347022308,1.2008135564417695,-180.0,44.13987765701358,0,0,1.5,180.0,20260331-161237,0.0,0.0
54.475092725456875,1.2341468897751031,-180.0,44.13987765701358,0,0,1.5,180.0,20260331-161237,0.0,0.0
55.94642198069067,1.2674802231084368,-180.0,44.13987765701358,0,0,1.5,180.0,20260331-161237,0.0,0.0
57.41775123592447,1.3008135564417704,-180.0,44.13987765701358,0,0,1.5,180.0,20260331-161237,0.0,0.0
58.88908049115827,1.3341468897751039,-180.0,44.13987765701358,0,0,1.5,180.0,20260331-161237,0.0,0.0
60.360409746392065,1.3674802231084375,-180.0,44.13987765701358,0,0,1.5,180.0,20260331-161237,0.0,0.0
61.83173900162586,1.4008135564417712,-180.0,44.13987765701358,0,0,1.5,180.0,20260331-161237,0.0,0.0
63.30306825685966,1.4341468897751048,-180.0,44.13987765701358,0,0,1.5,180.0,20260331-161237,0.0,0.0
64.77439751209346,1.4674802231084383,-180.0,44.13987765701358,0,0,1.5,180.0,20260331-161237,0.0,0.0
67.86539360703024,1.5493317072419823,157.91682847129522,43.80301086578788,0,0,1.4,157.91682847129522,20260331-161237,0.0,0.0
69.32573137577728,1.5821613730646042,158.0667751588785,43.81710523086225,0,0,1.4,158.0667751588785,20260331-161237,0.0,0.0
70.78652436509603,1.6150121246607652,158.21053401870722,43.83033618398673,0,0,1.4,158.21053401870725,20260331-161237,0.0,0.0
72.24774496237823,1.6478826650618077,158.34847863242248,43.84277260399994,0,0,1.6,158.3484786324225,20260331-161237,0.0,0.0
73.70936773682149,1.6807718015293422,158.48095323268433,43.85447665754089,0,0,1.6,158.48095323268433,20260331-161237,0.0,0.0
75.17136922878102,1.7136784352909464,158.6082755175047,43.86550456650784,0,0,1.6,158.60827551750467,20260331-161237,0.0,0.0
76.63372776299012,1.7466015524653993,158.7307391481882,43.87590727537056,0,0,1.6,158.7307391481882,20260331-161237,0.0,0.0
78.09642328256176,1.7795402160196594,158.8486159714413,43.88573103295295,0,0,1.6,158.8486159714413,20260331-161237,0.0,0.0
77.2906171927316,0.7325934448944769,-1.8309455585806518,-105.5027419797137,0,0,1.6,-1.830945558580647,20260331-161237,0.0,0.0
73.77399172331332,0.6993153594859524,-1.9395761646434266,-105.49459656876772,0,0,1.6,-1.9395761646434202,20260331-161237,0.0,0.0
70.25765799411167,0.666042814635157,-2.0590809686150635,-105.48519772350852,0,0,1.6,-2.0590809686150653,20260331-161237,0.0,0.0
66.7416621167885,0.6327766877951297,-2.191177586492671,-105.4742745807302,0,0,1.6,-2.1911775864926653,20260331-161237,0.0,0.0
63.22606045511213,0.599518052026905,-2.3379651747860066,-105.46147900192786,0,0,1.6,-2.3379651747860106,20260331-161237,0.0,0.0
59.71092263986016,0.5662682337245144,-2.5020365014382264,-105.44635754529912,0,0,1.6,-2.5020365014382158,20260331-161237,0.0,0.0
56.19633571329335,0.5330288920641308,-2.686631942671738,-105.42831082884743,0,0,1.6,-2.686631942671732,20260331-161237,0.0,0.0
52.682409929376924,0.4998021303538999,-2.895854898747274,-105.40653336566125,0,0,1.6,-2.895854898747287,20260331-161237,0.0,0.0
49.1692870357156,0.4665906552999003,-3.1349792015367086,-105.37992237352488,0,0,1.6,-3.134979201536697,20260331-161237,0.0,0.0
45.6571523696146,0.43339801010267104,-3.410897781873331,-105.34693585417828,0,0,1.6,-3.4108977818733406,20260331-161237,0.0,0.0
42.146252984954124,0.4002289246573504,-3.7327944594248095,-105.30536497589965,0,0,1.6,-3.7327944594248046,20260331-161237,0.0,0.0
38.63692562962588,0.36708985776544584,-4.113179701353118,-105.25195619627596,0,0,1.6,-4.113179701353132,20260331-161237,0.0,0.0
35.12964142735681,0.3339898665356505,-4.569542582718384,-105.18175833220086,0,0,1.6,-4.56954258271838,20260331-161237,0.0,0.0
31.625080154649762,0.300942059073437,-5.1270921751213905,-105.08694016389543,0,0,1.6,-5.12709217512138,20260331-161237,0.0,0.0
28.124259741890402,0.2679661444937276,-5.823526165715634,-104.95452623325228,0,0,1.6,-5.823526165715623,20260331-161237,0.0,0.0
99.70611472431013,7.974607214117094,68.64607064285443,-12.5029499318543,0,0,1.5,68.64607064285443,20260331-161237,0.0,0.0
99.35083506291265,11.280594990739822,70.66192915143608,-8.807233585149472,0,0,1.5,70.6619291514361,20260331-161237,0.0,0.0
99.11933133978857,19.51690201725841,72.68972645069306,-5.078640618892246,0,0,1.5,72.68972645069304,20260331-161237,0.0,0.0
99.01247177029494,74.3944392456706,74.72445641461013,-1.3309122667532842,0,0,1.5,74.72445641461013,20260331-161237,0.0,0.0
99.03065984909948,40.89046140869111,76.76100903149688,2.4218523449591327,0,0,1.5,76.76100903149685,20260331-161237,0.0,0.0
99.17382677652694,16.085391731422064,78.7942468011878,6.165459221163728,0,0,1.5,78.79424680118782,20260331-161237,0.0,0.0
99.44143275376234,10.058929071611862,80.81908216198121,9.885886663064785,0,0,1.5,80.8190821619812,20260331-161237,0.0,0.0
99.83247709042102,7.35709838785717,82.83055304977529,13.569544924829835,0,0,1.5,82.83055304977529,20260331-161237,0.0,0.0
100.34551668692417,5.832848885667786,84.82389382105202,17.20351729555152,0,0,1.5,84.82389382105201,20260331-161237,0.0,0.0
100.97869210675117,4.860406027136405,86.7945990869091,20.77577295867287,0,0,1.5,86.79459908690907,20260331-161237,0.0,0.0
101.72976016526462,4.190661927730445,88.73847847326579,24.27534406726979,0,0,1.5,88.73847847326581,20260331-161237,0.0,0.0
102.59613175087259,3.704839670270069,90.6517008941513,27.692461990775897,0,0,1.5,90.65170089415132,20260331-161237,0.0,0.0
103.57491347073619,3.3391173451831513,92.53082754478123,31.018650368831253,0,0,1.5,92.5308275447812,20260331-161237,0.0,0.0
104.66295167807235,3.056140354653058,94.37283343344603,34.246775191041245,0,0,1.5,94.37283343344605,20260331-161237,0.0,0.0
105.8568774843206,2.8325900677309535,96.17511782769367,37.37105438949635,0,0,1.5,96.17511782769365,20260331-161237,0.0,0.0
107.15315147377774,2.653157417364271,97.93550445446857,40.3870312302189,0,0,1.5,97.93550445446859,20260331-161237,0.0,0.0
108.54810700358705,2.5073759116193806,99.65223264372275,43.2915170400124,0,0,1.5,99.65223264372277,20260331-161237,0.0,0.0
110.03799116954993,2.3878471978257925,101.32394083284959,46.082509496312355,0,0,1.5,101.3239408328496,20260331-161237,0.0,0.0
111.61900273011602,2.2891935867090507,102.94964395991303,48.75909288675744,0,0,1.5,102.94964395991305,20260331-161237,0.0,0.0
113.28732649140099,2.2074122829543086,104.52870628121605,51.32132649899998,0,0,1.5,104.52870628121603,20260331-161237,0.0,0.0
115.03916385275433,2.1394623898767624,106.06081107325144,53.77012673701679,0,0,1.5,106.06081107325147,20260331-161237,0.0,0.0
112.00000000000216,1.0181818181818378,0.0,-110.0,0,0,1.5,0.0,20260331-161237,0.0,0.0
108.33333333333553,0.9848484848485048,0.0,-110.0,0,0,1.5,0.0,20260331-161237,0.0,0.0
104.6666666666689,0.9515151515151719,0.0,-110.0,0,0,1.5,0.0,20260331-161237,0.0,0.0
101.00000000000227,0.9181818181818387,0.0,-110.00000000000001,0,0,1.5,0.0,20260331-161237,0.0,0.0
97.33333333333564,0.8848484848485059,0.0,-110.0,0,0,1.5,0.0,20260331-161237,0.0,0.0
93.66666666666902,0.8515151515151729,0.0,-110.0,0,0,1.5,0.0,20260331-161237,0.0,0.0
90.00000000000239,0.81818181818184,0.0,-109.99999999999999,0,0,1.5,0.0,20260331-161237,0.0,0.0
86.33333333333576,0.7848484848485069,0.0,-110.0,0,0,1.5,0.0,20260331-161237,0.0,0.0
82.66666666666913,0.7515151515151738,0.0,-110.00000000000001,0,0,1.5,0.0,20260331-161237,0.0,0.0
79.0000000000025,0.7181818181818409,0.0,-110.0,0,0,1.5,0.0,20260331-161237,0.0,0.0
75.33333333333587,0.6848484848485079,0.0,-110.0,0,0,1.5,0.0,20260331-161237,0.0,0.0
71.66666666666924,0.6515151515151749,0.0,-110.0,0,0,1.5,0.0,20260331-161237,0.0,0.0
68.00000000000261,0.6181818181818419,0.0,-110.0,0,0,1.5,0.0,20260331-161237,0.0,0.0
64.33333333333599,0.5848484848485089,0.0,-110.0,0,0,1.5,0.0,20260331-161237,0.0,0.0
60.66666666666936,0.5515151515151759,0.0,-110.0,0,0,1.5,0.0,20260331-161237,0.0,0.0
57.00000000000273,0.518181818181843,0.0,-110.0,0,0,1.5,0.0,20260331-161237,0.0,0.0
53.3333333333361,0.48484848484851,0.0,-110.0,0,0,1.5,0.0,20260331-161237,0.0,0.0
49.66666666666947,0.45151515151517707,0.0,-109.99999999999999,0,0,1.5,0.0,20260331-161237,0.0,0.0
46.00000000000284,0.418181818181844,0.0,-110.0,0,0,1.5,0.0,20260331-161237,0.0,0.0
42.33333333333621,0.38484848484851103,0.0,-110.0,0,0,1.5,0.0,20260331-161237,0.0,0.0
38.666666666669585,0.35151515151517804,0.0,-110.0,0,0,1.5,0.0,20260331-161237,0.0,0.0
35.000000000002956,0.31818181818184504,0.0,-110.0,0,0,1.5,0.0,20260331-161237,0.0,0.0
31.333333333336327,0.28484848484851205,0.0,-110.00000000000001,0,0,1.5,0.0,20260331-161237,0.0,0.0
27.6666666666697,0.25151515151517906,0.0,-110.0,0,0,1.5,0.0,20260331-161237,0.0,0.0
24.00000000000307,0.21818181818184612,0.0,-109.99999999999999,0,0,1.5,0.0,20260331-161237,0.0,0.0
20.33333333333644,0.1848484848485131,0.0,-110.0,0,0,1.5,0.0,20260331-161237,0.0,0.0
16.666666666669812,0.1515151515151801,0.0,-110.0,0,0,1.5,0.0,20260331-161237,0.0,0.0
13.000000000003183,0.11818181818184711,0.0,-110.0,0,0,1.5,0.0,20260331-161237,0.0,0.0
9.333333333336554,0.08484848484851414,0.0,-110.0,0,0,1.5,0.0,20260331-161237,0.0,0.0
5.666666666669926,0.05151515151518114,0.0,-110.0,0,0,1.5,0.0,20260331-161237,0.0,0.0
2.000000000003297,0.018181818181848153,0.0,-110.0,0,0,1.5,0.0,20260331-161237,0.0,0.0
1.6666666666633319,0.015151515151484834,-180.0,110.0,0,0,1.5,180.0,20260331-161237,0.0,0.0
5.333333333329961,0.04848484848481782,-180.0,110.0,0,0,1.5,180.0,20260331-161237,0.0,0.0
8.99999999999659,0.08181818181815081,-180.0,110.0,0,0,1.5,180.0,20260331-161237,0.0,0.0
12.666666666663218,0.11515151515148381,-180.0,110.0,0,0,1.5,180.0,20260331-161237,0.0,0.0
16.333333333329847,0.1484848484848168,-180.0,110.0,0,0,1.5,180.0,20260331-161237,0.0,0.0
19.999999999996476,0.18181818181814977,-180.0,110.00000000000001,0,0,1.5,180.0,20260331-161237,0.0,0.0
23.666666666663104,0.21515151515148276,-180.0,110.0,0,0,1.5,180.0,20260331-161237,0.0,0.0
27.333333333329733,0.24848484848481578,-180.0,109.99999999999999,0,0,1.5,180.0,20260331-161237,0.0,0.0
30.999999999996362,0.28181818181814877,-180.0,110.0,0,0,1.5,180.0,20260331-161237,0.0,0.0
34.66666666666299,0.3151515151514817,-180.0,110.0,0,0,1.5,180.0,20260331-161237,0.0,0.0
38.333333333329676,0.3484848484848153,-180.0,109.99999999999999,0,0,1.5,180.0,20260331-161237,0.0,0.0
41.99999999999636,0.38181818181814875,-180.0,110.0,0,0,1.5,180.0,20260331-161237,0.0,0.0
45.66666666666305,0.4151515151514822,-180.0,110.00000000000001,0,0,1.5,180.0,20260331-161237,0.0,0.0
49.33333333332973,0.44848484848481573,-180.0,110.0,0,0,1.5,180.0,20260331-161237,0.0,0.0
52.99999999999642,0.4818181818181493,-180.0,110.0,0,0,1.5,180.0,20260331-161237,0.0,0.0
56.666666666663104,0.5151515151514828,-180.0,109.99999999999999,0,0,1.5,180.0,20260331-161237,0.0,0.0
60.33333333332979,0.5484848484848163,-180.0,110.0,0,0,1.5,180.0,20260331-161237,0.0,0.0
63.999999999996476,0.5818181818181498,-180.0,110.0,0,0,1.5,180.0,20260331-161237,0.0,0.0
67.66666666666316,0.6151515151514833,-180.0,110.0,0,0,1.5,180.0,20260331-161237,0.0,0.0
71.33333333332985,0.6484848484848168,-180.0,110.0,0,0,1.5,180.0,20260331-161237,0.0,0.0
74.99999999999653,0.6818181818181503,-180.0,109.99999999999999,0,0,1.5,180.0,20260331-161237,0.0,0.0
78.66666666666322,0.7151515151514838,-180.0,110.0,0,0,1.5,180.0,20260331-161237,0.0,0.0
82.3333333333299,0.7484848484848173,-180.0,110.0,0,0,1.5,180.0,20260331-161237,0.0,0.0
85.99999999999659,0.7818181818181508,-180.0,110.0,0,0,1.5,180.0,20260331-161237,0.0,0.0
89.66666666666328,0.8151515151514842,-180.0,110.00000000000001,0,0,1.5,180.0,20260331-161237,0.0,0.0
93.33333333332996,0.848484848484818,-180.0,109.99999999999999,0,0,1.5,180.0,20260331-161237,0.0,0.0
96.99999999999665,0.8818181818181513,-180.0,110.0,0,0,1.5,180.0,20260331-161237,0.0,0.0
100.66666666666333,0.9151515151514849,-180.0,110.0,0,0,1.5,180.0,20260331-161237,0.0,0.0
104.33333333333002,0.9484848484848183,-180.0,110.0,0,0,1.5,180.0,20260331-161237,0.0,0.0
107.9999999999967,0.9818181818181518,-180.0,110.0,0,0,1.5,180.0,20260331-161237,0.0,0.0
111.66666666666339,1.0151515151514854,-180.0,109.99999999999999,0,0,1.5,180.0,20260331-161237,0.0,0.0
115.33333333333007,3.144119921409536,-180.0,36.682231026870355,0,0,1.7,180.0,20260331-161237,0.0,0.0
116.43843752621189,3.5082972879747323,179.7374789320486,33.189444328256855,0,0,1.7,179.73747893204856,20260331-161237,0.0,0.0
117.54594016710978,3.5341131369724157,179.4798994202141,33.26037837821128,0,0,1.7,179.4798994202141,20260331-161237,0.0,0.0
118.65577409654212,3.560100428802201,179.22713336323454,33.32933339087402,0,0,1.7,179.22713336323457,20260331-161237,0.0,0.0
119.76787450558352,3.586253364730179,178.97905665326653,33.39637842754441,0,0,1.7,178.9790566532665,20260331-161237,0.0,0.0
120.88217884029247,3.6125664046154355,178.73554904128991,33.46157974725467,0,0,1.7,178.73554904128991,20260331-161237,0.0,0.0
121.99862671039942,3.639034252654135,178.49649400667738,33.52500093161243,0,0,1.7,178.49649400667738,20260331-161237,0.0,0.0
123.11715980206007,3.6656518440564025,178.2617786308778,33.58670300391073,0,0,1.7,178.2617786308778,20260331-161237,0.0,0.0
124.23772179448677,3.6924143325855794,178.03129347515494,33.64674454274758,0,0,1.7,178.03129347515497,20260331-161237,0.0,0.0
125.36025828027904,3.7193170788954206,177.8049324623105,33.70518179039177,0,0,1.7,177.80493246231052,20260331-161237,0.0,0.0
126.484716689282,3.74635563960625,177.58259276231541,33.76206875612477,0,0,1.7,177.58259276231541,20260331-161237,0.0,0.0
127.61104621580873,3.773525757066012,177.3641746817657,33.817457314781585,0,0,1.7,177.36417468176566,20260331-161237,0.0,0.0
128.73919774907057,3.800823349746663,177.14958155707518,33.87139730070629,0,0,1.7,177.1495815570752,20260331-161237,0.0,0.0
129.86912380666547,3.8282445032303443,176.93871965131393,33.923936597330574,0,0,1.7,176.93871965131396,20260331-161237,0.0,0.0
131.00077847098234,3.855785461743544,176.7314980545965,33.97512122257581,0,0,1.7,176.7314980545965,20260331-161237,0.0,0.0
132.13411732838517,3.8834426202007433,176.52782858792523,34.024995410272055,0,0,1.7,176.52782858792523,20260331-161237,0.0,0.0
132.66666666666833,1.2060606060606212,0.0,-110.0,0,0,1.7,0.0,20260331-161237,0.0,0.0
129.0000000000017,1.1727272727272882,0.0,-110.0,0,0,1.7,0.0,20260331-161237,0.0,0.0
125.33333333333508,1.1393939393939552,0.0,-110.0,0,0,1.7,0.0,20260331-161237,0.0,0.0
121.66666666666845,1.1060606060606222,0.0,-110.0,0,0,1.7,0.0,20260331-161237,0.0,0.0
118.00000000000182,1.0727272727272892,0.0,-110.0,0,0,1.7,0.0,20260331-161237,0.0,0.0
114.33333333333519,1.0393939393939562,0.0,-110.0,0,0,1.7,0.0,20260331-161237,0.0,0.0
110.66666666666856,1.0060606060606232,0.0,-110.0,0,0,1.7,0.0,20260331-161237,0.0,0.0
107.00000000000193,0.9727272727272903,0.0,-110.0,0,0,1.7,0.0,20260331-161237,0.0,0.0
103.3333333333353,0.9393939393939574,0.0,-109.99999999999999,0,0,1.7,0.0,20260331-161237,0.0,0.0
99.66666666666868,0.9060606060606243,0.0,-110.0,0,0,1.7,0.0,20260331-161237,0.0,0.0
96.00000000000205,0.8727272727272913,0.0,-110.0,0,0,1.7,0.0,20260331-161237,0.0,0.0
92.33333333333542,0.8393939393939585,0.0,-109.99999999999999,0,0,1.6,0.0,20260331-161237,0.0,0.0
88.66666666666879,0.8060606060606254,0.0,-110.0,0,0,1.6,0.0,20260331-161237,0.0,0.0
85.00000000000216,0.7727272727272922,0.0,-110.00000000000001,0,0,1.6,0.0,20260331-161237,0.0,0.0
81.33333333333553,0.7393939393939594,0.0,-110.0,0,0,1.6,0.0,20260331-161237,0.0,0.0
77.6666666666689,0.7060606060606264,0.0,-110.0,0,0,1.6,0.0,20260331-161237,0.0,0.0
74.00000000000227,0.6727272727272934,0.0,-110.0,0,0,1.6,0.0,20260331-161237,0.0,0.0
70.33333333333564,0.6393939393939604,0.0,-110.0,0,0,1.6,0.0,20260331-161237,0.0,0.0
66.66666666666902,0.6060606060606274,0.0,-110.0,0,0,1.6,0.0,20260331-161237,0.0,0.0
63.00000000000239,0.5727272727272944,0.0,-110.0,0,0,1.6,0.0,20260331-161237,0.0,0.0
59.33333333333576,0.5393939393939614,0.0,-110.0,0,0,1.6,0.0,20260331-161237,0.0,0.0
55.66666666666913,0.5060606060606284,0.0,-110.0,0,0,1.6,0.0,20260331-161237,0.0,0.0
52.0000000000025,0.47272727272729553,0.0,-109.99999999999999,0,0,1.6,0.0,20260331-161237,0.0,0.0
48.33333333333587,0.4393939393939625,0.0,-110.0,0,0,1.6,0.0,20260331-161237,0.0,0.0
44.666666666669244,0.4060606060606295,0.0,-110.0,0,0,1.6,0.0,20260331-161237,0.0,0.0
41.000000000002615,0.3727272727272965,0.0,-110.0,0,0,1.6,0.0,20260331-161237,0.0,0.0
37.333333333335986,0.33939393939396345,0.0,-110.00000000000001,0,0,1.6,0.0,20260331-161237,0.0,0.0
244.16592718886884,3340.7989672295225,-2.112411270229103,-0.07308608796396755,0,0,1.5,177.8875887297709,20260331-161237,0.0,0.0
244.17759298987204,315.8773491544745,-2.7281936136324134,0.7730139360846071,0,0,1.5,177.2718063863676,20260331-161237,0.0,0.0
244.217458475641,150.85896561111906,-3.3438460184222265,1.618846168580921,0,0,1.5,176.65615398157777,20260331-161237,0.0,0.0
244.28550984027163,99.13710058368116,-3.959226438910008,2.464117957878659,0,0,1.5,176.04077356109,20260331-161237,0.0,0.0
244.3817235375585,73.86396997475693,-4.5741932057717065,3.3085376215369435,0,0,1.5,175.4258067942283,20260331-161237,0.0,0.0
244.5060663216766,58.89136904787769,-5.188605221129848,4.151814948008719,0,0,1.5,174.81139477887015,20260331-161237,0.0,0.0
244.65849530449327,48.993806624115344,-5.802322151665976,4.993661692416229,0,0,1.5,174.19767784833402,20260331-161237,0.0,0.0
244.83895802928015,41.96909237154601,-6.415204619106561,5.833792064449666,0,0,1.5,173.58479538089344,20260331-161237,0.0,0.0
245.04739256053034,36.72814943710222,-7.027114387442225,6.671923206481707,0,0,1.5,172.97288561255777,20260331-161237,0.0,0.0
245.2837275895242,32.67062558813176,-7.637914546261726,7.507775660060463,0,0,1.5,172.36208545373827,20260331-161237,0.0,0.0
245.54788255522666,29.43840180327108,-8.247469689605282,8.341073819025812,0,0,1.5,171.75253031039472,20260331-161237,0.0,0.0
245.83976778004217,26.804614830148335,-8.855646089771454,9.171546367587991,0,0,1.5,171.14435391022855,20260331-161237,0.0,0.0
246.1592846199,24.618570768730134,-9.462311865541665,9.998926701811833,0,0,1.5,170.53768813445834,20260331-161237,0.0,0.0
246.5063256280922,22.77625321316123,-10.067337144321328,10.822953333063968,0,0,1.5,169.93266285567867,20260331-161237,0.0,0.0
246.88077473224058,21.203549226959332,-10.670594217733537,11.643370272102516,0,0,1.5,169.32940578226646,20260331-161237,0.0,0.0
247.28250742372745,19.846223788610295,-11.271957690239475,12.45992739261775,0,0,1.5,168.72804230976053,20260331-161237,0.0,0.0
247.71139095888694,7.339624598111815,-11.871304620401418,33.74987203332074,0,0,1.7,168.12869537959858,20260331-161237,0.0,0.0
247.51639479339795,45.53102007620544,-12.47585604382806,-5.436214571497165,0,0,1.7,167.52414395617194,20260331-161237,0.0,0.0
247.34899685770273,53.68537702090694,-13.081293236031541,-4.607381201055484,0,0,1.7,166.91870676396846,20260331-161237,0.0,0.0
247.2092532162951,13.596400959165619,-13.687482673007452,18.181962561912105,0,0,1.9,166.31251732699255,20260331-161237,0.0,0.0
246.48348888444772,11.521045853677622,-14.266531008556228,-21.394193896534833,0,0,1.9,165.73346899144377,20260331-161237,0.0,0.0
245.78304688341146,11.913149192436922,-14.848939505745477,-20.63124056563038,0,0,2.1,165.15106049425452,20260331-161237,0.0,0.0
245.10814430305854,12.340646238997364,-15.43461611218234,-19.861856466519434,0,0,2.1,164.56538388781766,20260331-161237,0.0,0.0
244.45899267123903,12.808145500411817,-16.023465008578825,-19.086212962163728,0,0,2.1,163.97653499142118,20260331-161237,0.0,0.0
243.83579765435803,46.09068698009737,-16.615386655217947,5.290348520074129,0,0,2.3,163.38461334478205,20260331-161237,0.0,0.0
242.74145519598102,7.466347699959677,-17.150364398462074,-32.5114051676554,0,0,2.3,162.84963560153793,20260331-161237,0.0,0.0
241.66846596999082,7.583773389896643,-17.690140071628917,-31.866519942691017,0,0,2.3,162.30985992837108,20260331-161237,0.0,0.0
240.6171156393814,7.7088563794526985,-18.234681412384276,-31.213075428506606,0,0,2.7,161.76531858761572,20260331-161237,0.0,0.0
239.5876890694574,7.842195260696415,-18.783952143076647,-30.551099673611184,0,0,2.7,161.21604785692335,20260331-161237,0.0,0.0
238.58047005019344,7.984452686403681,-19.33791187669368,-29.880629195343598,0,0,2.7,160.66208812330632,20260331-161237,0.0,0.0
241.40904619476547,24.572146018192935,-20.14241249100158,-9.824499903916776,0,0,2.6,159.85758750899842,20260331-161237,0.0,0.0
241.09452600230009,26.651457085940866,-20.736569148578724,-9.046204311639002,0,0,2.8,159.26343085142128,20260331-161237,0.0,0.0
240.80599841486884,29.135691233369343,-21.332213799594996,-8.26498319487515,0,0,2.8,158.667786200405,20260331-161237,0.0,0.0
240.54355696544977,32.15360265238181,-21.929222833959756,-7.481076368517955,0,0,3.0,158.07077716604024,20260331-161237,0.0,0.0
240.30728712067813,35.89500414351303,-22.527470890082753,-6.694727939294768,0,0,3.0,157.47252910991725,20260331-161237,0.0,0.0
240.09726614376558,40.651829861627206,-23.12683100529364,-5.906185944421716,0,0,3.0,156.87316899470636,20260331-161237,0.0,0.0
239.91356296971014,46.89748623145503,-23.72717477136146,-5.115701975701964,0,0,3.2,156.27282522863854,20260331-161237,0.0,0.0
239.7562380932614,55.45380609505029,-24.32837249465922,-4.323530790335807,0,0,3.2,155.67162750534078,20260331-161237,0.0,0.0
239.62534347006147,67.88388143483773,-24.930293360490822,-3.5299299097986863,0,0,3.2,155.06970663950918,20260331-161237,0.0,0.0
239.52092243133563,87.57110800395503,-25.532805601072624,-2.73515920822331,0,0,3.4,154.46719439892738,20260331-161237,0.0,0.0
239.44300961245784,123.45729210766562,-26.13577666663963,-1.9394804917934088,0,0,3.4,153.86422333336037,20260331-161237,0.0,0.0
239.3916308956643,209.41271941333693,-26.73907339912833,-1.1431570707181127,0,0,3.6,153.26092660087167,20260331-161237,0.0,0.0
239.3668033671358,690.9063524963402,-27.34256220787043,-0.3464533254069389,0,0,3.6,152.65743779212957,20260331-161237,0.0,0.0
239.36853528861485,531.498110423273,-27.94610924672159,0.4503657314942986,0,0,3.6,152.0538907532784,20260331-161237,0.0,0.0
243.47865554316206,2.4135486124765433,-21.353114058338207,-100.87994676574112,0,0,3.5,158.6468859416618,20260331-161237,0.0,0.0
240.11805480079656,2.3831820161435124,-21.11554157260531,-100.7552311045708,0,0,3.5,158.8844584273947,20260331-161237,0.0,0.0
236.76169951647134,2.3529073111565224,-20.871229088463707,-100.62517056827711,0,0,3.7,159.1287709115363,20260331-161237,0.0,0.0
233.40977283510287,2.3227288340216083,-20.61989493004998,-100.48946283194564,0,0,3.7,159.38010506995002,20260331-161237,0.0,0.0
230.0624683261869,2.292651198468298,-20.361242077189445,-100.34778446886722,0,0,3.7,159.63875792281056,20260331-161237,0.0,0.0
226.71999071572426,2.262679317962283,-20.0949571513718,-100.19978921268573,0,0,3.7,159.9050428486282,20260331-161237,0.0,0.0
223.38255667875097,2.2328184304481553,-19.82070932464032,-100.04510605634655,0,0,3.7,160.17929067535968,20260331-161237,0.0,0.0
220.05039569818916,2.2030741255842545,-19.53814914498858,-99.883337170887,0,0,3.7,160.46185085501142,20260331-161237,0.0,0.0
216.7237509963336,2.173452374767462,-19.246907271314598,-99.71405562522202,0,0,3.7,160.7530927286854,20260331-161237,0.0,0.0
213.40288054594984,2.143959564287185,-18.946593110400556,-99.53680288597288,0,0,3.7,161.05340688959944,20260331-161237,0.0,0.0
210.08805816869747,2.114602531995729,-18.636793347761795,-99.35108607404325,0,0,3.7,161.3632066522382,20260331-161237,0.0,0.0
206.77957472941088,2.085388607937991,-18.31707036354672,-99.15637495203937,0,0,3.7,161.68292963645328,20260331-161237,0.0,0.0
203.4777394356812,2.0563256594483796,-17.986960523965138,-98.95209861373085,0,0,3.7,162.01303947603486,20260331-161237,0.0,0.0
200.18288125319526,2.027422141298663,-17.64597233798591,-98.73764184353257,0,0,3.7,162.3540276620141,20260331-161237,0.0,0.0
196.8953504484139,1.9986871515693108,-17.29358446827382,-98.51234111042211,0,0,3.7,162.70641553172618,20260331-161237,0.0,0.0
193.6155202714222,1.9701304940212203,-16.929243584542803,-98.2754801567661,0,0,3.7,163.0707564154572,20260331-161237,0.0,0.0
190.3437887931735,1.9417627478676,-16.552362046698732,-98.02628513818424,0,0,3.7,163.44763795330127,20260331-161237,0.0,0.0
187.08058091288876,1.9135953459910215,-16.162315404341484,-97.76391926580622,0,0,3.7,163.83768459565852,20260331-161237,0.0,0.0
183.82635055308185,1.8856406628227516,-15.758439698422137,-97.48747689705573,0,0,3.7,164.24156030157786,20260331-161237,0.0,0.0
180.58158306156832,1.857912113306174,-15.340028550129261,-97.19597701541518,0,0,3.7,164.65997144987074,20260331-161237,0.0,0.0
177.34679784190243,1.830424264610337,-14.906330021453357,-96.88835603348835,0,0,3.7,165.09366997854664,20260331-161237,0.0,0.0
174.1225512359845,1.8031929625521577,-14.456543231400389,-96.56345984710329,0,0,3.7,165.5434567685996,20260331-161237,0.0,0.0
170.9094396851047,1.7762354750373421,-13.98981471156307,-96.22003506123626,0,0,3.9,166.01018528843693,20260331-161237,0.0,0.0
167.7081031984495,1.749570655254217,-13.50523448480115,-95.856719301274,0,0,3.9,166.49476551519885,20260331-161237,0.0,0.0
164.51922916110465,1.723219127868524,-13.001831851244958,-95.47203051570173,0,0,3.9,166.99816814875504,20260331-161237,0.0,0.0
161.3435565168417,1.6972035020922576,-12.478570866868324,-95.06435516892498,0,0,4.1,167.52142913313168,20260331-161237,0.0,0.0
158.18188036446986,1.6715486162633755,-11.934345501662733,-94.63193521590408,0,0,4.1,168.06565449833727,20260331-161237,0.0,0.0
155.03505701025352,1.64628181951062,-11.36797446723017,-94.17285374404477,0,0,4.3,168.63202553276983,20260331-161237,0.0,0.0
151.90400952279902,1.6214332972338872,-10.778195707695005,-93.68501916294821,0,0,4.3,169.221804292305,20260331-161237,0.0,0.0
148.7897338408454,1.5970364485636646,-10.163660553601517,-93.16614782002205,0,0,4.3,169.83633944639848,20260331-161237,0.0,0.0
145.6933054884594,1.5731283257489157,-9.522927546389894,-92.61374492071364,0,0,4.5,170.4770724536101,20260331-161237,0.0,0.0
142.6158869560977,1.5497501476604338,-8.854455951725498,-92.02508363776992,0,0,4.5,171.1455440482745,20260331-161237,0.0,0.0
139.55873580966642,1.5269479024168884,-8.156598994133418,-91.39718230646221,0,0,4.7,171.84340100586658,20260331-161237,0.0,0.0
136.5232135928064,1.504773057717107,-7.427596863967295,-90.72677962478005,0,0,4.7,172.5724031360327,20260331-161237,0.0,0.0
133.51079558979026,1.4832834020265955,-6.66556957182442,-90.01030781263768,0,0,4.7,173.33443042817558,20260331-161237,0.0,0.0
130.5230815171302,1.462544045632052,-5.868509756442506,-89.2438637365779,0,0,4.9,174.1314902435575,20260331-161237,0.0,0.0
127.56180721059505,1.442628618170225,-5.03427559146553,-88.42317808195817,0,0,4.9,174.96572440853447,20260331-161237,0.0,0.0
124.62885736993485,1.4236207091409245,-4.1605839861109075,-87.54358276028549,0,0,4.9,175.8394160138891,20260331-161237,0.0,0.0
121.72627941506737,1.4056156109371571,-3.2450043368536967,-86.5999768840854,0,0,5.1,176.7549956631463,20260331-161237,0.0,0.0
118.85629849331286,1.388722441199716,-2.2849531641582246,-85.58679183626715,0,0,5.1,177.71504683584178,20260331-161237,0.0,0.0
116.02133365560346,1.3730667444291302,-1.277690062610759,-84.49795621831973,0,0,5.3,178.72230993738924,20260331-161237,0.0,0.0
113.22401518810037,1.3587937040528613,-0.22031550714510217,-83.32686179689246,0,0,5.3,179.7796844928549,20260331-161237,0.0,0.0
110.46720304145683,1.34607213886281,0.8902288052231029,-82.06633199821061,0,0,5.3,-179.1097711947769,20260331-161237,0.0,0.0
107.75400623961346,1.3350995167660866,2.0571562379041097,-80.70859504212694,0,0,5.3,-177.94284376209592,20260331-161237,0.0,0.0
105.08780306947047,1.3261083013573425,3.283827095892775,-79.24526447946032,0,0,5.3,-176.71617290410725,20260331-161237,0.0,0.0
102.47226174748901,1.319374063835444,4.573734871992656,-77.66733071104969,0,0,5.3,-175.42626512800732,20260331-161237,0.0,0.0
99.91136112435332,1.3152259609978394,5.930485399354097,-75.96516802979792,0,0,5.7,-174.0695146006459,20260331-161237,0.0,0.0
97.40941081945276,1.314060425612321,7.357767220138555,-74.12856282774233,0,0,5.7,-172.64223277986144,20260331-161237,0.0,0.0
94.97106996902713,1.3163592800431902,8.85931126103992,-72.14676981341377,0,0,5.7,-171.1406887389601,20260331-161237,0.0,0.0
92.60136352304816,1.3227140353302116,10.438837728738122,-70.00860431629918,0,0,5.7,-169.5611622712619,20260331-161237,0.0,0.0
90.30569473732278,1.3338589886807752,12.099988044591612,-67.70257988562771,0,0,5.7,-167.9000119554084,20260331-161237,0.0,0.0
88.08985218542645,1.3507170748504924,13.846239686389822,-65.21710121653486,0,0,5.7,-166.1537603136102,20260331-161237,0.0,0.0
85.96000927470274,1.3744645986530821,15.680802071436858,-62.54072266316641,0,0,5.7,-164.31919792856314,20260331-161237,0.0,0.0
83.922713917989,1.4066245879236663,17.60649219094438,-59.662481829546444,0,0,5.7,-162.39350780905562,20260331-161237,0.0,0.0
81.98486572905522,1.4492047044485192,19.625589691171683,-56.572315475786255,0,0,5.7,-160.37441030882832,20260331-161237,0.0,0.0
80.15367793344696,1.5049066697463027,21.739672587576933,-53.261560696623974,0,0,5.7,-158.2603274124231,20260331-161237,0.0,0.0
78.43662119382256,1.5774545641020945,23.94943686111992,-49.723537513405084,0,0,5.7,-156.05056313888005,20260331-161237,0.0,0.0
76.84134683062649,1.6721289440644975,26.25450582343609,-45.954199347716425,0,0,5.7,-153.7454941765639,20260331-161237,0.0,0.0
75.37558757039969,1.796674880875364,28.65323824441964,-41.95282539580878,0,0,5.7,-151.34676175558036,20260331-161237,0.0,0.0
74.04703505757875,1.9629296608104385,31.142547552872998,-37.72271443848213,0,0,5.7,-148.85745244712703,20260331-161237,0.0,0.0
72.86319496460847,2.1899368472754936,33.71774750426141,-33.27182473561179,0,0,5.7,-146.28225249573862,20260331-161237,0.0,0.0
71.83122260187234,2.510414482095507,36.37244193443394,-28.61329199388341,0,0,5.7,-143.62755806556603,20260331-161237,0.0,0.0
70.957744333553,2.98571444812255,39.098476843174524,-23.765750397923018,0,0,5.7,-140.90152315682548,20260331-161237,0.0,0.0
70.24867259762956,3.7459198026847296,41.88597135943405,-18.753384027944698,0,0,5.7,-138.11402864056598,20260331-161237,0.0,0.0
69.70902454452344,5.1235348317304465,44.72343964672393,-13.605650558440644,0,0,5.7,-135.2765603532761,20260331-161237,0.0,0.0
69.34275581894578,8.297916253953739,47.598008494211285,-8.356646861301568,0,0,5.7,-132.40199150578871,20260331-161237,0.0,0.0
69.15262140063706,22.71674902861716,50.49572583137444,-3.0441249015659264,0,0,5.7,-129.50427416862556,20260331-161237,0.0,0.0
69.14007440689299,30.168598661598665,53.40194499490764,2.291789392753624,0,0,5.7,-126.59805500509238,20260331-161237,0.0,0.0
69.30521128889585,9.107028078433695,56.30176003531062,7.610079895659612,0,0,5.7,-123.6982399646894,20260331-161237,0.0,0.0
69.64676815906992,5.411390289485876,59.180460523633144,12.870401954630942,0,0,5.7,-120.81953947636687,20260331-161237,0.0,0.0
70.16216857113895,3.8904231945507304,62.02397163128347,18.034585201274314,0,0,5.7,-117.97602836871653,20260331-161237,0.0,0.0
70.8476186092627,3.071257700614385,64.81924728946922,23.06794984839276,0,0,5.7,-115.18075271053081,20260331-161237,0.0,0.0
71.69824131036351,2.566119424797341,67.55459054843317,27.94033692178059,0,0,5.7,-112.44540945156683,20260331-161237,0.0,0.0
72.70823977921368,2.228482544082035,70.2198845225222,32.626793497798715,0,0,5.7,-109.78011547747782,20260331-161237,0.0,0.0
73.87107713429586,1.9907103382990177,72.80672770788914,37.10789847879915,0,0,5.7,-107.19327229211088,20260331-161237,0.0,0.0
75.17966162844502,1.8172614929678679,75.3084771869523,41.36975439107833,0,0,5.7,-104.69152281304768,20260331-161237,0.0,0.0
76.6265266637529,1.687671409035676,77.72021091021747,45.40370018328199,0,0,5.7,-102.27978908978255,20260331-161237,0.0,0.0
78.2039975636228,1.5893242552991542,80.03862514954511,49.20581643605677,0,0,5.7,-99.9613748504549,20260331-161237,0.0,0.0
79.90433944228782,1.5140193988897708,82.26188528313708,52.77629830957358,0,0,5.9,-97.73811471686291,20260331-161237,0.0,0.0
81.71988294706821,1.4561953027825514,84.389447733829,56.11876565658114,0,0,5.9,-95.610552266171,20260331-161237,0.0,0.0
83.643126773535,1.4119469486123257,86.42186883694228,59.239567645045184,0,0,5.9,-93.57813116305773,20260331-161237,0.0,0.0
85.66681752243228,1.3784518308320677,88.36061341013288,62.147124481471124,0,0,6.1,-91.63938658986712,20260331-161237,0.0,0.0
87.78400863931151,1.3536191625359055,90.20787248219165,64.8513341631886,0,0,6.1,-89.79212751780832,20260331-161237,0.0,0.0
89.98810088866564,1.3358671905013388,91.96639648153644,67.3630593883318,0,0,6.1,-88.03360351846354,20260331-161237,0.0,0.0
92.27286714255474,1.3239771683657056,93.63934747189052,69.69369967040653,0,0,6.1,-86.36065252810947,20260331-161237,0.0,0.0
94.63246430408222,1.316994871131958,95.23017187685497,71.85484649818382,0,0,6.1,-84.76982812314503,20260331-161237,0.0,0.0
97.0614350306865,1.3141625229242138,96.74249356654127,73.85801477180301,0,0,6.0,-83.25750643345873,20260331-161237,0.0,0.0
99.55470164972571,1.314870717122095,98.18002612810551,75.71444123999102,0,0,6.0,-81.8199738718945,20260331-161237,0.0,0.0
102.10755433028727,1.318623798300364,99.54650251467598,77.43493971661856,0,0,7.2,-80.45349748532402,20260331-161237,0.0,0.0
104.71563523398108,1.3250145046848143,100.84561996293138,79.02980296724385,0,0,7.2,-79.1543800370686,20260331-161237,0.0,0.0
107.37492004186421,1.3337051043675672,102.0809979952997,80.50874191771246,0,0,7.2,-77.91900200470032,20260331-161237,0.0,0.0
110.08169796080651,1.344413164564468,103.25614740037787,81.8808539385794,0,0,7.2,-76.74385259962213,20260331-161237,0.0,0.0
112.83255105805537,1.3569006785710573,104.37444825390605,83.15461318574809,0,0,7.2,-75.62555174609398,20260331-161237,0.0,0.0
115.62433355916072,1.3709656611105812,105.43913525790617,84.33787719051742,0,0,7.2,-74.56086474209384,20260331-161237,0.0,0.0
118.45415156983054,1.386435582140183,106.45328890662773,85.43790501032713,0,0,7.2,-73.54671109337227,20260331-161237,0.0,0.0
121.31934354279065,1.4031621864437234,107.41983121480393,86.46138323487126,0,0,7.2,-72.58016878519604,20260331-161237,0.0,0.0
124.21746170154933,1.4210173693922905,108.34152495457488,87.41445697787067,0,0,7.2,-71.65847504542513,20260331-161237,0.0,0.0
127.14625454921995,1.4398898659113377,109.2209755361514,88.30276367612763,0,0,7.2,-70.77902446384861,20260331-161237,0.0,0.0
130.10365052761256,1.459682571536258,110.06063483160119,89.1314680771201,0,0,7.2,-69.93936516839884,20260331-161237,0.0,0.0
133.08774284555352,1.48031035911813,110.86280638118029,89.905297241072,0,0,7.2,-69.13719361881971,20260331-161237,0.0,0.0
136.09677546229437,1.5016982873924019,111.62965153899745,90.62857473095829,0,0,7.2,-68.37034846100255,20260331-161237,0.0,0.0
139.12913018897626,1.5237801217391747,112.3631962117878,91.30525343130246,0,0,7.2,-67.63680378821218,20260331-161237,0.0,0.0
142.183314856016,1.5464971054536263,113.06533792378667,91.93894663922445,0,0,7.2,-66.93466207621331,20260331-161237,0.0,0.0
145.25795248503886,1.5697969333904929,113.73785300471752,92.53295722224819,0,0,7.2,-66.26214699528248,20260331-161237,0.0,0.0
148.35177139907555,1.5936328901349293,114.38240374917297,93.0903047479868,0,0,7.2,-65.61759625082702,20260331-161237,0.0,0.0
151.46359620297636,1.6179631227309481,115.00054543635281,93.61375057011315,0,0,7.2,-64.99945456364719,20260331-161237,0.0,0.0
154.59233956645434,1.6427500240791255,115.59373313113133,94.10582091034452,0,0,7.2,-64.40626686886867,20260331-161237,0.0,0.0
157.73699474415798,1.6679597078421853,116.16332821239013,94.5688280133697,0,0,7.2,-63.83667178760988,20260331-161237,0.0,0.0
160.89662877016428,1.693561559397109,116.7106045938325,95.0048894753149,0,0,7.2,-63.289395406167515,20260331-161237,0.0,0.0
164.07037626788863,1.7195278502876434,117.23675461723565,95.4159458600469,0,0,7.2,-62.76324538276433,20260331-161237,0.0,0.0
167.2574338203417,1.7458334059421459,117.74289460922284,95.80377672409159,0,0,7.2,-62.257105390777134,20260331-161237,0.0,0.0
170.4570548497256,1.772455318264657,118.23007010091408,96.1700151722942,0,0,7.2,-61.769929899085916,20260331-161237,0.0,0.0
173.66854495940157,1.7993726961848964,118.69926071585297,96.51616106414237,0,0,7.2,-61.30073928414703,20260331-161237,0.0,0.0
176.89125769518952,1.8265664484442639,119.15138473590378,96.8435929860929,0,0,7.2,-60.848615264096225,20260331-161237,0.0,0.0
180.1245906867054,1.8540190938602026,119.58730335775914,97.15357909916284,0,0,7.2,-60.41269664224087,20260331-161237,0.0,0.0
183.3679821329703,1.8817145950972025,120.0078246546122,97.44728696409892,0,0,7.2,-59.992175345387814,20260331-161237,0.0,0.0
186.62090759981425,1.909638212615529,120.4137072586712,97.72579243908699,0,0,7.2,-59.58629274132879,20260331-161237,0.0,0.0
189.8828770996386,1.9377763759968523,120.8056637807286,97.99008773752696,0,0,7.2,-59.19433621927141,20260331-161237,0.0,0.0
193.15343242689588,1.9661165702816223,121.18436398309035,98.24108872610182,0,0,7.2,-58.815636016909664,20260331-161237,0.0,0.0
196.43214472520367,1.9946472353139442,121.5504377219471,98.47964153635746,0,0,7.2,-58.44956227805286,20260331-161237,0.0,0.0
199.71861226433614,2.0233576763897743,121.90447767481578,98.70652855637911,0,0,7.2,-58.09552232518424,20260331-161237,0.0,0.0
203.01245840745352,2.052237984754765,122.2470418680715,98.92247386294858,0,0,7.2,-57.75295813192853,20260331-161237,0.0,0.0
206.3133297508448,2.0812789667078784,122.57865601888227,99.12814814882154,0,0,7.2,-57.42134398111776,20260331-161237,0.0,0.0
209.62089442019018,2.110472080243222,122.89981570508553,99.324173194479,0,0,7.2,-57.100184294914506,20260331-161237,0.0,0.0
212.75018701583613,3.851515870153075,-23.252661867782166,-55.23803982336455,0,0,7.2,156.74733813221783,20260331-161237,0.0,0.0
210.91153218074848,3.8291459981760103,-22.96744787062036,-55.08056686300676,0,0,7.2,157.03255212937964,20260331-161237,0.0,0.0
209.07819551995,3.8070334981651204,-22.677224684196005,-54.91892719639047,0,0,7.2,157.322775315804,20260331-161237,0.0,0.0
207.2503181672246,3.7851875406375632,-22.381874468116735,-54.75298540487009,0,0,7.2,157.61812553188327,20260331-161237,0.0,0.0
205.4280458516877,3.763617737024812,-22.081276271929084,-54.58260115812963,0,0,7.2,157.91872372807092,20260331-161237,0.0,0.0
203.61152906444232,3.7423341664937375,-21.775305964682133,-54.407629037363535,0,0,7.2,158.22469403531787,20260331-161237,0.0,0.0
201.8009232312064,3.721347404749671,-21.46383616496192,-54.227918353884846,0,0,7.2,158.53616383503808,20260331-161237,0.0,0.0
199.99638889106012,3.7006685549944054,-21.146736171683642,-54.04331296331467,0,0,7.2,158.85326382831636,20260331-161237,0.0,0.0
198.19809188145814,3.680309281229663,-20.82387189596156,-53.85365107555208,0,0,7.2,159.17612810403844,20260331-161237,0.0,0.0
196.40620352964302,3.660281844115943,-20.495105794415025,-53.658765060776474,0,0,7.2,159.50489420558497,20260331-161237,0.0,0.0
194.62090085058713,3.640599139618498,-20.160296804308587,-53.458481251792435,0,0,7.2,159.8397031956914,20260331-161237,0.0,0.0
192.84236675157885,3.621274740696486,-19.8193002809696,-53.25261974309333,0,0,7.2,160.1806997190304,20260331-161237,0.0,0.0
191.07079024355528,3.6023229423185805,-19.471967937974398,-53.04099418709403,0,0,7.2,160.5280320620256,20260331-161237,0.0,0.0
189.30636665926698,3.583758810118879,-19.11814779064605,-52.82341158806594,0,0,7.2,160.88185220935395,20260331-161237,0.0,0.0
187.5492978783414,3.5655982330412495,-18.757684103464584,-52.5996720943999,0,0,7.2,161.24231589653542,20260331-161237,0.0,0.0
185.7997925592887,3.547857980358832,-18.390417342050625,-52.3695687899257,0,0,7.2,161.60958265794937,20260331-161237,0.0,0.0
184.0580663784678,3.530555763498855,-18.016184130450767,-52.13288748513135,0,0,7.2,161.98381586954923,20260331-161237,0.0,0.0
182.3243422760002,3.5137103031519703,-17.634817214523167,-51.889406509252154,0,0,7.2,162.36518278547683,20260331-161237,0.0,0.0
180.59885070858445,3.497341402200697,-17.246145432300068,-51.63889650433981,0,0,7.2,162.75385456769993,20260331-161237,0.0,0.0
178.8818299091245,3.481470025064282,-16.84999369228521,-51.381120222576556,0,0,7.2,163.1500063077148,20260331-161237,0.0,0.0
177.17352615304065,3.46611838412841,-16.446182960732443,-51.115832328269626,0,0,7.2,163.55381703926756,20260331-161237,0.0,0.0
175.47419403108051,3.451310034008946,-16.03453025904659,-50.84277920614815,0,0,7.2,163.9654697409534,20260331-161237,0.0,0.0
173.7840967283896,3.437069974490876,-15.614848672546799,-50.56169877778871,0,0,7.2,164.3851513274532,20260331-161237,0.0,0.0
172.10350630953786,3.423424763088376,-15.186947371939652,-50.27232032821952,0,0,7.2,164.81305262806035,20260331-161237,0.0,0.0
170.4327040091246,3.410402638291736,-14.750631648961047,-49.97436434499535,0,0,7.2,165.24936835103895,20260331-161237,0.0,0.0
168.77198052750487,3.3980336547039265,-14.30570296776466,-49.667542372298875,0,0,7.2,165.69429703223534,20260331-161237,0.0,0.0
167.12163633108958,3.38634983142683,-13.851959033758163,-49.351556882908724,0,0,7.2,166.14804096624184,20260331-161237,0.0,0.0
165.48198195657227,3.375385315237907,-13.389193881718285,-49.02610117118099,0,0,7.2,166.61080611828172,20260331-161237,0.0,0.0
163.8533383183252,3.365176560306318,-12.917197985149471,-48.69085927051932,0,0,7.2,167.08280201485053,20260331-161237,0.0,0.0
162.23603701808557,3.35576252643791,-12.435758388990081,-48.34550589916045,0,0,7.2,167.56424161100992,20260331-161237,0.0,0.0
160.63042065591935,3.347184898116806,-11.944658867910334,-47.989706438474094,0,0,7.2,168.05534113208967,20260331-161237,0.0,0.0
159.0368431413031,3.339488326934084,-11.443680112591494,-47.623116948371425,0,0,7.2,168.5563198874085,20260331-161237,0.0,0.0
157.45567000300488,3.3327207003695793,-10.932599946518536,-47.24538422482987,0,0,7.2,169.06740005348146,20260331-161237,0.0,0.0
155.88727869627064,3.326933440330623,-10.411193575962727,-46.85614590497456,0,0,7.2,169.58880642403727,20260331-161237,0.0,0.0
154.33205890563445,3.32218183536344,-9.879233875969732,-46.45503062560417,0,0,7.2,170.12076612403027,20260331-161237,0.0,0.0
152.7904128414658,3.318525411053073,-9.33649171530331,-46.04165824150811,0,0,7.2,170.6635082846967,20260331-161237,0.0,0.0
151.26275552814965,3.3160283438334193,-8.782736323418732,-45.61564011038753,0,0,7.2,171.21726367658127,20260331-161237,0.0,0.0
149.7495150815583,3.3147599242610917,-8.21773570265384,-45.17657945165958,0,0,7.2,171.78226429734616,20260331-161237,0.0,0.0
148.25113297322488,3.3147950767913144,-7.641257088920327,-44.724071786884146,0,0,7.2,172.35874291107967,20260331-161237,0.0,0.0
146.7680642783628,3.31621494426231,-7.053067464253758,-44.25770546999669,0,0,7.2,172.94693253574624,20260331-161237,0.0,0.0
145.30077790459464,3.3191075466856983,-6.452934124627973,-43.77706231594846,0,0,7.2,173.54706587537203,20260331-161237,0.0,0.0
143.84975679796233,3.323568525602493,-5.840625306455479,-43.28171833673428,0,0,7.2,174.15937469354452,20260331-161237,0.0,0.0
142.4154981224844,3.32970198725736,-5.2159108751715735,-42.771244594111714,0,0,7.2,174.78408912482843,20260331-161237,0.0,0.0
140.9985134092118,3.337621460242666,-4.578563079229696,-42.24520817856927,0,0,7.2,175.4214369207703,20260331-161237,0.0,0.0
139.59932867041258,3.347450986162637,-3.928357372709172,-41.70317332426211,0,0,7.2,176.07164262729083,20260331-161237,0.0,0.0
138.21848447419015,3.359326365384935,-3.2650733095490807,-41.144702669683035,0,0,7.2,176.73492669045092,20260331-161237,0.0,0.0
136.8565359745156,3.373396584232373,-2.588495512158744,-40.56935867374684,0,0,7.2,177.41150448784126,20260331-161237,0.0,0.0
135.51405289133558,3.3898254552123817,-1.8984147168122831,-39.97670519671204,0,0,7.2,178.10158528318772,20260331-161237,0.0,0.0
134.19161943510997,3.408793508331086,-1.1946288977962922,-39.36630925491552,0,0,7.2,178.8053711022037,20260331-161237,0.0,0.0
132.88983416984513,3.430500179507758,-0.4769444717401825,-38.737742957621265,0,0,7.2,179.52305552825982,20260331-161237,0.0,0.0
131.60930980842645,3.455166352002426,0.2548224170944877,-38.09058563335246,0,0,7.2,-179.74517758290554,20260331-161237,0.0,0.0
130.35067293382752,3.483037319127428,1.0008445305657006,-37.42442615185158,0,0,7.2,-178.9991554694343,20260331-161237,0.0,0.0
129.11456363959434,3.5143862520317857,1.7612820903519264,-36.73886544626358,0,0,7.2,-178.23871790964807,20260331-161237,0.0,0.0
127.90163508287887,3.5495182759495925,2.5362812535551598,-36.03351923823007,0,0,7.2,-177.46371874644484,20260331-161237,0.0,0.0
126.71255294324565,3.588775283220577,3.325972513352781,-35.308020966287266,0,0,7.2,-176.6740274866472,20260331-161237,0.0,0.0
125.54799478050468,3.632541643273306,4.130469029181597,-34.562024915252614,0,0,7.2,-175.8695309708184,20260331-161237,0.0,0.0
124.40864928495246,3.681251010841924,4.949864892425126,-33.7952095411444,0,0,7.2,-175.05013510757485,20260331-161237,0.0,0.0
123.29521541364387,3.735394487012169,5.784233335205954,-33.00728098259417,0,0,7.2,-174.21576666479407,20260331-161237,0.0,0.0
122.20840140668425,3.7955304574555053,6.633624891647628,-32.197976745683086,0,0,7.2,-173.36637510835237,20260331-161237,0.0,0.0
121.14892367803998,3.8622965242416876,7.498065522861907,-31.36706954467356,0,0,7.2,-172.5019344771381,20260331-161237,0.0,0.0
120.1175055760305,3.9364240701083415,8.377554718898182,-30.51437127624426,0,0,7.2,-171.62244528110185,20260331-161237,0.0,0.0
119.11487600949663,4.018756158637664,9.272063592957295,-29.639737099619378,0,0,7.2,-170.7279364070427,20260331-161237,0.0,0.0
118.14176793665169,4.110269697148135,10.181532985269428,-28.743069589478043,0,0,7.2,-169.81846701473057,20260331-161237,0.0,0.0
117.19891671482056,4.2121030955494465,11.105871596131351,-27.824322922830213,0,0,7.2,-168.89412840386865,20260331-161237,0.0,0.0
116.28705831066112,4.3255910797500015,12.044954169641983,-26.88350705526745,0,0,7.2,-167.95504583035802,20260331-161237,0.0,0.0
115.40692737204569,4.452308916018645,12.99861975160502,-25.920691836281016,0,0,7.2,-167.00138024839498,20260331-161237,0.0,0.0
114.55925516454806,4.594129154356892,13.96667004682024,-24.93601100785435,0,0,7.2,-166.03332995317973,20260331-161237,0.0,0.0
113.74476737742842,4.753295230128183,14.948867902492623,-23.929666025470304,0,0,7.2,-165.05113209750738,20260331-161237,0.0,0.0
112.96418180611256,4.93251807163782,15.944935945666998,-22.901929636236147,0,0,7.2,-164.05506405433297,20260331-161237,0.0,0.0
112.21820592040078,5.135104564314537,16.954555403380027,-21.853149145246334,0,0,7.2,-163.04544459662,20260331-161237,0.0,0.0
111.50753432998313,5.365130839813796,17.9773651345173,-20.783749298806132,0,0,7.2,-162.02263486548267,20260331-161237,0.0,0.0
110.83284616124018,5.627679764267215,19.012960902114855,-19.694234711962473,0,0,7.2,-160.98703909788517,20260331-161237,0.0,0.0
110.19480236172564,5.929172199910377,20.060894913964376,-18.58519176815126,0,0,7.2,-159.9391050860356,20260331-161237,0.0,0.0
109.59404295110336,6.2778382811905535,21.120675657836273,-17.45728992087377,0,0,7.2,-158.8793243421637,20260331-161237,0.0,0.0
109.03118423958658,6.684402981011151,22.191768055356704,-16.3112823313195,0,0,7.2,-157.8082319446433,20260331-161237,0.0,0.0
106.19931259894898,0.8803976081390971,118.67109192171733,-120.62653466701624,0,0,7.2,-61.32890807828269,20260331-161237,0.0,0.0
102.2139588423913,0.8629063559217602,120.18185786611195,-118.4531301003177,0,0,7.2,-59.81814213388802,20260331-161237,0.0,0.0
98.30540277376647,0.8473678591402392,121.81396970307435,-116.01266405538395,0,0,7.2,-58.18603029692564,20260331-161237,0.0,0.0
94.48317571570321,0.8341668880630502,123.57966455194457,-113.26651425243547,0,0,7.2,-56.42033544805542,20260331-161237,0.0,0.0
90.75818540864537,0.8237964057177654,125.49224250907321,-110.17064990659762,0,0,7.2,-54.50775749092677,20260331-161237,0.0,0.0
87.1429021237488,0.816898471408743,127.56598953438333,-106.67531544461173,0,0,7.2,-52.43401046561666,20260331-161237,0.0,0.0
83.65155114498525,0.8143252189878918,129.81599921786625,-102.72499143395565,0,0,7.2,-50.18400078213375,20260331-161237,0.0,0.0
80.30029933884748,0.8172324282526355,132.25784982627982,-98.2588264522756,0,0,7.2,-47.74215017372017,20260331-161237,0.0,0.0
77.10741589100586,0.8272280018262523,134.9070832309194,-93.21180583923366,0,0,7.2,-45.09291676908059,20260331-161237,0.0,0.0
74.0933771898824,0.8466170085861447,137.7784259759727,-87.51699580618958,0,0,7.2,-42.22157402402726,20260331-161237,0.0,0.0
71.28087364749001,0.8788254743274434,140.88469553083155,-81.10924834312588,0,0,7.2,-39.11530446916842,20260331-161237,0.0,0.0
68.69466354113901,0.929176091717586,144.23535529581272,-73.93072653662088,0,0,7.2,-35.76464470418726,20260331-161237,0.0,0.0
66.36120927654015,1.0064115591188194,147.8347309598695,-65.938441063459,0,0,7.2,-32.165269040130504,20260331-161237,0.0,0.0
64.30803091988459,1.1259670871006295,151.67998765208836,-57.11359741915553,0,0,7.2,-28.32001234791168,20260331-161237,0.0,0.0
62.56272877260481,1.3178898542336002,155.7590920168542,-47.471894993066215,0,0,7.2,-24.24090798314583,20260331-161237,0.0,0.0
61.15166938596036,1.6494906842343908,160.049125167782,-37.07306138218285,0,0,7.2,-19.950874832217966,20260331-161237,0.0,0.0
60.098400581369035,2.309068983673719,164.5154207422289,-26.027113527700994,0,0,7.2,-15.484579257771125,20260331-161237,0.0,0.0
59.42195118574619,4.099598135928327,169.11200171864687,-14.494579521095057,0,0,7.2,-10.887998281353138,20260331-161237,0.0,0.0
59.13525394836243,22.07625595859547,173.78361304520348,-2.678681297194233,0,0,7.2,-6.216386954796528,20260331-161237,0.0,0.0
59.24396748097678,6.446152797964367,178.46929038613098,9.190593108448414,0,0,7.2,-1.5307096138689904,20260331-161237,0.0,0.0
59.7459333575965,2.8616618099235334,-176.89303126914402,20.878055244128575,0,0,7.2,3.1069687308559826,20260331-161237,0.0,0.0
60.631385182818455,1.8849511847891411,-172.3617005585692,32.166024071122536,0,0,7.2,7.6382994414307985,20260331-161237,0.0,0.0
61.88386406922115,1.4434143896384422,-167.9872262242414,42.873248675816725,0,0,7.2,12.012773775758589,20260331-161237,0.0,0.0
63.48164964477523,1.2007911231797144,-163.8095186095165,52.86652142853521,0,0,7.2,16.190481390483498,20260331-161237,0.0,0.0
65.39943805293551,1.0537432193163137,-159.85675256533756,62.06392302611234,0,0,7.2,20.14324743466243,20260331-161237,0.0,0.0
67.61000369909112,0.959947228019343,-156.14569664890774,70.4309588336337,0,0,7.2,23.85430335109226,20260331-161237,0.0,0.0
70.0856486684406,0.8988548329889336,-152.6830903912271,77.97215534280102,0,0,7.2,27.316909608772896,20260331-161237,0.0,0.0
72.79933478332526,0.8592848573409825,-149.46757741333718,84.72083984884763,0,0,7.2,30.532422586662815,20260331-161237,0.0,0.0
75.72547515233471,0.8346317109046978,-146.49177132712094,90.72920925835923,0,0,7.2,33.50822867287905,20260331-161237,0.0,0.0
78.84041778004895,0.820742076955442,-143.74416619478853,96.05991942378408,0,0,7.2,36.255833805211466,20260331-161237,0.0,0.0
82.12268146469685,0.8148735752011143,-141.2107399705927,100.77965952501114,0,0,7.2,38.7892600294073,20260331-161237,0.0,0.0
85.5530104245612,0.815142520559585,-138.87620420118492,104.9546653091169,0,0,7.2,41.123795798815095,20260331-161237,0.0,0.0
89.11430761102112,0.8202122288845821,-136.7249185021696,108.64786511682335,0,0,7.2,43.275081497830385,20260331-161237,0.0,0.0
92.79149473853693,0.8291079021407772,-134.7415203298013,111.91727216559748,0,0,7.2,45.258479670198724,20260331-161237,0.0,0.0
96.5713343449585,0.841101923365226,-132.91133011048325,114.8152580112755,0,0,7.2,47.08866988951676,20260331-161237,1.0,0.0
100.44223805278935,0.8556401796496529,-131.22058868662816,117.38840746575977,0,0,7.2,48.77941131337183,20260331-161237,1.0,0.0
104.3940764577869,0.8722932555074784,-129.6565752716655,119.67772970691266,0,0,7.2,50.343424728334504,20260331-161237,1.0,0.0
108.41799970682412,0.8907232238670162,-128.2076438888872,121.71906693544435,0,0,7.2,51.79235611111282,20260331-161237,1.0,0.0
112.50627346027058,0.9106605133063945,-126.86320675409661,123.54359480437634,0,0,7.2,53.136793245903384,20260331-161237,1.0,0.0
116.65213209341293,0.9318874563476104,-125.61368511886738,125.17834777024795,0,0,7.4,54.38631488113261,20260331-161237,1.0,0.0
120.7423437759977,3.890354041589161,66.2707307404603,31.036338206040487,0,0,7.4,-113.72926925953968,20260331-161237,1.0,0.0
121.7909389626924,3.8208030426850814,67.14105570195659,31.875743816698655,0,0,7.4,-112.8589442980434,20260331-161237,1.0,0.0
120.58242192167864,2.052536103922733,37.352348289228985,-58.748015048907476,0,0,7.3,-142.64765171077102,20260331-161237,1.0,0.0
118.63580981245698,2.043930574149628,36.54920964003952,-58.042974312772394,0,0,7.3,-143.45079035996045,20260331-161237,1.0,0.0
116.71328305565086,2.036789216431125,35.719444469367204,-57.302582964454515,0,0,7.3,-144.28055553063277,20260331-161237,1.0,0.0
114.81605154250325,2.0312460421675427,34.86207222534881,-56.524935511989,0,0,7.5,-145.13792777465122,20260331-161237,1.0,0.0
112.94538999182002,2.027451931642915,33.976095535588286,-55.70804822992594,0,0,7.5,-146.02390446441171,20260331-161237,1.0,0.0
111.10264050601656,2.025577374510343,33.06050414766355,-54.84986251531081,0,0,7.5,-146.93949585233645,20260331-161237,1.0,0.0
109.28921498860376,2.0258157624757285,32.114279711588495,-53.94824989170908,0,0,7.7,-147.8857202884115,20260331-161237,1.0,0.0
107.50659736338338,2.0283873685011846,31.136401506778213,-53.001018953703166,0,0,7.7,-148.8635984932218,20260331-161237,1.0,0.0
105.75634552541649,2.0335441855348018,30.125853219510418,-52.00592457134323,0,0,7.7,-149.8741467804896,20260331-161237,1.0,0.0
104.04009294277472,2.0415758494612075,29.081630877795988,-50.960679697612974,0,0,7.9,-150.918369122204,20260331-161237,1.0,0.0
102.3595498163332,2.0528169407017596,28.002752048057573,-49.86297013962744,0,0,7.9,-151.99724795194246,20260331-161237,1.0,0.0
100.71650369266632,2.0676560539576814,26.88826639100256,-48.710472662939175,0,0,7.9,-153.11173360899744,20260331-161237,1.0,0.0
99.11281941282172,2.08654715663725,25.737267661365024,-47.50087679425146,0,0,7.8,-154.26273233863498,20260331-161237,1.0,0.0
97.55043826787056,2.1100239393370783,24.54890721645404,-46.23191066662433,0,0,7.8,-155.45109278354596,20260331-161237,1.0,0.0
96.03137622131588,2.1387181201354455,23.32240907030655,-44.90137120792439,0,0,7.8,-156.67759092969345,20260331-161237,1.0,0.0
94.55772104951279,2.1733830347687615,22.057086492338726,-43.507158902422056,0,0,8.0,-157.9429135076613,20260331-161237,1.0,0.0
93.13162824522242,2.2149243835937162,20.75236010050287,-42.04731725157871,0,0,8.0,-159.24763989949713,20260331-161237,1.0,0.0
91.7462649459207,2.087193490216667,22.671745742146527,-43.95676077755336,0,0,8.0,-157.32825425785347,20260331-161237,1.0,0.0
90.30526740794872,2.1252552009668437,21.344510272119237,-42.49149342952605,0,0,8.0,-158.6554897278808,20260331-161237,1.0,0.0
88.91428292442598,2.170989135012787,19.97499349703355,-40.95565541552205,0,0,8.0,-160.02500650296642,20260331-161237,1.0,0.0
87.57569463360429,2.2257022182082196,18.562782896344004,-39.34744455801741,0,0,8.0,-161.437217103656,20260331-161237,1.0,0.0
86.29194092962238,2.2910160839749514,17.107647269406243,-37.665357975097415,0,0,8.0,-162.89235273059379,20260331-161237,1.0,0.0
84.98745361294111,1.9062066041512107,23.50959380161669,-44.58459719311698,0,0,8.2,-156.49040619838334,20260331-161237,1.0,0.0
83.52614125475166,1.9388114259533484,22.112193967762494,-43.08110636065617,0,0,8.1,-157.8878060322375,20260331-161237,1.0,0.0
82.1162638878946,1.9787975876620305,20.66592393680577,-41.49806144898115,0,0,8.1,-159.33407606319423,20260331-161237,1.0,0.0
80.76051533766152,2.027478014096382,19.17011564116285,-39.83299191219852,0,0,8.1,-160.82988435883712,20260331-161237,1.0,0.0
79.46166623601397,2.08649662978321,17.624324536504105,-38.08377406498383,0,0,8.1,-162.3756754634959,20260331-161237,1.0,0.0
78.2225510009959,2.157939685410636,16.028366802910114,-36.24871979965041,0,0,8.0,-163.97163319708986,20260331-161237,1.0,0.0
77.04605174766473,2.2444952560900013,14.38235766064929,-34.326671682025285,0,0,7.9,-165.6176423393507,20260331-161237,1.0,0.0
75.93507895172667,2.349687119888013,12.686749789593478,-32.31710226821423,0,0,7.9,-167.31325021040655,20260331-161237,1.0,0.0
74.89254877226969,2.478226894449383,10.94237058567569,-30.220214678490713,0,0,7.9,-169.05762941432434,20260331-161237,1.0,0.0
73.92135705267681,2.6365606136815614,9.150456741511789,-28.037040631300613,0,0,7.8,-170.84954325848824,20260331-161237,1.0,0.0
73.02435015878314,2.833747698717806,7.312684425160569,-25.769531349535697,0,0,7.8,-172.68731557483946,20260331-161237,1.0,0.0
72.2042929777483,3.0829347542471406,5.431193179425918,-23.42063609302064,0,0,7.8,-174.56880682057405,20260331-161237,1.0,0.0
85.41608409538348,370.292150134784,103.2114564312896,0.23067214377699494,0,0,7.7,-76.78854356871038,20260331-161237,1.0,0.0
85.48521818817483,21.830382991409465,101.03894792993526,3.915882658669541,0,0,7.7,-78.96105207006472,20260331-161237,1.0,0.0
85.67695586710026,11.29666670853028,98.87305750529578,7.584268711973624,0,0,7.7,-81.12694249470421,20260331-161237,1.0,0.0
85.99047700826638,7.663790127519499,96.71989933017733,11.220359062220105,0,0,7.7,-83.2801006698227,20260331-161237,1.0,0.0
86.4244562438682,5.835799014002397,94.5853728582527,14.80936132935724,0,0,7.9,-85.41462714174732,20260331-161237,1.0,0.0
86.97709048634788,4.743140109602753,92.47507013147202,18.337449132117747,0,0,7.9,-87.52492986852799,20260331-161237,1.0,0.0
87.64613530199354,4.0219400968066905,90.39419545397061,21.792004155303594,0,0,7.9,-89.60580454602938,20260331-161237,1.0,0.0
88.4289484770871,3.514412026732415,88.34749997913082,25.16180453642069,0,0,7.9,-91.65250002086918,20260331-161237,1.0,0.0
89.3225389005163,3.141050456976556,86.33923273258637,28.43715506133399,0,0,7.9,-93.66076726741363,20260331-161237,1.0,0.0
90.32361880476296,2.85744184667956,84.37310855630244,31.609958715248023,0,0,7.9,-95.62689144369755,20260331-161237,1.0,0.0
91.42865745391302,2.6368276565336117,82.45229250387018,34.67373274372647,0,0,7.9,-97.5477074961298,20260331-161237,1.0,0.0
92.63393452263999,2.462124716085728,80.57939941880488,37.6235752467929,0,0,7.9,-99.42060058119512,20260331-161237,1.0,0.0
93.93559164633766,2.3219147215269977,78.75650683123234,40.45609030143937,0,0,7.9,-101.24349316876767,20260331-161237,1.0,0.0
95.32968090911247,2.208275872364014,76.98517892989622,43.169280660146725,0,0,7.9,-103.01482107010379,20260331-161237,1.0,0.0
96.81220934366627,2.11553967379689,75.26649919652078,45.76241728897072,0,0,7.9,-104.73350080347922,20260331-161237,1.0,0.0
98.37917881977606,2.0395429534247436,73.60110930013053,48.23589454420682,0,0,7.9,-106.39889069986947,20260331-161237,1.0,0.0
100.02662097655826,1.977159279571473,71.9892520008699,50.59107883217072,0,0,8.1,-108.01074799913009,20260331-161237,1.0,0.0
101.75062709490085,1.9259951551963337,70.43081606329292,52.83015734508871,0,0,8.1,-109.56918393670706,20260331-161237,1.0,0.0
103.54737300340386,1.8841871298654917,68.92538148699816,54.95599208916998,0,0,8.1,-111.07461851300185,20260331-161237,1.0,0.0
105.41313926209335,1.8502627714272533,67.47226369258101,56.971983055563456,0,0,8.3,-112.52773630741896,20260331-161237,1.0,0.0
107.3443269751871,1.8230432161683265,66.0705556255391,58.88194312848133,0,0,8.3,-113.92944437446087,20260331-161237,1.0,0.0
107.93431814231685,110.61162882100895,34.75589847529136,0.975795395952224,0,0,8.3,-145.2441015247086,20260331-161237,1.0,0.0
107.97355700733397,78.32892981444832,35.39477735525901,1.378463324637655,0,0,8.3,-144.605222644741,20260331-161237,1.0,0.0
108.02620998919159,60.6678338204446,36.03311275424767,1.7806175560662192,0,0,8.5,-143.96688724575233,20260331-161237,1.0,0.0
108.09225748537966,49.53567027061232,36.67074714237083,2.1821095161299713,0,0,8.5,-143.32925285762914,20260331-161237,1.0,0.0
108.17167496062035,41.88168498088416,37.307524029768956,2.5827918578250277,0,0,8.5,-142.69247597023104,20260331-161237,1.0,0.0
108.26443299223604,36.299665772504085,37.943288194116406,2.9825187281543273,0,0,8.7,-142.0567118058836,20260331-161237,1.0,0.0
108.37049732431065,32.0514099085249,38.57788590347059,3.3811460286334145,0,0,8.7,-141.42211409652944,20260331-161237,1.0,0.0
108.48982893041291,28.71216611456863,39.211165133678264,3.778531668335705,0,0,8.7,-140.78883486632176,20260331-161237,1.0,0.0
108.6223840846162,26.020230528197747,39.84297577959342,4.174535808470401,0,0,8.9,-140.15702422040658,20260331-161237,1.0,0.0
108.76811444051647,23.805561873821595,40.473169859399604,4.569021097549735,0,0,8.9,-139.52683014060042,20260331-161237,1.0,0.0
108.92696711792026,21.95288119076603,41.101601711377384,4.9618528962721244,0,0,8.9,-138.8983982886226,20260331-161237,1.0,0.0
109.09888479684591,20.38126906243826,41.72812818250668,5.352899491323145,0,0,9.1,-138.27187181749332,20260331-161237,1.0,0.0
109.283805818457,19.03225202484515,42.35260880834437,5.742032297375809,0,0,9.1,-137.6473911916556,20260331-161237,1.0,0.0
109.48166429252325,17.86252451966869,42.97490598367631,6.129126046655465,0,0,9.1,-137.02509401632372,20260331-161237,1.0,0.0
109.69239021098542,16.839330253470873,43.59488512349594,6.514058965520672,0,0,9.3,-136.40511487650406,20260331-161237,1.0,0.0
109.91590956718323,15.9374343345423,44.21241481392542,6.8967129375996805,0,0,9.3,-135.7875851860746,20260331-161237,1.0,0.0
110.1521444802919,15.137081667623667,44.82736695274991,7.276973653111328,0,0,9.3,-135.1726330472501,20260331-161237,1.0,0.0
110.40101332450162,14.42258611248523,45.43961687930141,7.6547307440882975,0,0,9.5,-134.56038312069862,20260331-161237,1.0,0.0
110.66243086246682,13.781334183088715,46.04904349348385,8.029877905309224,0,0,9.5,-133.95095650651612,20260331-161237,1.0,0.0
110.9363083825467,13.203067818533727,46.655529363795836,8.402313000833074,0,0,9.5,-133.34447063620414,20260331-161237,1.0,0.0
111.22255383935641,12.679359094869804,47.25896082426152,8.771938156113755,0,0,9.7,-132.74103917573848,20260331-161237,1.0,0.0
111.52107199714929,12.203219509367145,47.859228060241094,9.138659835754503,0,0,9.7,-132.1407719397589,20260331-161237,1.0,0.0
111.83176457555322,11.76880526250672,48.45622518314565,9.502388907039608,0,0,9.7,-131.54377481685432,20260331-161237,1.0,0.0
112.1545303971906,11.371192102766418,49.04985029413456,9.863040689454653,0,0,9.9,-130.95014970586544,20260331-161237,1.0,0.0
112.4892655367192,11.006201303703468,49.640005536924036,10.220534990475576,0,0,9.9,-130.35999446307594,20260331-161237,1.0,0.0
112.83586347084193,10.670263720014969,50.22659713988378,10.574796127970831,0,0,9.9,-129.77340286011625,20260331-161237,1.0,0.0
113.19421522884561,10.360312543621237,50.8095354476402,10.925752939619413,0,0,10.1,-129.19046455235983,20260331-161237,1.0,0.0
113.56420954324363,10.073697931151257,51.388734942450014,11.273338779800511,0,0,10.1,-128.61126505754999,20260331-161237,1.0,0.0
113.9457330001131,9.808118470015014,51.964114255640425,11.617491504457599,0,0,10.1,-128.03588574435958,20260331-161237,1.0,0.0
114.3386701887343,9.561565731664517,52.53559616944926,11.95815344448087,0,0,10.3,-127.46440383055071,20260331-161237,1.0,0.0
114.74290385015989,9.332279086335957,53.10310760962773,12.295271368187327,0,0,10.3,-126.8968923903723,20260331-161237,1.0,0.0
115.15831502435984,9.118708629970415,53.66657962919243,12.628796433506995,0,0,10.3,-126.33342037080756,20260331-161237,1.0,0.0
115.58478319560993,8.919484573553305,54.225947383740106,12.958684130507304,0,0,10.5,-125.77405261625991,20260331-161237,1.0,0.0
115.68044867140644,0.8711946121633476,32.73404244939877,-132.7837053355382,0,0,10.5,-147.2659575506012,20260331-161237,1.0,0.0
111.25433970183991,0.8378670033261334,32.70474798767219,-132.78281548287086,0,0,10.5,-147.2952520123278,20260331-161237,1.0,0.0
106.8282622254592,0.8045398689302765,32.67302607784234,-132.7818127490674,0,0,10.7,-147.3269739221577,20260331-161237,1.0,0.0
102.40222032590476,0.7712132705075704,32.63856197976418,-132.78067720296,0,0,10.7,-147.3614380202358,20260331-161237,1.0,0.0
97.97621882468931,0.737887280710923,32.600984087976315,-132.77938431232124,0,0,10.7,-147.39901591202369,20260331-161237,1.0,0.0
93.55026345572874,0.7045619859457595,32.55985048271668,-132.77790360794555,0,0,10.7,-147.44014951728334,20260331-161237,1.0,0.0
89.12436109186812,0.6712374897856898,32.51463147488562,-132.77619687232223,0,0,10.7,-147.4853685251144,20260331-161237,1.0,0.0
84.69852004241707,0.6379139174593931,32.464686680215436,-132.77421564925902,0,0,10.7,-147.5353133197846,20260331-161237,1.0,0.0
80.27275044909292,0.604591421822281,32.40923451218674,-132.77189776716517,0,0,10.7,-147.59076548781326,20260331-161237,1.0,0.0
75.84706482055559,0.5712701914196258,32.34731099863484,-132.76916240294818,0,0,10.6,-147.6526890013652,20260331-161237,1.0,0.0
71.42147876563017,0.5379504615487084,32.277713293701936,-132.7659029420934,0,0,10.8,-147.7222867062981,20260331-161237,1.0,0.0
66.99601201705781,0.5046325297073686,32.198920812714675,-132.76197643443265,0,0,10.8,-147.80107918728532,20260331-161237,1.0,0.0
62.570689889554004,0.47131677760173607,32.10898291919068,-132.7571876561254,0,0,10.8,-147.8910170808093,20260331-161237,1.0,0.0
58.14554540344692,0.43800370320964765,32.00535535900309,-132.75126437827382,0,0,10.8,-147.9946446409969,20260331-161237,1.0,0.0
53.720622457474086,0.4046939687019642,31.884655916282668,-132.74381782802524,0,0,11.0,-148.11534408371736,20260331-161237,1.0,0.0
49.29598070955908,0.3713884741939484,31.742288590248222,-132.73427727273918,0,0,11.0,-148.25771140975178,20260331-161237,1.0,0.0
44.87170334365036,0.33808847517302765,31.571845656007724,-132.72177740068136,0,0,11.0,-148.42815434399228,20260331-161237,1.0,0.0
40.447909930532816,0.32372045991736603,31.364117799919427,-124.94702973317683,0,0,11.2,-148.6358822000806,20260331-161237,1.0,0.0
36.084905583858934,0.2757250519081631,31.0577698387782,-130.8727855308479,0,0,11.2,-148.9422301612218,20260331-161237,1.0,0.0
31.72321657448263,0.6352097336887017,30.667167213352286,-49.94132629275684,0,0,11.4,-149.33283278664769,20260331-161237,1.0,0.0
27.79792046789738,0.2234562821870173,37.2052281915785,-124.39981635706471,0,0,11.6,-142.79477180842153,20260331-161237,1.0,0.0
23.691028577204005,0.1944966413156805,40.52552487528885,-121.80687757354096,0,0,11.8,-139.47447512471118,20260331-161237,1.0,0.0
491.09171687187444,3.2812391072131333,-176.17886990413797,-149.66654389566116,0,0,1.2,-176.17886990413797,20260331-161237,1.0,0.0
486.1029462780135,3.2480560052256395,-176.1395953173964,-149.65965657487004,0,0,1.2,-176.1395953173964,20260331-161237,1.0,0.0
481.11440882618064,3.214876033057851,-176.09950625761812,-149.652553902231,0,0,1.2,-176.09950625761812,20260331-161237,1.0,0.0
476.1261118445042,3.1816992895461795,-176.05857716413993,-149.6452268160189,0,0,1.2,-176.05857716413993,20260331-161237,1.0,0.0
471.1380629711054,3.148525877732841,-176.01678139718354,-149.63766577340562,0,0,1.2,-176.01678139718354,20260331-161237,1.0,0.0
466.15027017064494,3.1153559050919757,-175.97409118039664,-149.6298607195195,0,0,1.2,-175.97409118039664,20260331-161237,1.0,0.0
461.1627417519387,3.0821894837705117,-175.93047753968978,-149.621801054161,0,0,1.2,-175.93047753968978,20260331-161237,1.0,0.0
456.1754863867252,3.049026730844913,-175.88591023808732,-149.61347559596987,0,0,1.2,-175.88591023808732,20260331-161237,1.0,0.0
451.1885131296732,3.015867768595041,-175.84035770628736,-149.60487254381908,0,0,1.2,-175.84035770628736,20260331-161237,1.0,0.0
446.2018314397256,2.982712724796484,-175.79378696859698,-149.59597943518708,0,0,1.2,-175.79378696859698,20260331-161237,1.0,0.0
441.2154512028849,2.9495617330328074,-175.74616356388083,-149.5867831012362,0,0,1.2,-175.74616356388083,20260331-161237,1.0,0.0
436.22938275655537,2.9164149330293534,-175.6974514611274,-149.5772696182957,0,0,1.2,-175.6974514611274,20260331-161237,1.0,0.0
431.24363691556687,2.883272471010314,-175.6476129692015,-149.56742425541793,0,0,1.2,-175.6476129692015,20260331-161237,1.0,0.0
426.2582250000172,2.8501345000810243,-175.59660864031113,-149.5572314176399,0,0,1.2,-175.59660864031113,20260331-161237,1.0,0.0
421.2731588650828,2.8170011806375443,-175.5443971666737,-149.54667458454531,0,0,1.2,-175.5443971666737,20260331-161237,1.0,0.0
416.28845093296223,2.7838726808058682,-175.49093526981645,-149.53573624367624,0,0,1.2,-175.49093526981645,20260331-161237,1.0,0.0
411.30411422713155,2.7507491769132564,-175.4361775818934,-149.52439781829727,0,0,1.2,-175.4361775818934,20260331-161237,1.0,0.0
406.3201624091097,2.71763085399449,-175.3800765183396,-149.51263958895777,0,0,1.2,-175.3800765183396,20260331-161237,1.0,0.0
401.3366098179498,2.684517906336088,-175.32258214111826,-149.50044060823802,0,0,1.2,-175.32258214111826,20260331-161237,1.0,0.0
396.3534715126957,2.6514105380618616,-175.2636420117416,-149.48777860799473,0,0,1.2,-175.2636420117416,20260331-161237,1.0,0.0
391.37076331806554,2.618308963763509,-175.20320103316445,-149.4746298983434,0,0,1.2,-175.20320103316445,20260331-161237,1.0,0.0
386.38850187365216,2.585213409180352,-175.1412012795573,-149.4609692575274,0,0,1.2,-175.1412012795573,20260331-161237,1.0,0.0
381.4067046869592,2.5521241119327245,-175.077581812864,-149.44676981172353,0,0,1.2,-175.077581812864,20260331-161237,1.0,0.0
376.42539019062633,2.5190413223140493,-175.0122784849347,-149.43200290372104,0,0,1.2,-175.0122784849347,20260331-161237,1.0,0.0
371.4445778042335,2.4859653041471224,-174.94522372389608,-149.4166379492845,0,0,1.2,-174.94522372389608,20260331-161237,1.0,0.0
366.46428800111653,2.4528963357107814,-174.87634630327952,-149.40064227986437,0,0,1.2,-174.87634630327952,20260331-161237,1.0,0.0
361.484542380674,2.4198347107438014,-174.8055710922652,-149.3839809701556,0,0,1.2,-174.8055710922652,20260331-161237,1.0,0.0
356.50536374669775,2.38678073953362,-174.73281878522113,-149.36661664881683,0,0,1.2,-174.73281878522113,20260331-161237,1.0,0.0
351.5267761923198,2.3537347500983867,-174.65800560851275,-149.34850929044825,0,0,1.2,-174.65800560851275,20260331-161237,1.0,0.0
346.5488051922345,2.3206970894717935,-174.5810430023297,-149.32961598668243,0,0,1.2,-174.5810430023297,20260331-161237,1.0,0.0
341.57147770293307,2.2876681251012805,-174.501837275019,-149.30989069396196,0,0,1.2,-174.501837275019,20260331-161237,1.0,0.0
336.59482227177125,2.2546482463714486,-174.42028922712163,-149.28928395525782,0,0,1.2,-174.42028922712163,20260331-161237,1.0,0.0
331.6188691557905,2.2216378662659655,-174.33629374197943,-149.26774259261316,0,0,1.2,-174.33629374197943,20260331-161237,1.0,0.0
326.6436504513218,2.1886374231828776,-174.24973933940512,-149.24520936697343,0,0,1.2,-174.24973933940512,20260331-161237,1.0,0.0
321.6692002355297,2.15564738292011,-174.16050768848257,-149.22162260127448,0,0,1.2,-174.16050768848257,20260331-161237,1.0,0.0
316.6955547211948,2.122668240850059,-174.06847307508022,-149.19691576219589,0,0,1.2,-174.06847307508022,20260331-161237,1.0,0.0
311.7227524261989,2.08970052430463,-173.97350181910966,-149.1710169953314,0,0,1.2,-173.97350181910966,20260331-161237,1.0,0.0
306.7508343593629,2.0567447951948696,-173.87545163592932,-149.14384860777017,0,0,1.4,-173.87545163592932,20260331-161237,1.0,0.0
301.779844224503,2.023801652892562,-173.77417093557423,-149.1153264911992,0,0,1.6,-173.77417093557423,20260331-161237,1.0,0.0
296.80982864481643,1.9908717374048654,-173.6694980526639,-149.08535947760905,0,0,1.6,-173.6694980526639,20260331-161237,1.0,0.0
291.8408374099918,1.9579557328773627,-173.5612603988909,-149.05384861848222,0,0,1.6,-173.5612603988909,20260331-161237,1.0,0.0
286.87292374876597,1.9250543714658548,-173.4492735288993,-149.02068637693765,0,0,1.8,-173.4492735288993,20260331-161237,1.0,0.0
281.9061446300263,1.8921684376229833,-173.33334010909863,-148.9857557206524,0,0,1.8,-173.33334010909863,20260331-161237,1.0,0.0
276.9405610959964,1.8592987728524921,-173.21324877750084,-148.94892910143793,0,0,2.0,-173.21324877750084,20260331-161237,1.0,0.0
271.976238631549,1.8264462809917352,-173.08877288097534,-148.91006730505626,0,0,2.0,-173.08877288097534,20260331-161237,1.0,0.0
267.0132475742829,1.7936119340922088,-172.9596690743524,-148.86901815214833,0,0,2.0,-172.9596690743524,20260331-161237,1.0,0.0
262.05166357068845,1.760796778978597,-172.8256757635177,-148.82561502793035,0,0,2.2,-172.8256757635177,20260331-161237,1.0,0.0
257.09156808453537,1.7280019445794847,-172.68651137196835,-148.77967521448565,0,0,2.2,-172.68651137196835,20260331-161237,1.0,0.0
252.13304896456015,1.695228650137741,-172.54187240717684,-148.73099799491578,0,0,2.2,-172.54187240717684,20260331-161237,1.0,0.0
247.17620107964538,1.6624782144262664,-172.39143129943994,-148.67936249314866,0,0,2.2,-172.39143129943994,20260331-161237,1.0,0.0
242.22112703099475,1.6297520661157026,-172.23483398157467,-148.62452520664485,0,0,2.2,-172.23483398157467,20260331-161237,1.0,0.0
237.2679379523607,1.597051755465682,-172.07169717273246,-148.5662171813437,0,0,2.2,-172.07169717273246,20260331-161237,1.0,0.0
232.3167544112247,1.5643789675410231,-171.9016053235773,-148.50414076864826,0,0,2.2,-171.9016053235773,20260331-161237,1.0,0.0
227.36770742602232,1.5317355371900825,-171.72410717292482,-148.43796589267671,0,0,2.2,-171.72410717292482,20260331-161237,1.0,0.0
222.42093961712618,1.499123466065615,-171.53871185742864,-148.36732574192862,0,0,2.2,-171.53871185742864,20260331-161237,1.0,0.0
217.47660651243686,1.4665449420206293,-171.34488450573755,-148.2918117823202,0,0,2.2,-171.34488450573755,20260331-161237,1.0,0.0
212.53487803220744,1.4340023612750887,-171.14204123637165,-148.21096796746227,0,0,2.1,-171.14204123637165,20260331-161237,1.0,0.0
207.59594018228125,1.4014983538265138,-170.92954346393165,-148.12428399611147,0,0,2.1,-170.92954346393165,20260331-161237,1.0,0.0
202.65999699044033,1.369035812672176,-170.7066914006029,-148.03118743466246,0,0,2.1,-170.7066914006029,20260331-161237,1.0,0.0
197.72727272727272,1.3366179275270182,-170.47271661854765,-147.93103448275863,0,0,2.1,-170.47271661854765,20260331-161237,1.0,0.0
192.79801446115903,1.3042482238654485,-170.2267735128206,-147.82309911050248,0,0,2.3,-170.2267735128206,20260331-161237,1.0,0.0
187.87249500702674,1.2719306082942445,-169.9679294727829,-147.706560233642,0,0,2.3,-169.9679294727829,20260331-161237,1.0,0.0
182.9510163408919,1.2396694214876034,-169.69515353123398,-147.58048651498612,0,0,2.3,-169.69515353123398,20260331-161237,1.0,0.0
178.0339135675147,1.2074695001967732,-169.40730321284343,-147.4438182815398,0,0,2.5,-169.40730321284343,20260331-161237,1.0,0.0
173.12155954751935,1.1753362502025604,-169.1031092446745,-147.29534592137625,0,0,2.5,-169.1031092446745,20260331-161237,1.0,0.0
168.21437031408848,1.143275732531931,-168.78115771873118,-147.13368396402166,0,0,2.7,-168.78115771873118,20260331-161237,1.0,0.0
163.31281143916814,1.1112947658402206,-168.43986920578223,-146.9572398423848,0,0,2.7,-168.43986920578223,20260331-161237,1.0,0.0
158.4174055467558,1.0794010486092598,-168.07747420636582,-146.76417606863234,0,0,2.7,-168.07747420636582,20260331-161237,1.0,0.0
153.52874121859168,1.047603305785124,-167.69198418257207,-146.55236421149883,0,0,2.9,-167.69198418257207,20260331-161237,1.0,0.0
148.6474835984965,1.015911465754726,-167.28115723474855,-146.31932861203168,0,0,2.9,-167.28115723474855,20260331-161237,1.0,0.0
143.77438707977612,0.9843368752459664,-166.84245725998517,-146.06217718283665,0,0,2.9,-166.84245725998517,20260331-161237,1.0,0.0
138.91031056104256,0.9528925619834714,-166.37300514010846,-145.7775158533057,0,0,2.9,-166.37300514010846,20260331-161237,1.0,0.0
134.05623588690415,0.9215935579571942,-165.86952013758597,-145.46134218217998,0,0,2.9,-165.86952013758597,20260331-161237,1.0,0.0
129.21329026135544,0.8904573002754822,-165.32824920409817,-145.1089122649458,0,0,2.7,-165.32824920409817,20260331-161237,1.0,0.0
124.3827736471787,0.859504132231405,-164.74488129694222,-144.71457318565982,0,0,2.7,-164.74488129694222,20260331-161237,1.0,0.0
119.56619246327655,0.8287579350820459,-164.11444301153816,-144.27155071696498,0,0,2.7,-164.11444301153816,20260331-161237,1.0,0.0
114.76530128991642,0.7982469321312298,-163.43117082040092,-143.77167849991724,0,0,2.7,-163.43117082040092,20260331-161237,1.0,0.0
109.98215482597752,0.768004722550177,-162.6883538911534,-143.20505017310217,0,0,2.7,-162.6883538911534,20260331-161237,1.0,0.0
105.219173063493,0.7380716253443528,-161.87813975209863,-142.55956935670332,0,0,2.7,-161.87813975209863,20260331-161237,1.0,0.0
100.47922362441547,0.7084964477308977,-160.99129287936148,-141.8203633147638,0,0,2.7,-160.99129287936148,20260331-161237,1.0,0.0
95.76572654225149,0.6793388429752067,-160.0168934781,-140.96901352326555,0,0,2.7,-160.0168934781,20260331-161237,1.0,0.0
91.08278860556088,0.6506725004051208,-158.9419602117472,-139.98253890989866,0,0,2.7,-158.9419602117472,20260331-161237,1.0,0.0
86.43537690185246,0.6225895316804408,-157.75097634278765,-138.8320434308515,0,0,2.7,-157.75097634278765,20260331-161237,1.0,0.0
81.82954466551364,0.5952066115702481,-156.42529379808738,-137.48090675544498,0,0,2.7,-156.42529379808738,20260331-161237,1.0,0.0
77.27272727272728,0.5686737504919324,-154.94238458169698,-135.88235294117646,0,0,2.7,-154.94238458169698,20260331-161237,1.0,0.0
72.77413263080015,0.5431871159143888,-153.274905162316,-133.976175978132,0,0,2.7,-153.274905162316,20260331-161237,1.0,0.0
68.34525865168183,0.51900826446281,-151.38954033403476,-131.68433593715764,0,0,2.7,-151.38954033403476,20260331-161237,1.0,0.0
64.0005810924033,0.4964938642624594,-149.2456059204414,-128.90507959746094,0,0,2.7,-149.2456059204414,20260331-161237,1.0,0.0
59.758467016526545,0.47614325068870544,-146.79342968491048,-125.50522753413055,0,0,2.7,-146.79342968491048,20260331-161237,1.0,0.0
55.64237935391773,0.4586776859504134,-143.9726266148964,-121.31041264547825,0,0,2.7,-143.9726266148964,20260331-161237,1.0,0.0
51.682437831097815,0.44517906336088175,-140.71059313749964,-116.09359488049813,0,0,2.7,-140.71059313749964,20260331-161237,1.0,0.0
47.91737033858693,0.43734750098386477,-136.92195595893142,-109.56360841388404,0,0,2.7,-136.92195595893142,20260331-161237,1.0,0.0
44.396783443908305,0.4380165289256201,-132.51044707800082,-101.35869427760191,0,0,2.7,-132.51044707800082,20260331-161237,1.0,0.0
41.1834236090844,0.4522865013774108,127.37580749554814,-91.05605293030592,0,0,2.9,127.37580749554816,20260331-161237,1.0,0.0
38.35458747223454,1.5035606875687688,121.42956561483851,-25.509171521538804,0,0,3.1,121.42956561483851,20260331-161237,1.0,0.0
36.23569767574805,0.5874423902791256,118.15135520662943,-61.683831938874064,0,0,3.1,118.15135520662946,20260331-161237,1.0,0.0
34.249868448644676,0.5972740234679446,114.47975378289448,-57.34364312343621,0,0,3.1,114.47975378289448,20260331-161237,1.0,0.0
