dist,ttc,heading_err,approach_speed,ammo,mines,threat_density,threat_angle,session_id,thrust,turn_rate
500.0,500000000.0,0.0,0.0,0,0,0.1,0.0,20260414-133112,0.0,0.0
500.0,500000000.0,0.0,0.0,0,0,0.1,0.0,20260414-133112,0.0,0.0
500.0,500000000.0,0.0,0.0,0,0,0.1,0.0,20260414-133112,0.0,0.0
500.0,500000000.0,0.0,0.0,0,0,0.1,0.0,20260414-133112,0.0,0.0
500.0,500000000.0,0.0,0.0,0,0,0.1,0.0,20260414-133112,0.0,0.0
500.0,500000000.0,0.0,0.0,0,0,0.1,0.0,20260414-133112,0.0,0.0
500.0,500000000.0,0.0,0.0,0,0,0.1,0.0,20260414-133112,0.0,0.0
500.0,500000000.0,0.0,0.0,0,0,0.1,0.0,20260414-133112,0.0,0.0
500.0,500000000.0,0.0,0.0,0,0,0.1,0.0,20260414-133112,0.0,0.0
500.0,500000000.0,0.0,0.0,0,0,0.1,0.0,20260414-133112,0.0,0.0
500.0,500000000.0,0.0,0.0,0,0,0.1,0.0,20260414-133112,0.0,0.0
500.0,500000000.0,0.0,0.0,0,0,0.1,0.0,20260414-133112,0.0,0.0
500.0,500000000.0,0.0,0.0,0,0,0.1,0.0,20260414-133112,0.0,0.0
500.0,500000000.0,0.0,0.0,0,0,0.1,0.0,20260414-133112,0.0,0.0
500.0,500000000.0,0.0,0.0,0,0,0.1,0.0,20260414-133112,0.0,0.0
500.0,500000000.0,0.0,0.0,0,0,0.1,0.0,20260414-133112,0.0,0.0
500.0,500000000.0,0.0,0.0,0,0,0.1,0.0,20260414-133112,0.0,0.0
500.0,500000000.0,0.0,0.0,0,0,0.1,0.0,20260414-133112,0.0,0.0
500.0,500000000.0,0.0,0.0,0,0,0.1,0.0,20260414-133112,0.0,0.0
500.0,500000000.0,0.0,0.0,0,0,0.1,0.0,20260414-133112,0.0,0.0
500.0,500000000.0,0.0,0.0,0,0,0.1,0.0,20260414-133112,0.0,0.0
500.0,500000000.0,0.0,0.0,0,0,0.1,0.0,20260414-133112,0.0,0.0
500.0,500000000.0,0.0,0.0,0,0,0.1,0.0,20260414-133112,0.0,0.0
500.0,500000000.0,0.0,0.0,0,0,0.1,0.0,20260414-133112,0.0,0.0
500.0,500000000.0,0.0,0.0,0,0,0.1,0.0,20260414-133112,0.0,0.0
500.0,500000000.0,0.0,0.0,0,0,0.1,0.0,20260414-133112,0.0,0.0
500.0,500000000.0,0.0,0.0,0,0,0.1,0.0,20260414-133112,0.0,0.0
500.0,500000000.0,0.0,0.0,0,0,0.1,0.0,20260414-133112,0.0,0.0
500.0,500000000.0,0.0,0.0,0,0,0.1,0.0,20260414-133112,0.0,0.0
500.0,500000000.0,0.0,0.0,0,0,0.1,0.0,20260414-133112,0.0,0.0
500.0,500000000.0,0.0,0.0,0,0,0.1,0.0,20260414-133112,0.0,0.0
500.0,500000000.0,0.0,0.0,0,0,0.1,0.0,20260414-133112,0.0,0.0
500.0,500000000.0,0.0,0.0,0,0,0.1,0.0,20260414-133112,0.0,0.0
500.0,500000000.0,0.0,0.0,0,0,0.1,0.0,20260414-133112,0.0,0.0
500.0,500000000.0,0.0,0.0,0,0,0.1,0.0,20260414-133112,0.0,0.0
500.0,500000000.0,0.0,0.0,0,0,0.1,0.0,20260414-133112,0.0,0.0
500.0,500000000.0,0.0,0.0,0,0,0.1,0.0,20260414-133112,0.0,0.0
500.0,500000000.0,0.0,0.0,0,0,0.1,0.0,20260414-133112,0.0,0.0
500.0,500000000.0,0.0,0.0,0,0,0.1,0.0,20260414-133112,0.0,0.0
500.0,500000000.0,0.0,0.0,0,0,0.1,0.0,20260414-133112,0.0,0.0
500.0,500000000.0,0.0,0.0,0,0,0.1,0.0,20260414-133112,0.0,0.0
500.0,500000000.0,0.0,0.0,0,0,0.1,0.0,20260414-133112,0.0,0.0
500.0,500000000.0,0.0,0.0,0,0,0.1,0.0,20260414-133112,0.0,0.0
500.0,500000000.0,0.0,0.0,0,0,0.1,0.0,20260414-133112,0.0,0.0
500.0,500000000.0,0.0,0.0,0,0,0.1,0.0,20260414-133112,0.0,0.0
500.0,500000000.0,0.0,0.0,0,0,0.1,0.0,20260414-133112,0.0,0.0
500.0,500000000.0,0.0,0.0,0,0,0.1,0.0,20260414-133112,0.0,0.0
500.0,500000000.0,0.0,0.0,0,0,0.1,0.0,20260414-133112,0.0,0.0
500.0,500000000.0,0.0,0.0,0,0,0.1,0.0,20260414-133112,0.0,0.0
500.0,500000000.0,0.0,0.0,0,0,0.1,0.0,20260414-133112,0.0,0.0
500.0,500000000.0,0.0,0.0,0,0,0.1,0.0,20260414-133112,0.0,0.0
500.0,500000000.0,0.0,0.0,0,0,0.1,0.0,20260414-133112,0.0,0.0
500.0,500000000.0,0.0,0.0,0,0,0.1,0.0,20260414-133112,0.0,0.0
500.0,500000000.0,0.0,0.0,0,0,0.1,0.0,20260414-133112,0.0,0.0
500.0,500000000.0,0.0,0.0,0,0,0.1,0.0,20260414-133112,0.0,0.0
500.0,500000000.0,0.0,0.0,0,0,0.1,0.0,20260414-133112,0.0,0.0
500.0,500000000.0,0.0,0.0,0,0,0.1,0.0,20260414-133112,0.0,0.0
500.0,500000000.0,0.0,0.0,0,0,0.1,0.0,20260414-133112,0.0,0.0
500.0,500000000.0,0.0,0.0,0,0,0.1,0.0,20260414-133112,0.0,0.0
500.0,500000000.0,0.0,0.0,0,0,0.1,0.0,20260414-133112,0.0,0.0
500.0,500000000.0,0.0,0.0,0,0,0.1,0.0,20260414-133112,0.0,0.0
500.0,500000000.0,0.0,0.0,0,0,0.1,0.0,20260414-133112,0.0,0.0
500.0,500000000.0,0.0,0.0,0,0,0.1,0.0,20260414-133112,0.0,0.0
500.0,500000000.0,0.0,0.0,0,0,0.1,0.0,20260414-133112,0.0,0.0
500.0,500000000.0,0.0,0.0,0,0,0.1,0.0,20260414-133112,0.0,0.0
500.0,500000000.0,0.0,0.0,0,0,0.1,0.0,20260414-133112,0.0,0.0
500.0,500000000.0,0.0,0.0,0,0,0.1,0.0,20260414-133112,0.0,0.0
500.0,500000000.0,0.0,0.0,0,0,0.1,0.0,20260414-133112,0.0,0.0
500.0,500000000.0,0.0,0.0,0,0,0.1,0.0,20260414-133112,0.0,0.0
500.0,500000000.0,0.0,0.0,0,0,0.1,0.0,20260414-133112,0.0,0.0
514.1984052872976,514198405.28729767,-13.495733280795804,0.0,0,0,0.2,-13.495733280795811,20260414-133112,0.0,0.0
514.1984052872976,514198405.28729767,-13.495733280795804,0.0,0,0,0.2,-13.495733280795811,20260414-133112,0.0,0.0
514.1984052872976,514198405.28729767,-13.495733280795804,0.0,0,0,0.2,-13.495733280795811,20260414-133112,0.0,0.0
514.1984052872976,514198405.28729767,-13.495733280795804,0.0,0,0,0.2,-13.495733280795811,20260414-133112,0.0,0.0
514.1984052872976,514198405.28729767,-13.495733280795804,0.0,0,0,0.2,-13.495733280795811,20260414-133112,0.0,0.0
514.1984052872976,514198405.28729767,-13.495733280795804,0.0,0,0,0.2,-13.495733280795811,20260414-133112,0.0,0.0
514.1984052872976,514198405.28729767,-13.495733280795804,0.0,0,0,0.2,-13.495733280795811,20260414-133112,0.0,0.0
514.1984052872976,514198405.28729767,-13.495733280795804,0.0,0,0,0.2,-13.495733280795811,20260414-133112,0.0,0.0
514.1984052872976,514198405.28729767,-13.495733280795804,0.0,0,0,0.2,-13.495733280795811,20260414-133112,0.0,0.0
514.1984052872976,514198405.28729767,-13.495733280795804,0.0,0,0,0.2,-13.495733280795811,20260414-133112,0.0,0.0
514.1984052872976,514198405.28729767,-13.495733280795804,0.0,0,0,0.2,-13.495733280795811,20260414-133112,0.0,0.0
514.1984052872976,514198405.28729767,-13.495733280795804,0.0,0,0,0.2,-13.495733280795811,20260414-133112,0.0,0.0
514.1984052872976,514198405.28729767,-13.495733280795804,0.0,0,0,0.2,-13.495733280795811,20260414-133112,0.0,0.0
514.1984052872976,514198405.28729767,-13.495733280795804,0.0,0,0,0.2,-13.495733280795811,20260414-133112,0.0,0.0
514.1984052872976,514198405.28729767,-13.495733280795804,0.0,0,0,0.2,-13.495733280795811,20260414-133112,0.0,0.0
514.1984052872976,514198405.28729767,-13.495733280795804,0.0,0,0,0.2,-13.495733280795811,20260414-133112,0.0,0.0
514.1984052872976,514198405.28729767,-13.495733280795804,0.0,0,0,0.2,-13.495733280795811,20260414-133112,0.0,0.0
514.1984052872976,514198405.28729767,-13.495733280795804,0.0,0,0,0.2,-13.495733280795811,20260414-133112,0.0,0.0
514.1984052872976,514198405.28729767,-13.495733280795804,0.0,0,0,0.2,-13.495733280795811,20260414-133112,0.0,0.0
514.1984052872976,514198405.28729767,-13.495733280795804,0.0,0,0,0.2,-13.495733280795811,20260414-133112,0.0,0.0
514.1984052872976,514198405.28729767,-13.495733280795804,0.0,0,0,0.2,-13.495733280795811,20260414-133112,0.0,0.0
514.1984052872976,514198405.28729767,-13.495733280795804,0.0,0,0,0.2,-13.495733280795811,20260414-133112,0.0,0.0
514.1984052872976,514198405.28729767,-13.495733280795804,0.0,0,0,0.2,-13.495733280795811,20260414-133112,0.0,0.0
514.1984052872976,514198405.28729767,-13.495733280795804,0.0,0,0,0.2,-13.495733280795811,20260414-133112,0.0,0.0
514.1984052872976,514198405.28729767,-13.495733280795804,0.0,0,0,0.2,-13.495733280795811,20260414-133112,0.0,0.0
514.1984052872976,514198405.28729767,-13.495733280795804,0.0,0,0,0.2,-13.495733280795811,20260414-133112,0.0,0.0
514.1984052872976,514198405.28729767,-13.495733280795804,0.0,0,0,0.2,-13.495733280795811,20260414-133112,0.0,0.0
514.1984052872976,514198405.28729767,-13.495733280795804,0.0,0,0,0.2,-13.495733280795811,20260414-133112,0.0,0.0
514.1984052872976,514198405.28729767,-13.495733280795804,0.0,0,0,0.2,-13.495733280795811,20260414-133112,0.0,0.0
514.1984052872976,514198405.28729767,-13.495733280795804,0.0,0,0,0.2,-13.495733280795811,20260414-133112,0.0,0.0
514.1984052872976,514198405.28729767,-13.495733280795804,0.0,0,0,0.2,-13.495733280795811,20260414-133112,0.0,0.0
514.1984052872976,514198405.28729767,-13.495733280795804,0.0,0,0,0.2,-13.495733280795811,20260414-133112,0.0,0.0
514.1984052872976,514198405.28729767,-13.495733280795804,0.0,0,0,0.2,-13.495733280795811,20260414-133112,0.0,0.0
184.0,184000000.0,-90.00000000000003,-0.0,0,0,2.4,-90.00000000000003,20260414-133112,0.0,0.0
184.0,184000000.0,-90.00000000000003,-0.0,0,0,2.4,-90.00000000000003,20260414-133112,0.0,0.0
184.0,184000000.0,-90.00000000000003,-0.0,0,0,2.4,-90.00000000000003,20260414-133112,0.0,0.0
184.0,184000000.0,-90.00000000000003,-0.0,0,0,2.4,-90.00000000000003,20260414-133112,0.0,0.0
184.0,184000000.0,-90.00000000000003,-0.0,0,0,2.4,-90.00000000000003,20260414-133112,0.0,0.0
184.0,184000000.0,-90.00000000000003,-0.0,0,0,2.4,-90.00000000000003,20260414-133112,0.0,0.0
184.0,184000000.0,-90.00000000000003,-0.0,0,0,2.4,-90.00000000000003,20260414-133112,0.0,0.0
184.0,184000000.0,-90.00000000000003,-0.0,0,0,2.4,-90.00000000000003,20260414-133112,0.0,0.0
184.0,184000000.0,-90.00000000000003,-0.0,0,0,2.4,-90.00000000000003,20260414-133112,0.0,0.0
184.0,184000000.0,-90.00000000000003,-0.0,0,0,2.4,-90.00000000000003,20260414-133112,0.0,0.0
184.0,184000000.0,-90.00000000000003,-0.0,0,0,2.4,-90.00000000000003,20260414-133112,0.0,0.0
184.0,184000000.0,-90.00000000000003,-0.0,0,0,2.4,-90.00000000000003,20260414-133112,0.0,0.0
184.0,184000000.0,-90.00000000000003,-0.0,0,0,2.6,-90.00000000000003,20260414-133112,0.0,0.0
184.0,184000000.0,-90.00000000000003,-0.0,0,0,2.6,-90.00000000000003,20260414-133112,0.0,0.0
184.0,184000000.0,-90.00000000000003,-0.0,0,0,2.8,-90.00000000000003,20260414-133112,0.0,0.0
184.0,184000000.0,-90.00000000000003,-0.0,0,0,2.8,-90.00000000000003,20260414-133112,0.0,0.0
184.0,184000000.0,-90.00000000000003,-0.0,0,0,2.8,-90.00000000000003,20260414-133112,0.0,0.0
184.0,184000000.0,-90.00000000000003,-0.0,0,0,2.8,-90.00000000000003,20260414-133112,0.0,0.0
184.0,184000000.0,-90.00000000000003,-0.0,0,0,2.8,-90.00000000000003,20260414-133112,0.0,0.0
184.0,184000000.0,-90.00000000000003,-0.0,0,0,2.8,-90.00000000000003,20260414-133112,0.0,0.0
184.0,184000000.0,-90.00000000000003,-0.0,0,0,2.8,-90.00000000000003,20260414-133112,0.0,0.0
184.0,184000000.0,-90.00000000000003,-0.0,0,0,2.8,-90.00000000000003,20260414-133112,0.0,0.0
184.0,184000000.0,-90.00000000000003,-0.0,0,0,2.8,-90.00000000000003,20260414-133112,0.0,0.0
184.0,184000000.0,-90.00000000000003,-0.0,0,0,2.8,-90.00000000000003,20260414-133112,0.0,0.0
184.0,184000000.0,-90.00000000000003,-0.0,0,0,2.8,-90.00000000000003,20260414-133112,0.0,0.0
184.0,184000000.0,-90.00000000000003,-0.0,0,0,2.8,-90.00000000000003,20260414-133112,0.0,0.0
184.0,184000000.0,-90.00000000000003,-0.0,0,0,2.8,-90.00000000000003,20260414-133112,0.0,0.0
184.0,184000000.0,-90.00000000000003,-0.0,0,0,2.8,-90.00000000000003,20260414-133112,0.0,0.0
184.0,184000000.0,-90.00000000000003,-0.0,0,0,2.8,-90.00000000000003,20260414-133112,0.0,0.0
184.0,184000000.0,-90.00000000000003,-0.0,0,0,2.8,-90.00000000000003,20260414-133112,0.0,0.0
184.0,184000000.0,-90.00000000000003,-0.0,0,0,2.8,-90.00000000000003,20260414-133112,0.0,0.0
184.0,184000000.0,-90.00000000000003,-0.0,0,0,2.8,-90.00000000000003,20260414-133112,0.0,0.0
184.0,184000000.0,-90.00000000000003,-0.0,0,0,2.8,-90.00000000000003,20260414-133112,0.0,0.0
184.0,184000000.0,-90.00000000000003,-0.0,0,0,2.8,-90.00000000000003,20260414-133112,0.0,0.0
184.0,184000000.0,-90.00000000000003,-0.0,0,0,2.8,-90.00000000000003,20260414-133112,0.0,0.0
280.0,3.111111111111111,-90.0,-90.0,0,0,0.3,-90.0,20260414-133112,0.0,0.0
277.0,3.077777777777778,-90.0,-90.0,0,0,0.3,-90.0,20260414-133112,0.0,0.0
274.0,3.0444444444444443,-90.0,-90.0,0,0,0.3,-90.0,20260414-133112,0.0,0.0
271.0,3.011111111111111,-90.0,-90.0,0,0,0.3,-90.0,20260414-133112,0.0,0.0
268.0,2.977777777777778,-90.0,-90.0,0,0,0.3,-90.0,20260414-133112,0.0,0.0
265.0,2.9444444444444446,-90.0,-90.0,0,0,0.3,-90.0,20260414-133112,0.0,0.0
262.0,2.911111111111111,-90.0,-90.0,0,0,0.3,-90.0,20260414-133112,0.0,0.0
259.0,2.8777777777777778,-90.0,-90.0,0,0,0.3,-90.0,20260414-133112,0.0,0.0
256.0,2.8444444444444446,-90.0,-90.0,0,0,0.3,-90.0,20260414-133112,0.0,0.0
253.0,2.811111111111111,-90.0,-90.0,0,0,0.3,-90.0,20260414-133112,0.0,0.0
250.0,2.7777777777777777,-90.0,-90.0,0,0,0.3,-90.0,20260414-133112,0.0,0.0
247.0,2.7444444444444445,-90.0,-90.0,0,0,0.3,-90.0,20260414-133112,0.0,0.0
244.0,2.7111111111111112,-90.0,-90.0,0,0,0.3,-90.0,20260414-133112,0.0,0.0
241.0,2.6777777777777776,-90.0,-90.0,0,0,0.3,-90.0,20260414-133112,0.0,0.0
238.0,2.6444444444444444,-90.0,-90.0,0,0,0.3,-90.0,20260414-133112,0.0,0.0
235.0,2.611111111111111,-90.0,-90.0,0,0,0.3,-90.0,20260414-133112,0.0,0.0
232.0,2.577777777777778,-90.0,-90.0,0,0,0.3,-90.0,20260414-133112,0.0,0.0
229.0,2.5444444444444443,-90.0,-90.0,0,0,0.3,-90.0,20260414-133112,0.0,0.0
226.0,2.511111111111111,-90.0,-90.0,0,0,0.3,-90.0,20260414-133112,0.0,0.0
223.0,2.477777777777778,-90.0,-90.0,0,0,0.3,-90.0,20260414-133112,0.0,0.0
220.0,2.4444444444444446,-90.0,-90.0,0,0,0.3,-90.0,20260414-133112,0.0,0.0
217.0,2.411111111111111,-90.0,-90.0,0,0,0.3,-90.0,20260414-133112,0.0,0.0
214.0,2.3777777777777778,-90.0,-90.0,0,0,0.3,-90.0,20260414-133112,0.0,0.0
211.0,2.3444444444444446,-90.0,-90.0,0,0,0.3,-90.0,20260414-133112,0.0,0.0
208.0,2.311111111111111,-90.0,-90.0,0,0,0.3,-90.0,20260414-133112,0.0,0.0
205.0,2.2777777777777777,-90.0,-90.0,0,0,0.3,-90.0,20260414-133112,0.0,0.0
202.0,2.2444444444444445,-90.0,-90.0,0,0,0.3,-90.0,20260414-133112,0.0,0.0
199.0,2.2111111111111112,-90.0,-90.0,0,0,0.3,-90.0,20260414-133112,0.0,0.0
153.33333333333326,1.3939393939393934,0.0,-109.99999999999999,0,0,1.2,0.0,20260414-133112,0.0,0.0
149.66666666666663,1.3606060606060602,0.0,-110.0,0,0,1.2,0.0,20260414-133112,0.0,0.0
146.0,1.3272727272727274,0.0,-110.0,0,0,1.2,0.0,20260414-133112,0.0,0.0
142.33333333333337,1.2939393939393944,0.0,-110.0,0,0,1.2,0.0,20260414-133112,0.0,0.0
138.66666666666674,1.2606060606060614,0.0,-110.0,0,0,1.2,0.0,20260414-133112,0.0,0.0
135.0000000000001,1.2272727272727284,0.0,-110.0,0,0,1.2,0.0,20260414-133112,0.0,0.0
131.33333333333348,1.1939393939393954,0.0,-110.0,0,0,1.2,0.0,20260414-133112,0.0,0.0
127.66666666666686,1.1606060606060624,0.0,-110.0,0,0,1.2,0.0,20260414-133112,0.0,0.0
124.00000000000023,1.1272727272727294,0.0,-110.0,0,0,1.2,0.0,20260414-133112,0.0,0.0
120.3333333333336,1.0939393939393964,0.0,-110.0,0,0,1.2,0.0,20260414-133112,0.0,0.0
116.66666666666697,1.0606060606060634,0.0,-110.0,0,0,1.2,0.0,20260414-133112,0.0,0.0
113.00000000000034,1.0272727272727304,0.0,-110.0,0,0,1.2,0.0,20260414-133112,0.0,0.0
109.33333333333371,0.9939393939393973,0.0,-110.0,0,0,1.2,0.0,20260414-133112,0.0,0.0
105.66666666666708,0.9606060606060643,0.0,-110.0,0,0,1.2,0.0,20260414-133112,0.0,0.0
102.00000000000045,0.9272727272727312,0.0,-110.00000000000001,0,0,1.2,0.0,20260414-133112,0.0,0.0
98.33333333333383,0.8939393939393984,0.0,-110.0,0,0,1.2,0.0,20260414-133112,0.0,0.0
94.6666666666672,0.8606060606060655,0.0,-110.0,0,0,1.2,0.0,20260414-133112,0.0,0.0
91.00000000000057,0.8272727272727326,0.0,-109.99999999999999,0,0,1.2,0.0,20260414-133112,0.0,0.0
87.33333333333394,0.7939393939393995,0.0,-110.0,0,0,1.4,0.0,20260414-133112,0.0,0.0
83.66666666666731,0.7606060606060664,0.0,-110.00000000000001,0,0,1.4,0.0,20260414-133112,0.0,0.0
80.00000000000068,0.7272727272727335,0.0,-110.0,0,0,1.4,0.0,20260414-133112,0.0,0.0
76.33333333333405,0.6939393939394005,0.0,-110.0,0,0,1.4,0.0,20260414-133112,0.0,0.0
72.66666666666742,0.6606060606060675,0.0,-110.0,0,0,1.4,0.0,20260414-133112,0.0,0.0
69.0000000000008,0.6272727272727345,0.0,-110.0,0,0,1.4,0.0,20260414-133112,0.0,0.0
65.33333333333417,0.5939393939394015,0.0,-110.0,0,0,1.4,0.0,20260414-133112,0.0,0.0
61.66666666666754,0.5606060606060685,0.0,-110.0,0,0,1.4,0.0,20260414-133112,0.0,0.0
58.00000000000091,0.5272727272727356,0.0,-110.0,0,0,1.4,0.0,20260414-133112,0.0,0.0
54.33333333333428,0.49393939393940256,0.0,-110.0,0,0,1.4,0.0,20260414-133112,0.0,0.0
50.66666666666765,0.4606060606060696,0.0,-109.99999999999999,0,0,1.4,0.0,20260414-133112,0.0,0.0
47.00000000000102,0.4272727272727366,0.0,-110.0,0,0,1.4,0.0,20260414-133112,0.0,0.0
43.333333333334394,0.3939393939394036,0.0,-110.0,0,0,1.4,0.0,20260414-133112,0.0,0.0
39.666666666667766,0.3606060606060706,0.0,-110.0,0,0,1.4,0.0,20260414-133112,0.0,0.0
36.00000000000114,0.3272727272727376,0.0,-110.0,0,0,1.4,0.0,20260414-133112,0.0,0.0
32.33333333333451,0.7583602766950975,0.0,-42.63584779814922,0,0,1.6,0.0,20260414-133112,0.0,0.0
30.862004078100767,0.6991864435581862,0.0,-44.13987765701358,0,0,1.6,0.0,20260414-133112,0.0,0.0
29.390674822867027,0.6658531102248538,0.0,-44.13987765701358,0,0,1.6,0.0,20260414-133112,0.0,0.0
27.919345567633286,0.6325197768915216,0.0,-44.13987765701358,0,0,1.6,0.0,20260414-133112,0.0,0.0
26.448016312399545,0.5991864435581892,0.0,-44.139877657013585,0,0,1.6,0.0,20260414-133112,0.0,0.0
24.976687057165805,0.565853110224857,0.0,-44.13987765701358,0,0,1.6,0.0,20260414-133112,0.0,0.0
23.505357801932064,0.5325197768915246,0.0,-44.13987765701358,0,0,1.6,0.0,20260414-133112,0.0,0.0
22.034028546698323,0.4991864435581923,0.0,-44.13987765701358,0,0,1.6,0.0,20260414-133112,0.0,0.0
20.562699291464583,0.46585311022486003,0.0,-44.13987765701358,0,0,1.6,0.0,20260414-133112,0.0,0.0
19.091370036230842,0.4325197768915277,0.0,-44.13987765701358,0,0,1.6,0.0,20260414-133112,0.0,0.0
17.6200407809971,0.3991864435581954,0.0,-44.13987765701358,0,0,1.6,0.0,20260414-133112,0.0,0.0
16.14871152576336,0.3658531102248631,0.0,-44.13987765701358,0,0,1.6,0.0,20260414-133112,0.0,0.0
14.67738227052962,0.3325197768915308,0.0,-44.13987765701358,0,0,1.6,0.0,20260414-133112,0.0,0.0
13.206053015295879,0.29918644355819846,0.0,-44.139877657013585,0,0,1.6,0.0,20260414-133112,0.0,0.0
11.734723760062138,0.2658531102248662,0.0,-44.13987765701358,0,0,1.6,0.0,20260414-133112,0.0,0.0
10.263394504828398,0.23251977689153386,0.0,-44.13987765701358,0,0,1.6,0.0,20260414-133112,0.0,0.0
8.792065249594657,0.19918644355820156,0.0,-44.13987765701358,0,0,1.6,0.0,20260414-133112,0.0,0.0
7.320735994360916,0.16585311022486926,0.0,-44.13987765701358,0,0,1.6,0.0,20260414-133112,0.0,0.0
5.849406739127176,0.13251977689153696,0.0,-44.13987765701357,0,0,1.6,0.0,20260414-133112,0.0,0.0
179.53551180755298,8.337466896329607,-105.5070281768928,-21.533580167687344,0,0,1.5,74.4929718231072,20260414-133112,0.0,0.0
178.82367328059178,8.444630442291935,-105.97432494045944,-21.176021201000918,0,0,1.5,74.02567505954056,20260414-133112,0.0,0.0
178.1238243856857,8.557801784359574,-106.44532526118505,-20.814203094914948,0,0,1.5,73.55467473881495,20260414-133112,0.0,0.0
177.43610699250678,8.677374691149478,-106.92000893065402,-20.448132448801992,0,0,1.5,73.07999106934598,20260414-133112,0.0,0.0
176.7606627001182,8.803778111555049,-107.39835340087875,-20.077818915962684,0,0,1.5,72.60164659912125,20260414-133112,0.0,0.0
176.0976327335735,8.937480193372421,-107.88033373375598,-19.70327529946959,0,0,1.5,72.11966626624402,20260414-133112,0.0,0.0
175.44715783735867,9.07899286566066,-108.36592255263294,-19.32451764566859,0,0,1.5,71.63407744736706,20260414-133112,0.0,0.0
174.80937816576233,9.228877079305507,-108.85508999620691,-18.941565334936406,0,0,1.5,71.14491000379309,20260414-133112,0.0,0.0
174.18443317027183,9.387748818792515,-109.34780367498605,-18.554441169280885,0,0,1.5,70.65219632501395,20260414-133112,0.0,0.0
173.57246148410817,9.55628602092671,-109.84402863054154,-18.163171456360008,0,0,1.5,70.15597136945846,20260414-133112,0.0,0.0
172.9736008040258,9.735236564243193,-110.34372729778362,-17.76778608948704,0,0,1.5,69.65627270221638,20260414-133112,0.0,0.0
172.38798776951856,9.92542752753435,-110.84685947049408,-17.368318623182045,0,0,1.5,69.15314052950592,20260414-133112,0.0,0.0
171.8157578395876,10.127775959088689,-111.35338227034819,-16.964806343825146,0,0,1.5,68.64661772965181,20260414-133112,0.0,0.0
171.25704516724235,10.343301452267028,-111.86325011965684,-16.557290334964232,0,0,1.5,68.13674988034316,20260414-133112,0.0,0.0
170.71198247191933,10.573140891057289,-112.37641471805742,-16.145815536829428,0,0,1.5,67.62358528194258,20260414-133112,0.0,0.0
170.18070091002045,10.818565815390842,-112.89282502337755,-15.730430799608934,0,0,1.7,67.10717497662245,20260414-133112,0.0,0.0
169.6633299437852,11.08100296580161,-113.41242723689045,-15.3111889300457,0,0,1.7,66.58757276310955,20260414-133112,0.0,0.0
169.15999720872702,11.362058707910665,-113.93516479317363,-14.888146730922266,0,0,1.7,66.06483520682637,20260414-133112,0.0,0.0
168.6708283798781,11.663548219330943,-114.46097835477461,-14.461365033011674,0,0,1.7,65.53902164522539,20260414-133112,0.0,0.0
168.19594703710007,11.987530558751459,-114.98980581187713,-14.030908719086364,0,0,1.7,65.01019418812287,20260414-133112,0.0,0.0
167.73547452973267,12.33635104831266,-115.52158228715012,-13.596846739593648,0,0,1.7,64.47841771284988,20260414-133112,0.0,0.0
167.2895298408635,12.712692812637496,-116.05624014594892,-13.159252119626734,0,0,1.7,63.94375985405107,20260414-133112,0.0,0.0
166.8582294515157,13.119639868726289,-116.59370901202396,-12.718201956843426,0,0,1.7,63.40629098797603,20260414-133112,0.0,0.0
166.4416872050602,13.560754904133928,-117.13391578887564,-12.273777410011391,0,0,1.7,62.86608421112436,20260414-133112,0.0,0.0
166.04001417217017,14.040175894082042,-117.67678468687778,-11.82606367788856,0,0,1.7,62.32321531312222,20260414-133112,0.0,0.0
165.6533185166442,72.98597150667875,-118.22223725627256,2.269659704419851,0,0,1.9,61.77776274372743,20260414-133112,0.0,0.0
164.91574080257794,7.517371372358545,-118.72243694055095,-21.9379531266707,0,0,1.9,61.277563059449044,20260414-133112,0.0,0.0
164.19084453779126,7.617304702517602,-119.22709209771953,-21.554979215092235,0,0,1.9,60.772907902280465,20260414-133112,0.0,0.0
163.4787984182872,7.723306338437986,-119.73618317803397,-21.16694473255223,0,0,1.9,60.26381682196603,20260414-133112,0.0,0.0
162.7797710749852,7.8358004177022345,-120.24968748525413,-20.773853645792403,0,0,1.9,59.750312514745865,20260414-133112,0.0,0.0
162.09393093773122,7.95525154691438,-120.7675790924659,-20.37571407790404,0,0,1.9,59.23242090753411,20260414-133112,0.0,0.0
161.4214460942261,8.082169746329429,-121.28982876067711,-19.97253845943247,0,0,1.9,58.71017123932289,20260414-133112,0.0,0.0
160.7624841439696,8.217116137622748,-121.81640386058143,-19.564343676232742,0,0,1.9,58.18359613941856,20260414-133112,0.0,0.0
160.11721204733982,8.360709508450013,-122.34726829789349,-19.15115121336441,0,0,1.9,57.6527317021065,20260414-133112,0.0,0.0
159.48579596995233,8.513633915643132,-122.88238244266861,-18.732987294286843,0,0,2.3,57.117617557331386,20260414-133112,0.0,0.0
158.86840112246838,8.676647523954957,-123.42170306302714,-18.309883014592437,0,0,2.3,56.57829693697286,20260414-133112,0.0,0.0
158.26519159604726,8.85059292111863,-123.96518326370838,-17.881874469495326,0,0,2.3,56.03481673629161,20260414-133112,0.0,0.0
157.67633019366397,9.036409205142373,-124.51277242988286,-17.449002874276065,0,0,2.3,55.487227570117135,20260414-133112,0.0,0.0
157.1019782575411,9.235146209548558,-125.06441617665132,-17.011314676870796,0,0,2.5,54.93558382334868,20260414-133112,0.0,0.0
156.54229549296977,9.447981321132076,-125.62005630465822,-16.568861661785395,0,0,2.5,54.37994369534178,20260414-133112,0.0,0.0
155.9974397888228,9.676239458733832,-126.17963076224194,-16.12170104451255,0,0,2.5,53.82036923775805,20260414-133112,0.0,0.0
155.46756703509024,9.921416928602843,-126.74307361453722,-15.669895555632449,0,0,2.5,53.25692638546278,20260414-133112,0.0,0.0
154.95283093779523,10.185210063236312,-127.31031501993456,-15.213513513786044,0,0,2.5,52.689684980065444,20260414-133112,0.0,0.0
154.45338283167317,10.469549801436088,-127.88128121428844,-14.752628886725109,0,0,2.5,52.11871878571156,20260414-133112,0.0,0.0
153.96937149102612,10.776643699024527,-128.45589450324897,-14.28732133966376,0,0,2.5,51.54410549675103,20260414-133112,0.0,0.0
153.50094293918715,11.109027302254,-129.03407326307212,-13.817676270184528,0,0,2.5,50.96592673692789,20260414-133112,0.0,0.0
153.0482402570554,11.469627412201108,-129.6157319502404,-13.343784828986374,0,0,2.5,50.3842680497596,20260414-133112,0.0,0.0
152.61140339118467,11.861840580015098,-130.2007811201995,-12.865743925804003,0,0,2.5,49.79921887980048,20260414-133112,0.0,0.0
152.19056896193072,78.36554768782477,-130.7891274554861,1.9420596608115808,0,0,2.7,49.21087254451391,20260414-133112,0.0,0.0
151.43981012975166,6.7861955064625885,-131.3345925180681,-22.315863135026603,0,0,2.7,48.6654074819319,20260414-133112,0.0,0.0
150.70291283675596,6.882369180450924,-131.88544227631752,-21.896952762258255,0,0,2.7,48.114557723682495,20260414-133112,0.0,0.0
149.9800814008283,6.9849431261608315,-132.44165352222748,-21.471911609287876,0,0,2.9,47.558346477772524,20260414-133112,0.0,0.0
149.2715201593522,7.0944038192405054,-133.00319855234073,-21.040741965451375,0,0,2.9,46.99680144765927,20260414-133112,0.0,0.0
148.57743327483246,7.211288318700925,-133.5700450313047,-20.603452075203933,0,0,2.9,46.4299549686953,20260414-133112,0.0,0.0
147.8980245323083,7.336191016904335,-134.1421558599438,-20.160056382326463,0,0,3.1,45.85784414005619,20260414-133112,0.0,0.0
147.23349712870993,7.469771500076305,-134.71948904859488,-19.710575768911525,0,0,3.1,45.280510951405134,20260414-133112,0.0,0.0
146.58405345435426,7.6127637385078755,-135.30199759647493,-19.255037787772615,0,0,3.1,44.69800240352507,20260414-133112,0.0,0.0
145.94989486682314,7.765986876480893,-135.88962937787113,-18.793476886862756,0,0,3.3,44.11037062212887,20260414-133112,0.0,0.0
145.33122145751423,7.930357956494433,-136.48232703595778,-18.32593462423694,0,0,3.3,43.51767296404222,20260414-133112,0.0,0.0
144.72823181120523,8.106906994805946,-137.08002788505758,-17.852459872048843,0,0,3.3,42.91997211494242,20260414-133112,0.0,0.0
144.141122759022,8.296794931312531,-137.68266382217016,-17.373109008037066,0,0,3.3,42.31733617782985,20260414-133112,0.0,0.0
143.57008912525453,8.501335114123368,-138.29016124859226,-16.887946092930726,0,0,3.3,41.709838751407744,20260414-133112,0.0,0.0
143.01532346851576,8.722019158439542,-138.90244100244917,-16.397043032189654,0,0,3.3,41.09755899755083,20260414-133112,0.0,0.0
142.47701581779233,8.960548255294132,-139.5194183029454,-15.900479720491779,0,0,3.3,40.48058169705459,20260414-133112,0.0,0.0
141.95535340398854,9.218871318944041,-140.14100270712527,-15.398344167390825,0,0,3.3,39.858997292874726,20260414-133112,0.0,0.0
141.45052038761716,9.499231781450408,-140.76709807990878,-14.890732602591523,0,0,3.3,39.23290192009122,20260414-133112,0.0,0.0
140.9626975833419,9.804225411054235,-141.39760257813634,-14.377749559328459,0,0,3.3,38.602397421863664,20260414-133112,0.0,0.0
140.4920621821258,10.136872307964682,-142.03240864931598,-13.859507934389116,0,0,3.3,37.967591350684025,20260414-133112,0.0,0.0
140.03878747178754,10.500707306157492,-142.67140304571953,-13.336129023391637,0,0,3.3,37.328596954280464,20260414-133112,0.0,0.0
139.60304255681265,10.899894515341723,-143.31446685441932,-12.807742530014378,0,0,3.5,36.68553314558069,20260414-133112,0.0,0.0
139.18499207830774,11.339373873951903,-143.9614755437941,-12.274486547977288,0,0,3.5,36.03852445620589,20260414-133112,0.0,0.0
138.784795935025,11.82505066019551,-144.61229902696354,-11.736507514694265,0,0,3.5,35.387700973036466,20260414-133112,0.0,0.0
138.40260900641667,12.364043406374446,-145.26680174253184,-11.193960135651205,0,0,3.7,34.73319825746816,20260414-133112,0.0,0.0
138.03858087870995,12.965012351843262,-145.92484275293867,-10.647007278715375,0,0,3.7,34.07515724706133,20260414-133112,0.0,0.0
137.69285557501465,13.638600706817963,-146.5862758606231,-10.09581983774785,0,0,3.7,33.41372413937691,20260414-133112,0.0,0.0
137.3655712904952,14.398036675625404,-147.25094974211063,-9.540576565070355,0,0,3.7,32.74905025788936,20260414-133112,0.0,0.0
137.0568601336503,15.259968984881986,-147.9187081000317,-8.981463872530291,0,0,3.9,32.0812918999683,20260414-133112,0.0,0.0
136.76684787474787,16.245648882906806,-148.58938983297259,-8.418675601111255,0,0,3.9,31.410610167027407,20260414-133112,0.0,0.0
136.49565370246214,17.382638672641026,-149.2628292229516,-7.852412759249037,0,0,3.9,30.73717077704839,20260414-133112,0.0,0.0
136.2433899897499,18.707342364651314,-149.9388561401994,-7.282883230233185,0,0,4.1,30.061143859800616,20260414-133112,0.0,0.0
136.01016206998756,20.268860214050072,-150.61729626480914,-6.71030144929942,0,0,4.1,29.38270373519087,20260414-133112,0.0,0.0
135.7960680243654,22.135052325327987,-151.29797132470807,-6.13488805124626,0,0,4.1,28.702028675291928,20260414-133112,0.0,0.0
135.60119848150475,24.402444350075307,-151.98069934928745,-5.556869489637266,0,0,4.0,28.019300650712555,20260414-133112,0.0,0.0
135.42563643022473,27.213150852806343,-152.66529493791717,-4.976477628876225,0,0,4.0,27.334705062082833,20260414-133112,0.0,0.0
135.26945704633755,30.78539315828322,-153.3515695424623,-4.39394931066331,0,0,4.0,26.648430457537703,20260414-133112,0.0,0.0
135.132727534299,35.47232154441237,-154.0393317628148,-3.8095258965531458,0,0,3.9,25.960668237185203,20260414-133112,0.0,0.0
135.01550698447866,41.88536821900064,-154.72838765435523,-3.223452788538003,0,0,3.9,25.271612345644755,20260414-133112,0.0,0.0
134.9178462467479,51.18320359965248,-155.41854104616772,-2.6359789297687484,0,0,3.9,24.581458953832275,20260414-133112,0.0,0.0
134.83978782101,65.8604409164736,-156.10959386874717,-2.0473562876995963,0,0,3.8,23.890406131252835,20260414-133112,0.0,0.0
134.78136576521797,92.45282640011999,-156.8013464898637,-1.4578393220982484,0,0,3.8,23.198653510136307,20260414-133112,0.0,0.0
134.74260562134208,155.2898719077365,-157.4935980571835,-0.8676844404984614,0,0,3.8,22.50640194281649,20260414-133112,0.0,0.0
134.723524359661,486.10425667685837,-158.1861468461916,-0.2771494437853062,0,0,3.7,21.813853153808406,20260414-133112,0.0,0.0
491.09171687187444,3.2812391072131333,-176.17886990413797,-149.66654389566116,0,0,1.2,-176.17886990413797,20260414-133112,0.0,0.0
486.1029462780135,3.2480560052256395,-176.1395953173964,-149.65965657487004,0,0,1.2,-176.1395953173964,20260414-133112,0.0,0.0
481.11440882618064,3.214876033057851,-176.09950625761812,-149.652553902231,0,0,1.2,-176.09950625761812,20260414-133112,0.0,0.0
476.1261118445042,3.1816992895461795,-176.05857716413993,-149.6452268160189,0,0,1.2,-176.05857716413993,20260414-133112,0.0,0.0
471.1380629711054,3.148525877732841,-176.01678139718354,-149.63766577340562,0,0,1.2,-176.01678139718354,20260414-133112,0.0,0.0
466.15027017064494,3.1153559050919757,-175.97409118039664,-149.6298607195195,0,0,1.2,-175.97409118039664,20260414-133112,0.0,0.0
461.1627417519387,3.0821894837705117,-175.93047753968978,-149.621801054161,0,0,1.2,-175.93047753968978,20260414-133112,0.0,0.0
456.1754863867252,3.049026730844913,-175.88591023808732,-149.61347559596987,0,0,1.2,-175.88591023808732,20260414-133112,0.0,0.0
451.1885131296732,3.015867768595041,-175.84035770628736,-149.60487254381908,0,0,1.2,-175.84035770628736,20260414-133112,0.0,0.0
446.2018314397256,2.982712724796484,-175.79378696859698,-149.59597943518708,0,0,1.2,-175.79378696859698,20260414-133112,0.0,0.0
441.2154512028849,2.9495617330328074,-175.74616356388083,-149.5867831012362,0,0,1.2,-175.74616356388083,20260414-133112,0.0,0.0
436.22938275655537,2.9164149330293534,-175.6974514611274,-149.5772696182957,0,0,1.2,-175.6974514611274,20260414-133112,0.0,0.0
431.24363691556687,2.883272471010314,-175.6476129692015,-149.56742425541793,0,0,1.2,-175.6476129692015,20260414-133112,0.0,0.0
426.2582250000172,2.8501345000810243,-175.59660864031113,-149.5572314176399,0,0,1.2,-175.59660864031113,20260414-133112,0.0,0.0
421.2731588650828,2.8170011806375443,-175.5443971666737,-149.54667458454531,0,0,1.2,-175.5443971666737,20260414-133112,0.0,0.0
416.28845093296223,2.7838726808058682,-175.49093526981645,-149.53573624367624,0,0,1.2,-175.49093526981645,20260414-133112,0.0,0.0
411.30411422713155,2.7507491769132564,-175.4361775818934,-149.52439781829727,0,0,1.2,-175.4361775818934,20260414-133112,0.0,0.0
406.3201624091097,2.71763085399449,-175.3800765183396,-149.51263958895777,0,0,1.2,-175.3800765183396,20260414-133112,0.0,0.0
401.3366098179498,2.684517906336088,-175.32258214111826,-149.50044060823802,0,0,1.2,-175.32258214111826,20260414-133112,0.0,0.0
396.3534715126957,2.6514105380618616,-175.2636420117416,-149.48777860799473,0,0,1.2,-175.2636420117416,20260414-133112,0.0,0.0
391.37076331806554,2.618308963763509,-175.20320103316445,-149.4746298983434,0,0,1.2,-175.20320103316445,20260414-133112,0.0,0.0
386.38850187365216,2.585213409180352,-175.1412012795573,-149.4609692575274,0,0,1.2,-175.1412012795573,20260414-133112,0.0,0.0
381.4067046869592,2.5521241119327245,-175.077581812864,-149.44676981172353,0,0,1.2,-175.077581812864,20260414-133112,0.0,0.0
376.42539019062633,2.5190413223140493,-175.0122784849347,-149.43200290372104,0,0,1.2,-175.0122784849347,20260414-133112,0.0,0.0
371.4445778042335,2.4859653041471224,-174.94522372389608,-149.4166379492845,0,0,1.2,-174.94522372389608,20260414-133112,0.0,0.0
366.46428800111653,2.4528963357107814,-174.87634630327952,-149.40064227986437,0,0,1.2,-174.87634630327952,20260414-133112,0.0,0.0
361.484542380674,2.4198347107438014,-174.8055710922652,-149.3839809701556,0,0,1.2,-174.8055710922652,20260414-133112,0.0,0.0
356.50536374669775,2.38678073953362,-174.73281878522113,-149.36661664881683,0,0,1.2,-174.73281878522113,20260414-133112,0.0,0.0
351.5267761923198,2.3537347500983867,-174.65800560851275,-149.34850929044825,0,0,1.2,-174.65800560851275,20260414-133112,0.0,0.0
346.5488051922345,2.3206970894717935,-174.5810430023297,-149.32961598668243,0,0,1.2,-174.5810430023297,20260414-133112,0.0,0.0
341.57147770293307,2.2876681251012805,-174.501837275019,-149.30989069396196,0,0,1.2,-174.501837275019,20260414-133112,0.0,0.0
336.59482227177125,2.2546482463714486,-174.42028922712163,-149.28928395525782,0,0,1.2,-174.42028922712163,20260414-133112,0.0,0.0
331.6188691557905,2.2216378662659655,-174.33629374197943,-149.26774259261316,0,0,1.2,-174.33629374197943,20260414-133112,0.0,0.0
326.6436504513218,2.1886374231828776,-174.24973933940512,-149.24520936697343,0,0,1.2,-174.24973933940512,20260414-133112,0.0,0.0
321.6692002355297,2.15564738292011,-174.16050768848257,-149.22162260127448,0,0,1.2,-174.16050768848257,20260414-133112,0.0,0.0
316.6955547211948,2.122668240850059,-174.06847307508022,-149.19691576219589,0,0,1.2,-174.06847307508022,20260414-133112,0.0,0.0
311.7227524261989,2.08970052430463,-173.97350181910966,-149.1710169953314,0,0,1.2,-173.97350181910966,20260414-133112,0.0,0.0
306.7508343593629,2.0567447951948696,-173.87545163592932,-149.14384860777017,0,0,1.4,-173.87545163592932,20260414-133112,0.0,0.0
661.4947532989021,3.683293843787671,-3.8524854069806906,179.59326118240458,0,0,3.0,-93.85248540698066,20260414-133112,0.0,0.0
44.847615789195636,1.862322816643803,-82.31155223009716,24.08154772544647,0,0,3.0,-172.31155223009713,20260414-133112,0.0,0.0
46.0359494523064,0.981161408321902,-74.8904248776596,46.91985341233764,0,0,3.0,-164.89042487765957,20260414-133112,0.0,0.0
47.95110678571778,0.7096631611034905,-67.95205253643962,67.56882618953509,0,0,3.0,-157.95205253643962,20260414-133112,0.0,0.0
50.510480516179115,0.5905807041609511,-61.630953706721414,85.52680465227913,0,0,3.0,-151.6309537067214,20260414-133112,0.0,0.0
53.62190449783847,0.5324645633287609,-55.98065001017358,100.70511390019126,0,0,3.0,-145.98065001017355,20260414-133112,0.0,0.0
55.958097197593396,0.5116517388848547,-127.41598861857787,-109.36755012218683,0,0,3.0,142.58401138142213,20260414-133112,0.0,0.0
52.52912184660343,0.5474818734077997,-122.21092772367373,-95.94677814561425,0,0,3.0,147.78907227632627,20260414-133112,0.0,0.0
49.59141701923136,0.6210375358523511,-116.33541000388132,-79.85252767559206,0,0,3.0,153.66458999611868,20260414-133112,0.0,0.0
47.23672979764063,0.7747599451303163,-109.79887635452494,-60.96950428909345,0,0,3.0,160.20112364547506,20260414-133112,0.0,0.0
45.55555555555557,1.15294924554184,-102.68038349181981,-39.51219512195117,0,0,3.0,167.3196165081802,20260414-133112,0.0,0.0
44.62408141323819,2.7657064471879362,-95.14276455788422,-16.134785909260266,0,0,3.0,174.85723544211578,20260414-133112,0.0,0.0
44.489421686231324,5.498079561042505,-87.42342816973115,8.091811184666737,0,0,3.0,-177.42342816973115,20260414-133112,0.0,0.0
45.158705052019705,1.4161865569272973,-79.7960262782683,31.887539696747748,0,0,3.0,-169.79602627826833,20260414-133112,0.0,0.0
46.59730294743795,0.8616304134822652,-72.5155726767793,54.08038321107505,0,0,3.0,-162.5155726767793,20260414-133112,0.0,0.0
48.73713822102514,0.6598079561042525,-65.77225468204585,73.86564191918363,0,0,3.0,-155.77225468204585,20260414-133112,0.0,0.0
51.490859790600794,0.5665189405930147,-59.67236588086615,90.88991753162169,0,0,3.0,-149.67236588086615,20260414-133112,0.0,0.0
54.76594418044219,0.5207133058984912,-54.246112745563266,105.17485065211368,0,0,3.0,-144.24611274556327,20260414-133112,0.0,0.0
54.76594418044219,0.5207133058984914,-125.75388725443673,-105.17485065211362,0,0,3.0,144.24611274556327,20260414-133112,0.0,0.0
51.490859790600794,0.5665189405930151,-120.32763411913385,-90.88991753162162,0,0,3.0,149.67236588086615,20260414-133112,0.0,0.0
48.73713822102514,0.6598079561042529,-114.22774531795415,-73.86564191918357,0,0,3.0,155.77225468204585,20260414-133112,0.0,0.0
46.59730294743795,0.8616304134822663,-107.4844273232207,-54.08038321107499,0,0,3.0,162.5155726767793,20260414-133112,0.0,0.0
45.158705052019705,1.4161865569273,-100.20397372173167,-31.887539696747687,0,0,3.0,169.79602627826833,20260414-133112,0.0,0.0
44.489421686231324,5.498079561042551,-92.57657183026885,-8.09181118466667,0,0,3.2,177.42342816973115,20260414-133112,0.0,0.0
44.62408141323819,2.7657064471879362,84.85723544211578,16.134785909260266,0,0,3.4,-5.14276455788424,20260414-133112,0.0,0.0
44.04063684082245,8.85538016435635,-77.01197226332943,-4.973319724667465,0,0,3.4,-167.01197226332945,20260414-133112,0.0,0.0
44.29565313049341,2.1926782594500405,-69.10817030239366,20.201620068784504,0,0,3.4,-159.10817030239366,20260414-133112,0.0,0.0
45.374995545020816,1.0249782151304476,-61.43821831556801,44.269229214053105,0,0,3.4,-151.438218315568,20260414-133112,0.0,0.0
47.222173782093215,0.7141299309453765,-54.24619659395751,66.12546503908575,0,0,3.4,-144.24619659395754,20260414-133112,0.0,0.0
49.75173679625315,0.5842696790657037,-47.6897809583661,85.15200870223208,0,0,3.4,-137.68978095836613,20260414-133112,0.0,0.0
52.865821409706406,0.5223591432147736,-41.83588386271566,101.20588889160125,0,0,3.4,-131.83588386271566,20260414-133112,0.0,0.0
56.46780475584455,0.49327228725204,-36.68024106154803,114.47593188423342,0,0,3.4,-126.68024106154806,20260414-133112,0.0,0.0
60.47056321969618,0.48253523469845666,-32.174405898563805,125.31844075072596,0,0,3.4,-122.17440589856382,20260414-133112,0.0,0.0
64.79987036879201,0.4830934107127517,-28.248913494902524,134.1352809453287,0,0,3.4,-118.24891349490252,20260414-133112,0.0,0.0
69.39463614040434,0.4910976403091403,-24.828879958293612,141.30517120123244,0,0,3.4,-114.8288799582936,20260414-133112,0.0,0.0
74.20556577405674,0.5042693013328797,-21.842763659317654,147.15463657596706,0,0,3.4,-111.84276365931765,20260414-133112,0.0,0.0
79.19327370540059,0.5211734430293382,-19.226396780611594,151.95185933705105,0,0,3.4,-109.22639678061158,20260414-133112,0.0,0.0
84.32639770588453,0.5408614000258953,-16.92422621659273,155.91128836675563,0,0,3.4,-106.92422621659271,20260414-133112,0.0,0.0
89.57994329907454,0.56268088700331,-14.889108812849656,159.20203683504107,0,0,3.4,-104.88910881284964,20260414-133112,0.0,0.0
404.9999999999999,6.749999999999998,120.0,-60.0,0,0,2.4,119.99999999999999,20260414-133112,0.0,0.0
402.99999999999994,6.716666666666666,15.0,-60.0,0,0,2.4,14.999999999999993,20260414-133112,0.0,0.0
400.9999999999999,6.683333333333332,15.0,-60.0,0,0,2.4,14.99999999999999,20260414-133112,0.0,0.0
398.99999999999983,6.649999999999997,14.999999999999972,-60.0,0,0,2.4,14.999999999999982,20260414-133112,0.0,0.0
396.9999999999998,6.616666666666663,14.999999999999972,-60.0,0,0,2.4,14.99999999999998,20260414-133112,0.0,0.0
394.9999999999997,6.583333333333329,14.999999999999972,-60.0,0,0,2.4,14.999999999999977,20260414-133112,0.0,0.0
392.9999999999996,6.549999999999993,14.999999999999972,-60.00000000000001,0,0,2.4,14.999999999999973,20260414-133112,0.0,0.0
390.99999999999955,6.516666666666659,14.999999999999972,-60.00000000000001,0,0,2.4,14.99999999999997,20260414-133112,0.0,0.0
388.9999999999995,6.483333333333324,14.999999999999972,-60.00000000000001,0,0,2.4,14.999999999999964,20260414-133112,0.0,0.0
386.99999999999943,6.44999999999999,14.999999999999972,-60.0,0,0,2.4,14.999999999999961,20260414-133112,0.0,0.0
384.9999999999994,6.416666666666656,14.999999999999943,-60.0,0,0,2.4,14.999999999999957,20260414-133112,0.0,0.0
382.9999999999993,6.383333333333322,14.999999999999943,-60.0,0,0,2.4,14.999999999999952,20260414-133112,0.0,0.0
380.99999999999926,6.349999999999988,14.999999999999943,-60.0,0,0,2.4,14.999999999999948,20260414-133112,0.0,0.0
378.9999999999992,6.316666666666654,14.999999999999943,-59.99999999999999,0,0,2.4,14.999999999999945,20260414-133112,0.0,0.0
376.99999999999915,6.283333333333319,75.00000000000006,-60.0,0,0,2.6,75.00000000000007,20260414-133112,0.0,0.0
374.9999999999991,6.249999999999985,75.00000000000006,-60.0,0,0,2.6,75.00000000000007,20260414-133112,0.0,0.0
372.99999999999903,6.216666666666651,75.00000000000006,-60.0,0,0,2.6,75.00000000000007,20260414-133112,0.0,0.0
370.999999999999,6.183333333333316,75.00000000000009,-60.00000000000001,0,0,2.8,75.00000000000009,20260414-133112,0.0,0.0
368.9999999999989,6.149999999999982,75.00000000000009,-60.0,0,0,2.8,75.00000000000009,20260414-133112,0.0,0.0
366.99999999999886,6.116666666666648,75.00000000000009,-60.0,0,0,2.8,75.00000000000009,20260414-133112,0.0,0.0
364.99999999999875,6.083333333333312,75.00000000000011,-60.00000000000001,0,0,3.0,75.0000000000001,20260414-133112,0.0,0.0
362.9999999999987,6.049999999999977,75.00000000000011,-60.000000000000014,0,0,3.0,75.0000000000001,20260414-133112,0.0,0.0
360.99999999999864,6.0166666666666435,75.00000000000011,-60.00000000000001,0,0,3.0,75.0000000000001,20260414-133112,0.0,0.0
358.9999999999986,5.9833333333333085,75.00000000000011,-60.00000000000001,0,0,2.9,75.0000000000001,20260414-133112,0.0,0.0
356.9999999999985,5.949999999999974,75.00000000000011,-60.00000000000001,0,0,2.9,75.0000000000001,20260414-133112,0.0,0.0
354.99999999999847,5.916666666666641,75.00000000000011,-60.0,0,0,2.8,75.00000000000011,20260414-133112,0.0,0.0
352.9999999999984,5.883333333333305,75.00000000000011,-60.000000000000014,0,0,2.8,75.00000000000011,20260414-133112,0.0,0.0
350.99999999999835,5.849999999999972,75.00000000000011,-60.0,0,0,2.8,75.00000000000011,20260414-133112,0.0,0.0
348.9999999999983,5.816666666666638,75.00000000000011,-60.0,0,0,2.7,75.00000000000013,20260414-133112,0.0,0.0
346.99999999999824,5.783333333333304,75.00000000000011,-60.0,0,0,2.7,75.00000000000013,20260414-133112,0.0,0.0
344.9999999999982,5.749999999999969,75.00000000000011,-60.00000000000001,0,0,2.7,75.00000000000013,20260414-133112,0.0,0.0
342.9999999999981,5.716666666666636,75.00000000000014,-60.0,0,0,2.6,75.00000000000014,20260414-133112,0.0,0.0
340.99999999999807,5.683333333333301,75.00000000000014,-60.0,0,0,2.6,75.00000000000014,20260414-133112,0.0,0.0
338.99999999999795,5.649999999999965,75.00000000000017,-60.00000000000001,0,0,2.6,75.00000000000016,20260414-133112,0.0,0.0
336.9999999999979,5.61666666666663,75.00000000000017,-60.00000000000002,0,0,2.5,75.00000000000016,20260414-133112,0.0,0.0
334.99999999999784,5.583333333333297,75.00000000000017,-60.00000000000001,0,0,2.5,75.00000000000017,20260414-133112,0.0,0.0
332.9999999999978,5.5499999999999625,75.00000000000017,-60.00000000000001,0,0,2.5,75.00000000000017,20260414-133112,0.0,0.0
330.9999999999977,5.516666666666628,75.00000000000017,-60.00000000000001,0,0,2.5,75.00000000000017,20260414-133112,0.0,0.0
328.99999999999767,5.483333333333293,75.00000000000017,-60.00000000000001,0,0,2.5,75.00000000000018,20260414-133112,0.0,0.0
326.9999999999976,5.449999999999959,75.00000000000017,-60.000000000000014,0,0,2.5,75.00000000000018,20260414-133112,0.0,0.0
324.99999999999756,5.416666666666626,75.0000000000002,-60.0,0,0,2.5,75.0000000000002,20260414-133112,0.0,0.0
322.9999999999975,5.383333333333292,75.0000000000002,-60.0,0,0,2.5,75.0000000000002,20260414-133112,0.0,0.0
320.99999999999744,5.349999999999957,75.00000000000023,-60.0,0,0,2.5,75.00000000000021,20260414-133112,0.0,0.0
318.9999999999974,5.316666666666622,75.00000000000023,-60.000000000000014,0,0,2.5,75.00000000000021,20260414-133112,0.0,0.0
316.9999999999973,5.283333333333289,75.00000000000023,-60.0,0,0,2.5,75.00000000000021,20260414-133112,0.0,0.0
314.99999999999727,5.249999999999955,75.00000000000023,-60.0,0,0,2.5,75.00000000000021,20260414-133112,0.0,0.0
312.9999999999972,5.216666666666621,75.00000000000023,-60.0,0,0,2.5,75.00000000000023,20260414-133112,0.0,0.0
310.9999999999971,5.183333333333285,75.00000000000023,-60.00000000000001,0,0,2.5,75.00000000000023,20260414-133112,0.0,0.0
308.99999999999704,5.14999999999995,75.00000000000023,-60.00000000000001,0,0,2.5,75.00000000000024,20260414-133112,0.0,0.0
306.999999999997,5.116666666666616,75.00000000000023,-60.00000000000001,0,0,2.5,75.00000000000024,20260414-133112,0.0,0.0
304.99999999999693,5.0833333333332815,75.00000000000026,-60.00000000000001,0,0,2.5,75.00000000000026,20260414-133112,0.0,0.0
302.9999999999969,5.049999999999947,75.00000000000026,-60.00000000000001,0,0,2.5,75.00000000000026,20260414-133112,0.0,0.0
300.9999999999968,5.016666666666613,75.00000000000028,-60.00000000000001,0,0,2.5,75.00000000000027,20260414-133112,0.0,0.0
298.99999999999676,4.983333333333278,75.00000000000028,-60.00000000000001,0,0,2.5,75.00000000000027,20260414-133112,0.0,0.0
296.9999999999967,4.949999999999944,75.00000000000028,-60.00000000000001,0,0,2.5,75.00000000000028,20260414-133112,0.0,0.0
294.99999999999665,4.91666666666661,75.00000000000028,-60.00000000000001,0,0,2.5,75.00000000000028,20260414-133112,0.0,0.0
130.0,130000000.0,-90.0,-1.8369701987210297e-14,0,0,4.0,-90.0,20260414-133112,0.0,0.0
125.0,0.8333333333333334,-90.0,-150.0,0,0,4.0,-90.0,20260414-133112,0.0,0.0
120.0,0.8,-90.0,-150.0,0,0,4.0,-90.0,20260414-133112,0.0,0.0
115.0,0.7666666666666667,-90.0,-150.0,0,0,4.0,-90.0,20260414-133112,0.0,0.0
110.0,0.7333333333333333,-90.0,-150.0,0,0,4.0,-90.0,20260414-133112,0.0,0.0
105.0,0.7,-90.0,-150.0,0,0,4.0,-90.0,20260414-133112,0.0,0.0
100.0,0.6666666666666666,-90.0,-150.0,0,0,4.0,-90.0,20260414-133112,0.0,0.0
95.0,0.6333333333333333,-90.0,-150.0,0,0,4.0,-90.0,20260414-133112,0.0,0.0
90.0,0.6,-90.0,-150.0,0,0,4.0,-90.0,20260414-133112,0.0,0.0
85.0,0.5666666666666667,-90.0,-150.0,0,0,4.0,-90.0,20260414-133112,0.0,0.0
80.0,0.5333333333333333,-90.0,-150.0,0,0,4.0,-90.0,20260414-133112,0.0,0.0
75.0,0.5,-90.0,-150.0,0,0,4.2,-90.0,20260414-133112,0.0,0.0
70.0,0.4666666666666667,-90.0,-150.0,0,0,4.2,-90.0,20260414-133112,0.0,0.0
65.0,0.43333333333333335,-90.0,-150.0,0,0,4.2,-90.0,20260414-133112,0.0,0.0
60.0,0.4,-90.0,-150.0,0,0,4.2,-90.0,20260414-133112,0.0,0.0
55.0,0.36666666666666664,-90.0,-150.0,0,0,4.1,-90.0,20260414-133112,0.0,0.0
50.0,0.3333333333333333,-90.0,-150.0,0,0,4.1,-90.0,20260414-133112,0.0,0.0
45.0,0.3,-90.0,-150.0,0,0,4.1,-90.0,20260414-133112,0.0,0.0
40.0,0.26666666666666666,-90.0,-150.0,0,0,4.1,-90.0,20260414-133112,0.0,0.0
35.0,0.601997333046602,-90.0,-58.139792452021666,0,0,4.3,-90.0,20260414-133112,0.0,0.0
32.993641924681185,0.5481514380135208,-90.0,-60.19074225956397,0,0,4.3,-90.0,20260414-133112,0.0,0.0
30.98728384936237,0.5148181046801872,-90.0,-60.19074225956397,0,0,4.3,-90.0,20260414-133112,0.0,0.0
28.980925774043556,0.4814847713468536,-90.0,-60.19074225956397,0,0,4.3,-90.0,20260414-133112,0.0,0.0
26.97456769872474,0.44815143801352,-90.0,-60.19074225956397,0,0,4.3,-90.0,20260414-133112,0.0,0.0
24.968209623405926,0.41481810468018643,-90.0,-60.19074225956397,0,0,4.3,-90.0,20260414-133112,0.0,0.0
22.96185154808711,0.3814847713468528,-90.0,-60.19074225956396,0,0,4.3,-90.0,20260414-133112,0.0,0.0
20.955493472768296,0.3481514380135192,-90.0,-60.19074225956397,0,0,4.3,-90.0,20260414-133112,0.0,0.0
18.94913539744948,0.3148181046801856,-90.0,-60.19074225956397,0,0,4.3,-90.0,20260414-133112,0.0,0.0
16.942777322130667,0.281484771346852,-90.0,-60.19074225956397,0,0,4.3,-90.0,20260414-133112,0.0,0.0
14.936419246811852,0.2481514380135184,-90.0,-60.19074225956397,0,0,4.3,-90.0,20260414-133112,0.0,0.0
12.930061171493037,0.21481810468018483,-90.0,-60.19074225956397,0,0,4.3,-90.0,20260414-133112,0.0,0.0
10.923703096174222,0.1814847713468512,-90.0,-60.190742259563976,0,0,4.3,-90.0,20260414-133112,0.0,0.0
8.917345020855407,0.14815143801351763,-90.0,-60.19074225956397,0,0,4.3,-90.0,20260414-133112,0.0,0.0
6.910986945536592,0.11481810468018402,-90.0,-60.19074225956397,0,0,4.3,-90.0,20260414-133112,0.0,0.0
4.904628870217778,0.08148477134685042,-90.0,-60.190742259563976,0,0,4.3,-90.0,20260414-133112,0.0,0.0
2.8982707948989628,0.04815143801351684,-90.0,-60.19074225956397,0,0,4.3,-90.0,20260414-133112,0.0,0.0
0.891912719580148,0.016613850609910125,-90.0,-53.68488862227544,0,0,4.3,-90.0,20260414-133112,0.0,0.0
1.1144453557386669,0.018515228653150355,90.0,60.190742259563976,0,0,4.3,90.0,20260414-133112,0.0,0.0
3.1208034310574817,0.05184856198648395,90.0,60.19074225956397,0,0,4.3,90.0,20260414-133112,0.0,0.0
5.1271615063762965,0.08518189531981755,90.0,60.19074225956397,0,0,4.3,90.0,20260414-133112,0.0,0.0
7.133519581695111,0.11851522865315114,90.0,60.19074225956397,0,0,4.3,90.0,20260414-133112,0.0,0.0
43.41444119335052,0.6539149585760231,-61.691065298621,66.3915706835803,0,0,12.6,-61.691065298621,20260414-133112,0.0,0.0
45.81209823456864,1.7192656890739748,-56.54571624389682,26.646316811710353,0,0,12.8,-56.54571624389682,20260414-133112,0.0,0.0
43.45169021702205,0.6525516299709851,-118.39998632060849,-66.5873598675312,0,0,12.8,-118.39998632060849,20260414-133112,0.0,0.0
41.43595385175703,0.7664902998236337,-112.71441235316722,-54.05933233765812,0,0,12.8,-112.71441235316722,20260414-133112,0.0,0.0
39.8670630477012,1.0017117958294444,-106.51570258895309,-39.79893539607387,0,0,12.8,-106.51570258895309,20260414-133112,0.0,0.0
38.799261797737636,1.612910052910059,-99.89392066973538,-24.055440492626904,0,0,12.8,-99.89392066973538,20260414-133112,0.0,0.0
38.27451203614409,5.231922398589141,-92.99530328760271,-7.315573343837311,0,0,12.8,-92.99530328760271,20260414-133112,0.0,0.0
38.31513255511522,3.9322751322750853,-86.00908690157017,9.743756798865531,0,0,12.8,-86.00908690157017,20260414-133112,0.0,0.0
38.91935314702336,1.4753727753727686,-79.13918537836263,26.37933530879338,0,0,12.8,-79.13918537836263,20260414-133112,0.0,0.0
40.06168083848879,0.9553203997648418,-72.57013718233212,41.93533483462745,0,0,12.8,-72.57013718233212,20260414-133112,0.0,0.0
41.69791420901911,0.7451640211640198,-66.44055910310261,55.958034774522325,0,0,12.8,-66.44055910310261,20260414-133112,0.0,0.0
43.77270134131605,0.641534391534391,-60.832386620422156,68.23126229697931,0,0,13.0,-60.832386620422156,20260414-133112,0.0,0.0
46.22702966452573,0.5870709537376201,-55.775187392283456,78.74181028752787,0,0,13.0,-55.775187392283456,20260414-133112,0.0,0.0
49.003905110198986,0.5593282723717505,-51.25903630512221,87.61206527680967,0,0,13.2,-51.259036305122216,20260414-133112,0.0,0.0
52.051731153242024,0.5477188779075574,-47.24913144502477,95.0336628017908,0,0,13.4,-47.24913144502477,20260414-133112,0.0,0.0
55.325746914117126,0.5465961199294533,-43.69804732742111,101.21869676143652,0,0,13.4,-43.698047327421115,20260414-133112,0.0,0.0
58.78817383382521,0.5526731422253811,-40.55431164650432,106.37060016542524,0,0,13.4,-40.55431164650431,20260414-133112,0.0,0.0
62.40766018192572,0.7080375880960692,-37.76762129172235,88.1417331949021,0,0,13.6,-37.76762129172234,20260414-133112,0.0,0.0
65.4485245114562,0.6950273817134959,-34.555773383581965,94.16682886665807,0,0,13.6,-34.55577338358196,20260414-133112,0.0,0.0
68.67648833733995,0.6910117998958454,-31.63737134219201,99.38540607800242,0,0,13.6,-31.63737134219202,20260414-133112,0.0,0.0
72.06641463434298,0.6936038860555345,-28.987168415027895,103.90139975163413,0,0,13.6,-28.9871684150279,20260414-133112,0.0,0.0
75.59651820307228,0.7011926319450476,-26.579712504456126,107.8113413618938,0,0,13.5,-26.579712504456136,20260414-133112,0.0,0.0
79.24806867605027,0.7126513712220298,-24.39053767520946,111.20173464362867,0,0,13.5,-24.39053767520947,20260414-133112,0.0,0.0
83.00503955555146,0.7271684850009901,-22.396837951427415,114.14829061993584,0,0,13.5,-22.3968379514274,20260414-133112,0.0,0.0
86.85375163245104,0.7441444769139148,-20.57778571725831,116.71624842617568,0,0,13.5,-20.577785717258312,20260414-133112,0.0,0.0
89.2905541047466,1.3127021626660986,-9.314206358776687,68.02042126859718,0,0,13.5,-9.314206358776687,20260414-133112,0.0,0.0
91.57353388103026,1.3281791439238977,-8.255509412732465,68.94667357182749,0,0,13.5,-8.25550941273246,20260414-133112,0.0,0.0
93.88625276777512,1.3449645199307452,-7.24864077804412,69.80574682565567,0,0,13.5,-7.248640778044122,20260414-133112,0.0,0.0
96.22656653064045,1.3629195673475023,-6.290463899704918,70.60326143670785,0,0,13.7,-6.290463899704913,20260414-133112,0.0,0.0
98.5925101108793,1.3819245043728616,-5.378029012988804,71.34435332675578,0,0,13.7,-5.378029012988818,20260414-133112,0.0,0.0
100.98228205897682,1.401875364566645,-4.508568220514036,72.03370899537349,0,0,13.7,-4.508568220514048,20260414-133112,0.0,0.0
103.39423013834241,1.422681470034931,-3.6794888478321752,72.67560048828342,0,0,13.7,-3.67948884783217,20260414-133112,0.0,0.0
105.8268380806548,1.444263374064455,-2.888365658457957,73.27391941182877,0,0,13.7,-2.888365658457969,20260414-133112,0.0,0.0
108.27871345091144,1.466551174508591,-2.132932376336612,73.83220942644108,0,0,13.7,-2.132932376336602,20260414-133112,0.0,0.0
110.74857656515005,1.4894831222504135,-1.4110728563604198,74.3536968702428,0,0,13.7,-1.4110728563604213,20260414-133112,0.0,0.0
103.99270632981052,0.7987109020524648,158.43557737742407,-130.20068470654175,0,0,13.7,158.43557737742407,20260414-133112,0.0,0.0
99.66744357947323,0.7708478868332995,157.44950092842396,-129.29586405031802,0,0,13.7,157.449500928424,20260414-133112,0.0,0.0
95.37437394338326,0.7435691709190314,156.37430944162327,-128.26563778256582,0,0,13.7,156.37430944162327,20260414-133112,0.0,0.0
91.11804791627553,0.7169736519257465,155.19822166170843,-127.08702428818428,0,0,13.7,155.19822166170846,20260414-133112,0.0,0.0
86.90386448604352,0.6911838810044801,153.9074822100141,-125.731902717043,0,0,13.7,153.90748221001414,20260414-133112,0.0,0.0
82.73826336526592,0.6663535841394728,152.48599024220096,-124.165706217539,0,0,13.7,152.48599024220096,20260414-133112,0.0,0.0
78.62896630598136,0.6426782482831753,150.91486499726568,-122.34577180109581,0,0,13.7,150.9148649972657,20260414-133112,0.0,0.0
74.58528015332351,0.6204103355223559,149.17194827655624,-120.21927405597822,0,0,13.7,149.17194827655626,20260414-133112,0.0,0.0
70.6184766495845,0.5998816712731321,147.23125490670066,-117.72067731242817,0,0,13.7,147.23125490670066,20260414-133112,0.0,0.0
66.74226568390995,0.5815372897375107,145.06240360490528,-114.76867754092862,0,0,13.7,145.06240360490528,20260414-133112,0.0,0.0
62.973378252170114,0.5659882149938149,142.63009956730684,-111.26270226820586,0,0,13.7,142.63009956730681,20260414-133112,0.0,0.0
59.33227000474292,0.5540968083665497,139.89380725908939,-107.07924880428665,0,0,13.9,139.8938072590894,20260414-133112,0.0,0.0
55.84394071782627,0.547120811637227,136.80786128558634,-102.06875616870896,0,0,13.9,136.80786128558634,20260414-133112,0.0,0.0
52.53883060586741,0.5469692776056355,133.32242798691192,-96.05444539016298,0,0,13.9,133.32242798691192,20260414-133112,0.0,0.0
49.453688270173735,0.5566868615868082,129.3859486262417,-88.83573815485505,0,0,13.9,129.3859486262417,20260414-133112,0.0,0.0
46.63219275533336,0.5814457231969477,124.94991533707417,-80.20042266187255,0,0,13.9,124.94991533707417,20260414-133112,0.0,0.0
44.12494843479328,0.630797153993401,119.97688936592158,-69.95108991131386,0,0,13.8,119.97688936592158,20260414-133112,0.0,0.0
41.988287689918046,0.7245506016284997,114.45222171752653,-57.95080094550357,0,0,13.8,114.45222171752654,20260414-133112,0.0,0.0
40.281224999309984,0.9116003289381315,108.39849439841731,-44.18737435761039,0,0,13.8,108.39849439841733,20260414-133112,0.0,0.0
39.060125797471564,1.3542600388648036,101.88905305762091,-28.84241185334935,0,0,13.7,101.88905305762088,20260414-133112,0.0,0.0
38.37141283220006,3.1111464807617244,95.05411703271403,-12.333528192734052,0,0,13.7,95.05411703271403,20260414-133112,0.0,0.0
38.24385929426457,8.121976422013741,88.07257939345658,4.708688785479445,0,0,13.7,88.07257939345658,20260414-133112,0.0,0.0
38.68301669021486,1.7954819497704921,81.14755682918229,21.54464248173563,0,0,13.7,81.14755682918229,20260414-133112,0.0,0.0
39.67006859518814,1.058496405619643,74.47265503679182,37.47775465705555,0,0,13.9,74.4726550367918,20260414-133112,0.0,0.0
41.16562230786726,0.791844090923006,68.20196904157922,51.987029744558576,0,0,13.9,68.2019690415792,20260414-133112,0.0,0.0
43.1167964162063,0.6655152515234165,62.43433234784288,64.7870898788699,0,0,13.9,62.434332347842876,20260414-133112,0.0,0.0
45.464968513733055,0.5997146012134064,57.21370039762712,75.81100813911067,0,0,14.1,57.21370039762713,20260414-133112,0.0,0.0
43.7574199977724,0.6420307046071305,119.13174321708976,-68.15471547353535,0,0,14.1,119.13174321708976,20260414-133112,0.0,0.0
41.685384512867564,0.7461207262515775,113.51991422368582,-55.86949007875711,0,0,14.1,113.51991422368583,20260414-133112,0.0,0.0
40.05229474905703,0.9573757494841868,107.38704427891452,-41.83550165192333,0,0,14.1,107.3870442789145,20260414-133112,0.0,0.0
38.91345400887229,1.48126250667319,100.81544940147876,-26.27046444068117,0,0,14.1,100.81544940147877,20260414-133112,0.0,0.0
38.312961862683665,3.9786370844608587,93.944110241857,-9.629669921974152,0,0,14.1,93.94411024185702,20260414-133112,0.0,0.0
38.276164202253106,5.151565226695579,86.95779914145862,7.430006710175147,0,0,14.1,86.95779914145862,20260414-133112,0.0,0.0
86.90283131363684,0.9413597966116719,-133.16902913226392,92.31627654636907,0,0,4.0,46.8309708677361,20260414-133112,0.0,0.0
90.07380078941756,0.9205964746651426,-130.5545483053944,97.84286956147749,0,0,4.0,49.445451694605595,20260414-133112,0.0,0.0
93.41937330767725,0.9087392199578815,-128.1225563737728,102.80108006343896,0,0,4.0,51.87744362622722,20260414-133112,0.0,0.0
96.9214695099536,0.9037559627600261,-125.86248142929782,107.24296547262627,0,0,4.0,54.13751857070219,20260414-133112,0.0,0.0
100.56373808168027,0.9041891402495237,-123.7630439810388,111.21980303139705,0,0,4.0,56.23695601896119,20260414-133112,0.0,0.0
104.33149957790762,0.9089660686195961,-121.81277658955284,114.780411700462,0,0,4.0,58.18722341044715,20260414-133112,0.0,0.0
108.21164638619685,0.9172797727241657,-120.0003929923171,117.97016526901773,0,0,4.0,59.999607007682904,20260414-133112,0.0,0.0
111.59677414692584,2.0337448559670888,-160.20112364547523,54.87255386018381,0,0,4.0,19.798876354524772,20260414-133112,0.0,0.0
113.53959661721531,1.8420267489712017,-157.6363339845267,61.63840817220966,0,0,4.0,22.363666015473314,20260414-133112,0.0,0.0
115.70203109712449,1.7003200731595856,-155.1626039907862,68.04720647808593,0,0,4.0,24.837396009213798,20260414-133112,0.0,0.0
118.07201192492639,1.5936213991769599,-152.7838884426927,74.090378044563,0,0,4.0,27.216111557307308,20260414-133112,0.0,0.0
120.63730766226487,1.5123830901608721,-150.5025387916318,79.76636901529538,0,0,4.0,29.497461208368208,20260414-133112,0.0,0.0
123.38573661489382,1.450240054869687,-148.3194862870415,85.07952611057952,0,0,4.0,31.680513712958493,20260414-133112,0.0,0.0
126.30534430498157,1.4027856916745824,-146.23444400714223,90.03894540313135,0,0,4.0,33.76555599285776,20260414-133112,0.0,0.0
129.3845431262944,1.3668724279835407,-144.2461127455634,94.65736558690202,0,0,4.0,35.75388725443659,20260414-133112,0.0,0.0
132.6122166318018,1.3401920438957489,-142.35237935989252,98.95015959527474,0,0,4.0,37.64762064010748,20260414-133112,0.0,0.0
130.15673753330776,1.086790634782674,39.00975056017387,-119.7624762007038,0,0,4.0,-140.99024943982613,20260414-133112,0.0,0.0
126.16703699598352,1.0547557995101762,38.65767450768715,-119.61729630173632,0,0,4.0,-141.34232549231282,20260414-133112,0.0,0.0
122.18241149581613,1.0228092411157703,38.282619631397836,-119.45767263749866,0,0,4.0,-141.71738036860216,20260414-133112,0.0,0.0
118.20337427110769,0.990960278466714,37.88229595354926,-119.28164714533318,0,0,4.2,-142.11770404645077,20260414-133112,0.0,0.0
114.23050929928371,0.9592195899181343,37.454104133558985,-119.0869228484302,0,0,4.2,-142.54589586644101,20260414-133112,0.0,0.0
110.26448374715893,0.9275994706089735,36.9950824565434,-118.87079201842339,0,0,4.2,-143.00491754345657,20260414-133112,0.0,0.0
106.3060631047767,0.8961141504916534,36.50184279404482,-118.63004623512732,0,0,4.2,-143.4981572059552,20260414-133112,0.0,0.0
102.3561296904177,0.8647801905056781,35.97049284234447,-118.36086304262497,0,0,4.2,-144.02950715765553,20260414-133112,0.0,0.0
98.41570541901332,0.8336169802528471,35.3965411921198,-118.05866213181325,0,0,4.2,-144.60345880788023,20260414-133112,0.0,0.0
94.48598000019878,0.8026473688667896,34.7747807992165,-117.71792154953172,0,0,4.2,-145.22521920078353,20260414-133112,0.0,0.0
90.56834610187752,0.7718984726068994,34.099145133426816,-117.3319410725156,0,0,4.2,-145.90085486657318,20260414-133112,0.0,0.0
86.66444351760727,0.741402719761692,33.36252957886035,-116.89253520065814,0,0,4.4,-146.63747042113965,20260414-133112,0.0,0.0
82.77621506422702,0.7111992184059707,32.556568412856166,-116.3896316558889,0,0,4.4,-147.44343158714383,20260414-133112,0.0,0.0
78.90597788543869,0.6813355697115462,31.671354730439305,-115.81074200902903,0,0,4.4,-148.3286452695607,20260414-133112,0.0,0.0
75.05651515565503,0.6518703058641535,30.695086800060835,-115.14025793237533,0,0,4.4,-149.30491319993916,20260414-133112,0.0,0.0
71.2311950210044,0.6228762188821916,29.613619300606445,-114.35850793731585,0,0,4.3,-150.38638069939356,20260414-133112,0.0,0.0
67.4341262009467,0.5944449848000007,28.40989148884381,-113.4404830139743,0,0,4.3,-151.5901085111562,20260414-133112,0.0,0.0
63.670363312970075,0.5666937120875745,27.063196521415705,-112.35410232173307,0,0,4.3,-152.9368034785843,20260414-133112,0.0,0.0
59.9461800941608,0.5397744180996752,25.548247307496354,-111.05783839331765,0,0,4.3,-154.45175269250367,20260414-133112,0.0,0.0
56.269435814774894,0.5138880839775064,23.833985958537085,-109.49745201182343,0,0,4.3,-156.16601404146292,20260414-133112,0.0,0.0
52.650069909736466,0.489306094715156,21.882080374361067,-107.60150032544783,0,0,4.3,-158.1179196256389,20260414-133112,0.0,0.0
49.100772617574556,0.46640402622532345,19.645062897942466,-105.2751903000374,0,0,4.3,-160.35493710205756,20260414-133112,0.0,0.0
45.63789475141175,0.4457169556666449,17.064114823568673,-102.39209922618399,0,0,4.3,-162.93588517643133,20260414-133112,0.0,0.0
42.28267444940858,0.9146145498265763,14.066634197610483,-46.23004790097202,0,0,4.5,-165.93336580238955,20260414-133112,0.0,0.0
40.008437146124564,0.5890118061749028,12.815439298445654,-67.9246777852265,0,0,4.5,-167.18456070155435,20260414-133112,0.0,0.0
37.75557175238113,0.5616129269516233,11.414190868046035,-67.2270347431539,0,0,4.5,-168.58580913195394,20260414-133112,0.0,0.0
35.528144125693764,0.5351165576460322,9.836195169971234,-66.39328127311443,0,0,4.4,-170.16380483002874,20260414-133112,0.0,0.0
33.331254444980104,0.5097455218677779,8.048675801765967,-65.38802797688108,0,0,4.4,-171.95132419823403,20260414-133112,0.0,0.0
31.171360123180577,0.4858025727765636,6.011218078028151,-64.16466661554158,0,0,4.4,-173.98878192197188,20260414-133112,0.0,0.0
29.05671234284924,0.4637097633646366,3.67387361373153,-62.66142022116665,0,0,4.4,-176.32612638626847,20260414-133112,0.0,0.0
26.997945173924474,0.44407363049586174,0.974966630703932,-60.79610073621803,0,0,4.4,-179.02503336929607,20260414-133112,0.0,0.0
25.008862953889867,0.4277983613051095,-2.1611825152453434,-58.45946412135349,0,0,4.4,177.83881748475466,20260414-133112,0.0,0.0
23.107468058437885,0.4162939111240782,-5.826016916240093,-55.50758116073094,0,0,4.4,174.1739830837599,20260414-133112,0.0,0.0
21.317237276206267,0.41188713026569623,-10.126617190234128,-51.755045763277785,0,0,4.4,169.87338280976587,20260414-133112,0.0,0.0
19.668548530623656,0.41871178045153806,-15.180959707194717,-46.97395547221797,0,0,4.4,164.81904029280528,20260414-133112,0.0,0.0
18.1999084807036,0.4448850118866569,-21.103891686052407,-40.90924170162958,0,0,4.6,158.8961083139476,20260414-133112,0.0,0.0
16.9581604929174,0.508828194858525,-27.977722540615247,-33.327871105162444,0,0,5.0,152.02227745938475,20260414-133112,0.0,0.0
15.996231340355488,0.6632190781038653,-35.80407575873451,-24.119075986306825,0,0,5.0,144.1959242412655,20260414-133112,0.0,0.0
15.366759517799018,1.1438031215655924,-44.44684190674565,-13.434794177485376,0,0,5.0,135.55315809325435,20260414-133112,0.0,0.0
15.111348393000249,8.431225223881633,-53.599932996274234,-1.792307522540973,0,0,5.0,126.40006700372577,20260414-133112,0.0,0.0
15.248805645835498,1.526955102702364,-62.82444156584344,9.986413889215585,0,0,5.0,117.17555843415656,20260414-133112,0.0,0.0
15.768860713043503,0.7497663288041386,-71.66116894728503,21.031700287467565,0,0,4.9,108.33883105271497,20260414-133112,0.0,0.0
16.635670528816625,0.5415647079148938,-79.75603405406099,30.71778918694034,0,0,4.9,100.24396594593901,20260414-133112,0.0,0.0
17.798645198227256,0.458868399868626,-86.92258578589032,38.78812575309829,0,0,4.9,93.07741421410968,20260414-133112,0.0,0.0
19.204053713590973,0.4240292372696609,-93.12661194124219,45.2894565413615,0,0,4.9,86.87338805875781,20260414-133112,0.0,0.0
20.80281851984642,0.4125008969346234,-98.43191458252846,50.43096554319353,0,0,4.9,81.56808541747154,20260414-133112,0.0,0.0
22.5538579604003,0.4140727685405539,-102.9474696030484,54.4683439094387,0,0,4.9,77.0525303969516,20260414-133112,0.0,0.0
24.424443302135423,0.4237377636117042,-106.79236892780321,57.64046870393401,0,0,4.9,73.20763107219679,20260414-133112,0.0,0.0
26.389164888901135,0.43875214033711774,-110.0777986850477,60.14595135336518,0,0,4.9,69.9222013149523,20260414-133112,0.0,0.0
28.42851187876471,0.4574864799442262,-112.9000803222875,62.14066016165228,0,0,4.9,67.0999196777125,20260414-133112,0.0,0.0
30.527532211785292,0.47891212642984354,-115.33951883921755,63.74349390431923,0,0,4.9,64.66048116078245,20260414-133112,0.0,0.0
32.674727687238345,0.5023476787595845,-117.46178633158898,65.0440503038055,0,0,4.9,62.53821366841102,20260414-133112,0.0,0.0
34.861197729307015,0.527323861683663,-119.32013135938928,66.10965340730199,0,0,4.9,60.67986864061073,20260414-133112,0.0,0.0
176.26400653565094,4.175940860215051,-69.40590977969123,-42.20941158792506,0,0,2.4,-69.40590977969123,20260414-133112,0.0,0.0
174.89711261195822,4.394971264367814,-70.63265245222377,-39.79482506061754,0,0,2.4,-70.63265245222377,20260414-133112,0.0,0.0
173.61163555476344,4.651388888888887,-71.87813975209865,-37.32468724975507,0,0,2.4,-71.87813975209865,20260414-133112,0.0,0.0
172.40939649566667,4.954166666666664,-73.14160123226172,-34.80088743394451,0,0,2.4,-73.14160123226172,20260414-133112,0.0,0.0
171.29214809792072,5.315398550724637,-74.42217422568898,-32.22564525750733,0,0,2.4,-74.42217422568898,20260414-133112,0.0,0.0
170.26156348395253,5.7517857142857105,-75.71890426402918,-29.601513676191704,0,0,2.4,-75.71890426402918,20260414-133112,0.0,0.0
169.31922513406445,6.287061403508769,-77.03074654397129,-26.931377676631005,0,0,2.4,-77.03074654397129,20260414-133112,0.0,0.0
168.46661390317072,6.956127450980387,-78.35656850123833,-24.218448424119554,0,0,2.4,-78.35656850123833,20260414-133112,0.0,0.0
167.70509831248424,7.8124999999999964,-79.69515353123397,-21.466252583997992,0,0,2.4,-79.69515353123397,20260414-133112,0.0,0.0
167.0359242797788,8.942628205128198,-81.04520587114875,-18.678616671549776,0,0,2.4,-81.04520587114875,20260414-133112,0.0,0.0
166.4602054546371,10.495833333333323,-82.40535663140857,-15.859646410922169,0,0,2.4,-82.40535663140857,20260414-133112,0.0,0.0
165.97891432347663,12.754166666666652,-83.77417093557423,-13.013701221050127,0,0,2.6,-83.77417093557423,20260414-133112,0.0,0.0
165.59287424282482,16.322023809523785,-85.15015609821718,-10.145364090585542,0,0,2.6,-85.15015609821718,20260414-133112,0.0,0.0
165.3027525481654,22.770833333333282,-86.53177074108285,-7.259407248226858,0,0,2.6,-86.53177074108285,20260414-133112,0.0,0.0
165.10905486980417,37.86249999999988,-87.91743472026913,-4.360754172857172,0,0,2.6,-87.91743472026913,20260414-133112,0.0,0.0
165.01212076693034,113.45416666666553,-89.30553971245023,-1.4544386126579631,0,0,2.6,-89.30553971245023,20260414-133112,0.0,0.0
165.01212076693034,113.45416666666782,-90.69446028754977,1.4544386126579338,0,0,2.6,-90.69446028754977,20260414-133112,0.0,0.0
165.10905486980417,37.86250000000013,-92.08256527973089,4.360754172857144,0,0,2.6,-92.08256527973089,20260414-133112,0.0,0.0
165.3027525481654,22.77083333333338,-93.46822925891715,7.259407248226828,0,0,2.6,-93.46822925891715,20260414-133112,0.0,0.0
165.59287424282482,16.32202380952383,-94.84984390178282,10.145364090585511,0,0,2.6,-94.84984390178282,20260414-133112,0.0,0.0
165.97891432347663,12.754166666666677,-96.22582906442578,13.0137012210501,0,0,2.8,-96.22582906442578,20260414-133112,0.0,0.0
166.4602054546371,10.49583333333334,-97.59464336859145,15.859646410922142,0,0,2.8,-97.59464336859145,20260414-133112,0.0,0.0
167.0359242797788,8.942628205128212,-98.95479412885126,18.678616671549747,0,0,2.8,-98.95479412885126,20260414-133112,0.0,0.0
167.70509831248424,7.812500000000005,-100.30484646876603,21.466252583997967,0,0,2.8,-100.30484646876603,20260414-133112,0.0,0.0
168.46661390317072,6.956127450980395,-101.64343149876167,24.218448424119526,0,0,2.8,-101.64343149876167,20260414-133112,0.0,0.0
169.31922513406445,6.287061403508776,-102.96925345602871,26.931377676630973,0,0,2.8,-102.96925345602871,20260414-133112,0.0,0.0
170.26156348395253,5.751785714285717,-104.28109573597084,29.601513676191672,0,0,2.8,-104.28109573597084,20260414-133112,0.0,0.0
171.29214809792072,5.315398550724641,-105.57782577431102,32.2256452575073,0,0,2.8,-105.57782577431102,20260414-133112,0.0,0.0
172.40939649566667,4.954166666666669,-106.85839876773828,34.800887433944474,0,0,2.8,-106.85839876773828,20260414-133112,0.0,0.0
173.61163555476344,4.651388888888891,-108.12186024790135,37.32468724975504,0,0,3.0,-108.12186024790135,20260414-133112,0.0,0.0
174.89711261195822,4.394971264367817,-109.36734754777625,39.794825060617505,0,0,3.0,-109.36734754777625,20260414-133112,0.0,0.0
176.26400653565094,4.1759408602150545,-110.59409022030879,42.209411587925025,0,0,3.2,-110.59409022030879,20260414-133112,0.0,0.0
177.71043863543863,3.9875000000000016,-111.80140948635182,44.56688116249243,0,0,3.2,-111.80140948635182,20260414-133112,0.0,0.0
179.2344832893492,3.8244047619047628,-112.98871680208065,46.86598162274033,0,0,3.2,-112.98871680208065,20260414-133112,0.0,0.0
176.9553843494813,1.9898007998540137,54.03129980347504,-88.9312057581161,0,0,3.2,54.031299803475044,20260414-133112,0.0,0.0
174.00857463687635,1.9803304502411392,54.84537656321447,-87.86845378037177,0,0,3.2,54.84537656321449,20260414-133112,0.0,0.0
171.0980989487907,1.9722973622674018,55.687323986104815,-86.7506605353323,0,0,3.2,55.687323986104815,20260414-133112,0.0,0.0
168.22584314091304,1.9658354166052183,56.55821538423004,-85.5747341409794,0,0,3.2,56.558215384230024,20260414-133112,0.0,0.0
165.39379842333898,1.9610956547170997,57.45914556828626,-84.3374457668655,0,0,3.2,57.459145568286246,20260414-133112,0.0,0.0
162.60406585684504,1.958249119464858,58.39122668444088,-83.03543417462677,0,0,3.2,58.391226684440895,20260414-133112,0.0,0.0
159.8588606530849,1.957490279282142,59.355583084041,-81.66521302558341,0,0,3.4,59.355583084040994,20260414-133112,0.0,0.0
157.16051617781014,1.9590411807347228,60.3533450992752,-80.2231814845609,0,0,3.4,60.353345099275195,20260414-133112,0.0,0.0
154.51148753764923,1.963156516878677,61.385641592084454,-78.70563870440394,0,0,3.4,61.385641592084454,20260414-133112,0.0,0.0
151.91435461063793,1.9701298560376037,62.45359114071175,-77.10880282590792,0,0,3.4,62.453591140711765,20260414-133112,0.0,0.0
149.37182435882698,1.9803013532584803,63.55829172945832,-75.42883516846747,0,0,3.4,63.55829172945831,20260414-133112,0.0,0.0
146.88673223831339,1.9940673732106622,64.70080881386858,-73.66187031173877,0,0,3.4,64.70080881386858,20260414-133112,0.0,0.0
144.4620424985878,2.0118926011029954,65.88216164731821,-71.8040527707037,0,0,3.3,65.88216164731821,20260414-133112,0.0,0.0
142.10084714007056,2.034325425910954,67.10330777762448,-69.8515809369285,0,0,3.3,67.10330777762448,20260414-133112,0.0,0.0
139.80636327734052,2.0620176760787126,68.36512565576649,-67.80075888738587,0,0,3.2,68.36512565576649,20260414-133112,0.0,0.0
137.58192863742616,2.095750215518273,69.66839534502051,-65.64805653778858,0,0,3.2,69.66839534502051,20260414-133112,0.0,0.0
135.430994909585,2.136466535784931,71.01377737956722,-63.390178428340356,0,0,3.2,71.0137773795672,20260414-133112,0.0,0.0
167.70509831248424,7.8124999999999964,-79.69515353123397,-21.466252583997992,0,0,3.1,-79.69515353123397,20260414-133112,0.0,0.0
167.0359242797788,8.942628205128198,-81.04520587114875,-18.678616671549776,0,0,3.1,-81.04520587114875,20260414-133112,0.0,0.0
166.4602054546371,10.495833333333323,-82.40535663140857,-15.859646410922169,0,0,3.1,-82.40535663140857,20260414-133112,0.0,0.0
165.97891432347663,12.754166666666652,-83.77417093557423,-13.013701221050127,0,0,3.1,-83.77417093557423,20260414-133112,0.0,0.0
165.59287424282482,16.322023809523785,-85.15015609821718,-10.145364090585542,0,0,3.1,-85.15015609821718,20260414-133112,0.0,0.0
165.3027525481654,22.770833333333282,-86.53177074108285,-7.259407248226858,0,0,3.1,-86.53177074108285,20260414-133112,0.0,0.0
165.10905486980417,37.86249999999988,-87.91743472026913,-4.360754172857172,0,0,3.1,-87.91743472026913,20260414-133112,0.0,0.0
165.01212076693034,113.45416666666553,-89.30553971245023,-1.4544386126579631,0,0,3.1,-89.30553971245023,20260414-133112,0.0,0.0
165.01212076693034,113.45416666666782,-90.69446028754977,1.4544386126579338,0,0,3.1,-90.69446028754977,20260414-133112,0.0,0.0
165.10905486980417,37.86250000000013,-92.08256527973089,4.360754172857144,0,0,3.1,-92.08256527973089,20260414-133112,0.0,0.0
165.3027525481654,22.77083333333338,-93.46822925891715,7.259407248226828,0,0,3.1,-93.46822925891715,20260414-133112,0.0,0.0
165.59287424282482,16.32202380952383,-94.84984390178282,10.145364090585511,0,0,3.1,-94.84984390178282,20260414-133112,0.0,0.0
165.97891432347663,12.754166666666677,-96.22582906442578,13.0137012210501,0,0,3.1,-96.22582906442578,20260414-133112,0.0,0.0
166.4602054546371,10.49583333333334,-97.59464336859145,15.859646410922142,0,0,3.1,-97.59464336859145,20260414-133112,0.0,0.0
167.0359242797788,8.942628205128212,-98.95479412885126,18.678616671549747,0,0,3.1,-98.95479412885126,20260414-133112,0.0,0.0
167.70509831248424,7.812500000000005,-100.30484646876603,21.466252583997967,0,0,3.1,-100.30484646876603,20260414-133112,0.0,0.0
168.46661390317072,6.956127450980395,-101.64343149876167,24.218448424119526,0,0,3.1,-101.64343149876167,20260414-133112,0.0,0.0
169.31922513406445,6.287061403508776,-102.96925345602871,26.931377676630973,0,0,3.1,-102.96925345602871,20260414-133112,0.0,0.0
170.26156348395253,5.751785714285717,-104.28109573597084,29.601513676191672,0,0,3.1,-104.28109573597084,20260414-133112,0.0,0.0
171.29214809792072,5.315398550724641,-105.57782577431102,32.2256452575073,0,0,3.1,-105.57782577431102,20260414-133112,0.0,0.0
172.40939649566667,4.954166666666669,-106.85839876773828,34.800887433944474,0,0,3.1,-106.85839876773828,20260414-133112,0.0,0.0
173.61163555476344,4.651388888888891,-108.12186024790135,37.32468724975504,0,0,3.1,-108.12186024790135,20260414-133112,0.0,0.0
174.89711261195822,4.394971264367817,-109.36734754777625,39.794825060617505,0,0,3.1,-109.36734754777625,20260414-133112,0.0,0.0
176.26400653565094,4.1759408602150545,-110.59409022030879,42.209411587925025,0,0,3.1,-110.59409022030879,20260414-133112,0.0,0.0
177.71043863543863,3.9875000000000016,-111.80140948635182,44.56688116249243,0,0,3.1,-111.80140948635182,20260414-133112,0.0,0.0
179.14948578142528,4.384387431156798,109.86525706728457,40.86077897868566,0,0,3.1,109.8652570672846,20260414-133112,0.0,0.0
180.54764044018174,4.196819867085232,111.01149582255789,43.02010716642346,0,0,3.1,111.0114958225579,20260414-133112,0.0,0.0
182.01692806201655,4.033293874380891,112.13967470972915,45.12860548500351,0,0,3.1,112.13967470972916,20260414-133112,0.0,0.0
183.55564048428903,3.890087190181805,113.24936334483345,47.18548235822716,0,0,3.1,113.24936334483345,20260414-133112,0.0,0.0
185.16204693702736,3.764208246051448,114.34020077298516,49.19017090280733,0,0,3.1,114.34020077298514,20260414-133112,0.0,0.0
184.25254408012933,3.45010162601626,-63.574015975833134,-53.404961375842376,0,0,3.1,-63.574015975833134,20260414-133112,0.0,0.0
182.50753409106156,3.5586538461538453,-64.69862137458028,-51.28555402720996,0,0,3.1,-64.69862137458028,20260414-133112,0.0,0.0
180.83417818543043,3.6825450450450443,-65.84448835471062,-49.10576136162877,0,0,3.3,-65.84448835471062,20260414-133112,0.0,0.0
179.2344832893492,3.8244047619047614,-67.01128319791937,-46.86598162274034,0,0,3.3,-67.01128319791937,20260414-133112,0.0,0.0
177.71043863543863,3.9874999999999985,-68.19859051364818,-44.566881162492464,0,0,3.3,-68.19859051364818,20260414-133112,0.0,0.0
176.26400653565094,4.175940860215051,-69.40590977969123,-42.20941158792506,0,0,3.3,-69.40590977969123,20260414-133112,0.0,0.0
174.89711261195822,4.394971264367814,-70.63265245222377,-39.79482506061754,0,0,3.3,-70.63265245222377,20260414-133112,0.0,0.0
173.61163555476344,4.651388888888887,-71.87813975209865,-37.32468724975507,0,0,3.3,-71.87813975209865,20260414-133112,0.0,0.0
172.40939649566667,4.954166666666664,-73.14160123226172,-34.80088743394451,0,0,3.3,-73.14160123226172,20260414-133112,0.0,0.0
171.29214809792072,5.315398550724637,-74.42217422568898,-32.22564525750733,0,0,3.3,-74.42217422568898,20260414-133112,0.0,0.0
170.26156348395253,5.7517857142857105,-75.71890426402918,-29.601513676191704,0,0,3.2,-75.71890426402918,20260414-133112,0.0,0.0
169.31922513406445,6.287061403508769,-77.03074654397129,-26.931377676631005,0,0,3.2,-77.03074654397129,20260414-133112,0.0,0.0
168.46661390317072,6.956127450980387,-78.35656850123833,-24.218448424119554,0,0,3.2,-78.35656850123833,20260414-133112,0.0,0.0
167.70509831248424,7.8124999999999964,-79.69515353123397,-21.466252583997992,0,0,3.1,-79.69515353123397,20260414-133112,0.0,0.0
167.0359242797788,8.942628205128198,-81.04520587114875,-18.678616671549776,0,0,3.1,-81.04520587114875,20260414-133112,0.0,0.0
166.4602054546371,10.495833333333323,-82.40535663140857,-15.859646410922169,0,0,3.1,-82.40535663140857,20260414-133112,0.0,0.0
165.97891432347663,12.754166666666652,-83.77417093557423,-13.013701221050127,0,0,3.0,-83.77417093557423,20260414-133112,0.0,0.0
165.59287424282482,16.322023809523785,-85.15015609821718,-10.145364090585542,0,0,3.0,-85.15015609821718,20260414-133112,0.0,0.0
165.3027525481654,22.770833333333282,-86.53177074108285,-7.259407248226858,0,0,3.0,-86.53177074108285,20260414-133112,0.0,0.0
165.10905486980417,37.86249999999988,-87.91743472026913,-4.360754172857172,0,0,3.0,-87.91743472026913,20260414-133112,0.0,0.0
165.01212076693034,113.45416666666553,-89.30553971245023,-1.4544386126579631,0,0,3.0,-89.30553971245023,20260414-133112,0.0,0.0
165.01212076693034,113.45416666666782,-90.69446028754977,1.4544386126579338,0,0,3.0,-90.69446028754977,20260414-133112,0.0,0.0
165.10905486980417,37.86250000000013,-92.08256527973089,4.360754172857144,0,0,3.0,-92.08256527973089,20260414-133112,0.0,0.0
165.3027525481654,22.77083333333338,-93.46822925891715,7.259407248226828,0,0,3.0,-93.46822925891715,20260414-133112,0.0,0.0
165.59287424282482,16.32202380952383,-94.84984390178282,10.145364090585511,0,0,3.0,-94.84984390178282,20260414-133112,0.0,0.0
165.97891432347663,12.754166666666677,-96.22582906442578,13.0137012210501,0,0,3.0,-96.22582906442578,20260414-133112,0.0,0.0
166.4602054546371,10.49583333333334,-97.59464336859145,15.859646410922142,0,0,3.0,-97.59464336859145,20260414-133112,0.0,0.0
167.0359242797788,8.942628205128212,-98.95479412885126,18.678616671549747,0,0,3.0,-98.95479412885126,20260414-133112,0.0,0.0
167.70509831248424,7.812500000000005,-100.30484646876603,21.466252583997967,0,0,3.0,-100.30484646876603,20260414-133112,0.0,0.0
168.46661390317072,6.956127450980395,-101.64343149876167,24.218448424119526,0,0,3.0,-101.64343149876167,20260414-133112,0.0,0.0
169.31922513406445,6.287061403508776,-102.96925345602871,26.931377676630973,0,0,3.0,-102.96925345602871,20260414-133112,0.0,0.0
170.26156348395253,5.751785714285717,-104.28109573597084,29.601513676191672,0,0,3.0,-104.28109573597084,20260414-133112,0.0,0.0
171.29214809792072,5.315398550724641,-105.57782577431102,32.2256452575073,0,0,3.0,-105.57782577431102,20260414-133112,0.0,0.0
172.40939649566667,4.954166666666669,-106.85839876773828,34.800887433944474,0,0,3.0,-106.85839876773828,20260414-133112,0.0,0.0
173.61163555476344,4.651388888888891,-108.12186024790135,37.32468724975504,0,0,3.0,-108.12186024790135,20260414-133112,0.0,0.0
174.89711261195822,4.394971264367817,-109.36734754777625,39.794825060617505,0,0,3.0,-109.36734754777625,20260414-133112,0.0,0.0
176.26400653565094,4.1759408602150545,-110.59409022030879,42.209411587925025,0,0,3.0,-110.59409022030879,20260414-133112,0.0,0.0
177.71043863543863,3.9875000000000016,-111.80140948635182,44.56688116249243,0,0,3.0,-111.80140948635182,20260414-133112,0.0,0.0
179.2344832893492,3.8244047619047628,-112.98871680208065,46.86598162274033,0,0,3.0,-112.98871680208065,20260414-133112,0.0,0.0
180.83417818543043,3.682545045045046,-114.1555116452894,49.10576136162875,0,0,3.0,-114.1555116452894,20260414-133112,0.0,0.0
182.50753409106156,3.5586538461538466,-115.30137862541973,51.28555402720994,0,0,3.0,-115.30137862541973,20260414-133112,0.0,0.0
184.25254408012933,3.450101626016261,-116.42598402416688,53.404961375842355,0,0,3.2,-116.42598402416688,20260414-133112,0.0,0.0
186.06719216455113,3.354748062015504,-117.52907187245664,55.463834757464184,0,0,3.2,-117.52907187245664,20260414-133112,0.0,0.0
184.25254408012933,3.45010162601626,-63.574015975833134,-53.404961375842376,0,0,3.2,-63.574015975833134,20260414-133112,0.0,0.0
182.50753409106156,3.5586538461538453,-64.69862137458028,-51.28555402720996,0,0,3.2,-64.69862137458028,20260414-133112,0.0,0.0
180.83417818543043,3.6825450450450443,-65.84448835471062,-49.10576136162877,0,0,3.2,-65.84448835471062,20260414-133112,0.0,0.0
179.2344832893492,3.8244047619047614,-67.01128319791937,-46.86598162274034,0,0,3.1,-67.01128319791937,20260414-133112,0.0,0.0
177.71043863543863,3.9874999999999985,-68.19859051364818,-44.566881162492464,0,0,3.1,-68.19859051364818,20260414-133112,0.0,0.0
176.26400653565094,4.175940860215051,-69.40590977969123,-42.20941158792506,0,0,3.1,-69.40590977969123,20260414-133112,0.0,0.0
174.89711261195822,4.394971264367814,-70.63265245222377,-39.79482506061754,0,0,3.1,-70.63265245222377,20260414-133112,0.0,0.0
173.61163555476344,4.651388888888887,-71.87813975209865,-37.32468724975507,0,0,3.1,-71.87813975209865,20260414-133112,0.0,0.0
172.40939649566667,4.954166666666664,-73.14160123226172,-34.80088743394451,0,0,3.1,-73.14160123226172,20260414-133112,0.0,0.0
171.29214809792072,5.315398550724637,-74.42217422568898,-32.22564525750733,0,0,3.1,-74.42217422568898,20260414-133112,0.0,0.0
170.26156348395253,5.7517857142857105,-75.71890426402918,-29.601513676191704,0,0,3.1,-75.71890426402918,20260414-133112,0.0,0.0
169.31922513406445,6.287061403508769,-77.03074654397129,-26.931377676631005,0,0,3.1,-77.03074654397129,20260414-133112,0.0,0.0
168.46661390317072,6.956127450980387,-78.35656850123833,-24.218448424119554,0,0,3.1,-78.35656850123833,20260414-133112,0.0,0.0
167.70509831248424,7.8124999999999964,-79.69515353123397,-21.466252583997992,0,0,3.1,-79.69515353123397,20260414-133112,0.0,0.0
167.0359242797788,8.942628205128198,-81.04520587114875,-18.678616671549776,0,0,3.1,-81.04520587114875,20260414-133112,0.0,0.0
166.4602054546371,10.495833333333323,-82.40535663140857,-15.859646410922169,0,0,3.1,-82.40535663140857,20260414-133112,0.0,0.0
165.97891432347663,12.754166666666652,-83.77417093557423,-13.013701221050127,0,0,2.9,-83.77417093557423,20260414-133112,0.0,0.0
165.59287424282482,16.322023809523785,-85.15015609821718,-10.145364090585542,0,0,2.9,-85.15015609821718,20260414-133112,0.0,0.0
165.3027525481654,22.770833333333282,-86.53177074108285,-7.259407248226858,0,0,2.9,-86.53177074108285,20260414-133112,0.0,0.0
165.10905486980417,37.86249999999988,-87.91743472026913,-4.360754172857172,0,0,2.9,-87.91743472026913,20260414-133112,0.0,0.0
165.01212076693034,113.45416666666553,-89.30553971245023,-1.4544386126579631,0,0,2.9,-89.30553971245023,20260414-133112,0.0,0.0
165.01212076693034,113.45416666666782,-90.69446028754977,1.4544386126579338,0,0,2.9,-90.69446028754977,20260414-133112,0.0,0.0
165.10905486980417,37.86250000000013,-92.08256527973089,4.360754172857144,0,0,2.9,-92.08256527973089,20260414-133112,0.0,0.0
165.3027525481654,22.77083333333338,-93.46822925891715,7.259407248226828,0,0,2.9,-93.46822925891715,20260414-133112,0.0,0.0
165.59287424282482,16.32202380952383,-94.84984390178282,10.145364090585511,0,0,2.9,-94.84984390178282,20260414-133112,0.0,0.0
165.97891432347663,12.754166666666677,-96.22582906442578,13.0137012210501,0,0,2.9,-96.22582906442578,20260414-133112,0.0,0.0
166.4602054546371,10.49583333333334,-97.59464336859145,15.859646410922142,0,0,2.9,-97.59464336859145,20260414-133112,0.0,0.0
167.0359242797788,8.942628205128212,-98.95479412885126,18.678616671549747,0,0,2.9,-98.95479412885126,20260414-133112,0.0,0.0
167.70509831248424,7.812500000000005,-100.30484646876603,21.466252583997967,0,0,2.9,-100.30484646876603,20260414-133112,0.0,0.0
168.46661390317072,6.956127450980395,-101.64343149876167,24.218448424119526,0,0,2.9,-101.64343149876167,20260414-133112,0.0,0.0
169.31922513406445,6.287061403508776,-102.96925345602871,26.931377676630973,0,0,2.9,-102.96925345602871,20260414-133112,0.0,0.0
170.26156348395253,5.751785714285717,-104.28109573597084,29.601513676191672,0,0,2.9,-104.28109573597084,20260414-133112,0.0,0.0
171.29214809792072,5.315398550724641,-105.57782577431102,32.2256452575073,0,0,2.9,-105.57782577431102,20260414-133112,0.0,0.0
172.40939649566667,4.954166666666669,-106.85839876773828,34.800887433944474,0,0,2.9,-106.85839876773828,20260414-133112,0.0,0.0
173.61163555476344,4.651388888888891,-108.12186024790135,37.32468724975504,0,0,2.9,-108.12186024790135,20260414-133112,0.0,0.0
174.89711261195822,4.394971264367817,-109.36734754777625,39.794825060617505,0,0,2.9,-109.36734754777625,20260414-133112,0.0,0.0
176.26400653565094,4.1759408602150545,-110.59409022030879,42.209411587925025,0,0,2.9,-110.59409022030879,20260414-133112,0.0,0.0
177.71043863543863,3.9875000000000016,-111.80140948635182,44.56688116249243,0,0,2.9,-111.80140948635182,20260414-133112,0.0,0.0
179.2344832893492,3.8244047619047628,-112.98871680208065,46.86598162274033,0,0,2.9,-112.98871680208065,20260414-133112,0.0,0.0
180.83417818543043,3.682545045045046,-114.1555116452894,49.10576136162875,0,0,2.9,-114.1555116452894,20260414-133112,0.0,0.0
182.50753409106156,3.5586538461538466,-115.30137862541973,51.28555402720994,0,0,2.9,-115.30137862541973,20260414-133112,0.0,0.0
184.25254408012933,3.450101626016261,-116.42598402416688,53.404961375842355,0,0,2.9,-116.42598402416688,20260414-133112,0.0,0.0
186.06719216455113,3.354748062015504,-117.52907187245664,55.463834757464184,0,0,2.9,-117.52907187245664,20260414-133112,0.0,0.0
184.25254408012933,3.45010162601626,-63.574015975833134,-53.404961375842376,0,0,2.9,-63.574015975833134,20260414-133112,0.0,0.0
182.50753409106156,3.5586538461538453,-64.69862137458028,-51.28555402720996,0,0,2.9,-64.69862137458028,20260414-133112,0.0,0.0
180.83417818543043,3.6825450450450443,-65.84448835471062,-49.10576136162877,0,0,2.9,-65.84448835471062,20260414-133112,0.0,0.0
179.2344832893492,3.8244047619047614,-67.01128319791937,-46.86598162274034,0,0,2.9,-67.01128319791937,20260414-133112,0.0,0.0
177.71043863543863,3.9874999999999985,-68.19859051364818,-44.566881162492464,0,0,2.9,-68.19859051364818,20260414-133112,0.0,0.0
176.26400653565094,4.175940860215051,-69.40590977969123,-42.20941158792506,0,0,2.9,-69.40590977969123,20260414-133112,0.0,0.0
174.89711261195822,4.394971264367814,-70.63265245222377,-39.79482506061754,0,0,2.9,-70.63265245222377,20260414-133112,0.0,0.0
173.61163555476344,4.651388888888887,-71.87813975209865,-37.32468724975507,0,0,2.9,-71.87813975209865,20260414-133112,0.0,0.0
172.40939649566667,4.954166666666664,-73.14160123226172,-34.80088743394451,0,0,2.9,-73.14160123226172,20260414-133112,0.0,0.0
171.29214809792072,5.315398550724637,-74.42217422568898,-32.22564525750733,0,0,2.9,-74.42217422568898,20260414-133112,0.0,0.0
170.26156348395253,5.7517857142857105,-75.71890426402918,-29.601513676191704,0,0,2.9,-75.71890426402918,20260414-133112,0.0,0.0
169.31922513406445,6.287061403508769,-77.03074654397129,-26.931377676631005,0,0,2.9,-77.03074654397129,20260414-133112,0.0,0.0
168.46661390317072,6.956127450980387,-78.35656850123833,-24.218448424119554,0,0,2.9,-78.35656850123833,20260414-133112,0.0,0.0
167.70509831248424,7.8124999999999964,-79.69515353123397,-21.466252583997992,0,0,2.9,-79.69515353123397,20260414-133112,0.0,0.0
167.0359242797788,8.942628205128198,-81.04520587114875,-18.678616671549776,0,0,2.9,-81.04520587114875,20260414-133112,0.0,0.0
166.4602054546371,10.495833333333323,-82.40535663140857,-15.859646410922169,0,0,2.9,-82.40535663140857,20260414-133112,0.0,0.0
165.97891432347663,12.754166666666652,-83.77417093557423,-13.013701221050127,0,0,2.9,-83.77417093557423,20260414-133112,0.0,0.0
165.59287424282482,16.322023809523785,-85.15015609821718,-10.145364090585542,0,0,2.9,-85.15015609821718,20260414-133112,0.0,0.0
165.3027525481654,22.770833333333282,-86.53177074108285,-7.259407248226858,0,0,2.9,-86.53177074108285,20260414-133112,0.0,0.0
165.10905486980417,37.86249999999988,-87.91743472026913,-4.360754172857172,0,0,2.9,-87.91743472026913,20260414-133112,0.0,0.0
165.01212076693034,113.45416666666553,-89.30553971245023,-1.4544386126579631,0,0,2.9,-89.30553971245023,20260414-133112,0.0,0.0
165.01212076693034,113.45416666666782,-90.69446028754977,1.4544386126579338,0,0,2.9,-90.69446028754977,20260414-133112,0.0,0.0
165.10905486980417,37.86250000000013,-92.08256527973089,4.360754172857144,0,0,2.9,-92.08256527973089,20260414-133112,0.0,0.0
165.3027525481654,22.77083333333338,-93.46822925891715,7.259407248226828,0,0,2.9,-93.46822925891715,20260414-133112,0.0,0.0
165.59287424282482,16.32202380952383,-94.84984390178282,10.145364090585511,0,0,2.9,-94.84984390178282,20260414-133112,0.0,0.0
165.97891432347663,12.754166666666677,-96.22582906442578,13.0137012210501,0,0,2.9,-96.22582906442578,20260414-133112,0.0,0.0
163.73890368378278,1.4580837025204643,1.3337827293272824,-112.29732792482446,0,0,2.9,1.3337827293272837,20260414-133112,0.0,0.0
159.99816809910183,1.4267073897065947,1.0129318149452615,-112.14504757840062,0,0,2.9,1.0129318149452575,20260414-133112,0.0,0.0
156.2626900117545,1.3954304880968864,0.6767299751745668,-111.98170840087379,0,0,2.9,0.6767299751745736,20260414-133112,0.0,0.0
152.5328556852287,1.3642607698117866,0.3240734331538988,-111.80623166806456,0,0,2.9,0.3240734331538884,20260414-133112,0.0,0.0
148.80908949527182,1.3332068388321847,-0.0462473303368256,-111.61740636255686,0,0,2.9,-0.04624733033681188,20260414-133112,0.0,0.0
145.09185865675823,1.3022782453531885,-0.43556017994328045,-111.41386963536978,0,0,2.9,-0.43556017994328755,20260414-133112,0.0,0.0
141.38167865630075,1.271485619535117,-0.8453257117945157,-111.19408390005464,0,0,2.9,-0.8453257117945028,20260414-133112,0.0,0.0
137.67911951350558,1.240840828601995,-1.2771537107334723,-110.95630989884744,0,0,2.9,-1.2771537107334634,20260414-133112,0.0,0.0
133.9848130180981,1.2103571621848177,-1.7328220181184975,-110.69857493654342,0,0,2.9,-1.732822018118504,20260414-133112,0.0,0.0
130.2994611198187,1.1800495520170855,-2.214298210311938,-110.41863529975912,0,0,2.9,-2.214298210311924,20260414-133112,0.0,0.0
126.6238456842765,1.149934833647531,-2.723764559859376,-110.11393165874671,0,0,2.9,-2.723764559859377,20260414-133112,0.0,0.0
122.9588398724373,1.1200320598538962,-3.263646836254594,-109.78153597538699,0,0,2.9,-3.2636468362545954,20260414-133112,0.0,0.0
119.30542145609213,1.0903628780791776,-3.836647603029718,-109.41808810133452,0,0,2.9,-3.8366476030297103,20260414-133112,0.0,0.0
115.66468844896333,1.0609519876859603,-4.445784784633304,-109.01971982845265,0,0,2.9,-4.445784784633316,20260414-133112,0.0,0.0
112.03787751611335,1.0318276974410114,-5.094436411785068,-108.58196363014227,0,0,2.9,-5.094436411785078,20260414-133112,0.0,0.0
108.42638572679331,1.003022609834327,-5.786392608588017,-108.09964268373024,0,0,2.9,-5.786392608588016,20260414-133112,0.0,0.0
104.83179634240274,0.9745744672252545,-6.5259160579172715,-107.56673796397833,0,0,2.9,-6.525916057917283,20260414-133112,0.0,0.0
101.2559094873703,0.9465272062943915,-7.317812369819933,-106.97622721673508,0,0,2.9,-7.317812369819927,20260414-133112,0.0,0.0
97.7007787430271,0.9189322831889802,-8.167511971991644,-106.31988943078055,0,0,2.9,-8.167511971991651,20260414-133112,0.0,0.0
94.16875494033694,0.891850354058515,-9.081165324133963,-105.58806700227923,0,0,2.9,-9.081165324133949,20260414-133112,0.0,0.0
90.66253871457832,0.8653534273807268,-10.065753396715593,-104.76937612531094,0,0,2.9,-10.065753396715595,20260414-133112,0.0,0.0
87.18524373121565,0.8395276501874569,-11.129215392918496,-103.85035407916367,0,0,2.9,-11.129215392918505,20260414-133112,0.0,0.0
83.74047290235725,0.8144769572450342,-12.280595535260346,-102.81503013370586,0,0,2.9,-12.280595535260353,20260414-133112,0.0,0.0
80.33241038640173,0.7903279119832517,-13.530210229278197,-101.6444050227396,0,0,2.9,-13.530210229278202,20260414-133112,0.0,0.0
76.96593268588373,0.7672362193783603,-14.889835804087227,-100.31582287426946,0,0,2.9,-14.889835804087234,20260414-133112,0.0,0.0
73.64674269149036,0.7453956256393298,-16.372914916349146,-98.80222013420477,0,0,2.9,-16.372914916349156,20260414-133112,0.0,0.0
70.3815309798322,0.7250502915676857,-17.994775976749594,-97.07124015860335,0,0,2.9,-17.994775976749604,20260414-133112,0.0,0.0
67.17816889588059,0.7065123314446289,-19.77285369503909,-95.08421283818102,0,0,2.9,-19.772853695039096,20260414-133112,0.0,0.0
64.04593764230266,0.6901872214585032,-21.726888709300283,-92.79502090311209,0,0,2.9,-21.726888709300272,20260414-133112,0.0,0.0
60.99579624777326,0.6766115301255076,-23.87906845326799,-90.1489163751893,0,0,2.9,-23.879068453268,20260414-133112,0.0,0.0
58.04068805982494,0.6665105553140737,-26.25404769146641,-87.08142368799389,0,0,2.9,-26.2540476914664,20260414-133112,0.0,0.0
55.195879014250934,0.6608893024180991,-28.878753311703406,-83.51758579280545,0,0,2.9,-28.87875331170342,20260414-133112,0.0,0.0
52.47930953236365,0.6611817057547256,-31.781833119577357,-79.3719927148613,0,0,2.9,-31.781833119577353,20260414-133112,0.0,0.0
49.91192319447657,0.6695067901828289,-34.992555858749284,-74.55028675787833,0,0,2.9,-34.99255585874928,20260414-133112,0.0,0.0
47.51790719390857,0.6891333136287783,-38.538922469102204,-68.95314194534133,0,0,2.9,-38.538922469102204,20260414-133112,0.0,0.0
45.32474170192671,0.7253819101544235,-42.444737519149726,-62.48397026095911,0,0,2.9,-42.44473751914974,20260414-133112,0.0,0.0
43.362912675969156,0.7875347952355075,-46.72547141247111,-55.06158323201674,0,0,2.9,-46.725471412471094,20260414-133112,0.0,0.0
41.66511082765729,0.8933661532171363,-51.3829977115069,-46.63833600323384,0,0,2.9,-51.38299771150692,20260414-133112,0.0,0.0
40.26474889972728,1.0817331567364554,-56.39978209605029,-37.22244127304406,0,0,2.9,-56.39978209605029,20260414-133112,0.0,0.0
39.19372177753855,1.457012986884513,-61.733793135201026,-26.900049711530233,0,0,2.9,-61.733793135201026,20260414-133112,0.0,0.0
38.47953909199013,2.4278379257348894,-67.31603729111492,-15.849303070896976,0,0,2.9,-67.31603729111492,20260414-133112,0.0,0.0
38.1422509800979,8.79399181536115,-73.05267695127837,-4.337307991744075,0,0,2.9,-73.05267695127837,20260414-133112,0.0,0.0
38.19184428730102,5.227933546701249,-78.83267669723531,7.305342339594108,0,0,2.9,-78.83267669723531,20260414-133112,0.0,0.0
38.62682888151709,2.0624022878810324,-84.5399233732485,18.729046757023983,0,0,2.9,-84.5399233732485,20260414-133112,0.0,0.0
39.434453564851694,1.3315343226440637,-90.06676133206352,29.61579952858116,0,0,2.9,-90.06676133206352,20260414-133112,0.0,0.0
40.59248237808045,1.021973009074859,-95.32519392292599,39.71972059695273,0,0,2.9,-95.32519392292599,20260414-133112,0.0,0.0
42.07199071129134,0.8606017865662603,-100.25312706909413,48.88671086677101,0,0,2.9,-100.25312706909413,20260414-133112,0.0,0.0
43.84044318146299,0.7684248064663699,-104.81516493888962,57.05235282950442,0,0,2.9,-104.81516493888962,20260414-133112,0.0,0.0
45.86442841051298,0.7141219106922492,-108.99927455009784,64.2249281583495,0,0,2.9,-108.99927455009784,20260414-133112,0.0,0.0
48.11170759429499,0.682797226720696,-112.8113510216716,70.46265818237644,0,0,2.9,-112.8113510216716,20260414-133112,0.0,0.0
50.55251033326337,0.6664608967984359,-116.26945546612846,75.85217763879169,0,0,2.9,-116.26945546612846,20260414-133112,0.0,0.0
53.16018692113812,0.6604425690561774,-119.39880891244803,80.49176326884572,0,0,2.9,-119.39880891244803,20260414-133112,0.0,0.0
55.911393518010925,0.6618296838796057,-122.22796938261482,84.48003297504232,0,0,2.9,-122.22796938261482,20260414-133112,0.0,0.0
58.78598179754499,0.66871161417609,-124.78619071626775,87.90931778562626,0,0,2.9,-124.78619071626775,20260414-133112,0.0,0.0
61.76672782183457,0.6797829473807194,-127.10175988979123,90.86242610207972,0,0,2.9,-127.10175988979123,20260414-133112,0.0,0.0
64.83899254979045,0.694121433485668,-129.2010585195849,93.41159834841669,0,0,2.9,-129.2010585195849,20260414-133112,0.0,0.0
67.99037081136458,0.7110570140783148,-131.10811881437627,95.61873304842504,0,0,2.9,-131.10811881437627,20260414-133112,0.0,0.0
71.21035999348562,0.7300911353222921,-132.84449487067658,97.5362616367756,0,0,2.9,-132.84449487067658,20260414-133112,0.0,0.0
74.49006307472604,0.750845176218888,-134.42932149247025,99.2082861207735,0,0,2.9,-134.42932149247025,20260414-133112,0.0,0.0
77.82193072965613,0.7730264304486629,-135.87947482631628,100.6717592883447,0,0,2.9,-135.87947482631628,20260414-133112,0.0,0.0
81.19954179209398,0.7964050454547095,-137.2097801869451,101.95759338231326,0,0,2.9,-137.2097801869451,20260414-133112,0.0,0.0
84.61741872180055,0.8207980110031486,-138.4332339264163,103.09164689420275,0,0,2.9,-138.4332339264163,20260414-133112,0.0,0.0
88.07087369939572,0.8460578049920063,-139.56122036080035,104.0955750065184,0,0,2.9,-139.56122036080035,20260414-133112,0.0,0.0
91.55588083978654,0.8720641891527735,-140.6037137576583,104.9875479105899,0,0,2.9,-140.6037137576583,20260414-133112,0.0,0.0
95.06897031978076,0.898718180211411,-141.5694608940832,105.78284985557664,0,0,2.9,-141.5694608940832,20260414-133112,0.0,0.0
98.60714070551587,0.9259375520037261,-142.4661429364114,106.49437480111949,0,0,2.9,-142.4661429364114,20260414-133112,0.0,0.0
102.16778630131584,0.9536534333988713,-143.30051720197034,107.13303462578061,0,0,2.9,-143.30051720197034,20260414-133112,0.0,0.0
105.74863685383922,0.9818077027205858,-144.07854029065678,107.70809452890836,0,0,2.9,-144.07854029065678,20260414-133112,0.0,0.0
109.34770740312241,1.0103509692800896,-144.8054744739354,108.22744840937449,0,0,2.9,-144.8054744739354,20260414-133112,0.0,0.0
112.96325646568651,1.0392409932651534,-145.48597932422678,108.6978450597598,0,0,2.9,-145.48597932422678,20260414-133112,0.0,0.0
116.59375106533774,1.0684414367994457,-146.12419049653573,109.12507419648425,0,0,2.9,-146.12419049653573,20260414-133112,0.0,0.0
120.23783740062574,1.0979208679282544,-146.72378741999535,109.51411974481469,0,0,2.9,-146.72378741999535,20260414-133112,0.0,0.0
123.89431616185048,1.1276519597240666,-147.28805146893254,109.86928643494495,0,0,2.9,-147.28805146893254,20260414-133112,0.0,0.0
127.56212169286658,1.1576108413272037,-147.8199159890404,110.19430463057542,0,0,2.9,-147.8199159890404,20260414-133112,0.0,0.0
131.24030434092543,1.187776568325179,-148.32200936926864,110.49241737945752,0,0,2.9,-148.32200936926864,20260414-133112,0.0,0.0
134.15320001679993,1.6435749775111113,120.0153868294268,-81.62280507576844,0,0,2.9,120.01538682942677,20260414-133112,0.0,0.0
131.46455926084482,1.6499908225668811,118.74882635915401,-79.675933625089,0,0,2.9,118.748826359154,20260414-133112,0.0,0.0
128.8428223652824,1.6601863280810167,117.43005437437853,-77.6074469389287,0,0,2.9,117.4300543743785,20260414-133112,0.0,0.0
126.29215603099868,1.674727503528385,116.0572608210839,-75.41057023600625,0,0,2.9,116.05726082108387,20260414-133112,0.0,0.0
123.81695256049312,1.694299310416257,114.62873270467867,-73.07855926003633,0,0,2.9,114.6287327046787,20260414-133112,0.0,0.0
121.42182700931316,1.7197386436819986,113.14289255407886,-70.60481396716558,0,0,2.9,113.14289255407886,20260414-133112,0.0,0.0
119.11161015490731,1.752078930894737,111.59834235415337,-67.98301609281974,0,0,2.9,111.5983423541534,20260414-133112,0.0,0.0
116.89133646088807,1.7926114215250988,109.9939129044854,-65.20729203066246,0,0,2.9,109.99391290448541,20260414-133112,0.0,0.0
114.76622618189266,1.8429709377801888,108.32871828004136,-62.272401495449316,0,0,2.9,108.32871828004134,20260414-133112,0.0,0.0
112.74166076015125,1.9052582888500817,106.6022147068025,-59.173951070012905,0,0,2.9,106.6022147068025,20260414-133112,0.0,0.0
110.82315072395112,1.9822190401126318,104.81426272281783,-55.90862991491295,0,0,2.9,104.8142627228178,20260414-133112,0.0,0.0
109.01629542556024,2.077511420320839,102.96519098211297,-52.474462647586506,0,0,2.9,102.96519098211297,20260414-133112,0.0,0.0
107.32673416602849,2.1961199202515,101.05585949794653,-48.87107173716516,0,0,2.9,101.05585949794651,20260414-133112,0.0,0.0
105.76008855745415,2.34501622936499,99.08771955130231,-45.09993885462067,0,0,2.9,99.08771955130231,20260414-133112,0.0,0.0
104.32189637424456,2.53425917743304,97.06286696570072,-41.16465170697836,0,0,2.9,97.0628669657007,20260414-133112,0.0,0.0
103.01753763830494,2.778916222902512,94.98408504185483,-37.07112031276192,0,0,2.9,94.98408504185484,20260414-133112,0.0,0.0
101.85215425067557,3.1026241565709367,92.85487323791978,-32.8277448736311,0,0,2.9,92.85487323791979,20260414-133112,0.0,0.0
100.83056509040362,3.544690914421551,90.67945775719426,-28.445516837638834,0,0,2.9,90.67945775719426,20260414-133112,0.0,0.0
99.95717910135177,4.175663350797245,88.46278063693114,-23.93803587692655,0,0,2.9,88.46278063693111,20260414-133112,0.0,0.0
99.23590941716705,5.136054444328386,86.21046476193465,-19.321428636090634,0,0,2.9,86.21046476193466,20260414-133112,0.0,0.0
98.6700919646249,6.751677119451663,83.9287534512402,-14.614160336600692,0,0,2.9,83.92875345124018,20260414-133112,0.0,0.0
98.26241216897621,9.989329588054318,81.6244248229358,-9.836737420945921,0,0,2.9,81.62442482293578,20260414-133112,0.0,0.0
98.01484330817894,19.55873538705163,79.30468290619791,-5.0113078053638995,0,0,2.9,79.30468290619791,20260414-133112,0.0,0.0
97.92859969738593,607.595221866438,76.97702926250963,-0.16117407802609854,0,0,2.9,76.97702926250965,20260414-133112,0.0,0.0
98.00410723616497,20.897480977757716,74.64912049057199,4.689756977909245,0,0,2.9,74.64912049057199,20260414-133112,0.0,0.0
98.24099296183577,10.32207873055024,72.32861821476865,9.517558965237502,0,0,2.9,72.32861821476867,20260414-133112,0.0,0.0
98.63809420097333,6.898313179475283,70.02303882814829,14.298871569712668,0,0,2.9,70.0230388281483,20260414-133112,0.0,0.0
99.19348680017045,5.217564389331416,67.73961028301869,19.011454272226278,0,0,2.9,67.7396102830187,20260414-133112,0.0,0.0
99.90453085848495,4.227031571211108,65.48514259224436,23.634678183834996,0,0,2.9,65.48514259224436,20260414-133112,0.0,0.0
100.76793148137571,3.57968647902785,63.265917511257214,28.14993214398532,0,0,2.9,63.26591751125723,20260414-133112,0.0,0.0
101.77981140933288,3.127747739319179,61.08760127778868,32.54092717575984,0,0,2.9,61.087601277788664,20260414-133112,0.0,0.0
102.93579198950376,2.79763259556557,58.9551824987544,36.7938921474763,0,0,2.9,58.9551824987544,20260414-133112,0.0,0.0
104.23107886324635,2.548582826994998,56.872935501777135,40.897661931648464,0,0,2.9,56.87293550177714,20260414-133112,0.0,0.0
105.66054891012566,2.3561978094145117,54.844407893766686,44.84366655802175,0,0,2.9,54.844407893766686,20260414-133112,0.0,0.0
107.21883536713457,2.2049767346652427,52.87242981967594,48.62583522152783,0,0,2.9,52.872429819675936,20260414-133112,0.0,0.0
108.90040856435407,2.0846000657685977,50.95914155761926,52.24043227889,0,0,2.9,50.95914155761927,20260414-133112,0.0,0.0
110.69965031554821,1.9879316378930896,49.10603562919664,55.68584362029335,0,0,2.9,49.10603562919664,20260414-133112,0.0,0.0
112.61092061158608,1.9098790371478431,47.314009506133715,58.9623313420707,0,0,2.9,47.31400950613372,20260414-133112,0.0,0.0
114.62861583608219,1.8467108390610179,45.58342518583103,62.0717729118688,0,0,2.9,45.583425185831025,20260414-133112,0.0,0.0
116.74721822170393,1.795630415017626,43.91417230534165,65.01739848317168,0,0,2.9,43.91417230534166,20260414-133112,0.0,0.0
118.96133667296735,1.7545004542989857,42.305731982691384,67.80353711592431,0,0,2.9,42.305731982691384,20260414-133112,0.0,0.0
121.2657393909545,1.721659481793203,40.75723914392367,70.43537974457618,0,0,2.9,40.75723914392366,20260414-133112,0.0,0.0
123.65537895115432,1.6957964189061088,39.267541657210245,72.91876405242058,0,0,2.9,39.26754165721025,20260414-133112,0.0,0.0
126.12541061806355,1.6758628387726677,37.83525511243181,75.25998411089094,0,0,2.9,37.835255112431824,20260414-133112,0.0,0.0
128.6712047433286,1.661010331105885,36.45881253232699,77.4656257903348,0,0,2.9,36.458812532326974,20260414-133112,0.0,0.0
131.28835410319874,1.6505449751778782,35.13650866925394,79.54242754824047,0,0,2.9,35.136508669253956,20260414-133112,0.0,0.0
133.97267700041343,1.6438937065833297,33.866538829154365,81.4971652144483,0,0,2.9,33.86653882915437,20260414-133112,0.0,0.0
136.72021689819755,1.6405791039599087,32.64703237726732,83.33655876037454,0,0,2.9,32.64703237726733,20260414-133112,0.0,0.0
139.52723928045785,1.6402002349426077,31.476081228027397,85.0671986919573,0,0,2.9,31.476081228027393,20260414-133112,0.0,0.0
142.39022635091558,1.6424179279340028,30.35176371547047,86.6954895761691,0,0,2.9,30.351763715470472,20260414-133112,0.0,0.0
145.30587010099313,1.646943320843989,29.27216429153023,88.2276082376229,0,0,2.9,29.272164291530228,20260414-133112,0.0,0.0
148.27106419612454,1.653528866584068,28.235389518144643,89.66947429374449,0,0,2.9,28.23538951814465,20260414-133112,0.0,0.0
151.28289505558374,1.6619612016267813,27.239580814070706,91.02673089329832,0,0,2.9,27.239580814070695,20260414-133112,0.0,0.0
153.6577002694093,2.7219810640175153,-101.76719942751573,-56.45068670779723,0,0,2.9,-101.76719942751573,20260414-133112,0.0,0.0
151.81536153902277,2.807480137822598,-100.46263334864017,-54.07531098573202,0,0,2.9,-100.46263334864017,20260414-133112,0.0,0.0
150.0536364117814,2.9072369286499433,-99.12672793164563,-51.61383130939487,0,0,2.9,-99.12672793164563,20260414-133112,0.0,0.0
148.37539639579174,3.023981195274251,-97.75984480330588,-49.066243079707796,0,0,2.9,-97.75984480330588,20260414-133112,0.0,0.0
146.78350508436534,3.1611870472898222,-96.3625034563212,-46.4330338219648,0,0,2.9,-96.3625034563212,20260414-133112,0.0,0.0
145.2808009618952,3.323345218002486,-94.93539154602087,-43.71523011660432,0,0,2.9,-94.93539154602087,20260414-133112,0.0,0.0
143.8700787010352,3.5163642828468316,-93.47937389047296,-40.914440919232256,0,0,2.9,-93.47937389047296,20260414-133112,0.0,0.0
142.5540690993724,3.748178173811647,-91.99549979211503,-38.03289557988233,0,0,2.9,-91.99549979211503,20260414-133112,0.0,0.0
141.33541786179984,4.02969533941435,-90.48500829295465,-35.07347478093483,0,0,2.9,-90.48500829295465,20260414-133112,0.0,0.0
140.21666349469606,4.376336883767497,-88.94933098521781,-32.039732593434735,0,0,2.9,-88.94933098521781,20260414-133112,0.0,0.0
139.20021463717083,4.810639259306341,-87.39009202758356,-28.935907918658295,0,0,2.9,-87.39009202758356,20260414-133112,0.0,0.0
138.28832720992168,5.366893175193426,-85.80910506557669,-25.76692374819584,0,0,2.9,-85.80910506557669,20260414-133112,0.0,0.0
137.48308181022358,6.099955933973439,-84.2083668239041,-22.538372948649933,0,0,2.9,-84.2083668239041,20260414-133112,0.0,0.0
136.78636181867412,7.103390299151218,-82.59004722769699,-19.256489656075733,0,0,2.9,-82.59004722769699,20260414-133112,0.0,0.0
136.19983270612403,8.5509120834201,-80.95647601631035,-15.928105841505545,0,0,2.9,-80.95647601631035,20260414-133112,0.0,0.0
135.72492303478182,10.80561413503177,-79.31012593339074,-12.56059316376679,0,0,2.9,-79.31012593339074,20260414-133112,0.0,0.0
135.36280763360762,14.774710547602533,-77.65359270462633,-9.161790831534951,0,0,2.9,-77.65359270462633,20260414-133112,0.0,0.0
135.1143933936833,23.539417648438597,-75.98957214293777,-5.7399208175672785,0,0,2.9,-75.98957214293777,20260414-133112,0.0,0.0
134.98030807442726,58.598113981468224,-74.32083484207119,-2.3034923635445854,0,0,2.9,-74.32083484207119,20260414-133112,0.0,0.0
134.9608924378685,118.51131369508666,-72.6501990256962,1.1388017584979637,0,0,2.9,-72.6501990256962,20260414-133112,0.0,0.0
135.0561959386494,29.499882669461392,-70.98050220286041,4.578194342395168,0,0,2.9,-70.98050220286041,20260414-133112,0.0,0.0
135.26597609615715,16.895670219279236,-69.31457233599362,8.005955037037149,0,0,2.9,-69.31457233599362,20260414-133112,0.0,0.0
135.58970156729376,11.879764756967388,-67.65519925050664,11.413500548297597,0,0,2.9,-67.65519925050664,20260414-133112,0.0,0.0
136.0265588295306,9.195643329250222,-66.00510700368578,14.792500530859723,0,0,2.9,-66.00510700368578,20260414-133112,0.0,0.0
136.57546227977426,7.531052755711621,-64.36692788589205,18.13497617264653,0,0,2.9,-64.36692788589205,20260414-133112,0.0,0.0
137.23506746053894,6.402863701184709,-62.74317865235031,21.43338884992142,0,0,2.9,-62.7431786523503,20260414-133112,0.0,0.0
138.00378704549252,5.591563185756467,-61.1362394844808,24.68071672641259,0,0,2.9,-61.13623948448079,20260414-133112,0.0,0.0
138.87980915500623,4.983036569884607,-59.5483360627471,27.870517747017512,0,0,2.9,-59.5483360627471,20260414-133112,0.0,0.0
139.86111753092277,4.512088794848273,-57.98152500617397,30.996978093740253,0,0,2.9,-57.981525006173975,20260414-133112,0.0,0.0
140.94551307899292,4.138767800768012,-56.43768280493376,34.05494578672384,0,0,2.9,-56.437682804933765,20260414-133112,0.0,0.0
142.1306362866109,3.837225414195071,-54.91849824904111,37.039949688862734,0,0,2.9,-54.9184982490411,20260414-133112,0.0,0.0
143.41399004074714,3.589998379081338,-53.42546824443406,39.94820467786563,0,0,2.9,-53.42546824443406,20260414-133112,0.0,0.0
144.7929624036075,3.384863413929718,-51.95989681225856,42.776604163034015,0,0,2.9,-51.95989681225857,20260414-133112,0.0,0.0
