dist,ttc,heading_err,approach_speed,ammo,mines,threat_density,threat_angle,session_id,fire,drop_mine
279.99999999999994,279999999.99999994,60.0,0.0,0,0,2.4,59.99999999999999,20260128-205932,0.0,0.0
279.99999999999994,279999999.99999994,60.0,0.0,0,0,2.4,59.99999999999999,20260128-205932,0.0,0.0
279.99999999999994,279999999.99999994,60.0,0.0,0,0,2.4,59.99999999999999,20260128-205932,0.0,0.0
279.99999999999994,279999999.99999994,60.0,0.0,0,0,2.4,59.99999999999999,20260128-205932,0.0,0.0
279.99999999999994,279999999.99999994,60.0,0.0,0,0,2.4,59.99999999999999,20260128-205932,0.0,0.0
279.99999999999994,279999999.99999994,60.0,0.0,0,0,2.4,59.99999999999999,20260128-205932,0.0,0.0
279.99999999999994,279999999.99999994,60.0,0.0,0,0,2.4,59.99999999999999,20260128-205932,0.0,0.0
279.99999999999994,279999999.99999994,60.0,0.0,0,0,2.4,59.99999999999999,20260128-205932,0.0,0.0
279.99999999999994,279999999.99999994,60.0,0.0,0,0,2.4,59.99999999999999,20260128-205932,0.0,0.0
279.99999999999994,279999999.99999994,60.0,0.0,0,0,2.4,59.99999999999999,20260128-205932,0.0,0.0
279.99999999999994,279999999.99999994,60.0,0.0,0,0,2.6,59.99999999999999,20260128-205932,0.0,0.0
279.99999999999994,279999999.99999994,60.0,0.0,0,0,2.6,59.99999999999999,20260128-205932,0.0,0.0
279.99999999999994,279999999.99999994,60.0,0.0,0,0,2.6,59.99999999999999,20260128-205932,0.0,0.0
279.99999999999994,279999999.99999994,60.0,0.0,0,0,2.6,59.99999999999999,20260128-205932,0.0,0.0
279.99999999999994,279999999.99999994,60.0,0.0,0,0,2.5,59.99999999999999,20260128-205932,0.0,0.0
279.99999999999994,279999999.99999994,60.0,0.0,0,0,2.5,59.99999999999999,20260128-205932,0.0,0.0
279.99999999999994,279999999.99999994,60.0,0.0,0,0,2.5,59.99999999999999,20260128-205932,0.0,0.0
279.99999999999994,279999999.99999994,60.0,0.0,0,0,2.4,59.99999999999999,20260128-205932,0.0,0.0
279.99999999999994,279999999.99999994,60.0,0.0,0,0,2.4,59.99999999999999,20260128-205932,0.0,0.0
279.99999999999994,279999999.99999994,60.0,0.0,0,0,2.4,59.99999999999999,20260128-205932,0.0,0.0
279.99999999999994,279999999.99999994,60.0,0.0,0,0,2.3,59.99999999999999,20260128-205932,0.0,0.0
279.99999999999994,279999999.99999994,60.0,0.0,0,0,2.3,59.99999999999999,20260128-205932,0.0,0.0
279.99999999999994,279999999.99999994,60.0,0.0,0,0,2.3,59.99999999999999,20260128-205932,0.0,0.0
279.99999999999994,279999999.99999994,60.0,0.0,0,0,2.3,59.99999999999999,20260128-205932,0.0,0.0
279.99999999999994,279999999.99999994,60.0,0.0,0,0,2.3,59.99999999999999,20260128-205932,0.0,0.0
279.99999999999994,279999999.99999994,60.0,0.0,0,0,2.3,59.99999999999999,20260128-205932,0.0,0.0
279.99999999999994,279999999.99999994,60.0,0.0,0,0,2.3,59.99999999999999,20260128-205932,0.0,0.0
279.99999999999994,279999999.99999994,60.0,0.0,0,0,2.3,59.99999999999999,20260128-205932,0.0,0.0
279.99999999999994,279999999.99999994,60.0,0.0,0,0,2.3,59.99999999999999,20260128-205932,0.0,0.0
279.99999999999994,279999999.99999994,60.0,0.0,0,0,2.3,59.99999999999999,20260128-205932,0.0,0.0
279.99999999999994,279999999.99999994,60.0,0.0,0,0,2.3,59.99999999999999,20260128-205932,0.0,0.0
279.99999999999994,279999999.99999994,60.0,0.0,0,0,2.3,59.99999999999999,20260128-205932,0.0,0.0
279.99999999999994,279999999.99999994,60.0,0.0,0,0,2.3,59.99999999999999,20260128-205932,0.0,0.0
279.99999999999994,279999999.99999994,60.0,0.0,0,0,2.3,59.99999999999999,20260128-205932,0.0,0.0
279.99999999999994,279999999.99999994,60.0,0.0,0,0,2.3,59.99999999999999,20260128-205932,0.0,0.0
279.99999999999994,279999999.99999994,60.0,0.0,0,0,2.3,59.99999999999999,20260128-205932,0.0,0.0
279.99999999999994,279999999.99999994,60.0,0.0,0,0,2.3,59.99999999999999,20260128-205932,0.0,0.0
279.99999999999994,279999999.99999994,60.0,0.0,0,0,2.3,59.99999999999999,20260128-205932,0.0,0.0
279.99999999999994,279999999.99999994,60.0,0.0,0,0,2.3,59.99999999999999,20260128-205932,0.0,0.0
279.99999999999994,279999999.99999994,60.0,0.0,0,0,2.3,59.99999999999999,20260128-205932,0.0,0.0
279.99999999999994,279999999.99999994,60.0,0.0,0,0,2.3,59.99999999999999,20260128-205932,0.0,0.0
279.99999999999994,279999999.99999994,60.0,0.0,0,0,2.3,59.99999999999999,20260128-205932,0.0,0.0
279.99999999999994,279999999.99999994,60.0,0.0,0,0,2.3,59.99999999999999,20260128-205932,0.0,0.0
279.99999999999994,279999999.99999994,60.0,0.0,0,0,2.3,59.99999999999999,20260128-205932,0.0,0.0
279.99999999999994,279999999.99999994,60.0,0.0,0,0,2.3,59.99999999999999,20260128-205932,0.0,0.0
279.99999999999994,279999999.99999994,60.0,0.0,0,0,2.3,59.99999999999999,20260128-205932,0.0,0.0
279.99999999999994,279999999.99999994,60.0,0.0,0,0,2.3,59.99999999999999,20260128-205932,0.0,0.0
279.99999999999994,279999999.99999994,60.0,0.0,0,0,2.3,59.99999999999999,20260128-205932,0.0,0.0
279.99999999999994,279999999.99999994,60.0,0.0,0,0,2.3,59.99999999999999,20260128-205932,0.0,0.0
279.99999999999994,279999999.99999994,60.0,0.0,0,0,2.3,59.99999999999999,20260128-205932,0.0,0.0
279.99999999999994,279999999.99999994,60.0,0.0,0,0,2.3,59.99999999999999,20260128-205932,0.0,0.0
279.99999999999994,279999999.99999994,60.0,0.0,0,0,2.3,59.99999999999999,20260128-205932,0.0,0.0
279.99999999999994,279999999.99999994,60.0,0.0,0,0,2.3,59.99999999999999,20260128-205932,0.0,0.0
279.99999999999994,279999999.99999994,60.0,0.0,0,0,2.3,59.99999999999999,20260128-205932,0.0,0.0
279.99999999999994,279999999.99999994,60.0,0.0,0,0,2.3,59.99999999999999,20260128-205932,0.0,0.0
279.99999999999994,279999999.99999994,60.0,0.0,0,0,2.3,59.99999999999999,20260128-205932,0.0,0.0
279.99999999999994,279999999.99999994,60.0,0.0,0,0,2.3,59.99999999999999,20260128-205932,0.0,0.0
279.99999999999994,279999999.99999994,60.0,0.0,0,0,2.3,59.99999999999999,20260128-205932,0.0,0.0
279.99999999999994,279999999.99999994,60.0,0.0,0,0,2.3,59.99999999999999,20260128-205932,0.0,0.0
279.99999999999994,279999999.99999994,60.0,0.0,0,0,2.3,59.99999999999999,20260128-205932,0.0,0.0
279.99999999999994,279999999.99999994,60.0,0.0,0,0,2.3,59.99999999999999,20260128-205932,0.0,0.0
279.99999999999994,279999999.99999994,60.0,0.0,0,0,2.3,59.99999999999999,20260128-205932,0.0,0.0
279.99999999999994,279999999.99999994,60.0,0.0,0,0,2.3,59.99999999999999,20260128-205932,0.0,0.0
279.99999999999994,279999999.99999994,60.0,0.0,0,0,2.3,59.99999999999999,20260128-205932,0.0,0.0
279.99999999999994,279999999.99999994,60.0,0.0,0,0,2.3,59.99999999999999,20260128-205932,0.0,0.0
279.99999999999994,279999999.99999994,60.0,0.0,0,0,2.3,59.99999999999999,20260128-205932,0.0,0.0
279.99999999999994,279999999.99999994,60.0,0.0,0,0,2.3,59.99999999999999,20260128-205932,0.0,0.0
279.99999999999994,279999999.99999994,60.0,0.0,0,0,2.3,59.99999999999999,20260128-205932,0.0,0.0
279.99999999999994,279999999.99999994,60.0,0.0,0,0,2.3,59.99999999999999,20260128-205932,0.0,0.0
279.99999999999994,279999999.99999994,60.0,0.0,0,0,2.3,59.99999999999999,20260128-205932,0.0,0.0
279.99999999999994,279999999.99999994,60.0,0.0,0,0,2.3,59.99999999999999,20260128-205932,0.0,0.0
279.99999999999994,279999999.99999994,60.0,0.0,0,0,2.3,59.99999999999999,20260128-205932,0.0,0.0
279.99999999999994,279999999.99999994,60.0,0.0,0,0,2.3,59.99999999999999,20260128-205932,0.0,0.0
279.99999999999994,279999999.99999994,60.0,0.0,0,0,2.3,59.99999999999999,20260128-205932,0.0,0.0
279.99999999999994,279999999.99999994,60.0,0.0,0,0,2.3,59.99999999999999,20260128-205932,0.0,0.0
279.99999999999994,279999999.99999994,60.0,0.0,0,0,2.3,59.99999999999999,20260128-205932,0.0,0.0
279.99999999999994,279999999.99999994,60.0,0.0,0,0,2.3,59.99999999999999,20260128-205932,0.0,0.0
279.99999999999994,279999999.99999994,60.0,0.0,0,0,2.3,59.99999999999999,20260128-205932,0.0,0.0
279.99999999999994,279999999.99999994,60.0,0.0,0,0,2.3,59.99999999999999,20260128-205932,0.0,0.0
279.99999999999994,279999999.99999994,60.0,0.0,0,0,2.3,59.99999999999999,20260128-205932,0.0,0.0
279.99999999999994,279999999.99999994,60.0,0.0,0,0,2.3,59.99999999999999,20260128-205932,0.0,0.0
279.99999999999994,279999999.99999994,60.0,0.0,0,0,2.3,59.99999999999999,20260128-205932,0.0,0.0
279.99999999999994,279999999.99999994,60.0,0.0,0,0,2.3,59.99999999999999,20260128-205932,0.0,0.0
279.99999999999994,279999999.99999994,60.0,0.0,0,0,2.3,59.99999999999999,20260128-205932,0.0,0.0
279.99999999999994,279999999.99999994,60.0,0.0,0,0,2.3,59.99999999999999,20260128-205932,0.0,0.0
279.99999999999994,279999999.99999994,60.0,0.0,0,0,2.3,59.99999999999999,20260128-205932,0.0,0.0
279.99999999999994,279999999.99999994,60.0,0.0,0,0,2.3,59.99999999999999,20260128-205932,0.0,0.0
279.99999999999994,279999999.99999994,60.0,0.0,0,0,2.3,59.99999999999999,20260128-205932,0.0,0.0
279.99999999999994,279999999.99999994,60.0,0.0,0,0,2.3,59.99999999999999,20260128-205932,0.0,0.0
279.99999999999994,279999999.99999994,60.0,0.0,0,0,2.3,59.99999999999999,20260128-205932,0.0,0.0
279.99999999999994,279999999.99999994,60.0,0.0,0,0,2.3,59.99999999999999,20260128-205932,0.0,0.0
279.99999999999994,279999999.99999994,60.0,0.0,0,0,2.3,59.99999999999999,20260128-205932,0.0,0.0
279.99999999999994,279999999.99999994,60.0,0.0,0,0,2.3,59.99999999999999,20260128-205932,0.0,0.0
279.99999999999994,279999999.99999994,60.0,0.0,0,0,2.3,59.99999999999999,20260128-205932,0.0,0.0
279.99999999999994,279999999.99999994,54.0,0.0,0,0,2.3,59.99999999999999,20260128-205932,0.0,0.0
279.99999999999994,279999999.99999994,48.0,0.0,0,0,2.3,59.99999999999999,20260128-205932,0.0,0.0
279.99999999999994,279999999.99999994,42.0,0.0,0,0,2.3,59.99999999999999,20260128-205932,0.0,0.0
279.99999999999994,279999999.99999994,36.0,0.0,0,0,2.3,59.99999999999999,20260128-205932,0.0,0.0
279.99999999999994,279999999.99999994,30.0,0.0,0,0,2.3,59.99999999999999,20260128-205932,0.0,0.0
279.99999999999994,279999999.99999994,24.0,0.0,0,0,2.3,59.99999999999999,20260128-205932,0.0,0.0
279.99999999999994,279999999.99999994,18.0,0.0,0,0,2.3,59.99999999999999,20260128-205932,0.0,0.0
279.99999999999994,279999999.99999994,12.0,0.0,0,0,2.3,59.99999999999999,20260128-205932,0.0,0.0
279.99999999999994,279999999.99999994,6.0,0.0,0,0,2.3,59.99999999999999,20260128-205932,0.0,0.0
279.99999999999994,279999999.99999994,0.0,0.0,0,0,2.3,59.99999999999999,20260128-205932,0.0,0.0
279.99999999999994,279999999.99999994,-6.0,0.0,0,0,2.3,59.99999999999999,20260128-205932,0.0,0.0
279.99999999999994,279999999.99999994,-12.0,0.0,0,0,2.3,59.99999999999999,20260128-205932,0.0,0.0
279.9167047424015,56.06018472468311,-3.0002976260003607,-4.993146314395841,0,0,2.3,74.99970237399965,20260128-205932,0.0,0.0
279.6683413494545,28.315909766190607,-9.005945401229724,-9.87672102569632,0,0,2.3,74.99405459877029,20260128-205932,0.0,0.0
279.25615918095957,18.617078007800178,0.016034903486684016,-14.999999412580046,0,0,2.3,90.01603490348667,20260128-205932,0.0,0.0
278.67396041408597,14.010204868639411,-5.9905041437954765,-19.890784112505926,0,0,2.3,90.00949585620452,20260128-205932,0.0,0.0
277.93376568461554,11.366349657622955,-12.014950474953139,-24.452332899878414,0,0,2.3,89.98504952504686,20260128-205932,0.0,0.0
277.0492797044712,9.71377828153846,-18.064331428483285,-28.5212686222227,0,0,2.3,89.9356685715167,20260128-205932,0.0,0.0
275.98759447537395,7.895580263540467,-2.915592763701511,-34.95469430534521,0,0,2.3,105.08440723629849,20260128-205932,0.0,0.0
274.7392198929344,6.8774641602712405,-2.9288523133123476,-39.94775014314272,0,0,2.3,105.07114768668765,20260128-205932,0.0,0.0
273.32441332716803,6.081902828575647,-2.9440262257168683,-44.9406083969249,0,0,2.3,105.05597377428313,20260128-205932,0.0,0.0
271.74318186618297,5.442130121657973,-2.961172282517367,-49.93323860168837,0,0,2.3,105.03882771748263,20260128-205932,1.0,0.0
269.9955336502106,4.915658529993214,-2.9803568405324654,-54.92560803457259,0,0,2.3,105.01964315946753,20260128-205932,1.0,0.0
268.0814779531669,4.47416308520237,-3.0016554960052417,-59.91768132900799,0,0,2.3,104.99834450399477,20260128-205932,1.0,0.0
266.0010252779132,4.098034231794999,-3.0251538603162658,-64.90942003707978,0,0,2.3,104.97484613968372,20260128-205932,1.0,0.0
263.75418746711006,3.7732651829000843,-3.050948462620539,-69.90078212960158,0,0,2.3,104.94905153737946,20260128-205932,1.0,0.0
261.3409778319459,3.489584334185594,-3.0791477979458364,-74.89172142129591,0,0,2.3,104.92085220205416,20260128-205932,1.0,0.0
258.761411301481,3.2392880230785135,-3.1098735430455804,-79.88218690586292,0,0,2.3,104.89012645695443,20260128-205932,1.0,0.0
256.0155045959103,3.0164852558873867,-3.143261966845756,-84.87212198244141,0,0,2.3,104.85673803315424,20260128-205932,1.0,0.0
253.10327642772745,2.816594193177179,-3.179465567868988,-89.86146355085022,0,0,2.3,104.82053443213103,20260128-205932,1.0,0.0
250.02474773561335,2.635997640459034,-3.2186549778132303,-94.85014094780217,0,0,2.3,104.78134502218676,20260128-205932,1.0,0.0
246.77994195690076,2.4718018924534313,-3.261021178843862,-99.83807468969728,0,0,2.3,104.73897882115615,20260128-205932,1.0,0.0
243.3688853457509,2.408010465569284,-3.3067780925484556,-101.06637359992347,0,0,2.5,104.69322190745154,20260128-205932,1.0,0.0
239.91686854673526,2.262203359859787,-3.3462401554369023,-106.05450986581751,0,0,2.5,104.6537598445631,20260128-205932,1.0,0.0
236.29859351618484,2.128013816580925,-3.389241800100791,-111.04185117361939,0,0,2.5,104.61075819989921,20260128-205932,1.0,0.0
232.5140884590044,2.003943027882096,-3.4360405317692653,-116.02829283262666,0,0,2.5,104.56395946823073,20260128-205932,1.0,0.0
228.56338531497835,1.8887395143921175,-3.4869270942675996,-121.01371500587283,0,0,2.5,104.5130729057324,20260128-205932,1.0,0.0
224.44652031017654,1.7813501504232554,-3.542230419488078,-125.9979798226908,0,0,2.5,104.45776958051192,20260128-205932,1.0,0.0
220.16353461496038,1.6808823867496994,-3.602323529111942,-130.98092784509913,0,0,2.5,104.39767647088806,20260128-205932,1.0,0.0
215.7144751328719,1.5865747944637731,-3.6676306055267105,-135.96237371574946,0,0,2.5,104.33236939447328,20260128-205932,1.0,0.0
211.09939545127529,1.4977738682058406,-3.738635507596058,-140.94210076194472,0,0,2.5,104.26136449240394,20260128-205932,1.0,0.0
206.31835699327564,1.4139155911461774,-3.815892084098323,-145.91985425807889,0,0,2.5,104.18410791590168,20260128-205932,1.0,0.0
201.3714304219221,1.334510660369737,-3.9000367399296465,-150.89533295007962,0,0,2.5,104.09996326007034,20260128-205932,1.0,0.0
196.25869736306583,1.2591325534975817,-3.9918038469901376,-155.86817830887156,0,0,2.5,104.00819615300986,20260128-205932,1.0,0.0
190.98025253401332,1.1874078208724477,-4.092044776498966,-160.837960788982,0,0,2.5,103.90795522350103,20260128-205932,1.0,0.0
185.66364097101757,1.17390770591939,-4.198862435682884,-158.15863549989058,0,0,2.5,103.80113756431713,20260128-205932,1.0,0.0
180.43635016990405,1.160521271686855,-4.309855403486324,-155.47870993147245,0,0,2.5,103.69014459651369,20260128-205932,1.0,0.0
175.29840066279118,1.1472547137257008,-4.425227946203989,-152.79815246390314,0,0,2.5,103.57477205379601,20260128-205932,1.0,0.0
170.24981406105576,1.1341146805266344,-4.545195411939062,-150.11692995808767,0,0,2.5,103.45480458806094,20260128-205932,1.0,0.0
165.27841363723945,1.1175792763336136,1.4221889435075354,-147.8896550224697,0,0,2.5,103.42218894350755,20260128-205932,1.0,0.0
160.40936200983015,1.1142197375581488,7.575655376177906,-143.96564394144804,0,0,2.5,103.57565537617789,20260128-205932,1.0,0.0
155.70015533151053,1.1258813890006252,13.92381373156337,-138.29179241493267,0,0,2.5,103.92381373156337,20260128-205932,1.0,0.0
151.2096932090711,1.1556974196579408,20.472769138951577,-130.83847955101052,0,0,2.5,104.47276913895158,20260128-205932,1.0,0.0
146.8999005565681,1.149938346278762,21.136371050009814,-127.7458926662816,0,0,2.5,105.13637105000983,20260128-205932,1.0,0.0
142.69351587999137,1.144901209716536,21.826708772876998,-124.633911353208,0,0,2.5,105.82670877287698,20260128-205932,1.0,0.0
138.59119427000766,1.1406492053407968,22.544771199965,-121.50203026582581,0,0,2.4,106.544771199965,20260128-205932,1.0,0.0
134.59360643333807,1.13725230217211,23.29154031938549,-118.34982103467212,0,0,2.4,107.29154031938549,20260128-205932,1.0,0.0
130.70143578575716,1.1347880988193932,24.067981628610767,-115.17695323182878,0,0,2.4,108.06798162861075,20260128-205932,1.0,0.0
126.91537479518335,1.1333428040925226,24.875032886252995,-111.98321843743085,0,0,2.4,108.875032886253,20260128-205932,1.0,0.0
123.23612046801307,1.1330123629342308,25.713591048701858,-108.76855760766901,0,0,2.4,109.71359104870187,20260128-205932,1.0,0.0
119.6643688661086,1.1339037521707314,26.584497251235405,-105.53309188458421,0,0,2.4,110.58449725123539,20260128-205932,1.0,0.0
116.20080853855133,1.1361364752457128,27.488519716065042,-102.27715690002869,0,0,2.4,111.48851971606504,20260128-205932,1.0,0.0
112.84611275245466,1.139844290768829,28.42633450493844,-99.00134050444693,0,0,2.4,112.42633450493845,20260128-205932,1.0,0.0
109.60093041200716,1.145177216620253,29.398504083815965,-95.70652369025555,0,0,2.4,113.39850408381595,20260128-205932,1.0,0.0
106.46587556587248,1.1523038598166109,30.405453734059932,-92.3939242751617,0,0,2.4,114.40545373405993,20260128-205932,1.0,0.0
103.44151542160782,1.161414132757541,31.44744593043515,-89.06514266018706,0,0,2.4,115.44744593043517,20260128-205932,1.0,0.0
100.3212480365544,0.9624863981303998,-11.411336338441004,-104.2313410677027,0,0,2.4,72.58866366155898,20260128-205932,1.0,0.0
96.8929104264397,0.9549090571811757,-11.820824412383388,-101.46820757199723,0,0,2.4,72.1791755876166,20260128-205932,1.0,0.0
93.55674834186765,0.9478823494153662,-12.248768693969822,-98.7008022668335,0,0,2.4,71.75123130603018,20260128-205932,1.0,0.0
90.280920398592,0.9242137495668543,-6.5879683359281955,-97.68402649376664,0,0,2.4,71.4120316640718,20260128-205932,1.0,0.0
87.0556843194766,0.9100619040449839,-0.7215905798614131,-95.65907981922676,0,0,2.4,71.2784094201386,20260128-205932,1.0,0.0
83.91522221867635,0.906281726793463,5.363194716894469,-92.59286570366899,0,0,2.4,71.36319471689447,20260128-205932,1.0,0.0
80.8735475255851,0.9393949941421571,5.565530996352322,-86.09109909025834,0,0,2.6,71.56553099635234,20260128-205932,1.0,0.0
78.04874686120904,0.9358726281846922,5.802531058918817,-83.39676202796937,0,0,2.6,71.80253105891882,20260128-205932,1.0,0.0
75.31377508500421,0.9332403177151333,6.050190134567572,-80.70137311405072,0,0,2.6,72.05019013456759,20260128-205932,1.0,0.0
72.66785085830173,0.9311820041134549,6.1472110382895835,-78.03828954736534,0,0,2.6,72.14721103828957,20260128-205932,1.0,0.0
70.11345285115864,0.9310265768786699,6.578604824519374,-75.30768142647311,0,0,2.5,72.57860482451937,20260128-205932,1.0,0.0
67.64816336376376,0.9316701661140911,6.859810175802124,-72.60956272316618,0,0,2.5,72.85981017580212,20260128-205932,1.0,0.0
65.2728228524657,0.9336590625773983,7.152550340745904,-69.91076878992402,0,0,2.4,73.15255034074592,20260128-205932,1.0,0.0
63.00836145239312,0.9573561171128413,13.57043897928989,-65.81496720615456,0,0,2.4,73.57043897928989,20260128-205932,1.0,0.0
60.89445478351083,1.0001815996222074,20.22741366208129,-60.88339838136607,0,0,2.4,74.22741366208129,20260128-205932,1.0,0.0
58.958208676593465,1.0687360879450694,27.11918356162039,-55.16629347658351,0,0,2.4,75.1191835616204,20260128-205932,1.0,0.0
57.167898668001634,1.0940215369980406,28.13633689092626,-52.2548201609161,0,0,2.4,76.13633689092626,20260128-205932,1.0,0.0
55.47436240713379,1.1238590962213952,29.174074697504523,-49.360602760299756,0,0,2.4,77.17407469750451,20260128-205932,1.0,0.0
53.87694925542141,1.1589374970235924,30.22911998837057,-46.488226840351025,0,0,2.4,78.22911998837057,20260128-205932,1.0,0.0
52.3748501375532,1.2000853992111475,31.297644380277802,-43.64260257810051,0,0,2.4,79.2976443802778,20260128-205932,1.0,0.0
50.96708789504947,1.2483094035549633,32.37526186963578,-40.828890457689624,0,0,2.4,80.37526186963578,20260128-205932,1.0,0.0
49.65251050686413,1.3048455800071812,33.45703660939924,-38.05240349328606,0,0,2.4,81.45703660939924,20260128-205932,1.0,0.0
48.38426251630148,1.2745369137852254,28.452938420123473,-37.96222925596238,0,0,2.4,82.45293842012349,20260128-205932,1.0,0.0
47.12708051688058,1.2604997432519953,23.273144077390555,-37.38761611747435,0,0,2.4,83.27314407739054,20260128-205932,1.0,0.0
45.897152393534036,1.26342645476783,17.914085388222674,-36.32752204952697,0,0,2.4,83.91408538822267,20260128-205932,1.0,0.0
44.71055393627087,1.2851529374718684,12.374696944424954,-34.7900647717654,0,0,2.4,84.37469694442497,20260128-205932,1.0,0.0
43.58290801809362,1.3289635847819867,6.657151494413569,-32.794659324877806,0,0,2.4,84.65715149441357,20260128-205932,1.0,0.0
42.5341386161136,1.4116004293391111,6.850077445749605,-30.13185440587278,0,0,2.4,84.85007744574959,20260128-205932,1.0,0.0
41.57409359062572,1.513368999145104,7.037714147574945,-27.471220577473677,0,0,2.4,85.03771414757495,20260128-205932,1.0,0.0
80.27735374318459,17.788007418467114,75.43870672430498,-4.513004287362868,0,0,2.3,153.43870672430498,20260128-205932,1.0,0.0
80.14207302880037,22.160040866992112,76.00963528216755,-3.616512871516127,0,0,2.3,154.00963528216752,20260128-205932,1.0,0.0
79.7876751611196,6.503369459427625,-58.775388413915806,-12.26866713614974,0,0,2.3,19.2246115860842,20260128-205932,1.0,0.0
79.40431129895774,7.391977188440721,-59.234748820991626,-10.741958379298984,0,0,2.3,18.765251179008374,20260128-205932,1.0,0.0
79.10049642915608,10.4662066109735,-65.65447304580357,-7.557704464406579,0,0,2.3,18.345526954196433,20260128-205932,1.0,0.0
78.89536849962943,16.329235059706047,-72.03739338401309,-4.831540988365788,0,0,2.3,17.962606615986907,20260128-205932,1.0,0.0
78.74933515361856,19.99874568694679,-72.36806918268387,-3.9377137139664895,0,0,2.3,17.631930817316128,20260128-205932,1.0,0.0
78.63241372819436,25.50080660058167,-72.63812348392995,-3.0835265315255076,0,0,2.3,17.361876516070055,20260128-205932,1.0,0.0
78.54341390619506,34.73701648559199,-72.84699696005887,-2.261086928371434,0,0,2.3,17.15300303994112,20260128-205932,1.0,0.0
78.481411334728,53.66847944633385,-72.9942646417763,-1.4623371510498262,0,0,2.3,17.005735358223703,20260128-205932,1.0,0.0
78.44575238521223,115.51449676364024,-73.0796309614039,-0.6790987675401803,0,0,2.3,16.92036903859611,20260128-205932,1.0,0.0
78.43685657115827,78436856.57115828,-79.10361544361933,0.0,0,0,2.3,16.89638455638066,20260128-205932,1.0,0.0
78.43685657115827,78436856.57115828,-85.10361544361933,0.0,0,0,2.3,16.89638455638066,20260128-205932,1.0,0.0
78.43685657115827,78436856.57115828,-91.10361544361933,0.0,0,0,2.3,16.89638455638066,20260128-205932,1.0,0.0
78.43685657115827,78436856.57115828,-97.10361544361933,0.0,0,0,2.3,16.89638455638066,20260128-205932,1.0,0.0
78.43685657115827,78436856.57115828,-103.10361544361933,0.0,0,0,2.3,16.89638455638066,20260128-205932,1.0,0.0
78.43685657115827,78436856.57115828,-109.10361544361933,0.0,0,0,2.3,16.89638455638066,20260128-205932,1.0,0.0
78.43685657115827,78436856.57115828,-115.10361544361933,0.0,0,0,2.3,16.89638455638066,20260128-205932,1.0,0.0
78.43685657115827,78436856.57115828,-121.10361544361933,0.0,0,0,2.3,16.89638455638066,20260128-205932,1.0,0.0
78.43685657115827,78436856.57115828,-127.10361544361933,0.0,0,0,2.3,16.89638455638066,20260128-205932,1.0,0.0
78.43685657115827,78436856.57115828,-133.10361544361933,0.0,0,0,2.3,16.89638455638066,20260128-205932,1.0,0.0
78.43685657115827,78436856.57115828,-139.10361544361933,0.0,0,0,2.3,16.89638455638066,20260128-205932,1.0,0.0
78.43685657115827,78436856.57115828,-139.10361544361933,0.0,0,0,2.3,16.89638455638066,20260128-205932,1.0,0.0
78.43685657115827,78436856.57115828,-139.10361544361933,0.0,0,0,2.2,16.89638455638066,20260128-205932,1.0,0.0
78.43685657115827,78436856.57115828,-139.10361544361933,0.0,0,0,2.2,16.89638455638066,20260128-205932,1.0,0.0
78.43685657115827,78436856.57115828,-139.10361544361933,0.0,0,0,2.2,16.89638455638066,20260128-205932,1.0,0.0
78.43685657115827,78436856.57115828,-139.10361544361933,0.0,0,0,2.1,16.89638455638066,20260128-205932,1.0,0.0
78.43685657115827,78436856.57115828,-139.10361544361933,0.0,0,0,2.1,16.89638455638066,20260128-205932,1.0,0.0
78.43685657115827,78436856.57115828,-139.10361544361933,0.0,0,0,2.1,16.89638455638066,20260128-205932,1.0,0.0
78.43685657115827,78436856.57115828,-139.10361544361933,0.0,0,0,2.1,16.89638455638066,20260128-205932,1.0,0.0
78.43685657115827,78436856.57115828,-139.10361544361933,0.0,0,0,2.1,16.89638455638066,20260128-205932,1.0,0.0
78.43685657115827,78436856.57115828,-139.10361544361933,0.0,0,0,2.1,16.89638455638066,20260128-205932,1.0,0.0
78.43685657115827,78436856.57115828,-139.10361544361933,0.0,0,0,2.1,16.89638455638066,20260128-205932,1.0,0.0
78.43685657115827,78436856.57115828,-139.10361544361933,0.0,0,0,2.1,16.89638455638066,20260128-205932,1.0,0.0
78.43685657115827,78436856.57115828,-139.10361544361933,0.0,0,0,2.1,16.89638455638066,20260128-205932,1.0,0.0
78.43685657115827,78436856.57115828,-139.10361544361933,0.0,0,0,2.1,16.89638455638066,20260128-205932,1.0,0.0
78.43685657115827,78436856.57115828,-139.10361544361933,0.0,0,0,2.1,16.89638455638066,20260128-205932,1.0,0.0
78.43685657115827,78436856.57115828,-145.10361544361933,0.0,0,0,2.1,16.89638455638066,20260128-205932,1.0,0.0
78.43685657115827,78436856.57115828,-151.10361544361933,0.0,0,0,2.1,16.89638455638066,20260128-205932,1.0,0.0
78.43685657115827,78436856.57115828,-157.10361544361933,0.0,0,0,2.1,16.89638455638066,20260128-205932,1.0,0.0
78.43685657115827,78436856.57115828,-163.10361544361933,0.0,0,0,2.1,16.89638455638066,20260128-205932,1.0,0.0
78.43685657115827,78436856.57115828,-169.10361544361933,0.0,0,0,2.1,16.89638455638066,20260128-205932,1.0,0.0
78.43685657115827,78436856.57115828,-175.10361544361933,0.0,0,0,2.1,16.89638455638066,20260128-205932,1.0,0.0
78.43685657115827,78436856.57115828,-175.10361544361933,0.0,0,0,2.1,16.89638455638066,20260128-205932,1.0,0.0
78.43685657115827,78436856.57115828,-175.10361544361933,0.0,0,0,2.1,16.89638455638066,20260128-205932,1.0,0.0
78.43685657115827,78436856.57115828,-175.10361544361933,0.0,0,0,2.3,16.89638455638066,20260128-205932,1.0,0.0
78.43685657115827,78436856.57115828,-175.10361544361933,0.0,0,0,2.3,16.89638455638066,20260128-205932,1.0,0.0
78.43685657115827,78436856.57115828,-175.10361544361933,0.0,0,0,2.3,16.89638455638066,20260128-205932,1.0,0.0
78.43685657115827,78436856.57115828,-175.10361544361933,0.0,0,0,2.3,16.89638455638066,20260128-205932,1.0,0.0
78.43685657115827,78436856.57115828,-175.10361544361933,0.0,0,0,2.3,16.89638455638066,20260128-205932,1.0,0.0
78.43685657115827,78436856.57115828,-175.10361544361933,0.0,0,0,2.3,16.89638455638066,20260128-205932,1.0,0.0
78.43685657115827,78436856.57115828,-175.10361544361933,0.0,0,0,2.5,16.89638455638066,20260128-205932,1.0,0.0
78.43685657115827,78436856.57115828,-175.10361544361933,0.0,0,0,2.5,16.89638455638066,20260128-205932,1.0,0.0
78.43685657115827,78436856.57115828,-169.10361544361933,0.0,0,0,2.5,16.89638455638066,20260128-205932,1.0,0.0
78.43685657115827,78436856.57115828,-163.10361544361933,0.0,0,0,2.4,16.89638455638066,20260128-205932,1.0,0.0
78.43685657115827,78436856.57115828,-157.10361544361933,0.0,0,0,2.4,16.89638455638066,20260128-205932,1.0,0.0
78.43685657115827,78436856.57115828,-157.10361544361933,0.0,0,0,2.4,16.89638455638066,20260128-205932,1.0,0.0
78.43685657115827,78436856.57115828,-157.10361544361933,0.0,0,0,2.3,16.89638455638066,20260128-205932,1.0,0.0
78.43685657115827,78436856.57115828,-157.10361544361933,0.0,0,0,2.3,16.89638455638066,20260128-205932,1.0,0.0
78.43685657115827,78436856.57115828,-157.10361544361933,0.0,0,0,2.3,16.89638455638066,20260128-205932,1.0,0.0
78.43685657115827,78436856.57115828,-157.10361544361933,0.0,0,0,2.3,16.89638455638066,20260128-205932,1.0,0.0
78.43685657115827,78436856.57115828,-157.10361544361933,0.0,0,0,2.3,16.89638455638066,20260128-205932,1.0,0.0
78.43685657115827,78436856.57115828,-157.10361544361933,0.0,0,0,2.3,16.89638455638066,20260128-205932,1.0,0.0
78.43685657115827,78436856.57115828,-157.10361544361933,0.0,0,0,2.3,16.89638455638066,20260128-205932,1.0,0.0
78.43685657115827,78436856.57115828,-157.10361544361933,0.0,0,0,2.3,16.89638455638066,20260128-205932,1.0,0.0
78.43685657115827,78436856.57115828,-157.10361544361933,0.0,0,0,2.3,16.89638455638066,20260128-205932,1.0,0.0
78.43685657115827,78436856.57115828,-157.10361544361933,0.0,0,0,2.3,16.89638455638066,20260128-205932,1.0,0.0
78.43685657115827,78436856.57115828,-157.10361544361933,0.0,0,0,2.3,16.89638455638066,20260128-205932,1.0,0.0
78.43685657115827,78436856.57115828,-157.10361544361933,0.0,0,0,2.3,16.89638455638066,20260128-205932,1.0,0.0
78.43685657115827,78436856.57115828,-157.10361544361933,0.0,0,0,2.3,16.89638455638066,20260128-205932,1.0,0.0
78.43685657115827,78436856.57115828,-157.10361544361933,0.0,0,0,2.3,16.89638455638066,20260128-205932,1.0,0.0
78.43685657115827,78436856.57115828,-157.10361544361933,0.0,0,0,2.3,16.89638455638066,20260128-205932,1.0,0.0
78.43685657115827,78436856.57115828,-163.10361544361933,0.0,0,0,2.3,16.89638455638066,20260128-205932,1.0,0.0
78.43685657115827,78436856.57115828,-169.10361544361933,0.0,0,0,2.3,16.89638455638066,20260128-205932,1.0,0.0
78.43685657115827,78436856.57115828,-175.10361544361933,0.0,0,0,2.3,16.89638455638066,20260128-205932,1.0,0.0
78.43685657115827,78436856.57115828,-175.10361544361933,0.0,0,0,2.3,16.89638455638066,20260128-205932,1.0,0.0
78.43685657115827,78436856.57115828,-175.10361544361933,0.0,0,0,2.3,16.89638455638066,20260128-205932,1.0,0.0
78.43685657115827,78436856.57115828,-175.10361544361933,0.0,0,0,2.3,16.89638455638066,20260128-205932,1.0,0.0
78.43685657115827,78436856.57115828,-175.10361544361933,0.0,0,0,2.3,16.89638455638066,20260128-205932,1.0,0.0
78.43685657115827,78436856.57115828,-175.10361544361933,0.0,0,0,2.3,16.89638455638066,20260128-205932,1.0,0.0
78.43685657115827,78436856.57115828,-175.10361544361933,0.0,0,0,2.3,16.89638455638066,20260128-205932,1.0,0.0
78.43685657115827,78436856.57115828,-175.10361544361933,0.0,0,0,2.3,16.89638455638066,20260128-205932,1.0,0.0
78.43685657115827,78436856.57115828,-175.10361544361933,0.0,0,0,2.3,16.89638455638066,20260128-205932,1.0,0.0
78.43685657115827,78436856.57115828,-175.10361544361933,0.0,0,0,2.3,16.89638455638066,20260128-205932,1.0,0.0
78.43685657115827,78436856.57115828,-175.10361544361933,0.0,0,0,2.3,16.89638455638066,20260128-205932,1.0,0.0
78.43685657115827,78436856.57115828,-175.10361544361933,0.0,0,0,2.3,16.89638455638066,20260128-205932,1.0,0.0
78.43685657115827,78436856.57115828,-175.10361544361933,0.0,0,0,2.3,16.89638455638066,20260128-205932,1.0,0.0
78.43685657115827,78436856.57115828,-169.10361544361933,0.0,0,0,2.3,16.89638455638066,20260128-205932,1.0,0.0
78.43685657115827,78436856.57115828,-163.10361544361933,0.0,0,0,2.3,16.89638455638066,20260128-205932,1.0,0.0
78.43685657115827,78436856.57115828,-163.10361544361933,0.0,0,0,2.3,16.89638455638066,20260128-205932,1.0,0.0
78.43685657115827,78436856.57115828,-163.10361544361933,0.0,0,0,2.3,16.89638455638066,20260128-205932,1.0,0.0
78.43685657115827,78436856.57115828,-163.10361544361933,0.0,0,0,2.3,16.89638455638066,20260128-205932,1.0,0.0
78.43685657115827,78436856.57115828,-163.10361544361933,0.0,0,0,2.3,16.89638455638066,20260128-205932,1.0,0.0
78.43685657115827,78436856.57115828,-163.10361544361933,0.0,0,0,2.3,16.89638455638066,20260128-205932,1.0,0.0
78.43685657115827,78436856.57115828,-163.10361544361933,0.0,0,0,2.2,16.89638455638066,20260128-205932,1.0,0.0
78.51659630059673,16.41024753191171,-163.1212895729312,4.784607675655819,0,0,2.2,16.878710427068786,20260128-205932,1.0,0.0
78.75586013474489,8.2278298456821,-163.17409719833594,9.57188731559335,0,0,2.2,16.82590280166406,20260128-205932,1.0,0.0
79.15478066145036,5.510471291221457,-163.26140032747645,14.364430277959915,0,0,2.1,16.73859967252354,20260128-205932,1.0,0.0
79.71357443556262,4.159402160634908,-163.38215629292765,19.164671113070444,0,0,2.1,16.617843707072357,20260128-205932,1.0,0.0
80.43253559407314,3.3548755017685123,-163.53494760033894,23.974819796345162,0,0,2.1,16.46505239966107,20260128-205932,1.0,0.0
81.31202740035387,2.823647462280555,-163.71802154576602,28.79680572258166,0,0,2.0,16.281978454233993,20260128-205932,1.0,0.0
82.35247215204171,2.448617229850995,-163.92933763894317,33.632235838287016,0,0,2.0,16.070662361056822,20260128-205932,1.0,0.0
83.55433994841866,2.171236954908785,-164.16662057818772,38.48236820007922,0,0,2.0,15.833379421812271,20260128-205932,1.0,0.0
84.9181368374578,1.958981699578,-164.42741639313263,43.34810113629479,0,0,2.0,15.572583606867367,20260128-205932,1.0,0.0
86.44439285116967,1.7923374202577664,-164.70914940125496,48.22997716509071,0,0,2.0,15.290850598745047,20260128-205932,1.0,0.0
88.13365039492973,1.6588864376859471,-165.00917779657323,53.12819997363484,0,0,2.0,14.990822203426768,20260128-205932,1.0,0.0
89.98645338899759,1.5503502089589358,-165.32484597614186,58.04266214755679,0,0,2.0,14.67515402385813,20260128-205932,1.0,0.0
92.00333747673301,1.460997018744124,-165.65353207731417,62.97298098241109,0,0,2.0,14.346467922685829,20260128-205932,1.0,0.0
94.18482152263819,1.3867321363719574,-165.9926896089587,67.91853960278843,0,0,2.0,14.007310391041312,20260128-205932,1.0,0.0
96.53140053221536,1.3245519574570266,-166.33988247738193,72.87853072788744,0,0,2.0,13.66011752261806,20260128-205932,1.0,0.0
99.04354004125467,1.27220288679859,-166.69281310213904,77.852000706028,0,0,2.0,13.307186897860952,20260128-205932,1.0,0.0
101.72167194930705,1.2279606553471394,-167.04934366487922,82.8378918382778,0,0,2.0,12.950656335120778,20260128-205932,1.0,0.0
104.56619171361011,1.1904832325196895,-167.4075108206572,87.83508146712238,0,0,2.0,12.592489179342799,20260128-205932,1.0,0.0
107.57745677671197,1.1587102158529339,-167.7655344184595,92.84241677072255,0,0,2.0,12.23446558154048,20260128-205932,1.0,0.0
110.75578607309596,1.131792426753899,-168.12182092568833,97.85874463814476,0,0,2.0,11.878179074311664,20260128-205932,1.0,0.0
114.10146044577895,1.109041639566989,-168.47496233506126,102.88293637949283,0,0,2.0,11.525037664938731,20260128-205932,1.0,0.0
117.61472380098833,1.0898940341284522,-168.82373136054775,107.91390733232195,0,0,2.0,11.176268639452248,20260128-205932,1.0,0.0
121.29578483513794,1.0738831917567782,-169.16707371230441,112.95063165734881,0,0,2.0,10.83292628769558,20260128-205932,1.0,0.0
125.14481918092966,1.0606198483325433,-169.50409819041005,117.99215277526294,0,0,2.0,10.49590180958995,20260128-205932,1.0,0.0
129.16197183620235,1.0497765101389804,-169.8340652643353,123.03758999056144,0,0,2.0,10.165934735664703,20260128-205932,1.0,0.0
133.34735975815374,1.0410756213885268,-170.15637471906504,128.0861418888118,0,0,2.0,9.843625280934951,20260128-205932,1.0,0.0
137.70107452518744,1.0342803611843354,-170.47055285751674,133.13708709262204,0,0,2.0,9.529447142483269,20260128-205932,1.0,0.0
142.2537118484198,1.0178063750514585,-176.67979556652023,139.7650037721838,0,0,2.0,9.320204433479784,20260128-205932,1.0,0.0
144.09653193519347,1.096020964651931,9.59036586883633,-131.47242304891034,0,0,2.0,-158.40963413116364,20260128-205932,1.0,0.0
139.72770349598926,1.071315853320546,3.8090336504131983,-130.42624456914635,0,0,2.0,-158.19096634958677,20260128-205932,1.0,0.0
135.41719586139385,1.0582515042913248,-2.1590464726227765,-127.96314988664076,0,0,2.0,-158.1590464726228,20260128-205932,1.0,0.0
131.19625873406468,1.0471151987804832,-2.2255246608885955,-125.29305169752254,0,0,2.0,-158.2255246608886,20260128-205932,1.0,0.0
127.06432751877477,1.0362211070620397,-2.2948164555725725,-122.62279416314504,0,0,2.0,-158.29481645557257,20260128-205932,1.0,0.0
123.02140762630252,1.0255854572596004,-2.367055063320322,-119.9523713557912,0,0,2.0,-158.36705506332035,20260128-205932,1.0,0.0
119.06750466161462,1.0152259552115226,-2.442378765143303,-117.28177756921797,0,0,2.0,-158.44237876514333,20260128-205932,1.0,0.0
171.43277794245674,1.4661793992418903,9.829005030756377,-116.92483063880081,0,0,1.9,-146.17099496924362,20260128-205932,1.0,0.0
167.58040567929703,1.4672042209335903,10.057278477034458,-114.21750516275415,0,0,1.9,-145.94272152296554,20260128-205932,1.0,0.0
163.81827685644055,1.4690872034478908,10.290733238725238,-111.51024695604549,0,0,1.9,-145.7092667612748,20260128-205932,1.0,0.0
160.14638687237405,1.4718904096477496,10.529343830375637,-108.80320017215142,0,0,1.9,-145.47065616962436,20260128-205932,1.0,0.0
156.56472605511985,1.475681941470113,10.773064728169402,-106.0965250405829,0,0,1.9,-145.22693527183063,20260128-205932,1.0,0.0
153.07327911110275,1.4805366932066801,11.021828262096847,-103.39039877462463,0,0,1.9,-144.97817173790318,20260128-205932,1.0,0.0
149.67202454471027,1.4865372214223591,11.275542405335386,-100.68501641788694,0,0,1.9,-144.72445759466459,20260128-205932,1.0,0.0
146.36093405101713,1.4937747533086936,11.534088471921166,-97.98059160313787,0,0,1.9,-144.46591152807883,20260128-205932,1.0,0.0
143.1399718850942,1.5023503600660086,11.797318737501996,-95.27735719303524,0,0,1.9,-144.20268126249803,20260128-205932,1.0,0.0
140.00909421239908,1.5123763279239923,12.065054002130523,-92.57556576846628,0,0,1.9,-143.9349459978695,20260128-205932,1.0,0.0
136.96824844595238,1.5239777669995849,12.337081118670199,-89.87548992634989,0,0,1.9,-143.66291888132977,20260128-205932,1.0,0.0
134.01737257733936,1.5372945078232407,12.613150515419761,-87.17742234511955,0,0,1.9,-143.38684948458027,20260128-205932,1.0,0.0
131.12759769977,1.5238165584382886,6.8274266252593065,-86.05208873314682,0,0,1.9,-143.1725733747407,20260128-205932,1.0,0.0
128.29098733286517,1.5274673825916092,0.9125313900408969,-83.98934654512728,0,0,1.9,-143.0874686099591,20260128-205932,1.0,0.0
125.53852970835831,1.5497211248133564,-5.132903535340631,-81.00717458018634,0,0,1.9,-143.13290353534063,20260128-205932,1.0,0.0
122.90035529736508,1.5932232860121467,-11.308339639301039,-77.13944202070122,0,0,1.9,-143.308339639301,20260128-205932,1.0,0.0
120.37368346671533,1.616593707512141,-11.548936960833032,-74.46130892836678,0,0,1.9,-143.54893696083303,20260128-205932,1.0,0.0
117.9362371127727,1.7354290604651827,-11.791015733497204,-67.95797062494725,0,0,2.1,-143.7910157334972,20260128-205932,1.0,0.0
115.71537943116397,1.7722191730189953,-12.01716358815753,-65.29405684853387,0,0,2.1,-144.01716358815753,20260128-205932,1.0,0.0
113.58326085671507,1.813453851915439,-12.242642640781582,-62.63366489130347,0,0,2.1,-144.24264264078155,20260128-205932,1.0,0.0
111.53975995387218,1.8597077622592846,-12.46688032729844,-59.97703629432991,0,0,2.1,-144.4668803272984,20260128-205932,1.0,0.0
109.58474735054357,1.9116595651003707,-12.689267118072394,-57.32440511435407,0,0,2.1,-144.68926711807237,20260128-205932,1.0,0.0
107.71808604878196,1.970116641222426,-12.909158031292009,-54.67599419999041,0,0,2.3,-144.90915803129204,20260128-205932,1.0,0.0
105.9396318645147,2.036047222889844,-13.125874744064163,-52.03201118005029,0,0,2.3,-145.1258747440642,20260128-205932,1.0,0.0
104.2492340050932,2.11062265767983,-13.338708339004938,-49.392644216040274,0,0,2.3,-145.33870833900494,20260128-205932,1.0,0.0
102.64673579143887,2.19527373654631,-13.546922714644325,-46.75805758644328,0,0,2.2,-145.54692271464432,20260128-205932,1.0,0.0
101.13197552904789,2.2917668643227063,-13.74975867619105,-44.12838718607435,0,0,2.2,-145.74975867619105,20260128-205932,1.0,0.0
99.70478752908639,2.4023087327755523,-13.946438709214249,-41.50373603891062,0,0,2.2,-145.94643870921428,20260128-205932,1.0,0.0
98.36500327729345,2.529692762837072,-14.136172422763593,-38.88416993650101,0,0,2.1,-146.13617242276356,20260128-205932,1.0,0.0
97.09674947008767,2.615586957207025,-8.275693642095007,-37.12235573072649,0,0,2.1,-146.27569364209504,20260128-205932,1.0,0.0
95.89579822000344,2.7512566744960836,-2.325954722362553,-34.855271450660844,0,0,2.1,-146.32595472236258,20260128-205932,1.0,0.0
94.77799878546229,2.94849701257821,3.706181901680452,-32.14451240111211,0,0,2.0,-146.29381809831952,20260128-205932,1.0,0.0
93.75093575673783,3.180223732108289,3.775808196187768,-29.479352289024913,0,0,2.0,-146.22419180381223,20260128-205932,1.0,0.0
92.81270303535787,3.4612625734842797,3.843295252995574,-26.814695812553733,0,0,2.0,-146.15670474700443,20260128-205932,1.0,0.0
91.96328367220349,3.8079164398157372,3.9083821463755157,-24.150551916169025,0,0,1.9,-146.09161785362446,20260128-205932,1.0,0.0
91.20266049521683,4.2445655027009135,3.97081177202233,-21.486924971986532,0,0,1.9,-146.02918822797767,20260128-205932,1.0,0.0
90.5308162673885,4.809376785499634,4.03033354438486,-18.823814457694542,0,0,1.9,-145.96966645561514,20260128-205932,1.0,0.0
89.94773385415803,5.565654279983551,4.08670614123298,-16.1612147160574,0,0,1.8,-145.91329385876702,20260128-205932,1.0,0.0
89.45339639729877,6.62661201628334,4.1397002411697486,-13.499114808213927,0,0,1.8,-145.86029975883022,20260128-205932,1.0,0.0
89.04778749198996,8.216636683676471,4.189101196555498,-10.837498470499028,0,0,1.8,-145.81089880344447,20260128-205932,1.0,0.0
216.912247777772,20.84016498993586,29.84618560112699,-10.408374784101916,0,0,1.7,-120.15381439887298,20260128-205932,1.0,0.0
216.5955683776831,25.38098150602831,23.88882404371259,-8.533774327294587,0,0,1.7,-120.11117595628743,20260128-205932,1.0,0.0
216.34684015540003,34.10552030440397,17.91418514470405,-6.343455200930146,0,0,1.7,-120.08581485529596,20260128-205932,1.0,0.0
216.1753343570808,55.23619019075752,11.926505272840984,-3.9136539578584597,0,0,1.7,-120.07349472715903,20260128-205932,1.0,0.0
216.08836504991632,165.64487930960348,11.931375940320095,-1.3045278909348592,0,0,1.7,-120.06862405967992,20260128-205932,1.0,0.0
216.07749399636876,216077493.99636877,11.931985049435355,-0.0,0,0,1.7,-120.06801495056465,20260128-205932,1.0,0.0
216.07749399636876,216077493.99636877,11.931985049435355,-0.0,0,0,1.7,-120.06801495056465,20260128-205932,1.0,0.0
216.07749399636876,216077493.99636877,11.931985049435355,-0.0,0,0,1.7,-120.06801495056465,20260128-205932,1.0,0.0
216.07749399636876,216077493.99636877,11.931985049435355,-0.0,0,0,1.7,-120.06801495056465,20260128-205932,1.0,0.0
216.07749399636876,216077493.99636877,11.931985049435355,-0.0,0,0,1.7,-120.06801495056465,20260128-205932,1.0,0.0
216.07749399636876,216077493.99636877,11.931985049435355,-0.0,0,0,1.7,-120.06801495056465,20260128-205932,1.0,0.0
216.07749399636876,216077493.99636877,11.931985049435355,-0.0,0,0,1.7,-120.06801495056465,20260128-205932,1.0,0.0
216.07749399636876,216077493.99636877,11.931985049435355,-0.0,0,0,1.7,-120.06801495056465,20260128-205932,1.0,0.0
216.07749399636876,216077493.99636877,11.931985049435355,-0.0,0,0,1.7,-120.06801495056465,20260128-205932,1.0,0.0
216.07749399636876,216077493.99636877,11.931985049435355,-0.0,0,0,1.7,-120.06801495056465,20260128-205932,1.0,0.0
216.07749399636876,216077493.99636877,11.931985049435355,-0.0,0,0,1.7,-120.06801495056465,20260128-205932,1.0,0.0
216.07749399636876,216077493.99636877,11.931985049435355,-0.0,0,0,1.7,-120.06801495056465,20260128-205932,1.0,0.0
216.07749399636876,216077493.99636877,11.931985049435355,-0.0,0,0,1.7,-120.06801495056465,20260128-205932,1.0,0.0
216.07749399636876,216077493.99636877,5.9319850494353545,-0.0,0,0,1.7,-120.06801495056465,20260128-205932,1.0,0.0
216.07749399636876,216077493.99636877,-0.06801495056464546,-0.0,0,0,1.7,-120.06801495056465,20260128-205932,1.0,0.0
216.07749399636876,216077493.99636877,-6.0680149505646455,-0.0,0,0,1.7,-120.06801495056465,20260128-205932,1.0,0.0
216.07749399636876,216077493.99636877,-12.068014950564645,-0.0,0,0,1.7,-120.06801495056465,20260128-205932,1.0,0.0
216.07749399636876,216077493.99636877,-12.068014950564645,-0.0,0,0,1.7,-120.06801495056465,20260128-205932,1.0,0.0
216.07749399636876,216077493.99636877,-12.068014950564645,-0.0,0,0,1.7,-120.06801495056465,20260128-205932,1.0,0.0
216.07749399636876,216077493.99636877,-12.068014950564645,-0.0,0,0,1.7,-120.06801495056465,20260128-205932,1.0,0.0
216.07749399636876,216077493.99636877,-12.068014950564645,-0.0,0,0,1.7,-120.06801495056465,20260128-205932,1.0,0.0
216.07749399636876,216077493.99636877,-12.068014950564645,-0.0,0,0,1.7,-120.06801495056465,20260128-205932,1.0,0.0
216.07749399636876,216077493.99636877,-12.068014950564645,-0.0,0,0,1.7,-120.06801495056465,20260128-205932,1.0,0.0
216.07749399636876,216077493.99636877,-12.068014950564645,-0.0,0,0,1.7,-120.06801495056465,20260128-205932,1.0,0.0
216.07749399636876,216077493.99636877,-12.068014950564645,-0.0,0,0,1.7,-120.06801495056465,20260128-205932,1.0,0.0
216.07749399636876,216077493.99636877,-12.068014950564645,-0.0,0,0,1.7,-120.06801495056465,20260128-205932,1.0,0.0
216.07749399636876,216077493.99636877,-12.068014950564645,-0.0,0,0,1.9,-120.06801495056465,20260128-205932,1.0,0.0
216.07749399636876,216077493.99636877,-12.068014950564645,-0.0,0,0,1.9,-120.06801495056465,20260128-205932,1.0,0.0
216.07749399636876,216077493.99636877,-12.068014950564645,-0.0,0,0,1.9,-120.06801495056465,20260128-205932,1.0,0.0
216.07749399636876,216077493.99636877,-12.068014950564645,-0.0,0,0,1.9,-120.06801495056465,20260128-205932,1.0,0.0
216.07749399636876,216077493.99636877,-6.0680149505646455,-0.0,0,0,1.9,-120.06801495056465,20260128-205932,1.0,0.0
216.07749399636876,216077493.99636877,-0.06801495056464546,-0.0,0,0,1.9,-120.06801495056465,20260128-205932,1.0,0.0
216.07749399636876,216077493.99636877,5.9319850494353545,-0.0,0,0,1.9,-120.06801495056465,20260128-205932,1.0,0.0
216.07749399636876,216077493.99636877,5.9319850494353545,-0.0,0,0,1.9,-120.06801495056465,20260128-205932,1.0,0.0
216.07749399636876,216077493.99636877,5.9319850494353545,-0.0,0,0,1.9,-120.06801495056465,20260128-205932,1.0,0.0
216.07749399636876,216077493.99636877,5.9319850494353545,-0.0,0,0,1.9,-120.06801495056465,20260128-205932,1.0,0.0
216.07749399636876,216077493.99636877,5.9319850494353545,-0.0,0,0,1.9,-120.06801495056465,20260128-205932,1.0,0.0
216.07749399636876,216077493.99636877,5.9319850494353545,-0.0,0,0,1.9,-120.06801495056465,20260128-205932,1.0,0.0
216.07749399636876,56.51955495989933,5.9319850494353545,3.8230572436332153,0,0,2.1,-120.06801495056465,20260128-205932,1.0,0.0
216.2049319599247,56.55047380583872,5.941076998358199,3.8232205215865402,0,0,2.1,-120.05892300164179,20260128-205932,1.0,0.0
216.33237536126927,56.581395702307965,5.950158235207255,3.82338351106537,0,0,2.1,-120.04984176479272,20260128-205932,1.0,0.0
216.45982419079786,56.61232064352955,5.959228778447255,3.8235462127366073,0,0,2.1,-120.04077122155272,20260128-205932,1.0,0.0
216.58727843892794,56.64324862374053,5.968288646501605,3.8237086272652636,0,0,2.1,-120.03171135349838,20260128-205932,1.0,0.0
216.71473809609913,56.674179637192466,5.977337857752502,3.8238707553144704,0,0,2.1,-120.02266214224748,20260128-205932,1.0,0.0
216.84220315277315,56.705113678151434,-0.01362356945890042,3.82403259754548,0,0,2.1,-120.01362356945891,20260128-205932,1.0,0.0
216.96967359943375,56.73605074089795,-6.004595616832489,3.824194154617675,0,0,2.1,-120.00459561683252,20260128-205932,1.0,0.0
217.09714942658655,56.766990819726914,-11.995578266109021,3.8243554271885736,0,0,2.1,-119.99557826610904,20260128-205932,1.0,0.0
217.22463062475916,56.7979339089476,-17.986571499069953,3.8245164159138354,0,0,2.1,-119.98657149906997,20260128-205932,1.0,0.0
217.3521171845009,56.82888000288356,-17.97757529753744,3.824677121447268,0,0,2.1,-119.97757529753743,20260128-205932,1.0,0.0
217.479609096383,56.85982909587265,-17.968589643374116,3.8248375444408333,0,0,2.1,-119.96858964337414,20260128-205932,1.0,0.0
217.6071063509982,56.890781182266885,-17.959614518483136,3.824997685544654,0,0,2.1,-119.95961451848315,20260128-205932,1.0,0.0
217.7346089389611,56.921736256432546,-17.95064990480796,3.8251575454070164,0,0,2.1,-119.95064990480795,20260128-205932,1.0,0.0
217.86211685090765,56.95269431274993,-17.941695784332126,3.8253171246743833,0,0,2.1,-119.94169578433214,20260128-205932,1.0,0.0
217.9896300774955,56.983655345613464,-17.93275213907947,3.825476423991394,0,0,2.1,-119.93275213907945,20260128-205932,1.0,0.0
218.11714860940367,57.01461934943167,-17.923818951113674,3.825635444000871,0,0,2.1,-119.92381895111366,20260128-205932,1.0,0.0
218.16538107136944,234.15409153222078,-17.921628255804137,-0.931717142518301,0,0,2.1,-119.92162825580415,20260128-205932,1.0,0.0
218.0550382029736,38.33123740929255,-17.932912752300183,-5.688703338079846,0,0,2.1,-119.93291275230017,20260128-205932,1.0,0.0
217.78615036010294,20.85228759335994,-17.95771756918282,-10.444233007291405,0,0,2.1,-119.9577175691828,20260128-205932,1.0,0.0
217.3587844595317,14.302554124692865,-17.99614715340158,-15.197200623367632,0,0,2.1,-119.99614715340157,20260128-205932,1.0,0.0
216.77304469493515,10.867738094924045,-18.04836635977273,-19.946473019641736,0,0,2.1,-120.04836635977271,20260128-205932,1.0,0.0
216.02907366962978,8.749348078632146,-18.114602190883375,-24.690876591962414,0,0,2.1,-120.11460219088339,20260128-205932,1.0,0.0
215.12705396870268,7.309990527009606,-18.195146220599327,-29.429183686877845,0,0,2.3,-120.19514622059933,20260128-205932,1.0,0.0
214.0672102024349,6.2665865573617365,-18.29035774798467,-34.16009788470204,0,0,2.3,-120.29035774798464,20260128-205932,1.0,0.0
212.84981156318338,5.47421710599977,-18.40066774344416,-38.8822378509429,0,0,2.3,-120.40066774344419,20260128-205932,1.0,0.0
211.4751749495218,4.851002335750761,-18.526583665770772,-43.594119382503465,0,0,2.2,-120.52658366577079,20260128-205932,1.0,0.0
209.94366872486222,4.347187661464738,-18.668695248071742,-48.29413521433394,0,0,2.2,-120.66869524807174,20260128-205932,1.0,0.0
208.25571719349637,3.9307970123657285,-18.827681372916857,-52.9805320748829,0,0,2.2,-120.82768137291686,20260128-205932,1.0,0.0
206.411805895616,3.580344307635404,-19.004318183284852,-57.6513843809447,0,0,2.1,-121.00431818328484,20260128-205932,1.0,0.0
204.41248784515872,3.2808589812497297,-19.199488606939553,-62.30456383934394,0,0,2.1,-121.19948860693955,20260128-205932,1.0,0.0
202.25839086122983,3.021591398715509,-19.41419350892204,-66.93770406786659,0,0,2.1,-121.41419350892205,20260128-205932,1.0,0.0
199.95022617656645,2.7946243277944043,-19.649564731341457,-71.54815915253009,0,0,2.0,-121.64956473134144,20260128-205932,1.0,0.0
197.48879854655559,2.593998867309457,-19.906880333382787,-76.13295481173226,0,0,2.0,-121.90688033338279,20260128-205932,1.0,0.0
194.8750181316303,2.4151454219431736,-20.1875824096536,-80.68873052573294,0,0,2.0,-122.1875824096536,20260128-205932,1.0,0.0
192.1099144869254,2.2545023838716247,-20.493297944433607,-85.21167059358694,0,0,2.0,-122.49329794443358,20260128-205932,1.0,0.0
189.19465306908214,2.109254087220403,-20.82586325654313,-89.69742157446987,0,0,2.0,-122.82586325654316,20260128-205932,1.0,0.0
186.13055476518713,1.9771467135004954,-21.187352708713888,-94.14099292391256,0,0,2.0,-123.1873527087139,20260128-205932,1.0,0.0
182.9191190684061,1.856356427411934,-21.580112501905035,-98.53663680494022,0,0,2.0,-123.58011250190502,20260128-205932,1.0,0.0
179.56205167596877,1.7453932991832013,-22.00680055562026,-102.87770198269877,0,0,2.0,-124.00680055562025,20260128-205932,1.0,0.0
176.06129747699907,1.6430302490472655,-22.470433698144348,-107.15645532338235,0,0,2.0,-124.47043369814432,20260128-205932,1.0,0.0
172.4190801424105,1.548249819067619,-22.974443665736544,-111.36386261375057,0,0,2.0,-124.97444366573656,20260128-205932,1.0,0.0
168.63794984270848,1.4602038757492959,-23.522743749171013,-115.4893180626389,0,0,2.0,-125.52274374917098,20260128-205932,1.0,0.0
164.72084102322452,1.37818286053563,-24.119808343580473,-119.52030876309537,0,0,2.0,-126.11980834358046,20260128-205932,1.0,0.0
160.67114268805284,1.301592225022415,-24.770768168907125,-123.4419963481926,0,0,2.0,-126.77076816890711,20260128-205932,1.0,0.0
156.4927843207707,1.229934391803789,-25.481524549328583,-127.2366927566458,0,0,2.0,-127.48152454932857,20260128-205932,1.0,0.0
152.19034145066388,1.1627950830076879,-26.25888688426005,-130.88320003642264,0,0,2.0,-128.25888688426005,20260128-205932,1.0,0.0
147.89952831714444,1.173011175057907,-33.201283990092406,-126.08535320206408,0,0,2.0,-129.20128399009243,20260128-205932,1.0,0.0
143.81849329306385,1.2162972784252533,-40.41504054803181,-118.24288012817593,0,0,2.0,-130.41504054803178,20260128-205932,1.0,0.0
140.05382969928655,1.3081985450555857,-47.914750615915636,-107.05854262613909,0,0,2.0,-131.9147506159156,20260128-205932,1.0,0.0
136.7208767650901,1.4810616254001392,-55.7057458329827,-92.31275351432602,0,0,2.0,-133.7057458329827,20260128-205932,1.0,0.0
133.6790235741181,1.484183821533464,-57.715040060424826,-90.0690478056825,0,0,2.0,-135.71504006042485,20260128-205932,1.0,0.0
130.72537783337964,1.5024901350850355,-59.878325790697886,-87.00581440155749,0,0,2.0,-137.87832579069786,20260128-205932,1.0,0.0
127.88872670943041,1.5401906031031591,-62.20424377007589,-83.03435071721748,0,0,2.0,-140.20424377007592,20260128-205932,1.0,0.0
125.25551043490988,1.6714628476804125,-64.64754402216943,-74.9376575188221,0,0,2.0,-142.64754402216946,20260128-205932,1.0,0.0
122.89407183041233,1.841546569539894,-67.15272173333716,-66.73416456751193,0,0,2.0,-145.15272173333716,20260128-205932,1.0,0.0
120.80729011832585,2.066293546170749,-69.71131469293294,-58.4656959037624,0,0,2.0,-147.71131469293294,20260128-205932,1.0,0.0
118.99655710090704,2.3714165948134753,-72.31358229246229,-50.179524492307415,0,0,2.0,-150.31358229246229,20260128-205932,1.0,0.0
117.46161249705976,2.8015550250068726,-74.94867039657993,-41.92729089687311,0,0,2.0,-152.9486703965799,20260128-205932,1.0,0.0
116.2004213835016,3.4415918937962764,-77.60484139376416,-33.763567839917755,0,0,2.0,-155.60484139376416,20260128-205932,1.0,0.0
115.20910435164669,4.475156783526517,-80.26975950150461,-25.744149294554887,0,0,2.0,-158.26975950150464,20260128-205932,1.0,0.0
114.4819277047259,6.3870102208554655,-82.9308151956144,-17.924181071592585,0,0,2.0,-160.93081519561437,20260128-205932,1.0,0.0
114.01135665678225,11.008915584699322,-85.575467966622,-10.356274946393475,0,0,2.0,-163.57546796662203,20260128-205932,1.0,0.0
113.78816959894388,36.83949780731353,-88.19158434734987,-3.088754634878714,0,0,2.0,-166.19158434734987,20260128-205932,1.0,0.0
113.80162673815859,29.668039158686252,-90.76774874267284,3.8358324299582023,0,0,2.0,-168.76774874267284,20260128-205932,1.0,0.0
114.03968244533989,10.98453905749828,-93.29352791028089,10.381835946724955,0,0,2.0,-171.2935279102809,20260128-205932,1.0,0.0
114.48922797725665,6.929837833364431,-95.75967535466111,16.521198725031667,0,0,2.0,-173.75967535466108,20260128-205932,1.0,0.0
115.13635011430281,5.178456928644902,-98.15826842320354,22.23371782382125,0,0,2.0,-176.15826842320354,20260128-205932,1.0,0.0
115.96659166197762,4.215908574439632,-100.48277745584056,27.506903817854166,0,0,2.0,-178.48277745584056,20260128-205932,1.0,0.0
116.96520143790617,3.61723766580378,-102.7280720097007,32.33550356496013,0,0,2.0,179.2719279902993,20260128-205932,1.0,0.0
118.1173638997127,3.2166362893314053,-104.89037334535965,36.72077079136106,0,0,2.0,177.10962665464035,20260128-205932,1.0,0.0
119.40840150741626,2.9360622352792953,-106.96716478140308,40.6695743954683,0,0,2.0,175.03283521859692,20260128-205932,1.0,0.0
120.82394584631727,2.7339798861383477,-108.95707228928893,44.193428949097694,0,0,2.0,173.04292771071107,20260128-205932,1.0,0.0
122.35007615291178,2.5862712479165335,-110.85972712713087,47.307518981806496,0,0,2.0,171.14027287286913,20260128-205932,1.0,0.0
121.73843814584606,4.49043462411018,-77.02313751301477,-27.110613634636675,0,0,2.0,-155.02313751301477,20260128-205932,1.0,0.0
120.91192081158377,5.371446531272241,-78.93331502975184,-22.510122758858678,0,0,2.0,-156.93331502975187,20260128-205932,1.0,0.0
120.23569513749237,6.644432724218346,-80.82578191600885,-18.095705100488765,0,0,2.0,-158.82578191600885,20260128-205932,1.0,0.0
119.70331014491998,8.622947457003265,-82.6953384283238,-13.881948224989012,0,0,2.0,-160.6953384283238,20260128-205932,1.0,0.0
119.30786223058328,12.073996208908728,-84.53707584704443,-9.881389737604247,0,0,2.0,-162.5370758470444,20260128-205932,1.0,0.0
119.2453473444059,19.84967748165141,-92.3492631610311,6.007419891564163,0,0,2.0,-164.3492631610311,20260128-205932,1.0,0.0
119.69812284829798,5.7061208199297475,-100.10520484666483,20.977144828449617,0,0,2.0,-166.1052048466648,20260128-205932,1.0,0.0
120.63002498147468,3.4756159829481055,-107.76665924701729,34.70752395353909,0,0,2.0,-167.76665924701726,20260128-205932,1.0,0.0
121.99542977107487,2.598238455700453,-115.30199092608859,46.953130688763665,0,0,2.0,-169.3019909260886,20260128-205932,1.0,0.0
123.57983196521049,2.571020940660233,-116.72836773644923,48.06644318247965,0,0,2.0,-170.72836773644923,20260128-205932,1.0,0.0
125.19699128022322,2.559134438390136,-118.08191840046533,48.921615606478404,0,0,2.0,-172.08191840046533,20260128-205932,1.0,0.0
126.83860568870779,2.560497341914988,-119.36525183439073,49.53670664381381,0,0,2.0,-173.36525183439076,20260128-205932,1.0,0.0
128.49696422514043,2.573588848950814,-120.58107203093346,49.929095814012925,0,0,2.0,-174.58107203093346,20260128-205932,1.0,0.0
130.1649220923749,2.5973061063831944,-121.73212610578048,50.11535674308039,0,0,2.0,-175.73212610578045,20260128-205932,1.0,0.0
131.83587234437775,2.6308676152181154,-122.82116206767137,50.11117685351405,0,0,2.2,-176.82116206767134,20260128-205932,1.0,0.0
131.7907229975582,3.284339705414836,-63.20078898420178,-40.12700719729967,0,0,2.2,-117.20078898420178,20260128-205932,1.0,0.0
130.4992643529778,3.4914622379065543,-64.34606385643428,-37.37667929962314,0,0,2.2,-118.3460638564343,20260128-205932,1.0,0.0
129.2978441800421,3.7234422196734567,-65.47790909075206,-34.72535265805237,0,0,2.2,-119.47790909075209,20260128-205932,1.0,0.0
128.18309988419765,3.983724936920756,-66.59405336220505,-32.176694403825365,0,0,2.4,-120.59405336220503,20260128-205932,1.0,0.0
127.15155544432766,4.2763251609360715,-67.69227504449157,-29.73383703508988,0,0,2.4,-121.69227504449154,20260128-205932,1.0,0.0
126.19963978268461,4.60593605039672,-68.77041659554504,-27.39934693010224,0,0,2.4,-122.77041659554502,20260128-205932,1.0,0.0
125.32370603814579,4.978061650379057,-69.82639751806528,-25.175201682888552,0,0,2.3,-123.82639751806529,20260128-205932,1.0,0.0
124.52005144553675,5.399178714311338,-70.8582256897131,-23.062776402543882,0,0,2.3,-124.85822568971312,20260128-205932,1.0,0.0
123.7849375239003,5.876935133163352,-71.86400691349229,-21.06283882995168,0,0,2.3,-125.8640069134923,20260128-205932,1.0,0.0
123.11461028594154,6.420394299597441,-72.8419525967264,-19.17555286186408,0,0,2.2,-126.84195259672639,20260128-205932,1.0,0.0
122.50532019847113,7.0403374444860045,-73.79038552419013,-17.400489843624946,0,0,2.2,-127.7903855241901,20260128-205932,1.0,0.0
121.95334164817329,7.749639624348777,-74.70774374487189,-15.736646806776045,0,0,2.1,-128.7077437448719,20260128-205932,1.0,0.0
121.45499169689668,8.563740009794396,-75.59258264044047,-14.1824706913087,0,0,2.1,-129.59258264044044,20260128-205932,1.0,0.0
121.006647944253,9.501234043414145,-76.44357528521346,-12.735887505910846,0,0,2.1,-130.44357528521346,20260128-205932,1.0,0.0
120.69485647956252,19.926581747452765,-83.26763008137164,-6.056977459016073,0,0,2.1,-131.26763008137164,20260128-205932,1.0,0.0
120.59652645195565,2249.2061888866483,-90.06269489338558,0.05361737267477938,0,0,2.1,-132.0626948933856,20260128-205932,1.0,0.0
120.69102590300993,21.94947159147134,-96.81560964943424,5.498584574122754,0,0,2.1,-132.81560964943426,20260128-205932,1.0,0.0
120.95488625186552,11.852191857489627,-103.51551169565329,10.205275758798303,0,0,2.1,-133.5155116956533,20260128-205932,1.0,0.0
121.36263948330821,8.591219131537473,-110.15404312029136,14.126358276417204,0,0,2.1,-134.1540431202914,20260128-205932,1.0,0.0
121.82452870042918,8.975143974478573,-110.73783616359697,13.573545900416242,0,0,2.1,-134.737836163597,20260128-205932,1.0,0.0
122.26668344024273,9.446252718674781,-111.27835488586635,12.943405928419368,0,0,2.1,-135.27835488586635,20260128-205932,1.0,0.0
122.68663636990847,10.02136086978962,-111.77639175543163,12.24251256531031,0,0,2.1,-135.77639175543163,20260128-205932,1.0,0.0
123.08213524134278,10.72405766965468,-112.23270188241338,11.477198186804053,0,0,2.1,-136.23270188241338,20260128-205932,1.0,0.0
123.45113499653095,11.587778262706335,-112.64799729996213,10.6535637978025,0,0,2.1,-136.64799729996213,20260128-205932,1.0,0.0
123.7917902661446,12.660893953723722,-113.02294220174002,9.777492072724923,0,0,2.3,-137.02294220174002,20260128-205932,1.0,0.0
124.10244833812229,14.015491761997655,-113.3581490059612,8.854662429656605,0,0,2.3,-137.35814900596117,20260128-205932,1.0,0.0
124.38164265617539,15.763332582991906,-113.65417512851968,7.89056768302782,0,0,2.3,-137.65417512851968,20260128-205932,1.0,0.0
124.62808689440917,18.086860153333035,-113.91152036029786,6.890531902047288,0,0,2.3,-137.91152036029786,20260128-205932,1.0,0.0
124.84066964305362,21.30485316495233,-114.13062475627117,5.859729174215736,0,0,2.3,-138.13062475627117,20260128-205932,1.0,0.0
125.01844973133741,26.028141807381694,-114.31186695624967,4.803203035257847,0,0,2.3,-138.31186695624967,20260128-205932,1.0,0.0
125.16065220648206,33.59218168926889,-114.4555628688629,3.7258863792840504,0,0,2.3,-138.45556286886293,20260128-205932,1.0,0.0
125.26666498233838,47.58247820755248,-114.56196466163163,2.6326217065855886,0,0,2.3,-138.56196466163163,20260128-205932,1.0,0.0
125.33603616704565,82.0164540747591,-114.63126001066263,1.5281816018624772,0,0,2.3,-138.63126001066263,20260128-205932,1.0,0.0
125.368472076004,300.43534063329867,-114.66357157369202,0.41728936353404766,0,0,2.3,-138.66357157369205,20260128-205932,1.0,0.0
125.37108026318627,125371080.26318628,-114.6661673126701,-0.0,0,0,2.3,-138.6661673126701,20260128-205932,1.0,0.0
125.37108026318627,125371080.26318628,-114.6661673126701,-0.0,0,0,2.3,-138.6661673126701,20260128-205932,1.0,0.0
125.37108026318627,125371080.26318628,-114.6661673126701,-0.0,0,0,2.3,-138.6661673126701,20260128-205932,1.0,0.0
125.37108026318627,125371080.26318628,-114.6661673126701,-0.0,0,0,2.3,-138.6661673126701,20260128-205932,1.0,0.0
125.37108026318627,125371080.26318628,-114.6661673126701,-0.0,0,0,2.3,-138.6661673126701,20260128-205932,1.0,0.0
125.37108026318627,125371080.26318628,-114.6661673126701,-0.0,0,0,2.3,-138.6661673126701,20260128-205932,1.0,0.0
125.37108026318627,125371080.26318628,-114.6661673126701,-0.0,0,0,2.3,-138.6661673126701,20260128-205932,1.0,0.0
125.37108026318627,125371080.26318628,-114.6661673126701,-0.0,0,0,2.3,-138.6661673126701,20260128-205932,1.0,0.0
125.37108026318627,125371080.26318628,-114.6661673126701,-0.0,0,0,2.3,-138.6661673126701,20260128-205932,1.0,0.0
125.37108026318627,125371080.26318628,-114.6661673126701,-0.0,0,0,2.3,-138.6661673126701,20260128-205932,1.0,0.0
125.37108026318627,125371080.26318628,-108.6661673126701,-0.0,0,0,2.3,-138.6661673126701,20260128-205932,1.0,0.0
125.37108026318627,125371080.26318628,-102.6661673126701,-0.0,0,0,2.3,-138.6661673126701,20260128-205932,1.0,0.0
125.37108026318627,125371080.26318628,-96.6661673126701,-0.0,0,0,2.3,-138.6661673126701,20260128-205932,1.0,0.0
125.37108026318627,125371080.26318628,-90.6661673126701,-0.0,0,0,2.3,-138.6661673126701,20260128-205932,1.0,0.0
125.37108026318627,125371080.26318628,-90.6661673126701,-0.0,0,0,2.3,-138.6661673126701,20260128-205932,1.0,0.0
125.37108026318627,125371080.26318628,-90.6661673126701,-0.0,0,0,2.3,-138.6661673126701,20260128-205932,1.0,0.0
125.37108026318627,125371080.26318628,-90.6661673126701,-0.0,0,0,2.3,-138.6661673126701,20260128-205932,1.0,0.0
125.37108026318627,125371080.26318628,-90.6661673126701,-0.0,0,0,2.3,-138.6661673126701,20260128-205932,1.0,0.0
125.37108026318627,125371080.26318628,-90.6661673126701,-0.0,0,0,2.3,-138.6661673126701,20260128-205932,1.0,0.0
125.37108026318627,125371080.26318628,-90.6661673126701,-0.0,0,0,2.3,-138.6661673126701,20260128-205932,1.0,0.0
125.37108026318627,125371080.26318628,-90.6661673126701,-0.0,0,0,2.3,-138.6661673126701,20260128-205932,1.0,0.0
125.37108026318627,125371080.26318628,-90.6661673126701,-0.0,0,0,2.3,-138.6661673126701,20260128-205932,1.0,0.0
125.37108026318627,125371080.26318628,-90.6661673126701,-0.0,0,0,2.3,-138.6661673126701,20260128-205932,1.0,0.0
125.37108026318627,125371080.26318628,-90.6661673126701,-0.0,0,0,2.3,-138.6661673126701,20260128-205932,1.0,0.0
125.37108026318627,125371080.26318628,-90.6661673126701,-0.0,0,0,2.3,-138.6661673126701,20260128-205932,1.0,0.0
125.37108026318627,125371080.26318628,-90.6661673126701,-0.0,0,0,2.3,-138.6661673126701,20260128-205932,1.0,0.0
125.37108026318627,125371080.26318628,-90.6661673126701,-0.0,0,0,2.3,-138.6661673126701,20260128-205932,1.0,0.0
125.37108026318627,125371080.26318628,-90.6661673126701,-0.0,0,0,2.3,-138.6661673126701,20260128-205932,1.0,0.0
125.37108026318627,125371080.26318628,-90.6661673126701,-0.0,0,0,2.3,-138.6661673126701,20260128-205932,1.0,0.0
125.37108026318627,125371080.26318628,-90.6661673126701,-0.0,0,0,2.3,-138.6661673126701,20260128-205932,1.0,0.0
125.37108026318627,125371080.26318628,-96.6661673126701,-0.0,0,0,2.3,-138.6661673126701,20260128-205932,1.0,0.0
125.37108026318627,125371080.26318628,-102.6661673126701,-0.0,0,0,2.3,-138.6661673126701,20260128-205932,1.0,0.0
125.37108026318627,125371080.26318628,-108.6661673126701,-0.0,0,0,2.3,-138.6661673126701,20260128-205932,1.0,0.0
125.37108026318627,125371080.26318628,-108.6661673126701,-0.0,0,0,2.3,-138.6661673126701,20260128-205932,1.0,0.0
125.37108026318627,125371080.26318628,-108.6661673126701,-0.0,0,0,2.3,-138.6661673126701,20260128-205932,1.0,0.0
125.37108026318627,125371080.26318628,-108.6661673126701,-0.0,0,0,2.3,-138.6661673126701,20260128-205932,1.0,0.0
125.37108026318627,125371080.26318628,-108.6661673126701,-0.0,0,0,2.3,-138.6661673126701,20260128-205932,1.0,0.0
125.37108026318627,125371080.26318628,-108.6661673126701,-0.0,0,0,2.3,-138.6661673126701,20260128-205932,1.0,0.0
125.37108026318627,125371080.26318628,-108.6661673126701,-0.0,0,0,2.3,-138.6661673126701,20260128-205932,1.0,0.0
125.37108026318627,125371080.26318628,-108.6661673126701,-0.0,0,0,2.3,-138.6661673126701,20260128-205932,1.0,0.0
125.37108026318627,125371080.26318628,-108.6661673126701,-0.0,0,0,2.3,-138.6661673126701,20260128-205932,1.0,0.0
125.37108026318627,125371080.26318628,-108.6661673126701,-0.0,0,0,2.3,-138.6661673126701,20260128-205932,1.0,0.0
125.37108026318627,125371080.26318628,-108.6661673126701,-0.0,0,0,2.5,-138.6661673126701,20260128-205932,1.0,0.0
125.37108026318627,125371080.26318628,-108.6661673126701,-0.0,0,0,2.5,-138.6661673126701,20260128-205932,1.0,0.0
125.37108026318627,125371080.26318628,-108.6661673126701,-0.0,0,0,2.5,-138.6661673126701,20260128-205932,1.0,0.0
125.37108026318627,125371080.26318628,-108.6661673126701,-0.0,0,0,2.5,-138.6661673126701,20260128-205932,1.0,0.0
125.37108026318627,125371080.26318628,-108.6661673126701,-0.0,0,0,2.5,-138.6661673126701,20260128-205932,1.0,0.0
125.37108026318627,125371080.26318628,-108.6661673126701,-0.0,0,0,2.5,-138.6661673126701,20260128-205932,1.0,0.0
125.37108026318627,125371080.26318628,-114.6661673126701,-0.0,0,0,2.5,-138.6661673126701,20260128-205932,1.0,0.0
125.37108026318627,125371080.26318628,-120.6661673126701,-0.0,0,0,2.5,-138.6661673126701,20260128-205932,1.0,0.0
125.37108026318627,125371080.26318628,-126.6661673126701,-0.0,0,0,2.5,-138.6661673126701,20260128-205932,1.0,0.0
125.37108026318627,125371080.26318628,-126.6661673126701,-0.0,0,0,2.5,-138.6661673126701,20260128-205932,1.0,0.0
125.37108026318627,125371080.26318628,-126.6661673126701,-0.0,0,0,2.5,-138.6661673126701,20260128-205932,1.0,0.0
125.37108026318627,125371080.26318628,-126.6661673126701,-0.0,0,0,2.5,-138.6661673126701,20260128-205932,1.0,0.0
125.37108026318627,125371080.26318628,-126.6661673126701,-0.0,0,0,2.5,-138.6661673126701,20260128-205932,1.0,0.0
125.37108026318627,125371080.26318628,-126.6661673126701,-0.0,0,0,2.5,-138.6661673126701,20260128-205932,1.0,0.0
125.37108026318627,125371080.26318628,-126.6661673126701,-0.0,0,0,2.5,-138.6661673126701,20260128-205932,1.0,0.0
125.37108026318627,125371080.26318628,-126.6661673126701,-0.0,0,0,2.5,-138.6661673126701,20260128-205932,1.0,0.0
125.37108026318627,125371080.26318628,-126.6661673126701,-0.0,0,0,2.5,-138.6661673126701,20260128-205932,1.0,0.0
125.42086070912038,41.97632688024384,-126.69670354995822,2.9878950835059777,0,0,2.5,-138.69670354995822,20260128-205932,1.0,0.0
125.57041545811958,20.968304803449087,-126.78816687322768,5.988582130753099,0,0,2.5,-138.78816687322768,20260128-205932,1.0,0.0
125.82038220528042,13.957244158777607,-126.94012181489927,9.01470095198936,0,0,2.5,-138.94012181489924,20260128-205932,1.0,0.0
126.17181534541501,10.445906890163393,-127.15184495311132,12.078588931730508,0,0,2.5,-139.15184495311135,20260128-205932,1.0,0.0
126.62617343772995,8.334982352591908,-127.42232855053629,15.192134557831826,0,0,2.5,-139.4223285505363,20260128-205932,1.0,0.0
127.18530187901636,6.92480085863937,-127.75028584466838,18.36663674166748,0,0,2.5,-139.75028584466838,20260128-205932,1.0,0.0
127.851411012736,5.915576333373255,-128.134158164131,21.612672004830838,0,0,2.5,-140.13415816413104,20260128-205932,1.0,0.0
128.6270499719576,5.157465757353222,-128.57212406608147,24.939971688337135,0,0,2.5,-140.57212406608147,20260128-205932,1.0,0.0
129.51507662692907,4.567255154806858,-129.06211069049846,28.35731139098272,0,0,2.5,-141.06211069049843,20260128-205932,1.0,0.0
130.51862408172528,4.0950340520193,-129.6018075060432,31.872414838007344,0,0,2.5,-141.6018075060432,20260128-205932,1.0,0.0
131.64106423659763,3.7090479680980084,-130.18868257875255,35.49187429465974,0,0,2.5,-142.18868257875255,20260128-205932,1.0,0.0
132.88596900030953,3.3881253901768074,-130.82000143012738,39.22108945128945,0,0,2.5,-142.8200014301274,20260128-205932,1.0,0.0
134.01576425033886,12.026756212431929,-99.8711379247045,11.143134680971434,0,0,2.5,-111.87113792470453,20260128-205932,1.0,0.0
134.41976689523602,10.232981059590646,-100.81603445480778,13.135934300323358,0,0,2.5,-112.81603445480775,20260128-205932,1.0,0.0
134.8941563186743,8.777391025236872,-101.82432099326365,15.368365831125084,0,0,2.5,-113.82432099326368,20260128-205932,1.0,0.0
135.4471142717375,7.587303926772202,-102.89397631915307,17.85181081171735,0,0,2.5,-114.89397631915307,20260128-205932,1.0,0.0
136.0871747533376,6.607460484143242,-104.0226669077698,20.59598768391021,0,0,2.5,-116.02266690776982,20260128-205932,1.0,0.0
136.82316511592597,5.795444099021703,-105.20773146184217,23.608745555672318,0,0,2.5,-117.20773146184216,20260128-205932,1.0,0.0
137.66414046944567,5.118411902871174,-106.44617129081183,26.895869867804688,0,0,2.5,-118.44617129081183,20260128-205932,1.0,0.0
138.61931193824603,4.55072793154082,-107.73464771205028,30.460909556355585,0,0,2.5,-119.73464771205028,20260128-205932,1.0,0.0
139.69796965405192,4.072229242605412,-109.06948749077475,34.30503572649391,0,0,2.5,-121.06948749077473,20260128-205932,1.0,0.0
140.90940170035807,3.6669429227424764,-110.44669708908782,38.42694164297848,0,0,2.5,-122.44669708908783,20260128-205932,1.0,0.0
142.26281053680722,3.3221282620628743,-111.86198616188494,42.8227928949586,0,0,2.5,-123.86198616188494,20260128-205932,1.0,0.0
143.7672287007728,3.0275558611736404,-113.31080033089472,47.486234868360455,0,0,2.5,-125.31080033089475,20260128-205932,1.0,0.0
145.43143578204106,2.774960944884325,-114.78836281045278,52.40846219841246,0,0,2.5,-126.78836281045277,20260128-205932,1.0,0.0
147.26387877256843,2.5576258115073234,-116.28972398139865,57.578351809711855,0,0,2.5,-128.28972398139865,20260128-205932,1.0,0.0
149.27259789006047,2.3700587326631353,-117.80981755074657,62.982657700777374,0,0,2.5,-129.80981755074657,20260128-205932,1.0,0.0
151.46515985338164,2.2077454048178367,-119.34352153482206,68.60626208205342,0,0,2.5,-131.34352153482206,20260128-205932,1.0,0.0
153.84860035165542,2.066955345757083,-120.885722000042,74.43247415454148,0,0,2.5,-132.885722000042,20260128-205932,1.0,0.0
155.82757183442013,8.851384043304215,-95.77809505525477,17.604882024331395,0,0,2.5,-101.77809505525478,20260128-205932,1.0,0.0
156.76505624631622,4.041319372453104,-103.57623931394393,38.79056362505667,0,0,2.5,-103.57623931394393,20260128-205932,1.0,0.0
158.42029465833122,2.6151944906409907,-111.35749274199515,60.57686922531793,0,0,2.5,-105.35749274199515,20260128-205932,1.0,0.0
160.80387860445114,1.9515901677218128,-119.07673385557572,82.39633569796338,0,0,2.5,-107.07673385557572,20260128-205932,1.0,0.0
163.90754467932882,1.5807164791284902,-126.69140672460149,103.69193137639544,0,0,2.5,-108.69140672460149,20260128-205932,1.0,0.0
167.70516901263065,1.3529557483769443,-134.16409924870737,123.95465942904339,0,0,2.5,-110.16409924870737,20260128-205932,1.0,0.0
172.15486643207663,1.2059760280177703,-141.46436263210205,142.75148297519883,0,0,2.5,-111.46436263210205,20260128-205932,1.0,0.0
175.15333670033672,5.253020579363255,-99.38134322131808,33.34335627551795,0,0,2.5,-63.381343221318076,20260128-205932,1.0,0.0
176.70318907760876,2.9590178844955055,-107.33475493514723,59.7168371314983,0,0,2.5,-65.33475493514723,20260128-205932,1.0,0.0
179.1351075051569,2.0793624606437904,-115.23232336250443,86.14905332555391,0,0,2.5,-67.23232336250443,20260128-205932,1.0,0.0
182.43937721749833,1.629708879654682,-123.02636022742539,111.9459920081894,0,0,2.7,-69.02636022742539,20260128-205932,1.0,0.0
186.58405130485775,1.3671634902266683,-130.67477662727873,136.47530279931857,0,0,2.7,-70.67477662727873,20260128-205932,1.0,0.0
191.5176782198723,1.202970694025589,-138.14330935346956,159.2039433471007,0,0,2.7,-72.14330935346956,20260128-205932,1.0,0.0
196.06990599163052,1.5549405986550953,-124.88659089936235,126.09478854768858,0,0,2.7,-52.88659089936234,20260128-205932,1.0,0.0
200.7045907692366,1.3232628161901436,-132.49611490372413,151.6740199404173,0,0,2.7,-54.496114903724134,20260128-205932,1.0,0.0
206.15799602631196,1.1770926476903776,-139.91683466836542,175.14169035956783,0,0,2.7,-55.916834668365425,20260128-205932,1.0,0.0
211.40960884457232,1.47510799594391,-128.5444780106762,143.31805496674363,0,0,2.7,-38.54447801067617,20260128-205932,1.0,0.0
216.6257324227993,1.2797904850218393,-136.077869580033,169.26655961120278,0,0,2.7,-40.07786958003299,20260128-205932,1.0,0.0
222.66610152385977,1.1554776415951085,-143.41146030409166,192.70481185293613,0,0,2.7,-41.411460304091655,20260128-205932,1.0,0.0
229.36997605951314,1.0978866542994739,-150.51657223544845,208.91954115779532,0,0,2.7,-42.516572235448464,20260128-205932,1.0,0.0
236.55408981448085,1.0677776173519489,-157.3802973534722,221.53872301718286,0,0,2.7,-43.380297353472194,20260128-205932,1.0,0.0
244.1009505333704,1.0580195874145668,-164.01053226009964,230.7149635384998,0,0,2.7,-44.01053226009963,20260128-205932,1.0,0.0
251.89909267919114,1.064425832200736,-170.41935339105603,236.65255488809524,0,0,2.7,-44.419353391056035,20260128-205932,1.0,0.0
259.8443700407626,1.084569934925018,-176.62141901604653,239.5828629149,0,0,2.7,-44.621419016046524,20260128-205932,1.0,0.0
267.8405457890339,1.1171814588832187,177.36727857947278,239.74668005748904,0,0,2.7,-44.63272142052719,20260128-205932,1.0,0.0
275.7993973368794,1.1618351742552502,171.53032726047877,237.38255085422938,0,0,2.9,-44.46967273952125,20260128-205932,1.0,0.0
275.80833119247364,4.668572404002992,75.7497858939845,-59.077659576616234,0,0,2.9,-134.25021410601553,20260128-205932,1.0,0.0
273.543672962067,3.564064071089911,71.34954965382678,-76.7504925573394,0,0,2.9,-132.65045034617322,20260128-205932,1.0,0.0
270.519117412723,1.2604876563239178,25.76160786038531,-214.6146501756821,0,0,2.9,-172.23839213961466,20260128-205932,1.0,0.0
263.2162076606873,1.178854214326381,20.461553577124732,-223.28139006661982,0,0,2.9,-171.53844642287524,20260128-205932,1.0,0.0
255.6533139061895,1.110659730316697,15.026443086481436,-230.1814920698455,0,0,2.9,-170.97355691351856,20260128-205932,1.0,0.0
247.89264886995073,1.054358624303987,9.439404909945495,-235.11226935103974,0,0,2.9,-170.5605950900545,20260128-205932,1.0,0.0
240.00350827623964,1.0090487159506767,3.6821826662126114,-237.85125978790828,0,0,2.9,-170.31781733378736,20260128-205932,1.0,0.0
232.0629394443759,0.9744160215912404,-2.2647046285090937,-238.15591523773654,0,0,2.9,-170.26470462850912,20260128-205932,1.0,0.0
224.15638908864508,0.9507605477524658,-8.421610725287678,-235.76534556312393,0,0,2.9,-170.42161072528765,20260128-205932,1.0,0.0
216.37824083170545,0.9391194477184913,-14.809134587596532,-230.40545199801525,0,0,2.9,-170.80913458759656,20260128-205932,1.0,0.0
208.83210090199654,0.9415366096844628,-21.44711703771054,-221.799236220865,0,0,2.9,-171.44711703771057,20260128-205932,1.0,0.0
201.63062445911606,0.9615908471399586,-28.35315862088828,-209.6844256149299,0,0,2.9,-172.3531586208883,20260128-205932,1.0,0.0
194.8946025074041,1.0054378543992852,-35.540582169125514,-193.84052595060385,0,0,2.9,-173.5405821691255,20260128-205932,1.0,0.0
188.75097047970772,1.0839874079650627,-43.015841828630414,-174.12653421320115,0,0,2.9,-175.01584182863044,20260128-205932,1.0,0.0
183.32939210210543,1.2179069132808358,-50.77553213679255,-150.5282465375346,0,0,2.9,-176.77553213679255,20260128-205932,1.0,0.0
178.75717067886433,1.4508330536373524,-58.80337959586234,-123.21002077441375,0,0,2.9,-178.80337959586234,20260128-205932,1.0,0.0
174.28254849431463,0.9816894098695238,-41.642721560204336,-177.5332877610226,0,0,2.9,-155.64272156020434,20260128-205932,1.0,0.0
168.74348901463503,1.094824521141179,-49.51111629488457,-154.1283427217606,0,0,2.9,-157.51111629488457,20260128-205932,1.0,0.0
164.0518216991802,1.2945274677687495,-57.686005387393834,-126.7271848483372,0,0,2.9,-159.68600538739383,20260128-205932,1.0,0.0
159.8662052984283,0.7253649456029858,-23.31988585402928,-220.39417022769655,0,0,2.9,-119.31988585402925,20260128-205932,1.0,0.0
152.7399748616308,0.7397631348598204,-30.64996908019299,-206.47146047710785,0,0,2.9,-120.64996908019299,20260128-205932,1.0,0.0
146.15069346361707,0.7769035770949784,-38.38729738446983,-188.1194755340273,0,0,2.9,-122.38729738446985,20260128-205932,1.0,0.0
140.25105137286297,0.8496947613221832,-46.54756728672521,-165.0605108528888,0,0,2.9,-124.54756728672521,20260128-205932,1.0,0.0
135.1998850166013,0.9852641975789518,-55.12708050876614,-137.22196071756417,0,0,2.9,-127.12708050876614,20260128-205932,1.0,0.0
131.15343532357937,1.2508513862370434,-64.09498302231128,-104.85133307333207,0,0,2.9,-130.09498302231128,20260128-205932,1.0,0.0
128.25291387967658,1.8691476425618514,-73.3874159947859,-68.61572139046935,0,0,2.9,-133.38741599478587,20260128-205932,1.0,0.0
126.60968159888618,4.27204564332482,-82.90663346203792,-29.636781104321066,0,0,2.9,-136.90663346203795,20260128-205932,1.0,0.0
126.29100010847726,11.932198720126442,-92.52757579371809,10.584051026191675,0,0,2.9,-140.52757579371809,20260128-205932,1.0,0.0
127.31028486825272,2.528140735923411,-102.11192061316638,50.35727760691782,0,0,2.9,-144.11192061316635,20260128-205932,1.0,0.0
125.12446983124265,2.557514373835284,-78.23775187460706,-48.92424891579564,0,0,2.9,-114.23775187460707,20260128-205932,1.0,0.0
124.1581294536308,14.032619305295347,-87.88725913724977,-8.847822829967212,0,0,2.8,-117.88725913724976,20260128-205932,1.0,0.0
124.53886926464367,3.9399322296826056,-97.5681755304762,31.609393767332975,0,0,2.8,-121.56817553047622,20260128-205932,1.0,0.0
126.25039431458076,1.7851813873800078,-107.13788151874968,70.72132569109411,0,0,2.8,-125.13788151874968,20260128-205932,1.0,0.0
129.22164939843645,1.2080238714966833,-116.46852001976208,106.96945022976828,0,0,2.8,-128.46852001976205,20260128-205932,1.0,0.0
133.337283703266,0.9576275306720612,-125.46141699796004,139.23710360508343,0,0,2.8,-131.46141699796004,20260128-205932,1.0,0.0
138.45256400287874,0.8296586621955099,-134.05343577347315,166.8789471039745,0,0,2.8,-134.05343577347315,20260128-205932,1.0,0.0
144.40860854436914,0.761339414236402,-142.21552059774322,189.67704264885086,0,0,2.8,-136.21552059774322,20260128-205932,1.0,0.0
151.044940855943,0.7271096313064761,-149.9462250224244,207.73337933173062,0,0,2.8,-137.9462250224244,20260128-205932,1.0,0.0
158.20813551380394,0.7147417764940759,-157.26347869978625,221.3500605629077,0,0,2.8,-139.26347869978625,20260128-205932,1.0,0.0
164.44400621295154,1.0132100443013565,-131.59904613233326,162.30001581393853,0,0,2.8,-107.59904613233326,20260128-205932,1.0,0.0
170.2495852048386,0.9186192368923427,-139.48605720286747,185.33204876134218,0,0,2.8,-109.48605720286749,20260128-205932,1.0,0.0
176.75268674659947,0.8657591561069595,-147.03526345037375,204.15918849925822,0,0,2.8,-111.03526345037376,20260128-205932,1.0,0.0
178.3828813651438,2.9706106510097654,-103.68835262097664,60.049229711240734,0,0,2.8,-61.68835262097665,20260128-205932,1.0,0.0
180.94669606727285,1.9370069097235905,-112.09062738303882,93.41561723860542,0,0,2.8,-64.09062738303882,20260128-205932,1.0,0.0
184.58183628926503,1.486144225330156,-120.31439548092716,124.20183259687265,0,0,2.8,-66.31439548092716,20260128-205932,1.0,0.0
189.1909070733337,1.2466116503381761,-128.31318903999002,151.76410955409466,0,0,2.7,-68.31318903999002,20260128-205932,1.0,0.0
194.65902841320283,1.1079286049462331,-136.05565925638135,175.69636485976412,0,0,2.7,-70.05565925638135,20260128-205932,1.0,0.0
200.50557988221058,3.331878030287834,-104.5213914841936,60.17794710957331,0,0,2.7,-32.5213914841936,20260128-205932,1.0,0.0
203.0562019230571,2.1948434999733752,-112.67352085476915,92.51511641969931,0,0,2.7,-34.673520854769144,20260128-205932,1.0,0.0
206.64627067457548,1.6878729365979872,-120.67215415750229,122.42999232577534,0,0,2.7,-36.67215415750229,20260128-205932,1.0,0.0
211.18464112320467,1.4142035248599567,-128.47792983672971,149.33115171249307,0,0,2.7,-38.47792983672971,20260128-205932,1.0,0.0
216.5637540779458,1.2530798580724216,-136.06314379429242,172.8251816377289,0,0,2.7,-40.06314379429242,20260128-205932,1.0,0.0
222.66610152386014,1.155477641595111,-143.41146030409163,192.70481185293605,0,0,2.7,-41.41146030409163,20260128-205932,1.0,0.0
229.3699760595135,1.0978866542994756,-150.51657223544842,208.91954115779532,0,0,2.7,-42.51657223544843,20260128-205932,1.0,0.0
236.55408981448122,1.0677776173519506,-157.38029735347217,221.5387230171828,0,0,2.7,-43.380297353472166,20260128-205932,1.0,0.0
244.10095053337076,1.0580195874145686,-164.0105322600996,230.71496353849977,0,0,2.7,-44.01053226009961,20260128-205932,1.0,0.0
251.8990926791915,1.0644258322007378,-170.419353391056,236.65255488809518,0,0,2.7,-44.419353391056,20260128-205932,1.0,0.0
259.844370040763,1.0845699349250197,-176.6214190160465,239.58286291489998,0,0,2.7,-44.621419016046495,20260128-205932,1.0,0.0
267.8405457890343,1.1171814588832205,177.36727857947284,239.74668005748902,0,0,2.7,-44.63272142052716,20260128-205932,1.0,0.0
275.79939733687974,1.1618351742552515,171.53032726047877,237.3825508542294,0,0,2.7,-44.46967273952123,20260128-205932,1.0,0.0
275.80833119247353,4.668572404003014,75.7497858939845,-59.07765957661593,0,0,2.6,-134.25021410601548,20260128-205932,1.0,0.0
273.54367296206686,3.5640640710899234,71.3495496538269,-76.7504925573391,0,0,2.6,-132.65045034617313,20260128-205932,1.0,0.0
270.69552537622303,2.877510504144633,66.92286080699608,-94.07281919086853,0,0,2.6,-131.07713919300392,20260128-205932,1.0,0.0
266.46779536951925,1.206761079842141,22.02359149564728,-220.81238765537287,0,0,2.6,-169.97640850435272,20260128-205932,1.0,0.0
258.97834631562796,1.1346106177869109,16.62670842400877,-228.25306079082208,0,0,2.6,-169.37329157599123,20260128-205932,1.0,0.0
251.27214974028684,1.0748101055536774,11.083418071285507,-233.7828314433707,0,0,2.6,-168.9165819287145,20260128-205932,1.0,0.0
243.41645222198835,1.0262707535845992,5.375983656618473,-237.18541269131342,0,0,2.6,-168.6240163433815,20260128-205932,1.0,0.0
235.48604125641396,0.9885041151659544,-0.5145912917636792,-238.22464433228944,0,0,2.6,-168.51459129176368,20260128-205932,1.0,0.0
227.56389558582137,0.9616231891858539,-6.608272166560823,-236.6455989673933,0,0,2.6,-168.6082721665608,20260128-205932,1.0,0.0
219.7417533913017,0.9464339787639373,-12.925455503892977,-232.1786393154323,0,0,2.6,-168.925455503893,20260128-205932,1.0,0.0
212.1204739580713,0.9446551108856243,-19.486089923531267,-224.54806152396307,0,0,2.6,-169.4860899235313,20260128-205932,1.0,0.0
204.81000705758018,0.9593543046162322,-26.30835417981575,-213.4873488054132,0,0,2.6,-170.30835417981575,20260128-205932,1.0,0.0
197.92871378132904,0.9958017758101663,-33.40680700640246,-198.76316611335406,0,0,2.6,-171.40680700640246,20260128-205932,1.0,0.0
191.60171861719115,1.0632156762121912,-40.789983766634236,-180.2096441051272,0,0,2.6,-172.78998376663424,20260128-205932,1.0,0.0
185.95794699029514,1.1786447386026913,-48.457541591248116,-157.77268662884143,0,0,2.6,-174.45754159124812,20260128-205932,1.0,0.0
181.1255646815165,1.3767468918314953,-56.39725817758921,-131.56054010811238,0,0,2.6,-176.3972581775892,20260128-205932,1.0,0.0
177.22574145048358,1.7393514432623467,-64.58244375437283,-101.89185293000766,0,0,2.6,-178.58244375437283,20260128-205932,1.0,0.0
172.29936655821658,1.0674019927461833,-47.133578063447885,-161.41937876181905,0,0,2.6,-155.13357806344789,20260128-205932,1.0,0.0
167.34374264047997,1.2371693153969059,-55.195465381137296,-135.26341185304383,0,0,2.6,-157.19546538113727,20260128-205932,1.0,0.0
159.86620529842827,0.7253649456029847,-23.31988585402911,-220.39417022769683,0,0,2.6,-119.3198858540291,20260128-205932,1.0,0.0
152.73997486163077,0.7397631348598191,-30.649969080192818,-206.47146047710814,0,0,2.6,-120.64996908019283,20260128-205932,1.0,0.0
146.15069346361705,0.7769035770949767,-38.38729738446966,-188.11947553402766,0,0,2.6,-122.38729738446969,20260128-205932,1.0,0.0
140.25105137286292,0.8496947613221804,-46.54756728672504,-165.06051085288928,0,0,2.6,-124.54756728672506,20260128-205932,1.0,0.0
135.19988501660123,0.9852641975789471,-55.12708050876597,-137.22196071756474,0,0,2.6,-127.12708050876599,20260128-205932,1.0,0.0
131.1534353235793,1.2508513862370354,-64.09498302231111,-104.85133307333267,0,0,2.6,-130.0949830223111,20260128-205932,1.0,0.0
128.25291387967647,1.8691476425618316,-73.38741599478567,-68.61572139047001,0,0,2.6,-133.3874159947857,20260128-205932,1.0,0.0
126.60968159888604,4.272045643324718,-82.9066334620378,-29.636781104321745,0,0,2.6,-136.90663346203777,20260128-205932,1.0,0.0
126.2910001084771,11.932198720127193,-92.52757579371792,10.584051026190997,0,0,2.6,-140.52757579371792,20260128-205932,1.0,0.0
127.31028486825254,2.528140735923438,-102.11192061316615,50.357277606917215,0,0,2.6,-144.11192061316618,20260128-205932,1.0,0.0
125.12446983124266,2.557514373835246,-78.23775187460689,-48.92424891579636,0,0,2.6,-114.2377518746069,20260128-205932,1.0,0.0
124.1581294536308,14.032619305294185,-87.8872591372496,-8.847822829967944,0,0,2.6,-117.88725913724959,20260128-205932,1.0,0.0
124.53886926464364,3.9399322296826953,-97.56817553047603,31.60939376733225,0,0,2.6,-121.56817553047604,20260128-205932,1.0,0.0
126.2503943145807,1.7851813873800237,-107.13788151874951,70.72132569109344,0,0,2.6,-125.13788151874951,20260128-205932,1.0,0.0
129.22164939843637,1.2080238714966893,-116.46852001976185,106.96945022976767,0,0,2.6,-128.46852001976188,20260128-205932,1.0,0.0
133.33728370326588,0.9576275306720639,-125.46141699795987,139.23710360508292,0,0,2.6,-131.46141699795987,20260128-205932,1.0,0.0
138.45256400287863,0.8296586621955115,-134.05343577347298,166.87894710397404,0,0,2.6,-134.05343577347298,20260128-205932,1.0,0.0
144.40860854436903,0.7613394142364028,-142.21552059774305,189.6770426488505,0,0,2.6,-136.21552059774305,20260128-205932,1.0,0.0
151.04494085594285,0.7271096313064764,-149.94622502242424,207.73337933173033,0,0,2.6,-137.94622502242424,20260128-205932,1.0,0.0
158.2081355138038,0.7147417764940759,-157.26347869978613,221.3500605629075,0,0,2.6,-139.26347869978613,20260128-205932,1.0,0.0
165.75673603994946,0.7177828486766311,-164.1969204060328,230.92880576006164,0,0,2.6,-140.1969204060328,20260128-205932,1.0,0.0
173.56331741413163,0.7326420571658505,-170.78189270943395,236.9005651757739,0,0,2.6,-140.78189270943395,20260128-205932,1.0,0.0
181.5146846488602,0.7573111628786958,-177.05528531746387,239.68309665327718,0,0,2.6,-141.05528531746387,20260128-205932,1.0,0.0
184.94874356586007,3.3995065253656773,-102.29215224594265,54.404585543769635,0,0,2.6,-60.29215224594264,20260128-205932,1.0,0.0
187.32391613516234,2.134088254184034,-110.6298465126525,87.77702410755519,0,0,2.6,-62.62984651265251,20260128-205932,1.0,0.0
190.774101881393,1.6061615132103575,-118.8074865956629,118.77641215551121,0,0,2.6,-64.8074865956629,20260128-205932,1.0,0.0
195.20849350196983,1.3303303742027415,-126.77867759936247,146.73685370745372,0,0,2.6,-66.77867759936247,20260128-205932,1.0,0.0
199.06269879416863,7.599824247647536,-96.26561449584335,26.19306609041477,0,0,2.5,-30.26561449584336,20260128-205932,1.0,0.0
200.50557988221095,3.3318780302878426,-104.5213914841936,60.17794710957327,0,0,2.5,-32.52139148419359,20260128-205932,1.0,0.0
203.0562019230575,2.1948434999733806,-112.67352085476912,92.51511641969925,0,0,2.5,-34.67352085476913,20260128-205932,1.0,0.0
206.64627067457585,1.6878729365979912,-120.67215415750226,122.42999232577527,0,0,2.5,-36.67215415750227,20260128-205932,1.0,0.0
211.18464112320504,1.4142035248599598,-128.4779298367297,149.331151712493,0,0,2.5,-38.477929836729686,20260128-205932,1.0,0.0
216.56375407794616,1.253079858072424,-136.0631437942924,172.82518163772883,0,0,2.5,-40.063143794292394,20260128-205932,1.0,0.0
222.6661015238605,1.1554776415951133,-143.4114603040916,192.704811852936,0,0,2.5,-41.41146030409161,20260128-205932,1.0,0.0
229.36997605951387,1.0978866542994778,-150.5165722354484,208.91954115779524,0,0,2.5,-42.51657223544841,20260128-205932,1.0,0.0
236.55408981448159,1.0677776173519526,-157.38029735347214,221.53872301718275,0,0,2.5,-43.380297353472145,20260128-205932,1.0,0.0
244.10095053337113,1.0580195874145704,-164.01053226009958,230.71496353849972,0,0,2.5,-44.01053226009958,20260128-205932,1.0,0.0
251.89909267919185,1.0644258322007392,-170.41935339105598,236.6525548880952,0,0,2.5,-44.41935339105598,20260128-205932,1.0,0.0
259.84437004076335,1.084569934925021,-176.62141901604647,239.5828629149,0,0,2.5,-44.62141901604647,20260128-205932,1.0,0.0
267.84054578903465,1.1171814588832218,177.3672785794729,239.74668005748904,0,0,2.5,-44.63272142052714,20260128-205932,1.0,0.0
275.79939733688013,1.1618351742552533,171.53032726047877,237.3825508542294,0,0,2.5,-44.4696727395212,20260128-205932,1.0,0.0
275.8083311924734,4.668572404003036,75.74978589398461,-59.07765957661564,0,0,2.4,-134.2502141060154,20260128-205932,1.0,0.0
273.54367296206675,3.564064071089937,71.3495496538269,-76.75049255733877,0,0,2.4,-132.65045034617307,20260128-205932,1.0,0.0
270.695525376223,2.877510504144642,66.92286080699614,-94.07281919086822,0,0,2.4,-131.07713919300383,20260128-205932,1.0,0.0
267.27700576154217,2.4088085031290434,62.462714169872584,-110.95817928836983,0,0,2.4,-129.53728583012744,20260128-205932,1.0,0.0
262.5001939053991,1.1604588581273032,18.185223071989526,-226.2037917733768,0,0,2.4,-167.81477692801045,20260128-205932,1.0,0.0
254.85294210050574,1.0970615561219188,12.682519734332857,-232.30505223554056,0,0,2.4,-167.31748026566714,20260128-205932,1.0,0.0
247.03614195216497,1.0452573486722783,7.021552003088118,-236.34001929377368,0,0,2.4,-166.9784479969119,20260128-205932,1.0,0.0
239.12244641711303,1.0043834409101484,1.1838388478530533,-238.07884188176774,0,0,2.4,-166.81616115214698,20260128-205932,1.0,0.0
231.19248986496802,0.9743743430145334,-4.850138263484155,-237.27276023063308,0,0,2.4,-166.85013826348418,20260128-205932,1.0,0.0
223.33547468411268,0.9558250822785865,-11.100476011020987,-233.65726514699153,0,0,2.4,-167.10047601102102,20260128-205932,1.0,0.0
215.6495897702709,0.9501685135305069,-17.587081282076156,-226.95930953235808,0,0,2.4,-167.58708128207618,20260128-205932,1.0,0.0
208.24209529514715,0.9600371190665302,-24.328496438015463,-216.9104622721531,0,0,2.4,-168.32849643801546,20260128-205932,1.0,0.0
201.22884083196834,0.989967656468241,-31.34022797703352,-203.26809620211458,0,0,2.4,-169.34022797703352,20260128-205932,1.0,0.0
194.7329178334399,1.0478167257828497,-38.63253407833827,-185.8463537007869,0,0,2.4,-170.6325340783383,20260128-205932,1.0,0.0
188.88210894628818,1.147820132564786,-46.20773042448269,-164.5572364410738,0,0,2.4,-172.2077304244827,20260128-205932,1.0,0.0
183.80482932751784,1.3179825568800165,-54.05725108501281,-139.45922756567305,0,0,2.4,-174.05725108501284,20260128-205932,1.0,0.0
179.62441343583157,1.6210665825584614,-62.158939156151234,-110.8063144157459,0,0,2.4,-176.15893915615123,20260128-205932,1.0,0.0
175.17735944505634,0.7406353291388079,-9.764594190748767,-236.52309382641545,0,0,2.4,-117.76459419074875,20260128-205932,1.0,0.0
167.3879596614109,0.7269154608373088,-16.369355341937194,-230.2715634478354,0,0,2.4,-118.36935534193722,20260128-205932,1.0,0.0
159.86620529842827,0.7253649456029841,-23.31988585402894,-220.394170227697,0,0,2.4,-119.31988585402897,20260128-205932,1.0,0.0
152.73997486163074,0.7397631348598179,-30.649969080192704,-206.47146047710845,0,0,2.4,-120.6499690801927,20260128-205932,1.0,0.0
146.150693463617,0.7769035770949748,-38.38729738446955,-188.11947553402806,0,0,2.4,-122.38729738446953,20260128-205932,1.0,0.0
140.25105137286286,0.8496947613221776,-46.54756728672487,-165.06051085288976,0,0,2.4,-124.5475672867249,20260128-205932,1.0,0.0
135.19988501660117,0.9852641975789428,-55.12708050876586,-137.22196071756528,0,0,2.4,-127.12708050876584,20260128-205932,1.0,0.0
131.1534353235792,1.2508513862370274,-64.09498302231094,-104.85133307333327,0,0,2.4,-130.09498302231094,20260128-205932,1.0,0.0
128.25291387967636,1.869147642561812,-73.38741599478556,-68.61572139047067,0,0,2.4,-133.38741599478553,20260128-205932,1.0,0.0
126.60968159888591,4.272045643324619,-82.90663346203763,-29.636781104322406,0,0,2.4,-136.90663346203763,20260128-205932,1.0,0.0
126.29100010847695,11.932198720127927,-92.5275757937178,10.584051026190332,0,0,2.4,-140.52757579371777,20260128-205932,1.0,0.0
127.31028486825237,2.528140735923466,-102.11192061316603,50.35727760691658,0,0,2.4,-144.11192061316603,20260128-205932,1.0,0.0
125.12446983124268,2.5575143738352097,-78.23775187460672,-48.924248915797065,0,0,2.4,-114.23775187460672,20260128-205932,1.0,0.0
124.15812945363079,14.032619305292998,-87.88725913724943,-8.847822829968692,0,0,2.4,-117.8872591372494,20260128-205932,1.0,0.0
124.5388692646436,3.9399322296827832,-97.56817553047586,31.609393767331532,0,0,2.4,-121.56817553047587,20260128-205932,1.0,0.0
126.25039431458065,1.7851813873800408,-107.13788151874934,70.72132569109273,0,0,2.4,-125.13788151874932,20260128-205932,1.0,0.0
129.2216493984363,1.2080238714966962,-116.46852001976174,106.96945022976702,0,0,2.4,-128.46852001976174,20260128-205932,1.0,0.0
133.3372837032658,0.957627530672067,-125.4614169979597,139.23710360508238,0,0,2.4,-131.4614169979597,20260128-205932,1.0,0.0
138.45256400287852,0.829658662195513,-134.05343577347287,166.87894710397362,0,0,2.4,-134.05343577347287,20260128-205932,1.0,0.0
144.4086085443689,0.7613394142364035,-142.21552059774294,189.67704264885015,0,0,2.4,-136.21552059774294,20260128-205932,0.0,0.0
150.77486127346657,0.7845811131942727,-144.06812544795264,192.17243282802897,0,0,2.4,-138.06812544795264,20260128-205932,0.0,0.0
157.21241274784396,0.8104782534862611,-145.7507841451771,193.97486863046223,0,0,2.4,-139.7507841451771,20260128-205932,0.0,0.0
163.7000380453874,0.838655664953355,-147.28303655117065,195.1933849448119,0,0,2.4,-141.28303655117065,20260128-205932,0.0,0.0
170.21982800506362,0.8688299939828247,-148.68200022356527,195.91845261321467,0,0,2.4,-142.68200022356527,20260128-205932,0.0,0.0
176.75662406624033,0.9007848753155657,-149.96262687150787,196.22512423326202,0,0,2.4,-143.96262687150787,20260128-205932,0.0,0.0
177.82710308659475,1.838233295527474,-63.44193056206322,-96.73804925591229,0,0,2.4,-57.44193056206322,20260128-205932,0.0,0.0
174.74600585956455,1.9833235419790751,-65.59732614225598,-88.10766481660015,0,0,2.4,-59.59732614225599,20260128-205932,0.0,0.0
171.95442708945288,2.1664292569630965,-67.7993781474789,-79.37227884860586,0,0,2.4,-61.799378147478905,20260128-205932,0.0,0.0
169.45530917220444,2.401371450740214,-70.04236921117314,-70.56605471009928,0,0,2.4,-64.04236921117314,20260128-205932,0.0,0.0
167.250388111175,2.7095121843512966,-72.31983437373077,-61.72712161145627,0,0,2.4,-66.31983437373077,20260128-205932,0.0,0.0
164.54750781199064,0.8922963319407011,-28.912466188391505,-184.4090375829606,0,0,2.4,-22.912466188391498,20260128-205932,0.0,0.0
158.47535645001486,0.8809435354347595,-30.13225017732006,-179.89275143702005,0,0,2.4,-24.132250177320067,20260128-205932,0.0,0.0
152.55657097279393,0.8707357135379098,-31.431162267507347,-175.20421937551777,0,0,2.4,-25.431162267507357,20260128-205932,0.0,0.0
146.7971882840969,0.8618628996500256,-32.81532940978403,-170.32545239353783,0,0,2.4,-26.81532940978402,20260128-205932,0.0,0.0
141.20387161374526,0.8545543085413675,-34.29125394582124,-165.23686113614608,0,0,2.4,-28.291253945821232,20260128-205932,0.0,0.0
135.78396333699055,0.8490886404187197,-35.86577822594518,-159.91730058952388,0,0,2.4,-29.86577822594519,20260128-205932,0.0,0.0
130.54553480925804,0.8458077869871831,-37.54602317548898,-154.34421013581454,0,0,2.4,-31.546023175488997,20260128-205932,0.0,0.0
125.49742942255281,0.8451353229434146,-39.33929272356136,-148.49388732856855,0,0,2.4,-33.33929272356137,20260128-205932,0.0,0.0
120.64929366376091,0.8476018485235189,-41.25293468817745,-142.3419425924166,0,0,2.4,-35.25293468817745,20260128-205932,0.0,0.0
116.01158924302763,0.853880334157835,-43.294147757959735,-135.86399007238822,0,0,2.4,-37.29414775795973,20260128-205932,0.0,0.0
111.59557742505763,0.864836390403065,-45.46972407088924,-129.03663474781337,0,0,2.4,-39.469724070889235,20260128-205932,0.0,0.0
107.41326469839184,0.8816013643109983,-47.78571820879455,-121.83881405666719,0,0,2.4,-41.78571820879456,20260128-205932,0.0,0.0
103.4772971636284,0.905681333535984,-50.24703703726283,-114.25353855934043,0,0,2.4,-44.247037037262814,20260128-205932,0.0,0.0
99.80079000790136,0.9391243844524844,-52.85695166471481,-106.27004437339349,0,0,2.4,-46.856951664714806,20260128-205932,0.0,0.0
96.3970788681291,0.9847860733966551,-55.61654369521487,-97.88631406579812,0,0,2.4,-49.61654369521487,20260128-205932,0.0,0.0
93.27938264925379,1.0467675660463998,-58.52411320658334,-89.11183884075275,0,0,2.4,-52.524113206583344,20260128-205932,0.0,0.0
90.46037335638327,1.131173394909047,-61.57459468319769,-79.97038629401005,0,0,2.4,-55.57459468319768,20260128-205932,0.0,0.0
87.9516583413239,1.2474984445475548,-64.75904689474683,-70.5024192420716,0,0,2.4,-58.75904689474684,20260128-205932,0.0,0.0
85.76319394764343,1.4113515738277105,-68.06429871319435,-60.76671152535442,0,0,2.4,-62.064298713194354,20260128-205932,0.0,0.0
83.9026655450057,1.6503060978290267,-71.47283859106295,-50.84066868284583,0,0,2.4,-65.47283859106295,20260128-205932,0.0,0.0
82.37488455353842,2.018055952641282,-74.96302417210136,-40.818929943802665,0,0,2.4,-68.96302417210136,20260128-205932,0.0,0.0
81.18126418278696,2.6348972427272646,-78.5096561767301,-30.810030412707803,0,0,2.4,-72.5096561767301,20260128-205932,0.0,0.0
80.31943786869867,3.8373022704888657,-82.0849090268675,-20.93122516993328,0,0,2.4,-76.0849090268675,20260128-205932,0.0,0.0
79.78307473999575,7.059228773096911,-85.65954900867887,-11.3019534150888,0,0,2.4,-79.65954900867887,20260128-205932,0.0,0.0
79.56192482631968,39.06331628020382,-89.2043146871987,-2.036742714203182,0,0,2.4,-83.2043146871987,20260128-205932,0.0,0.0
76.97060907831252,0.573151107512299,-16.79387528495849,-134.29374569717783,0,0,2.4,-10.793875284958482,20260128-205932,0.0,0.0
72.54864738423552,0.5537671104699761,-17.833721415434866,-131.0093106155479,0,0,2.4,-11.833721415434859,20260128-205932,0.0,0.0
68.23772563620713,0.5346594440596292,-18.983799592616606,-127.62839297868412,0,0,2.4,-12.983799592616611,20260128-205932,0.0,0.0
64.0413786551928,0.5159171135241948,-20.260802716684367,-124.13113846472447,0,0,2.4,-14.260802716684374,20260128-205932,0.0,0.0
59.96388258666247,0.49765566208900397,-21.684621478302063,-120.49271645971575,0,0,2.4,-15.68462147830207,20260128-205932,0.0,0.0
56.01044321602742,0.48002677664766524,-23.279031690734286,-116.68191430316503,0,0,2.4,-17.279031690734282,20260128-205932,0.0,0.0
52.18743752530261,0.46323225080048613,-25.072512873991627,-112.65933543081333,0,0,2.4,-19.072512873991613,20260128-205932,0.0,0.0
48.502722945338256,0.44754477557510114,-27.099193988183714,-108.3751293555189,0,0,2.4,-21.099193988183718,20260128-205932,0.0,0.0
44.96603061499291,0.43333976468271906,-29.39988697036165,-103.7662229034438,0,0,2.4,-23.399886970361646,20260128-205932,0.0,0.0
41.589458260255036,0.4211456619889946,-32.023096311727386,-98.7531441350614,0,0,2.4,-26.02309631172738,20260128-205932,0.0,0.0
38.38807109394947,0.41172652577621976,-35.02575471334285,-93.23681786490975,0,0,2.4,-29.02575471334283,20260128-205932,0.0,0.0
35.38059765375047,0.4062238386736468,-38.473189123182635,-87.09631066771202,0,0,2.4,-32.473189123182635,20260128-205932,0.0,0.0
32.59015801014951,0.40641366306354626,-42.437422663399644,-80.1896219838794,0,0,2.4,-36.437422663399644,20260128-205932,0.0,0.0
30.04486366700612,0.4152055065351715,-46.99236200902726,-72.36142872411799,0,0,2.4,-40.992362009027254,20260128-205932,0.0,0.0
44.14659458450082,44146594.58450082,58.65541824293206,0.0,0,0,2.3,64.65541824293204,20260128-205932,0.0,0.0
44.14659458450082,44146594.58450082,58.65541824293206,0.0,0,0,2.3,64.65541824293204,20260128-205932,0.0,0.0
44.14659458450082,44146594.58450082,58.65541824293206,0.0,0,0,2.3,64.65541824293204,20260128-205932,0.0,0.0
44.14659458450082,44146594.58450082,58.65541824293206,0.0,0,0,2.3,64.65541824293204,20260128-205932,0.0,0.0
44.14659458450082,44146594.58450082,58.65541824293206,0.0,0,0,2.3,64.65541824293204,20260128-205932,0.0,0.0
44.14659458450082,44146594.58450082,58.65541824293206,0.0,0,0,2.3,64.65541824293204,20260128-205932,0.0,0.0
44.14659458450082,44146594.58450082,58.65541824293206,0.0,0,0,2.3,64.65541824293204,20260128-205932,0.0,0.0
44.14659458450082,44146594.58450082,58.65541824293206,0.0,0,0,2.3,64.65541824293204,20260128-205932,0.0,0.0
44.14659458450082,44146594.58450082,58.65541824293206,0.0,0,0,2.3,64.65541824293204,20260128-205932,0.0,0.0
44.14659458450082,44146594.58450082,58.65541824293206,0.0,0,0,2.3,64.65541824293204,20260128-205932,0.0,0.0
44.14659458450082,44146594.58450082,58.65541824293206,0.0,0,0,2.3,64.65541824293204,20260128-205932,0.0,0.0
44.14659458450082,44146594.58450082,58.65541824293206,0.0,0,0,2.3,64.65541824293204,20260128-205932,0.0,0.0
44.14659458450082,44146594.58450082,58.65541824293206,0.0,0,0,2.3,64.65541824293204,20260128-205932,0.0,0.0
44.14659458450082,44146594.58450082,58.65541824293206,0.0,0,0,2.3,64.65541824293204,20260128-205932,0.0,0.0
44.14659458450082,44146594.58450082,58.65541824293206,0.0,0,0,2.3,64.65541824293204,20260128-205932,0.0,0.0
44.14659458450082,44146594.58450082,58.65541824293206,0.0,0,0,2.3,64.65541824293204,20260128-205932,0.0,0.0
44.14659458450082,44146594.58450082,58.65541824293206,0.0,0,0,2.3,64.65541824293204,20260128-205932,0.0,0.0
44.14659458450082,44146594.58450082,58.65541824293206,0.0,0,0,2.3,64.65541824293204,20260128-205932,0.0,0.0
44.14659458450082,44146594.58450082,58.65541824293206,0.0,0,0,2.3,64.65541824293204,20260128-205932,0.0,0.0
44.14659458450082,44146594.58450082,58.65541824293206,0.0,0,0,2.3,64.65541824293204,20260128-205932,0.0,0.0
44.14659458450082,44146594.58450082,58.65541824293206,0.0,0,0,2.3,64.65541824293204,20260128-205932,0.0,0.0
44.14659458450082,44146594.58450082,58.65541824293206,0.0,0,0,2.3,64.65541824293204,20260128-205932,0.0,0.0
44.14659458450082,44146594.58450082,58.65541824293206,0.0,0,0,2.3,64.65541824293204,20260128-205932,0.0,0.0
44.14659458450082,44146594.58450082,58.65541824293206,0.0,0,0,2.3,64.65541824293204,20260128-205932,0.0,0.0
44.14659458450082,44146594.58450082,58.65541824293206,0.0,0,0,2.3,64.65541824293204,20260128-205932,0.0,0.0
44.14659458450082,44146594.58450082,58.65541824293206,0.0,0,0,2.3,64.65541824293204,20260128-205932,0.0,0.0
44.14659458450082,44146594.58450082,58.65541824293206,0.0,0,0,2.3,64.65541824293204,20260128-205932,0.0,0.0
44.14659458450082,44146594.58450082,58.65541824293206,0.0,0,0,2.3,64.65541824293204,20260128-205932,0.0,0.0
44.14659458450082,44146594.58450082,58.65541824293206,0.0,0,0,2.3,64.65541824293204,20260128-205932,0.0,0.0
44.14659458450082,44146594.58450082,58.65541824293206,0.0,0,0,2.3,64.65541824293204,20260128-205932,0.0,0.0
44.14659458450082,44146594.58450082,58.65541824293206,0.0,0,0,2.3,64.65541824293204,20260128-205932,0.0,0.0
44.14659458450082,44146594.58450082,58.65541824293206,0.0,0,0,2.3,64.65541824293204,20260128-205932,0.0,0.0
44.14659458450082,44146594.58450082,58.65541824293206,0.0,0,0,2.3,64.65541824293204,20260128-205932,0.0,0.0
44.14659458450082,44146594.58450082,58.65541824293206,0.0,0,0,2.3,64.65541824293204,20260128-205932,0.0,0.0
44.14659458450082,44146594.58450082,58.65541824293206,0.0,0,0,2.3,64.65541824293204,20260128-205932,0.0,0.0
44.14659458450082,44146594.58450082,58.65541824293206,0.0,0,0,2.3,64.65541824293204,20260128-205932,0.0,0.0
44.14659458450082,44146594.58450082,58.65541824293206,0.0,0,0,2.3,64.65541824293204,20260128-205932,0.0,0.0
44.14659458450082,44146594.58450082,58.65541824293206,0.0,0,0,2.3,64.65541824293204,20260128-205932,0.0,0.0
44.14659458450082,44146594.58450082,58.65541824293206,0.0,0,0,2.3,64.65541824293204,20260128-205932,0.0,0.0
44.14659458450082,44146594.58450082,58.65541824293206,0.0,0,0,2.3,64.65541824293204,20260128-205932,0.0,0.0
44.14659458450082,44146594.58450082,58.65541824293206,0.0,0,0,2.3,64.65541824293204,20260128-205932,0.0,0.0
44.14659458450082,44146594.58450082,58.65541824293206,0.0,0,0,2.3,64.65541824293204,20260128-205932,0.0,0.0
44.14659458450082,44146594.58450082,58.65541824293206,0.0,0,0,2.3,64.65541824293204,20260128-205932,0.0,0.0
44.14659458450082,44146594.58450082,58.65541824293206,0.0,0,0,2.3,64.65541824293204,20260128-205932,0.0,0.0
44.14659458450082,44146594.58450082,58.65541824293206,0.0,0,0,2.3,64.65541824293204,20260128-205932,0.0,0.0
44.14659458450082,44146594.58450082,58.65541824293206,0.0,0,0,2.3,64.65541824293204,20260128-205932,0.0,0.0
44.14659458450082,44146594.58450082,58.65541824293206,0.0,0,0,2.3,64.65541824293204,20260128-205932,0.0,0.0
44.14659458450082,44146594.58450082,58.65541824293206,0.0,0,0,2.3,64.65541824293204,20260128-205932,0.0,0.0
44.14659458450082,44146594.58450082,58.65541824293206,0.0,0,0,2.3,64.65541824293204,20260128-205932,0.0,0.0
44.14659458450082,44146594.58450082,58.65541824293206,0.0,0,0,2.3,64.65541824293204,20260128-205932,0.0,0.0
44.14659458450082,44146594.58450082,58.65541824293206,0.0,0,0,2.3,64.65541824293204,20260128-205932,0.0,0.0
44.14659458450082,44146594.58450082,58.65541824293206,0.0,0,0,2.3,64.65541824293204,20260128-205932,0.0,0.0
44.14659458450082,44146594.58450082,58.65541824293206,0.0,0,0,2.3,64.65541824293204,20260128-205932,0.0,0.0
44.14659458450082,44146594.58450082,58.65541824293206,0.0,0,0,2.3,64.65541824293204,20260128-205932,0.0,0.0
44.14659458450082,44146594.58450082,58.65541824293206,0.0,0,0,2.3,64.65541824293204,20260128-205932,0.0,0.0
44.14659458450082,44146594.58450082,58.65541824293206,0.0,0,0,2.3,64.65541824293204,20260128-205932,0.0,0.0
44.14659458450082,44146594.58450082,58.65541824293206,0.0,0,0,2.3,64.65541824293204,20260128-205932,0.0,0.0
44.14659458450082,44146594.58450082,58.65541824293206,0.0,0,0,2.3,64.65541824293204,20260128-205932,0.0,0.0
44.14659458450082,44146594.58450082,58.65541824293206,0.0,0,0,2.3,64.65541824293204,20260128-205932,0.0,0.0
44.14659458450082,44146594.58450082,58.65541824293206,0.0,0,0,2.3,64.65541824293204,20260128-205932,0.0,0.0
44.14659458450082,44146594.58450082,58.65541824293206,0.0,0,0,2.3,64.65541824293204,20260128-205932,0.0,0.0
44.14659458450082,44146594.58450082,58.65541824293206,0.0,0,0,2.3,64.65541824293204,20260128-205932,0.0,0.0
44.14659458450082,44146594.58450082,58.65541824293206,0.0,0,0,2.3,64.65541824293204,20260128-205932,0.0,0.0
44.14659458450082,44146594.58450082,58.65541824293206,0.0,0,0,2.3,64.65541824293204,20260128-205932,0.0,0.0
44.14659458450082,44146594.58450082,58.65541824293206,0.0,0,0,2.3,64.65541824293204,20260128-205932,0.0,0.0
44.14659458450082,44146594.58450082,58.65541824293206,0.0,0,0,2.3,64.65541824293204,20260128-205932,0.0,0.0
44.14659458450082,44146594.58450082,58.65541824293206,0.0,0,0,2.3,64.65541824293204,20260128-205932,0.0,0.0
44.14659458450082,44146594.58450082,58.65541824293206,0.0,0,0,2.3,64.65541824293204,20260128-205932,0.0,0.0
44.14659458450082,44146594.58450082,58.65541824293206,0.0,0,0,2.3,64.65541824293204,20260128-205932,0.0,0.0
44.14659458450082,44146594.58450082,58.65541824293206,0.0,0,0,2.3,64.65541824293204,20260128-205932,0.0,0.0
44.14659458450082,44146594.58450082,58.65541824293206,0.0,0,0,2.3,64.65541824293204,20260128-205932,0.0,0.0
44.14659458450082,44146594.58450082,58.65541824293206,0.0,0,0,2.3,64.65541824293204,20260128-205932,0.0,0.0
44.14659458450082,44146594.58450082,58.65541824293206,0.0,0,0,2.3,64.65541824293204,20260128-205932,0.0,0.0
44.14659458450082,44146594.58450082,58.65541824293206,0.0,0,0,2.3,64.65541824293204,20260128-205932,0.0,0.0
44.14659458450082,44146594.58450082,58.65541824293206,0.0,0,0,2.3,64.65541824293204,20260128-205932,0.0,0.0
44.14659458450082,44146594.58450082,58.65541824293206,0.0,0,0,2.3,64.65541824293204,20260128-205932,0.0,0.0
44.14659458450082,44146594.58450082,58.65541824293206,0.0,0,0,2.3,64.65541824293204,20260128-205932,0.0,0.0
44.14659458450082,44146594.58450082,58.65541824293206,0.0,0,0,2.3,64.65541824293204,20260128-205932,0.0,0.0
44.14659458450082,44146594.58450082,58.65541824293206,0.0,0,0,2.3,64.65541824293204,20260128-205932,0.0,0.0
44.14659458450082,44146594.58450082,58.65541824293206,0.0,0,0,2.3,64.65541824293204,20260128-205932,0.0,0.0
44.14659458450082,44146594.58450082,58.65541824293206,0.0,0,0,2.3,64.65541824293204,20260128-205932,0.0,0.0
44.14659458450082,44146594.58450082,58.65541824293206,0.0,0,0,2.3,64.65541824293204,20260128-205932,0.0,0.0
44.14659458450082,44146594.58450082,58.65541824293206,0.0,0,0,2.3,64.65541824293204,20260128-205932,0.0,0.0
44.14659458450082,44146594.58450082,58.65541824293206,0.0,0,0,2.3,64.65541824293204,20260128-205932,0.0,0.0
44.14659458450082,44146594.58450082,58.65541824293206,0.0,0,0,2.3,64.65541824293204,20260128-205932,0.0,0.0
44.14659458450082,44146594.58450082,58.65541824293206,0.0,0,0,2.3,64.65541824293204,20260128-205932,0.0,0.0
44.14659458450082,44146594.58450082,58.65541824293206,0.0,0,0,2.3,64.65541824293204,20260128-205932,0.0,0.0
44.14659458450082,44146594.58450082,58.65541824293206,0.0,0,0,2.3,64.65541824293204,20260128-205932,0.0,0.0
44.14659458450082,44146594.58450082,58.65541824293206,0.0,0,0,2.3,64.65541824293204,20260128-205932,0.0,0.0
44.14659458450082,44146594.58450082,58.65541824293206,0.0,0,0,2.3,64.65541824293204,20260128-205932,0.0,0.0
44.14659458450082,44146594.58450082,58.65541824293206,0.0,0,0,2.3,64.65541824293204,20260128-205932,0.0,0.0
44.14659458450082,44146594.58450082,58.65541824293206,0.0,0,0,2.3,64.65541824293204,20260128-205932,0.0,0.0
44.14659458450082,44146594.58450082,58.65541824293206,0.0,0,0,2.3,64.65541824293204,20260128-205932,0.0,0.0
44.14659458450082,44146594.58450082,58.65541824293206,0.0,0,0,2.3,64.65541824293204,20260128-205932,0.0,0.0
44.14659458450082,44146594.58450082,58.65541824293206,0.0,0,0,2.3,64.65541824293204,20260128-205932,0.0,0.0
44.14659458450082,44146594.58450082,58.65541824293206,0.0,0,0,2.3,64.65541824293204,20260128-205932,0.0,0.0
44.14659458450082,44146594.58450082,58.65541824293206,0.0,0,0,2.3,64.65541824293204,20260128-205932,0.0,0.0
44.14659458450082,44146594.58450082,58.65541824293206,0.0,0,0,2.3,64.65541824293204,20260128-205932,0.0,0.0
44.14659458450082,44146594.58450082,58.65541824293206,0.0,0,0,2.3,64.65541824293204,20260128-205932,0.0,0.0
44.14659458450082,44146594.58450082,58.65541824293206,0.0,0,0,2.3,64.65541824293204,20260128-205932,0.0,0.0
44.14659458450082,44146594.58450082,58.65541824293206,0.0,0,0,2.3,64.65541824293204,20260128-205932,0.0,0.0
44.14659458450082,44146594.58450082,58.65541824293206,0.0,0,0,2.3,64.65541824293204,20260128-205932,0.0,0.0
44.14659458450082,44146594.58450082,58.65541824293206,0.0,0,0,2.3,64.65541824293204,20260128-205932,0.0,0.0
44.14659458450082,44146594.58450082,58.65541824293206,0.0,0,0,2.3,64.65541824293204,20260128-205932,0.0,0.0
44.14659458450082,44146594.58450082,58.65541824293206,0.0,0,0,2.3,64.65541824293204,20260128-205932,0.0,0.0
44.14659458450082,44146594.58450082,58.65541824293206,0.0,0,0,2.3,64.65541824293204,20260128-205932,0.0,0.0
44.14659458450082,44146594.58450082,58.65541824293206,0.0,0,0,2.3,64.65541824293204,20260128-205932,0.0,0.0
44.14659458450082,44146594.58450082,58.65541824293206,0.0,0,0,2.3,64.65541824293204,20260128-205932,0.0,0.0
44.14659458450082,44146594.58450082,58.65541824293206,0.0,0,0,2.3,64.65541824293204,20260128-205932,0.0,0.0
44.14659458450082,44146594.58450082,58.65541824293206,0.0,0,0,2.3,64.65541824293204,20260128-205932,0.0,0.0
44.14659458450082,44146594.58450082,58.65541824293206,0.0,0,0,2.3,64.65541824293204,20260128-205932,0.0,0.0
44.14659458450082,44146594.58450082,58.65541824293206,0.0,0,0,2.3,64.65541824293204,20260128-205932,0.0,0.0
44.14659458450082,44146594.58450082,58.65541824293206,0.0,0,0,2.3,64.65541824293204,20260128-205932,0.0,0.0
44.14659458450082,44146594.58450082,58.65541824293206,0.0,0,0,2.3,64.65541824293204,20260128-205932,0.0,0.0
44.14659458450082,44146594.58450082,58.65541824293206,0.0,0,0,2.3,64.65541824293204,20260128-205932,0.0,0.0
44.14659458450082,44146594.58450082,58.65541824293206,0.0,0,0,2.3,64.65541824293204,20260128-205932,0.0,0.0
44.14659458450082,44146594.58450082,58.65541824293206,0.0,0,0,2.3,64.65541824293204,20260128-205932,0.0,0.0
44.14659458450082,44146594.58450082,58.65541824293206,0.0,0,0,2.3,64.65541824293204,20260128-205932,0.0,0.0
44.14659458450082,44146594.58450082,58.65541824293206,0.0,0,0,2.3,64.65541824293204,20260128-205932,0.0,0.0
44.14659458450082,44146594.58450082,58.65541824293206,0.0,0,0,2.3,64.65541824293204,20260128-205932,0.0,0.0
44.14659458450082,44146594.58450082,58.65541824293206,0.0,0,0,2.3,64.65541824293204,20260128-205932,0.0,0.0
44.14659458450082,44146594.58450082,58.65541824293206,0.0,0,0,2.3,64.65541824293204,20260128-205932,0.0,0.0
44.14659458450082,44146594.58450082,58.65541824293206,0.0,0,0,2.3,64.65541824293204,20260128-205932,0.0,0.0
44.14659458450082,44146594.58450082,58.65541824293206,0.0,0,0,2.3,64.65541824293204,20260128-205932,0.0,0.0
44.14659458450082,44146594.58450082,58.65541824293206,0.0,0,0,2.3,64.65541824293204,20260128-205932,0.0,0.0
44.14659458450082,44146594.58450082,58.65541824293206,0.0,0,0,2.3,64.65541824293204,20260128-205932,0.0,0.0
44.14659458450082,44146594.58450082,58.65541824293206,0.0,0,0,2.3,64.65541824293204,20260128-205932,0.0,0.0
44.14659458450082,44146594.58450082,58.65541824293206,0.0,0,0,2.3,64.65541824293204,20260128-205932,0.0,0.0
44.14659458450082,44146594.58450082,58.65541824293206,0.0,0,0,2.3,64.65541824293204,20260128-205932,0.0,0.0
44.14659458450082,44146594.58450082,58.65541824293206,0.0,0,0,2.3,64.65541824293204,20260128-205932,0.0,0.0
44.14659458450082,44146594.58450082,58.65541824293206,0.0,0,0,2.3,64.65541824293204,20260128-205932,0.0,0.0
44.14659458450082,44146594.58450082,58.65541824293206,0.0,0,0,2.3,64.65541824293204,20260128-205932,0.0,0.0
44.14659458450082,44146594.58450082,58.65541824293206,0.0,0,0,2.3,64.65541824293204,20260128-205932,0.0,0.0
44.14659458450082,44146594.58450082,58.65541824293206,0.0,0,0,2.3,64.65541824293204,20260128-205932,0.0,0.0
44.14659458450082,44146594.58450082,58.65541824293206,0.0,0,0,2.3,64.65541824293204,20260128-205932,0.0,0.0
44.14659458450082,44146594.58450082,58.65541824293206,0.0,0,0,2.3,64.65541824293204,20260128-205932,0.0,0.0
44.14659458450082,44146594.58450082,58.65541824293206,0.0,0,0,2.3,64.65541824293204,20260128-205932,0.0,0.0
44.14659458450082,44146594.58450082,58.65541824293206,0.0,0,0,2.3,64.65541824293204,20260128-205932,0.0,0.0
44.14659458450082,44146594.58450082,58.65541824293206,0.0,0,0,2.3,64.65541824293204,20260128-205932,0.0,0.0
44.14659458450082,44146594.58450082,58.65541824293206,0.0,0,0,2.3,64.65541824293204,20260128-205932,0.0,0.0
44.14659458450082,44146594.58450082,58.65541824293206,0.0,0,0,2.3,64.65541824293204,20260128-205932,0.0,0.0
44.14659458450082,44146594.58450082,58.65541824293206,0.0,0,0,2.3,64.65541824293204,20260128-205932,0.0,0.0
44.14659458450082,44146594.58450082,58.65541824293206,0.0,0,0,2.3,64.65541824293204,20260128-205932,0.0,0.0
44.14659458450082,44146594.58450082,58.65541824293206,0.0,0,0,2.3,64.65541824293204,20260128-205932,0.0,0.0
44.14659458450082,44146594.58450082,58.65541824293206,0.0,0,0,2.3,64.65541824293204,20260128-205932,0.0,0.0
44.14659458450082,44146594.58450082,58.65541824293206,0.0,0,0,2.3,64.65541824293204,20260128-205932,0.0,0.0
44.14659458450082,44146594.58450082,58.65541824293206,0.0,0,0,2.3,64.65541824293204,20260128-205932,0.0,0.0
44.14659458450082,44146594.58450082,58.65541824293206,0.0,0,0,2.3,64.65541824293204,20260128-205932,0.0,0.0
44.14659458450082,44146594.58450082,58.65541824293206,0.0,0,0,2.3,64.65541824293204,20260128-205932,0.0,0.0
44.14659458450082,44146594.58450082,58.65541824293206,0.0,0,0,2.3,64.65541824293204,20260128-205932,0.0,0.0
44.14659458450082,44146594.58450082,58.65541824293206,0.0,0,0,2.3,64.65541824293204,20260128-205932,0.0,0.0
44.14659458450082,44146594.58450082,58.65541824293206,0.0,0,0,2.3,64.65541824293204,20260128-205932,0.0,0.0
44.14659458450082,44146594.58450082,58.65541824293206,0.0,0,0,2.3,64.65541824293204,20260128-205932,0.0,0.0
44.14659458450082,44146594.58450082,58.65541824293206,0.0,0,0,2.3,64.65541824293204,20260128-205932,0.0,0.0
44.14659458450082,44146594.58450082,58.65541824293206,0.0,0,0,2.3,64.65541824293204,20260128-205932,0.0,0.0
44.14659458450082,44146594.58450082,58.65541824293206,0.0,0,0,2.3,64.65541824293204,20260128-205932,0.0,0.0
44.14659458450082,44146594.58450082,58.65541824293206,0.0,0,0,2.3,64.65541824293204,20260128-205932,0.0,0.0
44.14659458450082,44146594.58450082,58.65541824293206,0.0,0,0,2.3,64.65541824293204,20260128-205932,0.0,0.0
44.14659458450082,44146594.58450082,58.65541824293206,0.0,0,0,2.3,64.65541824293204,20260128-205932,0.0,0.0
44.14659458450082,44146594.58450082,58.65541824293206,0.0,0,0,2.3,64.65541824293204,20260128-205932,0.0,0.0
44.14659458450082,44146594.58450082,58.65541824293206,0.0,0,0,2.3,64.65541824293204,20260128-205932,0.0,0.0
44.14659458450082,44146594.58450082,58.65541824293206,0.0,0,0,2.3,64.65541824293204,20260128-205932,0.0,0.0
44.14659458450082,44146594.58450082,58.65541824293206,0.0,0,0,2.3,64.65541824293204,20260128-205932,0.0,0.0
44.14659458450082,44146594.58450082,58.65541824293206,0.0,0,0,2.3,64.65541824293204,20260128-205932,0.0,0.0
44.14659458450082,44146594.58450082,58.65541824293206,0.0,0,0,2.3,64.65541824293204,20260128-205932,0.0,0.0
44.14659458450082,44146594.58450082,58.65541824293206,0.0,0,0,2.3,64.65541824293204,20260128-205932,0.0,0.0
44.14659458450082,44146594.58450082,58.65541824293206,0.0,0,0,2.3,64.65541824293204,20260128-205932,0.0,0.0
44.14659458450082,44146594.58450082,58.65541824293206,0.0,0,0,2.3,64.65541824293204,20260128-205932,0.0,0.0
44.14659458450082,44146594.58450082,58.65541824293206,0.0,0,0,2.3,64.65541824293204,20260128-205932,0.0,0.0
44.14659458450082,44146594.58450082,58.65541824293206,0.0,0,0,2.3,64.65541824293204,20260128-205932,0.0,0.0
44.14659458450082,44146594.58450082,58.65541824293206,0.0,0,0,2.3,64.65541824293204,20260128-205932,0.0,0.0
44.14659458450082,44146594.58450082,58.65541824293206,0.0,0,0,2.3,64.65541824293204,20260128-205932,0.0,0.0
44.14659458450082,44146594.58450082,58.65541824293206,0.0,0,0,2.3,64.65541824293204,20260128-205932,0.0,0.0
44.14659458450082,44146594.58450082,58.65541824293206,0.0,0,0,2.3,64.65541824293204,20260128-205932,0.0,0.0
44.14659458450082,44146594.58450082,58.65541824293206,0.0,0,0,2.3,64.65541824293204,20260128-205932,0.0,0.0
44.14659458450082,44146594.58450082,58.65541824293206,0.0,0,0,2.3,64.65541824293204,20260128-205932,0.0,0.0
44.14659458450082,44146594.58450082,58.65541824293206,0.0,0,0,2.3,64.65541824293204,20260128-205932,0.0,0.0
44.14659458450082,44146594.58450082,58.65541824293206,0.0,0,0,2.3,64.65541824293204,20260128-205932,0.0,0.0
44.14659458450082,44146594.58450082,58.65541824293206,0.0,0,0,2.3,64.65541824293204,20260128-205932,0.0,0.0
44.14659458450082,44146594.58450082,58.65541824293206,0.0,0,0,2.3,64.65541824293204,20260128-205932,0.0,0.0
44.14659458450082,44146594.58450082,58.65541824293206,0.0,0,0,2.3,64.65541824293204,20260128-205932,0.0,0.0
44.14659458450082,44146594.58450082,58.65541824293206,0.0,0,0,2.3,64.65541824293204,20260128-205932,0.0,0.0
44.14659458450082,44146594.58450082,58.65541824293206,0.0,0,0,2.3,64.65541824293204,20260128-205932,0.0,0.0
44.14659458450082,44146594.58450082,58.65541824293206,0.0,0,0,2.3,64.65541824293204,20260128-205932,0.0,0.0
44.14659458450082,44146594.58450082,58.65541824293206,0.0,0,0,2.3,64.65541824293204,20260128-205932,0.0,0.0
44.14659458450082,44146594.58450082,58.65541824293206,0.0,0,0,2.3,64.65541824293204,20260128-205932,0.0,0.0
44.14659458450082,44146594.58450082,58.65541824293206,0.0,0,0,2.3,64.65541824293204,20260128-205932,0.0,0.0
44.14659458450082,44146594.58450082,58.65541824293206,0.0,0,0,2.3,64.65541824293204,20260128-205932,0.0,0.0
44.14659458450082,44146594.58450082,58.65541824293206,0.0,0,0,2.3,64.65541824293204,20260128-205932,0.0,0.0
44.14659458450082,44146594.58450082,58.65541824293206,0.0,0,0,2.3,64.65541824293204,20260128-205932,0.0,0.0
44.14659458450082,44146594.58450082,58.65541824293206,0.0,0,0,2.3,64.65541824293204,20260128-205932,0.0,0.0
44.14659458450082,44146594.58450082,58.65541824293206,0.0,0,0,2.3,64.65541824293204,20260128-205932,0.0,0.0
44.14659458450082,44146594.58450082,58.65541824293206,0.0,0,0,2.3,64.65541824293204,20260128-205932,0.0,0.0
44.14659458450082,44146594.58450082,58.65541824293206,0.0,0,0,2.3,64.65541824293204,20260128-205932,0.0,0.0
44.14659458450082,44146594.58450082,58.65541824293206,0.0,0,0,2.3,64.65541824293204,20260128-205932,0.0,0.0
44.14659458450082,44146594.58450082,58.65541824293206,0.0,0,0,2.3,64.65541824293204,20260128-205932,0.0,0.0
44.14659458450082,44146594.58450082,58.65541824293206,0.0,0,0,2.3,64.65541824293204,20260128-205932,0.0,0.0
44.14659458450082,44146594.58450082,58.65541824293206,0.0,0,0,2.3,64.65541824293204,20260128-205932,0.0,0.0
44.14659458450082,44146594.58450082,58.65541824293206,0.0,0,0,2.3,64.65541824293204,20260128-205932,0.0,0.0
44.14659458450082,44146594.58450082,58.65541824293206,0.0,0,0,2.3,64.65541824293204,20260128-205932,0.0,0.0
44.14659458450082,44146594.58450082,58.65541824293206,0.0,0,0,2.3,64.65541824293204,20260128-205932,0.0,0.0
44.14659458450082,44146594.58450082,58.65541824293206,0.0,0,0,2.3,64.65541824293204,20260128-205932,0.0,0.0
44.14659458450082,44146594.58450082,58.65541824293206,0.0,0,0,2.3,64.65541824293204,20260128-205932,0.0,0.0
44.14659458450082,44146594.58450082,58.65541824293206,0.0,0,0,2.3,64.65541824293204,20260128-205932,0.0,0.0
44.14659458450082,44146594.58450082,58.65541824293206,0.0,0,0,2.3,64.65541824293204,20260128-205932,0.0,0.0
44.14659458450082,44146594.58450082,58.65541824293206,0.0,0,0,2.3,64.65541824293204,20260128-205932,0.0,0.0
44.14659458450082,44146594.58450082,58.65541824293206,0.0,0,0,2.3,64.65541824293204,20260128-205932,0.0,0.0
44.14659458450082,44146594.58450082,58.65541824293206,0.0,0,0,2.3,64.65541824293204,20260128-205932,0.0,0.0
44.14659458450082,44146594.58450082,58.65541824293206,0.0,0,0,2.3,64.65541824293204,20260128-205932,0.0,0.0
44.14659458450082,44146594.58450082,58.65541824293206,0.0,0,0,2.3,64.65541824293204,20260128-205932,0.0,0.0
44.14659458450082,44146594.58450082,58.65541824293206,0.0,0,0,2.3,64.65541824293204,20260128-205932,0.0,0.0
44.14659458450082,44146594.58450082,58.65541824293206,0.0,0,0,2.3,64.65541824293204,20260128-205932,0.0,0.0
44.14659458450082,44146594.58450082,58.65541824293206,0.0,0,0,2.3,64.65541824293204,20260128-205932,0.0,0.0
44.14659458450082,44146594.58450082,58.65541824293206,0.0,0,0,2.3,64.65541824293204,20260128-205932,0.0,0.0
44.14659458450082,44146594.58450082,58.65541824293206,0.0,0,0,2.3,64.65541824293204,20260128-205932,0.0,0.0
44.14659458450082,44146594.58450082,58.65541824293206,0.0,0,0,2.3,64.65541824293204,20260128-205932,0.0,0.0
44.14659458450082,44146594.58450082,58.65541824293206,0.0,0,0,2.3,64.65541824293204,20260128-205932,0.0,0.0
44.14659458450082,44146594.58450082,58.65541824293206,0.0,0,0,2.3,64.65541824293204,20260128-205932,0.0,0.0
44.14659458450082,44146594.58450082,58.65541824293206,0.0,0,0,2.3,64.65541824293204,20260128-205932,0.0,0.0
44.14659458450082,44146594.58450082,58.65541824293206,0.0,0,0,2.3,64.65541824293204,20260128-205932,0.0,0.0
44.14659458450082,44146594.58450082,58.65541824293206,0.0,0,0,2.3,64.65541824293204,20260128-205932,0.0,0.0
44.14659458450082,44146594.58450082,58.65541824293206,0.0,0,0,2.3,64.65541824293204,20260128-205932,0.0,0.0
44.14659458450082,44146594.58450082,58.65541824293206,0.0,0,0,2.3,64.65541824293204,20260128-205932,0.0,0.0
44.14659458450082,44146594.58450082,58.65541824293206,0.0,0,0,2.3,64.65541824293204,20260128-205932,0.0,0.0
44.14659458450082,44146594.58450082,58.65541824293206,0.0,0,0,2.3,64.65541824293204,20260128-205932,0.0,0.0
44.14659458450082,44146594.58450082,58.65541824293206,0.0,0,0,2.3,64.65541824293204,20260128-205932,0.0,0.0
44.14659458450082,44146594.58450082,58.65541824293206,0.0,0,0,2.3,64.65541824293204,20260128-205932,0.0,0.0
44.14659458450082,44146594.58450082,58.65541824293206,0.0,0,0,2.3,64.65541824293204,20260128-205932,0.0,0.0
44.14659458450082,44146594.58450082,58.65541824293206,0.0,0,0,2.3,64.65541824293204,20260128-205932,0.0,0.0
44.14659458450082,44146594.58450082,58.65541824293206,0.0,0,0,2.3,64.65541824293204,20260128-205932,0.0,0.0
44.14659458450082,44146594.58450082,58.65541824293206,0.0,0,0,2.3,64.65541824293204,20260128-205932,0.0,0.0
44.14659458450082,44146594.58450082,58.65541824293206,0.0,0,0,2.3,64.65541824293204,20260128-205932,0.0,0.0
44.14659458450082,44146594.58450082,58.65541824293206,0.0,0,0,2.3,64.65541824293204,20260128-205932,0.0,0.0
44.14659458450082,44146594.58450082,58.65541824293206,0.0,0,0,2.3,64.65541824293204,20260128-205932,0.0,0.0
44.14659458450082,44146594.58450082,58.65541824293206,0.0,0,0,2.3,64.65541824293204,20260128-205932,0.0,0.0
44.14659458450082,44146594.58450082,58.65541824293206,0.0,0,0,2.3,64.65541824293204,20260128-205932,0.0,0.0
44.14659458450082,44146594.58450082,58.65541824293206,0.0,0,0,2.3,64.65541824293204,20260128-205932,0.0,0.0
44.14659458450082,44146594.58450082,58.65541824293206,0.0,0,0,2.3,64.65541824293204,20260128-205932,0.0,0.0
44.14659458450082,44146594.58450082,58.65541824293206,0.0,0,0,2.3,64.65541824293204,20260128-205932,0.0,0.0
44.14659458450082,44146594.58450082,58.65541824293206,0.0,0,0,2.3,64.65541824293204,20260128-205932,0.0,0.0
44.14659458450082,44146594.58450082,58.65541824293206,0.0,0,0,2.3,64.65541824293204,20260128-205932,0.0,0.0
44.14659458450082,44146594.58450082,58.65541824293206,0.0,0,0,2.3,64.65541824293204,20260128-205932,0.0,0.0
44.14659458450082,44146594.58450082,58.65541824293206,0.0,0,0,2.3,64.65541824293204,20260128-205932,0.0,0.0
44.14659458450082,44146594.58450082,58.65541824293206,0.0,0,0,2.3,64.65541824293204,20260128-205932,0.0,0.0
44.14659458450082,44146594.58450082,58.65541824293206,0.0,0,0,2.3,64.65541824293204,20260128-205932,0.0,0.0
44.14659458450082,44146594.58450082,58.65541824293206,0.0,0,0,2.3,64.65541824293204,20260128-205932,0.0,0.0
44.14659458450082,44146594.58450082,58.65541824293206,0.0,0,0,2.3,64.65541824293204,20260128-205932,0.0,0.0
44.14659458450082,44146594.58450082,58.65541824293206,0.0,0,0,2.3,64.65541824293204,20260128-205932,0.0,0.0
44.14659458450082,44146594.58450082,58.65541824293206,0.0,0,0,2.3,64.65541824293204,20260128-205932,0.0,0.0
44.14659458450082,44146594.58450082,58.65541824293206,0.0,0,0,2.3,64.65541824293204,20260128-205932,0.0,0.0
44.14659458450082,44146594.58450082,58.65541824293206,0.0,0,0,2.3,64.65541824293204,20260128-205932,0.0,0.0
44.14659458450082,44146594.58450082,58.65541824293206,0.0,0,0,2.3,64.65541824293204,20260128-205932,0.0,0.0
44.14659458450082,44146594.58450082,58.65541824293206,0.0,0,0,2.3,64.65541824293204,20260128-205932,0.0,0.0
44.14659458450082,44146594.58450082,58.65541824293206,0.0,0,0,2.3,64.65541824293204,20260128-205932,0.0,0.0
44.14659458450082,44146594.58450082,58.65541824293206,0.0,0,0,2.3,64.65541824293204,20260128-205932,0.0,0.0
44.14659458450082,44146594.58450082,58.65541824293206,0.0,0,0,2.3,64.65541824293204,20260128-205932,0.0,0.0
44.14659458450082,44146594.58450082,58.65541824293206,0.0,0,0,2.3,64.65541824293204,20260128-205932,0.0,0.0
44.14659458450082,44146594.58450082,58.65541824293206,0.0,0,0,2.3,64.65541824293204,20260128-205932,0.0,0.0
44.14659458450082,44146594.58450082,58.65541824293206,0.0,0,0,2.3,64.65541824293204,20260128-205932,0.0,0.0
44.14659458450082,44146594.58450082,58.65541824293206,0.0,0,0,2.3,64.65541824293204,20260128-205932,0.0,0.0
44.14659458450082,44146594.58450082,58.65541824293206,0.0,0,0,2.3,64.65541824293204,20260128-205932,0.0,0.0
44.14659458450082,44146594.58450082,58.65541824293206,0.0,0,0,2.3,64.65541824293204,20260128-205932,0.0,0.0
44.14659458450082,44146594.58450082,58.65541824293206,0.0,0,0,2.3,64.65541824293204,20260128-205932,0.0,0.0
44.14659458450082,44146594.58450082,58.65541824293206,0.0,0,0,2.3,64.65541824293204,20260128-205932,0.0,0.0
44.14659458450082,44146594.58450082,58.65541824293206,0.0,0,0,2.3,64.65541824293204,20260128-205932,0.0,0.0
44.14659458450082,44146594.58450082,58.65541824293206,0.0,0,0,2.3,64.65541824293204,20260128-205932,0.0,0.0
44.14659458450082,44146594.58450082,58.65541824293206,0.0,0,0,2.3,64.65541824293204,20260128-205932,0.0,0.0
44.14659458450082,44146594.58450082,58.65541824293206,0.0,0,0,2.3,64.65541824293204,20260128-205932,0.0,0.0
44.14659458450082,44146594.58450082,58.65541824293206,0.0,0,0,2.3,64.65541824293204,20260128-205932,0.0,0.0
44.14659458450082,44146594.58450082,58.65541824293206,0.0,0,0,2.3,64.65541824293204,20260128-205932,0.0,0.0
44.14659458450082,44146594.58450082,58.65541824293206,0.0,0,0,2.3,64.65541824293204,20260128-205932,0.0,0.0
44.14659458450082,44146594.58450082,58.65541824293206,0.0,0,0,2.3,64.65541824293204,20260128-205932,0.0,0.0
44.14659458450082,44146594.58450082,58.65541824293206,0.0,0,0,2.3,64.65541824293204,20260128-205932,0.0,0.0
44.14659458450082,44146594.58450082,58.65541824293206,0.0,0,0,2.3,64.65541824293204,20260128-205932,0.0,0.0
44.14659458450082,44146594.58450082,58.65541824293206,0.0,0,0,2.3,64.65541824293204,20260128-205932,0.0,0.0
44.14659458450082,44146594.58450082,58.65541824293206,0.0,0,0,2.3,64.65541824293204,20260128-205932,0.0,0.0
44.14659458450082,44146594.58450082,58.65541824293206,0.0,0,0,2.3,64.65541824293204,20260128-205932,0.0,0.0
44.14659458450082,44146594.58450082,58.65541824293206,0.0,0,0,2.3,64.65541824293204,20260128-205932,0.0,0.0
44.14659458450082,44146594.58450082,58.65541824293206,0.0,0,0,2.3,64.65541824293204,20260128-205932,0.0,0.0
44.14659458450082,44146594.58450082,58.65541824293206,0.0,0,0,2.3,64.65541824293204,20260128-205932,0.0,0.0
44.14659458450082,44146594.58450082,58.65541824293206,0.0,0,0,2.3,64.65541824293204,20260128-205932,0.0,0.0
44.14659458450082,44146594.58450082,58.65541824293206,0.0,0,0,2.3,64.65541824293204,20260128-205932,0.0,0.0
44.14659458450082,44146594.58450082,58.65541824293206,0.0,0,0,2.3,64.65541824293204,20260128-205932,0.0,0.0
44.14659458450082,44146594.58450082,58.65541824293206,0.0,0,0,2.3,64.65541824293204,20260128-205932,0.0,0.0
44.14659458450082,44146594.58450082,58.65541824293206,0.0,0,0,2.3,64.65541824293204,20260128-205932,0.0,0.0
44.14659458450082,44146594.58450082,58.65541824293206,0.0,0,0,2.3,64.65541824293204,20260128-205932,0.0,0.0
44.14659458450082,44146594.58450082,58.65541824293206,0.0,0,0,2.3,64.65541824293204,20260128-205932,0.0,0.0
44.14659458450082,44146594.58450082,58.65541824293206,0.0,0,0,2.3,64.65541824293204,20260128-205932,0.0,0.0
44.14659458450082,44146594.58450082,58.65541824293206,0.0,0,0,2.3,64.65541824293204,20260128-205932,0.0,0.0
44.14659458450082,44146594.58450082,58.65541824293206,0.0,0,0,2.3,64.65541824293204,20260128-205932,0.0,0.0
44.14659458450082,44146594.58450082,58.65541824293206,0.0,0,0,2.3,64.65541824293204,20260128-205932,0.0,0.0
44.14659458450082,44146594.58450082,58.65541824293206,0.0,0,0,2.3,64.65541824293204,20260128-205932,0.0,0.0
44.14659458450082,44146594.58450082,58.65541824293206,0.0,0,0,2.3,64.65541824293204,20260128-205932,0.0,0.0
44.14659458450082,44146594.58450082,58.65541824293206,0.0,0,0,2.3,64.65541824293204,20260128-205932,0.0,0.0
44.14659458450082,44146594.58450082,58.65541824293206,0.0,0,0,2.3,64.65541824293204,20260128-205932,0.0,0.0
44.14659458450082,44146594.58450082,58.65541824293206,0.0,0,0,2.3,64.65541824293204,20260128-205932,0.0,0.0
44.14659458450082,44146594.58450082,58.65541824293206,0.0,0,0,2.3,64.65541824293204,20260128-205932,0.0,0.0
44.14659458450082,44146594.58450082,58.65541824293206,0.0,0,0,2.3,64.65541824293204,20260128-205932,0.0,0.0
44.14659458450082,44146594.58450082,58.65541824293206,0.0,0,0,2.3,64.65541824293204,20260128-205932,0.0,0.0
44.14659458450082,44146594.58450082,58.65541824293206,0.0,0,0,2.3,64.65541824293204,20260128-205932,0.0,0.0
44.14659458450082,44146594.58450082,58.65541824293206,0.0,0,0,2.3,64.65541824293204,20260128-205932,0.0,0.0
44.14659458450082,44146594.58450082,58.65541824293206,0.0,0,0,2.3,64.65541824293204,20260128-205932,0.0,0.0
44.14659458450082,44146594.58450082,58.65541824293206,0.0,0,0,2.3,64.65541824293204,20260128-205932,0.0,0.0
44.14659458450082,44146594.58450082,58.65541824293206,0.0,0,0,2.3,64.65541824293204,20260128-205932,0.0,0.0
44.14659458450082,44146594.58450082,58.65541824293206,0.0,0,0,2.3,64.65541824293204,20260128-205932,0.0,0.0
44.14659458450082,44146594.58450082,58.65541824293206,0.0,0,0,2.3,64.65541824293204,20260128-205932,0.0,0.0
44.14659458450082,44146594.58450082,58.65541824293206,0.0,0,0,2.3,64.65541824293204,20260128-205932,0.0,0.0
44.14659458450082,44146594.58450082,58.65541824293206,0.0,0,0,2.3,64.65541824293204,20260128-205932,0.0,0.0
44.14659458450082,44146594.58450082,58.65541824293206,0.0,0,0,2.3,64.65541824293204,20260128-205932,0.0,0.0
44.14659458450082,44146594.58450082,58.65541824293206,0.0,0,0,2.3,64.65541824293204,20260128-205932,0.0,0.0
44.14659458450082,44146594.58450082,58.65541824293206,0.0,0,0,2.3,64.65541824293204,20260128-205932,0.0,0.0
44.14659458450082,44146594.58450082,58.65541824293206,0.0,0,0,2.3,64.65541824293204,20260128-205932,0.0,0.0
44.14659458450082,44146594.58450082,58.65541824293206,0.0,0,0,2.3,64.65541824293204,20260128-205932,0.0,0.0
44.14659458450082,44146594.58450082,58.65541824293206,0.0,0,0,2.3,64.65541824293204,20260128-205932,0.0,0.0
44.14659458450082,44146594.58450082,58.65541824293206,0.0,0,0,2.3,64.65541824293204,20260128-205932,0.0,0.0
44.14659458450082,44146594.58450082,58.65541824293206,0.0,0,0,2.3,64.65541824293204,20260128-205932,0.0,0.0
44.14659458450082,44146594.58450082,58.65541824293206,0.0,0,0,2.3,64.65541824293204,20260128-205932,0.0,0.0
44.14659458450082,44146594.58450082,58.65541824293206,0.0,0,0,2.3,64.65541824293204,20260128-205932,0.0,0.0
44.14659458450082,44146594.58450082,58.65541824293206,0.0,0,0,2.3,64.65541824293204,20260128-205932,0.0,0.0
44.14659458450082,44146594.58450082,58.65541824293206,0.0,0,0,2.3,64.65541824293204,20260128-205932,0.0,0.0
44.14659458450082,44146594.58450082,58.65541824293206,0.0,0,0,2.3,64.65541824293204,20260128-205932,0.0,0.0
44.14659458450082,44146594.58450082,58.65541824293206,0.0,0,0,2.3,64.65541824293204,20260128-205932,0.0,0.0
44.14659458450082,44146594.58450082,58.65541824293206,0.0,0,0,2.3,64.65541824293204,20260128-205932,0.0,0.0
44.14659458450082,44146594.58450082,58.65541824293206,0.0,0,0,2.3,64.65541824293204,20260128-205932,0.0,0.0
44.14659458450082,44146594.58450082,58.65541824293206,0.0,0,0,2.3,64.65541824293204,20260128-205932,0.0,0.0
44.14659458450082,44146594.58450082,58.65541824293206,0.0,0,0,2.3,64.65541824293204,20260128-205932,0.0,0.0
44.14659458450082,44146594.58450082,58.65541824293206,0.0,0,0,2.3,64.65541824293204,20260128-205932,0.0,0.0
44.14659458450082,44146594.58450082,58.65541824293206,0.0,0,0,2.3,64.65541824293204,20260128-205932,0.0,0.0
44.14659458450082,44146594.58450082,58.65541824293206,0.0,0,0,2.3,64.65541824293204,20260128-205932,0.0,0.0
44.14659458450082,44146594.58450082,58.65541824293206,0.0,0,0,2.3,64.65541824293204,20260128-205932,0.0,0.0
44.14659458450082,44146594.58450082,58.65541824293206,0.0,0,0,2.3,64.65541824293204,20260128-205932,0.0,0.0
44.14659458450082,44146594.58450082,58.65541824293206,0.0,0,0,2.3,64.65541824293204,20260128-205932,0.0,0.0
44.14659458450082,44146594.58450082,58.65541824293206,0.0,0,0,2.3,64.65541824293204,20260128-205932,0.0,0.0
44.14659458450082,44146594.58450082,58.65541824293206,0.0,0,0,2.3,64.65541824293204,20260128-205932,0.0,0.0
44.14659458450082,44146594.58450082,58.65541824293206,0.0,0,0,2.3,64.65541824293204,20260128-205932,0.0,0.0
44.14659458450082,44146594.58450082,58.65541824293206,0.0,0,0,2.3,64.65541824293204,20260128-205932,0.0,0.0
44.14659458450082,44146594.58450082,58.65541824293206,0.0,0,0,2.3,64.65541824293204,20260128-205932,0.0,0.0
44.14659458450082,44146594.58450082,58.65541824293206,0.0,0,0,2.3,64.65541824293204,20260128-205932,0.0,0.0
44.14659458450082,44146594.58450082,58.65541824293206,0.0,0,0,2.3,64.65541824293204,20260128-205932,0.0,0.0
44.14659458450082,44146594.58450082,58.65541824293206,0.0,0,0,2.3,64.65541824293204,20260128-205932,0.0,0.0
44.14659458450082,44146594.58450082,58.65541824293206,0.0,0,0,2.3,64.65541824293204,20260128-205932,0.0,0.0
44.14659458450082,44146594.58450082,58.65541824293206,0.0,0,0,2.3,64.65541824293204,20260128-205932,0.0,0.0
44.14659458450082,44146594.58450082,58.65541824293206,0.0,0,0,2.3,64.65541824293204,20260128-205932,0.0,0.0
44.14659458450082,44146594.58450082,58.65541824293206,0.0,0,0,2.3,64.65541824293204,20260128-205932,0.0,0.0
44.14659458450082,44146594.58450082,58.65541824293206,0.0,0,0,2.3,64.65541824293204,20260128-205932,0.0,0.0
44.14659458450082,44146594.58450082,58.65541824293206,0.0,0,0,2.3,64.65541824293204,20260128-205932,0.0,0.0
44.14659458450082,44146594.58450082,58.65541824293206,0.0,0,0,2.3,64.65541824293204,20260128-205932,0.0,0.0
44.14659458450082,44146594.58450082,58.65541824293206,0.0,0,0,2.3,64.65541824293204,20260128-205932,0.0,0.0
44.14659458450082,44146594.58450082,58.65541824293206,0.0,0,0,2.3,64.65541824293204,20260128-205932,0.0,0.0
44.14659458450082,44146594.58450082,58.65541824293206,0.0,0,0,2.3,64.65541824293204,20260128-205932,0.0,0.0
44.14659458450082,44146594.58450082,58.65541824293206,0.0,0,0,2.3,64.65541824293204,20260128-205932,0.0,0.0
44.14659458450082,44146594.58450082,58.65541824293206,0.0,0,0,2.3,64.65541824293204,20260128-205932,0.0,0.0
44.14659458450082,44146594.58450082,58.65541824293206,0.0,0,0,2.3,64.65541824293204,20260128-205932,0.0,0.0
44.14659458450082,44146594.58450082,58.65541824293206,0.0,0,0,2.3,64.65541824293204,20260128-205932,0.0,0.0
44.14659458450082,44146594.58450082,58.65541824293206,0.0,0,0,2.3,64.65541824293204,20260128-205932,0.0,0.0
44.14659458450082,44146594.58450082,58.65541824293206,0.0,0,0,2.3,64.65541824293204,20260128-205932,0.0,0.0
44.14659458450082,44146594.58450082,58.65541824293206,0.0,0,0,2.3,64.65541824293204,20260128-205932,0.0,0.0
44.14659458450082,44146594.58450082,58.65541824293206,0.0,0,0,2.3,64.65541824293204,20260128-205932,0.0,0.0
44.14659458450082,44146594.58450082,58.65541824293206,0.0,0,0,2.3,64.65541824293204,20260128-205932,0.0,0.0
44.14659458450082,44146594.58450082,58.65541824293206,0.0,0,0,2.3,64.65541824293204,20260128-205932,0.0,0.0
44.14659458450082,44146594.58450082,58.65541824293206,0.0,0,0,2.3,64.65541824293204,20260128-205932,0.0,0.0
44.14659458450082,44146594.58450082,58.65541824293206,0.0,0,0,2.3,64.65541824293204,20260128-205932,0.0,0.0
44.14659458450082,44146594.58450082,58.65541824293206,0.0,0,0,2.3,64.65541824293204,20260128-205932,0.0,0.0
44.14659458450082,44146594.58450082,58.65541824293206,0.0,0,0,2.3,64.65541824293204,20260128-205932,0.0,0.0
44.14659458450082,44146594.58450082,58.65541824293206,0.0,0,0,2.3,64.65541824293204,20260128-205932,0.0,0.0
44.14659458450082,44146594.58450082,58.65541824293206,0.0,0,0,2.3,64.65541824293204,20260128-205932,0.0,0.0
44.14659458450082,44146594.58450082,58.65541824293206,0.0,0,0,2.3,64.65541824293204,20260128-205932,0.0,0.0
44.14659458450082,44146594.58450082,58.65541824293206,0.0,0,0,2.3,64.65541824293204,20260128-205932,0.0,0.0
44.14659458450082,44146594.58450082,58.65541824293206,0.0,0,0,2.3,64.65541824293204,20260128-205932,0.0,0.0
44.14659458450082,44146594.58450082,58.65541824293206,0.0,0,0,2.3,64.65541824293204,20260128-205932,0.0,0.0
44.14659458450082,44146594.58450082,58.65541824293206,0.0,0,0,2.3,64.65541824293204,20260128-205932,0.0,0.0
44.14659458450082,44146594.58450082,58.65541824293206,0.0,0,0,2.3,64.65541824293204,20260128-205932,0.0,0.0
44.14659458450082,44146594.58450082,58.65541824293206,0.0,0,0,2.3,64.65541824293204,20260128-205932,0.0,0.0
44.14659458450082,44146594.58450082,58.65541824293206,0.0,0,0,2.3,64.65541824293204,20260128-205932,0.0,0.0
44.14659458450082,44146594.58450082,58.65541824293206,0.0,0,0,2.3,64.65541824293204,20260128-205932,0.0,0.0
44.14659458450082,44146594.58450082,58.65541824293206,0.0,0,0,2.3,64.65541824293204,20260128-205932,0.0,0.0
44.14659458450082,44146594.58450082,58.65541824293206,0.0,0,0,2.3,64.65541824293204,20260128-205932,0.0,0.0
44.14659458450082,44146594.58450082,58.65541824293206,0.0,0,0,2.3,64.65541824293204,20260128-205932,0.0,0.0
44.14659458450082,44146594.58450082,58.65541824293206,0.0,0,0,2.3,64.65541824293204,20260128-205932,0.0,0.0
44.14659458450082,44146594.58450082,58.65541824293206,0.0,0,0,2.3,64.65541824293204,20260128-205932,0.0,0.0
44.14659458450082,44146594.58450082,58.65541824293206,0.0,0,0,2.3,64.65541824293204,20260128-205932,0.0,0.0
44.14659458450082,44146594.58450082,58.65541824293206,0.0,0,0,2.3,64.65541824293204,20260128-205932,0.0,0.0
44.14659458450082,44146594.58450082,58.65541824293206,0.0,0,0,2.3,64.65541824293204,20260128-205932,0.0,0.0
44.14659458450082,44146594.58450082,58.65541824293206,0.0,0,0,2.3,64.65541824293204,20260128-205932,0.0,0.0
44.14659458450082,44146594.58450082,58.65541824293206,0.0,0,0,2.3,64.65541824293204,20260128-205932,0.0,0.0
44.14659458450082,44146594.58450082,58.65541824293206,0.0,0,0,2.3,64.65541824293204,20260128-205932,0.0,0.0
44.14659458450082,44146594.58450082,58.65541824293206,0.0,0,0,2.3,64.65541824293204,20260128-205932,0.0,0.0
44.14659458450082,44146594.58450082,58.65541824293206,0.0,0,0,2.3,64.65541824293204,20260128-205932,0.0,0.0
44.14659458450082,44146594.58450082,58.65541824293206,0.0,0,0,2.3,64.65541824293204,20260128-205932,0.0,0.0
44.14659458450082,44146594.58450082,58.65541824293206,0.0,0,0,2.3,64.65541824293204,20260128-205932,0.0,0.0
44.14659458450082,44146594.58450082,58.65541824293206,0.0,0,0,2.3,64.65541824293204,20260128-205932,0.0,0.0
44.14659458450082,44146594.58450082,58.65541824293206,0.0,0,0,2.3,64.65541824293204,20260128-205932,0.0,0.0
44.14659458450082,44146594.58450082,58.65541824293206,0.0,0,0,2.3,64.65541824293204,20260128-205932,0.0,0.0
44.14659458450082,44146594.58450082,58.65541824293206,0.0,0,0,2.3,64.65541824293204,20260128-205932,0.0,0.0
44.14659458450082,44146594.58450082,58.65541824293206,0.0,0,0,2.3,64.65541824293204,20260128-205932,0.0,0.0
44.14659458450082,44146594.58450082,58.65541824293206,0.0,0,0,2.3,64.65541824293204,20260128-205932,0.0,0.0
44.14659458450082,44146594.58450082,58.65541824293206,0.0,0,0,2.3,64.65541824293204,20260128-205932,0.0,0.0
44.14659458450082,44146594.58450082,58.65541824293206,0.0,0,0,2.3,64.65541824293204,20260128-205932,0.0,0.0
44.14659458450082,44146594.58450082,58.65541824293206,0.0,0,0,2.3,64.65541824293204,20260128-205932,0.0,0.0
44.14659458450082,44146594.58450082,58.65541824293206,0.0,0,0,2.3,64.65541824293204,20260128-205932,0.0,0.0
44.14659458450082,44146594.58450082,58.65541824293206,0.0,0,0,2.3,64.65541824293204,20260128-205932,0.0,0.0
44.14659458450082,44146594.58450082,58.65541824293206,0.0,0,0,2.3,64.65541824293204,20260128-205932,0.0,0.0
44.14659458450082,44146594.58450082,58.65541824293206,0.0,0,0,2.3,64.65541824293204,20260128-205932,0.0,0.0
44.14659458450082,44146594.58450082,58.65541824293206,0.0,0,0,2.3,64.65541824293204,20260128-205932,0.0,0.0
44.14659458450082,44146594.58450082,58.65541824293206,0.0,0,0,2.3,64.65541824293204,20260128-205932,0.0,0.0
44.14659458450082,44146594.58450082,58.65541824293206,0.0,0,0,2.3,64.65541824293204,20260128-205932,0.0,0.0
44.14659458450082,44146594.58450082,58.65541824293206,0.0,0,0,2.3,64.65541824293204,20260128-205932,0.0,0.0
44.14659458450082,44146594.58450082,58.65541824293206,0.0,0,0,2.3,64.65541824293204,20260128-205932,0.0,0.0
44.14659458450082,44146594.58450082,58.65541824293206,0.0,0,0,2.3,64.65541824293204,20260128-205932,0.0,0.0
44.14659458450082,44146594.58450082,58.65541824293206,0.0,0,0,2.3,64.65541824293204,20260128-205932,0.0,0.0
44.14659458450082,44146594.58450082,58.65541824293206,0.0,0,0,2.3,64.65541824293204,20260128-205932,0.0,0.0
44.14659458450082,44146594.58450082,58.65541824293206,0.0,0,0,2.3,64.65541824293204,20260128-205932,0.0,0.0
44.14659458450082,44146594.58450082,58.65541824293206,0.0,0,0,2.3,64.65541824293204,20260128-205932,0.0,0.0
44.14659458450082,44146594.58450082,58.65541824293206,0.0,0,0,2.3,64.65541824293204,20260128-205932,0.0,0.0
44.14659458450082,44146594.58450082,58.65541824293206,0.0,0,0,2.3,64.65541824293204,20260128-205932,0.0,0.0
44.14659458450082,44146594.58450082,58.65541824293206,0.0,0,0,2.3,64.65541824293204,20260128-205932,0.0,0.0
44.14659458450082,44146594.58450082,58.65541824293206,0.0,0,0,2.3,64.65541824293204,20260128-205932,0.0,0.0
44.14659458450082,44146594.58450082,58.65541824293206,0.0,0,0,2.3,64.65541824293204,20260128-205932,0.0,0.0
44.14659458450082,44146594.58450082,58.65541824293206,0.0,0,0,2.3,64.65541824293204,20260128-205932,0.0,0.0
44.14659458450082,44146594.58450082,58.65541824293206,0.0,0,0,2.3,64.65541824293204,20260128-205932,0.0,0.0
44.14659458450082,44146594.58450082,58.65541824293206,0.0,0,0,2.3,64.65541824293204,20260128-205932,0.0,0.0
44.14659458450082,44146594.58450082,58.65541824293206,0.0,0,0,2.3,64.65541824293204,20260128-205932,0.0,0.0
44.14659458450082,44146594.58450082,58.65541824293206,0.0,0,0,2.3,64.65541824293204,20260128-205932,0.0,0.0
44.14659458450082,44146594.58450082,58.65541824293206,0.0,0,0,2.3,64.65541824293204,20260128-205932,0.0,0.0
44.14659458450082,44146594.58450082,58.65541824293206,0.0,0,0,2.3,64.65541824293204,20260128-205932,0.0,0.0
44.14659458450082,44146594.58450082,58.65541824293206,0.0,0,0,2.3,64.65541824293204,20260128-205932,0.0,0.0
44.14659458450082,44146594.58450082,58.65541824293206,0.0,0,0,2.3,64.65541824293204,20260128-205932,0.0,0.0
44.14659458450082,44146594.58450082,58.65541824293206,0.0,0,0,2.3,64.65541824293204,20260128-205932,0.0,0.0
44.14659458450082,44146594.58450082,58.65541824293206,0.0,0,0,2.3,64.65541824293204,20260128-205932,0.0,0.0
44.14659458450082,44146594.58450082,58.65541824293206,0.0,0,0,2.3,64.65541824293204,20260128-205932,0.0,0.0
44.14659458450082,44146594.58450082,58.65541824293206,0.0,0,0,2.3,64.65541824293204,20260128-205932,0.0,0.0
44.14659458450082,44146594.58450082,58.65541824293206,0.0,0,0,2.3,64.65541824293204,20260128-205932,0.0,0.0
44.14659458450082,44146594.58450082,58.65541824293206,0.0,0,0,2.3,64.65541824293204,20260128-205932,0.0,0.0
44.14659458450082,44146594.58450082,58.65541824293206,0.0,0,0,2.3,64.65541824293204,20260128-205932,0.0,0.0
44.14659458450082,44146594.58450082,58.65541824293206,0.0,0,0,2.3,64.65541824293204,20260128-205932,0.0,0.0
44.14659458450082,44146594.58450082,58.65541824293206,0.0,0,0,2.3,64.65541824293204,20260128-205932,0.0,0.0
44.14659458450082,44146594.58450082,58.65541824293206,0.0,0,0,2.3,64.65541824293204,20260128-205932,0.0,0.0
44.14659458450082,44146594.58450082,58.65541824293206,0.0,0,0,2.3,64.65541824293204,20260128-205932,0.0,0.0
44.14659458450082,44146594.58450082,58.65541824293206,0.0,0,0,2.3,64.65541824293204,20260128-205932,0.0,0.0
44.14659458450082,44146594.58450082,58.65541824293206,0.0,0,0,2.3,64.65541824293204,20260128-205932,0.0,0.0
44.14659458450082,44146594.58450082,58.65541824293206,0.0,0,0,2.3,64.65541824293204,20260128-205932,0.0,0.0
44.14659458450082,44146594.58450082,58.65541824293206,0.0,0,0,2.3,64.65541824293204,20260128-205932,0.0,0.0
44.14659458450082,44146594.58450082,58.65541824293206,0.0,0,0,2.3,64.65541824293204,20260128-205932,0.0,0.0
44.14659458450082,44146594.58450082,58.65541824293206,0.0,0,0,2.3,64.65541824293204,20260128-205932,0.0,0.0
44.14659458450082,44146594.58450082,58.65541824293206,0.0,0,0,2.3,64.65541824293204,20260128-205932,0.0,0.0
44.14659458450082,44146594.58450082,58.65541824293206,0.0,0,0,2.3,64.65541824293204,20260128-205932,0.0,0.0
44.14659458450082,44146594.58450082,58.65541824293206,0.0,0,0,2.3,64.65541824293204,20260128-205932,0.0,0.0
44.14659458450082,44146594.58450082,58.65541824293206,0.0,0,0,2.3,64.65541824293204,20260128-205932,0.0,0.0
44.14659458450082,44146594.58450082,58.65541824293206,0.0,0,0,2.3,64.65541824293204,20260128-205932,0.0,0.0
44.14659458450082,44146594.58450082,58.65541824293206,0.0,0,0,2.3,64.65541824293204,20260128-205932,0.0,0.0
44.14659458450082,44146594.58450082,58.65541824293206,0.0,0,0,2.3,64.65541824293204,20260128-205932,0.0,0.0
44.14659458450082,44146594.58450082,58.65541824293206,0.0,0,0,2.3,64.65541824293204,20260128-205932,0.0,0.0
44.14659458450082,44146594.58450082,58.65541824293206,0.0,0,0,2.3,64.65541824293204,20260128-205932,0.0,0.0
44.14659458450082,44146594.58450082,58.65541824293206,0.0,0,0,2.3,64.65541824293204,20260128-205932,0.0,0.0
44.14659458450082,44146594.58450082,58.65541824293206,0.0,0,0,2.3,64.65541824293204,20260128-205932,0.0,0.0
44.14659458450082,44146594.58450082,58.65541824293206,0.0,0,0,2.3,64.65541824293204,20260128-205932,0.0,0.0
44.14659458450082,44146594.58450082,58.65541824293206,0.0,0,0,2.3,64.65541824293204,20260128-205932,0.0,0.0
44.14659458450082,44146594.58450082,58.65541824293206,0.0,0,0,2.3,64.65541824293204,20260128-205932,0.0,0.0
44.14659458450082,44146594.58450082,58.65541824293206,0.0,0,0,2.3,64.65541824293204,20260128-205932,0.0,0.0
44.14659458450082,44146594.58450082,58.65541824293206,0.0,0,0,2.3,64.65541824293204,20260128-205932,0.0,0.0
44.14659458450082,44146594.58450082,58.65541824293206,0.0,0,0,2.3,64.65541824293204,20260128-205932,0.0,0.0
44.14659458450082,44146594.58450082,58.65541824293206,0.0,0,0,2.3,64.65541824293204,20260128-205932,0.0,0.0
44.14659458450082,44146594.58450082,58.65541824293206,0.0,0,0,2.3,64.65541824293204,20260128-205932,0.0,0.0
44.14659458450082,44146594.58450082,58.65541824293206,0.0,0,0,2.3,64.65541824293204,20260128-205932,0.0,0.0
44.14659458450082,44146594.58450082,58.65541824293206,0.0,0,0,2.3,64.65541824293204,20260128-205932,0.0,0.0
44.14659458450082,44146594.58450082,58.65541824293206,0.0,0,0,2.3,64.65541824293204,20260128-205932,0.0,0.0
44.14659458450082,44146594.58450082,58.65541824293206,0.0,0,0,2.3,64.65541824293204,20260128-205932,0.0,0.0
44.14659458450082,44146594.58450082,58.65541824293206,0.0,0,0,2.3,64.65541824293204,20260128-205932,0.0,0.0
44.14659458450082,44146594.58450082,58.65541824293206,0.0,0,0,2.3,64.65541824293204,20260128-205932,0.0,0.0
44.14659458450082,44146594.58450082,58.65541824293206,0.0,0,0,2.3,64.65541824293204,20260128-205932,0.0,0.0
44.14659458450082,44146594.58450082,58.65541824293206,0.0,0,0,2.3,64.65541824293204,20260128-205932,0.0,0.0
44.14659458450082,44146594.58450082,58.65541824293206,0.0,0,0,2.3,64.65541824293204,20260128-205932,0.0,0.0
44.14659458450082,44146594.58450082,58.65541824293206,0.0,0,0,2.3,64.65541824293204,20260128-205932,0.0,0.0
44.14659458450082,44146594.58450082,58.65541824293206,0.0,0,0,2.3,64.65541824293204,20260128-205932,0.0,0.0
44.14659458450082,44146594.58450082,58.65541824293206,0.0,0,0,2.3,64.65541824293204,20260128-205932,0.0,0.0
44.14659458450082,44146594.58450082,58.65541824293206,0.0,0,0,2.3,64.65541824293204,20260128-205932,0.0,0.0
44.14659458450082,44146594.58450082,58.65541824293206,0.0,0,0,2.3,64.65541824293204,20260128-205932,0.0,0.0
44.14659458450082,44146594.58450082,58.65541824293206,0.0,0,0,2.3,64.65541824293204,20260128-205932,0.0,0.0
44.14659458450082,44146594.58450082,58.65541824293206,0.0,0,0,2.3,64.65541824293204,20260128-205932,0.0,0.0
44.14659458450082,44146594.58450082,58.65541824293206,0.0,0,0,2.3,64.65541824293204,20260128-205932,0.0,0.0
44.14659458450082,44146594.58450082,58.65541824293206,0.0,0,0,2.3,64.65541824293204,20260128-205932,0.0,0.0
44.14659458450082,44146594.58450082,58.65541824293206,0.0,0,0,2.3,64.65541824293204,20260128-205932,0.0,0.0
44.14659458450082,44146594.58450082,58.65541824293206,0.0,0,0,2.3,64.65541824293204,20260128-205932,0.0,0.0
44.14659458450082,44146594.58450082,58.65541824293206,0.0,0,0,2.3,64.65541824293204,20260128-205932,0.0,0.0
44.14659458450082,44146594.58450082,58.65541824293206,0.0,0,0,2.3,64.65541824293204,20260128-205932,0.0,0.0
44.14659458450082,44146594.58450082,58.65541824293206,0.0,0,0,2.3,64.65541824293204,20260128-205932,0.0,0.0
44.14659458450082,44146594.58450082,58.65541824293206,0.0,0,0,2.3,64.65541824293204,20260128-205932,0.0,0.0
44.14659458450082,44146594.58450082,58.65541824293206,0.0,0,0,2.3,64.65541824293204,20260128-205932,0.0,0.0
44.14659458450082,44146594.58450082,58.65541824293206,0.0,0,0,2.3,64.65541824293204,20260128-205932,0.0,0.0
44.14659458450082,44146594.58450082,58.65541824293206,0.0,0,0,2.3,64.65541824293204,20260128-205932,0.0,0.0
44.14659458450082,44146594.58450082,58.65541824293206,0.0,0,0,2.3,64.65541824293204,20260128-205932,0.0,0.0
44.14659458450082,44146594.58450082,58.65541824293206,0.0,0,0,2.3,64.65541824293204,20260128-205932,0.0,0.0
44.14659458450082,44146594.58450082,58.65541824293206,0.0,0,0,2.3,64.65541824293204,20260128-205932,0.0,0.0
44.14659458450082,44146594.58450082,58.65541824293206,0.0,0,0,2.3,64.65541824293204,20260128-205932,0.0,0.0
44.14659458450082,44146594.58450082,58.65541824293206,0.0,0,0,2.3,64.65541824293204,20260128-205932,0.0,0.0
44.14659458450082,44146594.58450082,58.65541824293206,0.0,0,0,2.3,64.65541824293204,20260128-205932,0.0,0.0
44.14659458450082,44146594.58450082,58.65541824293206,0.0,0,0,2.3,64.65541824293204,20260128-205932,0.0,0.0
44.14659458450082,44146594.58450082,58.65541824293206,0.0,0,0,2.3,64.65541824293204,20260128-205932,0.0,0.0
44.14659458450082,44146594.58450082,58.65541824293206,0.0,0,0,2.3,64.65541824293204,20260128-205932,0.0,0.0
44.14659458450082,44146594.58450082,58.65541824293206,0.0,0,0,2.3,64.65541824293204,20260128-205932,0.0,0.0
44.14659458450082,44146594.58450082,58.65541824293206,0.0,0,0,2.3,64.65541824293204,20260128-205932,0.0,0.0
44.14659458450082,44146594.58450082,58.65541824293206,0.0,0,0,2.3,64.65541824293204,20260128-205932,0.0,0.0
44.14659458450082,44146594.58450082,58.65541824293206,0.0,0,0,2.3,64.65541824293204,20260128-205932,0.0,0.0
44.14659458450082,44146594.58450082,58.65541824293206,0.0,0,0,2.3,64.65541824293204,20260128-205932,0.0,0.0
44.14659458450082,44146594.58450082,58.65541824293206,0.0,0,0,2.3,64.65541824293204,20260128-205932,0.0,0.0
44.14659458450082,44146594.58450082,58.65541824293206,0.0,0,0,2.3,64.65541824293204,20260128-205932,0.0,0.0
44.14659458450082,44146594.58450082,58.65541824293206,0.0,0,0,2.3,64.65541824293204,20260128-205932,0.0,0.0
44.14659458450082,44146594.58450082,58.65541824293206,0.0,0,0,2.3,64.65541824293204,20260128-205932,0.0,0.0
44.14659458450082,44146594.58450082,58.65541824293206,0.0,0,0,2.3,64.65541824293204,20260128-205932,0.0,0.0
44.14659458450082,44146594.58450082,58.65541824293206,0.0,0,0,2.3,64.65541824293204,20260128-205932,0.0,0.0
44.14659458450082,44146594.58450082,58.65541824293206,0.0,0,0,2.3,64.65541824293204,20260128-205932,0.0,0.0
44.14659458450082,44146594.58450082,58.65541824293206,0.0,0,0,2.3,64.65541824293204,20260128-205932,0.0,0.0
44.14659458450082,44146594.58450082,58.65541824293206,0.0,0,0,2.3,64.65541824293204,20260128-205932,0.0,0.0
44.14659458450082,44146594.58450082,58.65541824293206,0.0,0,0,2.3,64.65541824293204,20260128-205932,0.0,0.0
44.14659458450082,44146594.58450082,58.65541824293206,0.0,0,0,2.3,64.65541824293204,20260128-205932,0.0,0.0
44.14659458450082,44146594.58450082,58.65541824293206,0.0,0,0,2.3,64.65541824293204,20260128-205932,0.0,0.0
44.14659458450082,44146594.58450082,58.65541824293206,0.0,0,0,2.3,64.65541824293204,20260128-205932,0.0,0.0
44.14659458450082,44146594.58450082,58.65541824293206,0.0,0,0,2.3,64.65541824293204,20260128-205932,0.0,0.0
44.14659458450082,44146594.58450082,58.65541824293206,0.0,0,0,2.3,64.65541824293204,20260128-205932,0.0,0.0
44.14659458450082,44146594.58450082,58.65541824293206,0.0,0,0,2.3,64.65541824293204,20260128-205932,0.0,0.0
44.14659458450082,44146594.58450082,58.65541824293206,0.0,0,0,2.3,64.65541824293204,20260128-205932,0.0,0.0
44.14659458450082,44146594.58450082,58.65541824293206,0.0,0,0,2.3,64.65541824293204,20260128-205932,0.0,0.0
44.14659458450082,44146594.58450082,58.65541824293206,0.0,0,0,2.3,64.65541824293204,20260128-205932,0.0,0.0
44.14659458450082,44146594.58450082,58.65541824293206,0.0,0,0,2.3,64.65541824293204,20260128-205932,0.0,0.0
44.14659458450082,44146594.58450082,58.65541824293206,0.0,0,0,2.3,64.65541824293204,20260128-205932,0.0,0.0
44.14659458450082,44146594.58450082,58.65541824293206,0.0,0,0,2.3,64.65541824293204,20260128-205932,0.0,0.0
44.14659458450082,44146594.58450082,58.65541824293206,0.0,0,0,2.3,64.65541824293204,20260128-205932,0.0,0.0
44.14659458450082,44146594.58450082,58.65541824293206,0.0,0,0,2.3,64.65541824293204,20260128-205932,0.0,0.0
44.14659458450082,44146594.58450082,58.65541824293206,0.0,0,0,2.3,64.65541824293204,20260128-205932,0.0,0.0
44.14659458450082,44146594.58450082,58.65541824293206,0.0,0,0,2.3,64.65541824293204,20260128-205932,0.0,0.0
44.14659458450082,44146594.58450082,58.65541824293206,0.0,0,0,2.3,64.65541824293204,20260128-205932,0.0,0.0
44.14659458450082,44146594.58450082,58.65541824293206,0.0,0,0,2.3,64.65541824293204,20260128-205932,0.0,0.0
44.14659458450082,44146594.58450082,58.65541824293206,0.0,0,0,2.3,64.65541824293204,20260128-205932,0.0,0.0
44.14659458450082,44146594.58450082,58.65541824293206,0.0,0,0,2.3,64.65541824293204,20260128-205932,0.0,0.0
44.14659458450082,44146594.58450082,58.65541824293206,0.0,0,0,2.3,64.65541824293204,20260128-205932,0.0,0.0
44.14659458450082,44146594.58450082,58.65541824293206,0.0,0,0,2.3,64.65541824293204,20260128-205932,0.0,0.0
44.14659458450082,44146594.58450082,58.65541824293206,0.0,0,0,2.3,64.65541824293204,20260128-205932,0.0,0.0
44.14659458450082,44146594.58450082,58.65541824293206,0.0,0,0,2.3,64.65541824293204,20260128-205932,0.0,0.0
44.14659458450082,44146594.58450082,58.65541824293206,0.0,0,0,2.3,64.65541824293204,20260128-205932,0.0,0.0
44.14659458450082,44146594.58450082,58.65541824293206,0.0,0,0,2.3,64.65541824293204,20260128-205932,0.0,0.0
44.14659458450082,44146594.58450082,58.65541824293206,0.0,0,0,2.3,64.65541824293204,20260128-205932,0.0,0.0
44.14659458450082,44146594.58450082,58.65541824293206,0.0,0,0,2.3,64.65541824293204,20260128-205932,0.0,0.0
44.14659458450082,44146594.58450082,58.65541824293206,0.0,0,0,2.3,64.65541824293204,20260128-205932,0.0,0.0
44.14659458450082,44146594.58450082,58.65541824293206,0.0,0,0,2.3,64.65541824293204,20260128-205932,0.0,0.0
44.14659458450082,44146594.58450082,58.65541824293206,0.0,0,0,2.3,64.65541824293204,20260128-205932,0.0,0.0
44.14659458450082,44146594.58450082,58.65541824293206,0.0,0,0,2.3,64.65541824293204,20260128-205932,0.0,0.0
44.14659458450082,44146594.58450082,58.65541824293206,0.0,0,0,2.3,64.65541824293204,20260128-205932,0.0,0.0
44.14659458450082,44146594.58450082,58.65541824293206,0.0,0,0,2.3,64.65541824293204,20260128-205932,0.0,0.0
44.14659458450082,44146594.58450082,58.65541824293206,0.0,0,0,2.3,64.65541824293204,20260128-205932,0.0,0.0
44.14659458450082,44146594.58450082,58.65541824293206,0.0,0,0,2.3,64.65541824293204,20260128-205932,0.0,0.0
44.14659458450082,44146594.58450082,58.65541824293206,0.0,0,0,2.3,64.65541824293204,20260128-205932,0.0,0.0
44.14659458450082,44146594.58450082,58.65541824293206,0.0,0,0,2.3,64.65541824293204,20260128-205932,0.0,0.0
44.14659458450082,44146594.58450082,58.65541824293206,0.0,0,0,2.3,64.65541824293204,20260128-205932,0.0,0.0
44.14659458450082,44146594.58450082,58.65541824293206,0.0,0,0,2.3,64.65541824293204,20260128-205932,0.0,0.0
44.14659458450082,44146594.58450082,58.65541824293206,0.0,0,0,2.3,64.65541824293204,20260128-205932,0.0,0.0
44.14659458450082,44146594.58450082,58.65541824293206,0.0,0,0,2.3,64.65541824293204,20260128-205932,0.0,0.0
44.14659458450082,44146594.58450082,58.65541824293206,0.0,0,0,2.3,64.65541824293204,20260128-205932,0.0,0.0
44.14659458450082,44146594.58450082,58.65541824293206,0.0,0,0,2.3,64.65541824293204,20260128-205932,0.0,0.0
44.14659458450082,44146594.58450082,58.65541824293206,0.0,0,0,2.3,64.65541824293204,20260128-205932,0.0,0.0
44.14659458450082,44146594.58450082,58.65541824293206,0.0,0,0,2.3,64.65541824293204,20260128-205932,0.0,0.0
44.14659458450082,44146594.58450082,58.65541824293206,0.0,0,0,2.3,64.65541824293204,20260128-205932,0.0,0.0
44.14659458450082,44146594.58450082,58.65541824293206,0.0,0,0,2.3,64.65541824293204,20260128-205932,0.0,0.0
44.14659458450082,44146594.58450082,58.65541824293206,0.0,0,0,2.3,64.65541824293204,20260128-205932,0.0,0.0
44.14659458450082,44146594.58450082,58.65541824293206,0.0,0,0,2.3,64.65541824293204,20260128-205932,0.0,0.0
44.14659458450082,44146594.58450082,58.65541824293206,0.0,0,0,2.3,64.65541824293204,20260128-205932,0.0,0.0
44.14659458450082,44146594.58450082,58.65541824293206,0.0,0,0,2.3,64.65541824293204,20260128-205932,0.0,0.0
44.14659458450082,44146594.58450082,58.65541824293206,0.0,0,0,2.3,64.65541824293204,20260128-205932,0.0,0.0
44.14659458450082,44146594.58450082,58.65541824293206,0.0,0,0,2.3,64.65541824293204,20260128-205932,0.0,0.0
44.14659458450082,44146594.58450082,58.65541824293206,0.0,0,0,2.3,64.65541824293204,20260128-205932,0.0,0.0
44.14659458450082,44146594.58450082,58.65541824293206,0.0,0,0,2.3,64.65541824293204,20260128-205932,0.0,0.0
44.14659458450082,44146594.58450082,58.65541824293206,0.0,0,0,2.3,64.65541824293204,20260128-205932,0.0,0.0
44.14659458450082,44146594.58450082,58.65541824293206,0.0,0,0,2.3,64.65541824293204,20260128-205932,0.0,0.0
44.14659458450082,44146594.58450082,58.65541824293206,0.0,0,0,2.3,64.65541824293204,20260128-205932,0.0,0.0
44.14659458450082,44146594.58450082,58.65541824293206,0.0,0,0,2.3,64.65541824293204,20260128-205932,0.0,0.0
44.14659458450082,44146594.58450082,58.65541824293206,0.0,0,0,2.3,64.65541824293204,20260128-205932,0.0,0.0
44.14659458450082,44146594.58450082,58.65541824293206,0.0,0,0,2.3,64.65541824293204,20260128-205932,0.0,0.0
44.14659458450082,44146594.58450082,58.65541824293206,0.0,0,0,2.3,64.65541824293204,20260128-205932,0.0,0.0
44.14659458450082,44146594.58450082,58.65541824293206,0.0,0,0,2.3,64.65541824293204,20260128-205932,0.0,0.0
44.14659458450082,44146594.58450082,58.65541824293206,0.0,0,0,2.3,64.65541824293204,20260128-205932,0.0,0.0
44.14659458450082,44146594.58450082,58.65541824293206,0.0,0,0,2.3,64.65541824293204,20260128-205932,0.0,0.0
44.14659458450082,44146594.58450082,58.65541824293206,0.0,0,0,2.3,64.65541824293204,20260128-205932,0.0,0.0
44.14659458450082,44146594.58450082,58.65541824293206,0.0,0,0,2.3,64.65541824293204,20260128-205932,0.0,0.0
44.14659458450082,44146594.58450082,58.65541824293206,0.0,0,0,2.3,64.65541824293204,20260128-205932,0.0,0.0
44.14659458450082,44146594.58450082,58.65541824293206,0.0,0,0,2.3,64.65541824293204,20260128-205932,0.0,0.0
44.14659458450082,44146594.58450082,58.65541824293206,0.0,0,0,2.3,64.65541824293204,20260128-205932,0.0,0.0
44.14659458450082,44146594.58450082,58.65541824293206,0.0,0,0,2.3,64.65541824293204,20260128-205932,0.0,0.0
44.14659458450082,44146594.58450082,58.65541824293206,0.0,0,0,2.3,64.65541824293204,20260128-205932,0.0,0.0
44.14659458450082,44146594.58450082,58.65541824293206,0.0,0,0,2.3,64.65541824293204,20260128-205932,0.0,0.0
44.14659458450082,44146594.58450082,58.65541824293206,0.0,0,0,2.3,64.65541824293204,20260128-205932,0.0,0.0
44.14659458450082,44146594.58450082,58.65541824293206,0.0,0,0,2.3,64.65541824293204,20260128-205932,0.0,0.0
44.14659458450082,44146594.58450082,58.65541824293206,0.0,0,0,2.3,64.65541824293204,20260128-205932,0.0,0.0
44.14659458450082,44146594.58450082,58.65541824293206,0.0,0,0,2.3,64.65541824293204,20260128-205932,0.0,0.0
44.14659458450082,44146594.58450082,58.65541824293206,0.0,0,0,2.3,64.65541824293204,20260128-205932,0.0,0.0
44.14659458450082,44146594.58450082,58.65541824293206,0.0,0,0,2.3,64.65541824293204,20260128-205932,0.0,0.0
44.14659458450082,44146594.58450082,58.65541824293206,0.0,0,0,2.3,64.65541824293204,20260128-205932,0.0,0.0
44.14659458450082,44146594.58450082,58.65541824293206,0.0,0,0,2.3,64.65541824293204,20260128-205932,0.0,0.0
44.14659458450082,44146594.58450082,58.65541824293206,0.0,0,0,2.3,64.65541824293204,20260128-205932,0.0,0.0
44.14659458450082,44146594.58450082,58.65541824293206,0.0,0,0,2.3,64.65541824293204,20260128-205932,0.0,0.0
44.14659458450082,44146594.58450082,58.65541824293206,0.0,0,0,2.3,64.65541824293204,20260128-205932,0.0,0.0
44.14659458450082,44146594.58450082,58.65541824293206,0.0,0,0,2.3,64.65541824293204,20260128-205932,0.0,0.0
44.14659458450082,44146594.58450082,58.65541824293206,0.0,0,0,2.3,64.65541824293204,20260128-205932,0.0,0.0
44.14659458450082,44146594.58450082,58.65541824293206,0.0,0,0,2.3,64.65541824293204,20260128-205932,0.0,0.0
44.14659458450082,44146594.58450082,58.65541824293206,0.0,0,0,2.3,64.65541824293204,20260128-205932,0.0,0.0
44.14659458450082,44146594.58450082,58.65541824293206,0.0,0,0,2.3,64.65541824293204,20260128-205932,0.0,0.0
44.14659458450082,44146594.58450082,58.65541824293206,0.0,0,0,2.3,64.65541824293204,20260128-205932,0.0,0.0
44.14659458450082,44146594.58450082,58.65541824293206,0.0,0,0,2.3,64.65541824293204,20260128-205932,0.0,0.0
44.14659458450082,44146594.58450082,58.65541824293206,0.0,0,0,2.3,64.65541824293204,20260128-205932,0.0,0.0
44.14659458450082,44146594.58450082,58.65541824293206,0.0,0,0,2.3,64.65541824293204,20260128-205932,0.0,0.0
44.14659458450082,44146594.58450082,58.65541824293206,0.0,0,0,2.3,64.65541824293204,20260128-205932,0.0,0.0
44.14659458450082,44146594.58450082,58.65541824293206,0.0,0,0,2.3,64.65541824293204,20260128-205932,0.0,0.0
44.14659458450082,44146594.58450082,58.65541824293206,0.0,0,0,2.3,64.65541824293204,20260128-205932,0.0,0.0
44.14659458450082,44146594.58450082,58.65541824293206,0.0,0,0,2.3,64.65541824293204,20260128-205932,0.0,0.0
44.14659458450082,44146594.58450082,58.65541824293206,0.0,0,0,2.3,64.65541824293204,20260128-205932,0.0,0.0
44.14659458450082,44146594.58450082,58.65541824293206,0.0,0,0,2.3,64.65541824293204,20260128-205932,0.0,0.0
44.14659458450082,44146594.58450082,58.65541824293206,0.0,0,0,2.3,64.65541824293204,20260128-205932,0.0,0.0
44.14659458450082,44146594.58450082,58.65541824293206,0.0,0,0,2.3,64.65541824293204,20260128-205932,0.0,0.0
44.14659458450082,44146594.58450082,58.65541824293206,0.0,0,0,2.3,64.65541824293204,20260128-205932,0.0,0.0
44.14659458450082,44146594.58450082,58.65541824293206,0.0,0,0,2.3,64.65541824293204,20260128-205932,0.0,0.0
44.14659458450082,44146594.58450082,58.65541824293206,0.0,0,0,2.3,64.65541824293204,20260128-205932,0.0,0.0
44.14659458450082,44146594.58450082,58.65541824293206,0.0,0,0,2.3,64.65541824293204,20260128-205932,0.0,0.0
44.14659458450082,44146594.58450082,58.65541824293206,0.0,0,0,2.3,64.65541824293204,20260128-205932,0.0,0.0
44.14659458450082,44146594.58450082,58.65541824293206,0.0,0,0,2.3,64.65541824293204,20260128-205932,0.0,0.0
44.14659458450082,44146594.58450082,58.65541824293206,0.0,0,0,2.3,64.65541824293204,20260128-205932,0.0,0.0
44.14659458450082,44146594.58450082,58.65541824293206,0.0,0,0,2.3,64.65541824293204,20260128-205932,0.0,0.0
44.14659458450082,44146594.58450082,58.65541824293206,0.0,0,0,2.3,64.65541824293204,20260128-205932,0.0,0.0
44.14659458450082,44146594.58450082,58.65541824293206,0.0,0,0,2.3,64.65541824293204,20260128-205932,0.0,0.0
44.14659458450082,44146594.58450082,58.65541824293206,0.0,0,0,2.3,64.65541824293204,20260128-205932,0.0,0.0
44.14659458450082,44146594.58450082,58.65541824293206,0.0,0,0,2.3,64.65541824293204,20260128-205932,0.0,0.0
44.14659458450082,44146594.58450082,58.65541824293206,0.0,0,0,2.3,64.65541824293204,20260128-205932,0.0,0.0
44.14659458450082,44146594.58450082,58.65541824293206,0.0,0,0,2.3,64.65541824293204,20260128-205932,0.0,0.0
44.14659458450082,44146594.58450082,58.65541824293206,0.0,0,0,2.3,64.65541824293204,20260128-205932,0.0,0.0
44.14659458450082,44146594.58450082,58.65541824293206,0.0,0,0,2.3,64.65541824293204,20260128-205932,0.0,0.0
44.14659458450082,44146594.58450082,58.65541824293206,0.0,0,0,2.3,64.65541824293204,20260128-205932,0.0,0.0
44.14659458450082,44146594.58450082,58.65541824293206,0.0,0,0,2.3,64.65541824293204,20260128-205932,0.0,0.0
44.14659458450082,44146594.58450082,58.65541824293206,0.0,0,0,2.3,64.65541824293204,20260128-205932,0.0,0.0
44.14659458450082,44146594.58450082,58.65541824293206,0.0,0,0,2.3,64.65541824293204,20260128-205932,0.0,0.0
44.14659458450082,44146594.58450082,58.65541824293206,0.0,0,0,2.3,64.65541824293204,20260128-205932,0.0,0.0
44.14659458450082,44146594.58450082,58.65541824293206,0.0,0,0,2.3,64.65541824293204,20260128-205932,0.0,0.0
44.14659458450082,44146594.58450082,58.65541824293206,0.0,0,0,2.3,64.65541824293204,20260128-205932,0.0,0.0
44.14659458450082,44146594.58450082,58.65541824293206,0.0,0,0,2.3,64.65541824293204,20260128-205932,0.0,0.0
44.14659458450082,44146594.58450082,58.65541824293206,0.0,0,0,2.3,64.65541824293204,20260128-205932,0.0,0.0
44.14659458450082,44146594.58450082,58.65541824293206,0.0,0,0,2.3,64.65541824293204,20260128-205932,0.0,0.0
44.14659458450082,44146594.58450082,58.65541824293206,0.0,0,0,2.3,64.65541824293204,20260128-205932,0.0,0.0
44.14659458450082,44146594.58450082,58.65541824293206,0.0,0,0,2.3,64.65541824293204,20260128-205932,0.0,0.0
44.14659458450082,44146594.58450082,58.65541824293206,0.0,0,0,2.3,64.65541824293204,20260128-205932,0.0,0.0
44.14659458450082,44146594.58450082,58.65541824293206,0.0,0,0,2.3,64.65541824293204,20260128-205932,0.0,0.0
44.14659458450082,44146594.58450082,58.65541824293206,0.0,0,0,2.3,64.65541824293204,20260128-205932,0.0,0.0
44.14659458450082,44146594.58450082,58.65541824293206,0.0,0,0,2.3,64.65541824293204,20260128-205932,0.0,0.0
44.14659458450082,44146594.58450082,58.65541824293206,0.0,0,0,2.3,64.65541824293204,20260128-205932,0.0,0.0
44.14659458450082,44146594.58450082,58.65541824293206,0.0,0,0,2.3,64.65541824293204,20260128-205932,0.0,0.0
44.14659458450082,44146594.58450082,58.65541824293206,0.0,0,0,2.3,64.65541824293204,20260128-205932,0.0,0.0
44.14659458450082,44146594.58450082,58.65541824293206,0.0,0,0,2.3,64.65541824293204,20260128-205932,0.0,0.0
44.14659458450082,44146594.58450082,58.65541824293206,0.0,0,0,2.3,64.65541824293204,20260128-205932,0.0,0.0
44.14659458450082,44146594.58450082,58.65541824293206,0.0,0,0,2.3,64.65541824293204,20260128-205932,0.0,0.0
44.14659458450082,44146594.58450082,58.65541824293206,0.0,0,0,2.3,64.65541824293204,20260128-205932,0.0,0.0
44.14659458450082,44146594.58450082,58.65541824293206,0.0,0,0,2.3,64.65541824293204,20260128-205932,0.0,0.0
44.14659458450082,44146594.58450082,58.65541824293206,0.0,0,0,2.3,64.65541824293204,20260128-205932,0.0,0.0
44.14659458450082,44146594.58450082,58.65541824293206,0.0,0,0,2.3,64.65541824293204,20260128-205932,0.0,0.0
44.14659458450082,44146594.58450082,58.65541824293206,0.0,0,0,2.3,64.65541824293204,20260128-205932,0.0,0.0
44.14659458450082,44146594.58450082,58.65541824293206,0.0,0,0,2.3,64.65541824293204,20260128-205932,0.0,0.0
44.14659458450082,44146594.58450082,58.65541824293206,0.0,0,0,2.3,64.65541824293204,20260128-205932,0.0,0.0
44.14659458450082,44146594.58450082,58.65541824293206,0.0,0,0,2.3,64.65541824293204,20260128-205932,0.0,0.0
44.14659458450082,44146594.58450082,58.65541824293206,0.0,0,0,2.3,64.65541824293204,20260128-205932,0.0,0.0
44.14659458450082,44146594.58450082,58.65541824293206,0.0,0,0,2.3,64.65541824293204,20260128-205932,0.0,0.0
44.14659458450082,44146594.58450082,58.65541824293206,0.0,0,0,2.3,64.65541824293204,20260128-205932,0.0,0.0
44.14659458450082,44146594.58450082,58.65541824293206,0.0,0,0,2.3,64.65541824293204,20260128-205932,0.0,0.0
44.14659458450082,44146594.58450082,58.65541824293206,0.0,0,0,2.3,64.65541824293204,20260128-205932,0.0,0.0
44.14659458450082,44146594.58450082,58.65541824293206,0.0,0,0,2.3,64.65541824293204,20260128-205932,0.0,0.0
44.14659458450082,44146594.58450082,58.65541824293206,0.0,0,0,2.3,64.65541824293204,20260128-205932,0.0,0.0
44.14659458450082,44146594.58450082,58.65541824293206,0.0,0,0,2.3,64.65541824293204,20260128-205932,0.0,0.0
44.14659458450082,44146594.58450082,58.65541824293206,0.0,0,0,2.3,64.65541824293204,20260128-205932,0.0,0.0
44.14659458450082,44146594.58450082,58.65541824293206,0.0,0,0,2.3,64.65541824293204,20260128-205932,0.0,0.0
44.14659458450082,44146594.58450082,58.65541824293206,0.0,0,0,2.3,64.65541824293204,20260128-205932,0.0,0.0
44.14659458450082,44146594.58450082,58.65541824293206,0.0,0,0,2.3,64.65541824293204,20260128-205932,0.0,0.0
44.14659458450082,44146594.58450082,58.65541824293206,0.0,0,0,2.3,64.65541824293204,20260128-205932,0.0,0.0
44.14659458450082,44146594.58450082,58.65541824293206,0.0,0,0,2.3,64.65541824293204,20260128-205932,0.0,0.0
44.14659458450082,44146594.58450082,58.65541824293206,0.0,0,0,2.3,64.65541824293204,20260128-205932,0.0,0.0
44.14659458450082,44146594.58450082,58.65541824293206,0.0,0,0,2.3,64.65541824293204,20260128-205932,0.0,0.0
44.14659458450082,44146594.58450082,58.65541824293206,0.0,0,0,2.3,64.65541824293204,20260128-205932,0.0,0.0
44.14659458450082,44146594.58450082,58.65541824293206,0.0,0,0,2.3,64.65541824293204,20260128-205932,0.0,0.0
44.14659458450082,44146594.58450082,58.65541824293206,0.0,0,0,2.3,64.65541824293204,20260128-205932,0.0,0.0
44.14659458450082,44146594.58450082,58.65541824293206,0.0,0,0,2.3,64.65541824293204,20260128-205932,0.0,0.0
44.14659458450082,44146594.58450082,58.65541824293206,0.0,0,0,2.3,64.65541824293204,20260128-205932,0.0,0.0
44.14659458450082,44146594.58450082,58.65541824293206,0.0,0,0,2.3,64.65541824293204,20260128-205932,0.0,0.0
44.14659458450082,44146594.58450082,58.65541824293206,0.0,0,0,2.3,64.65541824293204,20260128-205932,0.0,0.0
44.14659458450082,44146594.58450082,58.65541824293206,0.0,0,0,2.3,64.65541824293204,20260128-205932,0.0,0.0
44.14659458450082,44146594.58450082,58.65541824293206,0.0,0,0,2.3,64.65541824293204,20260128-205932,0.0,0.0
44.14659458450082,44146594.58450082,58.65541824293206,0.0,0,0,2.3,64.65541824293204,20260128-205932,0.0,0.0
44.14659458450082,44146594.58450082,58.65541824293206,0.0,0,0,2.3,64.65541824293204,20260128-205932,0.0,0.0
44.14659458450082,44146594.58450082,58.65541824293206,0.0,0,0,2.3,64.65541824293204,20260128-205932,0.0,0.0
44.14659458450082,44146594.58450082,58.65541824293206,0.0,0,0,2.3,64.65541824293204,20260128-205932,0.0,0.0
44.14659458450082,44146594.58450082,58.65541824293206,0.0,0,0,2.3,64.65541824293204,20260128-205932,0.0,0.0
44.14659458450082,44146594.58450082,58.65541824293206,0.0,0,0,2.3,64.65541824293204,20260128-205932,0.0,0.0
44.14659458450082,44146594.58450082,58.65541824293206,0.0,0,0,2.3,64.65541824293204,20260128-205932,0.0,0.0
44.14659458450082,44146594.58450082,58.65541824293206,0.0,0,0,2.3,64.65541824293204,20260128-205932,0.0,0.0
44.14659458450082,44146594.58450082,58.65541824293206,0.0,0,0,2.3,64.65541824293204,20260128-205932,0.0,0.0
44.14659458450082,44146594.58450082,58.65541824293206,0.0,0,0,2.3,64.65541824293204,20260128-205932,0.0,0.0
44.14659458450082,44146594.58450082,58.65541824293206,0.0,0,0,2.3,64.65541824293204,20260128-205932,0.0,0.0
44.14659458450082,44146594.58450082,58.65541824293206,0.0,0,0,2.3,64.65541824293204,20260128-205932,0.0,0.0
44.14659458450082,44146594.58450082,58.65541824293206,0.0,0,0,2.3,64.65541824293204,20260128-205932,0.0,0.0
44.14659458450082,44146594.58450082,58.65541824293206,0.0,0,0,2.3,64.65541824293204,20260128-205932,0.0,0.0
44.14659458450082,44146594.58450082,58.65541824293206,0.0,0,0,2.3,64.65541824293204,20260128-205932,0.0,0.0
44.14659458450082,44146594.58450082,58.65541824293206,0.0,0,0,2.3,64.65541824293204,20260128-205932,0.0,0.0
44.14659458450082,44146594.58450082,58.65541824293206,0.0,0,0,2.3,64.65541824293204,20260128-205932,0.0,0.0
44.14659458450082,44146594.58450082,58.65541824293206,0.0,0,0,2.3,64.65541824293204,20260128-205932,0.0,0.0
44.14659458450082,44146594.58450082,58.65541824293206,0.0,0,0,2.3,64.65541824293204,20260128-205932,0.0,0.0
44.14659458450082,44146594.58450082,58.65541824293206,0.0,0,0,2.3,64.65541824293204,20260128-205932,0.0,0.0
44.14659458450082,44146594.58450082,58.65541824293206,0.0,0,0,2.3,64.65541824293204,20260128-205932,0.0,0.0
44.14659458450082,44146594.58450082,58.65541824293206,0.0,0,0,2.3,64.65541824293204,20260128-205932,0.0,0.0
44.14659458450082,44146594.58450082,58.65541824293206,0.0,0,0,2.3,64.65541824293204,20260128-205932,0.0,0.0
44.14659458450082,44146594.58450082,58.65541824293206,0.0,0,0,2.3,64.65541824293204,20260128-205932,0.0,0.0
44.14659458450082,44146594.58450082,58.65541824293206,0.0,0,0,2.3,64.65541824293204,20260128-205932,0.0,0.0
44.14659458450082,44146594.58450082,58.65541824293206,0.0,0,0,2.3,64.65541824293204,20260128-205932,0.0,0.0
44.14659458450082,44146594.58450082,58.65541824293206,0.0,0,0,2.3,64.65541824293204,20260128-205932,0.0,0.0
44.14659458450082,44146594.58450082,58.65541824293206,0.0,0,0,2.3,64.65541824293204,20260128-205932,0.0,0.0
44.14659458450082,44146594.58450082,58.65541824293206,0.0,0,0,2.3,64.65541824293204,20260128-205932,0.0,0.0
44.14659458450082,44146594.58450082,58.65541824293206,0.0,0,0,2.3,64.65541824293204,20260128-205932,0.0,0.0
44.14659458450082,44146594.58450082,58.65541824293206,0.0,0,0,2.3,64.65541824293204,20260128-205932,0.0,0.0
44.14659458450082,44146594.58450082,58.65541824293206,0.0,0,0,2.3,64.65541824293204,20260128-205932,0.0,0.0
44.14659458450082,44146594.58450082,58.65541824293206,0.0,0,0,2.3,64.65541824293204,20260128-205932,0.0,0.0
44.14659458450082,44146594.58450082,58.65541824293206,0.0,0,0,2.3,64.65541824293204,20260128-205932,0.0,0.0
44.14659458450082,44146594.58450082,58.65541824293206,0.0,0,0,2.3,64.65541824293204,20260128-205932,0.0,0.0
44.14659458450082,44146594.58450082,58.65541824293206,0.0,0,0,2.3,64.65541824293204,20260128-205932,0.0,0.0
44.14659458450082,44146594.58450082,58.65541824293206,0.0,0,0,2.3,64.65541824293204,20260128-205932,0.0,0.0
44.14659458450082,44146594.58450082,58.65541824293206,0.0,0,0,2.3,64.65541824293204,20260128-205932,0.0,0.0
44.14659458450082,44146594.58450082,58.65541824293206,0.0,0,0,2.3,64.65541824293204,20260128-205932,0.0,0.0
44.14659458450082,44146594.58450082,58.65541824293206,0.0,0,0,2.3,64.65541824293204,20260128-205932,0.0,0.0
44.14659458450082,44146594.58450082,58.65541824293206,0.0,0,0,2.3,64.65541824293204,20260128-205932,0.0,0.0
44.14659458450082,44146594.58450082,58.65541824293206,0.0,0,0,2.3,64.65541824293204,20260128-205932,0.0,0.0
44.14659458450082,44146594.58450082,58.65541824293206,0.0,0,0,2.3,64.65541824293204,20260128-205932,0.0,0.0
44.14659458450082,44146594.58450082,58.65541824293206,0.0,0,0,2.3,64.65541824293204,20260128-205932,0.0,0.0
44.14659458450082,44146594.58450082,58.65541824293206,0.0,0,0,2.3,64.65541824293204,20260128-205932,0.0,0.0
44.14659458450082,44146594.58450082,58.65541824293206,0.0,0,0,2.3,64.65541824293204,20260128-205932,0.0,0.0
44.14659458450082,44146594.58450082,58.65541824293206,0.0,0,0,2.3,64.65541824293204,20260128-205932,0.0,0.0
44.14659458450082,44146594.58450082,58.65541824293206,0.0,0,0,2.3,64.65541824293204,20260128-205932,0.0,0.0
44.14659458450082,44146594.58450082,58.65541824293206,0.0,0,0,2.3,64.65541824293204,20260128-205932,0.0,0.0
44.14659458450082,44146594.58450082,58.65541824293206,0.0,0,0,2.3,64.65541824293204,20260128-205932,0.0,0.0
44.14659458450082,44146594.58450082,58.65541824293206,0.0,0,0,2.3,64.65541824293204,20260128-205932,0.0,0.0
44.14659458450082,44146594.58450082,58.65541824293206,0.0,0,0,2.3,64.65541824293204,20260128-205932,0.0,0.0
44.14659458450082,44146594.58450082,58.65541824293206,0.0,0,0,2.3,64.65541824293204,20260128-205932,0.0,0.0
44.14659458450082,44146594.58450082,58.65541824293206,0.0,0,0,2.3,64.65541824293204,20260128-205932,0.0,0.0
44.14659458450082,44146594.58450082,58.65541824293206,0.0,0,0,2.3,64.65541824293204,20260128-205932,0.0,0.0
44.14659458450082,44146594.58450082,58.65541824293206,0.0,0,0,2.3,64.65541824293204,20260128-205932,0.0,0.0
44.14659458450082,44146594.58450082,58.65541824293206,0.0,0,0,2.3,64.65541824293204,20260128-205932,0.0,0.0
44.14659458450082,44146594.58450082,58.65541824293206,0.0,0,0,2.3,64.65541824293204,20260128-205932,0.0,0.0
44.14659458450082,44146594.58450082,58.65541824293206,0.0,0,0,2.3,64.65541824293204,20260128-205932,0.0,0.0
44.14659458450082,44146594.58450082,58.65541824293206,0.0,0,0,2.3,64.65541824293204,20260128-205932,0.0,0.0
44.14659458450082,44146594.58450082,58.65541824293206,0.0,0,0,2.3,64.65541824293204,20260128-205932,0.0,0.0
44.14659458450082,44146594.58450082,58.65541824293206,0.0,0,0,2.3,64.65541824293204,20260128-205932,0.0,0.0
44.14659458450082,44146594.58450082,58.65541824293206,0.0,0,0,2.3,64.65541824293204,20260128-205932,0.0,0.0
44.14659458450082,44146594.58450082,58.65541824293206,0.0,0,0,2.3,64.65541824293204,20260128-205932,0.0,0.0
44.14659458450082,44146594.58450082,58.65541824293206,0.0,0,0,2.3,64.65541824293204,20260128-205932,0.0,0.0
44.14659458450082,44146594.58450082,58.65541824293206,0.0,0,0,2.3,64.65541824293204,20260128-205932,0.0,0.0
44.14659458450082,44146594.58450082,58.65541824293206,0.0,0,0,2.3,64.65541824293204,20260128-205932,0.0,0.0
44.14659458450082,44146594.58450082,58.65541824293206,0.0,0,0,2.3,64.65541824293204,20260128-205932,0.0,0.0
44.14659458450082,44146594.58450082,58.65541824293206,0.0,0,0,2.3,64.65541824293204,20260128-205932,0.0,0.0
44.14659458450082,44146594.58450082,58.65541824293206,0.0,0,0,2.3,64.65541824293204,20260128-205932,0.0,0.0
44.14659458450082,44146594.58450082,58.65541824293206,0.0,0,0,2.3,64.65541824293204,20260128-205932,0.0,0.0
44.14659458450082,44146594.58450082,58.65541824293206,0.0,0,0,2.3,64.65541824293204,20260128-205932,0.0,0.0
44.14659458450082,44146594.58450082,58.65541824293206,0.0,0,0,2.3,64.65541824293204,20260128-205932,0.0,0.0
44.14659458450082,44146594.58450082,58.65541824293206,0.0,0,0,2.3,64.65541824293204,20260128-205932,0.0,0.0
44.14659458450082,44146594.58450082,58.65541824293206,0.0,0,0,2.3,64.65541824293204,20260128-205932,0.0,0.0
44.14659458450082,44146594.58450082,58.65541824293206,0.0,0,0,2.3,64.65541824293204,20260128-205932,0.0,0.0
44.14659458450082,44146594.58450082,58.65541824293206,0.0,0,0,2.3,64.65541824293204,20260128-205932,0.0,0.0
44.14659458450082,44146594.58450082,58.65541824293206,0.0,0,0,2.3,64.65541824293204,20260128-205932,0.0,0.0
44.14659458450082,44146594.58450082,58.65541824293206,0.0,0,0,2.3,64.65541824293204,20260128-205932,0.0,0.0
44.14659458450082,44146594.58450082,58.65541824293206,0.0,0,0,2.3,64.65541824293204,20260128-205932,0.0,0.0
44.14659458450082,44146594.58450082,58.65541824293206,0.0,0,0,2.3,64.65541824293204,20260128-205932,0.0,0.0
44.14659458450082,44146594.58450082,58.65541824293206,0.0,0,0,2.3,64.65541824293204,20260128-205932,0.0,0.0
44.14659458450082,44146594.58450082,58.65541824293206,0.0,0,0,2.3,64.65541824293204,20260128-205932,0.0,0.0
44.14659458450082,44146594.58450082,58.65541824293206,0.0,0,0,2.3,64.65541824293204,20260128-205932,0.0,0.0
44.14659458450082,44146594.58450082,58.65541824293206,0.0,0,0,2.3,64.65541824293204,20260128-205932,0.0,0.0
44.14659458450082,44146594.58450082,58.65541824293206,0.0,0,0,2.3,64.65541824293204,20260128-205932,0.0,0.0
44.14659458450082,44146594.58450082,58.65541824293206,0.0,0,0,2.3,64.65541824293204,20260128-205932,0.0,0.0
44.14659458450082,44146594.58450082,58.65541824293206,0.0,0,0,2.3,64.65541824293204,20260128-205932,0.0,0.0
44.14659458450082,44146594.58450082,58.65541824293206,0.0,0,0,2.3,64.65541824293204,20260128-205932,0.0,0.0
44.14659458450082,44146594.58450082,58.65541824293206,0.0,0,0,2.3,64.65541824293204,20260128-205932,0.0,0.0
44.14659458450082,44146594.58450082,58.65541824293206,0.0,0,0,2.3,64.65541824293204,20260128-205932,0.0,0.0
44.14659458450082,44146594.58450082,58.65541824293206,0.0,0,0,2.3,64.65541824293204,20260128-205932,0.0,0.0
44.14659458450082,44146594.58450082,58.65541824293206,0.0,0,0,2.3,64.65541824293204,20260128-205932,0.0,0.0
44.14659458450082,44146594.58450082,58.65541824293206,0.0,0,0,2.3,64.65541824293204,20260128-205932,0.0,0.0
44.14659458450082,44146594.58450082,58.65541824293206,0.0,0,0,2.3,64.65541824293204,20260128-205932,0.0,0.0
44.14659458450082,44146594.58450082,58.65541824293206,0.0,0,0,2.3,64.65541824293204,20260128-205932,0.0,0.0
44.14659458450082,44146594.58450082,58.65541824293206,0.0,0,0,2.3,64.65541824293204,20260128-205932,0.0,0.0
44.14659458450082,44146594.58450082,58.65541824293206,0.0,0,0,2.3,64.65541824293204,20260128-205932,0.0,0.0
44.14659458450082,44146594.58450082,58.65541824293206,0.0,0,0,2.3,64.65541824293204,20260128-205932,0.0,0.0
44.14659458450082,44146594.58450082,58.65541824293206,0.0,0,0,2.3,64.65541824293204,20260128-205932,0.0,0.0
44.14659458450082,44146594.58450082,58.65541824293206,0.0,0,0,2.3,64.65541824293204,20260128-205932,0.0,0.0
44.14659458450082,44146594.58450082,58.65541824293206,0.0,0,0,2.3,64.65541824293204,20260128-205932,0.0,0.0
44.14659458450082,44146594.58450082,58.65541824293206,0.0,0,0,2.3,64.65541824293204,20260128-205932,0.0,0.0
44.14659458450082,44146594.58450082,58.65541824293206,0.0,0,0,2.3,64.65541824293204,20260128-205932,0.0,0.0
44.14659458450082,44146594.58450082,58.65541824293206,0.0,0,0,2.3,64.65541824293204,20260128-205932,0.0,0.0
44.14659458450082,44146594.58450082,58.65541824293206,0.0,0,0,2.3,64.65541824293204,20260128-205932,0.0,0.0
44.14659458450082,44146594.58450082,58.65541824293206,0.0,0,0,2.3,64.65541824293204,20260128-205932,0.0,0.0
44.14659458450082,44146594.58450082,58.65541824293206,0.0,0,0,2.3,64.65541824293204,20260128-205932,0.0,0.0
44.14659458450082,44146594.58450082,58.65541824293206,0.0,0,0,2.3,64.65541824293204,20260128-205932,0.0,0.0
44.14659458450082,44146594.58450082,58.65541824293206,0.0,0,0,2.3,64.65541824293204,20260128-205932,0.0,0.0
44.14659458450082,44146594.58450082,58.65541824293206,0.0,0,0,2.3,64.65541824293204,20260128-205932,0.0,0.0
44.14659458450082,44146594.58450082,58.65541824293206,0.0,0,0,2.3,64.65541824293204,20260128-205932,0.0,0.0
44.14659458450082,44146594.58450082,58.65541824293206,0.0,0,0,2.3,64.65541824293204,20260128-205932,0.0,0.0
44.14659458450082,44146594.58450082,58.65541824293206,0.0,0,0,2.3,64.65541824293204,20260128-205932,0.0,0.0
44.14659458450082,44146594.58450082,58.65541824293206,0.0,0,0,2.3,64.65541824293204,20260128-205932,0.0,0.0
44.14659458450082,44146594.58450082,58.65541824293206,0.0,0,0,2.3,64.65541824293204,20260128-205932,0.0,0.0
44.14659458450082,44146594.58450082,58.65541824293206,0.0,0,0,2.3,64.65541824293204,20260128-205932,0.0,0.0
44.14659458450082,44146594.58450082,58.65541824293206,0.0,0,0,2.3,64.65541824293204,20260128-205932,0.0,0.0
44.14659458450082,44146594.58450082,58.65541824293206,0.0,0,0,2.3,64.65541824293204,20260128-205932,0.0,0.0
44.14659458450082,44146594.58450082,58.65541824293206,0.0,0,0,2.3,64.65541824293204,20260128-205932,0.0,0.0
44.14659458450082,44146594.58450082,58.65541824293206,0.0,0,0,2.3,64.65541824293204,20260128-205932,0.0,0.0
44.14659458450082,44146594.58450082,58.65541824293206,0.0,0,0,2.3,64.65541824293204,20260128-205932,0.0,0.0
44.14659458450082,44146594.58450082,58.65541824293206,0.0,0,0,2.3,64.65541824293204,20260128-205932,0.0,0.0
44.14659458450082,44146594.58450082,58.65541824293206,0.0,0,0,2.3,64.65541824293204,20260128-205932,0.0,0.0
44.14659458450082,44146594.58450082,58.65541824293206,0.0,0,0,2.3,64.65541824293204,20260128-205932,0.0,0.0
44.14659458450082,44146594.58450082,58.65541824293206,0.0,0,0,2.3,64.65541824293204,20260128-205932,0.0,0.0
44.14659458450082,44146594.58450082,58.65541824293206,0.0,0,0,2.3,64.65541824293204,20260128-205932,0.0,0.0
44.14659458450082,44146594.58450082,58.65541824293206,0.0,0,0,2.3,64.65541824293204,20260128-205932,0.0,0.0
44.14659458450082,44146594.58450082,58.65541824293206,0.0,0,0,2.3,64.65541824293204,20260128-205932,0.0,0.0
44.14659458450082,44146594.58450082,58.65541824293206,0.0,0,0,2.3,64.65541824293204,20260128-205932,0.0,0.0
44.14659458450082,44146594.58450082,58.65541824293206,0.0,0,0,2.3,64.65541824293204,20260128-205932,0.0,0.0
44.14659458450082,44146594.58450082,58.65541824293206,0.0,0,0,2.3,64.65541824293204,20260128-205932,0.0,0.0
44.14659458450082,44146594.58450082,58.65541824293206,0.0,0,0,2.3,64.65541824293204,20260128-205932,0.0,0.0
44.14659458450082,44146594.58450082,58.65541824293206,0.0,0,0,2.3,64.65541824293204,20260128-205932,0.0,0.0
44.14659458450082,44146594.58450082,58.65541824293206,0.0,0,0,2.3,64.65541824293204,20260128-205932,0.0,0.0
44.14659458450082,44146594.58450082,58.65541824293206,0.0,0,0,2.3,64.65541824293204,20260128-205932,0.0,0.0
44.14659458450082,44146594.58450082,58.65541824293206,0.0,0,0,2.3,64.65541824293204,20260128-205932,0.0,0.0
44.14659458450082,44146594.58450082,58.65541824293206,0.0,0,0,2.3,64.65541824293204,20260128-205932,0.0,0.0
44.14659458450082,44146594.58450082,58.65541824293206,0.0,0,0,2.3,64.65541824293204,20260128-205932,0.0,0.0
44.14659458450082,44146594.58450082,58.65541824293206,0.0,0,0,2.3,64.65541824293204,20260128-205932,0.0,0.0
44.14659458450082,44146594.58450082,58.65541824293206,0.0,0,0,2.3,64.65541824293204,20260128-205932,0.0,0.0
44.14659458450082,44146594.58450082,58.65541824293206,0.0,0,0,2.3,64.65541824293204,20260128-205932,0.0,0.0
44.14659458450082,44146594.58450082,58.65541824293206,0.0,0,0,2.3,64.65541824293204,20260128-205932,0.0,0.0
44.14659458450082,44146594.58450082,58.65541824293206,0.0,0,0,2.3,64.65541824293204,20260128-205932,0.0,0.0
44.14659458450082,44146594.58450082,58.65541824293206,0.0,0,0,2.3,64.65541824293204,20260128-205932,0.0,0.0
44.14659458450082,44146594.58450082,58.65541824293206,0.0,0,0,2.3,64.65541824293204,20260128-205932,0.0,0.0
44.14659458450082,44146594.58450082,58.65541824293206,0.0,0,0,2.3,64.65541824293204,20260128-205932,0.0,0.0
44.14659458450082,44146594.58450082,58.65541824293206,0.0,0,0,2.3,64.65541824293204,20260128-205932,0.0,0.0
44.14659458450082,44146594.58450082,58.65541824293206,0.0,0,0,2.3,64.65541824293204,20260128-205932,0.0,0.0
44.14659458450082,44146594.58450082,58.65541824293206,0.0,0,0,2.3,64.65541824293204,20260128-205932,0.0,0.0
44.14659458450082,44146594.58450082,58.65541824293206,0.0,0,0,2.3,64.65541824293204,20260128-205932,0.0,0.0
44.14659458450082,44146594.58450082,58.65541824293206,0.0,0,0,2.3,64.65541824293204,20260128-205932,0.0,0.0
44.14659458450082,44146594.58450082,58.65541824293206,0.0,0,0,2.3,64.65541824293204,20260128-205932,0.0,0.0
44.14659458450082,44146594.58450082,58.65541824293206,0.0,0,0,2.3,64.65541824293204,20260128-205932,0.0,0.0
44.14659458450082,44146594.58450082,58.65541824293206,0.0,0,0,2.3,64.65541824293204,20260128-205932,0.0,0.0
44.14659458450082,44146594.58450082,58.65541824293206,0.0,0,0,2.3,64.65541824293204,20260128-205932,0.0,0.0
44.14659458450082,44146594.58450082,58.65541824293206,0.0,0,0,2.3,64.65541824293204,20260128-205932,0.0,0.0
44.14659458450082,44146594.58450082,58.65541824293206,0.0,0,0,2.3,64.65541824293204,20260128-205932,0.0,0.0
44.14659458450082,44146594.58450082,58.65541824293206,0.0,0,0,2.3,64.65541824293204,20260128-205932,0.0,0.0
44.14659458450082,44146594.58450082,58.65541824293206,0.0,0,0,2.3,64.65541824293204,20260128-205932,0.0,0.0
44.14659458450082,44146594.58450082,58.65541824293206,0.0,0,0,2.3,64.65541824293204,20260128-205932,0.0,0.0
44.14659458450082,44146594.58450082,58.65541824293206,0.0,0,0,2.3,64.65541824293204,20260128-205932,0.0,0.0
44.14659458450082,44146594.58450082,58.65541824293206,0.0,0,0,2.3,64.65541824293204,20260128-205932,0.0,0.0
44.14659458450082,44146594.58450082,58.65541824293206,0.0,0,0,2.3,64.65541824293204,20260128-205932,0.0,0.0
44.14659458450082,44146594.58450082,58.65541824293206,0.0,0,0,2.3,64.65541824293204,20260128-205932,0.0,0.0
44.14659458450082,44146594.58450082,58.65541824293206,0.0,0,0,2.3,64.65541824293204,20260128-205932,0.0,0.0
44.14659458450082,44146594.58450082,58.65541824293206,0.0,0,0,2.3,64.65541824293204,20260128-205932,0.0,0.0
44.14659458450082,44146594.58450082,58.65541824293206,0.0,0,0,2.3,64.65541824293204,20260128-205932,0.0,0.0
44.14659458450082,44146594.58450082,58.65541824293206,0.0,0,0,2.3,64.65541824293204,20260128-205932,0.0,0.0
44.14659458450082,44146594.58450082,58.65541824293206,0.0,0,0,2.3,64.65541824293204,20260128-205932,0.0,0.0
44.14659458450082,44146594.58450082,58.65541824293206,0.0,0,0,2.3,64.65541824293204,20260128-205932,0.0,0.0
44.14659458450082,44146594.58450082,58.65541824293206,0.0,0,0,2.3,64.65541824293204,20260128-205932,0.0,0.0
44.14659458450082,44146594.58450082,58.65541824293206,0.0,0,0,2.3,64.65541824293204,20260128-205932,0.0,0.0
44.14659458450082,44146594.58450082,58.65541824293206,0.0,0,0,2.3,64.65541824293204,20260128-205932,0.0,0.0
44.14659458450082,44146594.58450082,58.65541824293206,0.0,0,0,2.3,64.65541824293204,20260128-205932,0.0,0.0
44.14659458450082,44146594.58450082,58.65541824293206,0.0,0,0,2.3,64.65541824293204,20260128-205932,0.0,0.0
44.14659458450082,44146594.58450082,58.65541824293206,0.0,0,0,2.3,64.65541824293204,20260128-205932,0.0,0.0
44.14659458450082,44146594.58450082,58.65541824293206,0.0,0,0,2.3,64.65541824293204,20260128-205932,0.0,0.0
44.14659458450082,44146594.58450082,58.65541824293206,0.0,0,0,2.3,64.65541824293204,20260128-205932,0.0,0.0
44.14659458450082,44146594.58450082,58.65541824293206,0.0,0,0,2.3,64.65541824293204,20260128-205932,0.0,0.0
44.14659458450082,44146594.58450082,58.65541824293206,0.0,0,0,2.3,64.65541824293204,20260128-205932,0.0,0.0
44.14659458450082,44146594.58450082,58.65541824293206,0.0,0,0,2.3,64.65541824293204,20260128-205932,0.0,0.0
44.14659458450082,44146594.58450082,58.65541824293206,0.0,0,0,2.3,64.65541824293204,20260128-205932,0.0,0.0
44.14659458450082,44146594.58450082,58.65541824293206,0.0,0,0,2.3,64.65541824293204,20260128-205932,0.0,0.0
44.14659458450082,44146594.58450082,58.65541824293206,0.0,0,0,2.3,64.65541824293204,20260128-205932,0.0,0.0
44.14659458450082,44146594.58450082,58.65541824293206,0.0,0,0,2.3,64.65541824293204,20260128-205932,0.0,0.0
44.14659458450082,44146594.58450082,58.65541824293206,0.0,0,0,2.3,64.65541824293204,20260128-205932,0.0,0.0
44.14659458450082,44146594.58450082,58.65541824293206,0.0,0,0,2.3,64.65541824293204,20260128-205932,0.0,0.0
44.14659458450082,44146594.58450082,58.65541824293206,0.0,0,0,2.3,64.65541824293204,20260128-205932,0.0,0.0
44.14659458450082,44146594.58450082,58.65541824293206,0.0,0,0,2.3,64.65541824293204,20260128-205932,0.0,0.0
44.14659458450082,44146594.58450082,58.65541824293206,0.0,0,0,2.3,64.65541824293204,20260128-205932,0.0,0.0
44.14659458450082,44146594.58450082,58.65541824293206,0.0,0,0,2.3,64.65541824293204,20260128-205932,0.0,0.0
44.14659458450082,44146594.58450082,58.65541824293206,0.0,0,0,2.3,64.65541824293204,20260128-205932,0.0,0.0
44.14659458450082,44146594.58450082,58.65541824293206,0.0,0,0,2.3,64.65541824293204,20260128-205932,0.0,0.0
44.14659458450082,44146594.58450082,58.65541824293206,0.0,0,0,2.3,64.65541824293204,20260128-205932,0.0,0.0
44.14659458450082,44146594.58450082,58.65541824293206,0.0,0,0,2.3,64.65541824293204,20260128-205932,0.0,0.0
44.14659458450082,44146594.58450082,58.65541824293206,0.0,0,0,2.3,64.65541824293204,20260128-205932,0.0,0.0
44.14659458450082,44146594.58450082,58.65541824293206,0.0,0,0,2.3,64.65541824293204,20260128-205932,0.0,0.0
44.14659458450082,44146594.58450082,58.65541824293206,0.0,0,0,2.3,64.65541824293204,20260128-205932,0.0,0.0
44.14659458450082,44146594.58450082,58.65541824293206,0.0,0,0,2.3,64.65541824293204,20260128-205932,0.0,0.0
44.14659458450082,44146594.58450082,58.65541824293206,0.0,0,0,2.3,64.65541824293204,20260128-205932,0.0,0.0
44.14659458450082,44146594.58450082,58.65541824293206,0.0,0,0,2.3,64.65541824293204,20260128-205932,0.0,0.0
44.14659458450082,44146594.58450082,58.65541824293206,0.0,0,0,2.3,64.65541824293204,20260128-205932,0.0,0.0
44.14659458450082,44146594.58450082,58.65541824293206,0.0,0,0,2.3,64.65541824293204,20260128-205932,0.0,0.0
44.14659458450082,44146594.58450082,58.65541824293206,0.0,0,0,2.3,64.65541824293204,20260128-205932,0.0,0.0
44.14659458450082,44146594.58450082,58.65541824293206,0.0,0,0,2.3,64.65541824293204,20260128-205932,0.0,0.0
44.14659458450082,44146594.58450082,58.65541824293206,0.0,0,0,2.3,64.65541824293204,20260128-205932,0.0,0.0
44.14659458450082,44146594.58450082,58.65541824293206,0.0,0,0,2.3,64.65541824293204,20260128-205932,0.0,0.0
44.14659458450082,44146594.58450082,58.65541824293206,0.0,0,0,2.3,64.65541824293204,20260128-205932,0.0,0.0
44.14659458450082,44146594.58450082,58.65541824293206,0.0,0,0,2.3,64.65541824293204,20260128-205932,0.0,0.0
44.14659458450082,44146594.58450082,58.65541824293206,0.0,0,0,2.3,64.65541824293204,20260128-205932,0.0,0.0
44.14659458450082,44146594.58450082,58.65541824293206,0.0,0,0,2.3,64.65541824293204,20260128-205932,0.0,0.0
44.14659458450082,44146594.58450082,58.65541824293206,0.0,0,0,2.3,64.65541824293204,20260128-205932,0.0,0.0
44.14659458450082,44146594.58450082,58.65541824293206,0.0,0,0,2.3,64.65541824293204,20260128-205932,0.0,0.0
44.14659458450082,44146594.58450082,58.65541824293206,0.0,0,0,2.3,64.65541824293204,20260128-205932,0.0,0.0
44.14659458450082,44146594.58450082,58.65541824293206,0.0,0,0,2.3,64.65541824293204,20260128-205932,0.0,0.0
44.14659458450082,44146594.58450082,58.65541824293206,0.0,0,0,2.3,64.65541824293204,20260128-205932,0.0,0.0
44.14659458450082,44146594.58450082,58.65541824293206,0.0,0,0,2.3,64.65541824293204,20260128-205932,0.0,0.0
44.14659458450082,44146594.58450082,58.65541824293206,0.0,0,0,2.3,64.65541824293204,20260128-205932,0.0,0.0
44.14659458450082,44146594.58450082,58.65541824293206,0.0,0,0,2.3,64.65541824293204,20260128-205932,0.0,0.0
44.14659458450082,44146594.58450082,58.65541824293206,0.0,0,0,2.3,64.65541824293204,20260128-205932,0.0,0.0
44.14659458450082,44146594.58450082,58.65541824293206,0.0,0,0,2.3,64.65541824293204,20260128-205932,0.0,0.0
44.14659458450082,44146594.58450082,58.65541824293206,0.0,0,0,2.3,64.65541824293204,20260128-205932,0.0,0.0
44.14659458450082,44146594.58450082,58.65541824293206,0.0,0,0,2.3,64.65541824293204,20260128-205932,0.0,0.0
44.14659458450082,44146594.58450082,58.65541824293206,0.0,0,0,2.3,64.65541824293204,20260128-205932,0.0,0.0
44.14659458450082,44146594.58450082,58.65541824293206,0.0,0,0,2.3,64.65541824293204,20260128-205932,0.0,0.0
44.14659458450082,44146594.58450082,58.65541824293206,0.0,0,0,2.3,64.65541824293204,20260128-205932,0.0,0.0
44.14659458450082,44146594.58450082,58.65541824293206,0.0,0,0,2.3,64.65541824293204,20260128-205932,0.0,0.0
44.14659458450082,44146594.58450082,58.65541824293206,0.0,0,0,2.3,64.65541824293204,20260128-205932,0.0,0.0
44.14659458450082,44146594.58450082,58.65541824293206,0.0,0,0,2.3,64.65541824293204,20260128-205932,0.0,0.0
44.14659458450082,44146594.58450082,58.65541824293206,0.0,0,0,2.3,64.65541824293204,20260128-205932,0.0,0.0
44.14659458450082,44146594.58450082,58.65541824293206,0.0,0,0,2.3,64.65541824293204,20260128-205932,0.0,0.0
44.14659458450082,44146594.58450082,58.65541824293206,0.0,0,0,2.3,64.65541824293204,20260128-205932,0.0,0.0
44.14659458450082,44146594.58450082,58.65541824293206,0.0,0,0,2.3,64.65541824293204,20260128-205932,0.0,0.0
44.14659458450082,44146594.58450082,58.65541824293206,0.0,0,0,2.3,64.65541824293204,20260128-205932,0.0,0.0
44.14659458450082,44146594.58450082,58.65541824293206,0.0,0,0,2.3,64.65541824293204,20260128-205932,0.0,0.0
44.14659458450082,44146594.58450082,58.65541824293206,0.0,0,0,2.3,64.65541824293204,20260128-205932,0.0,0.0
44.14659458450082,44146594.58450082,58.65541824293206,0.0,0,0,2.3,64.65541824293204,20260128-205932,0.0,0.0
44.14659458450082,44146594.58450082,58.65541824293206,0.0,0,0,2.3,64.65541824293204,20260128-205932,0.0,0.0
44.14659458450082,44146594.58450082,58.65541824293206,0.0,0,0,2.3,64.65541824293204,20260128-205932,0.0,0.0
44.14659458450082,44146594.58450082,58.65541824293206,0.0,0,0,2.3,64.65541824293204,20260128-205932,0.0,0.0
44.14659458450082,44146594.58450082,58.65541824293206,0.0,0,0,2.3,64.65541824293204,20260128-205932,0.0,0.0
44.14659458450082,44146594.58450082,58.65541824293206,0.0,0,0,2.3,64.65541824293204,20260128-205932,0.0,0.0
44.14659458450082,44146594.58450082,58.65541824293206,0.0,0,0,2.3,64.65541824293204,20260128-205932,0.0,0.0
44.14659458450082,44146594.58450082,58.65541824293206,0.0,0,0,2.3,64.65541824293204,20260128-205932,0.0,0.0
44.14659458450082,44146594.58450082,58.65541824293206,0.0,0,0,2.3,64.65541824293204,20260128-205932,0.0,0.0
44.14659458450082,44146594.58450082,58.65541824293206,0.0,0,0,2.3,64.65541824293204,20260128-205932,0.0,0.0
44.14659458450082,44146594.58450082,58.65541824293206,0.0,0,0,2.3,64.65541824293204,20260128-205932,0.0,0.0
44.14659458450082,44146594.58450082,58.65541824293206,0.0,0,0,2.3,64.65541824293204,20260128-205932,0.0,0.0
44.14659458450082,44146594.58450082,58.65541824293206,0.0,0,0,2.3,64.65541824293204,20260128-205932,0.0,0.0
44.14659458450082,44146594.58450082,58.65541824293206,0.0,0,0,2.3,64.65541824293204,20260128-205932,0.0,0.0
44.14659458450082,44146594.58450082,58.65541824293206,0.0,0,0,2.3,64.65541824293204,20260128-205932,0.0,0.0
44.14659458450082,44146594.58450082,58.65541824293206,0.0,0,0,2.3,64.65541824293204,20260128-205932,0.0,0.0
44.14659458450082,44146594.58450082,58.65541824293206,0.0,0,0,2.3,64.65541824293204,20260128-205932,0.0,0.0
44.14659458450082,44146594.58450082,58.65541824293206,0.0,0,0,2.3,64.65541824293204,20260128-205932,0.0,0.0
44.14659458450082,44146594.58450082,58.65541824293206,0.0,0,0,2.3,64.65541824293204,20260128-205932,0.0,0.0
44.14659458450082,44146594.58450082,58.65541824293206,0.0,0,0,2.3,64.65541824293204,20260128-205932,0.0,0.0
44.14659458450082,44146594.58450082,58.65541824293206,0.0,0,0,2.3,64.65541824293204,20260128-205932,0.0,0.0
44.14659458450082,44146594.58450082,58.65541824293206,0.0,0,0,2.3,64.65541824293204,20260128-205932,0.0,0.0
44.14659458450082,44146594.58450082,58.65541824293206,0.0,0,0,2.3,64.65541824293204,20260128-205932,0.0,0.0
44.14659458450082,44146594.58450082,58.65541824293206,0.0,0,0,2.3,64.65541824293204,20260128-205932,0.0,0.0
44.14659458450082,44146594.58450082,58.65541824293206,0.0,0,0,2.3,64.65541824293204,20260128-205932,0.0,0.0
44.14659458450082,44146594.58450082,58.65541824293206,0.0,0,0,2.3,64.65541824293204,20260128-205932,0.0,0.0
44.14659458450082,44146594.58450082,58.65541824293206,0.0,0,0,2.3,64.65541824293204,20260128-205932,0.0,0.0
44.14659458450082,44146594.58450082,58.65541824293206,0.0,0,0,2.3,64.65541824293204,20260128-205932,0.0,0.0
44.14659458450082,44146594.58450082,58.65541824293206,0.0,0,0,2.3,64.65541824293204,20260128-205932,0.0,0.0
44.14659458450082,44146594.58450082,58.65541824293206,0.0,0,0,2.3,64.65541824293204,20260128-205932,0.0,0.0
44.14659458450082,44146594.58450082,58.65541824293206,0.0,0,0,2.3,64.65541824293204,20260128-205932,0.0,0.0
44.14659458450082,44146594.58450082,58.65541824293206,0.0,0,0,2.3,64.65541824293204,20260128-205932,0.0,0.0
491.09171687187444,3.2812391072131333,-176.17886990413797,-149.66654389566116,0,0,1.2,-176.17886990413797,20260128-205932,0.0,0.0
486.1029462780135,3.2480560052256395,-176.1395953173964,-149.65965657487004,0,0,1.2,-176.1395953173964,20260128-205932,0.0,0.0
481.11440882618064,3.214876033057851,-176.09950625761812,-149.652553902231,0,0,1.2,-176.09950625761812,20260128-205932,0.0,0.0
476.1261118445042,3.1816992895461795,-176.05857716413993,-149.6452268160189,0,0,1.2,-176.05857716413993,20260128-205932,0.0,0.0
471.1380629711054,3.148525877732841,-176.01678139718354,-149.63766577340562,0,0,1.2,-176.01678139718354,20260128-205932,0.0,0.0
466.15027017064494,3.1153559050919757,-175.97409118039664,-149.6298607195195,0,0,1.2,-175.97409118039664,20260128-205932,0.0,0.0
461.1627417519387,3.0821894837705117,-175.93047753968978,-149.621801054161,0,0,1.2,-175.93047753968978,20260128-205932,0.0,0.0
456.1754863867252,3.049026730844913,-175.88591023808732,-149.61347559596987,0,0,1.2,-175.88591023808732,20260128-205932,0.0,0.0
451.1885131296732,3.015867768595041,-175.84035770628736,-149.60487254381908,0,0,1.2,-175.84035770628736,20260128-205932,0.0,0.0
446.2018314397256,2.982712724796484,-175.79378696859698,-149.59597943518708,0,0,1.2,-175.79378696859698,20260128-205932,0.0,0.0
441.2154512028849,2.9495617330328074,-175.74616356388083,-149.5867831012362,0,0,1.2,-175.74616356388083,20260128-205932,0.0,0.0
436.22938275655537,2.9164149330293534,-175.6974514611274,-149.5772696182957,0,0,1.2,-175.6974514611274,20260128-205932,0.0,0.0
431.24363691556687,2.883272471010314,-175.6476129692015,-149.56742425541793,0,0,1.2,-175.6476129692015,20260128-205932,0.0,0.0
426.2582250000172,2.8501345000810243,-175.59660864031113,-149.5572314176399,0,0,1.2,-175.59660864031113,20260128-205932,0.0,0.0
421.2731588650828,2.8170011806375443,-175.5443971666737,-149.54667458454531,0,0,1.2,-175.5443971666737,20260128-205932,0.0,0.0
416.28845093296223,2.7838726808058682,-175.49093526981645,-149.53573624367624,0,0,1.2,-175.49093526981645,20260128-205932,0.0,0.0
411.30411422713155,2.7507491769132564,-175.4361775818934,-149.52439781829727,0,0,1.2,-175.4361775818934,20260128-205932,0.0,0.0
406.3201624091097,2.71763085399449,-175.3800765183396,-149.51263958895777,0,0,1.2,-175.3800765183396,20260128-205932,0.0,0.0
401.3366098179498,2.684517906336088,-175.32258214111826,-149.50044060823802,0,0,1.2,-175.32258214111826,20260128-205932,0.0,0.0
396.3534715126957,2.6514105380618616,-175.2636420117416,-149.48777860799473,0,0,1.2,-175.2636420117416,20260128-205932,0.0,0.0
391.37076331806554,2.618308963763509,-175.20320103316445,-149.4746298983434,0,0,1.2,-175.20320103316445,20260128-205932,0.0,0.0
386.38850187365216,2.585213409180352,-175.1412012795573,-149.4609692575274,0,0,1.2,-175.1412012795573,20260128-205932,0.0,0.0
381.4067046869592,2.5521241119327245,-175.077581812864,-149.44676981172353,0,0,1.2,-175.077581812864,20260128-205932,0.0,0.0
376.42539019062633,2.5190413223140493,-175.0122784849347,-149.43200290372104,0,0,1.2,-175.0122784849347,20260128-205932,0.0,0.0
371.4445778042335,2.4859653041471224,-174.94522372389608,-149.4166379492845,0,0,1.2,-174.94522372389608,20260128-205932,0.0,0.0
366.46428800111653,2.4528963357107814,-174.87634630327952,-149.40064227986437,0,0,1.2,-174.87634630327952,20260128-205932,0.0,0.0
361.484542380674,2.4198347107438014,-174.8055710922652,-149.3839809701556,0,0,1.2,-174.8055710922652,20260128-205932,0.0,0.0
356.50536374669775,2.38678073953362,-174.73281878522113,-149.36661664881683,0,0,1.2,-174.73281878522113,20260128-205932,0.0,0.0
351.5267761923198,2.3537347500983867,-174.65800560851275,-149.34850929044825,0,0,1.2,-174.65800560851275,20260128-205932,0.0,0.0
346.5488051922345,2.3206970894717935,-174.5810430023297,-149.32961598668243,0,0,1.2,-174.5810430023297,20260128-205932,0.0,0.0
341.57147770293307,2.2876681251012805,-174.501837275019,-149.30989069396196,0,0,1.2,-174.501837275019,20260128-205932,0.0,0.0
336.59482227177125,2.2546482463714486,-174.42028922712163,-149.28928395525782,0,0,1.2,-174.42028922712163,20260128-205932,0.0,0.0
331.6188691557905,2.2216378662659655,-174.33629374197943,-149.26774259261316,0,0,1.2,-174.33629374197943,20260128-205932,0.0,0.0
326.6436504513218,2.1886374231828776,-174.24973933940512,-149.24520936697343,0,0,1.2,-174.24973933940512,20260128-205932,0.0,0.0
321.6692002355297,2.15564738292011,-174.16050768848257,-149.22162260127448,0,0,1.2,-174.16050768848257,20260128-205932,0.0,0.0
316.6955547211948,2.122668240850059,-174.06847307508022,-149.19691576219589,0,0,1.2,-174.06847307508022,20260128-205932,0.0,0.0
311.7227524261989,2.08970052430463,-173.97350181910966,-149.1710169953314,0,0,1.2,-173.97350181910966,20260128-205932,0.0,0.0
306.7508343593629,2.0567447951948696,-173.87545163592932,-149.14384860777017,0,0,1.4,-173.87545163592932,20260128-205932,0.0,0.0
301.779844224503,2.023801652892562,-173.77417093557423,-149.1153264911992,0,0,1.6,-173.77417093557423,20260128-205932,0.0,0.0
