dist,ttc,heading_err,approach_speed,ammo,mines,threat_density,threat_angle,session_id,fire,drop_mine
219.99999999999994,2.3157894736842097,60.0,-95.00000000000001,0,0,5.4,59.99999999999999,20260302-205726,0.0,0.0
216.83333333333323,2.282456140350876,60.0,-95.0,0,0,5.4,59.99999999999999,20260302-205726,0.0,0.0
213.66666666666652,2.249122807017542,60.0,-95.00000000000001,0,0,5.4,59.99999999999999,20260302-205726,0.0,0.0
210.4999999999998,2.2157894736842083,60.0,-95.0,0,0,5.4,60.00000000000001,20260302-205726,0.0,0.0
207.3333333333331,2.1824561403508747,60.0,-95.0,0,0,5.4,60.00000000000001,20260302-205726,0.0,0.0
204.16666666666637,2.1491228070175405,60.0,-95.0,0,0,5.4,60.00000000000001,20260302-205726,0.0,0.0
200.99999999999963,2.1157894736842064,60.00000000000003,-95.00000000000001,0,0,5.4,60.00000000000002,20260302-205726,0.0,0.0
197.83333333333292,2.082456140350873,60.00000000000003,-95.0,0,0,5.4,60.00000000000002,20260302-205726,0.0,0.0
194.6666666666662,2.0491228070175387,60.00000000000003,-95.00000000000001,0,0,5.4,60.000000000000036,20260302-205726,0.0,0.0
191.4999999999995,2.015789473684205,60.00000000000003,-95.0,0,0,5.4,60.000000000000036,20260302-205726,0.0,0.0
188.33333333333277,1.9824561403508714,60.00000000000003,-95.0,0,0,5.4,60.000000000000036,20260302-205726,0.0,0.0
185.16666666666606,2.0620242680487975,60.00000000000006,-89.79849051043473,0,0,5.6,60.00000000000005,20260302-205726,0.0,0.0
181.99999999999946,1.915789473684205,119.99999999999994,-95.0,0,0,5.6,119.99999999999994,20260302-205726,0.0,0.0
178.83333333333275,1.882456140350871,119.99999999999994,-95.0,0,0,5.6,119.99999999999994,20260302-205726,0.0,0.0
175.666666666666,1.849122807017537,119.99999999999989,-95.0,0,0,5.6,119.99999999999991,20260302-205726,0.0,0.0
172.4999999999993,1.8157894736842028,119.99999999999989,-95.00000000000001,0,0,5.6,119.99999999999991,20260302-205726,0.0,0.0
169.33333333333258,1.7824561403508692,119.99999999999989,-95.0,0,0,5.6,119.99999999999991,20260302-205726,0.0,0.0
166.16666666666586,1.749122807017535,119.99999999999989,-95.00000000000001,0,0,5.6,119.99999999999991,20260302-205726,0.0,0.0
162.99999999999915,1.7157894736842016,119.99999999999989,-95.0,0,0,5.8,119.99999999999989,20260302-205726,0.0,0.0
159.83333333333243,1.6824561403508675,119.99999999999989,-95.00000000000001,0,0,6.0,119.99999999999989,20260302-205726,0.0,0.0
156.66666666666572,1.6491228070175337,119.99999999999989,-95.00000000000001,0,0,6.0,119.99999999999989,20260302-205726,0.0,0.0
153.499999999999,1.6157894736842,119.99999999999989,-95.0,0,0,5.9,119.99999999999986,20260302-205726,0.0,0.0
150.3333333333323,1.5824561403508661,119.99999999999989,-95.0,0,0,5.9,119.99999999999986,20260302-205726,0.0,0.0
147.16666666666558,1.5491228070175325,119.99999999999989,-95.0,0,0,5.9,119.99999999999986,20260302-205726,0.0,0.0
143.99999999999886,1.5157894736841986,119.99999999999983,-95.0,0,0,5.9,119.99999999999984,20260302-205726,0.0,0.0
140.83333333333215,1.4824561403508647,119.99999999999983,-95.0,0,0,5.9,119.99999999999984,20260302-205726,0.0,0.0
137.66666666666544,1.4491228070175308,119.99999999999983,-95.0,0,0,5.9,119.99999999999984,20260302-205726,0.0,0.0
134.49999999999872,1.4157894736841972,119.99999999999983,-95.0,0,0,5.9,119.99999999999982,20260302-205726,0.0,0.0
131.333333333332,1.3824561403508635,119.99999999999983,-94.99999999999999,0,0,5.9,119.99999999999982,20260302-205726,0.0,0.0
128.1666666666653,1.3491228070175294,119.99999999999977,-95.0,0,0,5.9,119.99999999999979,20260302-205726,0.0,0.0
124.99999999999856,1.3157894736841955,119.99999999999977,-95.0,0,0,5.9,119.99999999999979,20260302-205726,0.0,0.0
121.83333333333185,1.2824561403508616,119.99999999999977,-95.0,0,0,5.9,119.99999999999976,20260302-205726,0.0,0.0
118.66666666666514,1.2491228070175278,119.99999999999977,-95.0,0,0,5.9,119.99999999999976,20260302-205726,0.0,0.0
115.49999999999842,1.215789473684194,119.99999999999972,-94.99999999999999,0,0,5.9,119.99999999999973,20260302-205726,0.0,0.0
112.3333333333317,1.18245614035086,119.99999999999972,-95.0,0,0,5.9,119.99999999999973,20260302-205726,0.0,0.0
109.16666666666498,1.1491228070175261,119.99999999999972,-95.0,0,0,5.9,119.99999999999972,20260302-205726,0.0,0.0
105.99999999999827,1.115789473684192,119.99999999999966,-95.00000000000001,0,0,6.1,119.99999999999969,20260302-205726,0.0,0.0
102.83333333333155,1.0824561403508584,119.99999999999966,-95.0,0,0,6.1,119.99999999999969,20260302-205726,0.0,0.0
99.66666666666484,1.0491228070175247,119.99999999999966,-95.0,0,0,6.1,119.99999999999966,20260302-205726,0.0,0.0
96.49999999999812,1.0157894736841908,119.99999999999966,-95.0,0,0,6.1,119.99999999999963,20260302-205726,0.0,0.0
93.33333333333141,0.9824561403508569,119.9999999999996,-95.0,0,0,6.1,119.99999999999962,20260302-205726,0.0,0.0
90.1666666666647,0.9491228070175232,119.9999999999996,-95.0,0,0,6.1,119.99999999999959,20260302-205726,0.0,0.0
86.99999999999798,0.9157894736841894,119.99999999999955,-94.99999999999999,0,0,6.1,119.99999999999956,20260302-205726,0.0,0.0
83.83333333333125,0.8824561403508553,119.99999999999955,-95.0,0,0,6.1,119.99999999999953,20260302-205726,0.0,0.0
80.66666666666454,0.8491228070175213,119.99999999999949,-95.00000000000001,0,0,6.1,119.9999999999995,20260302-205726,0.0,0.0
77.49999999999783,0.8157894736841875,119.99999999999949,-95.00000000000001,0,0,6.1,119.99999999999949,20260302-205726,0.0,0.0
74.33333333333111,0.7824561403508538,119.99999999999943,-95.0,0,0,6.1,119.99999999999943,20260302-205726,0.0,0.0
71.1666666666644,0.74912280701752,119.99999999999943,-95.0,0,0,6.1,119.9999999999994,20260302-205726,0.0,0.0
67.99999999999768,0.7157894736841861,119.99999999999937,-95.0,0,0,6.1,119.99999999999936,20260302-205726,0.0,0.0
64.83333333333097,0.6824561403508523,119.99999999999932,-95.0,0,0,6.1,119.99999999999933,20260302-205726,0.0,0.0
61.66666666666425,0.6491228070175185,119.99999999999926,-95.0,0,0,6.1,119.99999999999928,20260302-205726,0.0,0.0
58.499999999997534,0.6157894736841845,119.9999999999992,-95.00000000000001,0,0,6.1,119.9999999999992,20260302-205726,0.0,0.0
55.33333333333082,0.5824561403508507,119.99999999999915,-95.0,0,0,6.1,119.99999999999915,20260302-205726,0.0,0.0
52.1666666666641,0.5491228070175167,119.99999999999909,-95.00000000000001,0,0,6.1,119.99999999999908,20260302-205726,0.0,0.0
48.999999999997385,0.515789473684183,119.99999999999898,-95.0,0,0,6.1,119.999999999999,20260302-205726,0.0,0.0
45.83333333333067,0.4824561403508491,119.99999999999892,-95.00000000000001,0,0,6.1,119.99999999999892,20260302-205726,0.0,0.0
42.66666666666396,0.7733063950895112,119.9999999999988,-55.17433573237842,0,0,6.3,119.99999999999882,20260302-205726,0.0,0.0
39.49999999999833,0.4157894736841929,-20.000000000001762,-95.00000000000001,0,0,6.3,-20.00000000000175,20260302-205726,0.0,0.0
36.33333333333164,0.3824561403508594,-20.000000000001933,-94.99999999999999,0,0,6.3,-20.000000000001933,20260302-205726,0.0,0.0
33.16666666666494,0.3491228070175256,-20.00000000000216,-95.00000000000001,0,0,6.3,-20.00000000000215,20260302-205726,0.0,0.0
29.999999999998245,0.3157894736841921,-20.000000000002416,-95.0,0,0,6.3,-20.000000000002412,20260302-205726,0.0,0.0
26.83333333333155,0.28245614035085836,-20.00000000000273,-95.00000000000001,0,0,6.3,-20.000000000002736,20260302-205726,0.0,0.0
23.666666666664856,0.24912280701752484,-20.000000000003155,-94.99999999999999,0,0,6.3,-20.000000000003148,20260302-205726,0.0,0.0
20.49999999999816,0.21578947368419116,-20.000000000003695,-95.0,0,0,6.3,-20.000000000003684,20260302-205726,0.0,0.0
17.333333333331463,0.18245614035085747,-20.000000000004405,-95.00000000000001,0,0,6.3,-20.000000000004416,20260302-205726,0.0,0.0
14.166666666664769,0.1491228070175239,-20.000000000005485,-95.0,0,0,6.3,-20.00000000000548,20260302-205726,0.0,0.0
10.999999999998074,0.11578947368419024,-20.000000000007162,-95.00000000000001,0,0,6.3,-20.00000000000715,20260302-205726,0.0,0.0
7.833333333331379,0.0824561403508566,-20.000000000010175,-95.00000000000001,0,0,6.3,-20.000000000010182,20260302-205726,0.0,0.0
4.6666666666646845,0.049122807017522994,-20.00000000001731,-95.0,0,0,6.3,-20.000000000017312,20260302-205726,0.0,0.0
1.4999999999979894,0.01578947368418936,-20.00000000005457,-95.00000000000001,0,0,6.3,-20.00000000005456,20260302-205726,0.0,0.0
1.666666666664014,0.017543859649094884,-180.0,95.0,0,0,6.3,180.0,20260302-205726,0.0,0.0
1.5194108030250277,0.023293734964593242,-74.13333490747546,65.22830303231966,0,0,6.3,-74.13333490747546,20260302-205726,0.0,0.0
2.465564126891004,0.10586507881231784,-24.004566228539943,23.289683005498556,0,0,6.3,-24.004566228539947,20260302-205726,0.0,0.0
4.367127833122781,0.05738267018017319,-66.07356802493912,76.10534364139275,0,0,6.3,-66.07356802493912,20260302-205726,0.0,0.0
7.0988666977604025,0.08298007359467245,-79.53034582644402,85.54905280556619,0,0,6.3,-79.53034582644402,20260302-205726,0.0,0.0
6.490238815999192,0.11362328531811261,119.99999999999307,-57.12067555368061,0,0,6.3,119.99999999999305,20260302-205726,0.0,0.0
4.586216297543191,0.08028995198477962,119.99999999998994,-57.12067555368061,0,0,6.3,119.99999999998994,20260302-205726,0.0,0.0
2.68219377908719,0.046956618651446624,119.99999999998244,-57.120675553680606,0,0,6.3,119.99999999998244,20260302-205726,0.0,0.0
0.7781712606311887,0.01750679574964453,119.99999999993815,-44.44966810371277,0,0,6.3,119.99999999993814,20260302-205726,0.0,0.0
1.1258512578248125,0.019710048015219375,-59.99999999995636,57.12067555368061,0,0,6.3,-59.99999999995636,20260302-205726,0.0,0.0
3.0298737762808137,0.053043381348552375,-59.99999999998346,57.12067555368061,0,0,6.3,-59.99999999998346,20260302-205726,0.0,0.0
4.933896294736815,0.08637671468188537,-59.99999999998964,57.12067555368061,0,0,6.3,-59.99999999998964,20260302-205726,0.0,0.0
6.837918813192816,0.11971004801521837,-59.99999999999238,57.12067555368061,0,0,6.3,-59.999999999992376,20260302-205726,0.0,0.0
6.885932857734821,0.15422031754455184,143.5409175605971,-44.64997198404537,0,0,6.3,143.54091756059714,20260302-205726,0.0,0.0
5.61674710873143,0.18712764895899212,159.5986746434338,-30.015591709605168,0,0,6.3,159.59867464343378,20260302-205726,0.0,0.0
4.993736703210647,0.8389860540728641,-177.9798953831674,-5.952109309765657,0,0,6.3,-177.9798953831674,20260302-205726,0.0,0.0
5.252118225428938,0.25273843473373053,-153.90716159923906,20.780844951272417,0,0,6.3,-153.90716159923906,20260302-205726,0.0,0.0
6.284096344114395,0.15922680085414267,-134.9936978170957,39.466322945663194,0,0,6.3,-134.9936978170957,20260302-205726,0.0,0.0
7.787988783099293,0.15677537159994318,-122.36713793447035,49.67609837961383,0,0,6.3,-122.36713793447035,20260302-205726,0.0,0.0
9.543241227412642,0.17322788137044984,-114.0911042779062,55.09067681203299,0,0,6.3,-114.0911042779062,20260302-205726,0.0,0.0
11.43468051057115,0.1967347039638606,-108.46496555967512,58.12233571496189,0,0,6.3,-108.46496555967512,20260302-205726,0.0,0.0
13.404781424865623,0.2236382018188313,-104.46273885958159,59.939586867742754,0,0,6.3,-104.46273885958159,20260302-205726,0.0,0.0
15.423430005460803,0.25243674092751384,-101.49664071272302,61.09819810219138,0,0,6.3,-101.49664071272302,20260302-205726,0.0,0.0
17.473809047646544,0.28240014479400966,-99.22165961820934,61.8760626358475,0,0,6.3,-99.22165961820934,20260302-205726,0.0,0.0
19.545935473883546,0.31313066576833626,-97.42668124722346,62.42101975519776,0,0,6.3,-97.42668124722346,20260302-205726,0.0,0.0
15.83333333332795,0.13768115942024303,27.692307692309782,-115.0,0,0,6.3,27.692307692309768,20260302-205726,0.0,0.0
11.99999999999456,0.10434782608690922,27.692307692310465,-115.0,0,0,6.3,27.692307692310457,20260302-205726,0.0,0.0
8.166666666661172,0.07101449275357541,27.6923076923118,-114.99999999999999,0,0,6.3,27.692307692311793,20260302-205726,0.0,0.0
4.333333333327782,0.03768115942024158,27.692307692315495,-114.99999999999999,0,0,6.3,27.6923076923155,20260302-205726,0.0,0.0
0.4999999999943922,0.008695652173913045,27.692307692376005,-57.4999999993551,0,0,6.3,27.692307692376005,20260302-205726,0.0,0.0
3.3333333333275688,0.028985507246326685,-166.15384615386574,115.0,0,0,6.3,-166.15384615386574,20260302-205726,0.0,0.0
5.507627311039813,0.05268193764654631,50.62644390250435,-104.5448887622849,0,0,6.3,50.626443902504356,20260302-205726,0.0,0.0
2.349617640204409,0.032743726726565794,20.04479782028875,-71.75779531222712,0,0,6.3,20.04479782028875,20260302-205726,0.0,0.0
2.802411052220428,0.032916674208556485,-70.82024722508714,85.13651878876509,0,0,6.3,-70.82024722508714,20260302-205726,0.0,0.0
6.110022303449805,0.057809878986355784,-93.43342047686566,105.69166396096219,0,0,6.3,-93.43342047686566,20260302-205726,0.0,0.0
9.69315725572944,0.08923080205370199,-99.81594778742485,108.63017066568318,0,0,6.3,-99.81594778742485,20260302-205726,0.0,0.0
13.331477142933032,0.12171834239629292,-102.73637712530807,109.52726499945383,0,0,6.3,-102.73637712530807,20260302-205726,0.0,0.0
16.18343614273399,0.4662194253861727,102.03946414288487,34.71205887512975,0,0,6.5,102.03946414288484,20260302-205726,0.0,0.0
18.664251871742604,0.17145441950585477,80.3306688216702,108.85838886821615,0,0,6.5,80.3306688216702,20260302-205726,0.0,0.0
23.08256897482917,0.15215346894519344,65.30015643651379,151.7058344765287,0,0,6.5,65.30015643651379,20260302-205726,0.0,0.0
28.00487146286378,0.25389840148662574,-106.78130807348155,110.29951862197508,0,0,6.5,-106.78130807348155,20260302-205726,0.0,0.0
31.682394351481147,0.2871113179209927,-107.20647019987035,110.34881724934128,0,0,6.5,-107.20647019987035,20260302-205726,0.0,0.0
35.36129887640733,0.32034935801732467,-107.54318209516558,110.38354843369149,0,0,6.5,-107.54318209516558,20260302-205726,0.0,0.0
31.65685329658708,0.16366735754016348,-170.64096496315696,-193.42191242269297,0,0,6.5,-170.64096496315696,20260302-205726,0.0,0.0
25.356414446465777,0.1381753523159826,-176.81260579013826,-183.50895453828943,0,0,6.5,-176.81260579013826,20260302-205726,0.0,0.0
19.538145933538306,0.11992575036036572,173.15589214404002,-162.91868822857472,0,0,6.5,173.15589214404002,20260302-205726,0.0,0.0
14.782778475629652,0.12756221274017174,155.77144685895217,-115.88681442630914,0,0,6.5,155.77144685895217,20260302-205726,0.0,0.0
12.38232338452029,0.6306194061983412,127.64301505450078,-19.63517656262203,0,0,6.5,127.64301505450075,20260302-205726,0.0,0.0
13.642335772811618,0.15169756348019284,96.92183162322289,89.93114628761258,0,0,6.5,96.92183162322287,20260302-205726,0.0,0.0
17.801817836317447,0.11750830155495029,76.10773553762033,151.49412935725908,0,0,6.5,76.10773553762034,20260302-205726,0.0,0.0
23.354274913881945,1.9521576434353258,58.21974291698524,11.963314024570302,0,0,6.5,58.219742916985226,20260302-205726,0.0,0.0
24.75981539498839,0.3504346502572106,74.61470055230717,70.65458674481899,0,0,6.5,74.61470055230718,20260302-205726,0.0,0.0
27.904744400094984,0.24186993985421587,88.27877640418615,115.37086591626155,0,0,6.5,88.27877640418615,20260302-205726,0.0,0.0
32.28468772770398,0.2222677269325816,98.71663534597081,145.25135148161476,0,0,6.5,98.71663534597081,20260302-205726,0.0,0.0
37.469018713012595,0.22793269008933564,106.47086847547985,164.3863313258271,0,0,6.5,106.47086847547988,20260302-205726,0.0,0.0
43.168896962475365,0.24425970618577444,112.26219004622891,176.73359899009614,0,0,6.5,112.2621900462289,20260302-205726,0.0,0.0
49.205487159437226,0.2660814365229509,116.6690066700466,184.92641877778271,0,0,6.5,116.6690066700466,20260302-205726,0.0,0.0
55.46896671327372,0.29110525310356306,120.09729037471499,190.54608641342583,0,0,6.5,120.097290374715,20260302-205726,0.0,0.0
61.89048852512795,0.31815823977267593,122.82231823885684,194.52737910968045,0,0,6.5,122.82231823885685,20260302-205726,0.0,0.0
68.42557176611474,0.34657799526027067,125.03106750389571,197.43195673669067,0,0,6.5,125.03106750389571,20260302-205726,0.0,0.0
75.04455458699482,0.3759621367811419,126.85251528661547,199.60668175125403,0,0,6.5,126.85251528661544,20260302-205726,0.0,0.0
81.7270547297599,0.40605211728661916,128.3774365919911,201.2723274930528,0,0,6.5,128.37743659199108,20260302-205726,0.0,0.0
88.4586783557266,0.43667422834487835,129.67107170763336,202.57361807453256,0,0,6.5,129.67107170763333,20260302-205726,0.0,0.0
95.22900859550423,0.4677074400942189,130.78126515076133,203.60806870277818,0,0,6.5,130.7812651507613,20260302-205726,0.0,0.0
102.08584279998323,0.4912613722930123,131.77866737968168,207.8035208090699,0,0,6.5,131.77866737968165,20260302-205726,0.0,0.0
107.2026036945748,1.6833213739317492,-85.52418633709964,63.68516752340683,0,0,6.5,-85.52418633709964,20260302-205726,0.0,0.0
109.28206503837558,2.1989667059277425,-60.34054004684816,49.69700757350465,0,0,6.5,-60.340540046848155,20260302-205726,0.0,0.0
110.89850232743338,2.3446532420407658,-60.596587524279016,47.29846628873287,0,0,6.7,-60.59658752427902,20260302-205726,0.0,0.0
112.43598994106925,2.5006697652029923,-60.91944407516783,44.96235028936027,0,0,6.7,-60.919444075167824,20260302-205726,0.0,0.0
113.89683829884812,2.6672260136972925,-61.30707503685791,42.702357323279486,0,0,6.7,-61.30707503685791,20260302-205726,0.0,0.0
115.28380760198878,2.844280354840965,-61.757793749962644,40.53180179857297,0,0,6.7,-61.757793749962644,20260302-205726,0.0,0.0
116.60009741984598,3.0314280719753905,-62.2702136055197,38.46375195168825,0,0,6.7,-62.27021360551969,20260302-205726,0.0,0.0
117.84934039921627,3.227763865302987,-62.84320474325621,36.511140627740396,0,0,6.7,-62.84320474325621,20260302-205726,0.0,0.0
118.65639871973046,5.871116764217017,-42.512242729814346,20.210192282822824,0,0,6.7,-42.51224272981435,20260302-205726,0.0,0.0
119.27535451785688,7.0393300280903555,-43.12001480615069,16.944134461928922,0,0,6.6,-43.1200148061507,20260302-205726,0.0,0.0
119.78719591492784,8.68965082965691,-43.776542684125786,13.785041339763168,0,0,6.6,-43.77654268412578,20260302-205726,0.0,0.0
120.28686126753314,7.432858919797162,-44.44036598871358,16.18312180622092,0,0,6.5,-44.44036598871358,20260302-205726,0.0,0.0
120.86530034038604,6.5290657064939674,-45.068762698787026,18.511882981997022,0,0,6.5,-45.068762698787026,20260302-205726,0.0,0.0
121.52024646039412,5.849624477492117,-45.66110884841919,20.77402522640102,0,0,6.5,-45.66110884841918,20260302-205726,0.0,0.0
122.24952890532776,5.321537202377111,-46.216949909673474,22.972596874963,0,0,6.4,-46.216949909673474,20260302-205726,0.0,0.0
123.05108366377026,4.900297040667089,-46.735993038773415,25.11094381474863,0,0,6.4,-46.73599303877343,20260302-205726,0.0,0.0
123.9229625133324,4.557221185823233,-47.21809824531246,27.192659179860826,0,0,6.4,-47.21809824531246,20260302-205726,0.0,0.0
124.86334043771504,4.272990591979355,-47.663268771597046,29.22153413398349,0,0,6.4,-47.663268771597046,20260302-205726,0.0,0.0
125.87052143262059,4.034116274001237,-48.07164094590988,31.201510537467964,0,0,6.4,-48.071640945909884,20260302-205726,0.0,0.0
126.94294277427645,3.8308940679192642,-48.44347374542684,33.136636128188485,0,0,6.4,-48.44347374542684,20260302-205726,0.0,0.0
128.07917784261264,3.656164394414434,-48.779138273765625,35.031022685489944,0,0,6.4,-48.77913827376562,20260302-205726,0.0,0.0
129.23761497933307,3.7382383441541713,-43.062489306128896,34.571796413525604,0,0,6.4,-49.0624893061289,20260302-205726,0.0,0.0
130.3902976898836,3.7595766385531157,-37.27988575727068,34.682175740953824,0,0,6.4,-49.27988575727066,20260302-205726,0.0,0.0
131.55578734057454,3.7231427451942793,-31.43622692875715,35.334607438939265,0,0,6.4,-49.43622692875713,20260302-205726,0.0,0.0
132.75152457109695,3.6380827141711074,-25.53729819513552,36.489419015681385,0,0,6.4,-49.5372981951355,20260302-205726,0.0,0.0
133.99342958530906,3.517335628746293,-19.589690621021816,38.09515034340616,0,0,6.4,-49.58969062102183,20260302-205726,0.0,0.0
135.29552122568273,3.3748492183847527,-13.600683194122041,40.089352877944854,0,0,6.4,-49.60068319412204,20260302-205726,0.0,0.0
136.6695706077904,3.2233494274823618,-7.578090080402205,42.399861908405605,0,0,6.3,-49.57809008040222,20260302-205726,0.0,0.0
138.12480465427524,3.073093008713089,-1.5300783505227287,44.94650967694512,0,0,6.3,-49.53007835052275,20260302-205726,0.0,0.0
139.66767315504973,2.9315337003653443,4.535035603890719,47.64320912894283,0,0,6.3,-49.464964396109266,20260302-205726,0.0,0.0
141.30169006514137,2.803588002231209,10.609000647004962,50.4003048781375,0,0,6.3,-49.39099935299503,20260302-205726,0.0,0.0
143.0273558833807,2.6921750080040225,16.68384504581411,53.12706471835986,0,0,6.3,-49.31615495418592,20260302-205726,0.0,0.0
144.84216352934465,2.5988033899400835,22.752078827610205,55.73417523234954,0,0,6.3,-49.247921172389816,20260302-205726,0.0,0.0
146.73085841514668,2.575674937720066,28.808898022333665,56.967925675058126,0,0,6.5,-49.19110197766631,20260302-205726,0.0,0.0
148.62985441051893,2.6088315749940008,34.862540268329894,56.97180907926596,0,0,6.5,-49.13745973167009,20260302-205726,0.0,0.0
150.52897739784143,2.6419926936674716,34.91482902283491,56.975546434568386,0,0,6.5,-49.08517097716508,20260302-205726,0.0,0.0
152.42822263048674,2.675158125388192,34.96581479031403,56.9791449648861,0,0,6.5,-49.03418520968595,20260302-205726,0.0,0.0
154.32758559518834,2.7083277101322154,35.015545597425614,56.98261145349149,0,0,6.5,-48.9844544025744,20260302-205726,0.0,0.0
156.22706199789044,2.741501295695228,41.06406714289494,56.985952274836414,0,0,6.4,-48.93593285710509,20260302-205726,0.0,0.0
158.12664775061415,2.7746787372206754,47.111422936656766,56.98917342373321,0,0,6.4,-48.88857706334321,20260302-205726,0.0,0.0
160.02633895925536,2.807859896761654,47.15765442915102,56.99228054213676,0,0,6.4,-48.84234557084898,20260302-205726,0.0,0.0
161.86952634215226,3.01989396741904,47.224444864050724,53.60106284807557,0,0,6.4,-48.775555135949254,20260302-205726,0.0,0.0
163.5999260089888,3.257256678751457,47.332621003818076,50.22629228952828,0,0,6.3,-48.667378996181945,20260302-205726,0.0,0.0
165.21821212035988,3.5246190319596393,47.4811036715879,46.875480902258204,0,0,6.3,-48.5188963284121,20260302-205726,0.0,0.0
166.72530540685304,3.827844393669747,47.669018362990926,43.555925544563166,0,0,6.3,-48.33098163700906,20260302-205726,0.0,0.0
168.12236741006404,4.1743821084564665,47.8956773980068,40.274791104887505,0,0,6.3,-48.10432260199322,20260302-205726,0.0,0.0
169.41079734692482,4.573826269724307,48.16056442513519,37.03918499666501,0,0,6.2,-47.83943557486482,20260302-205726,0.0,0.0
170.59223133527502,5.038725771516036,48.46332091226611,33.856224583531514,0,0,6.2,-47.536679087733866,20260302-205726,0.0,0.0
171.6685437678769,5.5857869902990815,48.803734303392105,30.733098857155884,0,0,6.2,-47.19626569660791,20260302-205726,0.0,0.0
172.64185066151086,6.2377088677990224,49.18172755648271,27.677125419036685,0,0,6.1,-46.81827244351727,20260302-205726,0.0,0.0
173.51451483885316,7.026072840600153,49.597349806533146,24.695803584073275,0,0,6.1,-46.402650193466876,20260302-205726,0.0,0.0
174.28915282459343,7.996065447264465,50.050767919937755,21.796864217040582,0,0,6.0,-45.94923208006226,20260302-205726,0.0,0.0
174.96864335443416,9.214542073092915,50.54225872274276,18.98831672442567,0,0,6.0,-45.45774127725721,20260302-205726,0.0,0.0
175.55613740670955,10.784544527453338,51.07220169668739,16.278493445857688,0,0,6.0,-44.927798303312606,20260302-205726,0.0,0.0
176.05506967159113,12.873200612762849,51.64107194387219,13.676091515038244,0,0,6.0,-44.35892805612779,20260302-205726,0.0,0.0
176.4691713722579,15.769957713773849,52.24943322396558,11.190212083963017,0,0,6.0,-43.75056677603442,20260302-205726,0.0,0.0
176.6964577404507,73.69264353085535,46.86997262659327,2.3977489376733696,0,0,6.0,-43.130027373406755,20260302-205726,0.0,0.0
176.62645245000004,26.65849092221229,41.46743329293753,-6.625523288823224,0,0,6.0,-42.53256670706247,20260302-205726,0.0,0.0
176.2537044404308,11.195664412455105,36.0299634023861,-15.743032119143342,0,0,6.0,-41.97003659761391,20260302-205726,0.0,0.0
175.57752276922275,7.078152455271324,30.544923571679362,-24.80555821292951,0,0,6.0,-41.45507642832065,20260302-205726,0.0,0.0
174.49883064403835,4.064233194854074,2.1695718919795013,-42.935240739871894,0,0,5.8,-63.83042810802051,20260302-205726,0.0,0.0
172.98389068243324,3.6208965295551216,-3.8051738039239353,-47.77377350346069,0,0,5.8,-63.80517380392396,20260302-205726,0.0,0.0
169.85784884521507,0.82980586676851,14.36008387679908,-204.69588809571545,0,0,5.8,-39.63991612320095,20260302-205726,0.0,0.0
163.0587609228509,0.8027557614317837,10.79433729256391,-203.12375040700002,0,0,5.8,-37.2056627074361,20260302-205726,0.0,0.0
156.32478821042136,0.7785682180360549,7.306348379536644,-200.78495960797372,0,0,5.8,-34.69365162046338,20260302-205726,0.0,0.0
149.6818211485885,0.7572637937926143,3.8920550448637528,-197.6613993373895,0,0,5.8,-32.10794495513626,20260302-205726,0.0,0.0
143.15615133331795,0.738881218733943,0.5460489434743749,-193.74717844177027,0,0,5.8,-29.453951056525643,20260302-205726,0.0,0.0
136.77405941519223,0.7234852579140336,-2.7387631973605835,-189.04885471964113,0,0,5.8,-26.73876319736061,20260302-205726,0.0,0.0
130.5614015155085,0.7111757816979913,-5.971549803940377,-183.58527508316197,0,0,5.8,-23.971549803940373,20260302-205726,0.0,0.0
124.54320970498674,0.7020994137493819,-9.163990564852213,-177.38685899179956,0,0,5.8,-21.16399056485221,20260302-205726,0.0,0.0
118.74332861085183,0.6964658794683304,-12.33074575360223,-170.49410762448028,0,0,5.8,-18.330745753602205,20260302-205726,0.0,0.0
113.18411810966863,0.694572482767737,-15.489936693567188,-162.95508520385349,0,0,5.8,-15.489936693567175,20260302-205726,0.0,0.0
107.88626083255653,0.696842412823451,-18.663603352628684,-154.82160506767278,0,0,5.8,-12.663603352628684,20260302-205726,0.0,0.0
102.86872180446312,0.7038866152993076,-21.878090607214688,-146.14388108619048,0,0,5.8,-9.878090607214673,20260302-205726,0.0,0.0
98.14891416513788,0.7166063542898807,-25.164297901198324,-136.96349966418913,0,0,5.8,-7.164297901198318,20260302-205726,0.0,0.0
93.74312688996265,0.7363678233263574,-28.557707956374173,-127.30475710698701,0,0,5.8,-4.5577079563741645,20260302-205726,1.0,0.0
89.66726409967245,0.7653094208019758,-32.098088873235724,-117.1647201281139,0,0,6.0,-2.098088873235716,20260302-205726,1.0,0.0
85.93792638311872,0.8069074622544936,-35.82874064510338,-106.5028276513998,0,0,6.0,0.17125935489660207,20260302-205726,1.0,0.0
82.38204189597825,0.7711840833945341,-33.60977175739464,-106.82539184853998,0,0,6.0,2.3902282426053465,20260302-205726,1.0,0.0
78.81821550251604,0.7368313641044222,-31.25736948522831,-106.96913750178811,0,0,6.0,4.742630514771684,20260302-205726,1.0,0.0
75.2535089092542,0.7041893281611171,-28.747896297139135,-106.86544924753012,0,0,6.0,7.252103702860856,20260302-205726,1.0,0.0
71.69754965166942,0.6736703142312196,-26.053140434228084,-106.42824559293423,0,0,6.0,9.946859565771923,20260302-205726,1.0,0.0
68.16319465080424,0.6457973474303998,-23.13944813032296,-105.54889226786497,0,0,5.9,12.860551869677044,20260302-205726,1.0,0.0
64.66738473124208,0.6212652736579946,-19.96680073198715,-104.08981070273269,0,0,5.9,16.03319926801284,20260302-205726,1.0,0.0
61.232234400022186,0.6010421069935439,-16.48795833219097,-101.87677982547721,0,0,5.9,19.51204166780902,20260302-205726,1.0,0.0
57.88639469886598,0.5865454144281967,-12.64792663549656,-98.69038828868429,0,0,5.9,23.352073364503436,20260302-205726,1.0,0.0
54.66669681618992,0.5799680944356367,-8.384236014644586,-94.2581106455274,0,0,5.9,27.615763985355407,20260302-205726,1.0,0.0
184.93148830435956,1.3192925407388916,-112.97285637158792,140.1747395621487,0,0,5.8,-76.97285637158792,20260302-205726,1.0,0.0
189.74047916139008,1.278908098417914,-114.8697450241191,148.36130867895076,0,0,5.8,-78.8697450241191,20260302-205726,1.0,0.0
194.78445894053277,1.2631864459686866,-116.69289953232621,154.20087791645076,0,0,5.8,-80.69289953232621,20260302-205726,1.0,0.0
200.01560116353096,1.2532606799479056,-118.42236644482877,159.5961673128092,0,0,5.8,-82.42236644482877,20260302-205726,1.0,0.0
205.41960769252702,1.2481609137638012,-120.06226888203275,164.5778244033366,0,0,6.0,-84.06226888203275,20260302-205726,1.0,0.0
210.9831959943377,1.2471222293987663,-121.61690233973857,169.17603665524592,0,0,6.0,-85.61690233973857,20260302-205726,1.0,0.0
216.694074702353,1.2495332488835749,-123.09063078770318,173.42001495035322,0,0,6.0,-87.09063078770318,20260302-205726,1.0,0.0
222.540904738709,1.2548994505280153,-124.48780524788772,177.3376382028632,0,0,6.0,-88.48780524788772,20260302-205726,1.0,0.0
228.51325082897878,1.2628165228866104,-125.81270173191098,180.95522721434745,0,0,6.0,-89.81270173191098,20260302-205726,1.0,0.0
234.60152722994533,1.272950691838738,-127.06947543250065,184.29741916481512,0,0,6.0,-91.06947543250065,20260302-205726,1.0,0.0
240.7969406045438,1.2850239807971926,-128.26212826727087,187.38711821950605,0,0,6.0,-92.26212826727087,20260302-205726,1.0,0.0
246.75887690079375,1.449931970525682,-123.45353581746717,170.18652041400935,0,0,6.0,-93.45353581746717,20260302-205726,1.0,0.0
252.13384220155723,1.6567288998604528,-118.6962389653303,152.18774913795167,0,0,6.0,-94.6962389653303,20260302-205726,1.0,0.0
256.89709053337657,1.9243000594520763,-113.97954841860384,133.50157594784113,0,0,6.0,-95.97954841860384,20260302-205726,1.0,0.0
261.0274960322954,2.2850104517051952,-109.29381095133567,114.23470550758441,0,0,6.0,-97.29381095133567,20260302-205726,1.0,0.0
261.13376441498906,2.1496771952311424,9.937464893608507,-121.47580343425044,0,0,6.0,15.937464893608496,20260302-205726,0.0,0.0
257.1764822430474,2.2275406701119773,16.30515520284729,-115.45310291915762,0,0,6.0,16.305155202847303,20260302-205726,0.0,0.0
253.4716894715341,2.38448816960284,22.86555434255422,-106.3002503861247,0,0,6.0,16.865554342554198,20260302-205726,0.0,0.0
250.1260214294411,2.6640380417438267,29.618424102862377,-93.88980844497007,0,0,5.9,17.61842410286236,20260302-205726,0.0,0.0
247.28579330256613,3.2520872430177126,36.553036966463594,-76.03910191323834,0,0,5.9,18.553036966463576,20260302-205726,0.0,0.0
245.08791330163464,4.424987273134384,43.649980450502085,-55.387258352051646,0,0,5.9,19.649980450502067,20260302-205726,0.0,0.0
243.62128940308781,7.560948241076046,50.888329526768246,-32.2209968426416,0,0,5.9,20.888329526768246,20260302-205726,0.0,0.0
241.84562878909188,2.1584811263979597,26.255183952720643,-112.04435648352421,0,0,6.1,-9.744816047279379,20260302-205726,0.0,0.0
238.37647069536956,2.4934683228995396,33.27621760785178,-95.60036055247437,0,0,6.1,-8.723782392148195,20260302-205726,0.0,0.0
235.50498352074595,3.0899650572800708,40.473724754488785,-76.21606689884327,0,0,6.0,-7.526275245511225,20260302-205726,0.0,0.0
233.32533431641554,4.309534638164493,47.828990564321714,-54.141654240373605,0,0,6.0,-6.171009435678269,20260302-205726,0.0,0.0
231.92137233539276,7.796682525526429,55.31702805176752,-29.746160828798594,0,0,6.0,-4.682971948232502,20260302-205726,0.0,0.0
231.3627208247015,65.87533573862699,62.90713546328209,-3.512129664775864,0,0,5.9,-3.09286453671794,20260302-205726,0.0,0.0
231.7012672533993,9.661035626743338,70.56410163803025,23.983067261651744,0,0,5.9,-1.4358983619697663,20260302-205726,0.0,0.0
232.96849249822674,4.471690984605604,78.2499876250526,52.09852230403488,0,0,5.9,0.24998762505259736,20260302-205726,0.0,0.0
235.17400618089036,2.93344058499386,85.92628468324665,80.17002539063957,0,0,6.0,1.9262846832466702,20260302-205726,0.0,0.0
235.51349006574236,1.4138525403452968,-24.970654211470844,-166.57570952075687,0,0,6.0,-114.97065421147084,20260302-205726,0.0,0.0
229.86387677098708,1.3359991454967322,-19.1587932101113,-172.05391002366426,0,0,6.0,-115.15879321011131,20260302-205726,0.0,0.0
224.06732095235344,1.2777286006132207,-13.178381097761019,-175.36378292292804,0,0,5.9,-115.178381097761,20260302-205726,0.0,0.0
218.19895530628827,1.2374187476944112,-7.015381001239405,-176.3339659374338,0,0,5.9,-115.0153810012394,20260302-205726,1.0,0.0
212.3395985023073,1.2147872623385505,-0.6561489689074733,-174.79570710474746,0,0,6.1,-114.65614896890746,20260302-205726,1.0,0.0
206.57554683338208,1.2109427639928931,5.911870064063123,-170.59067775609122,0,0,6.1,-114.08812993593688,20260302-205726,1.0,0.0
200.99804823850022,1.228727146167961,12.699209475345356,-163.58232896974246,0,0,6.1,-113.30079052465463,20260302-205726,1.0,0.0
195.70233094275173,1.2735124574590293,19.713200403992687,-153.67131259416655,0,0,6.1,-112.28679959600734,20260302-205726,1.0,0.0
190.78604939306933,1.3548706660136867,26.95657325885435,-140.8149531751262,0,0,6.1,-111.04342674114565,20260302-205726,1.0,0.0
186.3470256664009,1.4901828278677685,34.42593515770875,-125.04977388112569,0,0,6.1,-109.57406484229124,20260302-205726,1.0,0.0
182.48022066453498,1.7131938225317747,42.11030093695706,-106.51463848665058,0,0,6.0,-107.88969906304297,20260302-205726,1.0,0.0
179.27397847152815,1.877528472649735,49.989942124859965,-95.48402651839457,0,0,6.2,-106.01005787514005,20260302-205726,1.0,0.0
176.47903712054494,2.455003861491285,58.10108214775539,-71.88544176600328,0,0,6.2,-103.89891785224464,20260302-205726,1.0,0.0
174.50025704105857,3.743588680137401,66.35023386570441,-46.613095601799365,0,0,6.2,-101.64976613429559,20260302-205726,1.0,0.0
173.3829568209908,8.535984349628384,74.69167877200522,-20.312005003680575,0,0,6.2,-99.3083212279948,20260302-205726,1.0,0.0
173.1495482202375,27.49895318714524,83.07431195164361,6.296586893394132,0,0,6.1,-96.92568804835638,20260302-205726,1.0,0.0
173.79787961262426,5.352565774313591,91.44515884937704,32.470012876191504,0,0,6.1,-94.55484115062296,20260302-205726,1.0,0.0
175.30151965717056,3.048515009840781,99.75321766299334,57.50390570205074,0,0,6.1,-92.24678233700668,20260302-205726,1.0,0.0
177.6119530442469,2.1985664616302913,107.95296614973256,80.78534633542223,0,0,6.3,-90.04703385026745,20260302-205726,1.0,0.0
180.66230239827976,1.7741544434112029,116.00697513514967,101.83008760551684,0,0,6.3,-87.9930248648503,20260302-205726,1.0,0.0
184.37195687831309,1.532608047901119,123.88732973816036,120.29948370087668,0,0,6.3,-86.11267026183964,20260302-205726,0.0,0.0
188.65143571609934,1.3871608962783453,131.57586007937198,135.99823655802138,0,0,6.2,-84.42413992062801,20260302-205726,0.0,0.0
193.2251527166952,1.3966541210516723,133.1174545671915,138.34860743560316,0,0,6.2,-82.88254543280851,20260302-205726,0.0,0.0
197.86983990637688,1.4106999165945553,134.56841842216096,140.26359368053045,0,0,6.2,-81.43158157783904,20260302-205726,0.0,0.0
202.5716794829394,1.4287312869060442,135.93450610277046,141.7843098555039,0,0,6.1,-80.06549389722954,20260302-205726,0.0,0.0
207.31816569207373,1.4503009685461046,137.22123518095856,142.9483742949615,0,0,6.1,-78.77876481904143,20260302-205726,0.0,0.0
212.09798979667463,1.4750536862569914,138.43385006762736,143.79001372816597,0,0,6.1,-77.56614993237262,20260302-205726,0.0,0.0
216.90092974579775,1.502705945504648,139.5773015608603,144.34023528998333,0,0,6.3,-76.42269843913968,20260302-205726,0.0,0.0
221.71774630416343,1.5330310918597345,140.65623828440152,144.62703821303162,0,0,6.3,-75.34376171559848,20260302-205726,0.0,0.0
226.5400866113612,1.5658481179081247,141.675006841558,144.67564511557137,0,0,6.3,-74.324993158442,20260302-205726,0.0,0.0
231.36039557437422,1.6010131810985089,142.6376581732468,144.50873878229416,0,0,6.3,-73.36234182675324,20260302-205726,0.0,0.0
236.27462592942547,1.5714968736526753,143.5663682963966,150.35004516442058,0,0,6.3,-72.43363170360341,20260302-205726,0.0,0.0
241.38402789774963,1.5451741886799335,144.4800075478098,156.2180042005282,0,0,6.3,-71.51999245219017,20260302-205726,0.0,0.0
246.689389215209,1.5217721853590938,145.37756417905553,162.1066488063044,0,0,6.3,-70.62243582094445,20260302-205726,0.0,0.0
252.19130619301185,1.5010452477473974,146.25817067666162,168.0104624237495,0,0,6.3,-69.74182932333841,20260302-205726,0.0,0.0
257.8901988720311,1.482771939099796,147.12109727548216,173.9243858557227,0,0,6.3,-68.87890272451784,20260302-205726,0.0,0.0
263.7863262737754,1.4667522716938883,147.96574458318315,179.843816412938,0,0,6.3,-68.03425541681683,20260302-205726,0.0,0.0
269.8798015101686,1.452805328953122,148.7916355421545,185.76460048136076,0,0,6.3,-67.20836445784549,20260302-205726,0.0,0.0
276.17060655134173,1.4407671877279828,149.59840693949513,191.68302061823664,0,0,6.3,-66.4015930605049,20260302-205726,0.0,0.0
282.6586064870583,1.430489097457395,150.3858006561722,197.59577824777998,0,0,6.3,-65.61419934382779,20260302-205726,0.0,0.0
289.3435631520611,1.4218358800796858,151.15365482444935,203.49997296160868,0,0,6.2,-64.84634517555067,20260302-205726,0.0,0.0
281.46561385831933,1.0866203469962412,-35.809052847212456,-259.0284772748627,0,0,6.2,108.19094715278754,20260302-205726,0.0,0.0
272.8811509959514,1.0657996695287795,-36.384788043613185,-256.0341861586427,0,0,6.2,107.61521195638682,20260302-205726,0.0,0.0
264.3970266921831,1.0450161045952189,-36.986264872523634,-253.00760967181057,0,0,6.2,107.01373512747637,20260302-205726,0.0,0.0
256.2071861296498,1.0759961745340536,-43.66747003308083,-238.11161432855192,0,0,6.2,106.33252996691917,20260302-205726,0.0,0.0
248.54001773052718,1.1211741792192371,-50.4782577743467,-221.67832825369328,0,0,6.2,105.5217422256533,20260302-205726,0.0,0.0
241.44339130904592,1.1840205385254519,-57.41176557193501,-203.9182458859482,0,0,6.2,104.588234428065,20260302-205726,0.0,0.0
234.95734699377218,1.2694178436756938,-64.4575331410353,-185.09062887712034,0,0,6.2,103.5424668589647,20260302-205726,0.0,0.0
228.85029529164686,1.2621263312087683,-65.57433323442461,-181.32122722807907,0,0,6.2,102.42566676557539,20260302-205726,0.0,0.0
222.87003767316287,1.2557310956061332,-66.73090030100133,-177.48229573433073,0,0,6.0,101.26909969899867,20260302-205726,0.0,0.0
217.01896147091915,1.2503279675261054,-67.92896608432132,-173.5696290152672,0,0,6.0,100.07103391567868,20260302-205726,0.0,0.0
211.29959658833786,1.2460254132331252,-69.17030441440947,-169.57888205511645,0,0,6.2,98.82969558559053,20260302-205726,0.0,0.0
205.71461972393013,1.2429466008145527,-70.4567225800354,-165.50559741594458,0,0,6.2,97.5432774199646,20260302-205726,0.0,0.0
200.2668575399192,1.2412318796517368,-71.79005030724716,-161.34524162891287,0,0,6.2,96.20994969275284,20260302-205726,0.0,0.0
194.95928844186548,1.2410417724659668,-73.17212597588305,-157.09325243297712,0,0,6.2,94.82787402411695,20260302-205726,0.0,0.0
189.79504257805593,1.2425606074782305,-74.60477968737484,-152.74509865820056,0,0,6.2,93.39522031262516,20260302-205726,0.0,0.0
184.77739960605732,1.246000955789408,-76.08981279109314,-148.2963546275861,0,0,6.2,91.91018720890686,20260302-205726,0.0,0.0
179.90978371116228,1.251609089577798,-77.62897348843435,-143.74279094749204,0,0,6.2,90.37102651156565,20260302-205726,0.0,0.0
175.19575530075588,1.2596717452590651,-79.22392817064323,-139.08048343556754,0,0,6.2,88.77607182935677,20260302-205726,0.0,0.0
170.63899874452468,1.2705245698326968,-80.87622821591843,-134.30594165289892,0,0,6.2,87.12377178408157,20260302-205726,0.0,0.0
166.24330548909683,1.284562759270507,-82.58727208231406,-129.41625801413167,0,0,6.2,85.41272791768594,20260302-205726,0.0,0.0
162.01255185503624,1.3022545814781958,-84.35826269410002,-124.40927769371712,0,0,6.2,83.64173730589998,20260302-205726,0.0,0.0
157.95067083370347,1.32415873814368,-86.19016033847078,-119.28378847926673,0,0,6.2,81.80983966152922,20260302-205726,0.0,0.0
154.06161725238732,1.3509468984113002,-88.08363157232831,-114.03972830728004,0,0,6.2,79.91636842767169,20260302-205726,0.0,0.0
150.34932578023805,1.3834332937588785,-90.03899498655373,-108.67840643890327,0,0,6.2,77.96100501344627,20260302-205726,0.0,0.0
146.8176614166581,1.4226140955969564,-92.05616508232409,-103.20273211903651,0,0,6.1,75.94383491767591,20260302-205726,0.0,0.0
143.47036234800453,1.4697205655854655,-94.13459596605328,-97.61744219102826,0,0,6.1,73.86540403394672,20260302-205726,0.0,0.0
140.31097538399158,1.5262919434131614,-96.27322704037422,-91.92931666154378,0,0,6.1,71.72677295962578,20260302-205726,0.0,0.0
137.34278459199493,1.5942771835655773,-98.4704333191967,-86.14736885641794,0,0,6.1,69.5295666808033,20260302-205726,0.0,0.0
134.5687342264605,1.6761797988874934,-100.7239833733947,-80.28299488860077,0,0,6.1,67.2760166266053,20260302-205726,0.0,0.0
131.99134758125751,1.7752687334390147,-103.0310081579995,-74.35006604637628,0,0,6.1,64.9689918420005,20260302-205726,0.0,0.0
129.61264394158334,1.8958932627266962,-105.38798401534302,-68.36494780047528,0,0,6.1,62.61201598465697,20260302-205726,0.0,0.0
127.43405633261422,2.043967148322551,-107.79073292953609,-62.3464307815305,0,0,6.1,60.2092670704639,20260302-205726,0.0,0.0
125.45635319795734,2.227738613402858,-110.23444258068841,-56.31556253645192,0,0,6.1,57.76555741931159,20260302-205726,0.0,0.0
123.67956743060202,2.4590644659320993,-112.71370789668246,-50.29537417341425,0,0,6.1,55.286292103317535,20260302-205726,0.0,0.0
122.1029362641001,2.7556206367906313,-115.22259465140826,-44.31050291679802,0,0,6.1,52.777405348591735,20260302-205726,0.0,0.0
120.72485536657582,3.144964109951443,-117.75472428392979,-38.3867195764087,0,0,6.1,50.24527571607022,20260302-205726,0.0,0.0
119.54285004212215,3.6725487308549263,-120.30337763177775,-32.55037817137255,0,0,6.1,47.69662236822226,20260302-205726,0.0,0.0
118.55356574112594,4.419054517358395,-122.86161383659191,-26.827812437126124,0,0,6.1,45.13838616340809,20260302-205726,0.0,0.0
117.75277915530134,5.542687146911866,-125.42239945846661,-21.24470965692297,0,0,6.1,42.577600541533386,20260302-205726,0.0,0.0
117.13543009899192,7.401691234933198,-127.97874198014165,-15.825495333574137,0,0,6.1,40.021258019858344,20260302-205726,0.0,0.0
116.69567325345137,11.01654807598178,-130.52382150654168,-10.592762129170994,0,0,6.1,37.47617849345833,20260302-205726,0.0,0.0
116.42694778319509,20.914620359370158,-133.05111461999738,-5.56677318462697,0,0,6.1,34.94888538000262,20260302-205726,0.0,0.0
116.3220619250669,152.04230204974027,-135.55450501570388,-0.7650638036709838,0,0,6.1,32.44549498429612,20260302-205726,0.0,0.0
116.37328898234392,30.641946040600804,-138.02837662668992,3.7978426314095213,0,0,6.1,29.971623373310074,20260302-205726,0.0,0.0
116.57247077699095,14.37285823789066,-140.46768631316445,8.110597686803523,0,0,6.1,27.532313686835547,20260302-205726,0.0,0.0
116.91112453523752,9.610393239720999,-142.86801467289754,12.165071877811275,0,0,6.1,25.131985327102452,20260302-205726,0.0,0.0
117.38054938209169,7.356381335639937,-145.2255949654011,15.956289380134569,0,0,6.1,22.774405034598914,20260302-205726,0.0,0.0
117.97192904861996,6.055348515226496,-147.53732139796293,19.48226906378275,0,0,6.1,20.46267860203708,20260302-205726,0.0,0.0
118.67642798420742,5.217970350551483,-149.8007390032408,22.743791170002453,0,0,6.3,18.199260996759204,20260302-205726,0.0,0.0
119.48527874147358,4.641266544248038,-152.0140180012709,25.744110492760374,0,0,6.3,15.985981998729105,20260302-205726,0.0,0.0
120.38985919562386,4.225890520292686,-154.1759158830467,28.48863656488802,0,0,6.3,13.82408411695328,20260302-205726,0.0,0.0
121.38175881622665,3.9174867743178927,-156.2857305126921,30.984599517215084,0,0,6.3,11.714269487307885,20260302-205726,0.0,0.0
122.45283378695967,3.6838204192697184,-158.343247377161,33.24071747537432,0,0,6.3,9.656752622839019,20260302-205726,0.0,0.0
123.59525124353179,3.5045702378056105,-160.34868378222885,35.26687806403363,0,0,6.3,7.651316217771163,20260302-205726,0.0,0.0
124.80152326239488,3.366295815711603,-162.3026323661728,37.07384320769,0,0,6.3,5.697367633827205,20260302-205726,0.0,0.0
126.06453148550447,3.2597570935056113,-164.20600583462385,38.67298325285091,0,0,6.3,3.793994165376154,20260302-205726,0.0,0.0
127.37754341999255,3.178396161809629,-166.05998435619472,40.07604368219152,0,0,6.3,1.9400156438052827,20260302-205726,0.0,0.0
128.73422152171463,3.1174328997532146,-167.8659666300444,41.294945444344805,0,0,6.3,0.1340333699555975,20260302-205726,0.0,0.0
130.1286261756702,3.0733030926433913,-169.6255252626886,42.34161820458286,0,0,6.3,-1.6255252626886016,20260302-205726,0.0,0.0
124.66805868900619,0.6622895044650421,148.9113312161287,-188.238010490149,0,0,6.3,-43.088668783871306,20260302-205726,0.0,0.0
118.35695112445772,0.6215494686860822,148.6177580658566,-190.42241541072687,0,0,6.3,-43.38224193414342,20260302-205726,0.0,0.0
111.97369015759712,0.5814839858704937,148.26721668231215,-192.565389380363,0,0,6.3,-43.73278331768784,20260302-205726,0.0,0.0
105.51985917952035,0.5420889282630431,147.84864308094404,-194.65414930650996,0,0,6.3,-44.15135691905597,20260302-205726,0.0,0.0
98.99754071711475,0.5033656242572242,147.3478255692674,-196.67123845256094,0,0,6.3,-44.652174430732614,20260302-205726,0.0,0.0
92.40950634280411,0.4653226734479809,146.74621663178652,-198.59231371224962,0,0,6.3,-45.253783368213476,20260302-205726,0.0,0.0
85.75950027153452,0.42797873102505557,146.01917065195437,-200.38262197313216,0,0,6.3,-45.9808293480456,20260302-205726,0.0,0.0
79.05267465720299,0.39136690561209003,145.1332615913576,-201.99120958775546,0,0,6.3,-46.86673840864241,20260302-205726,0.0,0.0
72.2962789522667,0.3555419567307571,144.042080266271,-203.34106167676532,0,0,6.3,-47.95791973372898,20260302-205726,0.0,0.0
65.50576183437128,0.32186502033268943,142.6827462920147,-203.5193565509621,0,0,6.3,-49.31725370798527,20260302-205726,0.0,0.0
58.74713156322829,0.29095561608388504,140.99955232127922,-201.9109730684524,0,0,6.3,-51.00044767872076,20260302-205726,0.0,0.0
52.0523400080451,0.26073198586859914,138.8811429265079,-199.63925728037782,0,0,6.2,-53.11885707349211,20260302-205726,0.0,0.0
45.4496065298591,0.23153310843622743,136.14251608126312,-196.29852005540522,0,0,6.2,-55.8574839187369,20260302-205726,0.0,0.0
38.9857328663306,0.20396544480032283,132.48490901492187,-191.13891034089954,0,0,6.2,-59.5150909850781,20260302-205726,0.0,0.0
32.74306034155586,0.179231606972277,127.40469397973413,-182.68574887363732,0,0,6.2,-64.59530602026584,20260302-205726,0.0,0.0
133.91208303464356,2.829730907503869,147.30136704311758,47.323257020494786,0,0,6.1,-44.69863295688243,20260302-205726,0.0,0.0
135.66105942476815,2.357314651372844,150.18295265646827,57.54898241766851,0,0,6.1,-41.81704734353172,20260302-205726,0.0,0.0
137.74396576918963,2.045174217408714,152.98431093283796,67.35072474349624,0,0,6.1,-39.01568906716203,20260302-205726,0.0,0.0
140.14591384480994,1.8275418452122856,155.69595394040152,76.6854746510774,0,0,6.1,-36.304046059598484,20260302-205726,0.0,0.0
142.8508110896473,1.670303166840482,158.31058846277136,85.52388208654453,0,0,6.1,-33.689411537228644,20260302-205726,0.0,0.0
145.8418022740507,1.553999341373153,160.82304093738975,93.84933338850789,0,0,6.1,-31.176959062610255,20260302-205726,0.0,0.0
149.10167119156145,1.4667203045331552,163.23009930434523,101.65651264984653,0,0,6.1,-28.76990069565479,20260302-205726,0.0,0.0
152.61318885892433,1.400767847532727,165.53029869817777,108.94966580488901,0,0,6.1,-26.46970130182223,20260302-205726,0.0,0.0
156.35940162095437,1.350945009175891,167.72367633561885,115.74075966003781,0,0,6.1,-24.27632366438119,20260302-205726,0.0,0.0
159.90175104337015,13.447241325713803,-154.62232288423232,-11.891044948944746,0,0,6.1,13.377677115767687,20260302-205726,0.0,0.0
159.53361624241407,15.648085325410374,-155.70027444145634,-10.195088595494367,0,0,6.1,12.299725558543662,20260302-205726,0.0,0.0
159.22219926838864,18.75792633732855,-156.7828271842676,-8.488262316689779,0,0,6.1,11.217172815732388,20260302-205726,0.0,0.0
158.96783345122935,23.473189656636517,-157.86923330409826,-6.772314959176618,0,0,6.1,10.130766695901727,20260302-205726,0.0,0.0
158.77079299521006,31.445715479558817,-158.95872859140655,-5.0490437432857425,0,0,6.1,9.04127140859344,20260302-205726,0.0,0.0
158.63129151687758,47.776406053896864,-160.05053556128166,-3.320285149492505,0,0,6.1,7.949464438718333,20260302-205726,0.0,0.0
158.5494808951832,99.84819564181484,-161.14386672035093,-1.5879053184290612,0,0,6.1,6.856133279649072,20260302-205726,0.0,0.0
158.52545044814175,1084.2318322586984,-162.2379279413745,0.14620992091506632,0,0,6.1,5.762072058625499,20260302-205726,0.0,0.0
158.5592264463823,84.33260034184005,-163.33192190976428,1.880165271836354,0,0,6.1,4.668078090235738,20260302-205726,0.0,0.0
158.65077196975355,43.92244170473276,-164.42505160481423,3.61206631080026,0,0,6.1,3.5749483951857592,20260302-205726,0.0,0.0
158.79998710880633,29.737659253651092,-165.51652377772638,5.34002981721937,0,0,6.1,2.483476222273616,20260302-205726,0.0,0.0
159.00670950859302,22.51520000525057,-166.60555238858043,7.062193961035765,0,0,6.1,1.3944476114195545,20260302-205726,0.0,0.0
159.27071524790054,18.146934854418337,-167.69136196522845,8.776728220254894,0,0,6.1,0.308638034771545,20260302-205726,0.0,0.0
159.59172004286523,15.22554015201554,-168.7731908486653,10.481842906685886,0,0,6.1,-0.7731908486653152,20260302-205726,0.0,0.0
159.96938075999867,13.13830751006164,-169.85029429168725,12.175798186904224,0,0,6.1,-1.8502942916872405,20260302-205726,0.0,0.0
160.4032972200675,11.575688109444853,-170.92194738052717,13.856912496561737,0,0,6.1,-2.9219473805271785,20260302-205726,0.0,0.0
160.89301427108603,10.364433669841668,-171.9874477525614,15.52357025924639,0,0,6.1,-3.987447752561398,20260302-205726,0.0,0.0
161.43802410596206,9.400015898841223,-173.0461180870106,17.174228835704753,0,0,6.1,-5.046118087010605,20260302-205726,0.0,0.0
162.03776879812065,8.615627703283042,-174.0973083496995,18.807424644913,0,0,6.1,-6.097308349699497,20260302-205726,0.0,0.0
162.69164302675142,7.96657566852158,-175.14039777727308,20.421778414733037,0,0,6.1,-7.140397777273093,20260302-205726,0.0,0.0
163.3989969621887,7.4218295968444155,-176.17479659067936,22.015999536241313,0,0,6.1,-8.174796590679367,20260302-205726,0.0,0.0
164.15913928133727,6.959171994896052,-177.1999474321028,23.58888951181746,0,0,6.1,-9.199947432102778,20260302-205726,0.0,0.0
164.97134028298476,6.562276922843752,-178.21532652376797,25.139344502318668,0,0,6.0,-10.215326523767958,20260302-205726,0.0,0.0
165.8348350732557,6.2188785336555155,-179.22044455103438,26.666356992789893,0,0,6.0,-11.220444551034387,20260302-205726,0.0,0.0
166.74882679232917,5.919582820642632,179.78515272410738,28.169016608881037,0,0,6.0,-12.214847275892627,20260302-205726,0.0,0.0
167.71248985480236,5.657073602760996,178.80188410971226,29.646510127241132,0,0,6.0,-13.19811589028773,20260302-205726,0.0,0.0
168.72497317768608,5.425568143781973,177.83013287841095,31.098120732490482,0,0,6.0,-14.169867121589089,20260302-205726,0.0,0.0
169.7854033719015,5.2204354002144315,176.87024689503153,32.52322658085713,0,0,6.0,-15.129753104968454,20260302-205726,0.0,0.0
170.892887875249,5.037922905142357,175.92253896057548,33.92129873619415,0,0,6.0,-16.077461039424534,20260302-205726,0.0,0.0
172.0465180070793,4.874957853953199,174.98728735429597,35.29189854791532,0,0,6.0,-17.01271264570406,20260302-205726,0.0,0.0
173.2453719272547,4.728999891244899,174.06473655457182,36.63467454249575,0,0,6.0,-17.9352634454282,20260302-205726,0.0,0.0
174.4885174843894,4.597930572183885,173.15509811863575,37.94935890071789,0,0,6.0,-18.844901881364237,20260302-205726,0.0,0.0
175.7750149407533,4.4799692639788065,172.2585517009826,39.23576359196755,0,0,6.0,-19.741448299017392,20260302-205726,0.0,0.0
177.1039195635679,4.373608391983657,171.37524619040335,40.49377623478588,0,0,5.9,-20.624753809596637,20260302-205726,0.0,0.0
178.47428407468152,4.277563030766444,170.50530094602584,41.723355749758035,0,0,5.9,-21.494699053974156,20260302-205726,0.0,0.0
179.8851609527485,4.190731264667043,169.64880711344273,42.924527866866335,0,0,5.9,-22.351192886557268,20260302-205726,0.0,0.0
181.33560458403377,4.112162725847206,168.8058290029295,44.09738054485045,0,0,5.9,-23.194170997070497,20260302-205726,0.0,0.0
180.75142519549402,1.6166032976305742,25.528042705510416,-111.80938790637015,0,0,5.9,-166.47195729448956,20260302-205726,0.0,0.0
177.0267166475894,1.5852425474989498,25.818265779094418,-111.67169145622915,0,0,5.9,-166.18173422090558,20260302-205726,0.0,0.0
173.3067453757597,1.5539717786016805,26.120955981648308,-111.52502752122521,0,0,5.9,-165.8790440183517,20260302-205726,0.0,0.0
169.59182311461777,1.5227972915096977,26.436916232968485,-111.3686135772443,0,0,5.9,-165.56308376703151,20260302-205726,0.0,0.0
165.882289081234,1.491725989080724,26.767018189768066,-111.20158145361465,0,0,5.8,-165.23298181023193,20260302-205726,0.0,0.0
162.17851301331277,1.4607654501888305,27.1122095507489,-111.02296607052709,0,0,5.8,-164.8877904492511,20260302-205726,0.0,0.0
158.4808986107705,1.4299240145566416,27.473522281457804,-110.83169245178993,0,0,5.7,-164.52647771854222,20260302-205726,0.0,0.0
154.78988744305707,1.3992108806909467,27.852081891061914,-110.62656071300705,0,0,5.7,-164.1479181089381,20260302-205726,0.0,0.0
151.10596339549315,1.3686362193454435,28.249117914049748,-110.4062286673666,0,0,5.7,-163.75088208595022,20260302-205726,0.0,0.0
147.42965774095404,1.3382113054605902,28.66597577418497,-110.16919162120753,0,0,5.7,-163.33402422581503,20260302-205726,0.0,0.0
143.76155493885864,1.3079486721889293,29.10413023636329,-109.91375884671773,0,0,5.7,-162.8958697636367,20260302-205726,0.0,0.0
140.1022992821709,1.2778622914427291,29.565200684946717,-109.63802611625148,0,0,5.7,-162.43479931505325,20260302-205726,0.0,0.0
136.4526025356511,1.2479677864495224,30.050968505326182,-109.33984355786919,0,0,5.7,-161.94903149467382,20260302-205726,0.0,0.0
132.81325273572162,1.2182826831372902,30.563396889568253,-109.01677793999694,0,0,5.7,-161.43660311043175,20260302-205726,0.0,0.0
129.18512435501947,1.1888267088847826,31.10465343767629,-108.66606830881665,0,0,5.7,-160.8953465623237,20260302-205726,0.0,0.0
125.5691900741974,1.1596221493863343,31.67713598377202,-108.28457367828642,0,0,5.7,-160.322864016228,20260302-205726,0.0,0.0
121.96653445124555,1.130694277261933,32.28350214166829,-107.868711201579,0,0,5.7,-159.7164978583317,20260302-205726,0.0,0.0
118.37836983626998,1.1020718698238439,32.92670313665212,-107.41438292512782,0,0,5.7,-159.07329686334788,20260302-205726,0.0,0.0
114.80605494932509,1.0737878384135353,33.610022568785666,-106.9168888324764,0,0,5.7,-158.3899774312143,20260302-205726,0.0,0.0
111.25111662294036,1.045879998402293,34.337120835210555,-106.3708234146267,0,0,5.7,-157.66287916478944,20260302-205726,0.0,0.0
107.71527531210971,1.0183920179546295,35.112086020044444,-105.76995244763255,0,0,5.7,-156.88791397995558,20260302-205726,0.0,0.0
104.20047509567793,0.9913745959217138,35.93949213209066,-105.1070660115103,0,0,5.7,-156.06050786790934,20260302-205726,0.0,0.0
100.70891903726944,0.9648869361307295,36.82446561860968,-104.3738030500443,0,0,5.7,-155.1755343813903,20260302-205726,0.0,0.0
97.24311094383228,0.9389986088923472,37.77276108487871,-103.56044196757787,0,0,5.7,-154.2272389151213,20260302-205726,0.0,0.0
93.80590475712361,0.9137919238101185,38.79084706777246,-102.6556509341792,0,0,5.8,-153.2091529322275,20260302-205726,0.0,0.0
90.40056303729257,0.8893649855986464,39.88600249039985,-101.64619082281774,0,0,5.8,-152.11399750960015,20260302-205726,0.0,0.0
87.03082624280526,0.865835673838946,41.06642397699375,-100.5165632145042,0,0,5.8,-150.93357602300622,20260302-205726,0.0,0.0
83.70099476374281,0.843346889880982,42.341343401633594,-99.24859600247672,0,0,5.7,-149.65865659836638,20260302-205726,0.0,0.0
80.41602589822337,0.8220735679719131,43.72115368653226,-97.82096035104593,0,0,5.7,-148.27884631346774,20260302-205726,0.0,0.0
77.18164812295895,0.8022321837697499,45.217538673199556,-96.20861601472596,0,0,5.7,-146.78246132680044,20260302-205726,0.0,0.0
74.00449500927401,0.7840938635837855,46.843599463875194,-94.38218872295275,0,0,5.7,-145.1564005361248,20260302-205726,0.0,0.0
70.89226082632688,0.7680027923030583,48.613964429132636,-92.30729567237351,0,0,5.7,-143.38603557086736,20260302-205726,0.0,0.0
67.85387901547817,0.7544025991480647,50.54486240681587,-89.94385636012457,0,0,5.7,-141.45513759318413,20260302-205726,0.0,0.0
64.89972294790809,0.7438750690620932,52.65412767767731,-87.24546049074638,0,0,5.7,-139.3458723223227,20260302-205726,0.0,0.0
62.04182515748707,0.7371984641998317,54.96109035789709,-84.15891808025992,0,0,5.7,-137.03890964210294,20260302-205726,0.0,0.0
59.2941058446626,0.7354381138107507,57.48628664316561,-80.62419492705361,0,0,5.7,-134.51371335683436,20260302-205726,0.0,0.0
56.67259298684681,0.7400922175931017,60.25090095520659,-76.5750424604587,0,0,5.7,-131.7490990447934,20260302-205726,0.0,0.0
54.19560399770847,0.7533365622166951,63.27583041315029,-71.94075890626858,0,0,5.7,-128.72416958684968,20260302-205726,0.0,0.0
51.88384217065039,0.7784564176606664,66.58025022843486,-66.64964279768691,0,0,5.7,-125.41974977156515,20260302-205726,0.0,0.0
49.76034116633822,0.8206570506334862,70.17957330127058,-60.63475739095514,0,0,5.7,-121.8204266987294,20260302-205726,0.0,0.0
47.85017154076544,0.8887063411453346,74.08276374477788,-53.84250041368868,0,0,5.7,-117.91723625522214,20260302-205726,0.0,0.0
46.17981343465858,0.998611882983485,78.28911118067793,-46.24400552564053,0,0,5.7,-113.71088881932207,20260302-205726,0.0,0.0
44.77611316458761,1.1830370911466868,82.7848160153788,-37.8484440595073,0,0,5.8,-109.2151839846212,20260302-205726,0.0,0.0
43.66479520488936,1.5205802511628603,87.54004566387493,-28.715876831556116,0,0,5.8,-104.45995433612504,20260302-205726,0.0,0.0
42.868604588099096,2.2603048826504613,92.50738732923793,-18.965850543945578,0,0,5.8,-99.49261267076206,20260302-205726,0.0,0.0
42.40529527388699,4.8312172073461515,97.62265390191243,-8.777352260090321,0,0,5.8,-94.37734609808759,20260302-205726,0.0,0.0
42.28581043434291,26.055148308564664,102.80861225290585,1.6229349352981046,0,0,5.8,-89.19138774709415,20260302-205726,0.0,0.0
42.51304917083359,3.547594992797685,107.98139035919826,11.98362531719191,0,0,5.8,-84.01860964080176,20260302-205726,0.0,0.0
43.08152532586485,1.9530989809214354,113.05837413533823,22.058034818870162,0,0,5.8,-78.94162586466176,20260302-205726,0.0,0.0
43.97800800278981,1.3902864529404875,117.96581566355621,31.632335846886317,0,0,5.8,-74.03418433644376,20260302-205726,0.0,0.0
45.1829773285542,1.1143807376674963,122.6444918062711,40.54536820434138,0,0,5.8,-69.3555081937289,20260302-205726,0.0,0.0
44.7849566183457,1.1813521501928868,121.24761904261032,-37.909912477014906,0,0,5.8,-70.75238095738966,20260302-205726,0.0,0.0
43.671507088401746,1.5173114856549135,116.49406291487577,-28.78216338654546,0,0,5.8,-75.50593708512423,20260302-205726,0.0,0.0
42.873040623758314,4.659013084329939,111.52800177744456,9.20217218705758,0,0,6.0,-80.47199822255543,20260302-205726,0.0,0.0
41.33295873948749,0.9968432438293197,106.60824525058013,-41.4638500038473,0,0,6.0,-85.3917547494199,20260302-205726,0.0,0.0
40.119668478289505,1.2866956657121844,101.34993050272277,-31.180386743654193,0,0,6.2,-90.65006949727724,20260302-205726,0.0,0.0
39.26347633958914,1.956197620062067,95.81361885673925,-20.07132405075893,0,0,6.2,-96.18638114326075,20260302-205726,0.0,0.0
38.78803687408056,4.626517732748253,90.08661530123283,-8.383851335859815,0,0,6.2,-101.91338469876719,20260302-205726,0.0,0.0
38.70738288278514,10.881909959102055,84.2770530754459,3.5570394377697245,0,0,6.2,-107.72294692455407,20260302-205726,0.0,0.0
39.02396224805934,2.5357471979140143,78.5027332162332,15.389531842985644,0,0,6.2,-113.49726678376683,20260302-205726,0.0,0.0
39.72827990557017,1.484183578064982,72.87728099287494,26.767766799688136,0,0,6.2,-119.12271900712504,20260302-205726,0.0,0.0
40.80026070733664,1.090641313482718,67.49747988189057,37.40942159714285,0,0,6.2,-124.50252011810942,20260302-205726,0.0,0.0
42.21190327540188,0.8957635538148762,62.43506268189856,47.12393476563085,0,0,6.2,-129.56493731810147,20260302-205726,0.0,0.0
43.93047617874255,0.7870446071995887,57.734205144746056,55.817009324354736,0,0,6.2,-134.26579485525392,20260302-205726,0.0,0.0
45.92153254481157,0.7234398678753824,53.41384515742311,63.476640677372615,0,0,6.2,-138.5861548425769,20260302-205726,0.0,0.0
48.15128264180765,0.6864027774225933,49.472823118269844,70.15018619623483,0,0,6.2,-142.52717688173013,20260302-205726,0.0,0.0
50.588173950561206,0.6663276224779614,45.89584840132983,75.92087172137967,0,0,6.2,-146.10415159867017,20260302-205726,0.0,0.0
53.20375101500993,0.6577413114974492,42.65894025949456,80.88856528394638,0,0,6.2,-149.34105974050544,20260302-205726,0.0,0.0
55.97296986310481,0.6572967512851767,39.733719337848925,85.15631600744092,0,0,6.2,-152.26628066215105,20260302-205726,0.0,0.0
58.8741542897972,0.6628319276040533,37.09044878080391,88.82214606440327,0,0,6.2,-154.9095512191961,20260302-205726,0.0,0.0
61.888748462023294,0.6728880659507959,34.69999580164142,91.97480471670133,0,0,6.2,-157.30000419835858,20260302-205726,0.0,0.0
65.00097525319349,0.6864452050597887,32.5349735267107,94.69215426675166,0,0,6.2,-159.4650264732893,20260302-205726,0.0,0.0
68.19746942776464,0.7027687383587617,30.570312799051294,97.04112562979431,0,0,6.2,-161.42968720094873,20260302-205726,0.0,0.0
71.46692482295185,0.7213161452691076,28.783464708342876,99.07850433084245,0,0,6.2,-163.21653529165715,20260302-205726,0.0,0.0
74.79977477079693,0.7416780599102533,27.154379805458234,100.8520796473986,0,0,6.2,-164.84562019454174,20260302-205726,0.0,0.0
78.07165004935315,0.9861936795968476,43.80338137289209,-79.16462218787345,0,0,6.2,-148.19661862710788,20260302-205726,0.0,0.0
75.45041927431366,0.9661871935715007,45.04060362209282,-78.09089147146733,0,0,6.2,-146.95939637790715,20260302-205726,0.0,0.0
72.86689102529144,0.9475531043440355,46.36621381368059,-76.90006047284827,0,0,6.2,-145.63378618631938,20260302-205726,0.0,0.0
70.3252206430566,0.9305149138467175,47.78845169876655,-75.5766722236987,0,0,6.2,-144.21154830123345,20260302-205726,0.0,0.0
67.83011367437334,0.9153474410231456,49.316323127641,-74.10313355828585,0,0,6.2,-142.68367687235897,20260302-205726,0.0,0.0
65.3869007939904,0.9023924469894,50.959616980918895,-72.45949477096906,0,0,6.2,-141.04038301908108,20260302-205726,0.0,0.0
63.00161967432897,0.8920803395220495,52.72889279563083,-70.62325766318692,0,0,6.2,-139.27110720436917,20260302-205726,0.0,0.0
60.68110232613912,0.8849609077418007,54.635424174575746,-68.56924616137242,0,0,6.2,-137.36457582542425,20260302-205726,0.0,0.0
58.433065033616515,0.8817477967817579,56.69107825018432,-66.26959006519563,0,0,6.2,-135.30892174981565,20260302-205726,0.0,0.0
56.26619598578943,0.88338446559854,58.90810607969331,-63.69389340310177,0,0,6.2,-133.0918939203067,20260302-205726,0.0,0.0
54.190232920523556,0.8911447947582976,61.29881356473686,-60.809683498427894,0,0,6.2,-130.70118643526314,20260302-205726,0.0,0.0
52.21601946750482,0.906791618685762,63.87507871319394,-57.583262120555254,0,0,6.2,-128.12492128680606,20260302-205726,0.0,0.0
50.35552448204674,0.9328362202106746,66.6476812175456,-53.98109913728939,0,0,6.2,-125.35231878245443,20260302-205726,0.0,0.0
48.62180389983586,0.9729827101125008,69.62541808867297,-49.971909464058186,0,0,6.2,-122.37458191132704,20260302-205726,0.0,0.0
47.028880433911006,1.032931681524424,72.81399923822511,-45.529516883928586,0,0,6.2,-119.18600076177488,20260302-205726,0.0,0.0
45.59151441925373,1.1219347941719597,76.21475432501842,-40.63650994343428,0,0,6.2,-115.78524567498157,20260302-205726,0.0,0.0
43.32112318572972,0.4739555970793912,-167.14786819127963,-91.40333704820263,0,0,6.2,0.8521318087203748,20260302-205726,0.0,0.0
40.284885020654805,0.4439246585044782,-165.83720557438875,-90.74712172189106,0,0,6.2,2.1627944256112577,20260302-205726,0.0,0.0
37.27315475607435,0.41449267868558004,-164.31382728912305,-89.92476024974252,0,0,6.2,3.6861727108769355,20260302-205726,0.0,0.0
34.29239022147389,0.9006383447939423,-162.5241629468696,-38.075649809602176,0,0,6.4,5.4758370531303875,20260302-205726,0.0,0.0
33.02351369027295,0.8677477426179947,-162.27518467262993,-38.05658265458694,0,0,6.4,5.7248153273700595,20260302-205726,0.0,0.0
31.75531057941867,0.8348930209382874,-162.00631422399044,-38.03518508722319,0,0,6.4,5.993685776009551,20260302-205726,0.0,0.0
30.487864925785154,0.8020787257914076,-161.7150818727172,-38.011062936126265,0,0,6.4,6.284918127282806,20260302-205726,0.0,0.0
29.221275291547244,0.7693102050513955,-161.39859394124815,-37.98373542905888,0,0,6.4,6.601406058751846,20260302-205726,0.0,0.0
27.955658028201473,0.7365937933715992,-161.0534383885713,-37.95261143898658,0,0,6.4,6.946561611428705,20260302-205726,0.0,0.0
26.691151457158774,0.703937050789656,-160.67556418734443,-37.91695781209047,0,0,6.4,7.324435812655576,20260302-205726,0.0,0.0
25.42792128000477,0.671349074084929,-160.2601256694547,-37.87585663190772,0,0,6.4,7.739874330545278,20260302-205726,0.0,0.0
24.166167659129105,0.638840908153888,-159.80127948733164,-37.82814680569549,0,0,6.4,8.198720512668363,20260302-205726,0.0,0.0
22.90613459818227,0.6064260970075553,-159.29191665611,-37.77234309541412,0,0,6.4,8.708083343890003,20260302-205726,0.0,0.0
21.648122535795924,0.5741214329921082,-158.72330441395684,-37.70652216025786,0,0,6.4,9.276695586043163,20260302-205726,0.0,0.0
20.392505501127495,0.5419479927358584,-158.08460092016713,-37.62815948110109,0,0,6.4,9.91539907983287,20260302-205726,0.0,0.0
19.139754859874312,0.5099325965627457,-157.36218772406468,-37.53389171213577,0,0,6.4,10.637812275935312,20260302-205726,0.0,0.0
17.890472765484336,0.4781099080885858,-156.53873648885715,-37.41916338234415,0,0,6.6,11.461263511142844,20260302-205726,0.0,0.0
16.645440205740385,0.4465255274663636,-155.5918808096921,-37.277690035301,0,0,6.6,12.4081191903079,20260302-205726,0.0,0.0
15.405687511666187,0.4152406738865246,-154.49228921085236,-37.10062255576677,0,0,6.6,13.507710789147636,20260302-205726,0.0,0.0
14.172600324754235,0.38433949916458016,-153.20081043071133,-36.875211513676106,0,0,6.6,14.799189569288686,20260302-205726,0.0,0.0
12.948083117482197,0.3539409354362131,-151.6641490730843,-36.5826097552813,0,0,6.6,16.33585092691569,20260302-205726,0.0,0.0
11.734819004276053,0.32421873430063053,-149.80816090569715,-36.19414229590752,0,0,6.6,18.191839094302864,20260302-205726,0.0,0.0
10.536695967090283,0.2954371654278107,-147.52721493144256,-35.66476124231871,0,0,6.6,20.47278506855745,20260302-205726,0.0,0.0
9.359530486972206,0.2680187889271587,-144.66697142765562,-34.92117296864553,0,0,6.6,23.333028572344368,20260302-205726,0.0,0.0
8.212339749676397,0.24268384225804335,-140.9962004291642,-33.83966428611385,0,0,6.6,27.003799570835803,20260302-205726,0.0,0.0
7.109648485372192,0.220768401056646,-136.16136589015352,-32.204103718393824,0,0,6.6,31.838634109846478,20260302-205726,0.0,0.0
6.075733963965384,0.20506154903492463,-129.6198536311754,-29.6288309171536,0,0,6.6,38.380146368824605,20260302-205726,0.0,0.0
5.152169349904681,0.202518141670331,-120.5750837603596,-25.44053242544382,0,0,6.6,47.4249162396404,20260302-205726,0.0,0.0
4.408856882821127,0.23667100690966109,-108.06321477360322,-18.628631112825822,0,0,6.6,59.93678522639678,20260302-205726,0.0,0.0
3.948930641349444,0.46987015135412663,-91.64463067828575,-8.404301975703191,0,0,6.6,76.35536932171425,20260302-205726,0.0,0.0
3.8746550299433276,0.9529033496382806,-72.88357702401811,4.06615742447976,0,0,6.6,95.11642297598189,20260302-205726,0.0,0.0
4.2065085505474755,0.2734974188370317,-55.310125112935,15.38043235813497,0,0,6.6,112.689874887065,20260302-205726,0.0,0.0
4.862030539237718,0.20801792728609914,-41.38740401597204,23.3731323192673,0,0,6.6,126.61259598402796,20260302-205726,0.0,0.0
5.731215572373692,0.20203010776658983,-31.215542694637577,28.36812609630987,0,0,6.6,136.78445730536242,20260302-205726,0.0,0.0
6.731804149219174,0.21423850399048186,-23.88750688170535,31.422008760471243,0,0,6.6,144.11249311829465,20260302-205726,0.0,0.0
7.813475952721527,0.23438576395283514,-18.519154820381004,33.33596640405948,0,0,6.6,149.480845179619,20260302-205726,0.0,0.0
8.94687040355218,0.25870457490443755,-14.482468157723162,34.583348233625365,0,0,6.6,153.51753184227684,20260302-205726,0.0,0.0
10.114615057729367,0.2854857294851607,-11.365194737272617,35.42949441280257,0,0,6.6,156.63480526272738,20260302-205726,0.0,0.0
11.306071364891547,0.31384156659097723,-8.898847787235184,36.024773543226985,0,0,6.6,159.10115221276482,20260302-205726,0.0,0.0
12.514468660070346,0.3432653177173295,-6.905676678854462,36.45713101250649,0,0,6.6,161.09432332114554,20260302-205726,0.0,0.0
13.735336405550191,0.3734466000197877,-5.265129398835455,36.779920890489834,0,0,6.6,162.73487060116454,20260302-205726,0.0,0.0
14.965622963888583,0.40418468812221625,-3.893336610753579,37.026694488147754,0,0,6.6,164.10666338924642,20260302-205726,0.0,0.0
16.20318300257062,0.4353440171525326,-2.7305077547698318,37.21926192658223,0,0,6.6,165.26949224523017,20260302-205726,0.0,0.0
17.446468763798734,0.4668297265906916,-1.733048450602837,37.37223182253666,0,0,6.6,166.26695154939716,20260302-205726,0.0,0.0
18.69433789764975,0.4985734497451485,-0.8685186322682341,37.495654666740826,0,0,6.6,167.13148136773177,20260302-205726,0.0,0.0
19.945930179630373,0.5305246680167522,-0.11233138641918572,37.596612150371385,0,0,6.6,167.88766861358081,20260302-205726,0.0,0.0
21.200586223587383,0.5626452433712109,0.5544581277389682,37.68020164279623,0,0,6.6,168.55445812773897,20260302-205726,0.0,0.0
22.457792543140204,0.5949058446659713,1.1466656506141248,37.75016289468436,0,0,6.6,169.14666565061412,20260302-205726,0.0,0.0
23.717143584158098,0.627283544272404,1.6760338555793624,37.80928704525158,0,0,6.6,169.67603385557936,20260302-205726,0.0,0.0
24.978314952500437,0.6597601610150451,2.1519830513083775,37.85968966975991,0,0,6.6,170.15198305130838,20260302-205726,0.0,0.0
26.241044189112014,0.692321092354579,2.5821538768316543,37.9029968592556,0,0,6.6,170.58215387683165,20260302-205726,0.0,0.0
27.505116734844798,0.7249544751954118,2.9728057243167427,37.94047443797182,0,0,6.6,170.97280572431674,20260302-205726,0.0,0.0
28.77035552880493,0.7576505722633589,3.3291134185611497,37.97311924791152,0,0,6.6,171.32911341856115,20260302-205726,0.0,0.0
30.036613192970353,0.790401316349253,3.655391033876242,38.00172465767774,0,0,6.6,171.65539103387624,20260302-205726,0.0,0.0
31.303766085701135,0.8231999669836461,3.9552627837548187,38.026928257059836,0,0,6.6,171.95526278375482,20260302-205726,0.0,0.0
32.571709724642204,0.856040848462097,4.231794954857577,38.04924704604722,0,0,6.6,172.23179495485758,20260302-205726,0.0,0.0
33.840355225947285,0.8889191475868214,4.48759881661033,38.069103717492,0,0,6.6,172.48759881661033,20260302-205726,0.0,0.0
35.10962650675925,0.9218307558250833,4.724911659364125,38.08684651157514,0,0,6.6,172.72491165936412,20260302-205726,0.0,0.0
36.37945806720947,0.9547721449063589,4.94566117658502,38.10276437293576,0,0,6.6,172.94566117658502,20260302-205726,0.0,0.0
37.6497932169283,0.987740267875455,5.151517037636324,38.11709863556519,0,0,6.6,173.15151703763632,20260302-205726,0.0,0.0
38.92058264575385,1.0207324797249115,5.343932518615503,38.13005211340291,0,0,6.6,173.3439325186155,20260302-205726,0.0,0.0
40.19178326332808,1.0537464732310022,5.524178350335092,38.14179623310325,0,0,6.6,173.5241783503351,20260302-205726,0.0,0.0
41.46335725048816,1.0867802267006672,5.693370424481429,38.15247667540463,0,0,6.6,173.69337042448143,20260302-205726,0.0,0.0
42.735271278778214,1.119831961127222,5.852492616270268,38.162217870403445,0,0,6.6,173.85249261627027,20260302-205726,0.0,0.0
44.00749586438441,1.1529001048359155,6.002415696480682,38.171126604804755,0,0,6.6,174.00241569648068,20260302-205726,0.0,0.0
45.28000483028622,1.1859832641350085,6.1439130909499795,38.17929493576031,0,0,6.6,174.14391309094998,20260302-205726,0.0,0.0
46.55277485608739,1.2190801988149942,6.27767408259777,38.18680255928935,0,0,6.6,174.27767408259777,20260302-205726,0.0,0.0
47.82578509931927,1.2521898015866468,6.404314926343659,38.1937187467262,0,0,6.6,174.40431492634366,20260302-205726,0.0,0.0
49.099016875339395,1.285311080738423,6.524388251161554,38.20010393680848,0,0,6.6,174.52438825116155,20260302-205726,0.0,0.0
50.37245338552952,1.3184431454401133,6.638391048894476,38.20601105155319,0,0,6.6,174.63839104889448,20260302-205726,0.0,0.0
51.646079485510924,1.3515851932333471,6.746771491130772,38.21148658928404,0,0,6.6,174.74677149113077,20260302-205726,0.0,0.0
52.919881486677276,1.384736499338494,6.849934769565607,38.216571536864784,0,0,6.6,174.8499347695656,20260302-205726,0.0,0.0
54.19384698559525,1.4178964074775322,6.948248118959867,38.221302134481924,0,0,6.6,174.94824811895987,20260302-205726,0.0,0.0
55.467964716817775,1.4510643219679307,7.042045152903455,38.225710519566924,0,0,6.6,175.04204515290346,20260302-205726,0.0,0.0
56.742224425449336,1.48423970088681,7.1316296194510755,38.22982527117873,0,0,6.6,175.13162961945108,20260302-205726,0.0,0.0
58.01661675644198,1.5174220501400737,7.217278665077515,38.233671872032204,0,0,6.6,175.21727866507752,20260302-205726,0.0,0.0
59.29113315811696,1.5506109182997545,7.299245680339681,38.23727310209431,0,0,6.6,175.29924568033968,20260302-205726,0.0,0.0
60.56576579782622,1.5838058920959408,7.377762788392744,38.24064937507972,0,0,6.6,175.37776278839274,20260302-205726,0.0,0.0
61.840507488009855,1.6170065924684587,7.453043027514411,38.24381902711143,0,0,6.6,175.4530430275144,20260302-205726,0.0,0.0
63.115351621186086,1.6502126710988647,7.5252822705970175,38.24679856515586,0,0,6.6,175.52528227059702,20260302-205726,0.0,0.0
64.3902921126407,1.683423807355938,7.594660917817322,38.249602881507904,0,0,6.6,175.59466091781732,20260302-205726,0.0,0.0
65.66532334977364,1.716639705598272,7.6613453931148,38.25224543952186,0,0,6.6,175.6613453931148,20260302-205726,0.0,0.0
66.94044014721851,1.7498600927861914,7.725489470474997,38.25473843490738,0,0,6.6,175.725489470475,20260302-205726,0.0,0.0
68.21563770698216,1.7830847163623862,7.787235452156835,38.25709293619357,0,0,6.6,175.78723545215684,20260302-205726,0.0,0.0
69.49091158296196,1.8163133423666344,7.846715217773692,38.259319007377954,0,0,6.6,175.8467152177737,20260302-205726,0.0,0.0
70.76625764929014,1.849545753754996,7.90405116043064,38.26142581529472,0,0,6.6,175.90405116043064,20260302-205726,0.0,0.0
72.04167207203258,1.8827817488980603,7.959357023840681,38.26342172383845,0,0,6.6,175.95935702384068,20260302-205726,0.0,0.0
73.31715128383489,1.916021140236391,8.012738652415976,38.26531437684937,0,0,6.6,176.01273865241598,20260302-205726,0.0,0.0
74.59269196116381,1.9492637530742907,8.064294664700526,38.26711077119224,0,0,6.6,176.06429466470053,20260302-205726,0.0,0.0
75.86829100383967,1.9825094244955679,8.11411705912272,38.26881732133187,0,0,6.6,176.11411705912272,20260302-205726,0.0,0.0
77.14394551659524,2.0157580023871517,8.162291759866264,38.27043991651671,0,0,6.6,176.16229175986626,20260302-205726,0.0,0.0
78.4196527924309,2.0490093445582374,8.208899109648087,38.27198397152163,0,0,6.6,176.2088991096481,20260302-205726,0.0,0.0
79.69541029756547,2.0822633179442387,8.254014315327225,38.273454471765156,0,0,6.6,176.25401431532723,20260302-205726,0.0,0.0
80.97121565780695,2.115519797886163,8.297707851525246,38.27485601350258,0,0,6.6,176.29770785152525,20260302-205726,0.0,0.0
82.24706664618954,2.148778667477214,8.340045826799326,38.276192839699114,0,0,6.6,176.34004582679933,20260302-205726,0.0,0.0
83.52296117174184,2.1820398169694077,8.381090316357273,38.27746887210576,0,0,6.6,176.38109031635727,20260302-205726,0.0,0.0
84.79889726926721,2.2153031432338683,8.420899664824361,38.278687739989834,0,0,6.6,176.42089966482436,20260302-205726,0.0,0.0
86.07487309003167,2.2485685492692276,8.459528762158982,38.27985280591314,0,0,6.6,176.45952876215898,20260302-205726,0.0,0.0
87.3508868932667,2.281835943753198,8.497029295452904,38.28096718889907,0,0,6.6,176.4970292954529,20260302-205726,0.0,0.0
88.62693703840482,2.3151052406329513,8.533449979038096,38.28203378528665,0,0,6.6,176.5334499790381,20260302-205726,0.0,0.0
89.90302197797557,2.3483763587504565,8.568836765048616,38.283055287531475,0,0,6.6,176.56883676504862,20260302-205726,0.0,0.0
91.1791402510971,2.3816492214993294,8.60323303634604,38.28403420118128,0,0,6.6,176.60323303634604,20260302-205726,0.0,0.0
92.45529047750591,2.414923756510151,8.636679783507049,38.2849728602259,0,0,6.6,176.63667978350705,20260302-205726,0.0,0.0
93.47117661316977,3.852820387871719,-23.204299096782762,-24.260455251796163,0,0,6.6,144.79570090321724,20260302-205726,0.0,0.0
92.71306137068487,4.370360228735649,-25.096724564022708,-21.21405479600634,0,0,6.6,142.9032754359773,20260302-205726,0.0,0.0
92.05768949715139,5.086846459882623,-27.01821783324624,-18.097202308574413,0,0,6.6,140.98178216675376,20260302-205726,0.0,0.0
91.50726855249835,6.133802125319364,-28.965040336761888,-14.918523076375553,0,0,6.6,139.0349596632381,20260302-205726,0.0,0.0
91.06370163725897,7.791451851541716,-30.93312131336984,-11.68764222283424,0,0,6.6,137.06687868663016,20260302-205726,0.0,0.0
90.72855597537055,10.781683052893287,-32.91810083115021,-8.415064283588206,0,0,6.6,135.0818991688498,20260302-205726,0.0,0.0
90.50303607298338,17.70396878545263,-34.9153822486922,-5.11201963637384,0,0,6.6,133.0846177513078,20260302-205726,0.0,0.0
90.38796248967594,50.488107584585414,-36.920192747079795,-1.790282242966706,0,0,6.6,131.0798072529202,20260302-205726,0.0,0.0
90.38375707613596,58.76574027010523,-38.92765006638865,1.5380348594385895,0,0,6.5,129.07234993361135,20260302-205726,0.0,0.0
90.49043528968356,18.616756323116917,-40.9328331802017,4.860698271981956,0,0,6.5,127.0671668197983,20260302-205726,0.0,0.0
90.70760591146924,11.108534553062954,-42.93085438033799,8.165578049758007,0,0,6.5,125.06914561966201,20260302-205726,0.0,0.0
91.03447817733658,7.956956158998377,-44.91693014907892,11.440867130377153,0,0,6.5,123.08306985092108,20260302-205726,0.0,0.0
91.46987602159021,6.232918965104318,-46.886448277821756,14.675287218347354,0,0,6.5,121.11355172217824,20260302-205726,0.0,0.0
92.01225884275287,5.152360418828627,-48.83502894055266,17.85827297844035,0,0,6.5,119.16497105944732,20260302-205726,0.0,0.0
92.65974795369335,4.416548274445329,-50.75857782153693,20.9801279632408,0,0,6.5,117.24142217846307,20260302-205726,0.0,0.0
93.41015769119417,3.8868834786786635,-52.653329889354666,24.032147658552585,0,0,6.5,115.34667011064533,20260302-205726,0.0,0.0
94.2610300415877,3.4902822270002485,-54.51588295632325,27.006707168950378,0,0,6.5,113.48411704367675,20260302-205726,0.0,0.0
95.20967159203938,3.184556118033566,-56.34322071464682,29.897313177457985,0,0,6.5,111.65677928535318,20260302-205726,0.0,0.0
96.25319163738125,2.943646752736124,-58.13272545429503,32.69862171740334,0,0,6.5,109.86727454570497,20260302-205726,0.0,0.0
97.38854035078482,2.750589497430288,-59.88218110791178,35.40642485611508,0,0,6.5,108.11781889208822,20260302-205726,0.0,0.0
98.61254605011476,2.593864913529026,-61.589767612202024,38.01761053005247,0,0,6.5,106.41023238779798,20260302-205726,0.0,0.0
99.92195074592529,2.4653763400098745,-63.254047812922266,40.53010046552368,0,0,6.5,104.74595218707773,20260302-205726,0.0,0.0
101.31344332719024,2.3592665317616546,-64.87394827280315,42.942771392403856,0,0,6.5,103.12605172719685,20260302-205726,0.0,0.0
102.78368991385751,2.2711934963930003,-66.4487353783966,45.25536466932192,0,0,6.5,101.5512646216034,20260302-205726,0.0,0.0
104.3293610704091,2.1978702694602106,-67.97798809889824,47.46838906740025,0,0,6.5,100.02201190110176,20260302-205726,0.0,0.0
105.94715572381891,2.1367628235698395,-69.46156864642676,49.58302089270511,0,0,6.5,98.53843135357324,20260302-205726,0.0,0.0
107.63382175752204,2.085886154067036,-70.89959214249696,51.60100494826091,0,0,6.5,97.10040785750304,20260302-205726,0.0,0.0
109.38617335773509,2.0436632297912873,-72.29239622749063,53.52455911677108,0,0,6.5,95.70760377250937,20260302-205726,0.0,0.0
111.20110526933838,2.0088253030133387,-73.64051137408347,55.35628464184076,0,0,6.5,94.35948862591653,20260302-205726,0.0,0.0
113.0756041768163,1.9803400889905207,-74.9446324937897,57.099083538957515,0,0,6.5,93.0553675062103,20260302-205726,0.0,0.0
115.00675746379929,1.957359129960643,-76.20559226658996,58.75608400289412,0,0,6.4,91.79440773341004,20260302-205726,0.0,0.0
116.99175962553014,1.9391786198283731,-77.42433648243724,60.33057420769443,0,0,6.4,90.57566351756276,20260302-205726,0.0,0.0
119.02791661528,1.9252098376724704,-78.60190156306284,61.82594452103035,0,0,6.4,89.39809843693716,20260302-205726,0.0,0.0
121.11264840150194,1.9149565484315383,-79.73939433363435,63.245637871365965,0,0,6.3,88.26060566636565,20260302-205726,0.0,0.0
123.2434900002153,1.9079975277452594,-80.83797403565545,64.59310780441943,0,0,6.3,87.16202596434455,20260302-205726,0.0,0.0
125.41809122928024,1.903972904820264,-81.8988365132659,65.87178363292925,0,0,6.3,86.1011634867341,20260302-205726,0.0,0.0
127.63421540995388,1.9025733843112944,-82.92320046246567,67.08504200806726,0,0,6.3,85.07679953753433,20260302-205726,0.0,0.0
129.88973721810555,1.9035316631825432,-83.91229560418908,68.23618420979714,0,0,6.3,84.08770439581092,20260302-205726,0.0,0.0
132.18263986400814,1.9066155381563694,-84.86735262504102,69.32841845599566,0,0,6.3,83.13264737495898,20260302-205726,0.0,0.0
134.51101175667065,1.911622327610675,-85.78959472148738,70.36484655669153,0,0,6.3,82.21040527851262,20260302-205726,0.0,0.0
136.87304278689746,1.9183743244823273,-86.68023058223612,71.34845428242093,0,0,6.3,81.31976941776388,20260302-205726,0.0,0.0
139.26702034308082,1.9267150644985052,-87.54044864761384,72.2821048681269,0,0,6.3,80.45955135238616,20260302-205726,0.0,0.0
141.691325155395,1.9365062441251326,-88.37141249241031,73.16853513137406,0,0,6.3,79.62858750758969,20260302-205726,0.0,0.0
144.14442704766356,1.9476251599822476,-89.17425718868623,74.01035374228654,0,0,6.3,78.82574281131377,20260302-205726,0.0,0.0
146.62488066171477,1.9599625696149745,-89.95008651644636,74.81004123998069,0,0,6.3,78.04991348355364,20260302-205726,0.0,0.0
149.13132120644727,1.9734208948874674,-90.69997090212036,75.56995144462142,0,0,6.3,77.30002909787964,20260302-205726,0.0,0.0
151.66246027298433,1.9879127056433503,-91.42494597691567,76.29231396451166,0,0,6.3,76.57505402308433,20260302-205726,0.0,0.0
153.73247804588343,4.013250800939561,9.588916576944342,38.30622247926603,0,0,6.3,177.58891657694434,20260302-205726,0.0,0.0
155.00935543372623,4.046563357705129,9.600748561326327,38.30641997451252,0,0,6.3,177.60074856132633,20260302-205726,0.0,0.0
156.28623932395456,4.0798762541738425,9.612387207740085,38.30661264886865,0,0,6.4,177.61238720774008,20260302-205726,0.0,0.0
157.56312955848335,4.113189482081882,9.62383721564089,38.30680065794905,0,0,6.4,177.6238372156409,20260302-205726,0.0,0.0
158.84002598431013,4.146503033431323,9.635103133431926,38.30698415114061,0,0,6.3,177.63510313343193,20260302-205726,0.0,0.0
160.1169284533122,4.179816900479503,9.646189364483746,38.30716327189925,0,0,6.3,177.64618936448375,20260302-205726,0.0,0.0
161.39383682205394,4.213131075728947,9.657100172868184,38.307338158030106,0,0,6.3,177.65710017286818,20260302-205726,0.0,0.0
162.67075095160268,4.246445551917717,9.667839688822426,38.30750894195258,0,0,6.3,177.66783968882243,20260302-205726,0.0,0.0
163.9476707073534,4.279760322010234,9.678411913957888,38.307675750950935,0,0,6.3,177.6784119139579,20260302-205726,0.0,0.0
165.22459595886178,4.313075379188548,9.688820726227817,38.307838707411314,0,0,6.3,177.68882072622782,20260302-205726,0.0,0.0
166.50152657968442,4.346390716843964,9.699069884666528,38.30799792904625,0,0,6.3,177.69906988466653,20260302-205726,0.0,0.0
167.77846244722673,4.379706328569085,9.70916303391212,38.30815352910715,0,0,6.3,177.70916303391212,20260302-205726,0.0,0.0
169.05540344259768,4.41302220815021,9.719103708524756,38.308305616585606,0,0,6.3,177.71910370852476,20260302-205726,0.0,0.0
170.33234945047096,4.44633834956006,9.728895337110458,38.30845429640423,0,0,6.3,177.72889533711046,20260302-205726,0.0,0.0
171.60930035895237,4.479654746950848,9.738541246261178,38.308599669597555,0,0,6.3,177.73854124626118,20260302-205726,0.0,0.0
172.88625605945313,4.51297139464764,9.748044664320219,38.30874183348366,0,0,6.3,177.74804466432022,20260302-205726,0.0,0.0
174.1632164465687,4.546288287142016,9.757408724982326,38.30888088182698,0,0,6.3,177.75740872498233,20260302-205726,0.0,0.0
175.440181417963,4.579605419086013,9.766636470736444,38.309016904992866,0,0,6.3,177.76663647073644,20260302-205726,0.0,0.0
176.71715087425753,4.612922785286319,9.7757308561593,38.30914999009438,0,0,6.2,177.7757308561593,20260302-205726,0.0,0.0
174.24745772153938,1.5504156765103725,-23.79747895552464,-112.38757473978214,0,0,6.2,144.20252104447536,20260302-205726,0.0,0.0
170.50523598383586,1.5204258949964173,-23.403509318593763,-112.14307553229197,0,0,6.2,144.59649068140624,20260302-205726,0.0,0.0
166.7714373468714,1.4906017857520648,-22.99187853616266,-111.88195193441884,0,0,6.2,145.00812146383734,20260302-205726,0.0,0.0
163.04664048343147,1.4609559751315742,-22.561417289052542,-111.60270621347604,0,0,6.2,145.43858271094746,20260302-205726,0.0,0.0
159.33147671593096,1.4315024059876649,-22.110855310170393,-111.30367371335309,0,0,6.2,145.8891446898296,20260302-205726,0.0,0.0
155.62663593800113,1.4022565138461773,-21.63881085283586,-110.98300089984309,0,0,6.2,146.36118914716414,20260302-205726,0.0,0.0
151.9328733211909,1.3732354321497002,-21.143778910729793,-110.63862012601221,0,0,6.4,146.8562210892702,20260302-205726,0.0,0.0
148.2510169248121,1.344458232324219,-20.62411803300452,-110.26822058170198,0,0,6.4,147.37588196699548,20260302-205726,0.0,0.0
144.5819763463026,1.3159462057623919,-20.07803556011575,-109.86921480011353,0,0,6.4,147.92196443988425,20260302-205726,0.0,0.0
140.92675257210283,1.2877231965180043,-19.503571087110856,-109.43869998860617,0,0,6.4,148.49642891288914,20260302-205726,0.0,0.0
137.28644921545816,1.2598159956800983,-18.898577942060086,-108.97341332878182,0,0,6.3,149.1014220579399,20260302-205726,0.0,0.0
133.66228535833304,1.232254811193044,-18.260702449085528,-108.46968025137912,0,0,6.3,149.73929755091447,20260302-205726,0.0,0.0
130.0556102503476,1.2050738305158935,-17.587360729640693,-107.9233545339464,0,0,6.3,150.4126392703593,20260302-205726,0.0,0.0
126.46792015891694,1.1783118982531222,-16.875712784809366,-107.32974889450654,0,0,6.3,151.12428721519063,20260302-205726,0.0,0.0
122.90087771211424,1.1520133371312988,-16.122633599120007,-106.68355456557255,0,0,6.3,151.87736640088,20260302-205726,0.0,0.0
119.35633412956315,1.1262289489918296,-15.324681018166558,-105.97874813678673,0,0,6.3,152.67531898183344,20260302-205726,0.0,0.0
115.83635479693663,1.1010172435974914,-14.478060186081933,-105.20848376402354,0,0,6.3,153.52193981391807,20260302-205726,0.0,0.0
112.34324870587304,1.0764459581265695,-13.578584395972456,-104.36496868026106,0,0,6.3,154.42141560402754,20260302-205726,0.0,0.0
108.87960235182483,1.0525939508737037,-12.621632322874518,-103.43931984546322,0,0,6.3,155.37836767712548,20260302-205726,0.0,0.0
105.44831875448443,1.029553581274769,-11.602101797229238,-102.42139959721263,0,0,6.3,156.39789820277076,20260302-205726,0.0,0.0
102.05266233350898,1.007433728480464,-10.514360568610357,-101.29962840080549,0,0,6.3,157.48563943138964,20260302-205726,0.0,0.0
98.69631042709271,0.9863636577070725,-9.352194947328627,-100.06077338303888,0,0,6.3,158.64780505267137,20260302-205726,0.0,0.0
95.38341226774651,0.966498025790535,-8.108757853125041,-98.68971246964404,0,0,6.3,159.89124214687496,20260302-205726,0.0,0.0
92.11865620551971,0.948023437772553,-6.776518721031749,-97.16917592455192,0,0,6.3,161.22348127896825,20260302-205726,0.0,0.0
88.90734585925156,0.9311671457598605,-5.347219010692413,-95.47947032291447,0,0,6.3,162.6527809893076,20260302-205726,0.0,0.0
85.75548563046222,0.9162087537050586,-3.811838853499495,-93.59819504417025,0,0,6.2,164.1881611465005,20260302-205726,0.0,0.0
82.66987555966347,0.9034962139904686,-2.1605827826976736,-91.49996898662775,0,0,6.2,165.83941721730233,20260302-205726,0.0,0.0
79.65821474109292,0.8934680712761499,-0.38289565244039636,-89.15619628949499,0,0,6.2,167.6171043475596,20260302-205726,0.0,0.0
76.72921130690645,0.8866849982053161,1.5324761529238629,-86.53491540085743,0,0,6.2,169.53247615292386,20260302-205726,0.0,0.0
73.89269518142999,0.8838754902000354,3.5973583217310363,-83.60079671935112,0,0,6.2,171.59735832173104,20260302-205726,0.0,0.0
71.15972720524965,0.8860037360146804,5.8239318148692405,-80.31538052574373,0,0,6.2,173.82393181486924,20260302-205726,0.0,0.0
68.54269466565613,0.894373324543241,8.22439533441667,-76.63767778478979,0,0,6.2,176.22439533441667,20260302-205726,0.0,0.0
66.05537865675423,0.9107909935151095,10.81047326967871,-72.525287499627,0,0,6.2,178.8104732696787,20260302-205726,0.0,0.0
63.71297315538645,0.9378353066774954,13.592735987163223,-67.93620660444616,0,0,6.2,-178.40726401283675,20260302-205726,0.0,0.0
61.53202977689591,0.9793180820489708,16.57970780933175,-62.83150582511046,0,0,6.2,-175.42029219066825,20260302-205726,0.0,0.0
59.530297076233474,1.041121808491249,19.77675905624949,-57.17899345754973,0,0,6.2,-172.22324094375048,20260302-205726,0.0,0.0
57.726421098647855,1.1328266501488842,23.18481678903538,-50.95785934331703,0,0,6.2,-168.8151832109646,20260302-205726,0.0,0.0
56.13947770585524,1.2711575544933893,26.798986533969128,-44.16405937046036,0,0,6.2,-165.2010134660309,20260302-205726,0.0,0.0
53.92578993026835,0.5343664621089104,-14.729843354862112,-100.915371293039,0,0,6.2,153.2701566451379,20260302-205726,0.0,0.0
50.595347511824755,0.5118644313580896,-12.647746798996337,-98.84521059137496,0,0,6.2,155.35225320100366,20260302-205726,0.0,0.0
47.3410651440172,0.4914564847585164,-10.275893551241609,-96.32809132079895,0,0,6.2,157.7241064487584,20260302-205726,0.0,0.0
44.17977588203384,0.47381490435379875,-7.559369438457594,-93.24268923597366,0,0,6.2,160.4406305615424,20260302-205726,0.0,0.0
41.13292639592139,0.45993422924996374,-4.4324631605993545,-89.43219221365362,0,0,6.2,163.56753683940065,20260302-205726,0.0,0.0
38.227889814724584,0.45135063725764346,-0.8181105701781632,-84.696656344595,0,0,6.2,167.18188942982184,20260302-205726,0.0,0.0
35.49949822701794,0.9047160420877848,3.370758526933912,-39.23827651502328,0,0,6.4,171.3707585269339,20260302-205726,0.0,0.0
34.2011381284101,0.8848382972704343,4.727089924608634,-38.652416191652655,0,0,6.4,172.72708992460863,20260302-205726,0.0,0.0
32.923448953813725,0.8664875406247359,6.189567794494394,-37.99644820060076,0,0,6.6,174.1895677944944,20260302-205726,0.0,0.0
31.66893271926641,0.8499393404844894,7.769011966515279,-37.26022694891876,0,0,6.6,175.76901196651528,20260302-205726,0.0,0.0
30.440454578861345,0.8355398165598579,9.477326409993594,-36.432081362912044,0,0,6.6,177.4773264099936,20260302-205726,0.0,0.0
29.241296434755967,0.8237297622150059,11.327513937345458,-35.498652320302526,0,0,6.6,179.32751393734546,20260302-205726,0.0,0.0
28.075215515291717,0.8150793904159902,13.333634564563965,-34.444761878917134,0,0,6.6,-178.66636543543603,20260302-205726,0.0,0.0
26.94650630605265,0.8103395943086815,15.510677366390496,-33.25335019454567,0,0,6.6,-176.4893226336095,20260302-205726,0.0,0.0
25.860062737770903,0.8105196678346972,17.874305629950868,-31.905533898833134,0,0,6.6,-174.12569437004913,20260302-205726,0.0,0.0
24.82143538009058,0.8170089210189105,20.440424441106416,-30.380862119761435,0,0,6.6,-171.55957555889358,20260302-205726,0.0,0.0
23.836875438736328,0.8317741176479219,23.224510938547155,-28.65787108901859,0,0,6.6,-168.77548906145282,20260302-205726,0.0,0.0
22.91335361449527,0.857694281649606,26.240644993595538,-26.715059322100117,0,0,6.6,-165.75935500640446,20260302-205726,0.0,0.0
22.05853766393478,0.8991590026971931,29.500189663334254,-24.53241039434197,0,0,6.6,-162.49981033666577,20260302-205726,0.0,0.0
21.28070865142438,0.963208710077199,33.010106995935075,-22.093559193125216,0,0,6.6,-158.98989300406492,20260302-205726,0.0,0.0
20.588594035767503,1.061891520471349,36.770966900792814,-19.388603862877353,0,0,6.6,-155.22903309920716,20260302-205726,0.0,0.0
19.991098390526908,1.2176784795620308,40.77482059464512,-16.417386630432375,0,0,6.6,-151.2251794053549,20260302-205726,0.0,0.0
19.49692263350981,1.4778451848284595,45.00325501855582,-13.192804519488902,0,0,6.6,-146.99674498144418,20260302-205726,0.0,0.0
19.114082146984206,1.9617420128838208,49.426081516782915,-9.743422948303952,0,0,6.6,-142.5739184832171,20260302-205726,0.0,0.0
18.84936198637787,3.0827406222047893,54.001170411694375,-6.114481980938352,0,0,6.6,-137.99882958830563,20260302-205726,0.0,0.0
18.707777128579632,7.905317831240012,58.67584211373105,-2.3664800742926193,0,0,6.6,-133.32415788626895,20260302-205726,0.0,0.0
18.692125874789117,13.080626270992454,63.38992523857223,1.4289931909637004,0,0,6.6,-128.6100747614278,20260302-205726,0.0,0.0
18.80272270636803,3.6188964444593927,68.0801508425186,5.195706203518312,0,0,6.6,-123.91984915748141,20260302-205726,0.0,0.0
19.037367450711994,2.1486252917052724,72.6851341421218,8.86025475181987,0,0,6.6,-119.31486585787817,20260302-205726,0.0,0.0
19.391557558936377,1.5690351804960418,77.14999648920656,12.35890552358797,0,0,6.6,-114.85000351079344,20260302-205726,0.0,0.0
19.85889766570416,1.2695552263466183,81.42980299000249,15.642405508306902,0,0,6.6,-110.57019700999754,20260302-205726,0.0,0.0
20.431624880550523,1.0938827638743704,85.49137136721981,18.67807552628834,0,0,6.6,-106.50862863278019,20260302-205726,0.0,0.0
21.101159703897927,0.9837673489582996,89.3134616523651,21.44933934455307,0,0,6.6,-102.6865383476349,20260302-205726,0.0,0.0
21.858608218881038,0.9125464182960192,92.88570137813679,23.953420648669255,0,0,6.6,-99.11429862186318,20260302-205726,0.0,0.0
22.695169805729922,0.8662897864188098,96.20675047575435,26.19812695651232,0,0,6.6,-95.79324952424562,20260302-205726,0.0,0.0
23.602433742784875,0.8370099877705878,99.28218416436289,28.198509083088695,0,0,6.6,-92.71781583563714,20260302-205726,0.0,0.0
24.572569899817935,0.8197986749138844,102.12244708899732,29.973907804131493,0,0,6.6,-89.87755291100267,20260302-205726,0.0,0.0
25.598431030193634,0.8114733150229282,104.74108411840132,31.545622704143206,0,0,6.6,-87.2589158815987,20260302-205726,0.0,0.0
26.67358839303358,0.8098799644571882,107.15332982304375,32.93523678031869,0,0,6.6,-84.84667017695624,20260302-205726,0.0,0.0
27.79232144211103,0.8135087868929886,109.37505633167922,34.16351721074516,0,0,6.6,-82.62494366832077,20260302-205726,0.0,0.0
28.949578776720173,0.8212700362998293,111.42203512860618,35.249768647533195,0,0,6.6,-80.57796487139383,20260302-205726,0.0,0.0
30.14092331672477,0.8323574537867383,113.30945174094308,36.21151367072073,0,0,6.6,-78.69054825905691,20260302-205726,0.0,0.0
31.36247076119948,0.8461617135303648,115.05161209917475,37.064393554689026,0,0,6.6,-76.94838790082524,20260302-205726,0.0,0.0
32.61082723478132,0.8622137556378742,116.6617872035336,37.82220710530825,0,0,6.6,-75.33821279646638,20260302-205726,0.0,0.0
33.883029682330225,0.8801466212529049,118.15215325635018,38.49702863608919,0,0,6.6,-73.84784674364981,20260302-205726,0.0,0.0
35.17649093923158,0.899669105672713,119.53379474596807,39.099365219314635,0,0,6.6,-72.46620525403193,20260302-205726,0.0,0.0
36.48895032704098,0.9205471695604893,120.81674682218113,39.63832765295715,0,0,6.6,-71.18325317781887,20260302-205726,0.0,0.0
37.818429951122255,0.9425905677449645,122.01006033494662,40.12179969252009,0,0,6.6,-69.98993966505338,20260302-205726,0.0,0.0
39.16319648335502,0.9656430633845247,123.12187821766508,40.556596912828454,0,0,6.6,-68.87812178233489,20260302-205726,0.0,0.0
40.5217280042085,0.9895751538636423,124.15951576189389,40.94861097310064,0,0,6.6,-67.84048423810609,20260302-205726,0.0,0.0
41.89268538692038,1.0142785871421751,125.12954006527752,41.30293779045158,0,0,6.6,-66.8704599347225,20260302-205726,0.0,0.0
43.274887685991544,1.0396621746648582,126.03784582253587,41.62398973487853,0,0,6.6,-65.96215417746413,20260302-205726,0.0,0.0
44.667291012217504,1.0656485567372276,126.88972590275239,41.91559283764109,0,0,6.6,-65.11027409724761,20260302-205726,0.0,0.0
46.068970417541614,1.0921716768265037,127.68993599404018,42.18107042603694,0,0,6.6,-64.31006400595983,20260302-205726,0.0,0.0
47.47910436309615,1.1191747899064894,128.44275313186068,42.423314741625994,0,0,6.6,-63.55724686813932,20260302-205726,0.0,0.0
48.89696139576037,1.146608877590573,129.15202825584453,42.644848083254004,0,0,6.6,-62.84797174415546,20260302-205726,0.0,0.0
50.321888708418314,1.174431376311454,129.82123312990825,42.84787491497772,0,0,6.6,-62.17876687009173,20260302-205726,0.0,0.0
51.753302304815776,1.2026051487073917,130.4535020591386,43.03432623786976,0,0,6.6,-61.546497940861435,20260302-205726,0.0,0.0
53.19067853066094,1.2310976456319065,131.051668876875,43.2058973708449,0,0,6.6,-60.94833112312499,20260302-205726,0.0,0.0
54.63354676824335,1.2598802188075373,131.61829967874098,43.36408013450151,0,0,6.6,-60.381700321259004,20260302-205726,0.0,0.0
56.081483122603004,1.2889275534482176,132.15572176183122,43.510190291588074,0,0,6.6,-59.84427823816879,20260302-205726,0.0,0.0
57.534104953592795,1.318217197111766,132.66604919660813,43.6453909717237,0,0,6.6,-59.3339508033919,20260302-205726,0.0,0.0
58.99106613054649,1.3477291662646487,133.15120542260058,43.770712697452026,0,0,6.6,-58.84879457739942,20260302-205726,0.0,0.0
60.45205290520118,1.377445616004709,133.61294322072303,43.887070533167616,0,0,6.6,-58.38705677927698,20260302-205726,0.0,0.0
61.916780314509474,1.4073505614215884,134.0528623773751,43.995278796752885,0,0,6.6,-57.947137622624886,20260302-205726,0.0,0.0
63.38498903845032,1.4374296414151073,134.47242531984853,44.096063704411755,0,0,6.6,-57.5275746801515,20260302-205726,0.0,0.0
64.85644264929245,1.4676699176107106,134.8729709696908,44.190074260618026,0,0,6.6,-57.12702903030919,20260302-205726,0.0,0.0
66.33092519831686,1.498059702434292,135.25572703087096,44.27789165580754,0,0,6.6,-56.74427296912908,20260302-205726,0.0,0.0
67.80823909404894,1.5285884115296573,135.62182090289411,44.360037393056835,0,0,6.6,-56.37817909710585,20260302-205726,0.0,0.0
69.28820323283004,1.5592464365902516,135.97228938531907,44.43698033028632,0,0,6.6,-56.027710614680906,20260302-205726,0.0,0.0
70.77065134827761,1.5900250353849643,136.3080873192265,44.50914279544232,0,0,6.6,-55.691912680773484,20260302-205726,0.0,0.0
72.25543055101275,1.6209162363255578,136.6300952928426,44.57690590774019,0,0,6.6,-55.369904707157424,20260302-205726,0.0,0.0
73.74240003412041,1.651912755380822,136.93912652246524,44.64061421761967,0,0,6.6,-55.06087347753478,20260302-205726,0.0,0.0
75.2314299232675,1.683007923513184,137.23593300583065,44.7005797609236,0,0,6.6,-54.764066994169355,20260302-205726,0.0,0.0
76.7224002533421,1.714195623115187,137.52121103284742,44.757085608418144,0,0,6.6,-54.47878896715262,20260302-205726,0.0,0.0
78.21520005597252,1.7454702321699382,137.7956061279964,44.810388979671536,0,0,6.6,-54.204393872003585,20260302-205726,0.0,0.0
79.70972654441132,1.7768265750622518,138.05971748944864,44.860723980120945,0,0,6.6,-53.94028251055132,20260302-205726,0.0,0.0
81.20588438408335,1.8082598791343272,138.31410198190747,44.90830401156677,0,0,6.6,-53.685898018092495,20260302-205726,0.0,0.0
82.70358503864658,1.8397657362182243,138.55927773318535,44.953323899079656,0,0,6.6,-53.440722266814625,20260302-205726,0.0,0.0
84.20274618274296,1.8713400684924424,138.7957273784345,44.99596177116913,0,0,6.6,-53.204272621565494,20260302-205726,0.0,0.0
85.70329117375526,1.90297909810597,139.02390099064712,45.03638072486215,0,0,6.6,-52.976099009352914,20260302-205726,0.0,0.0
87.20514857586546,1.9346793200935433,139.24421873142018,45.07473030292639,0,0,6.6,-52.755781268579824,20260302-205726,0.0,0.0
88.70825173055391,1.9664374781734875,139.4570732519495,45.11114780671796,0,0,6.6,-52.54292674805046,20260302-205726,0.0,0.0
90.21253836840599,1.9982505430764264,139.66283187069837,45.145759464935956,0,0,6.6,-52.337168129301645,20260302-205726,0.0,0.0
91.71795025772315,2.0301156931014166,139.8618385511122,45.17868147583512,0,0,6.6,-52.13816144888777,20260302-205726,0.0,0.0
93.22443288597945,2.0620302966368804,140.05441570006178,45.210020938114326,0,0,6.6,-51.94558429993825,20260302-205726,0.0,0.0
94.73193517063847,2.0939918964185535,140.24086580533844,45.23987668369809,0,0,6.6,-51.759134194661556,20260302-205726,0.0,0.0
96.24040919625635,2.1259981953263436,140.42147292846363,45.26834002391207,0,0,6.6,-51.57852707153638,20260302-205726,0.0,0.0
97.74980997515512,2.1580470435473864,140.59650406725638,45.29549541907784,0,0,6.6,-51.40349593274362,20260302-205726,0.0,0.0
97.32192128048048,0.8401902267708403,-179.5827912628222,-115.83319845854953,0,0,6.6,-11.582791262822205,20260302-205726,0.0,0.0
93.46360233264282,0.8080718782242987,179.97468361199662,-115.66248603778274,0,0,6.6,-12.025316388003336,20260302-205726,0.0,0.0
89.61133865241995,0.7760622315160294,179.49408067822714,-115.46926910405773,0,0,6.6,-12.505919321772865,20260302-205726,0.0,0.0
85.76594617898716,0.7441765577276017,178.97034156867045,-115.24945967241946,0,0,6.5,-13.029658431329555,20260302-205726,0.0,0.0
81.92839243930696,0.7124331289714546,178.39748654671877,-114.99801049059529,0,0,6.5,-13.60251345328122,20260302-205726,0.0,0.0
78.0998329461414,0.68085399367286,177.76839913744033,-114.70863602463817,0,0,6.7,-14.23160086255968,20260302-205726,0.0,0.0
74.28165843298892,0.6494660052886473,177.0745489269773,-114.37343575815848,0,0,6.7,-14.92545107302271,20260302-205726,0.0,0.0
70.47555681021052,0.6183022066876243,176.30563144579867,-113.98237956769229,0,0,6.7,-15.694368554201303,20260302-205726,0.0,0.0
66.6835953640558,0.5874037224223416,175.44909576592676,-113.52259582058025,0,0,6.7,-16.550904234073258,20260302-205726,0.0,0.0
62.90833115302753,0.556822390436801,174.48951853052728,-112.97737345597561,0,0,6.7,-17.51048146947271,20260302-205726,0.0,0.0
59.15296121966136,0.5266244937987977,173.40776591828148,-112.32474356246207,0,0,6.7,-18.592234081718544,20260302-205726,0.0,0.0
55.421529827897054,0.4968961690567342,172.17986011938785,-111.53543391792417,0,0,6.7,-19.820139880612178,20260302-205726,0.0,0.0
51.71921858156929,0.467751441192241,170.7754309788711,-110.56987542303098,0,0,6.7,-21.22456902112894,20260302-205726,0.0,0.0
48.052758794118546,0.43934450446096535,169.15558254373798,-109.37375637160818,0,0,6.7,-22.84441745626203,20260302-205726,0.0,0.0
44.43102676708326,0.4118891195031864,167.26993495004473,-107.87132911079371,0,0,6.7,-24.73006504995527,20260302-205726,0.0,0.0
40.86591619238137,0.3856904518796977,165.05251661179375,-105.95521873361808,0,0,6.7,-26.947483388206262,20260302-205726,0.0,0.0
37.37363412517095,0.3611997764174946,162.4161032638147,-103.47081190319577,0,0,6.7,-29.583896736185306,20260302-205726,0.0,0.0
33.97664497880101,0.3391138111566685,159.2446173873575,-100.19245415841826,0,0,6.7,-32.75538261264253,20260302-205726,0.0,0.0
30.706591069715994,0.3205678444476326,155.38358491707243,-95.78811974303359,0,0,6.7,-36.6164150829276,20260302-205726,0.0,0.0
46.52117218881148,0.9699048869283542,77.34936743936208,-47.964674491064756,0,0,6.6,-114.6506325606379,20260302-205726,0.0,0.0
45.057249296869145,1.1338234426988698,81.78411622983793,-39.73921123876058,0,0,6.6,-110.21588377016205,20260302-205726,0.0,0.0
43.880301451428906,1.426592568849614,86.48634745008684,-30.758818186480127,0,0,6.5,-105.51365254991317,20260302-205726,0.0,0.0
43.01389177492803,2.0357025986208943,91.4124956878212,-21.12975235383999,0,0,6.5,-100.58750431217878,20260302-205726,0.0,0.0
42.47702678708879,3.8550114274459424,96.50180701084105,-11.018651328676102,0,0,6.7,-95.49819298915897,20260302-205726,0.0,0.0
42.282261204975605,65.71254611447615,101.67941959879965,-0.6434427473152046,0,0,6.7,-90.32058040120035,20260302-205726,0.0,0.0
42.43430580826557,4.353366176018009,106.8622590346211,9.747469910073107,0,0,6.7,-85.13774096537891,20260302-205726,0.0,0.0
42.929475831203746,2.1568463350926987,111.96675180591859,19.903817500915608,0,0,6.7,-80.03324819408142,20260302-205726,0.0,0.0
43.75612379705613,1.4781190112225928,116.91665338602968,29.602571555360914,0,0,6.7,-75.08334661397029,20260302-205726,0.0,0.0
44.89594339395917,1.161001237265562,121.64924066046177,38.670022005919606,0,0,6.7,-70.35075933953824,20260302-205726,0.0,0.0
46.32582417629243,0.9858157888407634,126.11876103182908,46.99237393100359,0,0,6.7,-65.88123896817089,20260302-205726,0.0,0.0
48.01986179572806,0.8808589658543889,130.29698343222537,54.51481299182918,0,0,6.9,-61.703016567774654,20260302-205726,0.0,0.0
49.95118774401442,0.815765067118238,134.17147698199585,61.23232013411826,0,0,6.9,-57.82852301800417,20260302-205726,0.0,0.0
52.09341682097287,0.7754692796307936,137.74258662359534,67.17663508962588,0,0,6.9,-54.25741337640463,20260302-205726,0.0,0.0
54.42164903802852,0.7516484924997817,141.02001303182544,72.40305752099187,0,0,6.9,-50.97998696817459,20260302-205726,0.0,0.0
56.91306160137559,0.7393295133526768,144.0196271310998,76.97929079455912,0,0,6.9,-47.9803728689002,20260302-205726,0.0,0.0
59.54717597463782,0.7353577868568458,146.76084276645918,80.97714750415777,0,0,6.9,-45.23915723354081,20260302-205726,0.0,0.0
62.30589571746708,0.7376357119887924,149.26463647769094,84.4670271582699,0,0,6.9,-42.73536352230908,20260302-205726,0.0,0.0
65.17339951733508,0.7447141820475944,151.55216485124504,87.51464801991628,0,0,6.9,-40.447835148754955,20260302-205726,0.0,0.0
68.13595421673753,0.7555599540471513,153.6438695931621,90.17941442206909,0,0,6.9,-38.35613040683794,20260302-205726,0.0,0.0
71.18169285914335,0.7694164547837771,155.55894922931748,92.51386868135927,0,0,6.8,-36.44105077068256,20260302-205726,0.0,0.0
74.30038646232184,0.7857169867458383,157.31508965998853,94.5638031450074,0,0,6.8,-34.68491034001145,20260302-205726,0.0,0.0
77.48322623314175,0.8040286788452577,158.92836778151957,96.36873443920284,0,0,6.8,-33.07163221848041,20260302-205726,0.0,0.0
78.35644219728182,0.9740346989646714,-86.23774237832365,-80.44522672607974,0,0,6.8,81.76225762167635,20260302-205726,0.0,0.0
75.68820196593985,0.9504370433014276,-85.16493541518561,-79.63515574164718,0,0,6.8,82.83506458481439,20260302-205726,0.0,0.0
73.04843005591745,0.9277736365130979,-84.01416356948666,-78.7351862362239,0,0,6.8,83.98583643051334,20260302-205726,0.0,0.0
70.4403271159927,0.9061857338104532,-82.77764521889314,-77.7327698812865,0,0,6.8,85.22235478110686,20260302-205726,0.0,0.0
67.86754429444369,0.885844578153938,-81.44671691151825,-76.61337662175089,0,0,6.8,86.55328308848175,20260302-205726,0.0,0.0
65.33425431337626,0.8669598040808492,-80.0117515014444,-75.36018856450173,0,0,6.8,87.9882484985556,20260302-205726,0.0,0.0
62.845233220889575,0.8497908354640779,-78.46208311290937,-73.95376673669264,0,0,6.8,89.53791688709063,20260302-205726,0.0,0.0
60.40595354985723,0.8346626001344076,-76.78594823262867,-72.37170269774867,0,0,6.8,91.21405176737133,20260302-205726,0.0,0.0
58.02268904250685,0.8219875973865092,-74.9704568862837,-70.58827800685638,0,0,6.8,93.0295431137163,20260302-205726,0.0,0.0
55.70263007215914,0.8122975311326124,-73.00161417258951,-68.57417133164394,0,0,6.8,94.99838582741049,20260302-205726,0.0,0.0
53.45400718341516,0.8062897229215125,-70.86442064649108,-66.29627745933529,0,0,6.8,97.13557935350892,20260302-205726,0.0,0.0
51.28621749310257,0.8048970416482912,-68.54309010616129,-63.717736355543295,0,0,6.8,99.45690989383871,20260302-205726,0.0,0.0
49.20994471965468,0.8093965335976081,-66.02143451874568,-60.7983141476109,0,0,6.8,101.97856548125432,20260302-205726,0.0,0.0
47.23725804541948,0.8215842787286013,-63.28347610909455,-57.49532856022874,0,0,6.8,104.71652389090545,20260302-205726,0.0,0.0
45.381667771954504,0.844068904581922,-60.3143519043102,-53.765359114174004,0,0,6.8,107.6856480956898,20260302-205726,0.0,0.0
43.658107215670604,0.880789678849425,-57.101569141890764,-49.56700590849471,0,0,6.8,110.89843085810924,20260302-205726,0.0,0.0
42.08280189486381,0.9379889547242133,-53.63664046839496,-44.86492264425114,0,0,6.8,114.36335953160504,20260302-205726,0.0,0.0
40.672981680301554,1.0261834094300126,-49.91706358010572,-39.63519708712999,0,0,6.8,118.08293641989427,20260302-205726,0.0,0.0
39.44639395415463,1.164578097755004,-45.94850221745071,-33.87183223709664,0,0,6.8,122.05149778254928,20260302-205726,0.0,0.0
38.42059196554651,1.3923743727437303,-41.74687944928979,-27.59357879435627,0,0,6.8,126.25312055071022,20260302-205726,0.0,0.0
37.612007547538525,1.8039533029666155,-37.33994250793708,-20.84976783250724,0,0,6.8,130.66005749206292,20260302-205726,0.0,0.0
37.034871004306225,2.6986803531183448,-32.76776819914261,-13.723326277420059,0,0,6.8,135.2322318008574,20260302-205726,0.0,0.0
36.70010303298259,5.798554402411467,-28.081736064881653,-6.329181462490026,0,0,6.8,139.91826393511835,20260302-205726,0.0,0.0
36.6143522233277,30.692766826110848,-23.341762062689725,1.1929309739576577,0,0,6.8,144.65823793731028,20260302-205726,0.0,0.0
36.779360361657936,4.232036395637503,-18.612025712227506,8.690700391795092,0,0,6.8,149.3879742877725,20260302-205726,0.0,0.0
37.19178998472535,2.3224193069303065,-13.955886365580398,16.014244229602177,0,0,6.8,154.0441136344196,20260302-205726,0.0,0.0
37.843552551254575,1.643188162013976,-9.430958404048567,23.030565473933045,0,0,6.8,158.56904159595143,20260302-205726,0.0,0.0
38.72256488028196,1.306677960795068,-5.0852601758294895,29.634359836237405,0,0,6.8,162.9147398241705,20260302-205726,0.0,0.0
39.813778091160266,1.1135658220112425,-0.9549963277770814,35.753412419978446,0,0,6.8,167.04500367222292,20260302-205726,0.0,0.0
41.10029385117689,0.9939954988215418,2.935944667223538,41.34857139685688,0,0,6.8,170.93594466722354,20260302-205726,0.0,0.0
42.564406693744175,0.9171459687502213,6.5750919682848235,46.40963177513166,0,0,6.8,174.57509196828482,20260302-205726,0.0,0.0
44.18846697390901,0.8673077426710097,9.959604941798347,50.94900552579379,0,0,6.8,177.95960494179835,20260302-205726,0.0,0.0
45.95552027335203,0.8356326602556368,13.094111169028508,54.99488287029532,0,0,6.8,-178.9058888309715,20260302-205726,0.0,0.0
47.849727349914126,0.8167566793848322,15.988565408190652,58.58504565393179,0,0,6.8,-176.01143459180932,20260302-205726,0.0,0.0
49.85659740800809,0.8072386503872914,18.65636952403014,61.761905706680714,0,0,6.8,-173.34363047596986,20260302-205726,0.0,0.0
51.96307858974203,0.8047695410427023,21.11285756223333,64.56889325410589,0,0,6.8,-170.88714243776667,20260302-205726,0.0,0.0
54.15754888950979,0.8077422444806407,23.374156520099007,67.04805804026236,0,0,6.8,-168.625843479901,20260302-205726,0.0,0.0
56.429743936083995,0.8150036940385914,25.45638136767417,69.2386357863698,0,0,6.8,-166.54361863232583,20260302-205726,0.0,0.0
58.770649421635646,0.8257050968411701,27.37510184443363,71.17631905927374,0,0,6.8,-164.62489815556634,20260302-205726,0.0,0.0
61.17237775308415,0.8392077796497438,29.145016498158498,72.89300604269347,0,0,6.8,-162.8549835018415,20260302-205726,0.0,0.0
63.62804177615146,0.8550219590476177,30.779776904352047,74.41685105611177,0,0,6.8,-161.22022309564798,20260302-205726,0.0,0.0
66.1316333863436,0.8727657436587394,32.29191590317174,75.77248977384447,0,0,6.8,-159.70808409682826,20260302-205726,0.0,0.0
68.67791131215526,0.8921369760740195,33.692844659033085,76.98135281241514,0,0,6.8,-158.3071553409669,20260302-205726,0.0,0.0
71.2623000178299,0.9128934558726091,34.992892864150804,78.06201212135132,0,0,6.8,-157.00710713584922,20260302-205726,0.0,0.0
73.88080020708065,0.9348387709385455,36.201374010061045,79.03052644351379,0,0,6.8,-155.79862598993893,20260302-205726,0.0,0.0
76.52991054759157,0.9578119653616344,37.32666340971451,79.90076686784415,0,0,6.8,-154.6733365902855,20260302-205726,0.0,0.0
79.20655977494916,0.9816798842469845,38.37628085136498,80.68471305766441,0,0,6.8,-153.62371914863505,20260302-205726,0.0,0.0
81.90804812788089,1.0063314197835178,39.35697273750179,81.39271667131388,0,0,6.8,-152.64302726249818,20260302-205726,0.0,0.0
84.63199701432276,1.0316731295681167,40.27479061363732,82.03373199198448,0,0,6.8,-151.72520938636268,20260302-205726,0.0,0.0
87.37630584387195,1.0576258599674622,41.13516437489949,82.61551570473142,0,0,6.8,-150.8648356251005,20260302-205726,0.0,0.0
90.13911504440121,1.0841221154707938,41.94296934799547,83.1447986883444,0,0,6.8,-150.0570306520045,20260302-205726,0.0,0.0
92.91877438295325,1.1111039885841727,42.70258702696708,83.62743301943794,0,0,6.8,-149.29741297303295,20260302-205726,0.0,0.0
95.71381581803628,1.1385215156975845,43.41795959782212,84.06851736955659,0,0,6.8,-148.58204040217788,20260302-205726,0.0,0.0
95.38488044020376,1.27381907654917,146.0219293340278,-74.88102682415894,0,0,6.8,-45.97807066597221,20260302-205726,0.0,0.0
92.90038436131132,1.2523730745203399,146.92495778489075,-74.17948074050719,0,0,6.8,-45.075042215109235,20260302-205726,0.0,0.0
90.44022950871968,1.231826543298437,147.87736206256727,-73.41961415001637,0,0,6.8,-44.12263793743276,20260302-205726,0.0,0.0
88.00645722856649,1.2122855866144602,148.88273362363913,-72.59548261589201,0,0,6.8,-43.11726637636087,20260302-205726,0.0,0.0
85.6013178372869,1.1938736795900569,149.94494364016327,-71.70048163443893,0,0,6.8,-42.05505635983673,20260302-205726,0.0,0.0
83.22729370981625,1.176735375530386,151.06815657863484,-70.72728112070523,0,0,6.8,-40.93184342136515,20260302-205726,0.0,0.0
80.88712457655376,1.1610410041988968,152.2568407745007,-69.66775874756019,0,0,6.8,-39.743159225499326,20260302-205726,0.0,0.0
78.58383502660666,1.1469926854088124,153.51577440013807,-68.51293476086792,0,0,6.8,-38.484225599861915,20260302-205726,0.0,0.0
76.3207641074042,1.134832108562291,154.85004472956655,-67.25291215463962,0,0,6.8,-37.149955270433466,20260302-205726,0.0,0.0
74.10159675479497,1.124850714291014,156.2650380021051,-65.87682775442848,0,0,6.7,-35.73496199789492,20260302-205726,0.0,0.0
71.93039656852687,1.1174031904628419,157.76641647728252,-64.37282189854177,0,0,6.7,-34.233583522717474,20260302-205726,0.0,0.0
69.81163914866879,1.112925613485241,159.36007846657412,-62.72803707881829,0,0,6.7,-32.63992153342588,20260302-205726,0.0,0.0
67.75024481111079,1.1119602138129185,161.0520962607755,-60.92865910983881,0,0,6.7,-30.94790373922451,20260302-205726,0.0,0.0
65.75160898814602,1.1151897704503368,162.84862602091766,-58.96001804391924,0,0,6.7,-29.151373979082344,20260302-205726,0.0,0.0
63.82162798235201,1.1234863048857615,164.75578299891868,-56.806769877663555,0,0,6.7,-27.244217001081314,20260302-205726,0.0,0.0
61.96671698039629,1.1379815266055577,166.7794751133265,-54.45318358131391,0,0,6.7,-25.220524886673484,20260302-205726,0.0,0.0
60.1938163731328,1.1601712778641635,168.92518823445488,-51.88356023082006,0,0,6.9,-23.074811765545135,20260302-205726,0.0,0.0
58.51038153199331,1.1920747963115539,171.19771794584005,-49.082810670129604,0,0,6.9,-20.802282054159956,20260302-205726,0.0,0.0
56.92435037573566,1.2364855795202778,173.60084554491107,-46.03721330726779,0,0,6.8,-18.399154455088908,20260302-205726,0.0,0.0
55.444082512047295,1.2973818353620281,176.136961141811,-42.735362096830876,0,0,6.8,-15.863038858188974,20260302-205726,0.0,0.0
54.07826371777296,1.3806290043586846,178.8066443018239,-39.16929424707605,0,0,6.8,-13.193355698176095,20260302-205726,0.0,0.0
52.83577035568223,1.4952494548723059,-178.39177721680775,-35.33575630709352,0,0,6.8,-10.391777216807762,20260302-205726,0.0,0.0
51.72549035679485,1.6558766261103681,-175.46265809460132,-31.237526722203533,0,0,6.8,-7.462658094601312,20260302-205726,0.0,0.0
50.756100888922354,1.8879200160095717,-172.41341068345594,-26.884666966031585,0,0,6.7,-4.413410683455941,20260302-205726,0.0,0.0
49.93580782830243,2.239722743927708,-169.2547703507664,-22.29553098198757,0,0,6.7,-1.2547703507664014,20260302-205726,0.0,0.0
49.27205831611802,2.8159746247404045,-166.00089290384648,-17.497337470027894,0,0,6.7,1.9991070961535211,20260302-205726,0.0,0.0
48.7712441831436,3.893564457784362,-162.6692324503171,-12.526117061099573,0,0,6.7,5.330767549682875,20260302-205726,0.0,0.0
48.43841955369519,6.522903379624591,-159.28016679090476,-7.425898673434427,0,0,6.7,8.719833209095242,20260302-205726,0.0,0.0
48.27705893870174,21.484181532618443,-155.85636802034836,-2.247097887597203,0,0,6.7,12.143631979651634,20260302-205726,0.0,0.0
48.28888124511751,16.336995990048795,-152.42195392404977,2.9557992959373482,0,0,6.7,15.57804607595022,20260302-205726,0.0,0.0
48.47375975991898,5.964510086442233,-149.00149289012384,8.127031232641114,0,0,6.7,18.99850710987615,20260302-205726,0.0,0.0
48.829728852848625,3.6957193653082006,-145.6189618736541,13.212509940883058,0,0,6.7,22.381038126345913,20260302-205726,0.0,0.0
48.274798071773986,1.006305622844783,13.10324817144766,-47.97230282317532,0,0,6.7,-178.89675182855234,20260302-205726,0.0,0.0
46.68888569138155,0.9898208748120514,14.463882086901663,-47.169025102897436,0,0,6.7,-177.53611791309837,20260302-205726,0.0,0.0
45.131144819405435,0.97516860003291,15.919311991098084,-46.280350718719156,0,0,6.7,-176.08068800890192,20260302-205726,0.0,0.0
43.6045947772974,0.9626649438190638,17.477713610883143,-45.29571275786795,0,0,6.7,-174.52228638911689,20260302-205726,0.0,0.0
42.11262763173762,0.9527032123113516,19.147847756136912,-44.20330181271064,0,0,6.7,-172.85215224386306,20260302-205726,0.0,0.0
40.65905057648768,0.9457789427643032,20.93901283754144,-42.99001461974851,0,0,6.7,-171.06098716245853,20260302-205726,0.0,0.0
39.24812924061844,0.9425254278396329,22.860952284780524,-41.64145399300183,0,0,6.7,-169.13904771521948,20260302-205726,0.0,0.0
37.88462975099673,0.9437651594848574,24.923700684709615,-40.142009238480036,0,0,6.7,-167.07629931529038,20260302-205726,0.0,0.0
36.57385625316037,0.9505861873102427,27.137349360615246,-38.47505543568746,0,0,6.7,-164.86265063938475,20260302-205726,0.0,0.0
35.32167915683629,0.9644587047482133,29.511709874820895,-36.62331936343252,0,0,6.6,-162.48829012517913,20260302-205726,0.0,0.0
34.134547646996005,0.9874189683124449,32.05585381004789,-34.5694672093791,0,0,6.6,-159.94414618995214,20260302-205726,0.0,0.0
33.019478115901705,1.0223707508971651,34.777511034019824,-32.29697063117855,0,0,6.6,-157.22248896598018,20260302-205726,0.0,0.0
31.984008416752516,1.073602403728433,37.6823189093958,-29.791297323550747,0,0,6.6,-154.31768109060417,20260302-205726,0.0,0.0
31.03610673287152,1.1477237874403556,40.772934195657285,-27.041442438069524,0,0,6.6,-151.22706580434274,20260302-205726,0.0,0.0
30.18402417240622,1.255483101870386,44.04804954709891,-24.041760599914767,0,0,6.6,-147.9519504529011,20260302-205726,0.0,0.0
29.43608290383635,1.4156065730708072,47.50139693191352,-20.79397161881078,0,0,6.6,-144.49860306808648,20260302-205726,0.0,0.0
28.800397663531715,1.6638873173203752,51.12086572374221,-17.309103425293017,0,0,6.6,-140.87913427625776,20260302-205726,0.0,0.0
28.284538210982213,2.0783659033484954,54.887901990482305,-13.609027248480379,0,0,6.6,-137.1120980095177,20260302-205726,0.0,0.0
62.29806551905116,0.8481718769717422,49.97675627441549,-73.44981272130376,0,0,6.5,-142.02324372558448,20260302-205726,0.0,0.0
59.87999908390272,0.8363418755313262,51.79836121271785,-71.59751393036619,0,0,6.5,-140.20163878728215,20260302-205726,0.0,0.0
57.52751015767421,0.8276149480325814,53.77108291256695,-69.5099941034529,0,0,6.5,-138.22891708743308,20260302-205726,0.0,0.0
55.248976202055964,0.8227150194099618,55.90923389007531,-67.15445190447556,0,0,6.5,-136.0907661099247,20260302-205726,0.0,0.0
53.05392661802048,0.822610184283563,58.22777147774025,-64.49461437707194,0,0,6.5,-133.77222852225975,20260302-205726,0.0,0.0
50.95315200835153,0.828625130416922,60.74190399288318,-61.491198055644894,0,0,6.5,-131.2580960071168,20260302-205726,0.0,0.0
48.95878962314093,0.8426219783556234,63.46648256214536,-58.10291077225875,0,0,6.5,-128.53351743785464,20260302-205726,0.0,0.0
47.084363380220886,0.8673035944791827,66.41512234410447,-54.28821427691087,0,0,6.5,-125.58487765589554,20260302-205726,0.0,0.0
45.3447492027392,0.9067484591616414,69.5990061031273,-50.00807968801392,0,0,6.5,-122.40099389687273,20260302-205726,0.0,0.0
43.75602926887755,0.9674133923110743,73.02535314378821,-45.22991889160005,0,0,6.5,-118.9746468562118,20260302-205726,0.0,0.0
42.33519488887867,1.0601630699532976,76.69559735642736,-39.932719869919275,0,0,6.5,-115.30440264357267,20260302-205726,0.0,0.0
41.0996613971542,1.204805439375394,80.6034153669408,-34.11311075957746,0,0,6.5,-111.39658463305919,20260302-205726,0.0,0.0
40.06657484017114,1.4416781450034857,84.7328725389084,-27.791622546982754,0,0,6.7,-107.2671274610916,20260302-205726,0.0,0.0
39.251923311683235,1.8675474589343666,89.05708060114551,-21.017898701262784,0,0,6.7,-102.94291939885449,20260302-205726,0.0,0.0
38.66951460375999,2.787349171176746,93.53782820967729,-13.873222272843103,0,0,6.7,-98.46217179032269,20260302-205726,0.0,0.0
38.32993670090615,5.9253574316900135,98.12658382539257,-6.468797392020585,0,0,6.6,-93.8734161746074,20260302-205726,0.0,0.0
38.239659348397126,36.03999128783956,102.76703448235241,1.0610340896863582,0,0,6.6,-89.2329655176476,20260302-205726,0.0,0.0
38.400440862682274,4.480744034971817,107.3989465302949,8.570103662019115,0,0,6.6,-84.6010534697051,20260302-205726,0.0,0.0
38.80916105246518,2.438645147498685,111.96274278579568,15.91423052766479,0,0,6.6,-80.03725721420433,20260302-205726,0.0,0.0
39.45811597789383,1.718214319630638,116.40395744234348,22.9646066425381,0,0,6.5,-75.59604255765653,20260302-205726,0.0,0.0
40.335712008523906,1.3618657575556774,120.67677080467894,29.61797944088102,0,0,6.5,-71.32322919532108,20260302-205726,0.0,0.0
41.42742113293028,1.1571259417804052,124.74611974258318,35.80199841444071,0,0,6.5,-67.25388025741681,20260302-205726,0.0,0.0
42.61428125465586,0.44637800129584837,46.49766199906628,-95.46680421289884,0,0,6.5,-145.5023380009337,20260302-205726,0.0,0.0
39.440152025626425,0.4153282545760852,47.65871846854452,-94.961398823882,0,0,6.5,-144.34128153145548,20260302-205726,0.0,0.0
36.285047875953545,0.3847095006597658,49.022334461992955,-94.31804469015121,0,0,6.5,-142.97766553800707,20260302-205726,0.0,0.0
33.154400756431464,0.35465646877356233,50.64454235004217,-93.48314122419002,0,0,6.5,-141.35545764995783,20260302-205726,0.0,0.0
30.055854043397133,0.3253665757411708,52.60307894950245,-92.37535839362484,0,0,6.5,-139.39692105049758,20260302-205726,0.0,0.0
27.00046143383527,0.2971411848342565,55.008242782317666,-90.86744891623138,0,0,6.5,-136.99175721768233,20260302-205726,0.0,0.0
24.004706946850355,0.27046439048561893,58.02020706589906,-88.75366884250415,0,0,6.4,-133.97979293410097,20260302-205726,0.0,0.0
21.094015174224452,0.24616626245368914,61.87667454916607,-85.69011433153979,0,0,6.4,-130.1233254508339,20260302-205726,0.0,0.0
18.308999954633325,0.22579916229918745,66.93559590527997,-81.0853316203787,0,0,6.4,-125.06440409472003,20260302-205726,0.0,0.0
15.716614301726072,0.21264180037459188,73.7325267265353,-73.91121723969384,0,0,6.4,-118.26747327346473,20260302-205726,0.0,0.0
13.428884297728672,0.21502314321550697,83.01836934871028,-62.4532043244739,0,0,6.4,-108.9816306512897,20260302-205726,0.0,0.0
11.62705398871325,0.2621354323122268,95.6166989389148,-44.35514072307625,0,0,6.4,-96.38330106108519,20260302-205726,0.0,0.0
10.562779844019639,0.5788075446388747,111.71570889605943,-18.249208984671906,0,0,6.4,-80.28429110394059,20260302-205726,0.0,0.0
10.463590885165006,0.840945121511528,129.6623563076347,12.442656027729353,0,0,6.4,-62.3376436923653,20260302-205726,0.0,0.0
11.354806603068793,0.28452175912451505,146.31915978231206,39.908394486270545,0,0,6.4,-45.68084021768796,20260302-205726,0.0,0.0
13.034838486770251,0.2189214915501381,159.62189194165745,59.54115511671896,0,0,6.4,-32.378108058342555,20260302-205726,0.0,0.0
15.245093583228181,0.21146387556496432,169.48993035863913,72.09313431193925,0,0,6.4,-22.510069641360857,20260302-205726,0.0,0.0
17.78901978605592,0.22253440545135078,176.70405043003922,79.93828976681476,0,0,6.4,-15.295949569960776,20260302-205726,0.0,0.0
20.543029332065384,0.24184563629436445,-177.94868716917776,84.94273308723777,0,0,6.4,-9.948687169177763,20260302-205726,0.0,0.0
23.433168072832455,0.2655366298349407,-173.89187584698053,88.24834482308022,0,0,6.4,-5.891875846980515,20260302-205726,0.0,0.0
26.414790559897227,0.29183255812999664,-170.73789868724333,90.51351476736455,0,0,6.4,-2.7378986872433404,20260302-205726,0.0,0.0
29.460133015975384,0.31980343425015584,-168.22962905370886,92.11950173409068,0,0,6.4,-0.22962905370885775,20260302-205726,0.0,0.0
32.55131636227321,0.3489148785114252,-166.19443681034377,93.29300172336251,0,0,6.4,1.8055631896562248,20260302-205726,0.0,0.0
35.67642693876076,0.3788379799713835,-164.51397082514427,94.173311085271,0,0,6.4,3.4860291748557395,20260302-205726,0.0,0.0
38.827273454606356,0.40935920332333287,-163.10519178676884,94.84890809683003,0,0,6.3,4.894808213231162,20260302-205726,0.0,0.0
41.99806389969578,0.440333878215632,-161.90849870815995,95.37777122642669,0,0,6.3,6.091501291840037,20260302-205726,0.0,0.0
45.184599824820694,0.47166050938022974,-160.8801960178908,95.79898873491456,0,0,6.3,7.1198039821092,20260302-205726,0.0,0.0
48.38377035677922,0.5032657885456016,-159.9876208810175,96.13959752083387,0,0,6.3,8.012379118982498,20260302-205726,0.0,0.0
51.593225225295,0.5350954446762038,-159.20592386397132,96.4187337765789,0,0,6.3,8.79407613602868,20260302-205726,0.0,0.0
52.06248023670207,5.373846429378038,76.14678749644463,-9.6881220780862,0,0,6.3,-115.85321250355534,20260302-205726,0.0,0.0
51.835352626304775,13.199934239545165,79.63093447456208,-3.9269402169454204,0,0,6.3,-112.36906552543792,20260302-205726,0.0,0.0
51.80117055574406,27.584177504772263,83.13267900397733,1.877930583457929,0,0,6.3,-108.86732099602266,20260302-205726,0.0,0.0
51.960314813834266,6.781689671259711,86.62599153412947,7.66185380526009,0,0,6.3,-105.37400846587053,20260302-205726,0.0,0.0
52.3110209775703,3.91510103952934,90.08521478879686,13.36134634825643,0,0,6.3,-101.91478521120314,20260302-205726,0.0,0.0
52.84947560226489,2.793684468869888,93.4861696462255,18.917481981651193,0,0,6.3,-98.51383035377448,20260302-205726,0.0,0.0
53.57001757241208,2.206458222610918,96.80710493044455,24.2787364036389,0,0,6.3,-95.19289506955545,20260302-205726,0.0,0.0
54.46542067714379,1.8523775778061353,100.02940513740617,29.402979894439206,0,0,6.3,-91.97059486259381,20260302-205726,0.0,0.0
55.52722640222093,1.6208310494725788,103.13801294602229,34.2584912969736,0,0,6.3,-88.8619870539777,20260302-205726,0.0,0.0
56.74609457807926,1.4616228131307938,106.1215677343177,38.824034537699376,0,0,6.3,-85.8784322656823,20260302-205726,0.0,0.0
58.11214316612912,1.3486798955018824,108.97229727599586,43.08816596135581,0,0,6.3,-83.02770272400417,20260302-205726,0.0,0.0
59.615255366496704,1.2671154017174924,111.68572174761573,47.04800784971291,0,0,6.3,-80.3142782523843,20260302-205726,0.0,0.0
61.24534036986077,1.2078106703164284,114.26023646630699,50.70773249073499,0,0,6.3,-77.73976353369298,20260302-205726,0.0,0.0
62.992541758394985,1.1648682241326482,116.69663535883114,54.076968066751704,0,0,6.3,-75.30336464116886,20260302-205726,0.0,0.0
63.939335798373456,6.5407668556489895,116.09380355394273,9.775510610525997,0,0,6.3,-75.90619644605728,20260302-205726,0.0,0.0
64.34233249178493,4.471386248754649,113.2877865697044,14.3897952250726,0,0,6.3,-78.7122134302956,20260302-205726,0.0,0.0
64.89752224996884,3.433330633410002,110.52323174808208,18.90220581101223,0,0,6.3,-81.47676825191792,20260302-205726,0.0,0.0
65.6010411002947,2.81727323927173,107.81176136611373,23.285295932904496,0,0,6.3,-84.18823863388627,20260302-205726,0.0,0.0
66.44817791524056,2.4149122608771805,105.16361234821807,27.515773136662226,0,0,6.3,-86.8363876517819,20260302-205726,0.0,0.0
67.43352028942229,2.135668869299142,102.58747494186252,31.574894993694326,0,0,6.3,-89.41252505813748,20260302-205726,0.0,0.0
68.55110884987893,1.9338180403186984,100.09041613988933,35.44858276251344,0,0,6.3,-91.90958386011069,20260302-205726,0.0,0.0
69.79459109435004,1.7837830488266093,97.67788080183965,39.12728688629575,0,0,6.3,-94.32211919816037,20260302-205726,0.0,0.0
71.1573673140221,1.6701389860871887,95.35375805520488,42.60565612011129,0,0,6.3,-96.64624194479512,20260302-205726,0.0,0.0
72.63272303620008,1.5830306615868543,93.1204976262976,45.88206962674489,0,0,6.3,-98.87950237370237,20260302-205726,0.0,0.0
74.21394440264979,1.515866815954714,90.97926007501246,48.9580902632985,0,0,6.3,-101.02073992498755,20260302-205726,0.0,0.0
75.89441473192473,1.4640722208716512,88.9300859925591,51.837889996123394,0,0,6.3,-103.0699140074409,20260302-205726,0.0,0.0
77.66769203960389,1.4243716416884604,86.97207144577271,54.52768769500076,0,0,6.3,-105.0279285542273,20260302-205726,0.0,0.0
79.52756843743975,1.3943587391235002,85.10353972137949,57.03522788362995,0,0,6.3,-106.89646027862051,20260302-205726,0.0,0.0
81.468113099176,1.372225851605953,83.3222022623961,59.369318107388565,0,0,6.3,-108.67779773760392,20260302-205726,0.0,0.0
83.4837009114004,1.3565887146712836,81.62530427345064,61.53943343958115,0,0,6.3,-110.37469572654939,20260302-205726,0.0,0.0
85.56902908964047,1.346369356118421,80.0097526249898,63.55538968618221,0,0,6.2,-111.99024737501023,20260302-205726,0.0,0.0
87.71912400599354,1.3407158210401724,78.47222534684249,65.42708203289351,0,0,6.2,-113.52777465315752,20260302-205726,0.0,0.0
89.9293403121004,1.3389458861531096,77.00926318721679,67.1642829199573,0,0,6.2,-114.99073681278323,20260302-205726,0.0,0.0
92.1953542057072,1.3405067964692818,75.61734448667437,68.77649143483465,0,0,6.2,-116.38265551332563,20260302-205726,0.0,0.0
94.51315242238837,1.3449459442324758,74.29294505948928,70.27282607727737,0,0,6.2,-117.70705494051072,20260302-205726,0.0,0.0
96.87901826543752,1.3518891710763263,73.03258496982232,71.66195301964426,0,0,6.2,-118.96741503017768,20260302-205726,0.0,0.0
99.28951573498529,1.361024477139199,71.83286411132946,72.95204267280083,0,0,6.2,-120.16713588867054,20260302-205726,0.0,0.0
101.74147259233258,1.3720896278783625,70.69048840696865,74.15074826391158,0,0,6.2,-121.30951159303135,20260302-205726,0.0,0.0
104.23196300166467,1.384862612329332,69.60228828765594,75.26520109193144,0,0,6.2,-122.39771171234405,20260302-205726,0.0,0.0
106.75829022919005,1.399154215667985,68.56523091802518,76.3020180575459,0,0,6.2,-123.43476908197484,20260302-205726,0.0,0.0
109.31796974740756,1.4148021789623952,67.57642743816433,77.26731791407086,0,0,6.2,-124.42357256183567,20260302-205726,0.0,0.0
111.90871298645968,1.4316665640232802,66.63313629679953,78.16674342940088,0,0,6.2,-125.36686370320044,20260302-205726,0.0,0.0
114.52841189168765,1.4496260428897358,65.73276357276,79.00548727959017,0,0,6.2,-126.26723642724,20260302-205726,0.0,0.0
117.17512438283933,1.4685749036836115,64.87286102212613,79.78832001618042,0,0,6.2,-127.12713897787384,20260302-205726,0.0,0.0
119.84706076242017,1.4884206165064444,64.051122449753,80.51961887206315,0,0,6.2,-127.94887755024702,20260302-205726,0.0,0.0
122.54257108533406,1.50908184086107,63.265378885546966,81.20339650725123,0,0,6.2,-128.73462111445303,20260302-205726,0.0,0.0
125.26013347658794,1.5304867839030274,62.513592946551626,81.84332905975913,0,0,6.2,-129.4864070534484,20260302-205726,0.0,0.0
127.99834336621961,1.55257183951121,61.79385268361,82.44278307051918,0,0,6.2,-130.20614731639003,20260302-205726,0.0,0.0
130.75590359894363,1.5752804536916052,61.10436514396429,83.0048410062618,0,0,6.2,-130.8956348560357,20260302-205726,0.0,0.0
133.53161536883835,1.5985621735840858,60.44344982647681,83.53232522038935,0,0,6.2,-131.55655017352322,20260302-205726,0.0,0.0
136.32436992556424,1.622371846319633,59.80953216221053,84.02782027734114,0,0,6.2,-132.19046783778944,20260302-205726,0.0,0.0
139.13314099720577,1.6466689408852537,59.20113711808182,84.49369362757727,0,0,6.2,-132.79886288191818,20260302-205726,0.0,0.0
141.95697787516522,1.671416971511957,58.61688299361384,84.93211466361474,0,0,6.2,-133.38311700638616,20260302-205726,0.0,0.0
144.79499910807525,1.6965830052853885,58.05547545913038,85.34507221691682,0,0,6.2,-133.94452454086962,20260302-205726,0.0,0.0
147.64638675402944,1.7221372399679105,57.51570186688082,85.73439057434274,0,0,6.2,-134.48429813311915,20260302-205726,0.0,0.0
150.5103811432584,1.748052640622987,56.996425853640744,86.10174410400944,0,0,6.2,-135.00357414635926,20260302-205726,0.0,0.0
153.3862761064788,1.7743046257034525,56.496582243491275,86.44867058590137,0,0,6.2,-135.50341775650872,20260302-205726,0.0,0.0
156.27341462735285,1.800870794922529,56.015172252113246,86.77658334399027,0,0,6.2,-135.98482774788675,20260302-205726,0.0,0.0
159.17118488070537,1.8277306925600822,55.55125898850463,87.08678227521366,0,0,6.2,-136.44874101149537,20260302-205726,0.0,0.0
162.07901662127145,1.8548656009352353,55.10396324613481,87.38046386732826,0,0,6.2,-136.8960367538652,20260302-205726,0.0,0.0
164.99637789074234,1.8822583596531857,54.67245957283518,87.65873029308455,0,0,6.2,-137.32754042716482,20260302-205726,0.0,0.0
167.92277201370413,1.9098932069500212,54.25597260693263,87.92259766286419,0,0,6.2,-137.74402739306737,20260302-205726,0.0,0.0
170.8577348557092,1.9377556400466316,53.853773666039956,88.17300351224758,0,0,6.2,-138.14622633396007,20260302-205726,0.0,0.0
173.80083231917146,1.9658322919065674,53.465177574355494,88.41081359519752,0,0,6.2,-138.5348224256445,20260302-205726,0.0,0.0
176.75165805503843,1.994110822192943,53.08953971416349,88.63682804783282,0,0,6.2,-138.9104602858365,20260302-205726,0.0,0.0
179.70983137026553,2.0225798205517673,52.726253287355746,88.85178698225123,0,0,6.2,-139.27374671264425,20260302-205726,0.0,0.0
182.67499531301175,2.051228720626126,52.3747467731373,89.05637556461828,0,0,6.2,-139.62525322686267,20260302-205726,0.0,0.0
185.64681491920084,2.0800477234374144,52.03448156856791,89.25122862681602,0,0,6.2,-139.9655184314321,20260302-205726,0.0,0.0
188.62497560565706,2.109027728964339,51.70494979917726,89.43693485636787,0,0,6.2,-140.29505020082271,20260302-205726,0.0,0.0
191.60918169644424,2.1381602749143327,51.3856722875434,89.6140406051278,0,0,6.2,-140.6143277124566,20260302-205726,0.0,0.0
194.5991550703209,2.1674374818204862,51.076196668401565,89.78305335334151,0,0,6.1,-140.92380333159844,20260302-205726,0.0,0.0
197.59463391838395,2.1968520037144983,50.77609563954809,89.94444486214158,0,0,6.1,-141.2239043604519,20260302-205726,0.0,0.0
200.59537160202152,2.2263969837259543,50.48496533848993,90.09865404431066,0,0,6.1,-141.51503466151007,20260302-205726,0.0,0.0
203.60113560223965,2.256066014043332,50.20242383546781,90.24608958021788,0,0,6.1,-141.7975761645322,20260302-205726,0.0,0.0
206.6117065522804,2.285853099744899,49.92810973412992,90.3871323031818,0,0,6.1,-142.07189026587008,20260302-205726,0.0,0.0
209.62687734621537,2.3157526260700414,49.66168087175879,90.52213737611673,0,0,6.1,-142.33831912824124,20260302-205726,0.0,0.0
212.64645231689235,2.345759328755194,49.40281311154297,90.65143627915819,0,0,6.1,-142.597186888457,20260302-205726,0.0,0.0
215.67024647723446,2.3758682671047118,49.15119921994608,90.77533862601534,0,0,6.1,-142.8488007800539,20260302-205726,0.0,0.0
218.69808481945446,2.406074799506973,48.90654782274703,90.89413382504473,0,0,6.1,-143.09345217725294,20260302-205726,0.0,0.0
218.1031783301819,2.3943687651644887,104.96166351475006,-91.0900532546826,0,0,6.1,-87.03833648524994,20260302-205726,0.0,0.0
215.06792657703815,2.362745263586784,104.77980424042886,-91.024593252407,0,0,6.1,-87.22019575957115,20260302-205726,0.0,0.0
212.03490355588153,2.3311732823149227,104.59274027624315,-90.9563030618319,0,0,6.0,-87.40725972375688,20260302-205726,0.0,0.0
209.00420629533812,2.299655185567189,104.40024911142262,-90.88501946164122,0,0,6.0,-87.59975088857736,20260302-205726,0.0,0.0
205.97593745805133,2.2681934844646037,104.20209562487815,-90.81056747090999,0,0,6.0,-87.79790437512185,20260302-205726,0.0,0.0
202.95020574931297,2.2367908486208816,103.9980311991934,-90.73275933440276,0,0,5.9,-88.00196880080658,20260302-205726,0.0,0.0
199.92712636118293,2.205450118847237,103.78779276078956,-90.65139340611454,0,0,5.9,-88.21220723921044,20260302-205726,0.0,0.0
196.90682145567965,2.174174321099217,103.57110173920591,-90.56625291946587,0,0,5.9,-88.42889826079409,20260302-205726,0.0,0.0
193.88942069103194,2.1429666818095465,103.34766293769076,-90.4771046310946,0,0,5.9,-88.65233706230923,20260302-205726,0.0,0.0
190.87506179544667,2.1118306447704005,103.11716330645686,-90.38369732351275,0,0,5.9,-88.88283669354315,20260302-205726,0.0,0.0
187.8638911933684,2.0807698897508975,102.87927060902223,-90.2857601499889,0,0,5.9,-89.12072939097774,20260302-205726,0.0,0.0
184.85606468979722,2.049788353061515,102.63363197101421,-90.18300080283929,0,0,5.9,-89.3663680289858,20260302-205726,0.0,0.0
181.85174821889888,2.018890250307176,102.37987229964818,-90.07510348382235,0,0,5.9,-89.62012770035182,20260302-205726,0.0,0.0
178.85111866389778,1.9880801016056866,102.11759256079563,-89.9617266524862,0,0,5.9,-89.88240743920434,20260302-205726,0.0,0.0
175.85436475610166,1.9573627595888818,101.8463678991007,-89.84250052506238,0,0,5.8,-90.15363210089929,20260302-205726,0.0,0.0
172.86168806188093,1.9267434405514516,101.5657455849871,-89.71702429276537,0,0,5.8,-90.43425441501287,20260302-205726,0.0,0.0
169.87330406753307,1.8962277591681094,101.27524277058808,-89.58486302407991,0,0,5.7,-90.72475722941195,20260302-205726,0.0,0.0
166.88944337322428,1.8658217672653303,100.97434403461386,-89.44554421070363,0,0,5.6,-91.02565596538614,20260302-205726,0.0,0.0
163.91035300863481,1.8355319972110458,100.66249869392715,-89.29855391117366,0,0,5.6,-91.33750130607285,20260302-205726,0.0,0.0
160.93629788457446,1.805365510577011,100.33911785709137,-89.14333243972173,0,0,5.5,-91.66088214290862,20260302-205726,0.0,0.0
157.96756239670296,1.7753299528368018,100.00357119238078,-88.97926954045157,0,0,5.7,-91.99642880761921,20260302-205726,0.0,0.0
155.00445219962737,1.7454336149912588,99.65518337965511,-88.80569897836168,0,0,5.7,-92.34481662034487,20260302-205726,0.0,0.0
152.0472961720906,1.715685503167016,99.29323021209382,-88.6218924688841,0,0,5.7,-92.70676978790615,20260302-205726,0.0,0.0
149.09644859676195,1.6860954174181386,98.9169343100242,-88.42705285627805,0,0,5.7,-93.08306568997581,20260302-205726,0.0,0.0
146.15229158133945,1.6566740411826035,98.52546040495378,-88.2203064381994,0,0,5.7,-93.47453959504621,20260302-205726,0.0,0.0
143.21523775134202,1.627433043113156,98.11791014741516,-88.00069431881641,0,0,5.7,-93.88208985258484,20260302-205726,0.0,0.0
140.28573324916735,1.5983851933266682,97.69331638735417,-87.76716265570198,0,0,5.7,-94.30668361264581,20260302-205726,0.0,0.0
137.36426107880536,1.5695444965113812,97.250636870562,-87.51855164611403,0,0,5.7,-94.749363129438,20260302-205726,0.0,0.0
134.4513448411076,1.5409263448147734,96.78874728910665,-87.25358307587979,0,0,5.7,-95.21125271089335,20260302-205726,0.0,0.0
131.54755291082088,1.5125476940285716,96.30643361795222,-86.97084622862543,0,0,5.7,-95.69356638204778,20260302-205726,0.0,0.0
128.65350311380783,1.484427267320577,95.80238366409043,-86.66878192424352,0,0,5.7,-96.19761633590956,20260302-205726,0.0,0.0
125.7698679711101,1.456585791672539,95.2751777487702,-86.34566442302969,0,0,5.7,-96.72482225122981,20260302-205726,0.0,0.0
122.89738058588934,1.4290462733180267,94.72327843810302,-85.99958089568396,0,0,5.7,-97.27672156189698,20260302-205726,0.0,0.0
120.03684125993131,1.4018343198975953,94.14501923291135,-85.62840811937038,0,0,5.7,-97.85498076708863,20260302-205726,0.0,0.0
117.18912493844097,1.3749785188445722,93.53859212582239,-85.2297860165247,0,0,5.7,-98.4614078741776,20260302-205726,0.0,0.0
114.35518959539905,1.3485108837951243,92.90203393321832,-84.80108760677436,0,0,5.7,-99.0979660667817,20260302-205726,0.0,0.0
111.53608568686799,1.3224673837305345,92.23321131301759,-84.33938489449699,0,0,5.7,-99.76678868698241,20260302-205726,0.0,0.0
108.73296681634145,1.2968885733098356,91.52980438815149,-83.8414101674442,0,0,5.7,-100.4701956118485,20260302-205726,0.0,0.0
105.94710177444885,1.2718203477123329,90.78928891243578,-83.30351213913157,0,0,5.7,-101.21071108756423,20260302-205726,0.0,0.0
103.17988813481915,1.2473148516604027,90.0089169436032,-82.72160633497467,0,0,5.7,-101.99108305639682,20260302-205726,0.0,0.0
100.43286760821242,1.2234315806581448,89.18569603197216,-82.09111910793129,0,0,5.7,-102.81430396802787,20260302-205726,0.0,0.0
97.70774337733017,1.2002387235968597,88.31636699847189,-81.4069246862165,0,0,5.7,-103.68363300152812,20260302-205726,0.0,0.0
95.00639965369835,1.1778148107866424,87.39738047031233,-80.66327472163914,0,0,5.7,-104.60261952968764,20260302-205726,0.0,0.0
92.33092371363377,1.1562507516693654,86.42487247665377,-79.85371994814163,0,0,5.7,-105.57512752334624,20260302-205726,0.0,0.0
89.68363067948366,1.1356523741212727,85.3946395933304,-78.97102381252682,0,0,5.7,-106.60536040666962,20260302-205726,0.0,0.0
87.067091310562,1.1161436155534223,84.30211438166975,-78.00706835328816,0,0,5.7,-107.69788561833025,20260302-205726,0.0,0.0
84.48416304903553,1.0978705697238427,83.14234221239008,-76.9527532469393,0,0,5.7,-108.85765778760992,20260302-205726,0.0,0.0
81.93802452034622,1.081006669493638,81.90996102632232,-75.79788990453443,0,0,5.6,-110.09003897367768,20260302-205726,0.0,0.0
79.43221360307325,1.065759395788821,80.59918618791698,-74.53109390068437,0,0,5.6,-111.40081381208303,20260302-205726,0.0,0.0
76.97066904255288,1.0523790641694408,79.2038033658705,-73.13968099821496,0,0,5.6,-112.79619663412953,20260302-205726,0.0,0.0
74.55777536393319,1.0411704804727873,77.7171733567231,-71.60957476442964,0,0,5.6,-114.2828266432769,20260302-205726,0.0,0.0
72.19841051550785,1.0325086214124632,76.13225397184277,-69.92523744425593,0,0,5.6,-115.86774602815723,20260302-205726,0.0,0.0
69.8979952080131,1.0268600607186151,74.44164553386935,-68.06964053027559,0,0,5.6,-117.55835446613067,20260302-205726,0.0,0.0
67.66254227133068,1.0248127566648477,72.63766813106429,-66.02429744486375,0,0,5.6,-119.3623318689357,20260302-205726,0.0,0.0
65.49870348736955,1.0271182725959433,70.71248043940301,-63.76938784452528,0,0,5.6,-121.28751956059699,20260302-205726,0.0,0.0
63.41381024524281,1.0347529374171558,68.6582514091034,-61.28401085145006,0,0,5.6,-123.3417485908966,20260302-205726,0.0,0.0
61.415902993439126,1.049008659504723,66.46739702277404,-58.54661201980536,0,0,5.6,-125.53260297722598,20260302-205726,0.0,0.0
59.513742871423794,1.0716316421968501,64.13289404336643,-55.53563419368649,0,0,5.6,-127.86710595663358,20260302-205726,0.0,0.0
57.71679720860234,1.1050413198096367,61.64868030616623,-52.23044258521038,0,0,5.6,-130.35131969383377,20260302-205726,0.0,0.0
56.03518902313496,1.1526894117717448,59.01014557562178,-48.61256505948632,0,0,5.6,-132.98985442437825,20260302-205726,0.0,0.0
54.4795996413755,1.2196762076577896,56.214707133782724,-44.667264393060215,0,0,5.6,-135.78529286621728,20260302-205726,0.0,0.0
53.06111367750602,1.3138682324187871,53.26244925289484,-40.38541489036712,0,0,5.6,-138.73755074710516,20260302-205726,0.0,0.0
51.790997593176655,1.4480678215460172,50.15678562454889,-35.765588339558875,0,0,5.6,-141.8432143754511,20260302-205726,0.0,0.0
50.68040763532003,1.6446045195000207,46.90508051968408,-30.81616706898475,0,0,5.6,-145.09491948031592,20260302-205726,0.0,0.0
49.740030597643766,1.9462231634314076,43.519142289626984,-25.557208203167498,0,0,5.6,-148.480857710373,20260302-205726,0.0,0.0
48.97967138531483,2.44632820275475,40.0154887876584,-20.021708996429844,0,0,5.6,-151.9845112123416,20260302-205726,0.0,0.0
48.4078135589584,3.3956327158783353,36.415286886780564,-14.255903865161383,0,0,5.6,-155.58471311321946,20260302-205726,0.0,0.0
48.03119046506013,5.774163862137892,32.74389460891632,-8.318293628625307,0,0,5.6,-159.25610539108368,20260302-205726,0.0,0.0
47.854411926273286,21.013834812195558,29.02998611623235,-2.2772812460912926,0,0,5.6,-162.97001388376765,20260302-205726,0.0,0.0
47.87969155617618,12.624981877673685,25.304309665748974,3.7924562601430543,0,0,5.6,-166.695690334251,20260302-205726,0.0,0.0
48.1067108167483,4.901617343220289,21.598200145902524,9.8144566269106,0,0,5.6,-170.40179985409748,20260302-205726,0.0,0.0
48.53263878138592,3.0882581646899085,17.942020044775518,15.715214270714661,0,0,5.6,-174.05797995522448,20260302-205726,0.0,0.0
49.15230480810924,2.2937813372153117,14.36371853585888,21.428504980244085,0,0,5.6,-177.6362814641411,20260302-205726,0.0,0.0
49.95850025972189,1.8572812949228812,10.887672373789627,26.898725786066933,0,0,5.6,178.88767237378963,20260302-205726,0.0,0.0
50.9423700649915,1.587834970387571,7.533913332380507,32.08291227680739,0,0,5.6,175.5339133323805,20260302-205726,0.0,0.0
52.09384826313957,1.4097946854522936,4.317773903233615,36.951372281862945,0,0,5.6,172.31777390323361,20260302-205726,0.0,0.0
53.40209382855728,1.2871971142011476,1.2499164252172648,41.48711431947186,0,0,5.6,169.24991642521726,20260302-205726,0.0,0.0
54.85589178084354,1.2007576951377794,-1.6633348701141983,45.68439744585536,0,0,5.6,166.3366651298858,20260302-205726,0.0,0.0
56.44399649436386,1.1392062818785949,-4.419459377618182,49.54677426926188,0,0,5.6,163.58054062238182,20260302-205726,0.0,0.0
58.15540608427094,1.095515631565727,-7.019101338751653,53.08496237625964,0,0,5.6,160.98089866124835,20260302-205726,0.0,0.0
59.97956662717491,1.0650764903413574,-9.465408063148601,56.31479726676855,0,0,5.6,158.5345919368514,20260302-205726,0.0,0.0
61.906511839446495,1.0447399692145343,-11.7634034444564,59.25542590850583,0,0,5.6,156.2365965555436,20260302-205726,0.0,0.0
63.92694770484432,1.0322816278972324,-13.91943226869759,61.927816961214475,0,0,5.6,154.0805677313024,20260302-205726,0.0,0.0
66.03229298589312,1.0260854226189395,-15.94069190920959,64.35360207862122,0,0,5.6,152.0593080907904,20260302-205726,0.0,0.0
68.21468632544108,1.0249490184645182,-17.83485431802768,66.55422376776737,0,0,5.6,150.16514568197232,20260302-205726,0.0,0.0
70.46696944929846,1.027959365191876,-19.609772548638375,68.55034531072666,0,0,5.6,148.39022745136162,20260302-205726,0.0,0.0
72.78265435970967,1.0344106303678626,-21.27326141368752,70.36147176274311,0,0,5.6,146.72673858631248,20260302-205726,0.0,0.0
75.15588072338801,1.0437485702401295,-22.832940131297022,72.0057328616003,0,0,5.6,145.16705986870298,20260302-205726,0.0,0.0
77.58136811347067,1.055531908294531,-24.296124896443445,73.49978480406365,0,0,5.6,143.70387510355656,20260302-205726,0.0,0.0
80.05436645676562,1.069404949175233,-25.6697604173074,74.85879555588991,0,0,5.6,142.3302395826926,20260302-205726,0.0,0.0
82.57060698951506,1.085077791076632,-26.9603810171061,76.09648604786864,0,0,5.6,141.0396189828939,20260302-205726,0.0,0.0
85.12625522026882,1.1023117856922025,-28.174093565094864,77.22520644811335,0,0,5.6,139.82590643490514,20260302-205726,0.0,0.0
87.71786680273462,1.1209086908844892,-29.316576066168892,78.2560323745175,0,0,5.6,138.6834239338311,20260302-205726,0.0,0.0
90.34234679487135,1.140702466366056,-30.3930871109728,79.19887039665619,0,0,5.6,137.6069128890272,20260302-205726,0.0,0.0
88.49129255460144,0.8759470020890293,40.54215373941474,-101.02356916977882,0,0,5.6,-151.45784626058523,20260302-205726,0.0,0.0
85.14354284466305,0.8529863888616495,41.77478128811049,-99.81817289991123,0,0,5.6,-150.22521871188948,20260302-205726,0.0,0.0
81.83841278511439,0.8311607020026515,43.1076300716511,-98.4628033879943,0,0,5.6,-148.89236992834893,20260302-205726,0.0,0.0
78.58128030976248,0.8106669875260131,44.55180670471589,-96.93410675273233,0,0,5.6,-147.4481932952841,20260302-205726,0.0,0.0
75.37836766569733,0.7917507083563746,46.119781241140345,-95.20467347882536,0,0,5.6,-145.88021875885966,20260302-205726,0.0,0.0
72.23688737520126,0.7747215884852213,47.82550628228,-93.24238339148756,0,0,5.6,-144.17449371771997,20260302-205726,0.0,0.0
69.16521070783253,0.759976114752015,49.68450931201676,-91.00971644405111,0,0,5.6,-142.3154906879832,20260302-205726,0.0,0.0
66.17305898739394,0.7480302057765877,51.713932053899384,-88.46308407919784,0,0,5.6,-140.28606794610062,20260302-205726,0.0,0.0
63.271715545955104,0.7395678440718291,53.93247751552525,-85.55228036632967,0,0,5.6,-138.06752248447475,20260302-205726,0.0,0.0
60.47425178864377,0.735515578350098,56.36020800412746,-82.22021880800823,0,0,5.6,-135.6397919958725,20260302-205726,0.0,0.0
57.79575381940442,0.7371605134449067,59.018116123610014,-78.40321444960834,0,0,5.6,-132.98188387639,20260302-205726,0.0,0.0
55.25352548570097,0.7463445941638076,61.92736805497532,-74.03219091793132,0,0,5.6,-130.0726319450247,20260302-205726,0.0,0.0
52.867228852415764,0.7657996897319894,65.10810078626434,-69.03532289353363,0,0,5.6,-126.89189921373567,20260302-205726,0.0,0.0
50.65890428500489,0.7997588806241227,68.57765549240924,-63.34272180319055,0,0,5.6,-123.42234450759076,20260302-205726,0.0,0.0
48.65279199665484,0.85515186048647,72.34816964350966,-56.8937451284708,0,0,5.6,-119.65183035649034,20260302-205726,0.0,0.0
46.87486153228748,0.9441589791903794,76.42355919264185,-49.6472125621078,0,0,5.6,-115.57644080735817,20260302-205726,0.0,0.0
45.35195703783221,1.0903464674987131,80.79612381939626,-41.594078937010664,0,0,5.6,-111.20387618060377,20260302-205726,0.0,0.0
44.11050055871642,1.346027690981433,85.44329729247585,-32.77087154615222,0,0,5.6,-106.55670270752415,20260302-205726,0.0,0.0
43.17477736837277,1.855329821049702,90.32536937644602,-23.27067504576922,0,0,5.6,-101.67463062355401,20260302-205726,0.0,0.0
42.564955432438495,3.2130919788486083,95.38516492378591,-13.24735043772117,0,0,5.6,-96.61483507621409,20260302-205726,0.0,0.0
42.295133880994946,14.539051745832213,100.55047589366978,-2.90907100548145,0,0,5.6,-91.44952410633023,20260302-205726,0.0,0.0
42.371808528147426,5.649481641259223,105.7393967615991,7.5001232358555106,0,0,5.6,-86.26060323840088,20260302-205726,0.0,0.0
42.79311690879244,2.413901123300144,110.86777148117983,17.72778366757964,0,0,5.6,-81.13222851882016,20260302-205726,0.0,0.0
43.549057859867155,1.5811446194497476,115.85715588235445,27.54274171013061,0,0,5.6,-76.14284411764555,20260302-205726,0.0,0.0
44.62262783704503,1.2139160267861602,120.64149034866347,36.75923774989884,0,0,5.6,-71.35850965133652,20260302-205726,0.0,0.0
45.991589215569455,1.016384947964737,125.17119164920348,45.2501675744662,0,0,5.6,-66.82880835079652,20260302-205726,0.0,0.0
47.63047901242263,0.8995630874526126,129.41430174352467,52.94845873156364,0,0,5.6,-62.58569825647535,20260302-205726,0.0,0.0
49.512500161281196,0.8274243330952107,133.35518259724915,59.8393087813431,0,0,5.6,-58.64481740275081,20260302-205726,0.0,0.0
51.61106182184007,0.782606792469184,136.9916909754494,65.94762825786783,0,0,5.5,-55.00830902455065,20260302-205726,0.0,0.0
53.900877742608365,0.7557119282225306,140.33177969977612,71.32463539299388,0,0,5.5,-51.66822030022385,20260302-205726,0.0,0.0
56.3586411241286,0.741208558434681,143.39022375839664,76.03614459491594,0,0,5.4,-48.60977624160336,20260302-205726,0.0,0.0
58.96335409542028,0.7356292030719697,146.18585747843957,80.15363426192265,0,0,5.4,-45.81414252156044,20260302-205726,0.0,0.0
61.69640760931223,0.7366897321926107,148.73945445250968,83.74815734934316,0,0,5.4,-43.26054554749031,20260302-205726,0.0,0.0
64.54149972301367,0.7428242452722933,151.0722231966622,86.88663588162099,0,0,5.4,-40.92777680333776,20260302-205726,0.0,0.0
67.48446154475887,0.7529233428301455,153.2048166285332,89.62992340109041,0,0,5.4,-38.7951833714668,20260302-205726,0.0,0.0
70.51303994556746,0.7661790743422555,155.1567339082975,92.03206183371823,0,0,5.4,-36.84326609170247,20260302-205726,0.0,0.0
68.51698928021307,0.6036303839936535,35.08498016945168,-113.5081849705787,0,0,5.4,-156.9150198305483,20260302-205726,0.0,0.0
64.73630865503206,0.5712319895673539,35.629693943885115,-113.32752688458989,0,0,5.4,-156.37030605611488,20260302-205726,0.0,0.0
60.962204564986116,0.5389531362637855,36.24191418917394,-113.1122549682107,0,0,5.4,-155.75808581082606,20260302-205726,0.0,0.0
57.195978892363904,0.5068183166507406,36.93484910354158,-112.85302249993241,0,0,5.4,-155.06515089645842,20260302-205726,0.0,0.0
53.43929739786207,0.4748592047456275,37.72533760958379,-112.53714124903281,0,0,5.4,-154.27466239041618,20260302-205726,0.0,0.0
49.694324627541185,0.44311749630008324,38.635164436429534,-112.14706041281596,0,0,5.4,-153.36483556357047,20260302-205726,0.0,0.0
45.96392262292932,0.411649212880929,39.69297722510862,-111.65798739477864,0,0,5.4,-152.30702277489138,20260302-205726,0.0,0.0
42.25195089548775,0.38053143257859984,40.93714313739133,-111.03406257184942,0,0,5.4,-151.0628568626087,20260302-205726,0.0,0.0
38.563731859762626,0.3498732090276479,42.420107410454875,-110.22202004816899,0,0,5.4,-149.57989258954512,20260302-205726,0.0,0.0
34.90679538882826,0.3198340712112619,44.215213154432604,-109.14032784759527,0,0,5.4,-147.78478684556742,20260302-205726,0.0,0.0
31.292110867952974,0.2906570478581774,46.4276511596733,-107.65990743572674,0,0,5.4,-145.5723488403267,20260302-205726,0.0,0.0
59.048554223954035,0.5140184039678963,175.49656278206305,-114.8763424969546,0,0,5.3,-16.50343721793698,20260302-205726,0.0,0.0
55.21962879675694,0.4807618624984161,175.3121606151044,-114.8585882203559,0,0,5.3,-16.687839384895604,20260302-205726,0.0,0.0
51.39136057600446,0.44751679328246413,175.1002828354214,-114.83671975537956,0,0,5.3,-16.899717164578593,20260302-205726,0.0,0.0
47.56390825135241,0.41428597468684936,174.85430175334784,-114.80936154622428,0,0,5.3,-17.14569824665215,20260302-205726,0.0,0.0
43.73748601968478,0.3810731610219994,174.5652746872167,-114.77451180866503,0,0,5.3,-17.4347253127833,20260302-205726,0.0,0.0
39.91239014880044,0.34788355231445256,174.22083825276405,-114.72916693895192,0,0,5.3,-17.779161747235957,20260302-205726,0.0,0.0
36.08904238611618,0.3147245643363781,173.80340333963835,-114.66865467655128,0,0,5.3,-18.19659666036165,20260302-205726,0.0,0.0
32.26806412217205,0.2816071494819935,173.2870753950467,-114.58538670459193,0,0,5.3,-18.71292460495326,20260302-205726,0.0,0.0
28.450410066064272,0.24854819045050713,172.63211349282227,-114.4663737623531,0,0,5.3,-19.367886507177744,20260302-205726,0.0,0.0
24.63762554611754,0.21557514243108425,171.7742921128854,-114.28787785212191,0,0,5.3,-20.22570788711459,20260302-205726,0.0,0.0
20.832384430570684,0.18273584532779003,170.60274312390288,-114.00272559114894,0,0,5.3,-21.3972568760971,20260302-205726,0.0,0.0
17.039741150156953,0.15012175469609856,168.90868102353443,-113.50614162918382,0,0,5.3,-23.091318976465583,20260302-205726,0.0,0.0
13.27050130004547,0.1179323208547471,166.24872954237298,-112.52641518341913,0,0,5.3,-25.751270457627033,20260302-205726,0.0,0.0
9.552409116738708,0.08670116473516254,161.50013512668534,-110.17624902638282,0,0,5.3,-30.49986487331467,20260302-205726,0.0,0.0
5.981615500973385,0.058500376987143804,150.9171323642626,-102.24917870679569,0,0,5.3,-41.08286763573739,20260302-205726,0.0,0.0
3.114452914767753,0.05679650328470741,116.63232548723425,-54.83529327775231,0,0,5.3,-75.36767451276576,20260302-205726,0.0,0.0
3.606771243649036,0.04817156687976003,47.53126183065905,74.87344666723872,0,0,5.3,-144.46873816934095,20260302-205726,0.0,0.0
6.760670790580611,0.0642954726111707,22.04053199636303,105.15002870366975,0,0,5.3,-169.95946800363697,20260302-205726,0.0,0.0
10.38236144439665,0.09359359101022335,13.442215714952795,110.93026063357875,0,0,5.3,-178.5577842850472,20260302-205726,0.0,0.0
14.116269963218553,0.12512568095519108,9.336170544078328,112.81672839226145,0,0,5.3,177.33617054407833,20260302-205726,0.0,0.0
17.892278085132887,0.1574387821040163,6.954907011725595,113.64593809746226,0,0,5.3,174.9549070117256,20260302-205726,0.0,0.0
21.688407995191227,0.190115434357537,5.405278292515845,114.08020642029165,0,0,5.3,173.40527829251585,20260302-205726,0.0,0.0
25.495673290676418,0.2229907019150014,4.317851735030757,114.33514075575557,0,0,5.3,172.31785173503076,20260302-205726,0.0,0.0
29.309734912019167,0.25598631369120267,3.5132074671334124,114.4972732697562,0,0,5.3,171.5132074671334,20260302-205726,0.0,0.0
33.128245555260655,0.2890603505268242,2.893957275082556,114.6066746784299,0,0,5.3,170.89395727508256,20260302-205726,0.0,0.0
36.949825918606805,0.3221883366972243,2.402752580638662,114.68393392939706,0,0,5.3,170.40275258063866,20260302-205726,0.0,0.0
40.77361286604286,0.3553550216406393,2.0036542215726456,114.7405000154355,0,0,5.3,170.00365422157265,20260302-205726,0.0,0.0
44.59903884360527,0.38855040790693063,1.6730063449242607,114.78314765863807,0,0,5.3,169.67300634492426,20260302-205726,0.0,0.0
48.42571542358229,0.42176766867080273,1.394607014760453,114.81609194036974,0,0,5.3,169.39460701476045,20260302-205726,0.0,0.0
52.253367850187686,0.4508859166640249,1.1569892346002746,115.89044128234325,0,0,5.5,169.15698923460027,20260302-205726,0.0,0.0
56.00828399223354,0.49549215186166984,-0.1181123970100657,113.03566319223917,0,0,5.5,167.88188760298993,20260302-205726,0.0,0.0
59.78744786098409,0.5258687219052178,-1.2325111213000923,113.69272476289268,0,0,5.5,166.7674888786999,20260302-205726,0.0,0.0
63.58653622908429,0.5566250416103581,-2.214081776193325,114.23585263990937,0,0,5.5,165.78591822380668,20260302-205726,0.0,0.0
67.40218007900754,0.5876923662724475,-3.08475082946012,114.68956200081159,0,0,5.5,164.91524917053988,20260302-205726,0.0,0.0
71.23171899582954,0.6190175997269229,-3.8619663342711306,115.07220316070676,0,0,5.5,164.13803366572887,20260302-205726,0.0,0.0
75.07302661213437,0.6505590814491851,-4.5597630026569504,115.3977075301166,0,0,5.5,163.44023699734305,20260302-205726,0.0,0.0
78.92438457295187,0.6822836651515264,-5.189543375359818,115.67679046723738,0,0,5.5,162.81045662464018,20260302-205726,0.0,0.0
82.784390180998,0.7141646494252123,-5.760657681640907,115.9177932534551,0,0,5.5,162.2393423183591,20260302-205726,0.0,0.0
86.65188778652077,0.7461802839457593,-6.280839285271583,116.12728137000683,0,0,5.5,161.71916071472842,20260302-205726,0.0,0.0
90.52591716300591,0.7783126727498269,-6.756535321631958,116.31047563850174,0,0,5.5,161.24346467836804,20260302-205726,0.0,0.0
94.40567420100649,0.8105469566692035,-7.193160400752163,116.47156703783033,0,0,5.5,160.80683959924784,20260302-205726,0.0,0.0
98.29048064994548,0.842870695396974,-7.595293215920918,116.61394943106045,0,0,5.5,160.40470678407908,20260302-205726,0.0,0.0
101.85874970167582,2.883029075504522,14.786420342274823,35.3304621750479,0,0,5.5,-177.21357965772518,20260302-205726,0.0,0.0
103.04832512212425,2.8592809288800156,13.915911070922334,36.0399441976093,0,0,5.5,-178.08408892907767,20260302-205726,0.0,0.0
104.26114173425202,2.838965701272448,13.065461621599184,36.72504450741385,0,0,5.5,-178.93453837840084,20260302-205726,0.0,0.0
105.49639797904446,2.821782746100906,12.23474848444323,37.38643526856122,0,0,5.5,-179.76525151555677,20260302-205726,0.0,0.0
106.75331490377461,2.8074655275211757,11.423429789796558,38.02479989773246,0,0,5.5,179.42342978979656,20260302-205726,0.0,0.0
108.03113646030192,2.795776916192204,10.631148323143407,38.6408285420134,0,0,5.5,178.6311483231434,20260302-205726,0.0,0.0
109.3291296610042,2.7865052426624186,9.857534304234804,39.23521405491548,0,0,5.5,177.8575343042348,20260302-205726,0.0,0.0
110.1858755048097,2.139074216078892,-65.88928930484879,-51.51101101428352,0,0,5.5,102.11071069515121,20260302-205726,0.0,0.0
108.47335835045182,2.117054028076872,-66.41214376689278,-51.23787910551759,0,0,5.5,101.58785623310722,20260302-205726,0.0,0.0
106.77016367530194,2.0955239603727525,-66.95172548765915,-50.95153560368245,0,0,5.5,101.04827451234085,20260302-205726,0.0,0.0
105.07674480605648,2.0745165684495888,-67.50874976837143,-50.65119575525331,0,0,5.5,100.49125023162857,20260302-205726,0.0,0.0
103.39358207927891,2.054067356338188,-68.0839657016983,-50.33602318845082,0,0,5.5,99.9160342983017,20260302-205726,0.0,0.0
101.7211846160532,2.034215118162744,-68.67815742446373,-50.0051266494988,0,0,5.5,99.32184257553627,20260302-205726,0.0,0.0
100.06009220744744,2.0150023282880376,-69.29214531817246,-49.65755662052228,0,0,5.5,98.70785468182754,20260302-205726,0.0,0.0
98.41087731441942,1.996475588332823,-69.92678713182377,-49.292301839061516,0,0,5.5,98.07321286817623,20260302-205726,0.0,0.0
96.77414718500835,1.9786861409601466,-70.58297899632443,-48.90828574664662,0,0,5.5,97.41702100367557,20260302-205726,0.0,0.0
95.15054609059646,1.961690462379783,-71.26165629384222,-48.50436290298654,0,0,5.5,96.73834370615778,20260302-205726,0.0,0.0
93.54075768162726,1.9455509479997912,-71.96379433858252,-48.07931541335164,0,0,5.5,96.03620566141748,20260302-205726,0.0,0.0
91.94550746136655,1.93033670877186,-72.69040881763361,-47.63184942997076,0,0,5.5,95.30959118236639,20260302-205726,0.0,0.0
90.36556537401087,1.9161244996561777,-73.44255593164192,-47.160591804042866,0,0,5.5,94.55744406835808,20260302-205726,0.0,0.0
88.80174850059078,1.902999806505918,-74.22133216508381,-46.664086983612954,0,0,5.5,93.77866783491619,20260302-205726,0.0,0.0
87.25492385258745,1.8910581238298334,-75.02787360476741,-46.140794274411775,0,0,5.5,92.97212639523259,20260302-205726,0.0,0.0
85.7260112488655,1.8804064637211195,-75.86335471293454,-45.58908560611043,0,0,5.5,92.13664528706546,20260302-205726,0.0,0.0
84.2159862563012,1.8711651462610923,-76.72898644800973,-45.00724397554066,0,0,5.5,91.27101355199027,20260302-205726,0.0,0.0
82.72588316822936,1.863469934620506,-77.6260136118117,-44.393462771416495,0,0,5.4,90.3739863881883,20260302-205726,0.0,0.0
81.25679798740946,1.8574745948486024,-78.55571128716556,-43.74584622194118,0,0,5.4,89.44428871283444,20260302-205726,0.0,0.0
79.80989137150185,1.853353982281597,-79.51938021474146,-43.06241124712225,0,0,5.4,88.48061978525854,20260302-205726,0.0,0.0
78.38639148893321,1.8513077854552313,-80.51834094318889,-42.34109104103304,0,0,5.4,87.48165905681111,20260302-205726,0.0,0.0
76.98759672143815,1.8515650969514694,-81.55392657306629,-41.57974075456232,0,0,5.4,86.44607342693371,20260302-205726,0.0,0.0
75.61487813645148,1.8543900324134168,-82.62747390378571,-40.7761456946798,0,0,5.4,85.37252609621429,20260302-205726,0.0,0.0
74.26968163792773,1.8600886892939206,-83.74031278524522,-39.92803249941813,0,0,5.4,84.25968721475478,20260302-205726,0.0,0.0
72.95352968821311,1.8690178334291048,-84.89375347381522,-39.033083785168905,0,0,5.4,83.10624652618478,20260302-205726,0.0,0.0
71.6680224765548,1.8815958355561961,-86.08907179810275,-38.0889567898995,0,0,5.4,81.91092820189725,20260302-205726,0.0,0.0
70.4148383921461,1.8983165683451653,-87.32749195606587,-37.093306546615345,0,0,5.4,80.67250804393413,20260302-205726,0.0,0.0
69.19573364193243,1.9197672430995179,-88.61016679459642,-36.04381410853432,0,0,5.4,79.38983320540358,20260302-205726,0.0,0.0
68.01254083666915,1.9466515537433178,-89.93815546891939,-34.9382203023876,0,0,5.4,78.06184453108061,20260302-205726,0.0,0.0
66.86716635416096,1.97982006659956,-91.3123984454589,-33.77436539928028,0,0,5.4,76.6876015545411,20260302-205726,0.0,0.0
65.76158627779292,2.020310648207759,-92.73368990140182,-32.55023495328839,0,0,5.4,75.26631009859818,20260302-205726,0.0,0.0
64.69784070329771,2.0694030248141493,-94.20264768966318,-31.26401185632178,0,0,5.3,73.79735231033682,20260302-205726,0.0,0.0
63.678026209424004,2.128693593121136,-95.7196811807932,-29.914134385145548,0,0,5.3,72.2803188192068,20260302-205726,0.0,0.0
62.70428630124111,2.200199830200232,-97.28495746321181,-28.499359667496485,0,0,5.3,70.71504253678819,20260302-205726,0.0,0.0
61.77879966079833,2.286508929996201,-98.89836657705469,-27.018831569094715,0,0,5.3,69.10163342294531,20260302-205726,0.0,0.0
60.90376608118103,2.390994182681791,-100.5594866684979,-25.472151510159694,0,0,5.3,67.4405133315021,20260302-205726,0.0,0.0
60.08139001866133,2.5181380782796667,-102.26755017021199,-23.85945017745315,0,0,5.3,65.73244982978801,20260302-205726,0.0,0.0
59.31386177479002,2.6740290476981885,-104.02141232453536,-22.181457537212452,0,0,5.3,63.97858767546464,20260302-205726,0.0,0.0
58.6033364158084,2.8671514171219212,-105.81952354948811,-20.439568020664595,0,0,5.3,62.18047645051188,20260302-205726,0.0,0.0
57.95191064883929,3.109692530483212,-107.65990728053345,-18.635897305202132,0,0,5.3,60.34009271946656,20260302-205726,0.0,0.0
57.36159799899938,3.4198104299344747,-109.54014497756555,-16.773326818615047,0,0,5.3,58.45985502243446,20260302-205726,0.0,0.0
56.83430276257187,3.8258005621737188,-111.45736994199406,-14.85553202236975,0,0,5.3,56.54263005800594,20260302-205726,0.0,0.0
56.3717933400888,4.3743178249199675,-113.40827142205735,-12.886990748350613,0,0,5.3,54.591728577942646,20260302-205726,0.0,0.0
55.97567566906891,5.148150303399098,-115.38911018280578,-10.872968419766343,0,0,5.3,52.61088981719423,20260302-205726,0.0,0.0
55.64736756757706,6.309598845181613,-117.39574627989259,-8.81947789914928,0,0,5.3,50.60425372010741,20260302-205726,0.0,0.0
55.38807485510196,8.226098780976361,-119.42367921812752,-6.733212951829873,0,0,5.3,48.57632078187248,20260302-205726,0.0,0.0
55.198770126415404,11.944022024884585,-121.46810002826075,-4.621455822118579,0,0,5.3,46.53189997173924,20260302-205726,0.0,0.0
55.08017501011085,22.10314420691333,-123.52395410604106,-2.4919610755144554,0,0,5.3,44.47604589395893,20260302-205726,0.0,0.0
55.032746643985966,155.97988484768183,-125.58601298540867,-0.35281951065502315,0,0,5.3,42.41398701459132,20260302-205726,0.0,0.0
55.05666894735802,30.79761559490846,-127.6489526270541,1.7876925821640597,0,0,5.3,40.3510473729459,20260302-205726,0.0,0.0
55.15184907451358,14.064783906626415,-129.70743535540768,3.921272409207055,0,0,5.3,38.292564644592325,20260302-205726,0.0,0.0
55.31791920759485,9.158973704192535,-131.75619232002518,6.0397508491888106,0,0,5.3,36.24380767997483,20260302-205726,0.0,0.0
55.554243608739526,6.828833336092943,-133.79010332002727,8.135246662869122,0,0,5.3,34.20989667997273,20260302-205726,0.0,0.0
55.85993061919681,5.476298393005633,-135.804271016954,10.200308056723408,0,0,5.3,32.19572898304599,20260302-205726,0.0,0.0
56.23384908562551,4.598763817610661,-137.79408695112605,12.228035906145411,0,0,5.3,30.205913048873956,20260302-205726,0.0,0.0
56.67464852603364,3.9877507388166404,-139.75528732659043,14.212184320941727,0,0,5.3,28.24471267340956,20260302-205726,0.0,0.0
57.180782230353486,3.5412118068948324,-141.6839971821593,16.147235847068227,0,0,5.3,26.31600281784072,20260302-205726,0.0,0.0
57.7505324283845,3.2032998710494187,-143.57676225674047,18.028450271021647,0,0,5.3,24.423237743259534,20260302-205726,0.0,0.0
58.3820366500672,2.940880883855117,-145.4305685243873,19.85188756558404,0,0,5.3,22.569431475612696,20260302-205726,0.0,0.0
59.073314444161745,2.7330527657960655,-147.24284996641555,21.61440685795002,0,0,5.3,20.75715003358444,20260302-205726,0.0,0.0
59.82229370217216,2.5659777965386383,-149.01148562751797,23.31364432804879,0,0,5.3,18.98851437248204,20260302-205726,0.0,0.0
60.626835943501156,2.4301306739845443,-150.73478734981524,24.94797361826426,0,0,5.3,17.26521265018476,20260302-205726,0.0,0.0
61.48476004354721,2.318740022604211,-152.41147978909285,26.516452661429796,0,0,5.3,15.588520210907152,20260302-205726,0.0,0.0
62.39386401775479,2.2268602222836407,-154.0406744003249,28.01876085144222,0,0,5.3,13.959325599675118,20260302-205726,0.0,0.0
63.35194460220372,2.15079492305157,-155.6218390537173,29.455130251246516,0,0,5.3,12.378160946282694,20260302-205726,0.0,0.0
64.35681448810547,2.087726016552341,-157.15476483197983,30.82627412690098,0,0,5.3,10.845235168020169,20260302-205726,0.0,0.0
65.40631716885821,2.035467426269155,-158.63953139000196,32.133315583803096,0,0,5.3,9.360468609998046,20260302-205726,0.0,0.0
66.49833944160747,1.9922973283603038,-160.07647205383225,33.37771852373902,0,0,5.3,7.923527946167751,20260302-205726,0.0,0.0
67.63082166993344,1.9568411243629587,-161.46613961777174,34.56122258875276,0,0,5.3,6.53386038222825,20260302-205726,0.0,0.0
68.8017659611332,1.9279881146896034,-162.80927358306,35.68578324571775,0,0,5.3,5.190726416939996,20260302-205726,0.0,0.0
70.00924244235097,1.9048310690215489,-164.10676938101417,36.75351771656711,0,0,5.3,3.8932306189858283,20260302-205726,0.0,0.0
71.25139383685293,1.8866216746959423,-165.35964994523206,37.766657084725885,0,0,5.3,2.6403500547679464,20260302-205726,0.0,0.0
72.52643854759374,1.872737199990827,-166.56903984558315,38.727504610870646,0,0,5.3,1.430960154416856,20260302-205726,0.0,0.0
73.83267245239452,1.862655211303272,-167.73614207230992,39.63840006693182,0,0,5.3,0.2638579276900846,20260302-205726,0.0,0.0
75.16846960586854,1.8559341620356087,-168.86221746069353,40.501689738510414,0,0,5.3,-0.8622174606935411,20260302-205726,0.0,0.0
76.53228202971152,1.8521983215481044,-169.94856667309986,41.31970164282641,0,0,5.3,-1.9485666730998479,20260302-205726,0.0,0.0
77.92263875680385,1.851125952738751,-170.99651460274924,42.0947254515647,0,0,5.2,-2.996514602749248,20260302-205726,0.0,0.0
79.33814427709103,1.8524399496180102,-172.007397028883,42.82899658553103,0,0,5.2,-4.007397028882986,20260302-205726,0.0,0.0
80.77747651544206,1.8559003577097009,-172.98254933278287,43.52468395185106,0,0,5.2,-4.982549332782866,20260302-205726,0.0,0.0
82.23938445437315,1.8612983498518991,-173.92329707523047,44.18388081680555,0,0,5.2,-5.923297075230459,20260302-205726,0.0,0.0
83.72268549817733,1.8684513373813214,-174.83094823570448,44.808598341938435,0,0,5.2,-6.830948235704471,20260302-205726,0.0,0.0
85.22626265993571,1.877198974653713,-175.70678691955635,45.40076135277956,0,0,5.2,-7.7067869195563405,20260302-205726,0.0,0.0
86.74906163927717,1.8873998720824772,-176.55206834962993,45.96220595456644,0,0,5.2,-8.552068349629925,20260302-205726,0.0,0.0
88.29008784666026,1.8989288753216347,-177.3680149717442,46.49467865493696,0,0,5.2,-9.368014971744191,20260302-205726,0.0,0.0
89.84840341935956,1.911674800003335,-178.15581351792673,46.99983669774944,0,0,5.2,-10.155813517926745,20260302-205726,0.0,0.0
91.42312426517755,1.9255385354583938,-178.9166128863576,47.47924935369489,0,0,5.1,-10.916612886357601,20260302-205726,0.0,0.0
89.18958812890703,1.260888262300685,-164.65681643454025,-70.73552097801822,0,0,5.1,3.3431835654597677,20260302-205726,0.0,0.0
86.88432315196057,1.2864410174162815,-166.65034630673927,-67.53852059728405,0,0,5.1,1.349653693260733,20260302-205726,0.0,0.0
84.6898900544418,1.3215600038237085,-168.74984157873095,-64.08327265459461,0,0,5.1,-0.7498415787309469,20260302-205726,0.0,0.0
82.61512109887303,1.3687824050561674,-170.95788235658645,-60.35665040235738,0,0,5.1,-2.9578823565864454,20260302-205726,0.0,0.0
80.6692499024155,1.431629644501052,-173.27603286637392,-56.34784821079208,0,0,5.1,-5.276032866373913,20260302-205726,0.0,0.0
78.86181848235658,1.5151359077936057,-175.70457667074993,-52.04933635108545,0,0,5.1,-7.704576670749931,20260302-205726,0.0,0.0
77.20255072054837,1.626758212856924,-178.24224150178264,-47.45791360411497,0,0,5.1,-10.242241501782647,20260302-205726,0.0,0.0
75.70118988538039,1.7780333326849989,179.11406893443893,-42.57579905493921,0,0,5.3,-12.885931065561065,20260302-205726,0.0,0.0
74.36730028214605,1.9878099292494127,176.3695130682845,-37.411675627471475,0,0,5.3,-15.630486931715517,20260302-205726,0.0,0.0
70.60705331572044,0.6163017234569921,72.36552033566875,-114.56572426841132,0,0,5.3,-119.63447966433125,20260302-205726,0.0,0.0
66.78902511342598,0.5832361706400356,72.65103891487234,-114.51454569446985,0,0,5.3,-119.34896108512767,20260302-205726,0.0,0.0
62.9728565507679,0.5502033745015568,72.97117124021253,-114.45378103654238,0,0,5.3,-119.02882875978746,20260302-205726,0.0,0.0
59.15890750862651,0.5172097371339942,73.33259367624873,-114.3808850862762,0,0,5.3,-118.66740632375125,20260302-205726,0.0,0.0
55.34763682356952,0.48426344522564263,73.743809926489,-114.29241122624956,0,0,5.3,-118.25619007351101,20260302-205726,0.0,0.0
51.53963867919682,0.4513751384649083,74.21581887054737,-114.18360092777621,0,0,5.3,-117.78418112945265,20260302-205726,0.0,0.0
47.73569625866435,0.41855890268393303,74.76309655618695,-114.04773844868154,0,0,5.4,-117.23690344381305,20260302-205726,0.0,0.0
43.93686297752322,0.3858337880271195,75.40507810769577,-113.87510462001059,0,0,5.4,-116.59492189230426,20260302-205726,0.0,0.0
40.14458927677213,0.35322620724502485,76.16846122737275,-113.65121968123039,0,0,5.4,-115.83153877262724,20260302-205726,0.0,0.0
36.360927614469546,0.3207738730539495,77.09091063590762,-113.35376933380782,0,0,5.3,-114.90908936409238,20260302-205726,0.0,0.0
32.58887777536295,0.7080719466515842,78.22725478473569,-46.02481136199952,0,0,5.4,-113.77274521526432,20260302-205726,0.0,0.0
31.054917612682274,0.6749234764417994,78.02151318126295,-46.01250170819955,0,0,5.4,-113.97848681873704,20260302-205726,0.0,0.0
29.52139949309103,0.6417943327485438,77.79439349066467,-45.99822402086802,0,0,5.4,-114.20560650933531,20260302-205726,0.0,0.0
27.988396076912306,0.6086877134701768,77.5423894983773,-45.981536110443635,0,0,5.4,-114.45761050162271,20260302-205726,0.0,0.0
26.455996838388423,0.575607563218871,77.26118609273055,-45.961864521798695,0,0,5.4,-114.73881390726946,20260302-205726,0.0,0.0
24.924313216110274,0.5425588047805904,76.94541247547807,-45.938454959162655,0,0,5.3,-115.05458752452195,20260302-205726,0.0,0.0
23.393485774975343,0.509547662360429,76.58829948692659,-45.91029947347288,0,0,5.3,-115.4117005130734,20260302-205726,0.0,0.0
21.863694357094165,0.47658212208209394,76.18119476349159,-45.87602711905341,0,0,5.2,-115.8188052365084,20260302-205726,0.0,0.0
20.335172780287408,0.4436726029129926,75.71286215691447,-45.833735612192584,0,0,5.2,-116.28713784308555,20260302-205726,0.0,0.0
18.80823064233066,0.41083295944250076,75.16844512908489,-45.78072476914554,0,0,5.1,-116.8315548709151,20260302-205726,0.0,0.0
17.283286568628174,0.37808202521640877,74.52789112844425,-45.71306070087692,0,0,5.1,-117.47210887155573,20260302-205726,0.0,0.0
15.760920536529374,0.3454460701418941,73.76348185475536,-45.624836693193465,0,0,5.1,-118.23651814524466,20260302-205726,0.0,0.0
14.24195929398469,0.3129628727441271,72.83582228602245,-45.50686530037275,0,0,5.3,-119.16417771397752,20260302-205726,0.0,0.0
12.727621919726152,0.28068879758731774,71.6870523389091,-45.344246115724644,0,0,5.3,-120.3129476610909,20260302-205726,0.0,0.0
11.219780824896873,0.2487118280182306,70.22878810724893,-45.11156913725254,0,0,5.3,-121.77121189275108,20260302-205726,0.0,0.0
9.721459284140764,0.21717735419037115,68.31943820201968,-44.762766911780425,0,0,5.3,-123.6805617979803,20260302-205726,0.0,0.0
8.23785325767235,0.18634411948241533,65.71853238697884,-44.207744685228604,0,0,5.3,-126.28146761302114,20260302-205726,0.0,0.0
6.778631779639047,0.15672143483914508,61.987131438884376,-43.252741953239926,0,0,5.2,-130.01286856111565,20260302-205726,0.0,0.0
5.363733600783611,0.12946938038450787,56.25075668566683,-41.42858786265906,0,0,5.2,-135.74924331433317,20260302-205726,0.0,0.0
4.039999295008726,0.10792606212203802,46.59626084557931,-37.43302790423756,0,0,5.2,-145.4037391544207,20260302-205726,0.0,0.0
2.933550288374152,0.1072404899441232,28.73962827951624,-27.35487584868975,0,0,5.2,-163.26037172048376,20260302-205726,0.0,0.0
2.3710772050741697,0.6068397507285249,-2.7582703579918757,-3.907254266431356,0,0,5.2,165.24172964200812,20260302-205726,0.0,0.0
2.7148598044241243,0.1194214282714578,-37.12957377491756,22.733439414683225,0,0,5.2,130.87042622508244,20260302-205726,0.0,0.0
3.721704882199346,0.10437847972480163,-58.20974818456773,35.65586404411888,0,0,5.2,109.79025181543227,20260302-205726,0.0,0.0
5.006383677860526,0.12305329616665353,-69.45703386372936,40.684677565079454,0,0,5.2,98.54296613627064,20260302-205726,0.0,0.0
6.403814071080088,0.14930458508877067,-75.96570888971301,42.89094047093484,0,0,5.2,92.03429111028699,20260302-205726,0.0,0.0
7.854040909699386,0.178464619750735,-80.1092124525584,44.008952142274914,0,0,5.2,87.8907875474416,20260302-205726,0.0,0.0
9.33248355973655,0.20904668713809957,-82.95111166496925,44.64305886642137,0,0,5.2,85.04888833503075,20260302-205726,0.0,0.0
10.827590082817487,0.24042976555447376,-85.01214776955703,45.034316187295445,0,0,5.2,82.98785223044297,20260302-205726,0.0,0.0
12.333301724905436,0.27230849402589025,-86.57156896085601,45.29165264941322,0,0,5.2,81.42843103914399,20260302-205726,0.0,0.0
13.84615913171723,0.30451522466196146,-87.79096585516395,45.4695135426732,0,0,5.2,80.20903414483605,20260302-205726,0.0,0.0
15.364051574743252,0.33695025553671765,-88.76979529798484,45.59738810783903,0,0,5.2,79.23020470201516,20260302-205726,0.0,0.0
16.885621271044723,0.3695505753094396,-89.57241973325192,45.69231493390509,0,0,5.2,78.42758026674808,20260302-205726,0.0,0.0
18.409956476162527,0.4022744073769591,-90.24224428236363,45.76467241902147,0,0,5.2,77.75775571763637,20260302-205726,0.0,0.0
19.936422849310063,0.4350929598386556,-90.8095642534741,45.82106512756041,0,0,5.2,77.1904357465259,20260302-205726,0.0,0.0
21.464565717154386,0.4679857444631902,-91.2961471638781,45.86585375966019,0,0,5.2,76.7038528361219,20260302-205726,0.0,0.0
22.994050831744275,0.5009377845036294,-91.71802557816765,45.90200927751674,0,0,5.2,76.28197442183235,20260302-205726,0.0,0.0
24.524627065602708,0.5339378781933943,-92.08726331532284,45.931611273923885,0,0,5.2,75.91273668467716,20260302-205726,0.0,0.0
26.056102137276778,0.5669774798677868,-92.41310861065594,45.95615004559403,0,0,5.2,75.58689138934406,20260302-205726,0.0,0.0
27.58832635910992,0.6000499567690568,-92.70276827354775,45.97671585155689,0,0,5.2,75.29723172645225,20260302-205726,0.0,0.0
29.121181480712146,0.6331500821679384,-92.96194029082271,45.99412098471144,0,0,5.2,75.03805970917729,20260302-205726,0.0,0.0
30.65457285945505,0.6662736815475832,-93.19518828271345,46.00898055623678,0,0,5.2,74.80481171728655,20260302-205726,0.0,0.0
32.188423856814694,0.6994173805100118,-93.40620991355979,46.02176719335034,0,0,5.2,74.59379008644021,20260302-205726,0.0,0.0
33.72267175660212,0.7325784218456691,-93.59803265715365,46.03284884045685,0,0,5.2,74.40196734284635,20260302-205726,0.0,0.0
35.25726474428151,0.7657545305963059,-93.77315883045047,46.0425153695481,0,0,5.2,74.22684116954953,20260302-205726,0.0,0.0
36.43867350266536,1.7028490316552336,115.41091835084626,21.398651803704286,0,0,5.2,-76.58908164915375,20260302-205726,0.0,0.0
37.27434638312434,1.300597266349953,120.05515880942369,28.659406987477777,0,0,5.2,-71.94484119057633,20260302-205726,0.0,0.0
38.3433394701784,1.0836013240215694,124.46823207218569,35.38509839382142,0,0,5.2,-67.53176792781433,20260302-205726,0.0,0.0
39.62677474817331,0.9544013183490552,128.6188510996244,41.520033539686004,0,0,5.2,-63.38114890037561,20260302-205726,0.0,0.0
41.104570110153325,0.8737004473668906,132.4902086694085,47.046525195256535,0,0,5.2,-59.5097913305915,20260302-205726,0.0,0.0
42.75657730360878,0.8226091393926522,136.07779530130182,51.97678369483806,0,0,5.2,-55.92220469869818,20260302-205726,0.0,0.0
44.56342595985362,0.7909201630986785,139.38660306011298,56.34377278392092,0,0,5.2,-52.61339693988702,20260302-205726,0.0,0.0
44.67330850447926,0.6443600842098789,-9.920438346493569,-69.32972665316186,0,0,5.2,158.07956165350643,20260302-205726,0.0,0.0
42.383338201143154,0.6229690594227295,-11.725036055662827,-68.03441930232846,0,0,5.2,156.27496394433717,20260302-205726,0.0,0.0
40.14018417648138,0.6034894606190321,-13.73351045490071,-66.51348001223981,0,0,5.2,154.2664895450993,20260302-205726,0.0,0.0
37.95214853844872,0.5864201069196101,-15.976602466313551,-64.71836161588405,0,0,5.2,152.02339753368645,20260302-205726,0.0,0.0
35.82933066581578,0.5724499215209002,-18.48973896293066,-62.58945860386086,0,0,5.2,149.51026103706934,20260302-205726,0.0,0.0
33.78402666275178,0.5625580317170076,-21.313172374680732,-60.05429619347554,0,0,5.2,146.68682762531927,20260302-205726,0.0,0.0
31.831181936144656,0.5581845634742478,-24.491586372719837,-57.026266971664846,0,0,5.2,143.50841362728016,20260302-205726,0.0,0.0
29.988864494469016,0.5615381499389652,-28.072731254104895,-53.40485681645774,0,0,5.2,139.9272687458951,20260302-205726,0.0,0.0
28.278684697074763,0.5761874815957105,-32.104458150262616,-49.078964053087276,0,0,5.2,135.89554184973738,20260302-205726,0.0,0.0
26.726020785720788,0.6082986880914099,-36.62936774689592,-43.93568703818186,0,0,5.2,131.37063225310408,20260302-205726,0.0,0.0
25.359821178278295,0.6695241383189808,-41.676366112908795,-37.87738145177394,0,0,5.2,126.32363388709122,20260302-205726,0.0,0.0
24.211671517327932,0.7848495523839372,-47.24906861366537,-30.84880591928264,0,0,5.2,120.75093138633464,20260302-205726,0.0,0.0
23.313809415129658,1.019306585774361,-53.312588662388265,-22.872224844322275,0,0,5.2,114.68741133761174,20260302-205726,0.0,0.0
22.695958793147543,1.6118425066547653,-59.78272626306395,-14.080754601918876,0,0,5.2,108.21727373693605,20260302-205726,0.0,0.0
22.38132136288601,4.729541645461975,-66.52365887592484,-4.732238986490589,0,0,5.2,101.47634112407516,20260302-205726,0.0,0.0
22.382687744562034,4.649566035618354,-73.3593855188805,4.813930498695524,0,0,5.2,94.6406144811195,20260302-205726,0.0,0.0
22.700000874573128,1.6032113728717132,-80.0986988944186,14.159081739741096,0,0,5.2,87.9013011055814,20260302-205726,0.0,0.0
23.320367343889277,1.016382605955633,-86.565852556845,22.944477018044577,0,0,5.2,81.434147443155,20260302-205726,0.0,0.0
24.22051177649881,0.7834979411998163,-92.62544029862383,30.913306216744516,0,0,5.2,75.37455970137617,20260302-205726,0.0,0.0
25.37067229480451,0.6688195910968175,-98.19371225987415,37.93350648296408,0,0,5.2,69.80628774012585,20260302-205726,0.0,0.0
26.738605030525957,0.6079216832838977,-103.23616596306896,43.983634349227685,0,0,5.2,64.76383403693104,20260302-205726,0.0,0.0
28.292740227483065,0.5759988620403232,-107.75668998151596,49.11943771427522,0,0,5.2,60.24331001848404,20260302-205726,0.0,0.0
30.004157453500877,0.5614677246529071,-111.78435333113612,53.43879289241266,0,0,5.2,56.21564666886389,20260302-205726,0.0,0.0
31.84751079319025,0.5581931291042428,-115.3618329663891,57.05464494752445,0,0,5.2,52.6381670336109,20260302-205726,0.0,0.0
33.80122168300326,0.5626219839762455,-118.53699793746371,60.07803222355133,0,0,5.2,49.46300206253629,20260302-205726,0.0,0.0
35.84725087252792,0.5725542031690102,-121.3575820076437,62.609357636566514,0,0,5.2,46.6424179923563,20260302-205726,0.0,0.0
37.97067773013331,0.5865546622903705,-123.86823482053352,64.73510513387778,0,0,5.2,44.131765179466484,20260302-205726,0.0,0.0
40.159226882082685,0.6036473190490474,-126.10916802056634,66.52763230249627,0,0,5.2,41.890831979433656,20260302-205726,0.0,0.0
42.40281599800663,0.6231452369122289,-128.1157671158821,68.04644164194926,0,0,5.2,39.884232884117885,20260302-205726,0.0,0.0
43.10186337458501,1.905149149929313,-78.81247522404949,-22.623878753106666,0,0,5.2,89.18752477595051,20260302-205726,0.0,0.0
42.45443765792393,2.6250440524242995,-82.87556644640257,-16.17284769705716,0,0,5.2,85.12443355359743,20260302-205726,0.0,0.0
42.026452849611566,4.436775977461477,-87.04280910261556,-9.472295437746489,0,0,5.2,80.95719089738444,20260302-205726,0.0,0.0
41.82464600174897,15.965903275040507,-91.27291512196653,-2.6196229102260333,0,0,5.2,76.72708487803347,20260302-205726,0.0,0.0
41.852289053330466,9.787884354169902,-95.52065652662662,4.275928028869719,0,0,5.2,72.47934347337338,20260302-205726,0.0,0.0
42.108930129087256,3.793025784650769,-99.73966862764252,11.101672522103433,0,0,5.2,68.26033137235748,20260302-205726,0.0,0.0
42.59042974671771,2.3993922709388213,-103.88543142898133,17.75050718574381,0,0,5.2,64.11456857101867,20260302-205726,0.0,0.0
43.28928536237066,1.7940826595369328,-107.91796337305995,24.128924680395706,0,0,5.2,60.08203662694005,20260302-205726,0.0,0.0
44.19518706986473,1.4652265855641309,-111.80384215937087,30.16269804635644,0,0,5.2,56.196157840629134,20260302-205726,0.0,0.0
45.29571397910442,1.2652576867966727,-115.51734417872441,35.799595965136746,0,0,5.2,52.482655821275586,20260302-205726,0.0,0.0
46.5770722716043,1.1357701291899,-119.040696761975,41.00924216489642,0,0,5.2,48.959303238025,20260302-205726,0.0,0.0
48.024789741263646,1.04901628246456,-122.36359833308435,45.780785812431965,0,0,5.0,45.636401666915646,20260302-205726,0.0,0.0
49.624308657872824,0.990124065701202,-125.48224503103452,50.1192834079122,0,0,5.0,42.517754968965484,20260302-205726,0.0,0.0
51.361448593590104,0.9504050513803499,-128.398109942006,54.04164100242705,0,0,5.0,39.60189005799401,20260302-205726,0.0,0.0
53.222735792827145,0.9244432107597179,-131.1166776855768,57.572747761420736,0,0,5.0,36.883322314423204,20260302-205726,0.0,0.0
55.195612331915356,0.9086868558215487,-133.6462727056378,60.74217094514116,0,0,5.0,34.353727294362194,20260302-205726,0.0,0.0
57.268546759089375,0.9007100089131909,-135.99705702975075,63.58155920593177,0,0,5.0,32.00294297024924,20260302-205726,0.0,0.0
59.4310700465829,0.8987991541148643,-138.1802244103073,66.12274808503854,0,0,5.0,29.819775589692703,20260302-205726,0.0,0.0
61.67375890641496,0.9017095815291738,-140.2073856506013,68.39647728021794,0,0,5.0,27.79261434939868,20260302-205726,0.0,0.0
63.98818484839424,0.908515323784432,-142.0901224061386,70.43159666460072,0,0,5.0,25.909877593861403,20260302-205726,0.0,0.0
66.36684318632958,0.9185132662537338,-143.83967979450057,72.25463760258432,0,0,5.0,24.16032020549944,20260302-205726,0.0,0.0
68.80307231967457,0.9311599093939639,-145.46676776119023,73.88964196756963,0,0,5.0,22.53323223880978,20260302-205726,0.0,0.0
71.29097038556,0.9460285081399111,-146.98144423526207,75.35816285888983,0,0,5.0,21.018555764737926,20260302-205726,0.0,0.0
73.82531387121992,0.9627793183468334,-148.39305759337074,76.67937237993821,0,0,5.0,19.606942406629265,20260302-205726,0.0,0.0
76.40148093875142,0.9811385008050546,-149.71023061343834,77.87023022342068,0,0,5.0,18.28976938656166,20260302-205726,0.0,0.0
79.01538092590312,1.0008828797605054,-150.94087231951298,78.94568138163197,0,0,4.9,17.059127680487023,20260302-205726,0.0,0.0
78.23435167700787,0.8524956545081344,114.48561037614309,-91.77096828974085,0,0,4.9,-77.5143896238569,20260302-205726,0.0,0.0
75.20375016195605,0.8353118159222644,112.9100835267098,-90.0307510662038,0,0,4.9,-79.08991647329019,20260302-205726,0.0,0.0
72.23475918359253,0.8202044849719772,111.20366114058407,-88.06920774891944,0,0,4.9,-80.79633885941591,20260302-205726,0.0,0.0
69.33529382638285,0.8076016758733815,109.35276090633494,-85.85333079132128,0,0,4.9,-82.64723909366506,20260302-205726,0.0,0.0
66.5144468928339,0.7980577121727696,107.34261855724174,-83.34540958415593,0,0,4.9,-84.65738144275826,20260302-205726,0.0,0.0
63.78265015439494,0.7923035312451151,105.15740035196097,-80.50279676800089,0,0,4.9,-86.84259964803906,20260302-205726,0.0,0.0
61.15183902194431,0.7913231108749998,102.7804475363314,-77.27796418624258,0,0,4.9,-89.21955246366863,20260302-205726,0.0,0.0
58.63560787271829,0.7964733427559912,100.19470941879018,-73.61904626942672,0,0,4.9,-91.80529058120982,20260302-205726,0.0,0.0
56.24933550923169,0.8096791838962734,97.38343328278143,-69.47113946854004,0,0,4.9,-94.61656671721855,20260302-205726,0.0,0.0
54.01025013501217,0.8337656847128403,94.33118464410848,-64.77869157401699,0,0,4.9,-97.66881535589151,20260302-205726,0.0,0.0
51.93739148101866,0.8730537241516021,91.02526158651318,-59.48934188613569,0,0,4.9,-100.97473841348683,20260302-205726,0.0,0.0
50.05141644197629,0.9345010836531529,87.4575294013942,-53.5595060482062,0,0,4.9,-104.5424705986058,20260302-205726,0.0,0.0
48.37418817544351,1.0300761203799105,83.62662217679241,-46.96176061008214,0,0,4.9,-108.37337782320758,20260302-205726,0.0,0.0
46.92809409306797,1.1822584823653013,79.54032745484153,-39.693598982838886,0,0,4.9,-112.45967254515845,20260302-205726,0.0,0.0
45.73506410372682,1.4388250980667951,75.21779861936506,-31.78639583447386,0,0,4.9,-116.78220138063496,20260302-205726,0.0,0.0
44.81531325033554,1.9223657603057789,70.69107231050958,-23.312583991928282,0,0,4.9,-121.3089276894904,20260302-205726,0.0,0.0
44.18591013738359,3.0709199515455103,66.00529066673687,-14.388492971021932,0,0,4.9,-125.99470933326315,20260302-205726,0.0,0.0
43.85935644080648,8.482548383410961,61.21714205355988,-5.170540085168364,0,0,4.9,-130.78285794644015,20260302-205726,0.0,0.0
43.84241986847928,10.548813890498675,56.3913913346596,4.15614687334357,0,0,4.9,-135.60860866534043,20260302-205726,0.0,0.0
44.135456859942884,3.2948467563320567,51.59590022468478,13.395298817804832,0,0,4.9,-140.4040997753152,20260302-205726,0.0,0.0
44.73237601935836,2.00058588743331,46.89603276095227,22.35963789425138,0,0,4.9,-145.1039672390477,20260302-205726,0.0,0.0
45.62125070872338,1.476944782582187,42.34955821428821,30.8889345402354,0,0,4.9,-149.65044178571176,20260302-205726,0.0,0.0
46.7854433334628,1.20388134526037,38.00298731049679,38.862171523510284,0,0,4.9,-153.99701268950318,20260302-205726,0.0,0.0
48.20501052150765,1.0433495233513876,33.889802486468966,46.20216853760212,0,0,4.9,-158.11019751353106,20260302-205726,0.0,0.0
49.858143874779444,0.9429726785294755,30.03050529501911,52.873370575837924,0,0,4.9,-161.96949470498092,20260302-205726,0.0,0.0
51.72245278104364,0.8785127656829149,26.434021755919503,58.8750155962014,0,0,4.9,-165.56597824408047,20260302-205726,0.0,0.0
53.77597858268978,0.8372114522326952,23.099866921247667,64.23225391778712,0,0,4.9,-168.90013307875233,20260302-205726,0.0,0.0
55.99790856053528,0.8117133174693342,20.020531290589247,68.98729804645694,0,0,4.9,-171.97946870941072,20260302-205726,0.0,0.0
58.36901398491985,0.7974796193506478,17.183714090303567,73.19185665515458,0,0,4.9,-174.81628590969643,20260302-205726,0.0,0.0
60.87186512485885,0.7915578227369973,14.574202384013233,76.90134994103155,0,0,4.9,-177.4257976159868,20260302-205726,0.0,0.0
63.49088339104902,0.7919443393678621,12.175330950593093,80.17089110293796,0,0,4.9,-179.82466904940688,20260302-205726,0.0,0.0
66.21228529179535,0.7972316420524955,9.970042770037168,83.05275631224313,0,0,4.9,177.97004277003717,20260302-205726,0.0,0.0
69.02396187656831,0.8064019512485923,7.941611368497604,85.5949837047084,0,0,4.9,175.9416113684976,20260302-205726,0.0,0.0
71.91532550509208,0.8187010665799498,6.0740983926745,87.84076195907733,0,0,4.9,174.0740983926745,20260302-205726,0.0,0.0
74.87714545612887,0.8335582297802585,4.352615641519947,89.8283320600984,0,0,4.9,172.35261564151995,20260302-205726,0.0,0.0
77.90138587087364,0.8505335489961637,2.763449574928785,91.59119703486853,0,0,4.9,170.76344957492879,20260302-205726,0.0,0.0
80.98105376775955,0.8692825250274973,1.2940934803729363,93.15849730810814,0,0,4.9,169.29409348037294,20260302-205726,0.0,0.0
84.11006097881699,0.8895315231488912,-0.06677929090045609,94.55545845196373,0,0,4.9,167.93322070909954,20260302-205726,0.0,0.0
87.28310137806402,0.9110604430386614,-1.3293772824659982,95.8038536795084,0,0,4.9,166.670622717534,20260302-205726,0.0,0.0
90.49554328405365,0.9336902372919332,-2.502871797872558,96.92244779866834,0,0,4.9,165.49712820212744,20260302-205726,0.0,0.0
93.74333609472299,0.9572737664084852,-3.5954858641114242,97.92740528807211,0,0,4.9,164.40451413588858,20260302-205726,0.0,0.0
97.0229298148118,0.9816889941025402,-4.614584384286417,98.83265514605279,0,0,4.8,163.38541561571358,20260302-205726,0.0,0.0
100.33120599953507,1.006833852780987,-5.566761269677755,99.65021112709822,0,0,4.8,162.43323873032224,20260302-205726,0.0,0.0
103.66541865338665,1.0326223197308475,-6.45792116446637,100.39044931781737,0,0,4.8,161.54207883553363,20260302-205726,0.0,0.0
107.02314371962845,1.0589813835472277,-7.293354577329353,101.06234668747179,0,0,4.8,160.70664542267065,20260302-205726,0.0,0.0
110.40223593058298,1.0858486737452708,-8.07780600304028,101.67368492497899,0,0,4.8,159.92219399695972,20260302-205726,0.0,0.0
113.80079193530028,1.113170590356881,-8.815535091809096,102.23122396614512,0,0,4.8,159.1844649081909,20260302-205726,0.0,0.0
117.21711876479667,1.1409008146522572,-9.510371201775001,102.74084938796723,0,0,4.8,158.489628798225,20260302-205726,0.0,0.0
120.649706828193,1.1689991133584636,-10.16576181848589,103.20769746486266,0,0,4.8,157.8342381815141,20260302-205726,0.0,0.0
117.13395379612523,1.092193751466989,33.15965104444928,-107.24649691393655,0,0,4.8,-158.84034895555072,20260302-205726,0.0,0.0
113.56750046588893,1.0640360039008165,33.85776207518279,-106.73276096818529,0,0,4.8,-158.14223792481718,20260302-205726,0.0,0.0
110.01899872801721,1.0362689182071343,34.60102256963006,-106.16838621229985,0,0,4.8,-157.39897743036994,20260302-205726,0.0,0.0
106.490243163635,1.008938460918921,35.39368262186804,-105.54681706419024,0,0,4.8,-156.60631737813196,20260302-205726,0.0,0.0
102.98326362022938,0.9820981043820957,36.240500399228836,-104.86046471398406,0,0,4.8,-155.7594996007712,20260302-205726,0.0,0.0
99.50036267062598,0.9558104239750139,37.14681175458486,-104.10052053714267,0,0,4.8,-154.85318824541517,20260302-205726,0.0,0.0
96.04415987548346,0.9301491213194619,38.11860935438074,-103.25673343564539,0,0,4.8,-153.88139064561923,20260302-205726,0.0,0.0
92.61764415961812,0.9052016122006564,39.16263211322644,-102.31714450270724,0,0,4.8,-152.83736788677354,20260302-205726,0.0,0.0
89.22423584462213,0.8810723720566573,40.286465437611355,-101.2677717227122,0,0,4.8,-151.71353456238865,20260302-205726,0.0,0.0
85.86786013011358,0.8578873110340361,41.49865222665801,-100.09223708719341,0,0,4.8,-150.50134777334196,20260302-205726,0.0,0.0
82.5530340658757,0.8357995682491669,42.80881360610039,-98.77132891897494,0,0,4.8,-149.1911863938996,20260302-205726,0.0,0.0
79.28496927241261,0.8149972930510143,44.22777676087759,-97.28249400142462,0,0,4.8,-147.7722232391224,20260302-205726,0.0,0.0
76.06969278537989,0.7957142564346975,45.7677046623341,-95.59925836470514,0,0,4.8,-146.2322953376659,20260302-205726,0.0,0.0
72.9141883126023,0.7782445710272805,47.44221851185796,-93.69058394632397,0,0,4.8,-144.55778148814204,20260302-205726,0.0,0.0
69.82655972477862,0.762963503573596,49.26649774829849,-91.5201833347499,0,0,4.8,-142.7335022517015,20260302-205726,0.0,0.0
66.81621747449798,0.750357539815889,51.25733375153209,-89.04584005498538,0,0,4.8,-140.7426662484679,20260302-205726,0.0,0.0
63.89408643285881,0.7410688845598192,53.433101112714326,-86.21882224998649,0,0,5.0,-138.56689888728565,20260302-205726,0.0,0.0
61.07282974833199,0.7359631862385069,55.81359389909176,-82.9835389735647,0,0,5.0,-136.18640610090827,20260302-205726,0.0,0.0
58.36707697612368,0.7362359741389556,58.41965380170973,-79.27767594402769,0,0,5.0,-133.58034619829027,20260302-205726,0.0,0.0
55.79363498548592,0.7435863439295421,61.27249428079432,-75.03316251161895,0,0,4.9,-130.72750571920568,20260302-205726,0.0,0.0
53.37164625472423,0.7605132952685626,64.39260523901561,-70.17845261452915,0,0,4.9,-127.6073947609844,20260302-205726,0.0,0.0
51.122641088602705,0.7908492502463532,67.79811780276225,-64.64271297301953,0,0,4.9,-124.20188219723774,20260302-205726,0.0,0.0
49.07040990961508,0.8407863158625122,71.50253823232822,-58.36252206278678,0,0,4.9,-120.49746176767178,20260302-205726,0.0,0.0
47.24060450936354,0.9210228188713088,75.5118513800345,-51.29145938778777,0,0,4.9,-116.48814861996551,20260302-205726,0.0,0.0
45.65997359845314,1.0517741161122174,79.82117444979895,-43.412338161763174,0,0,4.9,-112.17882555020108,20260302-205726,0.0,0.0
44.35516376366642,1.2763819688140319,84.41141514813148,-34.75069755559117,0,0,4.9,-107.5885848518685,20260302-205726,0.0,0.0
43.3510877012421,1.7076322326622517,89.24670001661343,-25.386665156616544,0,0,4.9,-102.75329998338658,20260302-205726,0.0,0.0
42.668981076993056,2.759776862257043,94.27354688915506,-15.461025730209528,0,0,5.1,-97.72645311084493,20260302-205726,0.0,0.0
42.32441347857863,8.184458340777255,99.42265668596917,-5.171315158109681,0,0,5.0,-92.57734331403086,20260302-205726,0.0,0.0
42.325629296579564,8.071072465191476,104.61365102430187,5.244114642647487,0,0,5.0,-87.38634897569813,20260302-205726,0.0,0.0
42.672598975058335,2.7473865063463814,109.76217479005857,15.532069796690745,0,0,5.0,-82.2378252099414,20260302-205726,0.0,0.0
43.35702250050982,1.7033211378302622,114.78790457931865,25.45440289418307,0,0,5.0,-77.21209542068136,20260302-205726,0.0,0.0
44.36328420915397,1.274296782946526,119.62163895304616,34.81393408729622,0,0,5.0,-72.37836104695387,20260302-205726,0.0,0.0
45.670115616489454,1.0506049409216,124.21001627442729,43.470303477182604,0,0,5.0,-67.78998372557271,20260302-205726,0.0,0.0
47.252585367509226,0.9203173264950434,128.51728611425858,51.343796326715925,0,0,4.9,-63.4827138857414,20260302-205726,0.0,0.0
49.08404095317408,0.8403475096125314,132.52446608637922,58.40921808146468,0,0,4.9,-59.47553391362076,20260302-205726,0.0,0.0
51.13773770476049,0.7905777648161016,136.22676151257838,64.68400703965634,0,0,4.9,-55.773238487421594,20260302-205726,0.0,0.0
53.38803468678899,0.7603536327354976,139.63022122719826,70.21474270428186,0,0,4.8,-52.36977877280172,20260302-205726,0.0,0.0
55.81115629301704,0.7435050890655228,142.7483932708638,75.06492842323851,0,0,4.8,-49.2516067291362,20260302-205726,0.0,0.0
58.38558875868477,0.7362118112755125,145.59943240417027,79.30542252171928,0,0,4.7,-46.400567595829735,20260302-205726,0.0,0.0
61.092206307530155,0.735981880147181,148.20383858824755,83.00775869008214,0,0,4.7,-43.79616141175248,20260302-205726,0.0,0.0
63.914217958403334,0.7411205672729472,150.5828259271051,86.23997333333266,0,0,4.7,-41.41717407289493,20260302-205726,0.0,0.0
66.83700869904065,0.7504351557711816,152.75723070615845,89.06433578575603,0,0,4.6,-39.24276929384156,20260302-205726,0.0,0.0
69.84792835385939,0.7630618746614566,154.7468380504631,91.53638869043016,0,0,4.5,-37.2531619495369,20260302-205726,0.0,0.0
72.93606342341903,0.778359811252271,156.57001183693825,93.70481667864532,0,0,4.5,-35.42998816306174,20260302-205726,0.0,0.0
76.0920133060824,0.7958433926563948,158.24353213297576,95.61179248105552,0,0,4.5,-33.756467867024256,20260302-205726,0.0,0.0
78.60747327215688,2.1917706654378204,-148.36080046405806,-35.86482587422281,0,0,4.5,19.639199535941927,20260302-205726,0.0,0.0
77.41328523090789,2.1632371626361224,-148.0279663930982,-35.78585213309298,0,0,4.4,19.972033606901796,20260302-205726,0.0,0.0
76.22179130960406,2.1348763074450168,-147.68471475543714,-35.70314169668452,0,0,4.4,20.31528524456286,20260302-205726,0.0,0.0
75.03311985278003,2.106697585540193,-147.3305745140523,-35.61646454041968,0,0,4.4,20.669425485947702,20260302-205726,0.0,0.0
73.84740715443135,2.0787111904488618,-146.96504760060327,-35.52557348694759,0,0,4.3,21.034952399396722,20260302-205726,0.0,0.0
72.66479805391984,2.0509280908326675,-146.58760710994164,-35.43020273539589,0,0,4.3,21.412392890058342,20260302-205726,0.0,0.0
71.48544658317127,2.023360105593777,-146.19769536615252,-35.33006625243957,0,0,4.3,21.80230463384748,20260302-205726,0.0,0.0
70.30951666999142,1.996019987886384,-145.79472185189013,-35.2248560118094,0,0,4.3,22.20527814810987,20260302-205726,0.0,0.0
69.13718290279158,1.9689215192903415,-145.3780609926229,-35.11424006768472,0,0,4.3,22.621939007377105,20260302-205726,0.0,0.0
67.96863136252045,1.9420796156105558,-144.94704978737485,-34.99786044618583,0,0,4.3,23.052950212625138,20260302-205726,0.0,0.0
66.80406052814627,1.915510446011685,-144.50098527768438,-34.87533083791846,0,0,4.3,23.49901472231562,20260302-205726,0.0,0.0
65.64368226262255,1.8892315674912183,-144.0391218468469,-34.74623407324982,0,0,4.3,23.960878153153075,20260302-205726,0.0,0.0
64.48772288690267,1.863262077045353,-143.56066834213362,-34.61011936075217,0,0,4.3,24.439331657866372,20260302-205726,0.0,0.0
63.33642435023975,1.8376227843044122,-143.0647850136613,-34.4664992680825,0,0,4.3,24.935214986338707,20260302-205726,0.0,0.0
62.19004550571757,1.8123364079239987,-142.55058026503448,-34.3148464235485,0,0,4.3,25.44941973496552,20260302-205726,0.0,0.0
61.048863500696626,1.787427799635168,-142.01710721291,-34.15458991583174,0,0,4.3,25.982892787090016,20260302-205726,0.0,0.0
59.91317529261859,1.7629242006074866,-141.46336005540357,-33.98511136892505,0,0,4.3,26.536639944596423,20260302-205726,0.0,0.0
58.78329930137712,1.7388555356958026,-140.8882702529556,-33.805740669454174,0,0,4.2,27.111729747044397,20260302-205726,0.0,0.0
57.65957721021211,1.7152547522669053,-140.29070253012736,-33.615751324407285,0,0,4.2,27.709297469872645,20260302-205726,0.0,0.0
56.54237592778913,1.6921582116899483,-139.6694507130936,-33.414355429165575,0,0,4.2,28.3305492869064,20260302-205726,0.0,0.0
55.20647310962995,1.2091811096001261,-84.21093771607454,-45.65608300636339,0,0,4.4,83.78906228392546,20260302-205726,0.0,0.0
53.74866744556293,1.2870809575858104,-81.41322465687622,-41.76012948430206,0,0,4.4,86.58677534312378,20260302-205726,0.0,0.0
52.42595888412121,1.3961664654598742,-78.46700174880165,-37.54993418127469,0,0,4.4,89.53299825119835,20260302-205726,0.0,0.0
51.24880887827392,1.551690798366947,-75.37692919503723,-33.02771978296832,0,0,4.4,92.62307080496277,20260302-205726,0.0,0.0
50.22745257068645,1.7807920620949178,-72.15146099332009,-28.205119306068248,0,0,4.4,95.84853900667991,20260302-205726,0.0,0.0
49.371559685872754,2.136869282082312,-68.8032139537158,-23.10462324478815,0,0,4.3,99.1967860462842,20260302-205726,0.0,0.0
48.68985678421393,2.7414844146562585,-65.34910501956955,-17.76039890065139,0,0,4.3,102.65089498043045,20260302-205726,0.0,0.0
47.89374529655721,1.5314703889364396,-133.67520790238035,-31.2730468982936,0,0,4.3,34.32479209761966,20260302-205726,0.0,0.0
46.85712376763534,1.5154119654978677,-132.77266427682326,-30.920386557883013,0,0,4.3,35.22733572317675,20260302-205726,0.0,0.0
45.83265343849716,1.5005614666743001,-131.8295297276674,-30.543669457324025,0,0,4.3,36.170470272332615,20260302-205726,0.0,0.0
44.82116753103562,1.487050176113642,-130.84355010729934,-30.14099204653222,0,0,4.3,37.156449892700664,20260302-205726,0.0,0.0
43.82356512962889,1.4750291174146475,-129.81236354536435,-29.71030511346142,0,0,4.3,38.187636454635644,20260302-205726,0.0,0.0
42.840816130068944,1.464672909190151,-128.73350404009614,-29.249408425090998,0,0,4.3,39.26649595990386,20260302-205726,0.0,0.0
41.87396633833262,1.4561845602891461,-127.60440784536632,-28.75594720631975,0,0,4.3,40.39559215463368,20260302-205726,0.0,0.0
40.92414264601201,1.4498014840073183,-126.42242333639643,-28.227411199011733,0,0,4.3,41.57757666360356,20260302-205726,0.0,0.0
39.99255818164613,1.4458031088049135,-125.18482514485993,-27.661137217157865,0,0,4.3,42.81517485514008,20260302-205726,0.0,0.0
39.080517303478096,1.444520602855611,-123.88883346262223,-27.054316308276594,0,0,4.3,44.11116653737777,20260302-205726,0.0,0.0
38.18942025871089,1.4463494306268219,-122.53163951445342,-26.4040068395922,0,0,4.3,45.46836048554659,20260302-205726,0.0,0.0
37.32076728685133,1.4517657527955596,-121.1104382815975,-25.707155038604157,0,0,4.3,46.889561718402504,20260302-205726,0.0,0.0
36.476161890419256,1.4613481157120618,-119.62246960312407,-24.96062471237098,0,0,4.3,48.377530396875926,20260302-205726,0.0,0.0
35.6573129361527,1.4758065338943505,-118.0650687678322,-24.161238019498647,0,0,4.3,49.9349312321678,20260302-205726,0.0,0.0
34.86603518599812,1.496022082603209,-116.43572760728756,-23.3058292330339,0,0,4.3,51.564272392712446,20260302-205726,0.0,0.0
34.10424779334215,1.5231017157646078,-114.73216687569898,-22.39131335770413,0,0,4.3,53.26783312430102,20260302-205726,0.0,0.0
33.373970241821596,1.5584556077494174,-112.95242031600894,-21.414771184927947,0,0,4.3,55.04757968399106,20260302-205726,0.0,0.0
32.67731515972803,1.6039086099314828,-111.0949302246154,-20.37355180799483,0,0,4.3,56.905069775384604,20260302-205726,0.0,0.0
32.01647742316879,1.661864770724843,-109.1586535064572,-19.265392700517022,0,0,4.3,58.84134649354281,20260302-205726,0.0,0.0
31.39371897883794,1.7355569329091833,-107.14317614045166,-18.088556119109853,0,0,4.2,60.856823859548335,20260302-205726,0.0,0.0
30.81134888722189,1.8294375774266212,-105.04883266382782,-16.841978795779784,0,0,4.2,62.95116733617218,20260302-205726,0.0,0.0
30.2716982241145,1.949813877669918,-102.8768257877849,-15.525429668338406,0,0,4.2,65.1231742122151,20260302-205726,0.0,0.0
29.777089694721532,2.1059256794935446,-100.62933968922383,-14.13966788319075,0,0,4.1,67.37066031077617,20260302-205726,0.0,0.0
29.3298021165676,2.3118742237703747,-98.30963906436857,-12.686590738805158,0,0,4.1,69.69036093563143,20260302-205726,0.0,0.0
28.932030310720027,2.5903035549009727,-95.92214492510337,-11.16935899500246,0,0,4.1,72.07785507489663,20260302-205726,0.0,0.0
28.585841386912488,2.980024444615608,-93.47247765730681,-9.592485537681474,0,0,4.1,74.52752234269319,20260302-205726,0.0,0.0
28.29312888121253,3.55357688380799,-90.96745833286415,-7.961873291705398,0,0,4.1,77.03254166713585,20260302-205726,0.0,0.0
28.055566652163236,4.4640420327418395,-88.41506089980047,-6.284789983245599,0,0,4.1,79.58493910019953,20260302-205726,0.0,0.0
91.84186700034694,1.1816788269127605,4.578047605204205,77.72151358613395,0,0,4.0,172.5780476052042,20260302-205726,0.0,0.0
94.4457505410056,1.2031212487150085,5.534768668188008,78.50060884709518,0,0,4.0,173.534768668188,20260302-205726,0.0,0.0
97.07455068232214,1.2254170937203357,6.43991445179671,79.21755880490146,0,0,4.0,174.4399144517967,20260302-205726,0.0,0.0
99.72629702777513,1.2484776681333911,7.297128735305165,79.87831867019032,0,0,4.0,175.29712873530517,20260302-205726,0.0,0.0
102.39920693709381,1.272226156902517,8.109765663042793,80.4882106703455,0,0,4.0,176.1097656630428,20260302-205726,0.0,0.0
105.09166559530742,1.2965956994999046,8.880911507941477,81.05199302746503,0,0,4.0,176.88091150794148,20260302-205726,0.0,0.0
107.8022082687665,1.3215278280057121,9.613405686123173,81.57392223170086,0,0,4.0,177.61340568612317,20260302-205726,0.0,0.0
110.52950452899681,1.3469711903313655,10.30986073933073,82.05780889924281,0,0,4.0,178.30986073933073,20260302-205726,0.0,0.0
113.27234423726284,1.37288049964531,10.972681120875194,82.50706763372871,0,0,4.0,178.9726811208752,20260302-205726,0.0,0.0
116.029625097907,1.3992156645873517,11.604080705664728,82.92476137488481,0,0,4.0,179.60408070566473,20260302-205726,0.0,0.0
118.80034160511978,1.4259410649873105,12.20609900431117,83.31364074024826,0,0,4.0,-179.79390099568883,20260302-205726,0.0,0.0
121.58357522462435,1.4530249454603585,12.780616101854548,83.6761788601663,0,0,4.0,-179.21938389814542,20260302-205726,0.0,0.0
124.37848566808913,1.4804389050883142,13.329366368321473,84.01460218357977,0,0,4.0,-178.67063363167853,20260302-205726,0.0,0.0
127.18430313347888,1.5081574658813999,13.85395100494111,84.33091769973079,0,0,4.0,-178.14604899505886,20260302-205726,0.0,0.0
130.0003213987822,1.5361577061876797,14.355849499234068,84.6269369838382,0,0,4.0,-177.64415050076596,20260302-205726,0.0,0.0
132.82589166951269,1.5644189479252926,14.836430066478727,84.90429743622337,0,0,4.0,-177.16356993352127,20260302-205726,0.0,0.0
135.66041709206115,1.5929224886383928,15.296959155830791,85.16448104642036,0,0,4.0,-176.70304084416918,20260302-205726,0.0,0.0
138.5033478554194,1.621651371057162,15.73861009775527,85.40883097772638,0,0,4.0,-176.26138990224473,20260302-205726,0.0,0.0
141.35417681307845,1.6505901841771713,16.162470966280637,85.63856623414026,0,0,4.0,-175.83752903371936,20260302-205726,0.0,0.0
144.21243556511766,1.6797248909404798,16.569551725493284,85.85479464102777,0,0,4.0,-175.4304482745067,20260302-205726,0.0,0.0
147.07769094774304,1.7090426784585833,16.960790725083086,86.05852434322769,0,0,4.0,-175.0392092749169,20260302-205726,0.0,0.0
149.94954188390452,1.7385318274103498,17.337060604936937,86.25067399960321,0,0,4.0,-174.66293939506303,20260302-205726,0.0,0.0
152.8276165542154,1.7681815978107842,17.699173663952365,86.43208183109353,0,0,4.0,-174.3008263360476,20260302-205726,0.0,0.0
155.71156985230152,1.7979821288055293,18.04788674354603,86.6035136599199,0,0,4.0,-173.95211325645397,20260302-205726,0.0,0.0
158.6010810930067,1.8279243505222562,18.383905671855928,86.76567006052127,0,0,4.0,-173.61609432814407,20260302-205726,0.0,0.0
161.49585194564358,1.857999906319706,18.70788931042273,86.91919272780362,0,0,4.0,-173.29211068957724,20260302-205726,0.0,0.0
164.39560456777548,1.8882010840311185,19.020453241220707,87.06467015515501,0,0,4.0,-172.9795467587793,20260302-205726,0.0,0.0
167.30007991790083,1.9185207550110894,19.322173128295674,87.20264270319755,0,0,4.0,-172.67782687170433,20260302-205726,0.0,0.0
170.20903622793955,1.9489523199717973,19.613587784958668,87.33360713021578,0,0,4.0,-172.3864122150413,20260302-205726,0.0,0.0
173.12224761863652,1.9794896607423993,19.895201974463248,87.4580206464467,0,0,4.0,-172.10479802553678,20260302-205726,0.0,0.0
176.03950284293973,2.010127097209419,20.1674889693536,87.57630454677643,0,0,4.0,-171.83251103064643,20260302-205726,0.0,0.0
178.9606041441152,2.0408593488003794,20.430892892188012,87.68884746972326,0,0,4.0,-171.56910710781202,20260302-205726,0.0,0.0
181.88536621685773,2.071681499961086,20.68583085809712,87.79600832477107,0,0,4.0,-171.31416914190285,20260302-205726,0.0,0.0
184.8136152609721,2.1025889691516606,20.93269493761568,87.89811892504105,0,0,4.0,-171.06730506238435,20260302-205726,0.0,0.0
186.94674164298303,2.584815065834819,30.026281280085584,-72.32499690750787,0,0,4.0,-161.97371871991442,20260302-205726,0.0,0.0
184.54755428765893,2.5766987956142864,30.669963966642797,-71.62170238980637,0,0,4.0,-161.3300360333572,20260302-205726,0.0,0.0
182.17227069343076,2.569767049829794,31.33051738057918,-70.8905776908832,0,0,4.0,-160.6694826194208,20260302-205726,0.0,0.0
179.82183810388764,2.5641052970793727,32.008430931637804,-70.13044211121615,0,0,4.0,-159.9915690683622,20260302-205726,0.0,0.0
177.49724375870454,2.559807431175246,32.70420063548704,-69.34007675616947,0,0,4.0,-159.29579936451293,20260302-205726,0.0,0.0
175.1995161472462,2.556976835537415,33.418327901365615,-68.51822578612585,0,0,4.0,-158.58167209863439,20260302-205726,0.0,0.0
172.92972621252076,2.5557276131334126,34.15131811553579,-67.66359815649633,0,0,4.0,-157.8486818844642,20260302-205726,0.0,0.0
170.68898848801467,2.5561860128023732,34.90367900063154,-66.77486991679709,0,0,4.0,-157.09632099936846,20260302-205726,0.0,0.0
168.4784621475452,2.558492089546364,35.67591873031955,-65.85068714338587,0,0,4.0,-156.32408126968045,20260302-205726,0.0,0.0
166.29935194569475,2.5628016448228217,36.46854377828549,-64.8896695854867,0,0,4.0,-155.53145622171448,20260302-205726,0.0,0.0
164.15290902366084,2.569288503522509,37.28205648049419,-63.890415108543195,0,0,4.0,-154.7179435195058,20260302-205726,0.0,0.0
162.04043155249406,2.578147197822778,38.11695229003914,-62.8515050224191,0,0,3.9,-153.88304770996086,20260302-205726,0.0,0.0
159.96326518273733,2.5895961453422287,38.9737167048055,-61.77151038414036,0,0,3.9,-153.02628329519453,20260302-205726,0.0,0.0
157.9228032664789,2.6038814311718403,39.852821849725274,-60.64899936530825,0,0,3.8,-152.1471781502747,20260302-205726,0.0,0.0
155.92048681484818,2.6212813320257453,40.75472269774343,-59.482545772510306,0,0,3.8,-151.24527730225654,20260302-205726,0.0,0.0
153.95780415110985,2.642111758146244,41.679852916856476,-58.270738804451476,0,0,3.8,-150.32014708314355,20260302-205726,0.0,0.0
152.03629021684185,2.6667328377648314,42.62862033488307,-57.012194121505516,0,0,3.8,-149.3713796651169,20260302-205726,0.0,0.0
150.15752548635058,2.6955569341340184,43.60140201910269,-55.70556629129059,0,0,3.7,-148.39859798089734,20260302-205726,0.0,0.0
148.3231344426226,2.7290584724409945,44.59853897468133,-54.34956265702714,0,0,3.7,-147.4014610253187,20260302-205726,0.0,0.0
146.534783566908,2.767786071927409,45.6203304740107,-52.942958653182785,0,0,3.7,-146.3796695259893,20260302-205726,0.0,0.0
144.79417879366855,2.8123776397679374,46.66702803877877,-51.48461456464154,0,0,3.7,-145.3329719612212,20260302-205726,0.0,0.0
143.1030623833087,2.863579306032539,47.73882910781629,-49.97349369086501,0,0,3.7,-144.26117089218369,20260302-205726,0.0,0.0
141.4632091670673,2.922269390632616,48.835870436492314,-48.40868183492255,0,0,3.7,-143.16412956350766,20260302-205726,0.0,0.0
139.87642212190636,2.9894890346846585,49.95822128756083,-46.78940798880067,0,0,3.7,-142.0417787124392,20260302-205726,0.0,0.0
138.34452723842037,3.0664817633720096,51.10587648869978,-45.11506603133747,0,0,3.7,-140.89412351130025,20260302-205726,0.0,0.0
136.86936765191234,3.1547451737863983,52.27874944822747,-43.385237194178366,0,0,3.6,-139.72125055177253,20260302-205726,0.0,0.0
135.4527970160183,3.256099316432607,53.476665237197835,-41.59971298554272,0,0,3.6,-138.52333476280214,20260302-205726,0.0,0.0
134.09667210973947,3.372778418408468,54.69935386270862,-39.75851819314487,0,0,3.6,-137.30064613729138,20260302-205726,0.0,0.0
132.80284468251162,3.5075558044760644,55.9464438731016,-37.86193351878797,0,0,3.6,-136.0535561268984,20260302-205726,0.0,0.0
131.57315255797297,3.6639169340001962,57.21745644996736,-35.91051733105856,0,0,3.5,-134.78254355003264,20260302-205726,0.0,0.0
130.409410035227,3.8463036585627584,58.51180015354532,-33.90512596292433,0,0,3.5,-133.48819984645465,20260302-205726,0.0,0.0
129.3133976463549,4.060466418616702,59.82876649622574,-31.846931932122395,0,0,3.5,-132.17123350377423,20260302-205726,0.0,0.0
128.28685135027928,4.313984452437264,61.1675265223613,-29.737439428600926,0,0,3.5,-130.83247347763873,20260302-205726,0.0,0.0
127.3314512652275,4.617055600864559,62.527128570485104,-27.578496399606767,0,0,3.5,-129.4728714295149,20260302-205726,0.0,0.0
126.44881006425233,4.983734120974809,63.90649738540935,-25.37230257370134,0,0,3.5,-128.09350261459062,20260302-205726,0.0,0.0
125.64046117966028,5.433943948226907,65.30443473185659,-23.121412803799107,0,0,3.5,-126.69556526814341,20260302-205726,0.0,0.0
124.90784698178929,5.99690023944027,66.71962163785696,-20.828735178934334,0,0,3.5,-125.28037836214303,20260302-205726,0.0,0.0
124.25230711431664,6.717240143502999,68.15062236510471,-18.497523456042444,0,0,3.5,-123.84937763489532,20260302-205726,0.0,0.0
123.675067181105,7.6667460387200945,69.59589016523148,-16.131363495868662,0,0,3.5,-122.40410983476852,20260302-205726,0.0,0.0
123.17722798751083,8.968679981211286,71.05377483644509,-13.73415354829896,0,0,3.5,-120.94622516355493,20260302-205726,0.0,0.0
122.75975554121803,10.854014536206725,72.52253204561129,-11.310078416766178,0,0,3.5,-119.47746795438871,20260302-205726,0.0,0.0
122.42347201336842,13.811970258679219,74.00033432851728,-8.863577731528888,0,0,3.5,-117.99966567148273,20260302-205726,0.0,0.0
122.16904784965953,19.090975646564296,75.4852836280104,-6.399308768258036,0,0,3.5,-116.51471637198964,20260302-205726,0.0,0.0
121.99699520313115,31.10498374854364,76.97542517849706,-3.9221044508291425,0,0,3.5,-115.02457482150297,20260302-205726,0.0,0.0
121.90766283589072,84.8391267878865,78.46876249853506,-1.4369273641946176,0,0,3.5,-113.53123750146491,20260302-205726,0.0,0.0
121.90123260673629,115.96617245383179,79.96327321350077,1.0511792363869503,0,0,3.5,-112.0367267864992,20260302-205726,0.0,0.0
121.97771762658148,34.48482049910499,81.45692539980939,3.5371423096068386,0,0,3.5,-110.54307460019064,20260302-205726,0.0,0.0
122.13696212512603,20.302323275050444,82.94769412269187,6.015910616260373,0,0,3.5,-109.05230587730813,20260302-205726,0.0,0.0
122.37864303192326,14.427180603684176,84.43357783224536,8.482505791926679,0,0,3.5,-107.56642216775462,20260302-205726,0.0,0.0
122.70227323457107,11.224064068312574,85.91261428781132,10.932071706627218,0,0,3.5,-106.08738571218866,20260302-205726,0.0,0.0
123.1072064379002,9.214665757958146,87.38289569838139,13.359920985910964,0,0,3.5,-104.61710430161862,20260302-205726,0.0,0.0
123.59264351235564,7.841387834413087,88.84258279562471,15.76157768526014,0,0,3.5,-103.15741720437526,20260302-205726,0.0,0.0
124.15764018865966,6.847124308815918,90.28991759458745,18.13281526505985,0,0,3.5,-101.71008240541252,20260302-205726,0.0,0.0
124.80111593041599,6.096874003786838,91.72323464293993,20.46968919693938,0,0,3.5,-100.27676535706006,20260302-205726,0.0,0.0
125.52186379732255,5.512946063209136,93.14097061034039,22.76856373310047,0,0,3.5,-98.85902938965963,20260302-205726,0.0,0.0
126.31856109949187,5.047466311905289,94.54167212241151,25.026132576962134,0,0,3.5,-97.4583278775885,20260302-205726,0.0,0.0
127.18978063804707,4.66932548825364,95.9240017964338,27.23943339525404,0,0,3.7,-96.07599820356617,20260302-205726,0.0,0.0
128.13400232833988,4.357431425404641,97.2867424858241,29.405856299033104,0,0,3.7,-94.71325751417592,20260302-205726,0.0,0.0
129.14962500920973,4.096977586160711,98.62879978583629,31.523146586270737,0,0,3.7,-93.37120021416371,20260302-205726,0.0,0.0
130.23497825383157,3.877263952806751,99.94920289220374,33.58940217612847,0,0,3.7,-92.05079710779623,20260302-205726,0.0,0.0
131.38833401390124,3.6903656840039845,101.24710393663565,35.60306627156448,0,0,3.6,-90.75289606336436,20260302-205726,0.0,0.0
132.60791794812621,3.5302881820263807,102.5217759476921,37.56291586144943,0,0,3.6,-89.4782240523079,20260302-205726,0.0,0.0
133.8919203071697,3.392413140377783,103.77260960254517,39.46804671681567,0,0,3.6,-88.22739039745484,20260302-205726,0.0,0.0
135.23850626933879,3.2731250077445164,104.99910894483003,41.31785555068993,0,0,3.6,-87.00089105516997,20260302-205726,0.0,0.0
136.64582564351718,3.1695528449146,106.20088624686105,43.1120200007894,0,0,3.5,-85.79911375313894,20260302-205726,0.0,0.0
138.11202187735512,3.0793880226006998,107.37765619178879,44.85047706352787,0,0,3.5,-84.62234380821123,20260302-205726,0.0,0.0
139.6352403289354,3.000752978413953,108.52922954380796,46.5334005609284,0,0,3.5,-83.47077045619206,20260302-205726,0.0,0.0
141.21363577857514,2.9321050929928987,109.6555064633319,48.16117816378594,0,0,3.5,-82.34449353666808,20260302-205726,0.0,0.0
142.8453791737927,2.872165189635314,110.7564696101474,49.73438842907575,0,0,3.5,-81.2435303898526,20260302-205726,0.0,0.0
144.52866361459638,2.8198635998122583,111.83217716191172,51.2537782409826,0,0,3.5,-80.16782283808827,20260302-205726,0.0,0.0
146.2617095980821,2.774298957851708,112.88275585879518,52.720240976243076,0,0,3.5,-79.11724414120484,20260302-205726,0.0,0.0
148.0427695509046,2.734706352503298,113.9083941683266,54.134795648311226,0,0,3.5,-78.09160583167339,20260302-205726,0.0,0.0
149.87013168562578,2.700432446898697,114.90933564815248,55.49856722309186,0,0,3.5,-77.09066435184755,20260302-205726,0.0,0.0
151.7421232224176,2.670915850703101,115.88587256891742,56.81276824295026,0,0,3.5,-76.1141274310826,20260302-205726,0.0,0.0
153.65711302131098,2.6456714948911313,116.83833984514212,58.07868184618814,0,0,3.5,-75.1616601548579,20260302-205726,0.0,0.0
155.61351367235596,2.6242780881708754,117.76710930901885,59.29764622651662,0,0,3.5,-74.23289069098115,20260302-205726,0.0,0.0
157.6097830919296,2.606367968555694,118.67258435058528,60.471040541243404,0,0,3.5,-73.3274156494147,20260302-205726,0.0,0.0
159.64442567321188,2.5916188329722183,119.555194937804,61.600272247644696,0,0,3.5,-72.444805062196,20260302-205726,0.0,0.0
161.7159930377644,2.5797469515687075,120.41539302164585,62.686765823844546,0,0,3.5,-71.58460697835415,20260302-205726,0.0,0.0
163.82308443338152,2.5705015648017437,121.25364832427624,63.731952812881005,0,0,3.5,-70.74635167572373,20260302-205726,0.0,0.0
165.96434682111533,2.5636602295668802,122.07044450277112,64.73726311585148,0,0,3.5,-69.92955549722888,20260302-205726,0.0,0.0
168.13847469174942,2.5590249319773726,122.86627567631967,65.70411745141845,0,0,3.5,-69.13372432368031,20260302-205726,0.0,0.0
170.34420964914736,2.556418823386883,123.64164330147179,66.63392089386436,0,0,3.5,-68.35835669852821,20260302-205726,0.0,0.0
172.5803397949294,2.5556834661103887,124.39705337751786,67.52805739968545,0,0,3.5,-67.60294662248216,20260302-205726,0.0,0.0
174.84569894592747,2.556676498339407,125.13301396241968,68.3878852328372,0,0,3.5,-66.86698603758029,20260302-205726,0.0,0.0
177.1391657129008,2.559269645659227,125.85003297871208,69.21473320067943,0,0,3.5,-66.14996702128792,20260302-205726,0.0,0.0
179.4596624661129,2.5633470205957165,126.54861628834806,70.00989761597197,0,0,3.5,-65.45138371165196,20260302-205726,0.0,0.0
181.80615421062015,2.568803662664861,127.22926601546726,70.77463990455992,0,0,3.5,-64.77073398453275,20260302-205726,0.0,0.0
184.17764739152372,2.5755442801543365,127.89247909642313,71.51018478334494,0,0,3.4,-64.1075209035769,20260302-205726,0.0,0.0
186.57318864701082,2.58348216184858,128.53874603703667,72.21771893850067,0,0,3.4,-63.46125396296334,20260302-205726,0.0,0.0
188.9918635247712,2.5925382325076205,129.16854985788012,72.89839013944635,0,0,3.4,-62.83145014211987,20260302-205726,0.0,0.0
191.43279517531576,2.6026402304231353,129.7823652093714,73.55330672967918,0,0,3.4,-62.21763479062857,20260302-205726,0.0,0.0
193.89514303385494,2.6137219890320145,130.38065763953455,74.18353744105107,0,0,3.4,-61.61934236046543,20260302-205726,0.0,0.0
196.37810150070126,2.6257228075447765,130.9638829984093,74.79011148337005,0,0,3.4,-61.03611700159073,20260302-205726,0.0,0.0
198.88089862864257,2.638586897981116,131.5324869642434,75.3740188662401,0,0,3.4,-60.46751303575664,20260302-205726,0.0,0.0
201.40279482437447,2.652262898005225,132.08690467774932,75.93621091478153,0,0,3.4,-59.9130953222507,20260302-205726,0.0,0.0
203.94308156987765,2.666703440603737,132.62756047183018,76.47760094527244,0,0,3.4,-59.372439528169856,20260302-205726,0.0,0.0
206.50108016856097,2.681864773016067,133.15486768526745,76.99906507080394,0,0,3.4,-58.845132314732545,20260302-205726,0.0,0.0
209.07614052005826,2.697706418463564,133.6692285499022,77.50144311074972,0,0,3.4,-58.33077145009784,20260302-205726,0.0,0.0
211.66763992674896,2.7141908751725397,134.17103414182213,77.98553958121805,0,0,3.4,-57.828965858177845,20260302-205726,0.0,0.0
214.27498193436526,2.7312833479808725,134.66066438799362,78.45212474669466,0,0,3.4,-57.33933561200638,20260302-205726,0.0,0.0
213.77927896511883,7.225205042842153,21.73560904325109,-29.587987842214268,0,0,3.4,-170.2643909567489,20260302-205726,0.0,0.0
212.79628666355347,7.240161535966216,22.053437543454493,-29.391096539278433,0,0,3.4,-169.94656245654554,20260302-205726,0.0,0.0
211.81990295431544,7.256226729635315,22.374206050742316,-29.191466976798992,0,0,3.4,-169.62579394925768,20260302-205726,0.0,0.0
210.8502196446123,7.273439249741451,22.697935160235033,-28.98906726307055,0,0,3.4,-169.30206483976494,20260302-205726,0.0,0.0
209.88732960237058,7.291839537502,23.024645092826177,-28.78386565185891,0,0,3.4,-168.97535490717382,20260302-205726,0.0,0.0
208.9313267508592,7.311469957372614,23.354355668099288,-28.575830574285632,0,0,3.4,-168.64564433190068,20260302-205726,0.0,0.0
207.98230606222657,7.332374912750661,23.68708627641297,-28.364930672128477,0,0,3.4,-168.312913723587,20260302-205726,0.0,0.0
207.04036354990382,7.354600970133368,24.02285585015113,-28.15113483256038,0,0,3.4,-167.97714414984884,20260302-205726,0.0,0.0
206.10559625982563,7.378196992460307,24.361682834141106,-27.934412224347295,0,0,3.4,-167.6383171658589,20260302-205726,0.0,0.0
205.1781022604201,7.403214282442754,24.703585155241285,-27.714732335522758,0,0,3.4,-167.2964148447587,20260302-205726,0.0,0.0
204.25798063131785,7.429706736763596,25.048580191104463,-27.492065012554356,0,0,3.4,-166.95141980889554,20260302-205726,0.0,0.0
203.34533145073058,7.457731012121957,25.396684738122644,-27.266380501014144,0,0,3.4,-166.60331526187736,20260302-205726,0.0,0.0
202.44025578144877,7.487346704197804,25.74791497856529,-27.037649487761804,0,0,3.4,-166.25208502143468,20260302-205726,0.0,0.0
201.5428556554079,7.518616540724778,26.102286446921198,-26.805843144645813,0,0,3.4,-165.8977135530788,20260302-205726,0.0,0.0
200.6532340567727,7.551606589986109,26.459813995460934,-26.570933173723738,0,0,3.4,-165.54018600453907,20260302-205726,0.0,0.0
199.77149490348887,7.586386486190352,26.82051175903689,-26.33289185399885,0,0,3.4,-165.17948824096314,20260302-205726,0.0,0.0
198.51840528431117,2.0081298251783255,174.59474423752567,-98.8573561306886,0,0,3.4,-17.40525576247429,20260302-205726,0.0,0.0
195.22318956530103,1.9748324293630766,174.5632540643603,-98.85557207922925,0,0,3.4,-17.436745935639713,20260302-205726,0.0,0.0
191.92803484191177,1.9415362689366829,174.53068259044267,-98.85369535075675,0,0,3.4,-17.469317409557316,20260302-205726,0.0,0.0
188.6329443106689,1.9082414087148232,174.49697317094217,-98.85171941516082,0,0,3.4,-17.503026829057845,20260302-205726,0.0,0.0
185.33792139535538,1.8749479181280304,174.4620651358315,-98.84963715706775,0,0,3.4,-17.537934864168538,20260302-205726,0.0,0.0
182.04296976756652,1.84165587163985,174.42589342603424,-98.84744081176879,0,0,3.4,-17.574106573965768,20260302-205726,0.0,0.0
178.74809336953646,1.8083653492113085,174.3883881893953,-98.84512189281594,0,0,3.4,-17.611611810604664,20260302-205726,0.0,0.0
175.45329643953434,1.775076436817796,174.34947433120374,-98.84267111002379,0,0,3.4,-17.650525668796238,20260302-205726,0.0,0.0
172.1585835401735,1.7417892270253645,174.30907101319264,-98.84007827639783,0,0,3.4,-17.690928986807357,20260302-205726,0.0,0.0
168.86395959003173,1.7085038196346019,174.26709109399553,-98.83733220224623,0,0,3.4,-17.732908906004454,20260302-205726,0.0,0.0
165.56942989904275,1.675220322401491,174.22344050292327,-98.834420574419,0,0,3.4,-17.77655949707674,20260302-205726,0.0,0.0
162.27500020819406,1.641938851846209,174.178017537608,-98.83132981823944,0,0,3.4,-17.821982462392,20260302-205726,0.0,0.0
158.9806767341551,1.6086595341626537,174.13071207449946,-98.8280449392347,0,0,3.4,-17.869287925500572,20260302-205726,0.0,0.0
155.68646621956472,1.5753825062436337,174.081404679338,-98.8245493412174,0,0,3.4,-17.91859532066198,20260302-205726,0.0,0.0
152.39237598983289,1.5421079168392575,174.0299656025121,-98.82082461659367,0,0,3.4,-17.970034397487915,20260302-205726,0.0,0.0
149.0984140174627,1.5088359278691619,173.97625364154612,-98.81685030394617,0,0,3.4,-18.023746358453916,20260302-205726,0.0,0.0
145.8045889950794,1.4755667159129469,173.92011484977087,-98.81260360692586,0,0,3.3,-18.07988515022914,20260302-205726,0.0,0.0
142.51091041857296,1.4423004739077134,173.86138106636696,-98.80805906723401,0,0,3.3,-18.138618933633044,20260302-205726,0.0,0.0
139.21738868202573,1.4090374130870735,173.79986823829506,-98.80318818292626,0,0,3.3,-18.200131761704974,20260302-205726,0.0,0.0
135.92403518641987,1.3757777652026684,173.73537449893468,-98.79795896134188,0,0,3.3,-18.264625501065343,20260302-205726,0.0,0.0
132.63086246451536,1.3425217850774325,173.66767796129443,-98.79233539354865,0,0,3.3,-18.33232203870556,20260302-205726,0.0,0.0
129.33788432477337,1.3092697535498514,173.59653417511117,-98.78627683416406,0,0,3.3,-18.403465824888833,20260302-205726,0.0,0.0
126.045116017801,1.2760219808809175,173.52167318661287,-98.77973726658236,0,0,3.3,-18.478326813387138,20260302-205726,0.0,0.0
122.75257442953514,1.2427788107108837,173.44279612664621,-98.77266442877254,0,0,3.3,-18.557203873353778,20260302-205726,0.0,0.0
119.46027830631155,1.2095406246721963,173.35957123657113,-98.76499876859208,0,0,3.3,-18.640428763428893,20260302-205726,0.0,0.0
116.16824851812756,1.1763078477891669,173.27162922089616,-98.75667218956507,0,0,3.3,-18.72837077910385,20260302-205726,0.0,0.0
112.87650836787374,1.1430809548255074,173.17855778987405,-98.74760653772285,0,0,3.3,-18.82144221012593,20260302-205726,0.0,0.0
109.58508395617119,1.109860477779699,173.0798952226064,-98.7377117666165,0,0,3.3,-18.920104777393576,20260302-205726,0.0,0.0
106.29400461382897,1.0766470147778757,172.97512273950144,-98.72688369990847,0,0,3.3,-19.024877260498567,20260302-205726,0.0,0.0
103.00330341699481,1.0434412406779734,172.8636554193248,-98.71500128753648,0,0,3.3,-19.136344580675182,20260302-205726,0.0,0.0
99.71301780403343,1.010243919782049,172.74483132669184,-98.70192322023142,0,0,3.3,-19.2551686733082,20260302-205726,0.0,0.0
96.42319031833925,0.9770559211625035,172.61789842533676,-98.6874837252045,0,0,3.3,-19.382101574663253,20260302-205726,0.0,0.0
93.13386950809596,0.9438782372515099,172.48199873348455,-98.6714873088859,0,0,3.3,-19.518001266515448,20260302-205726,0.0,0.0
89.84511102303013,0.9107120065340517,172.33614901982173,-98.65370213461746,0,0,3.3,-19.663850980178296,20260302-205726,0.0,0.0
86.55697896030894,0.8775585414417916,172.1792171273588,-98.6338516153002,0,0,3.3,-19.820782872641196,20260302-205726,0.0,0.0
83.26954752810484,0.8444193628935897,172.0098927270933,-98.6116036500671,0,0,3.3,-19.990107272906705,20260302-205726,0.0,0.0
79.98290311773165,0.8112962434068387,171.82665091376748,-98.5865567204689,0,0,3.3,-20.173349086232523,20260302-205726,0.0,0.0
76.69714690619709,0.7781912613678557,171.62770651820153,-98.55822175564356,0,0,3.3,-20.372293481798437,20260302-205726,0.0,0.0
73.41239815430563,0.7451068699831142,171.41095625944428,-98.52599823159505,0,0,3.3,-20.589043740555724,20260302-205726,0.0,0.0
70.1287984268019,0.7120459857633228,171.17390479718716,-98.48914231518754,0,0,3.3,-20.82609520281284,20260302-205726,0.0,0.0
66.84651704922939,0.6790121033158233,170.91356922054524,-98.44672388429817,0,0,3.3,-21.08643077945472,20260302-205726,0.0,0.0
63.56575824486019,0.6460094460468601,170.62635429031047,-98.39756776598166,0,0,3.3,-21.373645709689495,20260302-205726,0.0,0.0
60.28677058592788,0.6130431666003138,170.30788746923588,-98.34017222678398,0,0,3.3,-21.69211253076415,20260302-205726,0.0,0.0
57.00985968165313,0.580119617297954,169.95279783346382,-98.27259410255802,0,0,3.3,-22.04720216653617,20260302-205726,0.0,0.0
53.73540546947097,0.5472467208659922,169.5544153764077,-98.19228406601908,0,0,3.3,-22.445584623592303,20260302-205726,0.0,0.0
50.46388617437537,0.5144344876929907,169.104355338328,-98.0958457911393,0,0,3.3,-22.895644661672023,20260302-205726,0.0,0.0
47.19591212676547,0.4816957519543066,168.5919331551513,-97.97867623969093,0,0,3.3,-23.40806684484869,20260302-205726,0.0,0.0
43.932274490852556,0.44904724284398084,168.0033243213992,-97.83441540051187,0,0,3.3,-23.996675678600784,20260302-205726,0.0,0.0
40.67401712650291,0.41651118350311395,167.3203305570088,-97.65408166092813,0,0,3.3,-24.67966944299125,20260302-205726,0.0,0.0
37.42254538750246,0.3841177480423391,166.51852143434473,-97.42467141449967,0,0,3.3,-25.481478565655284,20260302-205726,0.0,0.0
34.17979584721803,0.35190896669816357,165.56435420892666,-97.12681142488319,0,0,3.3,-26.43564579107334,20260302-205726,0.0,0.0
30.948510333140682,0.31994518335372407,164.41056267623105,-96.7306649493289,0,0,3.3,-27.58943732376898,20260302-205726,0.0,0.0
109.60774769840239,1.2342842630274902,29.463805991514164,-88.80267777987638,0,0,3.2,-162.53619400848584,20260302-205726,0.0,0.0
106.65166819138118,1.2043040127011986,29.960642999241315,-88.55875847508503,0,0,3.2,-162.03935700075868,20260302-205726,0.0,0.0
103.70406507111099,1.1745350762091933,30.485764799157323,-88.29371482528678,0,0,3.2,-161.51423520084265,20260302-205726,0.0,0.0
100.76568219549199,1.1449980792109926,31.041561266979556,-88.00511024868153,0,0,3.1,-160.95843873302047,20260302-205726,0.0,0.0
97.83735031241127,1.1157164219093474,31.630686632147103,-87.69015888910222,0,0,3.1,-160.3693133678529,20260302-205726,0.0,0.0
94.91999966163607,1.0867167618217244,32.25609489535765,-87.34566631926828,0,0,3.1,-159.74390510464235,20260302-205726,0.0,0.0
92.01467473809501,1.0580296009891061,32.92108062901889,-86.9679587906373,0,0,3.1,-159.07891937098108,20260302-205726,0.0,0.0
89.12255163723022,1.029690004966235,33.62932601503411,-86.55279861646581,0,0,3.1,-158.3706739849659,20260302-205726,0.0,0.0
86.24495849198973,1.0017384894374717,34.38495509142729,-86.0952827523087,0,0,3.1,-157.61504490857274,20260302-205726,0.0,0.0
83.38339961899021,0.9742221218951762,35.192596296836655,-85.58972101432332,0,0,3.1,-156.80740370316335,20260302-205726,0.0,0.0
80.5395841219479,0.9471959018059823,36.05745450804761,-85.02948964241308,0,0,3.1,-155.9425454919524,20260302-205726,0.0,0.0
77.71545985731117,0.9207245050079179,36.98539384000435,-84.40685507402982,0,0,3.1,-155.01460615999565,20260302-205726,0.0,0.0
74.91325385344896,0.8948845096398875,37.983032485940214,-83.71276186643902,0,0,3.1,-154.0169675140598,20260302-205726,0.0,0.0
72.13552049282065,0.8697672661611777,39.05785076184702,-82.93657774820548,0,0,3.1,-152.94214923815295,20260302-205726,0.0,0.0
69.38519901542351,0.845482639912911,40.21831319609021,-82.06578791797611,0,0,3.1,-151.78168680390976,20260302-205726,0.0,0.0
66.66568217479384,0.8221639522212536,41.47400483344387,-81.08563017714665,0,0,3.1,-150.52599516655613,20260302-205726,0.0,0.0
63.98089815743636,0.7999745930911643,42.83578069102862,-79.97866271003579,0,0,3.1,-149.16421930897138,20260302-205726,0.0,0.0
61.33540812625917,0.7791170046679656,44.315925191952715,-78.72425804953176,0,0,3.1,-147.68407480804728,20260302-205726,0.0,0.0
58.73452189963101,0.7598450901072558,45.92831494056179,-77.29802122079957,0,0,3.1,-146.0716850594382,20260302-205726,0.0,0.0
56.18443420844077,0.7424816750620379,47.68857272075775,-75.67113922878472,0,0,3.1,-144.31142727924228,20260302-205726,0.0,0.0
53.69238347892467,0.7274435967299371,49.61419218421088,-73.80968602966193,0,0,3.1,-142.38580781578915,20260302-205726,0.0,0.0
51.26683383781482,0.7152786128837698,51.72460019911887,-71.67393644152688,0,0,3.1,-140.27539980088116,20260302-205726,0.0,0.0
48.91767851851972,0.706721181233178,54.04110599566354,-69.21779029342501,0,0,3.1,-137.95889400433646,20260302-205726,0.0,0.0
46.656458323680084,0.7027794132853536,56.58666212427579,-66.38848185032974,0,0,3.1,-135.41333787572424,20260302-205726,0.0,0.0
44.4965812929293,0.7048756175592498,59.3853321788456,-63.12685555361695,0,0,3.1,-132.61466782115443,20260302-205726,0.0,0.0
42.453518134403815,0.7150833744299931,62.46132779120825,-59.3686270055493,0,0,3.1,-129.53867220879175,20260302-205726,0.0,0.0
40.5449314834661,0.7365484950525073,65.83745259038261,-55.04719886852219,0,0,3.1,-126.16254740961739,20260302-205726,0.0,0.0
38.790676041939335,0.7742849673621923,69.53279438664333,-50.0987074230436,0,0,3.3,-122.46720561335667,20260302-205726,0.0,0.0
37.21258440854829,0.8368035432829039,73.5595734453102,-44.46991735068165,0,0,3.3,-118.44042655468976,20260302-205726,0.0,0.0
35.83393839249176,0.9398037550786125,77.91922904019395,-38.12917132842732,0,0,3.2,-114.08077095980606,20260302-205726,0.0,0.0
34.67853305506705,1.1157959689121693,82.59814180747026,-31.079636440053136,0,0,3.2,-109.40185819252973,20260302-205726,0.0,0.0
33.76929049842148,1.4448277121288495,87.56381993424719,-23.372537926106684,0,0,3.2,-104.43618006575282,20260302-205726,0.0,0.0
33.12648666042175,2.191432995792806,92.7627768131099,-15.11635843944086,0,0,3.2,-99.23722318689012,20260302-205726,0.0,0.0
32.76580638318459,5.058661545994095,98.12141559925266,-6.477169125720916,0,0,3.2,-93.87858440074733,20260302-205726,0.0,0.0
32.69658742435514,14.012736873174848,103.55072076202453,2.3333477050402296,0,0,3.2,-88.44927923797547,20260302-205726,0.0,0.0
32.92066831395705,2.9707422698116344,108.95440978492877,11.081630556946447,0,0,3.2,-83.04559021507126,20260302-205726,0.0,0.0
33.432151995610035,1.7107695193164176,114.23886628862044,19.542171881206254,0,0,3.2,-77.76113371137956,20260302-205726,0.0,0.0
34.218152838201064,1.2431605337962783,119.32240873523767,27.525128016820172,0,0,3.2,-72.67759126476236,20260302-205726,0.0,0.0
35.26031752608478,1.0104916897366207,124.14174077756007,34.89421821497137,0,0,3.2,-67.85825922243991,20260302-205726,0.0,0.0
36.53673236898827,0.8788793416950557,128.6545878359704,41.57195491536016,0,0,3.2,-63.345412164029604,20260302-205726,0.0,0.0
38.023814171473475,0.7999280690363457,132.8388426045563,47.53404167612203,0,0,3.2,-59.16115739544371,20260302-205726,0.0,0.0
39.69789525744833,0.7518903523300927,136.68937872468706,52.79745262647056,0,0,3.1,-55.310621275312954,20260302-205726,0.0,0.0
41.536371331362695,0.7235445195706561,140.2138606876813,57.40679420253221,0,0,3.1,-51.7861393123187,20260302-205726,0.0,0.0
43.51841231781414,0.7085139579447183,143.42858469076225,61.42209596555281,0,0,3.3,-48.571415309237736,20260302-205726,0.0,0.0
45.62531194118705,0.702906991787344,146.35494195553326,64.90945811361404,0,0,3.3,-45.64505804446675,20260302-205726,0.0,0.0
45.123460542494335,0.5892448003011609,-6.522983374687811,-76.57846198970597,0,0,3.3,161.4770166253122,20260302-205726,0.0,0.0
42.62072561674583,0.5798914710720526,-9.29524913413556,-73.49776250020088,0,0,3.3,158.70475086586444,20260302-205726,0.0,0.0
40.230042200673,0.5760510950033351,-12.405035485630464,-69.83762820629667,0,0,3.2,155.59496451436954,20260302-205726,0.0,0.0
37.97257986284357,0.5798717117538914,-15.895930326328795,-65.48444956556159,0,0,3.2,152.1040696736712,20260302-205726,0.0,0.0
35.873497599401155,0.5947838659220329,-19.8113911670564,-60.31350151670661,0,0,3.2,148.1886088329436,20260302-205726,0.0,0.0
33.9621748595486,0.6266257074866751,-24.19006136506431,-54.198502317702605,0,0,3.2,143.8099386349357,20260302-205726,0.0,0.0
32.2719893246291,0.6862045394955367,-29.058504735288267,-47.02969372419753,0,0,3.2,138.94149526471173,20260302-205726,0.0,0.0
30.83932151247008,0.7960127735730812,-34.42131441216384,-38.7422445170583,0,0,3.2,133.57868558783616,20260302-205726,0.0,0.0
29.701459397344955,1.0118709228742206,-40.249794440965104,-29.353012055112643,0,0,3.2,127.75020555903491,20260302-205726,0.0,0.0
28.893253744029387,1.5209795136505488,-46.47234541155936,-18.996477917497927,0,0,3.2,121.52765458844064,20260302-205726,0.0,0.0
73.60130662571218,0.8829542529971915,165.7478476800735,83.35800680032094,0,0,3.1,-26.252152319926463,20260302-205726,0.0,0.0
76.39232263421815,0.9084661365532078,166.78086045288694,84.08934528265043,0,0,3.3,-25.219139547113063,20260302-205726,0.0,0.0
76.67226365657031,13.935714188055165,-39.018986823884575,5.501853914476019,0,0,3.3,128.98101317611543,20260302-205726,0.0,0.0
76.92334710855837,8.04930107810633,-41.42278093850865,9.556525015294282,0,0,3.3,126.57721906149133,20260302-205726,0.0,0.0
77.30880932776276,5.7007353382749795,-43.8067712034028,13.561199519070483,0,0,3.2,124.1932287965972,20260302-205726,0.0,0.0
77.82665367404987,4.448171277696235,-46.163075630944036,17.496325751727188,0,0,3.2,121.83692436905595,20260302-205726,0.0,0.0
78.47425945911256,3.676629007971652,-48.48436640973068,21.344078852928863,0,0,3.4,119.51563359026933,20260302-205726,0.0,0.0
79.2484455768265,3.15872968994079,-50.763988850859505,25.088707599513526,0,0,3.4,117.2360111491405,20260302-205726,0.0,0.0
80.14554390708096,2.7908966111712155,-52.996049737940666,28.716772805656685,0,0,3.4,115.00395026205933,20260302-205726,0.0,0.0
81.16147881299325,2.519191306855286,-55.17547368132735,32.21727488187762,0,0,3.4,112.82452631867265,20260302-205726,0.0,0.0
82.29184911759828,2.3127591717876115,-57.29802833861899,35.58167669225675,0,0,3.4,110.70197166138101,20260302-205726,0.0,0.0
83.53200926834374,2.1526740914237497,-59.36032123134622,38.803834542876295,0,0,3.4,108.63967876865378,20260302-205726,0.0,0.0
84.87714690510789,2.0266819905918103,-61.35977223015509,41.8798545105357,0,0,3.4,106.64022776984491,20260302-205726,0.0,0.0
86.32235466104575,1.926498842590157,-63.29456655898197,44.807893341366494,0,0,3.4,104.70543344101803,20260302-205726,0.0,0.0
83.00052940829637,0.7153509567407463,21.33981548992358,-116.0277044801339,0,0,3.4,-170.6601845100764,20260302-205726,0.0,0.0
79.13443729638009,0.6825722134280947,20.987268600448147,-115.93562664811944,0,0,3.4,-171.01273139955188,20260302-205726,0.0,0.0
75.27164896827915,0.649851464384529,20.598521725167984,-115.82900569373733,0,0,3.4,-171.40147827483204,20260302-205726,0.0,0.0
71.41270054146432,0.6171983082994597,20.167739542209006,-115.70462780143502,0,0,3.4,-171.832260457791,20260302-205726,0.0,0.0
67.55825002823686,0.5846245858024449,19.687772121675266,-115.5583457639019,0,0,3.4,-172.3122278783247,20260302-205726,0.0,0.0
63.709113815548896,0.5521450746089619,19.14976632577293,-115.38473626821488,0,0,3.4,-172.8502336742271,20260302-205726,0.0,0.0
59.86631696938813,0.5197784604140178,18.542632331321215,-115.17660220414477,0,0,3.4,-173.45736766867876,20260302-205726,0.0,0.0
56.0311638271759,0.4875487201807898,17.852298986454002,-114.92423527724321,0,0,3.4,-174.14770101354597,20260302-205726,0.0,0.0
52.20533900099002,0.45548713775685085,17.06065524549615,-114.61429900762289,0,0,3.4,-174.93934475450388,20260302-205726,0.0,0.0
48.39105504760818,0.42363531685250394,16.144014742990066,-114.22809459593844,0,0,3.4,-175.8559852570099,20260302-205726,0.0,0.0
44.59127364255128,0.39204981889634893,15.070838737424424,-113.73879413611061,0,0,3.4,-176.92916126257558,20260302-205726,0.0,0.0
40.8100459389722,0.3608095490641597,13.798275789611353,-113.10688989474416,0,0,3.4,-178.20172421038868,20260302-205726,0.0,0.0
37.05305253348291,0.330027998510888,12.266761088960493,-112.27245173339587,0,0,3.4,-179.73323891103948,20260302-205726,0.0,0.0
33.328489953626104,0.29987452625958605,10.39134148321682,-111.14145095730917,0,0,3.4,178.39134148321682,20260302-205726,0.0,0.0
29.64858295367179,0.27061356096169614,8.047317218369926,-109.56059573772943,0,0,3.4,176.04731721836993,20260302-205726,0.0,0.0
26.032275885224635,0.24268220009620692,5.045784305218973,-107.26899572735296,0,0,3.4,173.04578430521897,20260302-205726,0.0,0.0
22.510241944502244,0.2168586448955096,1.0910881775247958,-103.801450734641,0,0,3.4,169.0910881775248,20260302-205726,0.0,0.0
19.134609613668566,0.19467559093247658,-4.29285013407565,-98.28972149007332,0,0,3.4,163.70714986592435,20260302-205726,0.0,0.0
15.998320717089536,0.17962715504614596,-11.879259286663341,-89.06404331226862,0,0,3.4,156.12074071333666,20260302-205726,0.0,0.0
13.272148827454592,0.18178250001945895,-22.85168635169336,-73.01114698078128,0,0,3.4,145.14831364830664,20260302-205726,0.0,0.0
11.258076712353747,0.24699051484033246,-38.54441757886957,-45.581008321844074,0,0,3.4,129.45558242113043,20260302-205726,0.0,0.0
37.65771347740903,3.9292403758204735,108.21632575030844,9.583967860338817,0,0,3.3,-83.78367424969159,20260302-205726,0.0,0.0
38.17537709143594,1.7842945762121196,114.05727849287217,21.395221170530306,0,0,3.3,-77.94272150712784,20260302-205726,0.0,0.0
39.076925874893476,1.1998813386481797,119.68539904103466,32.567325298115435,0,0,3.3,-72.31460095896537,20260302-205726,0.0,0.0
40.336627816692804,0.9413085071251522,125.0110665090358,42.85165544703807,0,0,3.3,-66.98893349096417,20260302-205726,0.0,0.0
41.92220938171986,0.8045736049984457,129.97433782681344,52.1048778151265,0,0,3.2,-62.025662173186554,20260302-205726,0.0,0.0
43.79829247012963,0.7265668373747979,134.54445932827986,60.2811609574418,0,0,3.2,-57.45554067172016,20260302-205726,0.0,0.0
43.51413036960871,0.4670404470661198,-2.099188562893744,-93.16993986914441,0,0,3.2,165.90081143710626,20260302-205726,0.0,0.0
40.413379029986544,0.4351896592417622,-2.99263205963544,-92.8638311406558,0,0,3.2,165.00736794036456,20260302-205726,0.0,0.0
37.32408580280005,0.4035976694069512,-4.034264613307613,-92.4784473053184,0,0,3.2,163.9657353866924,20260302-205726,0.0,0.0
34.24935139537061,0.3723387227362006,-5.263391573062535,-91.98439298411634,0,0,3.2,162.73660842693747,20260302-205726,0.0,0.0
31.193481283558906,0.3415184671265514,-6.734133460326149,-91.33761212391482,0,0,3.2,161.26586653967385,20260302-205726,0.0,0.0
28.16261691972668,0.3112925189498731,-8.522838198715135,-90.4699445227004,0,0,3.2,159.47716180128486,20260302-205726,0.0,0.0
25.16579469323752,0.28189996672436635,-10.740165053965,-89.27207401143083,0,0,3.2,157.259834946035,20260302-205726,0.0,0.0
22.21679470383742,0.25372800641412324,-13.551335462769146,-87.56146007617379,0,0,3.2,154.44866453723085,20260302-205726,0.0,0.0
19.337508238604727,0.2274476414419575,-17.21080692005816,-85.0196032634591,0,0,3.1,150.78919307994184,20260302-205726,0.0,0.0
16.564329036792394,0.20433205492850678,-22.121722745802003,-81.06573901284379,0,0,3.1,145.878277254198,20260302-205726,0.0,0.0
13.960633280604142,0.18712752540793234,-28.931752840820053,-74.60491581968171,0,0,3.1,139.06824715917995,20260302-205726,0.0,0.0
11.640707897171499,0.18305097886968802,-38.64586416730208,-63.59271045176104,0,0,3.1,129.35413583269792,20260302-205726,0.0,0.0
9.808026952165271,0.21913022276932653,-52.54252091057603,-44.758896459891616,0,0,3.1,115.45747908942397,20260302-205726,0.0,0.0
8.773438244890105,0.5588754248075162,-71.12457424139636,-15.69837902232289,0,0,3.1,96.87542575860364,20260302-205726,0.0,0.0
8.82233292132931,0.47593286210147395,-91.87301978208755,18.536927419498706,0,0,3.1,76.12698021791245,20260302-205726,0.0,0.0
9.93873288241575,0.21251505659008782,-110.09677729649047,46.767194013863175,0,0,3.1,57.90322270350953,20260302-205726,0.0,0.0
11.824033915573132,0.18249896698458484,-123.59045663978638,64.78959366697059,0,0,3.1,44.40954336021362,20260302-205726,0.0,0.0
14.174683712894828,0.18824486215625988,-133.00680924086961,75.29917975200081,0,0,3.1,34.99319075913038,20260302-205726,0.0,0.0
16.796429748013672,0.20613622697254785,-139.6204326078842,81.48218289767442,0,0,3.1,28.379567392115813,20260302-205726,0.0,0.0
19.58067822611571,0.2295994573869772,-144.40303972324486,85.28190113756915,0,0,3.1,23.59696027675514,20260302-205726,0.0,0.0
22.467095515548415,0.25607975959427004,-147.97668897356297,87.73475713638999,0,0,3.1,20.02331102643703,20260302-205726,0.0,0.0
25.420903123418732,0.2843771584896243,-150.7285978331434,89.39150829987013,0,0,3.1,17.271402166856618,20260302-205726,0.0,0.0
28.421097162338317,0.31385354161413315,-152.90368901760678,90.55528580678117,0,0,3.1,15.09631098239323,20260302-205726,0.0,0.0
31.454407096737345,0.3441382693906174,-154.66141327360245,91.40049187913687,0,0,3.1,13.338586726397551,20260302-205726,0.0,0.0
34.512102243978944,0.37500132458616264,-156.108845511617,92.03194757262578,0,0,3.1,11.891154488383,20260302-205726,0.0,0.0
37.58823207316092,0.4062923990561917,-157.32004030789506,92.51522342154949,0,0,3.1,10.679959692104957,20260302-205726,0.0,0.0
40.678614689639076,0.4379091189972879,-158.34760740951268,92.8928239329289,0,0,3.1,9.652392590487334,20260302-205726,0.0,0.0
43.78023194714491,0.46977934764166757,-159.22982946832957,93.19318136679574,0,0,3.1,8.770170531670443,20260302-205726,0.0,0.0
46.890854537093546,0.5018507894046427,-159.99516464245465,93.43584891581274,0,0,3.1,8.004835357545359,20260302-205726,0.0,0.0
50.00880205211173,0.5340846071423925,-160.66517306709855,93.63460654611015,0,0,3.1,7.33482693290146,20260302-205726,0.0,0.0
53.1327849801899,0.5664513543969258,-161.25646729776767,93.79937847753561,0,0,3.1,6.743532702232334,20260302-205726,0.0,0.0
56.26179796638447,0.598928298894446,-161.7820425017811,93.93745139482873,0,0,3.1,6.217957498218919,20260302-205726,0.0,0.0
59.39504604480751,0.6314976120929987,-162.25220285917547,94.05426862653059,0,0,3.1,5.7477971408245265,20260302-205726,0.0,0.0
62.53189260301271,0.6641451145713587,-162.6752191695561,94.15396007749148,0,0,3.1,5.324780830443892,20260302-205726,0.0,0.0
65.67182199360694,0.6968593878554745,-163.0578038294868,94.23970335781281,0,0,3.1,4.942196170513186,20260302-205726,0.0,0.0
68.81441221866716,0.7296311336144489,-163.40545937306595,94.31397462135986,0,0,3.1,4.59454062693405,20260302-205726,0.0,0.0
71.95931466903136,0.7624527034128844,-163.72273795840434,94.37872585004641,0,0,3.1,4.277262041595651,20260302-205726,0.0,0.0
75.10623888777859,0.7953177483080023,-164.01343713027617,94.43551215544134,0,0,3.1,3.986562869723836,20260302-205726,0.0,0.0
78.25494096665608,0.8282209541099415,-164.28074931612292,94.48558452708285,0,0,3.1,3.719250683877091,20260302-205726,0.0,0.0
81.40521460641796,0.8611578388292863,-164.52737727662088,94.52995831412912,0,0,3.1,3.4726227233791183,20260302-205726,0.0,0.0
84.55688415578277,0.8941245959115162,-164.75562419145703,94.56946441517043,0,0,3.1,3.2443758085429786,20260302-205726,0.0,0.0
87.70979913753845,0.9271179716216577,-164.96746462955088,94.60478797981003,0,0,3.1,3.032535370449112,20260302-205726,0.0,0.0
90.86382990472936,0.9601351682039507,-165.16460095908167,94.63649797840566,0,0,3.1,2.8353990409183467,20260302-205726,0.0,0.0
94.01886416437503,0.9931737667092956,-165.34850855671695,94.66507001679051,0,0,3.1,2.651491443283043,20260302-205726,0.0,0.0
97.1748041735006,1.0262316649828953,-165.5204723204292,94.69090410021626,0,0,3.1,2.479527679570794,20260302-205726,0.0,0.0
100.3315644608044,1.059307027447732,-165.6816163718566,94.7143385827816,0,0,3.1,2.3183836281434114,20260302-205726,0.0,0.0
103.4890699626887,1.0923982441465858,-165.83292838195095,94.73566120891878,0,0,3.1,2.167071618049046,20260302-205726,0.0,0.0
106.6472544884648,1.1255038971104432,-165.97527961958102,94.75511791852973,0,0,3.1,2.0247203804189775,20260302-205726,0.0,0.0
109.80605944895684,1.1586227325686211,-166.10944157358122,94.77291991804883,0,0,3.1,1.8905584264187845,20260302-205726,0.0,0.0
112.96543279731054,1.1917536378501168,-166.23609981119384,94.78924939645778,0,0,3.1,1.763900188806172,20260302-205726,0.0,0.0
116.125328141861,1.2248956220775393,-166.35586559349346,94.80426417469059,0,0,3.1,1.6441344065065409,20260302-205726,0.0,0.0
119.2857039993539,1.2580477999464907,-166.4692856594509,94.81810150967837,0,0,3.1,1.530714340549104,20260302-205726,0.0,0.0
122.4465231633117,1.2912093780300264,-166.57685050630565,94.83088122402428,0,0,3.1,1.4231494936943425,20260302-205726,0.0,0.0
125.6077521673752,1.3243796431611952,-166.6790014286941,94.84270829439728,0,0,3.1,1.3209985713058856,20260302-205726,0.0,0.0
128.76936082738564,1.3575579525348687,-166.7761365279853,94.8536750029301,0,0,3.1,1.2238634720147112,20260302-205726,0.0,0.0
131.93132184906472,1.3907437252391526,-166.86861586314757,94.86386273386046,0,0,3.1,1.131384136852438,20260302-205726,0.0,0.0
135.09361049059626,1.4239364349811638,-166.95676588269734,94.87334348066128,0,0,3.1,1.0432341173026507,20260302-205726,0.0,0.0
138.25620427135897,1.457135603815156,-167.0408832519781,94.88218111572365,0,0,3.1,0.9591167480218846,20260302-205726,0.0,0.0
141.41908271961714,1.4903407967154851,-167.12123816975554,94.89043246436397,0,0,3.1,0.8787618302444614,20260302-205726,0.0,0.0
144.58222715322745,1.5235516168645478,-167.19807725180226,94.89814821684615,0,0,3.1,0.8019227481977484,20260302-205726,0.0,0.0
147.745620488434,1.556767701548172,-167.2716260459469,94.9053737057264,0,0,3.1,0.7283739540530978,20260302-205726,0.0,0.0
150.90924707264517,1.5899887185690176,-167.3420912323314,94.91214957076097,0,0,3.1,0.6579087676685991,20260302-205726,0.0,0.0
154.07309253775728,1.6232143631032843,-167.40966255385544,94.9185123295719,0,0,3.1,0.5903374461445484,20260302-205726,0.0,0.0
157.23714367114198,1.6564443549381032,-167.47451451459696,94.92449486902173,0,0,3.1,0.5254854854030304,20260302-205726,0.0,0.0
160.4013883018652,1.6896784360368715,-167.53680787807303,94.93012686963414,0,0,3.1,0.4631921219269523,20260302-205726,0.0,0.0
159.34073329334691,3.234913948345723,-174.91097798975673,-49.25656009330044,0,0,3.1,-6.910977989756724,20260302-205726,0.0,0.0
157.7352549537847,3.3517174821056757,-176.14202326642885,-47.061023429304505,0,0,3.1,-8.142023266428847,20260302-205726,0.0,0.0
156.204070420483,3.486774583371913,-177.39779252325425,-44.799016020537984,0,0,3.1,-9.397792523254251,20260302-205726,0.0,0.0
154.7493850334687,3.643629602152753,-178.6777956835167,-42.471217420683665,0,0,3.1,-10.67779568351672,20260302-205726,0.0,0.0
153.3733755000003,3.82680801392646,-179.981426922202,-40.078669988629244,0,0,3.1,-11.981426922201997,20260302-205726,0.0,0.0
152.07817742203915,4.042181146512895,178.69203989020502,-37.62280113379723,0,0,3.1,-13.307960109795006,20260302-205726,0.0,0.0
150.8658721363852,4.297506676960223,177.34345469210677,-35.10544217306438,0,0,3.1,-14.656545307893195,20260302-205726,0.0,0.0
149.7384729942604,4.603252354787425,175.9737934990403,-32.52884296871776,0,0,3.1,-16.026206500959727,20260302-205726,0.0,0.0
148.6979112346618,4.973892670051554,174.58415926078123,-29.895681531286552,0,0,3.1,-17.415840739218734,20260302-205726,0.0,0.0
147.7460216322851,5.430028790563398,173.1757811492896,-27.20906782097477,0,0,3.1,-18.82421885071041,20260302-205726,0.0,0.0
146.88452812499267,6.0020137550934445,171.75001214453607,-24.472541070127196,0,0,3.1,-20.24998785546393,20260302-205726,0.0,0.0
146.11502964634968,6.7364972305487,170.30832481839218,-21.690060078069436,0,0,3.1,-21.69167518160784,20260302-205726,0.0,0.0
145.4389864043453,7.709058283568788,168.85230525749773,-18.865986097723027,0,0,3.1,-23.147694742502285,20260302-205726,0.0,0.0
144.85770685680075,9.050745434274496,167.383645113343,-16.005058136784562,0,0,3.1,-24.616354886657003,20260302-205726,0.0,0.0
144.37233563607705,11.01039992937678,165.90413182015698,-13.112360728230962,0,0,3.1,-26.095868179843063,20260302-205726,0.0,0.0
143.98384266972164,14.125362929845243,164.41563707653745,-10.193284475933753,0,0,3.1,-27.584362923462574,20260302-205726,0.0,0.0
143.69301372919986,19.810217293146998,162.92010374263646,-7.253479939309297,0,0,3.1,-29.07989625736351,20260302-205726,0.0,0.0
143.50044261582843,33.38146767849202,161.41953135840237,-4.298805672594409,0,0,3.1,-30.58046864159764,20260302-205726,0.0,0.0
143.40652516191557,107.39877912557219,159.9159605370719,-1.3352714651834412,0,0,3.1,-32.08403946292807,20260302-205726,0.0,0.0
143.4114551868482,87.92735930827462,158.4114565291115,1.631021974446492,0,0,3.1,-33.58854347088852,20260302-205726,0.0,0.0
143.51522250382155,31.24007947249112,156.90809228275884,4.593945499728829,0,0,3.1,-35.09190771724113,20260302-205726,0.0,0.0
143.71761302481764,19.041991116247047,155.40793134639318,7.547404688273097,0,0,3.1,-36.59206865360685,20260302-205726,0.0,0.0
144.01821096131857,13.73511560086918,153.913010963994,10.485402172531032,0,0,3.1,-38.08698903600599,20260302-205726,0.0,0.0
144.4164030682259,10.775656670631395,152.42532570758704,13.402097661651267,0,0,3.1,-39.57467429241296,20260302-205726,0.0,0.0
144.91138483068713,8.8947085723573,150.94681197024937,16.291864275468026,0,0,3.1,-41.05318802975062,20260302-205726,0.0,0.0
145.50216844998738,7.598286348795312,149.47933361120022,19.149339965722188,0,0,3.1,-42.52066638879978,20260302-205726,0.0,0.0
146.1875924470586,6.65412376749587,148.02466900261703,21.969472999759518,0,0,3.1,-43.97533099738296,20260302-205726,0.0,0.0
146.96633267181943,5.938618935468746,146.58449967850373,24.74756071551493,0,0,3.1,-45.41550032149627,20260302-205726,0.0,0.0
147.83691448436784,5.379941143039414,145.16040073190368,27.47928100954036,0,0,3.1,-46.839599268096336,20260302-205726,0.0,0.0
148.79772586041253,4.93349443327561,143.75383305080743,30.16071627785699,0,0,3.1,-48.246166949192556,20260302-205726,0.0,0.0
149.84703116818983,4.570127523204995,142.3661374279552,32.7883697790348,0,0,3.1,-49.633862572044784,20260302-205726,0.0,0.0
150.98298536698837,4.26998047879718,140.99853052779497,35.359174618409284,0,0,3.1,-51.001469472205066,20260302-205726,0.0,0.0
152.2036483874608,4.019056137588437,139.65210264713374,37.870495752464876,0,0,3.1,-52.34789735286627,20260302-205726,0.0,0.0
153.50699947004748,3.8072053912147514,138.32781716600505,40.3201255766946,0,0,3.1,-53.672182833994945,20260302-205726,0.0,0.0
154.8909512588076,3.626889857870724,137.02651155292858,42.70627378514909,0,0,3.1,-54.97348844707143,20260302-205726,0.0,0.0
156.35336347241545,3.4723931365135536,135.7488997644926,45.02755227462568,0,0,3.1,-56.2511002355074,20260302-205726,0.0,0.0
157.8920560007184,3.3393017198948347,134.4955758629933,47.28295591261844,0,0,3.1,-57.50442413700673,20260302-205726,0.0,0.0
159.50482130283254,3.224153807605973,133.2670186672716,49.47183999924292,0,0,3.1,-58.7329813327284,20260302-205726,0.0,0.0
161.18943601018296,3.1241959010559204,132.0635972501439,51.593895234195756,0,0,3.1,-59.93640274985608,20260302-205726,0.0,0.0
162.94367166426252,3.0372104660915804,130.8855770999566,53.649120956028376,0,0,3.1,-61.11442290004341,20260302-205726,0.0,0.0
164.76530454345937,2.9613915784941764,129.73312677273032,55.63779735851078,0,0,3.1,-62.266873227269684,20260302-205726,0.0,0.0
166.65212455556824,2.8952536573533116,128.60632487397982,57.56045731340612,0,0,3.1,-63.39367512602019,20260302-205726,0.0,0.0
168.60194319220682,2.8375634512224477,127.50516722452073,59.417858345888824,0,0,3.1,-64.49483277547927,20260302-205726,0.0,0.0
170.61260055813415,2.7872886468971134,126.42957408141626,61.21095522276274,0,0,3.1,-65.57042591858371,20260302-205726,0.0,0.0
172.68197150237927,2.743558546647745,125.37939730280061,62.940873528422834,0,0,3.1,-66.62060269719942,20260302-205726,0.0,0.0
174.80797088921722,2.7056336320003194,124.35442736291424,64.6088845221734,0,0,3.0,-67.64557263708575,20260302-205726,0.0,0.0
176.9885580555424,2.6728817561282954,123.35440014071617,66.21638149527148,0,0,3.0,-68.64559985928386,20260302-205726,0.0,0.0
179.22174050731843,2.6447593396192364,122.3790034214552,67.76485777837193,0,0,3.0,-69.62099657854479,20260302-205726,0.0,0.0
181.50557691179313,2.6207963843779205,121.42788306528735,69.2558864907301,0,0,3.0,-70.57211693471268,20260302-205726,0.0,0.0
183.83817944434423,2.600584430802528,120.50064881021382,70.69110207185723,0,0,3.0,-71.49935118978618,20260302-205726,0.0,0.0
186.21771554945244,2.5837668052068676,119.59687968820515,72.0721835941936,0,0,3.0,-72.40312031179488,20260302-205726,0.0,0.0
188.64240917466154,2.5700306649604983,118.71612904333887,73.40083982132602,0,0,3.0,-73.28387095666112,20260302-205726,0.0,0.0
191.11054153474078,2.5591004662624837,117.85792914917317,74.67879594967758,0,0,3.0,-74.14207085082681,20260302-205726,0.0,0.0
193.62045146084418,2.5507325663150104,117.02179542948107,75.90778195166244,0,0,3.0,-74.97820457051893,20260302-205726,0.0,0.0
196.17053538647988,2.5447107365261474,116.20723029201054,77.08952242417837,0,0,3.0,-75.79276970798945,20260302-205726,0.0,0.0
198.75924701873114,2.540842412262153,115.41372658924467,78.22572783715957,0,0,3.0,-76.58627341075535,20260302-205726,0.0,0.0
201.3850967395691,2.538955541842658,114.64077072336056,79.31808707190397,0,0,3.0,-77.35922927663943,20260302-205726,0.0,0.0
204.04665077838456,2.5388959259663935,113.88784541487371,80.36826113725682,0,0,2.9,-78.11215458512629,20260302-205726,0.0,0.0
206.74253019314685,2.5405249607652736,113.15443215594149,81.3778779527797,0,0,2.9,-78.84556784405852,20260302-205726,0.0,0.0
209.47140969394903,2.543717714809723,112.44001337012492,82.34852809114398,0,0,2.9,-79.55998662987506,20260302-205726,0.0,0.0
212.23201633918018,2.5483612838036804,111.74407430068442,83.28176137662983,0,0,2.9,-80.2559256993156,20260302-205726,0.0,0.0
215.02312813122137,2.554353377285782,111.0661046493268,84.17908424233055,0,0,2.9,-80.93389535067323,20260302-205726,0.0,0.0
217.84357253542052,2.5616011000451127,110.4055999868221,85.04195775508687,0,0,2.9,-81.59440001317792,20260302-205726,0.0,0.0
220.69222494318237,2.570019897656583,109.76206295614747,85.87179622399647,0,0,2.9,-82.23793704385251,20260302-205726,0.0,0.0
223.56800709731968,2.5795326409143557,109.13500428786813,86.66996631532156,0,0,2.9,-82.86499571213189,20260302-205726,0.0,0.0
226.46988549535666,2.590068828276373,108.5239436463857,87.43778660355787,0,0,2.9,-83.47605635361428,20260302-205726,0.0,0.0
229.39686978424643,2.601563888947078,107.92841032452407,88.17652749519424,0,0,2.9,-84.07158967547593,20260302-205726,0.0,0.0
232.34801115795867,2.6139585720881793,107.34794380271791,88.88741146817252,0,0,2.9,-84.65205619728208,20260302-205726,0.0,0.0
235.32240076759592,2.6271984099899592,106.78209418785593,89.57161357618791,0,0,2.9,-85.21790581214407,20260302-205726,0.0,0.0
238.31916815210013,2.641233244961313,106.23042254562733,90.2302621726961,0,0,2.9,-85.76957745437264,20260302-205726,0.0,0.0
241.33747969619372,2.656016811286067,105.69250113905201,90.8644398147977,0,0,2.9,-86.307498860948,20260302-205726,0.0,0.0
244.37653712095656,2.6715063649103974,105.16791358474802,91.47518431203625,0,0,2.9,-86.83208641525198,20260302-205726,0.0,0.0
247.43557601134802,2.6876623546219554,104.65625493742397,92.0634898895818,0,0,2.9,-87.34374506257605,20260302-205726,0.0,0.0
250.51386438403506,2.7044481293963774,104.15713171207233,92.63030843928547,0,0,2.9,-87.84286828792764,20260302-205726,0.0,0.0
253.61070129806356,2.721829677353596,103.67016185240101,93.17655083570342,0,0,2.8,-88.329838147599,20260302-205726,0.0,0.0
256.72541551020294,2.739775392411182,103.1949746531609,93.70308829741978,0,0,2.8,-88.80502534683907,20260302-205726,0.0,0.0
259.8573641761858,2.7582558652657894,102.73121064322265,94.21075377687833,0,0,2.8,-89.26878935677733,20260302-205726,0.0,0.0
263.00593159855,2.777243695794159,102.27852143550774,94.70034336448204,0,0,2.8,-89.72147856449227,20260302-205726,0.0,0.0
266.1705280213518,2.7967133243558173,101.83656954920298,95.17261769497249,0,0,2.8,-90.16343045079705,20260302-205726,0.0,0.0
269.3505884716555,2.8166408798123204,101.4050282090655,95.62830334607762,0,0,2.8,-90.59497179093448,20260302-205726,0.0,0.0
272.5455716473977,2.837004042361862,100.98358112606417,96.06809422114821,0,0,2.8,-91.01641887393583,20260302-205726,0.0,0.0
275.75495885097746,2.8577819195312815,100.57192226309354,96.49265290901042,0,0,2.8,-91.42807773690646,20260302-205726,0.0,0.0
275.9459596828736,3.060114503439181,128.8160926966532,-90.17504389876434,0,0,2.8,-63.183907303346835,20260302-205726,0.0,0.0
272.9423724508372,3.0313643457002137,128.58357364782466,-90.03944802543698,0,0,2.8,-63.416426352175364,20260302-205726,0.0,0.0
269.94338034275233,3.002730471592687,128.3458841741592,-89.89930428206928,0,0,2.8,-63.65411582584082,20260302-205726,0.0,0.0
266.94913822794604,2.9742173634752733,128.1028583388681,-89.75441455833104,0,0,2.8,-63.89714166113191,20260302-205726,0.0,0.0
263.9598077518717,2.945829737079179,127.85432343854603,-89.6045702945448,0,0,2.8,-64.14567656145395,20260302-205726,0.0,0.0
260.97555769488844,2.917572556896525,127.60009968027339,-89.44955184679036,0,0,2.8,-64.3999003197266,20260302-205726,0.0,0.0
257.9965643529035,2.8894510528026207,127.33999984202853,-89.28912780947091,0,0,2.8,-64.6600001579715,20260302-205726,0.0,0.0
255.02301194134728,2.8614707380291624,127.07382891558382,-89.1230542923512,0,0,2.8,-64.92617108441617,20260302-205726,0.0,0.0
252.05509302404928,2.833637428618165,126.80138373103512,-88.95107414887761,0,0,2.8,-65.19861626896491,20260302-205726,0.0,0.0
249.09300896869544,2.805957264500945,126.52245256209062,-88.77291615237698,0,0,2.8,-65.47754743790935,20260302-205726,0.0,0.0
246.13697043066475,2.778436732362775,126.23681471123166,-88.58829411650865,0,0,2.8,-65.76318528876837,20260302-205726,0.0,0.0
243.187197867166,2.7510826904721952,125.94424007383924,-88.39690595611482,0,0,2.8,-66.05575992616076,20260302-205726,0.0,0.0
240.24392208372979,2.7239023956748154,125.64448868038045,-88.19843268437381,0,0,2.8,-66.35551131961957,20260302-205726,0.0,0.0
237.30738481525012,2.69690353277497,125.3373102157434,-87.99253734191726,0,0,2.8,-66.66268978425659,20260302-205726,0.0,0.0
234.3778393439193,2.6700942465553648,125.02244351482614,-87.77886385332108,0,0,2.8,-66.97755648517384,20260302-205726,0.0,0.0
231.45555115655742,2.643483176715222,124.69961603350339,-87.55703580613017,0,0,2.8,-67.30038396649661,20260302-205726,0.0,0.0
228.54079864400222,2.6170794960420714,124.36854329413472,-87.32665514732544,0,0,2.8,-67.63145670586526,20260302-205726,0.0,0.0
225.63387384539993,2.5908929521718074,124.02892830483194,-87.08730079189999,0,0,2.8,-67.97107169516808,20260302-205726,0.0,0.0
222.73508324041862,2.564933913336821,123.68046095177749,-86.8385271379776,0,0,2.8,-68.31953904822252,20260302-205726,0.0,0.0
219.84474859259532,2.539213418553715,123.32281736398909,-86.57986248269532,0,0,2.8,-68.67718263601091,20260302-205726,0.0,0.0
216.96320784722363,2.513743232761519,122.95565925005371,-86.31080733288528,0,0,2.8,-69.04434074994626,20260302-205726,0.0,0.0
214.09081608738978,2.48853590748961,122.57863320652211,-86.03083260444521,0,0,2.8,-69.42136679347792,20260302-205726,0.0,0.0
211.22794655197126,2.463604847713355,122.19136999786235,-85.73937770419099,0,0,2.8,-69.80863000213762,20260302-205726,0.0,0.0
208.37499171961875,2.4389643856464707,121.79348380813053,-85.43584848795854,0,0,2.8,-70.20651619186948,20260302-205726,0.0,0.0
205.53236446294974,2.4146298623245777,121.38457146483051,-85.11961508878325,0,0,2.8,-70.61542853516951,20260302-205726,0.0,0.0
202.70049927738538,2.3906177179568586,120.9642116358242,-84.79000960915799,0,0,2.8,-71.03578836417583,20260302-205726,0.0,0.0
199.8798535892567,2.3669455921652607,120.53196400061614,-84.4463236716854,0,0,2.8,-71.46803599938386,20260302-205726,0.0,0.0
197.07090914798906,2.3436324353970783,120.0873683978985,-84.08780582292957,0,0,2.8,-71.9126316021015,20260302-205726,0.0,0.0
194.27417350733498,2.3206986329914585,119.62994395191049,-83.71365878597905,0,0,2.8,-72.37005604808954,20260302-205726,0.0,0.0
191.49018160076017,2.298166143608908,119.15918818096361,-83.32303655820766,0,0,2.8,-72.84081181903642,20260302-205726,0.0,0.0
188.7194974161838,2.2760586540018934,118.67457609242666,-82.91504135201728,0,0,2.8,-73.32542390757334,20260302-205726,0.0,0.0
185.9627157753209,2.2544017524221944,118.17555926957675,-82.48872037804139,0,0,3.0,-73.82444073042326,20260302-205726,0.0,0.0
183.22046422285757,2.2332231233368134,117.66156495702995,-82.04306247245694,0,0,3.0,-74.33843504297003,20260302-205726,0.0,0.0
180.49340503059096,2.212552766571149,117.13199515299641,-81.57699457279219,0,0,3.2,-74.86800484700362,20260302-205726,0.0,0.0
177.78223732146407,2.1924232445309317,116.58622571838646,-81.08937805004003,0,0,3.2,-75.41377428161357,20260302-205726,0.0,0.0
175.0876993180979,2.1728699617918505,116.02360551487067,-80.57900490911676,0,0,3.2,-75.97639448512935,20260302-205726,0.0,0.0
172.41057071993822,2.153931482111237,115.44345558639179,-80.04459387489202,0,0,3.2,-76.55654441360821,20260302-205726,0.0,0.0
169.7516752124581,2.1356498888387225,114.84506840139306,-79.48478638732401,0,0,3.2,-77.15493159860692,20260302-205726,0.0,0.0
167.1118831109499,2.118071195819278,114.22770717619761,-78.89814253685196,0,0,3.2,-77.77229282380237,20260302-205726,0.0,0.0
164.4921141402547,2.1012458172387456,113.59060530359551,-78.28313698033405,0,0,3.2,-78.40939469640449,20260302-205726,0.0,0.0
161.89334035025732,2.085229106517698,112.93296591480976,-77.63815488870516,0,0,3.2,-79.06703408519022,20260302-205726,0.0,0.0
159.31658916506095,2.070081976389443,112.25396160765979,-76.9614879904103,0,0,3.2,-79.7460383923402,20260302-205726,0.0,0.0
156.76294656137415,2.05587161479838,111.55273437895704,-76.25133078981099,0,0,3.2,-80.44726562104296,20260302-205726,0.0,0.0
154.2335603687166,2.0426723143503387,110.82839580497898,-75.50577705742774,0,0,3.2,-81.17160419502099,20260302-205726,0.0,0.0
151.72964368048764,2.030566436898291,110.08002752028642,-74.72281670933953,0,0,3.2,-81.91997247971359,20260302-205726,0.0,0.0
149.25247836064835,2.019645539666259,109.30668205216784,-73.90033321654647,0,0,3.2,-82.69331794783217,20260302-205726,0.0,0.0
146.8034186256395,2.0100116953790574,108.50738407558288,-73.03610171181349,0,0,3.2,-83.49261592441714,20260302-205726,0.0,0.0
144.38389467507994,2.0017790465438923,107.68113216155189,-72.12778799156747,0,0,3.2,-84.3188678384481,20260302-205726,0.0,0.0
141.99541633765958,1.9950756438133468,106.82690110038948,-71.17294864381806,0,0,3.2,-85.17309889961055,20260302-205726,0.0,0.0
139.63957669033823,1.9900456309093013,105.94364488980659,-70.16903256963683,0,0,3.2,-86.05635511019341,20260302-205726,0.0,0.0
137.31805559939784,1.9868518548013168,105.03030048644888,-69.1133842050491,0,0,3.2,-86.96969951355113,20260302-205726,0.0,0.0
135.03262312098008,1.9856790009392562,104.08579242751676,-68.00324879152552,0,0,3.2,-87.91420757248324,20260302-205726,0.0,0.0
132.78514268643485,1.986737381035665,103.10903843624374,-66.8357800854461,0,0,3.2,-88.89096156375625,20260302-205726,0.0,0.0
130.57757398409555,1.9902675375464147,102.09895613054505,-65.6080509382525,0,0,3.2,-89.90104386945494,20260302-205726,0.0,0.0
128.41197543406113,1.9965458779474863,101.05447095729744,-64.31706721714444,0,0,3.2,-90.94552904270256,20260302-205726,0.0,0.0
126.29050613634726,2.0058916179121,99.97452547448347,-62.95978556797651,0,0,3.2,-92.02547452551654,20260302-205726,0.0,0.0
124.21542715565765,2.0186754024262834,98.85809009866028,-61.53313554341665,0,0,3.2,-93.14190990133972,20260302-205726,0.0,0.0
122.18910198843878,2.035330097784007,97.70417542452935,-60.034046625396925,0,0,3.2,-94.29582457547062,20260302-205726,0.0,0.0
120.21399604043856,2.0563644201562803,96.5118462052618,-58.45948065533175,0,0,3.2,-95.48815379473818,20260302-205726,0.0,0.0
118.29267492651832,2.0823803104120047,95.28023705502346,-56.80647014142858,0,0,3.2,-96.71976294497651,20260302-205726,0.0,0.0
116.42780139005535,2.1140953142820735,94.00856989716073,-55.072162831784674,0,0,3.2,-97.99143010283929,20260302-205726,0.0,0.0
114.62213062827043,2.1523717349756692,92.69617313115083,-53.25387281652169,0,0,3.2,-99.30382686884917,20260302-205726,0.0,0.0
112.87850380385666,2.1982550762196067,91.34250242736493,-51.34913824376405,0,0,3.2,-100.65749757263505,20260302-205726,0.0,0.0
111.1998395242599,2.253025423616359,89.94716298010263,-49.35578549565218,0,0,3.2,-102.05283701989738,20260302-205726,0.0,0.0
109.58912307996584,2.3182671464679427,88.50993295619924,-47.27199936682589,0,0,3.2,-103.49006704380076,20260302-205726,0.0,0.0
108.04939325438866,2.3959650226109424,87.03078776986013,-45.096398417638234,0,0,3.2,-104.96921223013985,20260302-205726,0.0,0.0
106.58372655259356,2.488639260431061,85.50992469679284,-42.82811424188977,0,0,3.2,-106.49007530320718,20260302-205726,0.0,0.0
105.19521874603151,2.599539109231238,83.9477872165478,-40.46687290545935,0,0,3.2,-108.0522127834522,20260302-205726,0.0,0.0
103.88696369710533,2.7329270297005137,82.34508834764995,-38.01307629808532,0,0,3.2,-109.65491165235004,20260302-205726,0.0,0.0
102.66202951126975,2.894507021542641,80.70283212416132,-35.46788062602645,0,0,3.1,-111.29716787583868,20260302-205726,0.0,0.0
101.52343216485956,3.092090305911981,79.02233226532854,-32.83326879902243,0,0,3.1,-112.97766773467144,20260302-205726,0.0,0.0
100.47410687178929,3.3366674269103083,77.305227024033,-30.11211308069334,0,0,3.1,-114.69477297596703,20260302-205726,0.0,0.0
99.51687757775316,3.6442090518919743,75.55348917766281,-27.30822413332372,0,0,3.1,-116.44651082233717,20260302-205726,0.0,0.0
98.65442510074327,4.038847131203299,73.76943015899303,-24.426382553219096,0,0,3.1,-118.23056984100698,20260302-205726,0.0,0.0
97.88925456392899,4.558851646460741,71.95569742474618,-21.47234921318951,0,0,3.1,-120.04430257525382,20260302-205726,0.0,0.0
97.22366288201705,5.268760995665196,70.11526433183161,-18.452851241877653,0,0,3.1,-121.88473566816837,20260302-205726,0.0,0.0
96.65970715505705,6.286588896538469,68.25141203620473,-15.375541290489021,0,0,3.1,-123.74858796379529,20260302-205726,0.0,0.0
96.19917488418261,7.853680600066596,66.36770324013094,-12.248928850425479,0,0,3.1,-125.63229675986904,20260302-205726,0.0,0.0
95.84355694299222,10.552803644060946,64.46794797580867,-9.082283739538013,0,0,3.1,-127.5320520241913,20260302-205726,0.0,0.0
95.5940242094793,16.24225755258919,62.55616200468472,-5.885513383836263,0,0,3.1,-129.44383799531528,20260302-205726,0.0,0.0
95.45140868332595,35.76275693091152,60.63651880418007,-2.669017069006293,0,0,3.1,-131.36348119581993,20260302-205726,0.0,0.0
95.41618978292409,171.46437627388303,58.713296475239076,0.5564782134716668,0,0,3.1,-133.28670352476095,20260302-205726,0.0,0.0
95.48848634124191,25.260872895178384,56.79082120345913,3.780094485945815,0,0,3.1,-135.20917879654084,20260302-205726,0.0,0.0
95.66805460958729,13.684487878169415,54.87340911582203,6.990985374191794,0,0,3.1,-137.126590884178,20260302-205726,0.0,0.0
95.95429234700909,9.427138351412857,52.96530847410122,10.178517464170694,0,0,3.1,-139.03469152589875,20260302-205726,0.0,0.0
96.3462488363635,7.226450987325676,51.070644125153194,13.332443408990555,0,0,3.0,-140.9293558748468,20260302-205726,0.0,0.0
96.84264044238232,5.88957520365606,49.19336598955272,16.44306033859038,0,0,3.0,-142.80663401044728,20260302-205726,0.0,0.0
97.44187112764968,4.996673591199774,47.33720312697437,19.501348116728288,0,0,3.0,-144.6627968730256,20260302-205726,0.0,0.0
98.14205718168593,4.36204692735332,45.50562459245043,22.499083301067053,0,0,3.0,-146.4943754075496,20260302-205726,0.0,0.0
98.94105530486327,3.8908860985621176,43.70180792169748,25.428926161942154,0,0,3.0,-148.29819207830252,20260302-205726,0.0,0.0
99.8364931265997,3.5297270556679714,41.92861568819802,28.284479664308346,0,0,3.0,-150.07138431180198,20260302-205726,0.0,0.0
100.82580122560915,3.2461287803164987,40.188580190492075,31.060320784863812,0,0,3.0,-151.81141980950792,20260302-205726,0.0,0.0
101.90624575434708,3.0192648790073586,38.48389598153926,33.75200581535288,0,0,3.0,-153.5161040184607,20260302-205726,0.0,0.0
103.07496084256155,2.8351527260928413,36.81641966265403,36.356052319132175,0,0,3.0,-155.18358033734597,20260302-205726,0.0,0.0
104.32898005653409,2.6840557100140767,35.187676144245245,38.86990112287458,0,0,3.0,-156.81232385575476,20260302-205726,0.0,0.0
105.66526631097211,2.5589852539697873,33.59887042855547,41.291862134434815,0,0,3.0,-158.40112957144453,20260302-205726,0.0,0.0
107.08073975973225,2.454795217039756,32.05090389324175,43.62104790511251,0,0,3.0,-159.94909610675822,20260302-205726,0.0,0.0
108.5723033208987,2.3676122732088065,30.544394041298574,45.857298743324854,0,0,3.0,-161.4556059587014,20260302-205726,0.0,0.0
110.13686561415226,2.294465313910172,29.079696721480786,48.00110289157507,0,0,2.9,-162.92030327851919,20260302-205726,0.0,0.0
111.77136119867788,2.2330372106261076,27.65692990146465,50.053514857165766,0,0,2.9,-164.34307009853532,20260302-205726,0.0,0.0
113.47276809477981,2.18149426305664,26.275998180813815,52.01607449372129,0,0,2.9,-165.72400181918619,20260302-205726,0.0,0.0
115.23812265031447,2.1383663753783946,24.93661735074761,53.890728912122235,0,0,2.9,-167.06338264925236,20260302-205726,0.0,0.0
117.06453187382179,2.1024611889748317,23.638338432841465,55.67975879302815,0,0,2.9,-168.36166156715856,20260302-205726,0.0,0.0
118.94918340071122,2.0728014513493287,22.380570751292453,57.38571020551874,0,0,2.9,-169.61942924870755,20260302-205726,0.0,0.0
120.8893532886412,2.048578601975241,21.16260370759403,59.01133262452297,0,0,2.9,-170.837396292406,20260302-205726,0.0,0.0
122.8824118553451,2.0291178788914346,19.983627028658134,60.55952349228686,0,0,2.9,-172.01637297134184,20260302-205726,0.0,0.0
124.92582777879954,2.0138517423365636,18.84274934762027,62.03327938821099,0,0,2.9,-173.1572506523797,20260302-205726,0.0,0.0
127.01717067798664,2.002299390975333,17.739015050080923,63.43565365422989,0,0,2.9,-174.26098494991908,20260302-205726,0.0,0.0
129.15411238460112,1.9940508011818245,16.67141937774926,64.76972016362606,0,0,2.9,-175.32858062225074,20260302-205726,0.0,0.0
131.33442710370514,1.988754165538176,15.638921827370496,66.03854281213525,0,0,2.8,-176.36107817262948,20260302-205726,0.0,0.0
133.55599064607162,1.9861059148992797,14.640457916900345,67.24515024307985,0,0,2.8,-177.35954208309963,20260302-205726,0.0,0.0
135.81677889804186,1.985842724637352,13.674949414773323,68.3925152848367,0,0,2.8,-178.32505058522665,20260302-205726,0.0,0.0
138.11486567714746,1.987735059504671,12.741313143486991,69.48353857156631,0,0,2.8,-179.25868685651298,20260302-205726,0.0,0.0
140.44842010426552,1.9915819223461075,11.838468477202667,70.52103583005794,0,0,2.7,179.83846847720267,20260302-205726,0.0,0.0
142.8157036062313,1.9972065526270506,10.965343656125583,71.5077283410556,0,0,2.7,178.96534365612558,20260302-205726,0.0,0.0
145.21506664699925,2.0044528802134556,10.120881039365827,72.44623611782542,0,0,2.7,178.12088103936583,20260302-205726,0.0,0.0
147.64494527085185,2.0131825840942974,9.30404141390909,73.33907338428284,0,0,2.7,177.3040414139091,20260302-205726,0.0,0.0
150.1038575279267,2.0232726389795883,8.513807471157833,74.18864597686135,0,0,2.7,176.51380747115783,20260302-205726,0.0,0.0
152.59039984050855,2.0346132579014276,7.749186554981804,74.99725033635912,0,0,2.7,175.7491865549818,20260302-205726,0.0,0.0
155.10324335809136,2.047106158199763,7.009212776929644,75.7670737967444,0,0,2.7,175.00921277692964,20260302-205726,0.0,0.0
157.64113034009628,2.0606630931050023,6.292948585644837,76.50019591633632,0,0,2.7,174.29294858564484,20260302-205726,0.0,0.0
160.2028705972462,2.0752046026375863,5.599485868936711,77.19859063228188,0,0,2.7,173.5994858689367,20260302-205726,0.0,0.0
162.78733801584104,2.090658946537009,4.927946658620186,77.86412905150493,0,0,2.7,172.9279466586202,20260302-205726,0.0,0.0
165.39346718344177,2.1069611890061277,4.277483500316748,78.49858272019682,0,0,2.7,172.27748350031675,20260302-205726,0.0,0.0
168.0202501296426,2.124052410655367,3.6472795430143776,79.10362723949956,0,0,2.7,171.64727954301438,20260302-205726,0.0,0.0
170.66673319158002,2.1418790274894928,3.0365483963679196,79.68084611744827,0,0,2.7,171.03654839636792,20260302-205726,0.0,0.0
173.33201401049698,2.160392200349462,2.4445337975126904,80.23173476670533,0,0,2.7,170.4445337975127,20260302-205726,0.0,0.0
176.01523866294974,2.17954732109586,1.8705091235615043,80.75770457438409,0,0,2.7,169.8705091235615,20260302-205726,0.0,0.0
178.71559892803447,2.199303564146116,1.3137767809374452,81.26008698459103,0,0,2.7,169.31377678093745,20260302-205726,0.0,0.0
181.43232969023978,2.2196234938688657,0.7736674982359091,81.74013754648009,0,0,2.7,168.7736674982359,20260302-205726,0.0,0.0
184.16470647613383,2.2404727198838525,0.2495395453703111,82.19903989086778,0,0,2.7,168.2495395453703,20260302-205726,0.0,0.0
183.12410002391766,4.076522209031795,-30.155543629096,-44.921649051290466,0,0,2.7,137.844456370904,20260302-205726,0.0,0.0
181.62705283825306,4.045047047410725,-30.044498758038543,-44.90109773989263,0,0,2.7,137.95550124196146,20260302-205726,0.0,0.0
180.13069922330453,4.0136045164793215,-29.931608547824624,-44.88003202201713,0,0,2.7,138.06839145217538,20260302-205726,0.0,0.0
178.63505660835693,3.9821954833751545,-29.81682751316734,-44.85843483930447,0,0,2.7,138.18317248683266,20260302-205726,0.0,0.0
177.14014300291288,3.9508208462351537,-29.700108692967802,-44.83628843148244,0,0,2.7,138.2998913070322,20260302-205726,0.0,0.0
175.64597702065714,3.9194815355933432,-29.581403591363625,-44.81357430200709,0,0,2.7,138.41859640863638,20260302-205726,0.0,0.0
174.15257790459853,3.8881785158548956,-29.460662116004016,-44.790273181761954,0,0,2.7,138.53933788399598,20260302-205726,0.0,0.0
172.65996555345583,3.856912786851409,-29.33783251340273,-44.76636499069164,0,0,2.7,138.66216748659727,20260302-205726,0.0,0.0
171.1681605493589,3.825685385482678,-29.212861301211774,-44.74182879723734,0,0,2.7,138.78713869878823,20260302-205726,0.0,0.0
169.67718418694042,3.794497387450615,-29.08569319724853,-44.71664277543234,0,0,2.7,138.91430680275147,20260302-205726,0.0,0.0
168.18705850389907,3.7633499090914264,-28.95627104510004,-44.69078415950536,0,0,2.7,139.04372895489996,20260302-205726,0.0,0.0
166.6978063131194,3.732244109312583,-28.8245357361169,-44.664229195828874,0,0,2.7,139.1754642638831,20260302-205726,0.0,0.0
165.20945123644057,3.701181191641667,-28.690426127597703,-44.63695309203751,0,0,2.7,139.3095738724023,20260302-205726,0.0,0.0
163.72201774017034,3.670162406394687,-28.553878956954208,-44.608929963129206,0,0,2.7,139.4461210430458,20260302-205726,0.0,0.0
162.23553117244916,3.6391890529720814,-28.41482875163274,-44.580132774348,0,0,2.7,139.58517124836726,20260302-205726,0.0,0.0
160.75001780257458,3.6082624822912672,-28.273207734555513,-44.55053328063246,0,0,2.7,139.7267922654445,20260302-205726,0.0,0.0
159.26550486240458,3.577384099365295,-28.12894572482986,-44.52010196239809,0,0,2.7,139.87105427517014,20260302-205726,0.0,0.0
157.78202058996598,3.546555366037966,-27.98197003345885,-44.48880795740464,0,0,2.7,140.01802996654115,20260302-205726,0.0,0.0
156.2995942754028,3.515777803886581,-27.83220535376941,-44.45661898844078,0,0,2.7,140.1677946462306,20260302-205726,0.0,0.0
154.818256309409,3.485052997304456,-27.679573646257495,-44.423501286538404,0,0,2.7,140.3204263537425,20260302-205726,0.0,0.0
153.33803823429935,3.454382596776302,-27.523994017531095,-44.38941950940739,0,0,2.7,140.4760059824689,20260302-205726,0.0,0.0
151.8589727978834,3.4237683223607167,-27.36538259301159,-44.35433665475805,0,0,2.7,140.6346174069884,20260302-205726,0.0,0.0
150.38109401031895,3.393211967395214,-27.203652383033642,-44.31821396815313,0,0,2.7,140.79634761696636,20260302-205726,0.0,0.0
148.9044372041335,3.3627154024405765,-27.03871314196121,-44.281010845004104,0,0,2.7,140.9612868580388,20260302-205726,0.0,0.0
147.42903909761583,3.332280579482742,-26.870471219913696,-44.24268472629658,0,0,2.7,141.1295287800863,20260302-205726,0.0,0.0
145.95493786179415,3.3019095364120834,-26.69882940667071,-44.20319098759789,0,0,2.7,141.3011705933293,20260302-205726,0.0,0.0
144.48217319123248,3.2716044018016546,-26.523686767297562,-44.16248282086518,0,0,2.7,141.47631323270244,20260302-205726,0.0,0.0
143.010786378894,3.241367400007975,-26.344938469005086,-44.12051110853467,0,0,2.7,141.6550615309949,20260302-205726,0.0,0.0
141.5408203953378,3.2112008566200103,-26.16247559872744,-44.07722428933279,0,0,2.7,141.83752440127256,20260302-205726,0.0,0.0
140.07231997253467,3.1811072042844293,-25.976184970868815,-44.032568215205146,0,0,2.7,142.02381502913119,20260302-205726,0.0,0.0
138.60533169260935,3.1510889889377864,-25.785948924637722,-43.98648599871259,0,0,2.7,142.21405107536228,20260302-205726,0.0,0.0
137.13990408183764,3.1211488764791766,-25.591645110350044,-43.93891785019201,0,0,2.7,142.40835488964996,20260302-205726,0.0,0.0
135.67608771025297,3.0912896599201485,-25.393146264045868,-43.889800903923586,0,0,2.7,142.60685373595413,20260302-205726,0.0,0.0
134.21393529724153,3.0615142670521345,-25.190319969723618,-43.83906903248673,0,0,2.7,142.80968003027638,20260302-205726,0.0,0.0
132.75350182353486,3.0318257686756818,-24.98302840845463,-43.78665264842126,0,0,2.7,143.01697159154537,20260302-205726,0.0,0.0
131.2948446500382,3.002227387440054,-24.771128093595934,-43.732478492240716,0,0,2.7,143.22887190640407,20260302-205726,0.0,0.0
129.83802364396686,2.9727225073467274,-24.55446959127289,-43.67646940576786,0,0,2.7,143.4455304087271,20260302-205726,0.0,0.0
128.38310131279815,2.94331468397566,-24.33289722525521,-43.61854408968111,0,0,2.7,143.6671027747448,20260302-205726,0.0,0.0
126.93014294658434,2.9140076554992866,-24.106248765298318,-43.55861684407144,0,0,2.7,143.89375123470168,20260302-205726,0.0,0.0
125.47921676921536,2.884805354555988,-23.874355097969783,-43.496597290713346,0,0,2.7,144.12564490203022,20260302-205726,0.0,0.0
124.03039409926257,2.8557119210622597,-23.63703987892518,-43.432390075650936,0,0,2.7,144.36296012107482,20260302-205726,0.0,0.0
122.58374952108576,2.8267317160513614,-23.394119165541554,-43.36589455058792,0,0,2.7,144.60588083445845,20260302-205726,0.0,0.0
121.13936106693585,2.7978693366356655,-23.145401028757675,-43.29700443145121,0,0,2.7,144.85459897124232,20260302-205726,0.0,0.0
119.69731041084367,2.769129632200633,-22.89068514291131,-43.22560743236855,0,0,2.7,145.1093148570887,20260302-205726,0.0,0.0
117.84166890651802,1.0076886432973884,13.761441549525784,-116.94253943451525,0,0,2.7,-178.23855845047422,20260302-205726,0.0,0.0
113.94358548779329,0.974355945426539,13.769857147158973,-116.94246442752782,0,0,2.7,-178.230142852841,20260302-205726,0.0,0.0
110.04550470140335,0.9410232925758941,13.778868947079104,-116.94238130936392,0,0,2.7,-178.2211310529209,20260302-205726,0.0,0.0
106.14742683735203,0.9076906897054282,13.78854263230943,-116.9422888669266,0,0,2.7,-178.21145736769057,20260302-205726,0.0,0.0
102.24935222986652,0.8743581425314949,13.79895390192712,-116.9421856515546,0,0,2.7,-178.20104609807288,20260302-205726,0.0,0.0
98.35128126616095,0.841025657676723,13.8101904559079,-116.94206992192102,0,0,2.7,-178.1898095440921,20260302-205726,0.0,0.0
94.45321439737022,0.8076932428570304,13.822354471441201,-116.94193957010653,0,0,2.7,-178.1776455285588,20260302-205726,0.0,0.0
90.55515215230749,0.7743609071169425,13.8355657187995,-116.9417920249324,0,0,2.7,-178.1644342812005,20260302-205726,0.0,0.0
86.65709515493477,0.741028661128421,13.849965518135491,-116.9416241241943,0,0,2.7,-178.15003448186448,20260302-205726,0.0,0.0
82.75904414677086,0.7076965175741518,13.865721814453138,-116.94143194381262,0,0,2.7,-178.13427818554686,20260302-205726,0.0,0.0
78.86100001594455,0.6743644916445054,13.883035757626317,-116.94121056646102,0,0,2.7,-178.11696424237365,20260302-205726,0.0,0.0
74.96296383531227,0.6410326016895601,13.902150335264253,-116.94095376387018,0,0,2.7,-178.09784966473575,20260302-205726,0.0,0.0
71.06493691312018,0.6077008700857179,13.923361846585522,-116.94065355393725,0,0,2.7,-178.07663815341445,20260302-205726,0.0,0.0
67.16692086130683,0.5743693244041048,13.947035371359334,-116.94029957291154,0,0,2.6,-178.05296462864064,20260302-205726,0.0,0.0
63.26891768905367,0.5410379990109058,13.973625956729506,-116.93987816884993,0,0,2.6,-178.02637404327052,20260302-205726,0.0,0.0
59.37092993318642,0.5077069372981635,14.003708149532656,-116.93937106539745,0,0,2.6,-177.99629185046734,20260302-205726,0.0,0.0
55.472960843552436,0.47437619485517496,14.038017978640937,-116.93875334635646,0,0,2.6,-177.96198202135903,20260302-205726,0.0,0.0
51.57501465245707,0.44104584407815156,14.077513973229088,-116.93799033580325,0,0,2.6,-177.92248602677094,20260302-205726,0.0,0.0
47.677096976262206,0.40771598104134404,14.123468109734858,-116.9370326237655,0,0,2.6,-177.87653189026514,20260302-205726,0.0,0.0
43.779215431509826,0.37438673603926276,14.177605337613954,-116.93580786184317,0,0,2.6,-177.82239466238607,20260302-205726,0.0,0.0
39.88138061232427,0.3410582903119546,14.242324913235677,-116.93420668896835,0,0,2.6,-177.75767508676432,20260302-205726,0.0,0.0
35.983607703001226,0.30773090364249733,14.321065559713247,-116.93205744719337,0,0,2.5,-177.67893444028678,20260302-205726,0.0,0.0
32.085919265836736,0.2744049620739228,14.418936722589308,-116.92907818916558,0,0,2.5,-177.5810632774107,20260302-205726,0.0,0.0
28.18835034151494,0.24108106522468903,14.543873392026455,-116.92477928635012,0,0,2.5,-177.45612660797354,20260302-205726,0.0,0.0
84.75218779215943,2.1129839304752394,-13.750126891140695,-40.11019041356244,0,0,2.3,154.2498731088593,20260302-205726,0.0,0.0
83.41864895184082,2.090667959957515,-13.227711191981513,-39.90047704827121,0,0,2.3,154.7722888080185,20260302-205726,0.0,0.0
82.09227014263098,2.0688321424731186,-12.688367916847767,-39.68048855065468,0,0,2.3,155.31163208315223,20260302-205726,0.0,0.0
80.77340408957768,2.0475085659144523,-12.131361163517994,-39.44960496587857,0,0,2.3,155.868638836482,20260302-205726,0.0,0.0
79.46242486919814,2.026732242496231,-11.555919407163486,-39.20716471719422,0,0,2.3,156.4440805928365,20260302-205726,0.0,0.0
78.1597293418738,2.006541449656741,-10.961234099983727,-38.952461886717856,0,0,2.3,157.03876590001627,20260302-205726,0.0,0.0
76.86573867676177,1.986978119785919,-10.346458314932988,-38.68474338562089,0,0,2.3,157.653541685067,20260302-205726,0.0,0.0
75.5808999726832,1.9680882871387873,-9.7107054596774,-38.4032060282026,0,0,2.3,158.2892945403226,20260302-205726,0.0,0.0
74.30568797786958,1.949922601968993,-9.053048092445465,-38.10699353032637,0,0,2.3,158.94695190755453,20260302-205726,0.0,0.0
73.04060691064616,1.9325369239814025,-8.37251687785863,-37.795193460090935,0,0,2.3,159.62748312214137,20260302-205726,0.0,0.0
71.78619238205776,1.9159930097571796,-7.66809972825169,-37.46683417762337,0,0,2.3,160.3319002717483,20260302-205726,0.0,0.0
70.54301342003569,1.900359311982417,-6.938741184527117,-37.120881811790966,0,0,2.3,161.06125881547288,20260302-205726,0.0,0.0
69.3116745929004,1.885711912285907,-6.183342100319038,-36.75623733472578,0,0,2.3,161.81665789968096,20260302-205726,0.0,0.0
68.09281822771143,1.8721356144913204,-5.400759704265056,-36.37173381064758,0,0,2.3,162.59924029573494,20260302-205726,0.0,0.0
66.88712671612855,1.8597252314164479,-4.589808127539669,-35.96613391387092,0,0,2.3,163.41019187246033,20260302-205726,0.0,0.0
65.69532489693599,1.8485871064109647,-3.7492594975167606,-35.538127832387396,0,0,2.3,164.25074050248324,20260302-205726,0.0,0.0
64.5181825000966,1.8388409211571763,-2.8778457134388873,-35.08633169828281,0,0,2.3,165.1221542865611,20260302-205726,0.0,0.0
63.35651663203098,1.8306218546017703,-1.974261036148107,-34.60928671465764,0,0,2.3,166.0257389638519,20260302-205726,0.0,0.0
62.21119427563755,1.8240831752477737,-1.0371656410100343,-34.105459180712586,0,0,2.3,166.96283435898997,20260302-205726,0.0,0.0
61.08313477126622,1.8193993718053874,-0.06519030071919474,-33.57324165208077,0,0,2.3,167.9348096992808,20260302-205726,0.0,0.0
59.9733122363229,1.8167699573171623,0.9430576179249783,-33.01095551188326,0,0,2.3,168.94305761792498,20260302-205726,0.0,0.0
58.882757871328835,1.816424122069425,1.9889866428351013,-32.41685526849565,0,0,2.3,169.9889866428351,20260302-205726,0.0,0.0
57.812562089037804,1.818626464770944,3.0740119565399766,-31.789134937239186,0,0,2.3,171.07401195653998,20260302-205726,0.0,0.0
56.76387639063612,1.8236841052352193,4.199544202497265,-31.125936903044238,0,0,2.3,172.19954420249726,20260302-205726,0.0,0.0
55.737914899206956,1.8319555833424968,5.3669761089150825,-30.425363696596985,0,0,2.3,173.36697610891508,20260302-205726,0.0,0.0
54.73595544574251,1.8438620905194263,6.577666705470762,-29.685493143537155,0,0,2.3,174.57766670547076,20260302-205726,0.0,0.0
53.75934008739909,1.859901779594855,7.8329229241729195,-28.90439735968722,0,0,2.3,175.83292292417292,20260302-205726,0.0,0.0
52.809474921970335,1.8806681845086581,9.133978406576261,-28.080166058515683,0,0,2.3,177.13397840657626,20260302-205726,0.0,0.0
51.88782904750445,1.906874196201219,10.481969389547771,-27.210934602226423,0,0,2.2,178.48196938954777,20260302-205726,0.0,0.0
50.99593250269213,1.9393836535034774,11.877907614886027,-26.294917156060627,0,0,2.2,179.87790761488603,20260302-205726,0.0,0.0
50.09652505775489,0.5466471437400598,17.243246222071093,-91.64325768722328,0,0,2.2,-174.75675377792888,20260302-205726,0.0,0.0
47.04197409274554,0.5133940955015933,17.42017610139868,-91.62936329991264,0,0,2.2,-174.57982389860132,20260302-205726,0.0,0.0
43.98793400767636,0.4801522271524882,17.62167627451015,-91.61247521133863,0,0,2.2,-174.37832372548988,20260302-205726,0.0,0.0
40.93451914980442,0.44692404869357716,17.85324054803067,-91.59166813569749,0,0,2.2,-174.14675945196933,20260302-205726,0.0,0.0
37.88188070606562,0.4137128822651379,18.122130145175788,-91.565630005662,0,0,2.2,-173.87786985482418,20260302-205726,0.0,0.0
34.83022281973425,0.3805232195267187,18.438145400768235,-91.532450668989,0,0,2.2,-173.5618545992318,20260302-205726,0.0,0.0
31.779827966132128,0.34736128596549676,18.814839628724826,-91.48926276513383,0,0,2.2,-173.18516037127515,20260302-205726,0.0,0.0
28.731098438494104,0.3142359668475306,19.271501190538686,-91.43160385722055,0,0,2.2,-172.7284988094613,20260302-205726,0.0,0.0
25.684627259292483,0.28116039753555333,19.83653596052534,-91.35222273273607,0,0,2.2,-172.16346403947463,20260302-205726,0.0,0.0
22.64132605339206,0.24815484983656166,20.553553601465126,-91.23870062706395,0,0,2.2,-171.44644639853487,20260302-205726,0.0,0.0
19.60267128490648,0.21525234028606186,21.493051855031354,-91.06833058751094,0,0,2.2,-170.50694814496867,20260302-205726,0.0,0.0
16.571219194526744,0.1825105135373241,22.776742116471155,-90.79597045316443,0,0,2.2,-169.22325788352882,20260302-205726,0.0,0.0
13.551804223898516,0.15003986999255817,24.633768569032384,-90.32135408122303,0,0,2.2,-167.36623143096762,20260302-205726,0.0,0.0
10.554761858685549,0.1180823637427288,27.55009151346212,-89.38474403918326,0,0,2.2,-164.44990848653785,20260302-205726,0.0,0.0
7.606583076856534,0.0872896216630606,32.75067509837794,-87.14189535862661,0,0,2.2,-159.24932490162206,20260302-205726,0.0,0.0
4.79819990804309,0.06022642563784293,44.251956538597994,-79.66934542813327,0,0,2.2,-147.748043461402,20260302-205726,0.0,0.0
2.625042218867478,0.06776538288914075,79.54593416107957,-38.737215182003126,0,0,2.2,-112.45406583892043,20260302-205726,0.0,0.0
3.0764393354974766,0.052904982859574165,143.85263378591287,58.15027563024219,0,0,2.2,-48.14736621408714,20260302-205726,0.0,0.0
5.544692900424973,0.06690982273382604,169.10612595011918,82.86814512246305,0,0,2.2,-22.89387404988083,20260302-205726,0.0,0.0
8.410009974781097,0.09557085737971396,178.08451621164932,87.99764075953786,0,0,2.2,-13.915483788350722,20260302-205726,0.0,0.0
11.37622187866778,0.1268007921521372,-177.55315155579538,89.71727767298525,0,0,2.2,-9.553151555795377,20260302-205726,0.0,0.0
14.381032255381005,0.15893783599620456,-175.00368781425908,90.48211941003414,0,0,2.2,-7.003687814259085,20260302-205726,0.0,0.0
17.4044609588693,0.19149927755386809,-173.33757577669903,90.88525649384492,0,0,2.2,-5.3375757766990155,20260302-205726,0.0,0.0
20.438247034620414,0.22429330115997634,-172.16532721185683,91.12285979527722,0,0,2.2,-4.165327211856822,20260302-205726,0.0,0.0
23.478375805587618,0.2572285499295525,-171.29636961053055,91.27437763816523,0,0,2.2,-3.296369610530554,20260302-205726,0.0,0.0
26.52266628997736,0.29025597364791295,-170.62676522888356,91.37681459796569,0,0,2.2,-2.6267652288835617,20260302-205726,0.0,0.0
29.569833138377163,0.3233468799826268,-170.09510544649646,91.44926074426922,0,0,2.1,-2.0951054464964676,20260302-205726,0.0,0.0
32.61907025919504,0.3564833656393325,-169.66281334550902,91.50236281206168,0,0,2.1,-1.6628133455090217,20260302-205726,0.0,0.0
35.669846724621685,0.3896536809342267,-169.30444995085432,91.54243491066298,0,0,2.1,-1.3044499508543257,20260302-205726,0.0,0.0
38.72179869508354,0.4228497951478693,-169.00256679946543,91.57341244907697,0,0,2.1,-1.0025667994654293,20260302-205726,0.0,0.0
41.77466853307169,0.45606603302722826,-168.74480024812863,91.59785098614796,0,0,2.1,-0.744800248128627,20260302-205726,0.0,0.0
44.82826871466614,0.4892982701904859,-168.522146635817,91.61746821057491,0,0,2.1,-0.5221466358169962,20260302-205726,0.0,0.0
47.19317285645248,2.2238847357635794,73.99379928214375,21.22105165682003,0,0,2.1,-118.00620071785623,20260302-205726,0.0,0.0
47.92001215506626,2.1411553367389327,75.6271784116131,22.380446356615305,0,0,2.1,-116.37282158838691,20260302-205726,0.0,0.0
48.68461494611666,2.0728356557800294,77.21050640080892,23.486963286433888,0,0,2.1,-114.78949359919108,20260302-205726,0.0,0.0
49.48523079453956,2.016398995004749,78.74374154734949,24.54138834483153,0,0,2.1,-113.25625845265053,20260302-205726,0.0,0.0
50.32014077835336,1.9698767667527155,80.22713153232246,25.54481662388691,0,0,2.1,-111.77286846767755,20260302-205726,0.0,0.0
51.187666834355795,1.9317124598819795,81.6611753901484,26.498595364179188,0,0,2.1,-110.33882460985157,20260302-205726,0.0,0.0
52.08617926824705,1.900659178808607,83.0465867883679,27.404271028168402,0,0,2.1,-108.95341321163211,20260302-205726,0.0,0.0
53.01410258044724,1.8757063060075452,84.38425932407404,28.263541264777295,0,0,2.1,-107.61574067592595,20260302-205726,0.0,0.0
53.9699197783696,1.8560260670843385,85.6752343256482,29.078212173577835,0,0,2.1,-106.32476567435181,20260302-205726,0.0,0.0
54.95217535443315,1.8409339696721048,86.92067146031201,29.85016098335177,0,0,2.1,-105.07932853968799,20260302-205726,0.0,0.0
55.959477108996865,1.8298590879083887,88.1218222923041,30.581304035252828,0,0,2.1,-103.8781777076959,20260302-205726,0.0,0.0
56.9904969908806,1.822321447691641,89.28000681282572,31.273569799154387,0,0,2.1,-102.7199931871743,20260302-205726,0.0,0.0
58.04397111716299,1.8179146089466895,90.39659286895312,31.928876544313603,0,0,2.1,-101.60340713104685,20260302-205726,0.0,0.0
59.11869912015812,1.816292102941672,91.47297835099488,32.54911422254675,0,0,2.1,-100.52702164900514,20260302-205726,0.0,0.0
60.2135429541957,1.817156764629185,92.51057595227417,33.13613009413807,0,0,2.1,-99.48942404772585,20260302-205726,0.0,0.0
61.32742527907894,1.8202522638282517,93.51080028797026,33.69171762495082,0,0,2.1,-98.48919971202976,20260302-205726,0.0,0.0
62.45932752161604,1.8253563240408293,94.47505714659945,34.21760820010667,0,0,2.1,-97.52494285340055,20260302-205726,0.0,0.0
63.608287701928035,1.8322752491587306,95.40473464552781,34.71546522889129,0,0,2.1,-96.59526535447219,20260302-205726,0.0,0.0
64.77339809765463,1.8408394729307398,96.30119606762412,35.186880252263954,0,0,2.1,-95.6988039323759,20260302-205726,0.0,0.0
65.9538028068928,1.850899914954707,97.16577416734447,35.63337070470757,0,0,2.1,-94.83422583265556,20260302-205726,0.0,0.0
67.14869525978153,1.8623249776757667,97.99976674922749,36.056379023378064,0,0,2.1,-94.00023325077251,20260302-205726,0.0,0.0
68.35731571908573,1.8749980565872932,98.80443333844886,36.45727283766028,0,0,2.1,-93.19556666155114,20260302-205726,0.0,0.0
69.5789488018738,1.888815464146282,99.58099278058444,36.83734601004154,0,0,2.1,-92.41900721941555,20260302-205726,0.0,0.0
70.8129210473346,1.9036846893626465,100.33062162523078,37.197820333913995,0,0,2.1,-91.66937837476922,20260302-205726,0.0,0.0
72.05859854983,1.919522931404553,101.05445316504063,37.53984772513412,0,0,2.1,-90.94554683495937,20260302-205726,0.0,0.0
73.3153846713112,1.9362558581744558,101.75357701767234,37.86451277179584,0,0,2.1,-90.24642298232767,20260302-205726,0.0,0.0
74.58271784311938,1.9538165505928804,102.42903915288792,38.172835530790984,0,0,2.1,-89.57096084711209,20260302-205726,0.0,0.0
75.86006946383345,1.9721446009678034,103.0818422804536,38.46577448053563,0,0,2.1,-88.91815771954641,20260302-205726,0.0,0.0
77.14694189711065,1.9911853398351422,103.71294652655985,38.744229557002434,0,0,2.1,-88.28705347344017,20260302-205726,0.0,0.0
78.44286657129476,2.010889170409304,104.32327033721197,39.00904521522098,0,0,2.1,-87.67672966278803,20260302-205726,0.0,0.0
76.90798392606258,1.1701351168944498,55.633682613648375,-65.7257292902867,0,0,2.1,-136.36631738635165,20260302-205726,0.0,0.0
74.7521996972895,1.1755157700650676,57.388902966794205,-63.5909798923002,0,0,2.1,-134.6110970332058,20260302-205726,0.0,0.0
72.67069038608872,1.1861356385906912,59.24650185688745,-61.26676243572996,0,0,2.1,-132.75349814311258,20260302-205726,0.0,0.0
70.67001936035858,1.2031354559495766,61.21144395552682,-58.738206916678514,0,0,2.1,-130.78855604447318,20260302-205726,0.0,0.0
68.75724358343285,1.2280130333922923,63.28827208489747,-55.99064644574351,0,0,2.1,-128.71172791510253,20260302-205726,0.0,0.0
66.93989817429474,1.2627748397048046,65.48088324734692,-53.010161486859445,0,0,2.1,-126.51911675265306,20260302-205726,0.0,0.0
65.22596034995384,1.3101719595856927,67.79226346764534,-49.78427440210202,0,0,2.1,-124.20773653235464,20260302-205726,0.0,0.0
63.62378763605575,1.3740808333229646,70.22418483317358,-46.302798272932165,0,0,2.1,-121.77581516682645,20260302-205726,0.0,0.0
62.142025363979435,1.4601442262017443,72.77687368151658,-42.55882689453818,0,0,2.1,-119.22312631848342,20260302-205726,0.0,0.0
60.78947929627606,1.5769066113395762,75.44866601633152,-38.549828416684505,0,0,2.1,-116.55133398366847,20260302-205726,0.0,0.0
59.57495097339703,1.7379545319578398,78.23567442758736,-34.278774201465836,0,0,2.1,-113.76432557241263,20260302-205726,0.0,0.0
58.507036221708525,1.9662793529479068,81.13149894701041,-29.755200416458102,0,0,2.1,-110.86850105298961,20260302-205726,0.0,0.0
57.59389121260464,2.3041179385824253,84.12702061687793,-24.996069102278,0,0,2.1,-107.87297938312207,20260302-205726,0.0,0.0
56.84297525786043,2.838419473832081,87.2103188201408,-20.026277222907478,0,0,2.1,-104.78968117985922,20260302-205726,0.0,0.0
56.26078457431516,3.781305456613175,90.36674931710127,-14.878666962998171,0,0,2.1,-101.63325068289872,20260302-205726,0.0,0.0
55.85259563587564,5.821965222993848,93.57920792835489,-9.593426531523384,0,0,2.1,-98.42079207164514,20260302-205726,0.0,0.0
55.62223935807638,13.190503527690442,96.82858503812167,-4.216839731804796,0,0,2.1,-95.17141496187836,20260302-205726,0.0,0.0
55.5719272361956,46.288197943403226,100.0943910171211,1.2005636362025505,0,0,2.1,-91.90560898287893,20260302-205726,0.0,0.0
55.70214713885153,8.43166525224397,103.35550694926258,6.606304386197872,0,0,2.1,-88.64449305073744,20260302-205726,0.0,0.0
56.01163993855995,4.687769210637696,106.5909945239876,11.948463634143044,0,0,2.1,-85.40900547601238,20260302-205726,0.0,0.0
56.49745954404386,3.2889177746819493,109.78088881960832,17.17813074530493,0,0,2.1,-82.21911118039165,20260302-205726,0.0,0.0
57.15510978775417,2.5685927348287234,112.90690066240717,22.25152668726416,0,0,2.1,-79.09309933759283,20260302-205726,0.0,0.0
57.97874376325312,2.136945155041428,115.95297050128715,27.131601214224478,0,0,2.1,-76.04702949871286,20260302-205726,0.0,0.0
58.96140598285511,1.8547741253427197,118.90563928503275,31.788995316052514,0,0,2.1,-73.09436071496727,20260302-205726,0.0,0.0
60.095295790773285,1.6599828011613849,121.75422794684368,36.202360499595784,0,0,2.1,-70.24577205315629,20260302-205726,0.0,0.0
61.37203166330226,1.520686427952471,124.49084028185234,40.35811100513119,0,0,2.1,-67.50915971814767,20260302-205726,0.0,0.0
62.78289956968846,1.4188309319058712,127.11022048917539,44.249739808924346,0,0,2.1,-64.88977951082458,20260302-205726,0.0,0.0
64.31907337539286,1.3434274061531375,129.60950505366912,47.876850718393875,0,0,2.1,-62.39049494633088,20260302-205726,0.0,0.0
65.97180030100833,1.2874040492572814,131.98790966752608,51.2440521987392,0,0,2.1,-60.01209033247389,20260302-205726,0.0,0.0
67.73254892323517,1.2460036125664147,134.24638751924482,54.359833502990654,0,0,2.1,-57.753612480755166,20260302-205726,0.0,0.0
69.5931206795337,1.2159080984579318,136.38728787232344,57.23551045329393,0,0,2.1,-55.612712127676524,20260302-205726,0.0,0.0
71.54572818686806,1.1947327463981738,138.41403550409314,59.884294962669166,0,0,2.1,-53.585964495906865,20260302-205726,0.0,0.0
73.58304499854326,1.1807194797882037,140.33084375359954,62.320514108687796,0,0,2.1,-51.669156246400426,20260302-205726,0.0,0.0
75.69823191014072,1.172543740836516,142.14246745824687,64.55898340827447,0,0,2.1,-49.85753254175312,20260302-205726,0.0,0.0
77.8849448287705,1.169188624662582,143.85399722942896,66.61452496704494,0,0,2.1,-48.14600277057105,20260302-205726,0.0,0.0
80.13732876278802,1.169860458791237,145.4706932602911,68.50161329975221,0,0,2.1,-46.52930673970888,20260302-205726,0.0,0.0
43.41444119335052,0.6539149585760231,-61.691065298621,66.3915706835803,0,0,12.6,-61.691065298621,20260302-205726,0.0,0.0
45.81209823456864,1.7192656890739748,-56.54571624389682,26.646316811710353,0,0,12.8,-56.54571624389682,20260302-205726,0.0,0.0
43.45169021702205,0.6525516299709851,-118.39998632060849,-66.5873598675312,0,0,12.8,-118.39998632060849,20260302-205726,0.0,0.0
41.43595385175703,0.7664902998236337,-112.71441235316722,-54.05933233765812,0,0,12.8,-112.71441235316722,20260302-205726,0.0,0.0
39.8670630477012,1.0017117958294444,-106.51570258895309,-39.79893539607387,0,0,12.8,-106.51570258895309,20260302-205726,0.0,0.0
38.799261797737636,1.612910052910059,-99.89392066973538,-24.055440492626904,0,0,12.8,-99.89392066973538,20260302-205726,0.0,0.0
38.27451203614409,5.231922398589141,-92.99530328760271,-7.315573343837311,0,0,12.8,-92.99530328760271,20260302-205726,0.0,0.0
38.31513255511522,3.9322751322750853,-86.00908690157017,9.743756798865531,0,0,12.8,-86.00908690157017,20260302-205726,0.0,0.0
38.91935314702336,1.4753727753727686,-79.13918537836263,26.37933530879338,0,0,12.8,-79.13918537836263,20260302-205726,0.0,0.0
40.06168083848879,0.9553203997648418,-72.57013718233212,41.93533483462745,0,0,12.8,-72.57013718233212,20260302-205726,0.0,0.0
41.69791420901911,0.7451640211640198,-66.44055910310261,55.958034774522325,0,0,12.8,-66.44055910310261,20260302-205726,0.0,0.0
43.77270134131605,0.641534391534391,-60.832386620422156,68.23126229697931,0,0,13.0,-60.832386620422156,20260302-205726,0.0,0.0
46.22702966452573,0.5870709537376201,-55.775187392283456,78.74181028752787,0,0,13.0,-55.775187392283456,20260302-205726,0.0,0.0
49.003905110198986,0.5593282723717505,-51.25903630512221,87.61206527680967,0,0,13.2,-51.259036305122216,20260302-205726,0.0,0.0
52.051731153242024,0.5477188779075574,-47.24913144502477,95.0336628017908,0,0,13.4,-47.24913144502477,20260302-205726,0.0,0.0
55.325746914117126,0.5465961199294533,-43.69804732742111,101.21869676143652,0,0,13.4,-43.698047327421115,20260302-205726,0.0,0.0
58.78817383382521,0.5526731422253811,-40.55431164650432,106.37060016542524,0,0,13.4,-40.55431164650431,20260302-205726,0.0,0.0
62.40766018192572,0.7080375880960692,-37.76762129172235,88.1417331949021,0,0,13.6,-37.76762129172234,20260302-205726,0.0,0.0
65.4485245114562,0.6950273817134959,-34.555773383581965,94.16682886665807,0,0,13.6,-34.55577338358196,20260302-205726,0.0,0.0
68.67648833733995,0.6910117998958454,-31.63737134219201,99.38540607800242,0,0,13.6,-31.63737134219202,20260302-205726,0.0,0.0
72.06641463434298,0.6936038860555345,-28.987168415027895,103.90139975163413,0,0,13.6,-28.9871684150279,20260302-205726,0.0,0.0
75.59651820307228,0.7011926319450476,-26.579712504456126,107.8113413618938,0,0,13.5,-26.579712504456136,20260302-205726,0.0,0.0
79.24806867605027,0.7126513712220298,-24.39053767520946,111.20173464362867,0,0,13.5,-24.39053767520947,20260302-205726,0.0,0.0
83.00503955555146,0.7271684850009901,-22.396837951427415,114.14829061993584,0,0,13.5,-22.3968379514274,20260302-205726,0.0,0.0
86.85375163245104,0.7441444769139148,-20.57778571725831,116.71624842617568,0,0,13.5,-20.577785717258312,20260302-205726,0.0,0.0
89.2905541047466,1.3127021626660986,-9.314206358776687,68.02042126859718,0,0,13.5,-9.314206358776687,20260302-205726,0.0,0.0
91.57353388103026,1.3281791439238977,-8.255509412732465,68.94667357182749,0,0,13.5,-8.25550941273246,20260302-205726,0.0,0.0
93.88625276777512,1.3449645199307452,-7.24864077804412,69.80574682565567,0,0,13.5,-7.248640778044122,20260302-205726,0.0,0.0
96.22656653064045,1.3629195673475023,-6.290463899704918,70.60326143670785,0,0,13.7,-6.290463899704913,20260302-205726,0.0,0.0
98.5925101108793,1.3819245043728616,-5.378029012988804,71.34435332675578,0,0,13.7,-5.378029012988818,20260302-205726,0.0,0.0
100.98228205897682,1.401875364566645,-4.508568220514036,72.03370899537349,0,0,13.7,-4.508568220514048,20260302-205726,0.0,0.0
103.39423013834241,1.422681470034931,-3.6794888478321752,72.67560048828342,0,0,13.7,-3.67948884783217,20260302-205726,0.0,0.0
105.8268380806548,1.444263374064455,-2.888365658457957,73.27391941182877,0,0,13.7,-2.888365658457969,20260302-205726,0.0,0.0
108.27871345091144,1.466551174508591,-2.132932376336612,73.83220942644108,0,0,13.7,-2.132932376336602,20260302-205726,0.0,0.0
110.74857656515005,1.4894831222504135,-1.4110728563604198,74.3536968702428,0,0,13.7,-1.4110728563604213,20260302-205726,0.0,0.0
103.99270632981052,0.7987109020524648,158.43557737742407,-130.20068470654175,0,0,13.7,158.43557737742407,20260302-205726,0.0,0.0
99.66744357947323,0.7708478868332995,157.44950092842396,-129.29586405031802,0,0,13.7,157.449500928424,20260302-205726,0.0,0.0
95.37437394338326,0.7435691709190314,156.37430944162327,-128.26563778256582,0,0,13.7,156.37430944162327,20260302-205726,0.0,0.0
91.11804791627553,0.7169736519257465,155.19822166170843,-127.08702428818428,0,0,13.7,155.19822166170846,20260302-205726,0.0,0.0
86.90386448604352,0.6911838810044801,153.9074822100141,-125.731902717043,0,0,13.7,153.90748221001414,20260302-205726,0.0,0.0
82.73826336526592,0.6663535841394728,152.48599024220096,-124.165706217539,0,0,13.7,152.48599024220096,20260302-205726,0.0,0.0
78.62896630598136,0.6426782482831753,150.91486499726568,-122.34577180109581,0,0,13.7,150.9148649972657,20260302-205726,0.0,0.0
74.58528015332351,0.6204103355223559,149.17194827655624,-120.21927405597822,0,0,13.7,149.17194827655626,20260302-205726,0.0,0.0
70.6184766495845,0.5998816712731321,147.23125490670066,-117.72067731242817,0,0,13.7,147.23125490670066,20260302-205726,0.0,0.0
66.74226568390995,0.5815372897375107,145.06240360490528,-114.76867754092862,0,0,13.7,145.06240360490528,20260302-205726,0.0,0.0
62.973378252170114,0.5659882149938149,142.63009956730684,-111.26270226820586,0,0,13.7,142.63009956730681,20260302-205726,0.0,0.0
59.33227000474292,0.5540968083665497,139.89380725908939,-107.07924880428665,0,0,13.9,139.8938072590894,20260302-205726,0.0,0.0
55.84394071782627,0.547120811637227,136.80786128558634,-102.06875616870896,0,0,13.9,136.80786128558634,20260302-205726,0.0,0.0
52.53883060586741,0.5469692776056355,133.32242798691192,-96.05444539016298,0,0,13.9,133.32242798691192,20260302-205726,0.0,0.0
49.453688270173735,0.5566868615868082,129.3859486262417,-88.83573815485505,0,0,13.9,129.3859486262417,20260302-205726,0.0,0.0
46.63219275533336,0.5814457231969477,124.94991533707417,-80.20042266187255,0,0,13.9,124.94991533707417,20260302-205726,0.0,0.0
44.12494843479328,0.630797153993401,119.97688936592158,-69.95108991131386,0,0,13.8,119.97688936592158,20260302-205726,0.0,0.0
41.988287689918046,0.7245506016284997,114.45222171752653,-57.95080094550357,0,0,13.8,114.45222171752654,20260302-205726,0.0,0.0
40.281224999309984,0.9116003289381315,108.39849439841731,-44.18737435761039,0,0,13.8,108.39849439841733,20260302-205726,0.0,0.0
39.060125797471564,1.3542600388648036,101.88905305762091,-28.84241185334935,0,0,13.7,101.88905305762088,20260302-205726,0.0,0.0
38.37141283220006,3.1111464807617244,95.05411703271403,-12.333528192734052,0,0,13.7,95.05411703271403,20260302-205726,0.0,0.0
38.24385929426457,8.121976422013741,88.07257939345658,4.708688785479445,0,0,13.7,88.07257939345658,20260302-205726,0.0,0.0
38.68301669021486,1.7954819497704921,81.14755682918229,21.54464248173563,0,0,13.7,81.14755682918229,20260302-205726,0.0,0.0
39.67006859518814,1.058496405619643,74.47265503679182,37.47775465705555,0,0,13.9,74.4726550367918,20260302-205726,0.0,0.0
41.16562230786726,0.791844090923006,68.20196904157922,51.987029744558576,0,0,13.9,68.2019690415792,20260302-205726,0.0,0.0
43.1167964162063,0.6655152515234165,62.43433234784288,64.7870898788699,0,0,13.9,62.434332347842876,20260302-205726,0.0,0.0
45.464968513733055,0.5997146012134064,57.21370039762712,75.81100813911067,0,0,14.1,57.21370039762713,20260302-205726,0.0,0.0
43.7574199977724,0.6420307046071305,119.13174321708976,-68.15471547353535,0,0,14.1,119.13174321708976,20260302-205726,0.0,0.0
41.685384512867564,0.7461207262515775,113.51991422368582,-55.86949007875711,0,0,14.1,113.51991422368583,20260302-205726,0.0,0.0
40.05229474905703,0.9573757494841868,107.38704427891452,-41.83550165192333,0,0,14.1,107.3870442789145,20260302-205726,0.0,0.0
38.91345400887229,1.48126250667319,100.81544940147876,-26.27046444068117,0,0,14.1,100.81544940147877,20260302-205726,0.0,0.0
38.312961862683665,3.9786370844608587,93.944110241857,-9.629669921974152,0,0,14.1,93.94411024185702,20260302-205726,0.0,0.0
38.276164202253106,5.151565226695579,86.95779914145862,7.430006710175147,0,0,14.1,86.95779914145862,20260302-205726,0.0,0.0
38.80466468016168,1.6058025687510171,80.06044612019184,24.165277497559178,0,0,14.3,80.06044612019184,20260302-205726,0.0,0.0
39.87599292051908,0.9993941065423665,73.44107961057838,39.90016817137259,0,0,14.7,73.44107961057838,20260302-205726,0.0,0.0
41.44807809067079,0.7654380595465542,67.24558334741707,54.14948678567753,0,0,14.7,67.24558334741707,20260302-205726,0.0,0.0
43.466620514815226,0.6520103803384304,61.56363676558186,66.66553451534557,0,0,14.6,61.56363676558187,20260302-205726,0.0,0.0
45.79481092428711,0.5938799311874913,123.4215352161657,-77.11122824561221,0,0,14.6,123.42153521616568,20260302-205726,0.0,0.0
43.39957231961885,0.654464399859699,118.27247032956478,-66.31311394313067,0,0,14.6,118.2724703295648,20260302-205726,0.0,0.0
41.39367829773047,0.7702128292360421,112.57421316816806,-53.74316906508554,0,0,14.6,112.57421316816804,20260302-205726,0.0,0.0
39.835987298694306,1.0099356105512267,106.36428821900063,-39.44408621946866,0,0,14.6,106.36428821900063,20260302-205726,0.0,0.0
38.78054564679333,1.6383387464497017,99.7341049107946,-23.670651585840353,0,0,14.6,99.7341049107946,20260302-205726,0.0,0.0
38.26893143033738,5.53423731133146,92.83113056049115,-6.914942254460427,0,0,14.6,92.83113056049116,20260302-205726,0.0,0.0
38.32293126226467,3.778299035875827,85.8453193126233,10.14290581512462,0,0,14.6,85.84531931262329,20260302-205726,0.0,0.0
38.94019213871725,1.455164585914364,78.98051594604868,26.759991629571495,0,0,15.0,78.98051594604867,20260302-205726,0.0,0.0
40.09470816234639,0.9482196839589228,72.42043067195897,42.28419726001312,0,0,15.0,72.42043067195897,20260302-205726,0.0,0.0
41.7419242129875,0.7418503313226601,66.30240301088696,56.26731221992578,0,0,15.2,66.30240301088698,20260302-205726,0.0,0.0
43.82632093773573,0.6398138961347688,60.707038334624315,68.49854497143379,0,0,15.2,60.70703833462432,20260302-205726,0.0,0.0
46.2888769838672,0.5861673751974845,55.66280867727869,78.96870235787534,0,0,15.2,55.66280867727868,20260302-205726,0.0,0.0
49.07269519267636,0.5588985368753995,51.15903952050951,87.80251146661456,0,0,15.2,51.15903952050951,20260302-205726,0.0,0.0
52.12632971996598,0.5475882257208187,47.16050480907734,95.1925685607089,0,0,15.2,47.16050480907735,20260302-205726,0.0,0.0
55.40518605899136,0.5466662479531408,43.61959987422432,101.35102773665403,0,0,15.2,43.61959987422433,20260302-205726,0.0,0.0
58.8716450419372,0.5528845434750416,40.48483155499315,106.48090227285364,0,0,15.2,40.48483155499316,20260302-205726,0.0,0.0
62.494496503386614,0.5642213185330472,37.70596508150612,110.76238073717205,0,0,15.2,37.705965081506136,20260302-205726,0.0,0.0
66.24808791229609,0.5793522527949436,35.236717313324846,114.34854631650838,0,0,15.2,35.23671731332485,20260302-205726,0.0,0.0
65.77489031143037,0.577297608502101,-144.47158801496016,-113.93584408238718,0,0,15.2,-144.47158801496016,20260302-205726,0.0,0.0
62.03632911545615,0.5625825860931224,-141.96618535810714,-110.27061741507136,0,0,15.2,-141.96618535810714,20260302-205726,0.0,0.0
58.431426649682635,0.5517993808979824,-139.1456718426224,-105.89251940550027,0,0,15.2,-139.1456718426224,20260302-205726,0.0,0.0
54.986477120005134,0.5463405115132488,-135.96318732512097,-100.64506651301421,0,0,15.2,-135.96318732512097,20260302-205726,0.0,0.0
51.73344437958881,0.5483440970438876,-132.36815284634298,-94.34485509825456,0,0,15.2,-132.36815284634298,20260302-205726,0.0,0.0
48.71079371390621,0.5612700029506621,-128.30921816998597,-86.78673981831894,0,0,15.2,-128.30921816998597,20260302-205726,0.0,0.0
45.96399826665427,0.5911078887946785,-123.73977989516506,-77.75906757119914,0,0,15.2,-123.73977989516506,20260302-205726,0.0,0.0
43.54529141745207,0.6492065832180316,-118.62693185895421,-67.07463008400777,0,0,15.2,-118.62693185895421,20260302-205726,0.0,0.0
41.51206123718995,0.7599949207553973,-112.96405462405295,-54.621498254131765,0,0,15.2,-112.96405462405295,20260302-205726,0.0,0.0
