dist,ttc,heading_err,approach_speed,ammo,mines,threat_density,threat_angle,session_id,fire,drop_mine
500.0,500000000.0,0.0,0.0,0,0,0.1,0.0,20260409-103125,0.0,0.0
500.0,500000000.0,0.0,0.0,0,0,0.1,0.0,20260409-103125,0.0,0.0
500.0,500000000.0,0.0,0.0,0,0,0.1,0.0,20260409-103125,0.0,0.0
500.0,500000000.0,0.0,0.0,0,0,0.1,0.0,20260409-103125,0.0,0.0
500.0,500000000.0,0.0,0.0,0,0,0.1,0.0,20260409-103125,0.0,0.0
500.0,500000000.0,0.0,0.0,0,0,0.1,0.0,20260409-103125,0.0,0.0
500.0,500000000.0,0.0,0.0,0,0,0.1,0.0,20260409-103125,0.0,0.0
500.0,500000000.0,0.0,0.0,0,0,0.1,0.0,20260409-103125,0.0,0.0
500.0,500000000.0,0.0,0.0,0,0,0.1,0.0,20260409-103125,0.0,0.0
500.0,500000000.0,0.0,0.0,0,0,0.1,0.0,20260409-103125,0.0,0.0
500.0,500000000.0,0.0,0.0,0,0,0.1,0.0,20260409-103125,0.0,0.0
500.0,500000000.0,0.0,0.0,0,0,0.1,0.0,20260409-103125,0.0,0.0
500.0,500000000.0,0.0,0.0,0,0,0.1,0.0,20260409-103125,0.0,0.0
500.0,500000000.0,0.0,0.0,0,0,0.1,0.0,20260409-103125,0.0,0.0
500.0,500000000.0,0.0,0.0,0,0,0.1,0.0,20260409-103125,0.0,0.0
500.0,500000000.0,0.0,0.0,0,0,0.1,0.0,20260409-103125,0.0,0.0
500.0,500000000.0,0.0,0.0,0,0,0.1,0.0,20260409-103125,0.0,0.0
500.0,500000000.0,0.0,0.0,0,0,0.1,0.0,20260409-103125,0.0,0.0
500.0,500000000.0,0.0,0.0,0,0,0.1,0.0,20260409-103125,0.0,0.0
500.0,500000000.0,0.0,0.0,0,0,0.1,0.0,20260409-103125,0.0,0.0
500.0,500000000.0,0.0,0.0,0,0,0.1,0.0,20260409-103125,0.0,0.0
500.0,500000000.0,0.0,0.0,0,0,0.1,0.0,20260409-103125,0.0,0.0
500.0,500000000.0,0.0,0.0,0,0,0.1,0.0,20260409-103125,0.0,0.0
500.0,500000000.0,0.0,0.0,0,0,0.1,0.0,20260409-103125,0.0,0.0
500.0,500000000.0,0.0,0.0,0,0,0.1,0.0,20260409-103125,0.0,0.0
500.0,500000000.0,0.0,0.0,0,0,0.1,0.0,20260409-103125,0.0,0.0
500.0,500000000.0,0.0,0.0,0,0,0.1,0.0,20260409-103125,0.0,0.0
500.0,500000000.0,0.0,0.0,0,0,0.1,0.0,20260409-103125,0.0,0.0
500.0,500000000.0,0.0,0.0,0,0,0.1,0.0,20260409-103125,0.0,0.0
500.0,500000000.0,0.0,0.0,0,0,0.1,0.0,20260409-103125,0.0,0.0
500.0,500000000.0,0.0,0.0,0,0,0.1,0.0,20260409-103125,0.0,0.0
500.0,500000000.0,0.0,0.0,0,0,0.1,0.0,20260409-103125,0.0,0.0
500.0,500000000.0,0.0,0.0,0,0,0.1,0.0,20260409-103125,0.0,0.0
500.0,500000000.0,0.0,0.0,0,0,0.1,0.0,20260409-103125,0.0,0.0
500.0,500000000.0,0.0,0.0,0,0,0.1,0.0,20260409-103125,0.0,0.0
500.0,500000000.0,0.0,0.0,0,0,0.1,0.0,20260409-103125,0.0,0.0
500.0,500000000.0,0.0,0.0,0,0,0.1,0.0,20260409-103125,0.0,0.0
500.0,500000000.0,0.0,0.0,0,0,0.1,0.0,20260409-103125,0.0,0.0
500.0,500000000.0,0.0,0.0,0,0,0.1,0.0,20260409-103125,0.0,0.0
500.0,500000000.0,0.0,0.0,0,0,0.1,0.0,20260409-103125,0.0,0.0
500.0,500000000.0,0.0,0.0,0,0,0.1,0.0,20260409-103125,0.0,0.0
500.0,500000000.0,0.0,0.0,0,0,0.1,0.0,20260409-103125,0.0,0.0
500.0,500000000.0,0.0,0.0,0,0,0.1,0.0,20260409-103125,0.0,0.0
500.0,500000000.0,0.0,0.0,0,0,0.1,0.0,20260409-103125,0.0,0.0
500.0,500000000.0,0.0,0.0,0,0,0.1,0.0,20260409-103125,0.0,0.0
500.0,500000000.0,0.0,0.0,0,0,0.1,0.0,20260409-103125,0.0,0.0
500.0,500000000.0,0.0,0.0,0,0,0.1,0.0,20260409-103125,0.0,0.0
500.0,500000000.0,0.0,0.0,0,0,0.1,0.0,20260409-103125,0.0,0.0
500.0,500000000.0,0.0,0.0,0,0,0.1,0.0,20260409-103125,0.0,0.0
500.0,500000000.0,0.0,0.0,0,0,0.1,0.0,20260409-103125,0.0,0.0
500.0,500000000.0,0.0,0.0,0,0,0.1,0.0,20260409-103125,0.0,0.0
500.0,500000000.0,0.0,0.0,0,0,0.1,0.0,20260409-103125,0.0,0.0
500.0,500000000.0,0.0,0.0,0,0,0.1,0.0,20260409-103125,0.0,0.0
500.0,500000000.0,0.0,0.0,0,0,0.1,0.0,20260409-103125,0.0,0.0
500.0,500000000.0,0.0,0.0,0,0,0.1,0.0,20260409-103125,0.0,0.0
500.0,500000000.0,0.0,0.0,0,0,0.1,0.0,20260409-103125,0.0,0.0
500.0,500000000.0,0.0,0.0,0,0,0.1,0.0,20260409-103125,0.0,0.0
500.0,500000000.0,0.0,0.0,0,0,0.1,0.0,20260409-103125,0.0,0.0
500.0,500000000.0,0.0,0.0,0,0,0.1,0.0,20260409-103125,0.0,0.0
500.0,500000000.0,0.0,0.0,0,0,0.1,0.0,20260409-103125,0.0,0.0
500.0,500000000.0,0.0,0.0,0,0,0.1,0.0,20260409-103125,0.0,0.0
500.0,500000000.0,0.0,0.0,0,0,0.1,0.0,20260409-103125,0.0,0.0
500.0,500000000.0,0.0,0.0,0,0,0.1,0.0,20260409-103125,0.0,0.0
500.0,500000000.0,0.0,0.0,0,0,0.1,0.0,20260409-103125,0.0,0.0
500.0,500000000.0,0.0,0.0,0,0,0.1,0.0,20260409-103125,0.0,0.0
500.0,500000000.0,0.0,0.0,0,0,0.1,0.0,20260409-103125,0.0,0.0
500.0,500000000.0,0.0,0.0,0,0,0.1,0.0,20260409-103125,0.0,0.0
500.0,500000000.0,0.0,0.0,0,0,0.1,0.0,20260409-103125,0.0,0.0
500.0,500000000.0,0.0,0.0,0,0,0.1,0.0,20260409-103125,0.0,0.0
500.0,500000000.0,0.0,0.0,0,0,0.1,0.0,20260409-103125,0.0,0.0
500.0,500000000.0,0.0,0.0,0,0,0.1,0.0,20260409-103125,0.0,0.0
500.0,500000000.0,0.0,0.0,0,0,0.1,0.0,20260409-103125,0.0,0.0
500.0,500000000.0,0.0,0.0,0,0,0.1,0.0,20260409-103125,0.0,0.0
500.0,500000000.0,0.0,0.0,0,0,0.1,0.0,20260409-103125,0.0,0.0
500.0,500000000.0,0.0,0.0,0,0,0.1,0.0,20260409-103125,0.0,0.0
500.0,500000000.0,0.0,0.0,0,0,0.1,0.0,20260409-103125,0.0,0.0
500.0,500000000.0,0.0,0.0,0,0,0.1,0.0,20260409-103125,0.0,0.0
500.0,500000000.0,0.0,0.0,0,0,0.1,0.0,20260409-103125,0.0,0.0
500.0,500000000.0,0.0,0.0,0,0,0.1,0.0,20260409-103125,0.0,0.0
500.0,500000000.0,0.0,0.0,0,0,0.1,0.0,20260409-103125,0.0,0.0
500.0,500000000.0,0.0,0.0,0,0,0.1,0.0,20260409-103125,0.0,0.0
500.0,500000000.0,0.0,0.0,0,0,0.1,0.0,20260409-103125,0.0,0.0
500.0,500000000.0,0.0,0.0,0,0,0.1,0.0,20260409-103125,0.0,0.0
500.0,500000000.0,0.0,0.0,0,0,0.1,0.0,20260409-103125,0.0,0.0
500.0,500000000.0,0.0,0.0,0,0,0.1,0.0,20260409-103125,0.0,0.0
500.0,500000000.0,0.0,0.0,0,0,0.1,0.0,20260409-103125,0.0,0.0
500.0,500000000.0,0.0,0.0,0,0,0.1,0.0,20260409-103125,0.0,0.0
500.0,500000000.0,0.0,0.0,0,0,0.1,0.0,20260409-103125,0.0,0.0
500.0,500000000.0,0.0,0.0,0,0,0.1,0.0,20260409-103125,0.0,0.0
500.0,500000000.0,0.0,0.0,0,0,0.1,0.0,20260409-103125,0.0,0.0
500.0,500000000.0,0.0,0.0,0,0,0.1,0.0,20260409-103125,0.0,0.0
500.0,500000000.0,0.0,0.0,0,0,0.1,0.0,20260409-103125,0.0,0.0
500.0,500000000.0,0.0,0.0,0,0,0.1,0.0,20260409-103125,0.0,0.0
500.0,500000000.0,0.0,0.0,0,0,0.1,0.0,20260409-103125,0.0,0.0
500.0,500000000.0,0.0,0.0,0,0,0.1,0.0,20260409-103125,0.0,0.0
500.0,500000000.0,0.0,0.0,0,0,0.1,0.0,20260409-103125,0.0,0.0
500.0,500000000.0,0.0,0.0,0,0,0.1,0.0,20260409-103125,0.0,0.0
500.0,500000000.0,0.0,0.0,0,0,0.1,0.0,20260409-103125,0.0,0.0
500.0,500000000.0,0.0,0.0,0,0,0.1,0.0,20260409-103125,0.0,0.0
500.0,500000000.0,0.0,0.0,0,0,0.1,0.0,20260409-103125,0.0,0.0
500.0,500000000.0,0.0,0.0,0,0,0.1,0.0,20260409-103125,0.0,0.0
500.0,500000000.0,0.0,0.0,0,0,0.1,0.0,20260409-103125,0.0,0.0
500.0,500000000.0,0.0,0.0,0,0,0.1,0.0,20260409-103125,0.0,0.0
500.0,500000000.0,0.0,0.0,0,0,0.1,0.0,20260409-103125,0.0,0.0
500.0,500000000.0,0.0,0.0,0,0,0.1,0.0,20260409-103125,0.0,0.0
500.0,500000000.0,0.0,0.0,0,0,0.1,0.0,20260409-103125,0.0,0.0
500.0,500000000.0,0.0,0.0,0,0,0.1,0.0,20260409-103125,0.0,0.0
500.0,500000000.0,0.0,0.0,0,0,0.1,0.0,20260409-103125,0.0,0.0
500.0,500000000.0,0.0,0.0,0,0,0.1,0.0,20260409-103125,0.0,0.0
500.0,500000000.0,0.0,0.0,0,0,0.1,0.0,20260409-103125,0.0,0.0
500.0,500000000.0,0.0,0.0,0,0,0.1,0.0,20260409-103125,0.0,0.0
500.0,500000000.0,0.0,0.0,0,0,0.1,0.0,20260409-103125,0.0,0.0
500.0,500000000.0,0.0,0.0,0,0,0.1,0.0,20260409-103125,0.0,0.0
514.1984052872976,514198405.28729767,-13.495733280795804,0.0,0,0,0.2,-13.495733280795811,20260409-103125,0.0,0.0
514.1984052872976,514198405.28729767,-13.495733280795804,0.0,0,0,0.2,-13.495733280795811,20260409-103125,0.0,0.0
514.1984052872976,514198405.28729767,-13.495733280795804,0.0,0,0,0.2,-13.495733280795811,20260409-103125,0.0,0.0
514.1984052872976,514198405.28729767,-13.495733280795804,0.0,0,0,0.2,-13.495733280795811,20260409-103125,0.0,0.0
514.1984052872976,514198405.28729767,-13.495733280795804,0.0,0,0,0.2,-13.495733280795811,20260409-103125,0.0,0.0
514.1984052872976,514198405.28729767,-13.495733280795804,0.0,0,0,0.2,-13.495733280795811,20260409-103125,0.0,0.0
514.1984052872976,514198405.28729767,-13.495733280795804,0.0,0,0,0.2,-13.495733280795811,20260409-103125,0.0,0.0
514.1984052872976,514198405.28729767,-13.495733280795804,0.0,0,0,0.2,-13.495733280795811,20260409-103125,0.0,0.0
514.1984052872976,514198405.28729767,-13.495733280795804,0.0,0,0,0.2,-13.495733280795811,20260409-103125,0.0,0.0
514.1984052872976,514198405.28729767,-13.495733280795804,0.0,0,0,0.2,-13.495733280795811,20260409-103125,0.0,0.0
514.1984052872976,514198405.28729767,-13.495733280795804,0.0,0,0,0.2,-13.495733280795811,20260409-103125,0.0,0.0
514.1984052872976,514198405.28729767,-13.495733280795804,0.0,0,0,0.2,-13.495733280795811,20260409-103125,0.0,0.0
514.1984052872976,514198405.28729767,-13.495733280795804,0.0,0,0,0.2,-13.495733280795811,20260409-103125,0.0,0.0
514.1984052872976,514198405.28729767,-13.495733280795804,0.0,0,0,0.2,-13.495733280795811,20260409-103125,0.0,0.0
514.1984052872976,514198405.28729767,-13.495733280795804,0.0,0,0,0.2,-13.495733280795811,20260409-103125,0.0,0.0
514.1984052872976,514198405.28729767,-13.495733280795804,0.0,0,0,0.2,-13.495733280795811,20260409-103125,0.0,0.0
514.1984052872976,514198405.28729767,-13.495733280795804,0.0,0,0,0.2,-13.495733280795811,20260409-103125,0.0,0.0
514.1984052872976,514198405.28729767,-13.495733280795804,0.0,0,0,0.2,-13.495733280795811,20260409-103125,0.0,0.0
514.1984052872976,514198405.28729767,-13.495733280795804,0.0,0,0,0.2,-13.495733280795811,20260409-103125,0.0,0.0
514.1984052872976,514198405.28729767,-13.495733280795804,0.0,0,0,0.2,-13.495733280795811,20260409-103125,0.0,0.0
514.1984052872976,514198405.28729767,-13.495733280795804,0.0,0,0,0.2,-13.495733280795811,20260409-103125,0.0,0.0
514.1984052872976,514198405.28729767,-13.495733280795804,0.0,0,0,0.2,-13.495733280795811,20260409-103125,0.0,0.0
514.1984052872976,514198405.28729767,-13.495733280795804,0.0,0,0,0.2,-13.495733280795811,20260409-103125,0.0,0.0
514.1984052872976,514198405.28729767,-13.495733280795804,0.0,0,0,0.2,-13.495733280795811,20260409-103125,0.0,0.0
514.1984052872976,514198405.28729767,-13.495733280795804,0.0,0,0,0.2,-13.495733280795811,20260409-103125,0.0,0.0
514.1984052872976,514198405.28729767,-13.495733280795804,0.0,0,0,0.2,-13.495733280795811,20260409-103125,0.0,0.0
514.1984052872976,514198405.28729767,-13.495733280795804,0.0,0,0,0.2,-13.495733280795811,20260409-103125,0.0,0.0
514.1984052872976,514198405.28729767,-13.495733280795804,0.0,0,0,0.2,-13.495733280795811,20260409-103125,0.0,0.0
514.1984052872976,514198405.28729767,-13.495733280795804,0.0,0,0,0.2,-13.495733280795811,20260409-103125,0.0,0.0
514.1984052872976,514198405.28729767,-13.495733280795804,0.0,0,0,0.2,-13.495733280795811,20260409-103125,0.0,0.0
514.1984052872976,514198405.28729767,-13.495733280795804,0.0,0,0,0.2,-13.495733280795811,20260409-103125,0.0,0.0
514.1984052872976,514198405.28729767,-13.495733280795804,0.0,0,0,0.2,-13.495733280795811,20260409-103125,0.0,0.0
514.1984052872976,514198405.28729767,-13.495733280795804,0.0,0,0,0.2,-13.495733280795811,20260409-103125,0.0,0.0
514.1984052872976,514198405.28729767,-13.495733280795804,0.0,0,0,0.2,-13.495733280795811,20260409-103125,0.0,0.0
514.1984052872976,514198405.28729767,-13.495733280795804,0.0,0,0,0.2,-13.495733280795811,20260409-103125,0.0,0.0
514.1984052872976,514198405.28729767,-13.495733280795804,0.0,0,0,0.2,-13.495733280795811,20260409-103125,0.0,0.0
514.1984052872976,514198405.28729767,-13.495733280795804,0.0,0,0,0.2,-13.495733280795811,20260409-103125,0.0,0.0
514.1984052872976,514198405.28729767,-13.495733280795804,0.0,0,0,0.2,-13.495733280795811,20260409-103125,0.0,0.0
514.1984052872976,514198405.28729767,-13.495733280795804,0.0,0,0,0.2,-13.495733280795811,20260409-103125,0.0,0.0
514.1984052872976,514198405.28729767,-13.495733280795804,0.0,0,0,0.2,-13.495733280795811,20260409-103125,0.0,0.0
184.0,184000000.0,-90.00000000000003,-0.0,0,0,2.4,-90.00000000000003,20260409-103125,0.0,0.0
184.0,184000000.0,-90.00000000000003,-0.0,0,0,2.4,-90.00000000000003,20260409-103125,0.0,0.0
184.0,184000000.0,-90.00000000000003,-0.0,0,0,2.4,-90.00000000000003,20260409-103125,0.0,0.0
184.0,184000000.0,-90.00000000000003,-0.0,0,0,2.4,-90.00000000000003,20260409-103125,0.0,0.0
184.0,184000000.0,-90.00000000000003,-0.0,0,0,2.4,-90.00000000000003,20260409-103125,0.0,0.0
184.0,184000000.0,-90.00000000000003,-0.0,0,0,2.4,-90.00000000000003,20260409-103125,0.0,0.0
184.0,184000000.0,-90.00000000000003,-0.0,0,0,2.4,-90.00000000000003,20260409-103125,0.0,0.0
184.0,184000000.0,-90.00000000000003,-0.0,0,0,2.4,-90.00000000000003,20260409-103125,0.0,0.0
184.0,184000000.0,-90.00000000000003,-0.0,0,0,2.4,-90.00000000000003,20260409-103125,0.0,0.0
184.0,184000000.0,-90.00000000000003,-0.0,0,0,2.4,-90.00000000000003,20260409-103125,0.0,0.0
184.0,184000000.0,-90.00000000000003,-0.0,0,0,2.4,-90.00000000000003,20260409-103125,0.0,0.0
184.0,184000000.0,-90.00000000000003,-0.0,0,0,2.4,-90.00000000000003,20260409-103125,0.0,0.0
184.0,184000000.0,-90.00000000000003,-0.0,0,0,2.6,-90.00000000000003,20260409-103125,0.0,0.0
184.0,184000000.0,-90.00000000000003,-0.0,0,0,2.6,-90.00000000000003,20260409-103125,0.0,0.0
184.0,184000000.0,-90.00000000000003,-0.0,0,0,2.8,-90.00000000000003,20260409-103125,0.0,0.0
184.0,184000000.0,-90.00000000000003,-0.0,0,0,2.8,-90.00000000000003,20260409-103125,0.0,0.0
184.0,184000000.0,-90.00000000000003,-0.0,0,0,2.8,-90.00000000000003,20260409-103125,0.0,0.0
184.0,184000000.0,-90.00000000000003,-0.0,0,0,2.8,-90.00000000000003,20260409-103125,0.0,0.0
184.0,184000000.0,-90.00000000000003,-0.0,0,0,2.8,-90.00000000000003,20260409-103125,0.0,0.0
184.0,184000000.0,-90.00000000000003,-0.0,0,0,2.8,-90.00000000000003,20260409-103125,0.0,0.0
184.0,184000000.0,-90.00000000000003,-0.0,0,0,2.8,-90.00000000000003,20260409-103125,0.0,0.0
184.0,184000000.0,-90.00000000000003,-0.0,0,0,2.8,-90.00000000000003,20260409-103125,0.0,0.0
184.0,184000000.0,-90.00000000000003,-0.0,0,0,2.8,-90.00000000000003,20260409-103125,0.0,0.0
184.0,184000000.0,-90.00000000000003,-0.0,0,0,2.8,-90.00000000000003,20260409-103125,0.0,0.0
184.0,184000000.0,-90.00000000000003,-0.0,0,0,2.8,-90.00000000000003,20260409-103125,0.0,0.0
184.0,184000000.0,-90.00000000000003,-0.0,0,0,2.8,-90.00000000000003,20260409-103125,0.0,0.0
184.0,184000000.0,-90.00000000000003,-0.0,0,0,2.8,-90.00000000000003,20260409-103125,0.0,0.0
184.0,184000000.0,-90.00000000000003,-0.0,0,0,2.8,-90.00000000000003,20260409-103125,0.0,0.0
184.0,184000000.0,-90.00000000000003,-0.0,0,0,2.8,-90.00000000000003,20260409-103125,0.0,0.0
184.0,184000000.0,-90.00000000000003,-0.0,0,0,2.8,-90.00000000000003,20260409-103125,0.0,0.0
184.0,184000000.0,-90.00000000000003,-0.0,0,0,2.8,-90.00000000000003,20260409-103125,0.0,0.0
184.0,184000000.0,-90.00000000000003,-0.0,0,0,2.8,-90.00000000000003,20260409-103125,0.0,0.0
184.0,184000000.0,-90.00000000000003,-0.0,0,0,2.8,-90.00000000000003,20260409-103125,0.0,0.0
184.0,184000000.0,-90.00000000000003,-0.0,0,0,2.8,-90.00000000000003,20260409-103125,0.0,0.0
184.0,184000000.0,-90.00000000000003,-0.0,0,0,2.8,-90.00000000000003,20260409-103125,0.0,0.0
184.0,184000000.0,-90.00000000000003,-0.0,0,0,2.8,-90.00000000000003,20260409-103125,0.0,0.0
184.0,184000000.0,-90.00000000000003,-0.0,0,0,2.8,-90.00000000000003,20260409-103125,0.0,0.0
184.0,184000000.0,-90.00000000000003,-0.0,0,0,2.8,-90.00000000000003,20260409-103125,0.0,0.0
184.0,184000000.0,-90.00000000000003,-0.0,0,0,2.8,-90.00000000000003,20260409-103125,0.0,0.0
184.0,184000000.0,-90.00000000000003,-0.0,0,0,2.8,-90.00000000000003,20260409-103125,0.0,0.0
184.0,184000000.0,-90.00000000000003,-0.0,0,0,2.8,-90.00000000000003,20260409-103125,0.0,0.0
184.0,184000000.0,-90.00000000000003,-0.0,0,0,2.8,-90.00000000000003,20260409-103125,0.0,0.0
184.0,184000000.0,-90.00000000000003,-0.0,0,0,2.8,-90.00000000000003,20260409-103125,0.0,0.0
184.0,184000000.0,-90.00000000000003,-0.0,0,0,2.8,-90.00000000000003,20260409-103125,0.0,0.0
184.0,184000000.0,-90.00000000000003,-0.0,0,0,2.8,-90.00000000000003,20260409-103125,0.0,0.0
184.0,184000000.0,-90.00000000000003,-0.0,0,0,2.8,-90.00000000000003,20260409-103125,0.0,0.0
184.0,184000000.0,-90.00000000000003,-0.0,0,0,2.8,-90.00000000000003,20260409-103125,0.0,0.0
184.0,184000000.0,-90.00000000000003,-0.0,0,0,2.8,-90.00000000000003,20260409-103125,0.0,0.0
184.0,184000000.0,-90.00000000000003,-0.0,0,0,2.8,-90.00000000000003,20260409-103125,0.0,0.0
184.0,184000000.0,-90.00000000000003,-0.0,0,0,2.8,-90.00000000000003,20260409-103125,0.0,0.0
184.0,184000000.0,-90.00000000000003,-0.0,0,0,2.8,-90.00000000000003,20260409-103125,0.0,0.0
184.0,184000000.0,-90.00000000000003,-0.0,0,0,2.8,-90.00000000000003,20260409-103125,0.0,0.0
184.0,184000000.0,-90.00000000000003,-0.0,0,0,2.8,-90.00000000000003,20260409-103125,0.0,0.0
184.0,184000000.0,-90.00000000000003,-0.0,0,0,2.8,-90.00000000000003,20260409-103125,0.0,0.0
184.0,184000000.0,-90.00000000000003,-0.0,0,0,2.8,-90.00000000000003,20260409-103125,0.0,0.0
184.0,184000000.0,-90.00000000000003,-0.0,0,0,2.8,-90.00000000000003,20260409-103125,0.0,0.0
184.0,184000000.0,-90.00000000000003,-0.0,0,0,2.8,-90.00000000000003,20260409-103125,0.0,0.0
184.0,184000000.0,-90.00000000000003,-0.0,0,0,2.8,-90.00000000000003,20260409-103125,0.0,0.0
184.0,184000000.0,-90.00000000000003,-0.0,0,0,2.8,-90.00000000000003,20260409-103125,0.0,0.0
184.0,184000000.0,-90.00000000000003,-0.0,0,0,2.8,-90.00000000000003,20260409-103125,0.0,0.0
184.0,184000000.0,-90.00000000000003,-0.0,0,0,2.8,-90.00000000000003,20260409-103125,0.0,0.0
184.0,184000000.0,-90.00000000000003,-0.0,0,0,2.8,-90.00000000000003,20260409-103125,0.0,0.0
184.0,184000000.0,-90.00000000000003,-0.0,0,0,2.8,-90.00000000000003,20260409-103125,0.0,0.0
184.0,184000000.0,-90.00000000000003,-0.0,0,0,2.8,-90.00000000000003,20260409-103125,0.0,0.0
184.0,184000000.0,-90.00000000000003,-0.0,0,0,2.8,-90.00000000000003,20260409-103125,0.0,0.0
184.0,184000000.0,-90.00000000000003,-0.0,0,0,2.8,-90.00000000000003,20260409-103125,0.0,0.0
184.0,184000000.0,-90.00000000000003,-0.0,0,0,2.8,-90.00000000000003,20260409-103125,0.0,0.0
184.0,184000000.0,-90.00000000000003,-0.0,0,0,2.8,-90.00000000000003,20260409-103125,0.0,0.0
184.0,184000000.0,-90.00000000000003,-0.0,0,0,2.8,-90.00000000000003,20260409-103125,0.0,0.0
184.0,184000000.0,-90.00000000000003,-0.0,0,0,2.8,-90.00000000000003,20260409-103125,0.0,0.0
184.0,184000000.0,-90.00000000000003,-0.0,0,0,2.8,-90.00000000000003,20260409-103125,0.0,0.0
184.0,184000000.0,-90.00000000000003,-0.0,0,0,2.8,-90.00000000000003,20260409-103125,0.0,0.0
184.0,184000000.0,-90.00000000000003,-0.0,0,0,2.8,-90.00000000000003,20260409-103125,0.0,0.0
184.0,184000000.0,-90.00000000000003,-0.0,0,0,2.8,-90.00000000000003,20260409-103125,0.0,0.0
184.0,184000000.0,-90.00000000000003,-0.0,0,0,2.8,-90.00000000000003,20260409-103125,0.0,0.0
184.0,184000000.0,-90.00000000000003,-0.0,0,0,2.8,-90.00000000000003,20260409-103125,0.0,0.0
184.0,184000000.0,-90.00000000000003,-0.0,0,0,2.8,-90.00000000000003,20260409-103125,0.0,0.0
184.0,184000000.0,-90.00000000000003,-0.0,0,0,2.8,-90.00000000000003,20260409-103125,0.0,0.0
184.0,184000000.0,-90.00000000000003,-0.0,0,0,2.8,-90.00000000000003,20260409-103125,0.0,0.0
184.0,184000000.0,-90.00000000000003,-0.0,0,0,2.8,-90.00000000000003,20260409-103125,0.0,0.0
184.0,184000000.0,-90.00000000000003,-0.0,0,0,2.8,-90.00000000000003,20260409-103125,0.0,0.0
184.0,184000000.0,-90.00000000000003,-0.0,0,0,2.8,-90.00000000000003,20260409-103125,0.0,0.0
184.0,184000000.0,-90.00000000000003,-0.0,0,0,2.8,-90.00000000000003,20260409-103125,0.0,0.0
184.0,184000000.0,-90.00000000000003,-0.0,0,0,2.8,-90.00000000000003,20260409-103125,0.0,0.0
184.0,184000000.0,-90.00000000000003,-0.0,0,0,2.8,-90.00000000000003,20260409-103125,0.0,0.0
184.0,184000000.0,-90.00000000000003,-0.0,0,0,2.8,-90.00000000000003,20260409-103125,0.0,0.0
184.0,184000000.0,-90.00000000000003,-0.0,0,0,2.8,-90.00000000000003,20260409-103125,0.0,0.0
184.0,184000000.0,-90.00000000000003,-0.0,0,0,2.8,-90.00000000000003,20260409-103125,0.0,0.0
184.0,184000000.0,-90.00000000000003,-0.0,0,0,2.8,-90.00000000000003,20260409-103125,0.0,0.0
184.0,184000000.0,-90.00000000000003,-0.0,0,0,2.8,-90.00000000000003,20260409-103125,0.0,0.0
184.0,184000000.0,-90.00000000000003,-0.0,0,0,2.8,-90.00000000000003,20260409-103125,0.0,0.0
184.0,184000000.0,-90.00000000000003,-0.0,0,0,2.8,-90.00000000000003,20260409-103125,0.0,0.0
184.0,184000000.0,-90.00000000000003,-0.0,0,0,2.8,-90.00000000000003,20260409-103125,0.0,0.0
184.0,184000000.0,-90.00000000000003,-0.0,0,0,2.8,-90.00000000000003,20260409-103125,0.0,0.0
184.0,184000000.0,-90.00000000000003,-0.0,0,0,2.8,-90.00000000000003,20260409-103125,0.0,0.0
184.0,184000000.0,-90.00000000000003,-0.0,0,0,2.8,-90.00000000000003,20260409-103125,0.0,0.0
184.0,184000000.0,-90.00000000000003,-0.0,0,0,2.8,-90.00000000000003,20260409-103125,0.0,0.0
184.0,184000000.0,-90.00000000000003,-0.0,0,0,2.8,-90.00000000000003,20260409-103125,0.0,0.0
184.0,184000000.0,-90.00000000000003,-0.0,0,0,2.8,-90.00000000000003,20260409-103125,0.0,0.0
184.0,184000000.0,-90.00000000000003,-0.0,0,0,2.8,-90.00000000000003,20260409-103125,0.0,0.0
184.0,184000000.0,-90.00000000000003,-0.0,0,0,2.8,-90.00000000000003,20260409-103125,0.0,0.0
184.0,184000000.0,-90.00000000000003,-0.0,0,0,2.8,-90.00000000000003,20260409-103125,0.0,0.0
184.0,184000000.0,-90.00000000000003,-0.0,0,0,2.8,-90.00000000000003,20260409-103125,0.0,0.0
184.0,184000000.0,-90.00000000000003,-0.0,0,0,2.8,-90.00000000000003,20260409-103125,0.0,0.0
184.0,184000000.0,-90.00000000000003,-0.0,0,0,2.8,-90.00000000000003,20260409-103125,0.0,0.0
184.0,184000000.0,-90.00000000000003,-0.0,0,0,2.8,-90.00000000000003,20260409-103125,0.0,0.0
184.0,184000000.0,-90.00000000000003,-0.0,0,0,2.8,-90.00000000000003,20260409-103125,0.0,0.0
184.0,184000000.0,-90.00000000000003,-0.0,0,0,2.8,-90.00000000000003,20260409-103125,0.0,0.0
184.0,184000000.0,-90.00000000000003,-0.0,0,0,2.8,-90.00000000000003,20260409-103125,0.0,0.0
184.0,184000000.0,-90.00000000000003,-0.0,0,0,2.8,-90.00000000000003,20260409-103125,0.0,0.0
184.0,184000000.0,-90.00000000000003,-0.0,0,0,2.8,-90.00000000000003,20260409-103125,0.0,0.0
184.0,184000000.0,-90.00000000000003,-0.0,0,0,2.8,-90.00000000000003,20260409-103125,0.0,0.0
184.0,184000000.0,-90.00000000000003,-0.0,0,0,2.8,-90.00000000000003,20260409-103125,0.0,0.0
184.0,184000000.0,-90.00000000000003,-0.0,0,0,2.8,-90.00000000000003,20260409-103125,0.0,0.0
184.0,184000000.0,-90.00000000000003,-0.0,0,0,2.8,-90.00000000000003,20260409-103125,0.0,0.0
184.0,184000000.0,-90.00000000000003,-0.0,0,0,2.8,-90.00000000000003,20260409-103125,0.0,0.0
184.0,184000000.0,-90.00000000000003,-0.0,0,0,2.8,-90.00000000000003,20260409-103125,0.0,0.0
184.0,184000000.0,-90.00000000000003,-0.0,0,0,2.8,-90.00000000000003,20260409-103125,0.0,0.0
184.0,184000000.0,-90.00000000000003,-0.0,0,0,2.8,-90.00000000000003,20260409-103125,0.0,0.0
184.0,184000000.0,-90.00000000000003,-0.0,0,0,2.8,-90.00000000000003,20260409-103125,0.0,0.0
184.0,184000000.0,-90.00000000000003,-0.0,0,0,2.8,-90.00000000000003,20260409-103125,0.0,0.0
184.0,184000000.0,-90.00000000000003,-0.0,0,0,2.8,-90.00000000000003,20260409-103125,0.0,0.0
184.0,184000000.0,-90.00000000000003,-0.0,0,0,2.8,-90.00000000000003,20260409-103125,0.0,0.0
184.0,184000000.0,-90.00000000000003,-0.0,0,0,2.8,-90.00000000000003,20260409-103125,0.0,0.0
184.0,184000000.0,-90.00000000000003,-0.0,0,0,2.8,-90.00000000000003,20260409-103125,0.0,0.0
184.0,184000000.0,-90.00000000000003,-0.0,0,0,2.8,-90.00000000000003,20260409-103125,0.0,0.0
184.0,184000000.0,-90.00000000000003,-0.0,0,0,2.8,-90.00000000000003,20260409-103125,0.0,0.0
184.0,184000000.0,-90.00000000000003,-0.0,0,0,2.8,-90.00000000000003,20260409-103125,0.0,0.0
184.0,184000000.0,-90.00000000000003,-0.0,0,0,2.8,-90.00000000000003,20260409-103125,0.0,0.0
184.0,184000000.0,-90.00000000000003,-0.0,0,0,2.8,-90.00000000000003,20260409-103125,0.0,0.0
184.0,184000000.0,-90.00000000000003,-0.0,0,0,2.8,-90.00000000000003,20260409-103125,0.0,0.0
184.0,184000000.0,-90.00000000000003,-0.0,0,0,2.8,-90.00000000000003,20260409-103125,0.0,0.0
184.0,184000000.0,-90.00000000000003,-0.0,0,0,2.8,-90.00000000000003,20260409-103125,0.0,0.0
184.0,184000000.0,-90.00000000000003,-0.0,0,0,2.8,-90.00000000000003,20260409-103125,0.0,0.0
184.0,184000000.0,-90.00000000000003,-0.0,0,0,2.8,-90.00000000000003,20260409-103125,0.0,0.0
184.0,184000000.0,-90.00000000000003,-0.0,0,0,2.8,-90.00000000000003,20260409-103125,0.0,0.0
184.0,184000000.0,-90.00000000000003,-0.0,0,0,2.8,-90.00000000000003,20260409-103125,0.0,0.0
184.0,184000000.0,-90.00000000000003,-0.0,0,0,2.8,-90.00000000000003,20260409-103125,0.0,0.0
184.0,184000000.0,-90.00000000000003,-0.0,0,0,2.8,-90.00000000000003,20260409-103125,0.0,0.0
184.0,184000000.0,-90.00000000000003,-0.0,0,0,2.8,-90.00000000000003,20260409-103125,0.0,0.0
184.0,184000000.0,-90.00000000000003,-0.0,0,0,2.8,-90.00000000000003,20260409-103125,0.0,0.0
184.0,184000000.0,-90.00000000000003,-0.0,0,0,2.8,-90.00000000000003,20260409-103125,0.0,0.0
184.0,184000000.0,-90.00000000000003,-0.0,0,0,2.8,-90.00000000000003,20260409-103125,0.0,0.0
184.0,184000000.0,-90.00000000000003,-0.0,0,0,2.8,-90.00000000000003,20260409-103125,0.0,0.0
184.0,184000000.0,-90.00000000000003,-0.0,0,0,2.8,-90.00000000000003,20260409-103125,0.0,0.0
184.0,184000000.0,-90.00000000000003,-0.0,0,0,2.8,-90.00000000000003,20260409-103125,0.0,0.0
184.0,184000000.0,-90.00000000000003,-0.0,0,0,2.8,-90.00000000000003,20260409-103125,0.0,0.0
184.0,184000000.0,-90.00000000000003,-0.0,0,0,2.8,-90.00000000000003,20260409-103125,0.0,0.0
184.0,184000000.0,-90.00000000000003,-0.0,0,0,2.8,-90.00000000000003,20260409-103125,0.0,0.0
184.0,184000000.0,-90.00000000000003,-0.0,0,0,2.8,-90.00000000000003,20260409-103125,0.0,0.0
184.0,184000000.0,-90.00000000000003,-0.0,0,0,2.8,-90.00000000000003,20260409-103125,0.0,0.0
184.0,184000000.0,-90.00000000000003,-0.0,0,0,2.8,-90.00000000000003,20260409-103125,0.0,0.0
184.0,184000000.0,-90.00000000000003,-0.0,0,0,2.8,-90.00000000000003,20260409-103125,0.0,0.0
184.0,184000000.0,-90.00000000000003,-0.0,0,0,2.8,-90.00000000000003,20260409-103125,0.0,0.0
184.0,184000000.0,-90.00000000000003,-0.0,0,0,2.8,-90.00000000000003,20260409-103125,0.0,0.0
184.0,184000000.0,-90.00000000000003,-0.0,0,0,2.8,-90.00000000000003,20260409-103125,0.0,0.0
184.0,184000000.0,-90.00000000000003,-0.0,0,0,2.8,-90.00000000000003,20260409-103125,0.0,0.0
184.0,184000000.0,-90.00000000000003,-0.0,0,0,2.8,-90.00000000000003,20260409-103125,0.0,0.0
184.0,184000000.0,-90.00000000000003,-0.0,0,0,2.8,-90.00000000000003,20260409-103125,0.0,0.0
184.0,184000000.0,-90.00000000000003,-0.0,0,0,2.8,-90.00000000000003,20260409-103125,0.0,0.0
184.0,184000000.0,-90.00000000000003,-0.0,0,0,2.8,-90.00000000000003,20260409-103125,0.0,0.0
184.0,184000000.0,-90.00000000000003,-0.0,0,0,2.8,-90.00000000000003,20260409-103125,0.0,0.0
184.0,184000000.0,-90.00000000000003,-0.0,0,0,2.8,-90.00000000000003,20260409-103125,0.0,0.0
184.0,184000000.0,-90.00000000000003,-0.0,0,0,2.8,-90.00000000000003,20260409-103125,0.0,0.0
184.0,184000000.0,-90.00000000000003,-0.0,0,0,2.8,-90.00000000000003,20260409-103125,0.0,0.0
184.0,184000000.0,-90.00000000000003,-0.0,0,0,2.8,-90.00000000000003,20260409-103125,0.0,0.0
184.0,184000000.0,-90.00000000000003,-0.0,0,0,2.8,-90.00000000000003,20260409-103125,0.0,0.0
184.0,184000000.0,-90.00000000000003,-0.0,0,0,2.8,-90.00000000000003,20260409-103125,0.0,0.0
184.0,184000000.0,-90.00000000000003,-0.0,0,0,2.8,-90.00000000000003,20260409-103125,0.0,0.0
184.0,184000000.0,-90.00000000000003,-0.0,0,0,2.8,-90.00000000000003,20260409-103125,0.0,0.0
184.0,184000000.0,-90.00000000000003,-0.0,0,0,2.8,-90.00000000000003,20260409-103125,0.0,0.0
184.0,184000000.0,-90.00000000000003,-0.0,0,0,2.8,-90.00000000000003,20260409-103125,0.0,0.0
184.0,184000000.0,-90.00000000000003,-0.0,0,0,2.8,-90.00000000000003,20260409-103125,0.0,0.0
184.0,184000000.0,-90.00000000000003,-0.0,0,0,2.8,-90.00000000000003,20260409-103125,0.0,0.0
184.0,184000000.0,-90.00000000000003,-0.0,0,0,2.8,-90.00000000000003,20260409-103125,0.0,0.0
184.0,184000000.0,-90.00000000000003,-0.0,0,0,2.8,-90.00000000000003,20260409-103125,0.0,0.0
184.0,184000000.0,-90.00000000000003,-0.0,0,0,2.8,-90.00000000000003,20260409-103125,0.0,0.0
184.0,184000000.0,-90.00000000000003,-0.0,0,0,2.8,-90.00000000000003,20260409-103125,0.0,0.0
184.0,184000000.0,-90.00000000000003,-0.0,0,0,2.8,-90.00000000000003,20260409-103125,0.0,0.0
184.0,184000000.0,-90.00000000000003,-0.0,0,0,2.8,-90.00000000000003,20260409-103125,0.0,0.0
184.0,184000000.0,-90.00000000000003,-0.0,0,0,2.8,-90.00000000000003,20260409-103125,0.0,0.0
184.0,184000000.0,-90.00000000000003,-0.0,0,0,2.8,-90.00000000000003,20260409-103125,0.0,0.0
184.0,184000000.0,-90.00000000000003,-0.0,0,0,2.8,-90.00000000000003,20260409-103125,0.0,0.0
184.0,184000000.0,-90.00000000000003,-0.0,0,0,2.8,-90.00000000000003,20260409-103125,0.0,0.0
184.0,184000000.0,-90.00000000000003,-0.0,0,0,2.8,-90.00000000000003,20260409-103125,0.0,0.0
184.0,184000000.0,-90.00000000000003,-0.0,0,0,2.8,-90.00000000000003,20260409-103125,0.0,0.0
184.0,184000000.0,-90.00000000000003,-0.0,0,0,2.8,-90.00000000000003,20260409-103125,0.0,0.0
184.0,184000000.0,-90.00000000000003,-0.0,0,0,2.8,-90.00000000000003,20260409-103125,0.0,0.0
184.0,184000000.0,-90.00000000000003,-0.0,0,0,2.8,-90.00000000000003,20260409-103125,0.0,0.0
184.0,184000000.0,-90.00000000000003,-0.0,0,0,2.8,-90.00000000000003,20260409-103125,0.0,0.0
184.0,184000000.0,-90.00000000000003,-0.0,0,0,2.8,-90.00000000000003,20260409-103125,0.0,0.0
184.0,184000000.0,-90.00000000000003,-0.0,0,0,2.8,-90.00000000000003,20260409-103125,0.0,0.0
184.0,184000000.0,-90.00000000000003,-0.0,0,0,2.8,-90.00000000000003,20260409-103125,0.0,0.0
184.0,184000000.0,-90.00000000000003,-0.0,0,0,2.8,-90.00000000000003,20260409-103125,0.0,0.0
184.0,184000000.0,-90.00000000000003,-0.0,0,0,2.8,-90.00000000000003,20260409-103125,0.0,0.0
184.0,184000000.0,-90.00000000000003,-0.0,0,0,2.8,-90.00000000000003,20260409-103125,0.0,0.0
184.0,184000000.0,-90.00000000000003,-0.0,0,0,2.8,-90.00000000000003,20260409-103125,0.0,0.0
184.0,184000000.0,-90.00000000000003,-0.0,0,0,2.8,-90.00000000000003,20260409-103125,0.0,0.0
184.0,184000000.0,-90.00000000000003,-0.0,0,0,2.8,-90.00000000000003,20260409-103125,0.0,0.0
184.0,184000000.0,-90.00000000000003,-0.0,0,0,2.8,-90.00000000000003,20260409-103125,0.0,0.0
184.0,184000000.0,-90.00000000000003,-0.0,0,0,2.8,-90.00000000000003,20260409-103125,0.0,0.0
184.0,184000000.0,-90.00000000000003,-0.0,0,0,2.8,-90.00000000000003,20260409-103125,0.0,0.0
184.0,184000000.0,-90.00000000000003,-0.0,0,0,2.8,-90.00000000000003,20260409-103125,0.0,0.0
184.0,184000000.0,-90.00000000000003,-0.0,0,0,2.8,-90.00000000000003,20260409-103125,0.0,0.0
184.0,184000000.0,-90.00000000000003,-0.0,0,0,2.8,-90.00000000000003,20260409-103125,0.0,0.0
184.0,184000000.0,-90.00000000000003,-0.0,0,0,2.8,-90.00000000000003,20260409-103125,0.0,0.0
184.0,184000000.0,-90.00000000000003,-0.0,0,0,2.8,-90.00000000000003,20260409-103125,0.0,0.0
184.0,184000000.0,-90.00000000000003,-0.0,0,0,2.8,-90.00000000000003,20260409-103125,0.0,0.0
184.0,184000000.0,-90.00000000000003,-0.0,0,0,2.8,-90.00000000000003,20260409-103125,0.0,0.0
184.0,184000000.0,-90.00000000000003,-0.0,0,0,2.8,-90.00000000000003,20260409-103125,0.0,0.0
184.0,184000000.0,-90.00000000000003,-0.0,0,0,2.8,-90.00000000000003,20260409-103125,0.0,0.0
184.0,184000000.0,-90.00000000000003,-0.0,0,0,2.8,-90.00000000000003,20260409-103125,0.0,0.0
184.0,184000000.0,-90.00000000000003,-0.0,0,0,2.8,-90.00000000000003,20260409-103125,0.0,0.0
184.0,184000000.0,-90.00000000000003,-0.0,0,0,2.8,-90.00000000000003,20260409-103125,0.0,0.0
184.0,184000000.0,-90.00000000000003,-0.0,0,0,2.8,-90.00000000000003,20260409-103125,0.0,0.0
184.0,184000000.0,-90.00000000000003,-0.0,0,0,2.8,-90.00000000000003,20260409-103125,0.0,0.0
184.0,184000000.0,-90.00000000000003,-0.0,0,0,2.8,-90.00000000000003,20260409-103125,0.0,0.0
184.0,184000000.0,-90.00000000000003,-0.0,0,0,2.8,-90.00000000000003,20260409-103125,0.0,0.0
184.0,184000000.0,-90.00000000000003,-0.0,0,0,2.8,-90.00000000000003,20260409-103125,0.0,0.0
184.0,184000000.0,-90.00000000000003,-0.0,0,0,2.8,-90.00000000000003,20260409-103125,0.0,0.0
184.0,184000000.0,-90.00000000000003,-0.0,0,0,2.8,-90.00000000000003,20260409-103125,0.0,0.0
184.0,184000000.0,-90.00000000000003,-0.0,0,0,2.8,-90.00000000000003,20260409-103125,0.0,0.0
184.0,184000000.0,-90.00000000000003,-0.0,0,0,2.8,-90.00000000000003,20260409-103125,0.0,0.0
184.0,184000000.0,-90.00000000000003,-0.0,0,0,2.8,-90.00000000000003,20260409-103125,0.0,0.0
184.0,184000000.0,-90.00000000000003,-0.0,0,0,2.8,-90.00000000000003,20260409-103125,0.0,0.0
184.0,184000000.0,-90.00000000000003,-0.0,0,0,2.8,-90.00000000000003,20260409-103125,0.0,0.0
184.0,184000000.0,-90.00000000000003,-0.0,0,0,2.8,-90.00000000000003,20260409-103125,0.0,0.0
184.0,184000000.0,-90.00000000000003,-0.0,0,0,2.8,-90.00000000000003,20260409-103125,0.0,0.0
184.0,184000000.0,-90.00000000000003,-0.0,0,0,2.8,-90.00000000000003,20260409-103125,0.0,0.0
184.0,184000000.0,-90.00000000000003,-0.0,0,0,2.8,-90.00000000000003,20260409-103125,0.0,0.0
184.0,184000000.0,-90.00000000000003,-0.0,0,0,2.8,-90.00000000000003,20260409-103125,0.0,0.0
184.0,184000000.0,-90.00000000000003,-0.0,0,0,2.8,-90.00000000000003,20260409-103125,0.0,0.0
184.0,184000000.0,-90.00000000000003,-0.0,0,0,2.8,-90.00000000000003,20260409-103125,0.0,0.0
184.0,184000000.0,-90.00000000000003,-0.0,0,0,2.8,-90.00000000000003,20260409-103125,0.0,0.0
184.0,184000000.0,-90.00000000000003,-0.0,0,0,2.8,-90.00000000000003,20260409-103125,0.0,0.0
184.0,184000000.0,-90.00000000000003,-0.0,0,0,2.8,-90.00000000000003,20260409-103125,0.0,0.0
184.0,184000000.0,-90.00000000000003,-0.0,0,0,2.8,-90.00000000000003,20260409-103125,0.0,0.0
184.0,184000000.0,-90.00000000000003,-0.0,0,0,2.8,-90.00000000000003,20260409-103125,0.0,0.0
184.0,184000000.0,-90.00000000000003,-0.0,0,0,2.8,-90.00000000000003,20260409-103125,0.0,0.0
184.0,184000000.0,-90.00000000000003,-0.0,0,0,2.8,-90.00000000000003,20260409-103125,0.0,0.0
184.0,184000000.0,-90.00000000000003,-0.0,0,0,2.8,-90.00000000000003,20260409-103125,0.0,0.0
184.0,184000000.0,-90.00000000000003,-0.0,0,0,2.8,-90.00000000000003,20260409-103125,0.0,0.0
184.0,184000000.0,-90.00000000000003,-0.0,0,0,2.8,-90.00000000000003,20260409-103125,0.0,0.0
184.0,184000000.0,-90.00000000000003,-0.0,0,0,2.8,-90.00000000000003,20260409-103125,0.0,0.0
184.0,184000000.0,-90.00000000000003,-0.0,0,0,2.8,-90.00000000000003,20260409-103125,0.0,0.0
184.0,184000000.0,-90.00000000000003,-0.0,0,0,2.8,-90.00000000000003,20260409-103125,0.0,0.0
184.0,184000000.0,-90.00000000000003,-0.0,0,0,2.8,-90.00000000000003,20260409-103125,0.0,0.0
184.0,184000000.0,-90.00000000000003,-0.0,0,0,2.8,-90.00000000000003,20260409-103125,0.0,0.0
184.0,184000000.0,-90.00000000000003,-0.0,0,0,2.8,-90.00000000000003,20260409-103125,0.0,0.0
184.0,184000000.0,-90.00000000000003,-0.0,0,0,2.8,-90.00000000000003,20260409-103125,0.0,0.0
184.0,184000000.0,-90.00000000000003,-0.0,0,0,2.8,-90.00000000000003,20260409-103125,0.0,0.0
184.0,184000000.0,-90.00000000000003,-0.0,0,0,2.8,-90.00000000000003,20260409-103125,0.0,0.0
184.0,184000000.0,-90.00000000000003,-0.0,0,0,2.8,-90.00000000000003,20260409-103125,0.0,0.0
184.0,184000000.0,-90.00000000000003,-0.0,0,0,2.8,-90.00000000000003,20260409-103125,0.0,0.0
184.0,184000000.0,-90.00000000000003,-0.0,0,0,2.8,-90.00000000000003,20260409-103125,0.0,0.0
184.0,184000000.0,-90.00000000000003,-0.0,0,0,2.8,-90.00000000000003,20260409-103125,0.0,0.0
184.0,184000000.0,-90.00000000000003,-0.0,0,0,2.8,-90.00000000000003,20260409-103125,0.0,0.0
184.0,184000000.0,-90.00000000000003,-0.0,0,0,2.8,-90.00000000000003,20260409-103125,0.0,0.0
184.0,184000000.0,-90.00000000000003,-0.0,0,0,2.8,-90.00000000000003,20260409-103125,0.0,0.0
184.0,184000000.0,-90.00000000000003,-0.0,0,0,2.8,-90.00000000000003,20260409-103125,0.0,0.0
184.0,184000000.0,-90.00000000000003,-0.0,0,0,2.8,-90.00000000000003,20260409-103125,0.0,0.0
184.0,184000000.0,-90.00000000000003,-0.0,0,0,2.8,-90.00000000000003,20260409-103125,0.0,0.0
184.0,184000000.0,-90.00000000000003,-0.0,0,0,2.8,-90.00000000000003,20260409-103125,0.0,0.0
184.0,184000000.0,-90.00000000000003,-0.0,0,0,2.8,-90.00000000000003,20260409-103125,0.0,0.0
184.0,184000000.0,-90.00000000000003,-0.0,0,0,2.8,-90.00000000000003,20260409-103125,0.0,0.0
184.0,184000000.0,-90.00000000000003,-0.0,0,0,2.8,-90.00000000000003,20260409-103125,0.0,0.0
184.0,184000000.0,-90.00000000000003,-0.0,0,0,2.8,-90.00000000000003,20260409-103125,0.0,0.0
184.0,184000000.0,-90.00000000000003,-0.0,0,0,2.8,-90.00000000000003,20260409-103125,0.0,0.0
184.0,184000000.0,-90.00000000000003,-0.0,0,0,2.8,-90.00000000000003,20260409-103125,0.0,0.0
184.0,184000000.0,-90.00000000000003,-0.0,0,0,2.8,-90.00000000000003,20260409-103125,0.0,0.0
184.0,184000000.0,-90.00000000000003,-0.0,0,0,2.8,-90.00000000000003,20260409-103125,0.0,0.0
184.0,184000000.0,-90.00000000000003,-0.0,0,0,2.8,-90.00000000000003,20260409-103125,0.0,0.0
184.0,184000000.0,-90.00000000000003,-0.0,0,0,2.8,-90.00000000000003,20260409-103125,0.0,0.0
184.0,184000000.0,-90.00000000000003,-0.0,0,0,2.8,-90.00000000000003,20260409-103125,0.0,0.0
184.0,184000000.0,-90.00000000000003,-0.0,0,0,2.8,-90.00000000000003,20260409-103125,0.0,0.0
184.0,184000000.0,-90.00000000000003,-0.0,0,0,2.8,-90.00000000000003,20260409-103125,0.0,0.0
184.0,184000000.0,-90.00000000000003,-0.0,0,0,2.8,-90.00000000000003,20260409-103125,0.0,0.0
184.0,184000000.0,-90.00000000000003,-0.0,0,0,2.8,-90.00000000000003,20260409-103125,0.0,0.0
184.0,184000000.0,-90.00000000000003,-0.0,0,0,2.8,-90.00000000000003,20260409-103125,0.0,0.0
184.0,184000000.0,-90.00000000000003,-0.0,0,0,2.8,-90.00000000000003,20260409-103125,0.0,0.0
184.0,184000000.0,-90.00000000000003,-0.0,0,0,2.8,-90.00000000000003,20260409-103125,0.0,0.0
184.0,184000000.0,-90.00000000000003,-0.0,0,0,2.8,-90.00000000000003,20260409-103125,0.0,0.0
184.0,184000000.0,-90.00000000000003,-0.0,0,0,2.8,-90.00000000000003,20260409-103125,0.0,0.0
184.0,184000000.0,-90.00000000000003,-0.0,0,0,2.8,-90.00000000000003,20260409-103125,0.0,0.0
184.0,184000000.0,-90.00000000000003,-0.0,0,0,2.8,-90.00000000000003,20260409-103125,0.0,0.0
184.0,184000000.0,-90.00000000000003,-0.0,0,0,2.8,-90.00000000000003,20260409-103125,0.0,0.0
184.0,184000000.0,-90.00000000000003,-0.0,0,0,2.8,-90.00000000000003,20260409-103125,0.0,0.0
184.0,184000000.0,-90.00000000000003,-0.0,0,0,2.8,-90.00000000000003,20260409-103125,0.0,0.0
184.0,184000000.0,-90.00000000000003,-0.0,0,0,2.8,-90.00000000000003,20260409-103125,0.0,0.0
184.0,184000000.0,-90.00000000000003,-0.0,0,0,2.8,-90.00000000000003,20260409-103125,0.0,0.0
184.0,184000000.0,-90.00000000000003,-0.0,0,0,2.8,-90.00000000000003,20260409-103125,0.0,0.0
184.0,184000000.0,-90.00000000000003,-0.0,0,0,2.8,-90.00000000000003,20260409-103125,0.0,0.0
184.0,184000000.0,-90.00000000000003,-0.0,0,0,2.8,-90.00000000000003,20260409-103125,0.0,0.0
184.0,184000000.0,-90.00000000000003,-0.0,0,0,2.8,-90.00000000000003,20260409-103125,0.0,0.0
184.0,184000000.0,-90.00000000000003,-0.0,0,0,2.8,-90.00000000000003,20260409-103125,0.0,0.0
184.0,184000000.0,-90.00000000000003,-0.0,0,0,2.8,-90.00000000000003,20260409-103125,0.0,0.0
184.0,184000000.0,-90.00000000000003,-0.0,0,0,2.8,-90.00000000000003,20260409-103125,0.0,0.0
184.0,184000000.0,-90.00000000000003,-0.0,0,0,2.8,-90.00000000000003,20260409-103125,0.0,0.0
184.0,184000000.0,-90.00000000000003,-0.0,0,0,2.8,-90.00000000000003,20260409-103125,0.0,0.0
184.0,184000000.0,-90.00000000000003,-0.0,0,0,2.8,-90.00000000000003,20260409-103125,0.0,0.0
184.0,184000000.0,-90.00000000000003,-0.0,0,0,2.8,-90.00000000000003,20260409-103125,0.0,0.0
184.0,184000000.0,-90.00000000000003,-0.0,0,0,2.8,-90.00000000000003,20260409-103125,0.0,0.0
184.0,184000000.0,-90.00000000000003,-0.0,0,0,2.8,-90.00000000000003,20260409-103125,0.0,0.0
184.0,184000000.0,-90.00000000000003,-0.0,0,0,2.8,-90.00000000000003,20260409-103125,0.0,0.0
184.0,184000000.0,-90.00000000000003,-0.0,0,0,2.8,-90.00000000000003,20260409-103125,0.0,0.0
280.0,3.111111111111111,-90.0,-90.0,0,0,0.3,-90.0,20260409-103125,0.0,0.0
277.0,3.077777777777778,-90.0,-90.0,0,0,0.3,-90.0,20260409-103125,0.0,0.0
274.0,3.0444444444444443,-90.0,-90.0,0,0,0.3,-90.0,20260409-103125,0.0,0.0
271.0,3.011111111111111,-90.0,-90.0,0,0,0.3,-90.0,20260409-103125,0.0,0.0
268.0,2.977777777777778,-90.0,-90.0,0,0,0.3,-90.0,20260409-103125,0.0,0.0
265.0,2.9444444444444446,-90.0,-90.0,0,0,0.3,-90.0,20260409-103125,0.0,0.0
262.0,2.911111111111111,-90.0,-90.0,0,0,0.3,-90.0,20260409-103125,0.0,0.0
259.0,2.8777777777777778,-90.0,-90.0,0,0,0.3,-90.0,20260409-103125,0.0,0.0
256.0,2.8444444444444446,-90.0,-90.0,0,0,0.3,-90.0,20260409-103125,0.0,0.0
253.0,2.811111111111111,-90.0,-90.0,0,0,0.3,-90.0,20260409-103125,0.0,0.0
250.0,2.7777777777777777,-90.0,-90.0,0,0,0.3,-90.0,20260409-103125,0.0,0.0
247.0,2.7444444444444445,-90.0,-90.0,0,0,0.3,-90.0,20260409-103125,0.0,0.0
244.0,2.7111111111111112,-90.0,-90.0,0,0,0.3,-90.0,20260409-103125,0.0,0.0
241.0,2.6777777777777776,-90.0,-90.0,0,0,0.3,-90.0,20260409-103125,0.0,0.0
238.0,2.6444444444444444,-90.0,-90.0,0,0,0.3,-90.0,20260409-103125,0.0,0.0
235.0,2.611111111111111,-90.0,-90.0,0,0,0.3,-90.0,20260409-103125,0.0,0.0
232.0,2.577777777777778,-90.0,-90.0,0,0,0.3,-90.0,20260409-103125,0.0,0.0
229.0,2.5444444444444443,-90.0,-90.0,0,0,0.3,-90.0,20260409-103125,0.0,0.0
226.0,2.511111111111111,-90.0,-90.0,0,0,0.3,-90.0,20260409-103125,0.0,0.0
223.0,2.477777777777778,-90.0,-90.0,0,0,0.3,-90.0,20260409-103125,0.0,0.0
220.0,2.4444444444444446,-90.0,-90.0,0,0,0.3,-90.0,20260409-103125,0.0,0.0
217.0,2.411111111111111,-90.0,-90.0,0,0,0.3,-90.0,20260409-103125,0.0,0.0
214.0,2.3777777777777778,-90.0,-90.0,0,0,0.3,-90.0,20260409-103125,0.0,0.0
211.0,2.3444444444444446,-90.0,-90.0,0,0,0.3,-90.0,20260409-103125,0.0,0.0
208.0,2.311111111111111,-90.0,-90.0,0,0,0.3,-90.0,20260409-103125,0.0,0.0
205.0,2.2777777777777777,-90.0,-90.0,0,0,0.3,-90.0,20260409-103125,0.0,0.0
202.0,2.2444444444444445,-90.0,-90.0,0,0,0.3,-90.0,20260409-103125,0.0,0.0
199.0,2.2111111111111112,-90.0,-90.0,0,0,0.3,-90.0,20260409-103125,0.0,0.0
196.0,2.1777777777777776,-90.0,-90.0,0,0,0.3,-90.0,20260409-103125,0.0,0.0
193.0,2.1444444444444444,-90.0,-90.0,0,0,0.3,-90.0,20260409-103125,0.0,0.0
190.0,2.111111111111111,-90.0,-90.0,0,0,0.3,-90.0,20260409-103125,0.0,0.0
187.0,2.077777777777778,-90.0,-90.0,0,0,0.3,-90.0,20260409-103125,0.0,0.0
184.0,2.0444444444444443,-90.0,-90.0,0,0,0.3,-90.0,20260409-103125,0.0,0.0
181.0,2.011111111111111,-90.0,-90.0,0,0,0.3,-90.0,20260409-103125,0.0,0.0
178.0,1.9777777777777779,-90.0,-90.0,0,0,0.3,-90.0,20260409-103125,0.0,0.0
175.0,1.9444444444444444,-90.0,-90.0,0,0,0.3,-90.0,20260409-103125,0.0,0.0
172.0,1.9111111111111112,-90.0,-90.0,0,0,0.3,-90.0,20260409-103125,0.0,0.0
169.0,1.8777777777777778,-90.0,-90.0,0,0,0.3,-90.0,20260409-103125,0.0,0.0
166.0,1.8444444444444446,-90.0,-90.0,0,0,0.3,-90.0,20260409-103125,0.0,0.0
163.0,1.8111111111111111,-90.0,-90.0,0,0,0.3,-90.0,20260409-103125,0.0,0.0
160.0,1.7777777777777777,-90.0,-90.0,0,0,0.3,-90.0,20260409-103125,0.0,0.0
157.0,1.7444444444444445,-90.0,-90.0,0,0,0.3,-90.0,20260409-103125,0.0,0.0
154.0,1.711111111111111,-90.0,-90.0,0,0,0.3,-90.0,20260409-103125,0.0,0.0
151.0,1.6777777777777778,-90.0,-90.0,0,0,0.3,-90.0,20260409-103125,0.0,0.0
148.0,1.6444444444444444,-90.0,-90.0,0,0,0.3,-90.0,20260409-103125,0.0,0.0
145.0,1.6111111111111112,-90.0,-90.0,0,0,0.3,-90.0,20260409-103125,0.0,0.0
142.0,1.5777777777777777,-90.0,-90.0,0,0,0.3,-90.0,20260409-103125,0.0,0.0
139.0,1.5444444444444445,-90.0,-90.0,0,0,0.3,-90.0,20260409-103125,0.0,0.0
136.0,1.511111111111111,-90.0,-90.0,0,0,0.3,-90.0,20260409-103125,0.0,0.0
133.0,1.4777777777777779,-90.0,-90.0,0,0,0.3,-90.0,20260409-103125,0.0,0.0
130.0,1.4444444444444444,-90.0,-90.0,0,0,0.3,-90.0,20260409-103125,0.0,0.0
127.0,1.4111111111111112,-90.0,-90.0,0,0,0.3,-90.0,20260409-103125,0.0,0.0
124.0,1.3777777777777778,-90.0,-90.0,0,0,0.3,-90.0,20260409-103125,0.0,0.0
121.0,1.3444444444444446,-90.0,-90.0,0,0,0.3,-90.0,20260409-103125,0.0,0.0
118.0,1.3111111111111111,-90.0,-90.0,0,0,0.3,-90.0,20260409-103125,0.0,0.0
115.0,1.2777777777777777,-90.0,-90.0,0,0,0.3,-90.0,20260409-103125,0.0,0.0
112.0,1.2444444444444445,-90.0,-90.0,0,0,0.3,-90.0,20260409-103125,0.0,0.0
109.0,1.211111111111111,-90.0,-90.0,0,0,0.3,-90.0,20260409-103125,0.0,0.0
106.0,1.1777777777777778,-90.0,-90.0,0,0,0.3,-90.0,20260409-103125,0.0,0.0
103.0,1.1444444444444444,-90.0,-90.0,0,0,0.3,-90.0,20260409-103125,0.0,0.0
100.0,1.1111111111111112,-90.0,-90.0,0,0,0.3,-90.0,20260409-103125,0.0,0.0
97.0,1.0777777777777777,-90.0,-90.0,0,0,0.3,-90.0,20260409-103125,0.0,0.0
94.0,1.0444444444444445,-90.0,-90.0,0,0,0.3,-90.0,20260409-103125,0.0,0.0
91.0,1.011111111111111,-90.0,-90.0,0,0,0.3,-90.0,20260409-103125,0.0,0.0
88.0,0.9777777777777777,-90.0,-90.0,0,0,0.3,-90.0,20260409-103125,0.0,0.0
85.0,0.9444444444444444,-90.0,-90.0,0,0,0.3,-90.0,20260409-103125,0.0,0.0
82.0,0.9111111111111111,-90.0,-90.0,0,0,0.3,-90.0,20260409-103125,0.0,0.0
79.0,0.8777777777777778,-90.0,-90.0,0,0,0.3,-90.0,20260409-103125,0.0,0.0
76.0,0.8444444444444444,-90.0,-90.0,0,0,0.3,-90.0,20260409-103125,0.0,0.0
73.0,0.8111111111111111,-90.0,-90.0,0,0,0.3,-90.0,20260409-103125,0.0,0.0
70.0,0.7777777777777778,-90.0,-90.0,0,0,0.3,-90.0,20260409-103125,0.0,0.0
67.0,0.7444444444444445,-90.0,-90.0,0,0,0.3,-90.0,20260409-103125,0.0,0.0
64.0,0.7111111111111111,-90.0,-90.0,0,0,0.3,-90.0,20260409-103125,0.0,0.0
61.0,0.6777777777777778,-90.0,-90.0,0,0,0.3,-90.0,20260409-103125,0.0,0.0
58.0,0.6444444444444445,-90.0,-90.0,0,0,0.3,-90.0,20260409-103125,0.0,0.0
55.0,0.6111111111111112,-90.0,-90.0,0,0,0.3,-90.0,20260409-103125,0.0,0.0
52.0,0.5777777777777777,-90.0,-90.0,0,0,0.3,-90.0,20260409-103125,0.0,0.0
49.0,0.5444444444444444,-90.0,-90.0,0,0,0.3,-90.0,20260409-103125,0.0,0.0
46.0,0.5111111111111111,-90.0,-90.0,0,0,0.3,-90.0,20260409-103125,0.0,0.0
43.0,0.4777777777777778,-90.0,-90.0,0,0,0.3,-90.0,20260409-103125,0.0,0.0
40.0,0.4444444444444444,-90.0,-90.0,0,0,0.3,-90.0,20260409-103125,0.0,0.0
37.0,0.4111111111111111,-90.0,-90.0,0,0,0.3,-90.0,20260409-103125,0.0,0.0
34.0,0.9746623487421173,-90.0,-34.883875471213,0,0,0.5,-90.0,20260409-103125,0.0,0.0
32.79618515480871,0.9081182012282402,-90.0,-36.11444535573838,0,0,0.5,-90.0,20260409-103125,0.0,0.0
31.592370309617422,0.8747848678949065,-90.0,-36.11444535573838,0,0,0.5,-90.0,20260409-103125,0.0,0.0
30.388555464426133,0.841451534561573,-90.0,-36.11444535573838,0,0,0.5,-90.0,20260409-103125,0.0,0.0
29.184740619234844,0.8081182012282393,-90.0,-36.11444535573838,0,0,0.5,-90.0,20260409-103125,0.0,0.0
27.980925774043556,0.7747848678949057,-90.0,-36.11444535573838,0,0,0.5,-90.0,20260409-103125,0.0,0.0
26.777110928852267,0.7414515345615722,-90.0,-36.11444535573838,0,0,0.5,-90.0,20260409-103125,0.0,0.0
25.573296083660978,0.7081182012282385,-90.0,-36.11444535573838,0,0,0.5,-90.0,20260409-103125,0.0,0.0
24.36948123846969,0.674784867894905,-90.0,-36.11444535573838,0,0,0.5,-90.0,20260409-103125,0.0,0.0
23.1656663932784,0.6414515345615713,-90.0,-36.11444535573838,0,0,0.5,-90.0,20260409-103125,0.0,0.0
21.96185154808711,0.6081182012282378,-90.0,-36.11444535573838,0,0,0.5,-90.0,20260409-103125,0.0,0.0
20.758036702895822,0.5747848678949041,-90.0,-36.11444535573838,0,0,0.5,-90.0,20260409-103125,0.0,0.0
19.554221857704533,0.5414515345615706,-90.0,-36.11444535573838,0,0,0.5,-90.0,20260409-103125,0.0,0.0
18.350407012513244,0.508118201228237,-90.0,-36.11444535573838,0,0,0.5,-90.0,20260409-103125,0.0,0.0
17.146592167321955,0.4747848678949034,-90.0,-36.11444535573838,0,0,0.5,-90.0,20260409-103125,0.0,0.0
15.942777322130667,0.4414515345615698,-90.0,-36.11444535573838,0,0,0.5,-90.0,20260409-103125,0.0,0.0
14.738962476939378,0.4081182012282362,-90.0,-36.11444535573838,0,0,0.5,-90.0,20260409-103125,0.0,0.0
13.535147631748089,0.3747848678949026,-90.0,-36.11444535573838,0,0,0.5,-90.0,20260409-103125,0.0,0.0
12.3313327865568,0.341451534561569,-90.0,-36.11444535573838,0,0,0.5,-90.0,20260409-103125,0.0,0.0
11.127517941365511,0.3081182012282354,-90.0,-36.11444535573838,0,0,0.5,-90.0,20260409-103125,0.0,0.0
9.923703096174222,0.2747848678949018,-90.0,-36.11444535573838,0,0,0.5,-90.0,20260409-103125,0.0,0.0
8.719888250982933,0.24145153456156823,-90.0,-36.11444535573838,0,0,0.5,-90.0,20260409-103125,0.0,0.0
7.516073405791644,0.20811820122823463,-90.0,-36.11444535573838,0,0,0.5,-90.0,20260409-103125,0.0,0.0
6.312258560600355,0.17478486789490102,-90.0,-36.11444535573838,0,0,0.5,-90.0,20260409-103125,0.0,0.0
5.1084437154090665,0.14145153456156745,-90.0,-36.11444535573838,0,0,0.5,-90.0,20260409-103125,0.0,0.0
3.9046288702177776,0.10811820122823385,-90.0,-36.11444535573838,0,0,0.5,-90.0,20260409-103125,0.0,0.0
2.7008140250264887,0.07478486789490024,-90.0,-36.11444535573838,0,0,0.5,-90.0,20260409-103125,0.0,0.0
1.4969991798351998,0.04145153456156665,-90.0,-36.11444535573838,0,0,0.5,-90.0,20260409-103125,0.0,0.0
0.2931843346439109,0.027689751016516877,-90.0,-10.588189632656036,0,0,0.5,-90.0,20260409-103125,0.0,0.0
0.910630510547378,0.027689751016516877,90.0,32.886915812431425,0,0,0.5,90.0,20260409-103125,0.0,0.0
2.114445355738667,0.05854846543843414,90.0,36.11444535573838,0,0,0.5,90.0,20260409-103125,0.0,0.0
3.3182602009299558,0.09188179877176773,90.0,36.11444535573838,0,0,0.5,90.0,20260409-103125,0.0,0.0
4.522075046121245,0.12521513210510132,90.0,36.11444535573838,0,0,0.5,90.0,20260409-103125,0.0,0.0
5.725889891312534,0.15854846543843493,90.0,36.11444535573838,0,0,0.5,90.0,20260409-103125,0.0,0.0
6.9297047365038225,0.19188179877176853,90.0,36.11444535573838,0,0,0.5,90.0,20260409-103125,0.0,0.0
8.133519581695111,0.2252151321051021,90.0,36.11444535573838,0,0,0.5,90.0,20260409-103125,0.0,0.0
9.3373344268864,0.25854846543843574,90.0,36.11444535573838,0,0,0.5,90.0,20260409-103125,0.0,0.0
10.54114927207769,0.2918817987717693,90.0,36.11444535573838,0,0,0.5,90.0,20260409-103125,0.0,0.0
11.744964117268978,0.3252151321051029,90.0,36.11444535573838,0,0,0.5,90.0,20260409-103125,0.0,0.0
12.948778962460267,0.3585484654384365,90.0,36.11444535573838,0,0,0.5,90.0,20260409-103125,0.0,0.0
14.152593807651556,0.3918817987717701,90.0,36.11444535573838,0,0,0.5,90.0,20260409-103125,0.0,0.0
15.356408652842845,0.4252151321051037,90.0,36.11444535573838,0,0,0.5,90.0,20260409-103125,0.0,0.0
16.560223498034134,0.4585484654384373,90.0,36.11444535573838,0,0,0.5,90.0,20260409-103125,0.0,0.0
17.764038343225423,0.4918817987717709,90.0,36.11444535573838,0,0,0.5,90.0,20260409-103125,0.0,0.0
18.96785318841671,0.5252151321051045,90.0,36.11444535573838,0,0,0.5,90.0,20260409-103125,0.0,0.0
20.171668033608,0.5585484654384381,90.0,36.11444535573838,0,0,0.5,90.0,20260409-103125,0.0,0.0
21.37548287879929,0.5918817987717717,90.0,36.11444535573838,0,0,0.5,90.0,20260409-103125,0.0,0.0
22.579297723990578,0.6252151321051053,90.0,36.11444535573838,0,0,0.5,90.0,20260409-103125,0.0,0.0
23.783112569181867,0.6585484654384388,90.0,36.11444535573838,0,0,0.5,90.0,20260409-103125,0.0,0.0
24.986927414373156,0.6918817987717725,90.0,36.11444535573838,0,0,0.5,90.0,20260409-103125,0.0,0.0
26.190742259564445,0.725215132105106,90.0,36.11444535573838,0,0,0.5,90.0,20260409-103125,0.0,0.0
27.394557104755734,0.7585484654384397,90.0,36.11444535573838,0,0,0.5,90.0,20260409-103125,0.0,0.0
28.598371949947023,0.7918817987717732,90.0,36.11444535573838,0,0,0.5,90.0,20260409-103125,0.0,0.0
29.80218679513831,0.8252151321051069,90.0,36.11444535573838,0,0,0.5,90.0,20260409-103125,0.0,0.0
31.0060016403296,0.8585484654384404,90.0,36.11444535573838,0,0,0.5,90.0,20260409-103125,0.0,0.0
32.20981648552089,0.891881798771774,90.0,36.11444535573838,0,0,0.5,90.0,20260409-103125,0.0,0.0
33.41363133071218,0.9252151321051076,90.0,36.11444535573838,0,0,0.5,90.0,20260409-103125,0.0,0.0
34.61744617590347,0.9585484654384412,90.0,36.11444535573838,0,0,0.5,90.0,20260409-103125,0.0,0.0
35.821261021094756,0.9918817987717748,90.0,36.11444535573838,0,0,0.5,90.0,20260409-103125,0.0,0.0
37.025075866286045,1.0252151321051084,90.0,36.11444535573838,0,0,0.5,90.0,20260409-103125,0.0,0.0
38.228890711477334,1.058548465438442,90.0,36.11444535573838,0,0,0.5,90.0,20260409-103125,0.0,0.0
39.43270555666862,1.0918817987717755,90.0,36.11444535573838,0,0,0.5,90.0,20260409-103125,0.0,0.0
40.63652040185991,1.1252151321051092,90.0,36.11444535573838,0,0,0.5,90.0,20260409-103125,0.0,0.0
41.8403352470512,1.1585484654384428,90.0,36.11444535573838,0,0,0.5,90.0,20260409-103125,0.0,0.0
43.04415009224249,1.1918817987717765,90.0,36.11444535573838,0,0,0.5,90.0,20260409-103125,0.0,0.0
44.24796493743378,1.22521513210511,90.0,36.11444535573838,0,0,0.5,90.0,20260409-103125,0.0,0.0
45.45177978262507,1.2585484654384436,90.0,36.11444535573838,0,0,0.5,90.0,20260409-103125,0.0,0.0
46.655594627816356,1.2918817987717772,90.0,36.11444535573838,0,0,0.5,90.0,20260409-103125,0.0,0.0
47.859409473007645,1.3252151321051107,90.0,36.11444535573838,0,0,0.5,90.0,20260409-103125,0.0,0.0
49.063224318198934,1.3585484654384443,90.0,36.11444535573838,0,0,0.5,90.0,20260409-103125,0.0,0.0
50.26703916339022,1.391881798771778,90.0,36.11444535573838,0,0,0.5,90.0,20260409-103125,0.0,0.0
51.47085400858151,1.4252151321051116,90.0,36.11444535573838,0,0,0.5,90.0,20260409-103125,0.0,0.0
52.6746688537728,1.458548465438445,90.0,36.11444535573838,0,0,0.5,90.0,20260409-103125,0.0,0.0
53.87848369896409,1.4918817987717787,90.0,36.11444535573838,0,0,0.5,90.0,20260409-103125,0.0,0.0
55.08229854415538,1.5252151321051124,90.0,36.11444535573838,0,0,0.5,90.0,20260409-103125,0.0,0.0
56.28611338934667,1.558548465438446,90.0,36.11444535573838,0,0,0.5,90.0,20260409-103125,0.0,0.0
57.489928234537956,1.5918817987717795,90.0,36.11444535573838,0,0,0.5,90.0,20260409-103125,0.0,0.0
58.693743079729245,1.6252151321051131,90.0,36.11444535573838,0,0,0.5,90.0,20260409-103125,0.0,0.0
59.897557924920534,1.6585484654384468,90.0,36.11444535573838,0,0,0.5,90.0,20260409-103125,0.0,0.0
61.10137277011182,1.6918817987717802,90.0,36.11444535573838,0,0,0.5,90.0,20260409-103125,0.0,0.0
62.30518761530311,1.725215132105114,90.0,36.11444535573838,0,0,0.5,90.0,20260409-103125,0.0,0.0
63.5090024604944,1.7585484654384476,90.0,36.11444535573838,0,0,0.5,90.0,20260409-103125,0.0,0.0
64.71281730568569,1.7918817987717812,90.0,36.11444535573838,0,0,0.5,90.0,20260409-103125,0.0,0.0
65.91663215087698,1.8252151321051147,90.0,36.11444535573838,0,0,0.5,90.0,20260409-103125,0.0,0.0
67.12044699606827,1.8585484654384483,90.0,36.11444535573838,0,0,0.5,90.0,20260409-103125,0.0,0.0
68.32426184125956,1.891881798771782,90.0,36.11444535573838,0,0,0.5,90.0,20260409-103125,0.0,0.0
69.52807668645085,1.9252151321051154,90.0,36.11444535573838,0,0,0.5,90.0,20260409-103125,0.0,0.0
70.73189153164213,1.958548465438449,90.0,36.11444535573838,0,0,0.5,90.0,20260409-103125,0.0,0.0
71.93570637683342,1.9918817987717827,90.0,36.11444535573838,0,0,0.5,90.0,20260409-103125,0.0,0.0
73.13952122202471,2.0252151321051164,90.0,36.11444535573838,0,0,0.5,90.0,20260409-103125,0.0,0.0
74.343336067216,2.05854846543845,90.0,36.11444535573838,0,0,0.5,90.0,20260409-103125,0.0,0.0
75.54715091240729,2.0918817987717833,90.0,36.11444535573838,0,0,0.5,90.0,20260409-103125,0.0,0.0
76.75096575759858,2.125215132105117,90.0,36.11444535573838,0,0,0.5,90.0,20260409-103125,0.0,0.0
77.95478060278987,2.1585484654384506,90.0,36.11444535573838,0,0,0.5,90.0,20260409-103125,0.0,0.0
79.15859544798116,2.1918817987717842,90.0,36.11444535573838,0,0,0.5,90.0,20260409-103125,0.0,0.0
80.36241029317245,2.225215132105118,90.0,36.11444535573838,0,0,0.5,90.0,20260409-103125,0.0,0.0
81.56622513836373,2.2585484654384516,90.0,36.11444535573838,0,0,0.5,90.0,20260409-103125,0.0,0.0
82.77003998355502,2.291881798771785,90.0,36.11444535573838,0,0,0.5,90.0,20260409-103125,0.0,0.0
83.97385482874631,2.3252151321051184,90.0,36.11444535573838,0,0,0.5,90.0,20260409-103125,0.0,0.0
85.1776696739376,2.358548465438452,90.0,36.11444535573838,0,0,0.5,90.0,20260409-103125,0.0,0.0
86.38148451912889,2.3918817987717857,90.0,36.11444535573838,0,0,0.5,90.0,20260409-103125,0.0,0.0
87.58529936432018,2.4252151321051194,90.0,36.11444535573838,0,0,0.5,90.0,20260409-103125,0.0,0.0
88.78911420951147,2.458548465438453,90.0,36.11444535573838,0,0,0.5,90.0,20260409-103125,0.0,0.0
89.99292905470276,2.4918817987717867,90.0,36.11444535573838,0,0,0.5,90.0,20260409-103125,0.0,0.0
91.19674389989405,2.5252151321051204,90.0,36.11444535573838,0,0,0.5,90.0,20260409-103125,0.0,0.0
92.40055874508533,2.5585484654384536,90.0,36.11444535573838,0,0,0.5,90.0,20260409-103125,0.0,0.0
93.60437359027662,2.5918817987717873,90.0,36.11444535573838,0,0,0.5,90.0,20260409-103125,0.0,0.0
94.80818843546791,2.625215132105121,90.0,36.11444535573838,0,0,0.5,90.0,20260409-103125,0.0,0.0
96.0120032806592,2.6585484654384546,90.0,36.11444535573838,0,0,0.5,90.0,20260409-103125,0.0,0.0
97.21581812585049,2.6918817987717882,90.0,36.11444535573838,0,0,0.5,90.0,20260409-103125,0.0,0.0
98.41963297104178,2.725215132105122,90.0,36.11444535573838,0,0,0.5,90.0,20260409-103125,0.0,0.0
99.62344781623307,2.7585484654384556,90.0,36.11444535573838,0,0,0.5,90.0,20260409-103125,0.0,0.0
100.82726266142436,2.7918817987717888,90.0,36.11444535573838,0,0,0.5,90.0,20260409-103125,0.0,0.0
102.03107750661565,2.8252151321051224,90.0,36.11444535573838,0,0,0.5,90.0,20260409-103125,0.0,0.0
103.23489235180693,2.858548465438456,90.0,36.11444535573838,0,0,0.5,90.0,20260409-103125,0.0,0.0
104.43870719699822,2.8918817987717897,90.0,36.11444535573838,0,0,0.5,90.0,20260409-103125,0.0,0.0
105.64252204218951,2.9252151321051234,90.0,36.11444535573838,0,0,0.5,90.0,20260409-103125,0.0,0.0
106.8463368873808,2.958548465438457,90.0,36.11444535573838,0,0,0.5,90.0,20260409-103125,0.0,0.0
108.05015173257209,2.9918817987717907,90.0,36.11444535573838,0,0,0.5,90.0,20260409-103125,0.0,0.0
109.25396657776338,3.025215132105124,90.0,36.11444535573838,0,0,0.5,90.0,20260409-103125,0.0,0.0
110.45778142295467,3.0585484654384576,90.0,36.11444535573838,0,0,0.5,90.0,20260409-103125,0.0,0.0
111.66159626814596,3.0918817987717913,90.0,36.11444535573838,0,0,0.5,90.0,20260409-103125,0.0,0.0
112.86541111333725,3.125215132105125,90.0,36.11444535573838,0,0,0.5,90.0,20260409-103125,0.0,0.0
114.06922595852848,3.158548465438457,90.0,36.11444535573838,0,0,0.5,90.0,20260409-103125,0.0,0.0
115.27304080371971,3.191881798771789,90.0,36.11444535573838,0,0,0.5,90.0,20260409-103125,0.0,0.0
116.47685564891094,3.225215132105121,90.0,36.11444535573838,0,0,0.5,90.0,20260409-103125,0.0,0.0
117.68067049410217,3.258548465438453,90.0,36.11444535573838,0,0,0.5,90.0,20260409-103125,0.0,0.0
118.8844853392934,3.2918817987717843,90.0,36.11444535573839,0,0,0.5,90.0,20260409-103125,0.0,0.0
120.08830018448464,3.325215132105117,90.0,36.11444535573838,0,0,0.5,90.0,20260409-103125,0.0,0.0
121.29211502967587,3.358548465438449,90.0,36.11444535573838,0,0,0.5,90.0,20260409-103125,0.0,0.0
122.4959298748671,3.3918817987717813,90.0,36.11444535573838,0,0,0.5,90.0,20260409-103125,0.0,0.0
123.69974472005833,3.425215132105113,90.0,36.11444535573838,0,0,0.5,90.0,20260409-103125,0.0,0.0
126.36884782856687,3.507636887121703,108.99309255645073,36.02677583091066,0,0,0.4,108.99309255645073,20260409-103125,0.0,0.0
127.5697678993068,3.540809329167821,108.95544214602955,36.0284206349199,0,0,0.4,108.95544214602953,20260409-103125,0.0,0.0
128.77074202865157,3.573984786451045,108.91849400938304,36.03001963433663,0,0,0.4,108.91849400938305,20260409-103125,0.0,0.0
129.971768718053,3.6071631749961646,108.88222870922726,36.03157451234271,0,0,0.4,108.88222870922725,20260409-103125,0.0,0.0
131.17284652378171,3.640344413917597,108.84662751794872,36.033086875595544,0,0,0.4,108.84662751794873,20260409-103125,0.0,0.0
132.37397405444597,3.6735284252785947,108.81167238555747,36.03455825836081,0,0,0.4,108.8116723855575,20260409-103125,0.0,0.0
133.5751499686438,3.7067151339580735,108.77734590935802,36.03599012638738,0,0,0.4,108.77734590935803,20260409-103125,0.0,0.0
134.77637297274043,3.7399044675245925,108.74363130523284,36.03738388054271,0,0,0.4,108.74363130523287,20260409-103125,0.0,0.0
135.97764181876295,3.773096356117054,108.71051238043896,36.038740860225325,0,0,0.4,108.71051238043896,20260409-103125,0.0,0.0
137.17895530240546,3.8062907323316906,108.67797350782536,36.04006234656993,0,0,0.4,108.67797350782536,20260409-103125,0.0,0.0
138.3803122611375,3.8394875311149566,108.64599960138628,36.041349565459576,0,0,0.4,108.64599960138626,20260409-103125,0.0,0.0
139.58171157241017,3.872686689661983,108.61457609306939,36.04260369035771,0,0,0.4,108.61457609306937,20260409-103125,0.0,0.0
140.7831521519535,3.905888147320248,108.58368891076532,36.043825844972545,0,0,0.4,108.58368891076533,20260409-103125,0.0,0.0
141.98463295216024,3.939091845498158,108.55332445740868,36.04501710576493,0,0,0.4,108.55332445740868,20260409-103125,0.0,0.0
143.18615296055086,3.9722977275782534,108.52346959112538,36.04617850431004,0,0,0.4,108.52346959112535,20260409-103125,0.0,0.0
144.38771119831446,4.005505738834748,108.49411160636635,36.04731102952274,0,0,0.4,108.49411160636637,20260409-103125,0.0,0.0
145.58930671892242,4.038715826355194,108.465238215971,36.04841562975524,0,0,0.4,108.465238215971,20260409-103125,0.0,0.0
146.79093860680936,4.07192793896598,108.4368375341063,36.049493214775616,0,0,0.4,108.43683753410629,20260409-103125,0.0,0.0
147.9926059761186,4.1051420271614925,108.40889806003389,36.05054465763474,0,0,0.4,108.4088980600339,20260409-103125,0.0,0.0
149.19430796950772,4.138358043036701,108.38140866265746,36.05157079642869,0,0,0.4,108.38140866265749,20260409-103125,0.0,0.0
150.39604375701157,4.171575940222994,108.35435856580739,36.052572435963384,0,0,0.4,108.3543585658074,20260409-103125,0.0,0.0
151.59781253495902,4.20479567382707,108.32773733422198,36.053550349327566,0,0,0.4,108.32773733422196,20260409-103125,0.0,0.0
152.7996135249406,4.2380172003727274,108.3015348601873,36.05450527937973,0,0,0.4,108.30153486018729,20260409-103125,0.0,0.0
154.00144597282474,4.271240477745387,108.27574135079988,36.05543794015452,0,0,0.4,108.27574135079989,20260409-103125,0.0,0.0
155.2033091478191,4.304465465139204,108.25034731581832,36.05634901819335,0,0,0.4,108.25034731581833,20260409-103125,0.0,0.0
156.40520234157546,4.337692123006609,108.22534355607252,36.05723917380412,0,0,0.4,108.22534355607254,20260409-103125,0.0,0.0
157.60712486733533,4.370920413010204,108.20072115240129,36.05810904225389,0,0,0.4,108.20072115240127,20260409-103125,0.0,0.0
158.80907605911412,4.404150297976798,108.1764714550896,36.058959234899106,0,0,0.4,108.17647145508958,20260409-103125,0.0,0.0
160.01105527092236,4.437381741853566,108.15258607378064,36.059790340256626,0,0,0.4,108.15258607378061,20260409-103125,0.0,0.0
161.21306187602121,4.4706147096661475,108.12905686783665,36.06060292501926,0,0,0.4,108.12905686783662,20260409-103125,0.0,0.0
162.41509526621144,4.503849167478623,108.10587593712631,36.061397535019104,0,0,0.4,108.1058759371263,20260409-103125,0.0,0.0
163.61715485115315,4.5370850823552535,108.08303561321668,36.0621746961416,0,0,0.4,108.08303561321665,20260409-103125,0.0,0.0
164.81924005771572,4.570322422323907,108.06052845094877,36.06293491519331,0,0,0.4,108.06052845094877,20260409-103125,0.0,0.0
166.0213503293556,4.603561156341076,108.038347220378,36.063678680725914,0,0,0.4,108.03834722037803,20260409-103125,0.0,0.0
167.22348512552097,4.636801254258393,108.01648489906074,36.06440646381911,0,0,0.4,108.01648489906076,20260409-103125,0.0,0.0
168.42564392108184,4.670042686790616,107.99493466466993,36.06511871882453,0,0,0.4,107.9949346646699,20260409-103125,0.0,0.0
169.62782620578432,4.703285425484938,107.97368988792346,36.065815884073125,0,0,0.4,107.97368988792348,20260409-103125,0.0,0.0
170.830031483728,4.736529442691643,107.95274412581068,36.066498382547756,0,0,0.4,107.95274412581068,20260409-103125,0.0,0.0
172.03225927286493,4.7697747115359475,107.93209111510072,36.06716662252328,0,0,0.4,107.93209111510072,20260409-103125,0.0,0.0
173.23450910451982,4.8030212058910555,107.91172476612121,36.06782099817554,0,0,0.4,107.91172476612124,20260409-103125,0.0,0.0
174.43678052292958,4.836268900352308,107.89163915679302,36.068461890161316,0,0,0.4,107.891639156793,20260409-103125,0.0,0.0
175.6390730848021,4.869517770212408,107.8718285269087,36.06908966617053,0,0,0.4,107.87182852690871,20260409-103125,0.0,0.0
176.84138635889283,4.902767791437652,107.85228727264439,36.06970468145242,0,0,0.4,107.85228727264442,20260409-103125,0.0,0.0
178.04371992559854,4.9360189406451385,107.83300994129263,36.07030727931692,0,0,0.4,107.83300994129264,20260409-103125,0.0,0.0
179.24607337656727,4.969271195080875,107.81399122620667,36.07089779161269,0,0,0.4,107.81399122620664,20260409-103125,0.0,0.0
180.44844631432412,5.002524532598785,107.79522596194624,36.07147653918293,0,0,0.4,107.79522596194622,20260409-103125,0.0,0.0
181.65083835191152,5.035778931640535,107.7767091196157,36.07204383230025,0,0,0.4,107.77670911961567,20260409-103125,0.0,0.0
182.853249112544,5.069034371216171,107.75843580238512,36.07259997108159,0,0,0.4,107.75843580238512,20260409-103125,0.0,0.0
184.05567822927623,5.102290830885505,107.7404012411867,36.07314524588424,0,0,0.4,107.7404012411867,20260409-103125,0.0,0.0
185.25812534468403,5.135548290740234,107.7226007905781,36.07367993768414,0,0,0.4,107.72260079057807,20260409-103125,0.0,0.0
186.46059011055783,5.168806731386747,107.70502992476526,36.07420431843696,0,0,0.4,107.70502992476527,20260409-103125,0.0,0.0
187.66307218760772,5.2020661339296135,107.68768423377816,36.074718651423225,0,0,0.4,107.68768423377814,20260409-103125,0.0,0.0
188.86557124517978,5.235326479955666,107.67055941979135,36.07522319157814,0,0,0.4,107.67055941979135,20260409-103125,0.0,0.0
190.06808696098327,5.268587751518734,107.65365129358463,36.075718185806785,0,0,0.4,107.65365129358464,20260409-103125,0.0,0.0
191.27061902082798,5.3018499311249165,107.6369557711364,36.07620387328565,0,0,0.4,107.63695577113637,20260409-103125,0.0,0.0
192.47316711837146,5.335113001718438,107.62046887034415,36.0766804857509,0,0,0.4,107.62046887034417,20260409-103125,0.0,0.0
193.67573095487566,5.368376946667999,107.6041867078676,36.07714824777436,0,0,0.4,107.60418670786757,20260409-103125,0.0,0.0
194.87831023897255,5.401641749753674,107.58810549608711,36.07760737702744,0,0,0.4,107.58810549608708,20260409-103125,0.0,0.0
196.08090468643823,5.4349073951542515,107.57222154017506,36.07805808453396,0,0,0.4,107.57222154017506,20260409-103125,0.0,0.0
197.28351401997566,5.468173867435073,107.55653123527321,36.078500574912105,0,0,0.4,107.55653123527321,20260409-103125,0.0,0.0
198.48613796900474,5.50144115153629,107.5410310637725,36.0789350466063,0,0,0.4,107.5410310637725,20260409-103125,0.0,0.0
199.6887762694605,5.5347092327615535,107.52571759269108,36.07936169210924,0,0,0.4,107.5257175926911,20260409-103125,0.0,0.0
200.8914286635981,5.567978096767122,107.51058747114632,36.07978069817473,0,0,0.4,107.51058747114631,20260409-103125,0.0,0.0
202.09409489980501,5.601247729551341,107.49563742791645,36.08019224602171,0,0,0.4,107.49563742791644,20260409-103125,0.0,0.0
203.2967747324199,5.634518117444513,107.48086426908901,36.08059651152979,0,0,0.4,107.48086426908898,20260409-103125,0.0,0.0
512.609988197655,5.995185945699292,-18.187528734348177,85.50360119611986,0,0,0.2,-18.18752873434817,20260409-103125,0.0,0.0
515.4609587543949,6.024943310657598,-18.083445383048655,85.55449108418823,0,0,0.2,-18.08344538304866,20260409-103125,0.0,0.0
518.3136116290985,6.054744196529187,-17.980507386357374,85.60454328131912,0,0,0.2,-17.980507386357363,20260409-103125,0.0,0.0
521.1679191968745,6.084587813620071,-17.878696595841348,85.65377559844958,0,0,0.2,-17.87869659584134,20260409-103125,0.0,0.0
524.0238544188613,6.114473391226897,-17.777995229885818,85.70220538873153,0,0,0.2,-17.77799522988582,20260409-103125,0.0,0.0
523.0716968064703,6.10450691655511,-162.18855983472193,-85.68615024219675,0,0,0.2,-162.18855983472193,20260409-103125,0.0,0.0
520.2163011671203,6.074635241301907,-162.08749061403674,-85.63745484340032,0,0,0.2,-162.08749061403674,20260409-103125,0.0,0.0
517.3625421307577,6.0448057813911475,-161.98530608179476,-85.58795118338644,0,0,0.2,-161.98530608179476,20260409-103125,0.0,0.0
514.5104469298947,6.01501931379232,-161.8819883350996,-85.5376217579439,0,0,0.2,-161.8819883350996,20260409-103125,0.0,0.0
511.6600433881856,5.985276634659351,-161.7775191012451,-85.48644860043407,0,0,0.2,-161.7775191012451,20260409-103125,0.0,0.0
508.8113599360769,5.955578559926386,-161.67187972857351,-85.43441326754424,0,0,0.2,-161.67187972857351,20260409-103125,0.0,0.0
505.9644256269407,5.925925925925926,-161.565051177078,-85.38149682454625,0,0,0.2,-161.565051177078,20260409-103125,0.0,0.0
503.11927015370816,5.896319590030281,-161.4570140087412,-85.32767983004197,0,0,0.2,-161.4570140087412,20260409-103125,0.0,0.0
500.27592386602015,5.866760431317393,-161.34774837760247,-85.27294232017621,0,0,0.2,-161.34774837760247,20260409-103125,0.0,0.0
497.43441778791305,5.83724935126209,-161.2372340195453,-85.21726379229648,0,0,0.2,-161.2372340195453,20260409-103125,0.0,0.0
494.594783636059,5.807787274453942,-161.12545024179667,-85.1606231880388,0,0,0.2,-161.12545024179667,20260409-103125,0.0,0.0
491.7570538385799,5.7783751493428905,-161.01237591212984,-85.10299887581752,0,0,0.2,-161.01237591212984,20260409-103125,0.0,0.0
488.9212615544552,5.749013949013949,-160.89798944776138,-85.04436863269628,0,0,0.2,-160.89798944776138,20260409-103125,0.0,0.0
486.08744069354435,5.719704671992254,-160.78226880393368,-84.9847096256166,0,0,0.2,-160.78226880393368,20260409-103125,0.0,0.0
483.2556259372466,5.690448343079922,-160.6651914621736,-84.92399839195927,0,0,0.2,-160.6651914621736,20260409-103125,0.0,0.0
480.42585275981975,5.661246014226147,-160.54673441821691,-84.86221081941281,0,0,0.2,-160.54673441821691,20260409-103125,0.0,0.0
477.59815745038213,5.632098765432099,-160.4268741695898,-84.79932212512264,0,0,0.2,-160.4268741695898,20260409-103125,0.0,0.0
474.7725771356219,5.603007705692271,-160.30558670283617,-84.73530683409298,0,0,0.2,-160.30558670283617,20260409-103125,0.0,0.0
471.94914980323887,5.573973973973974,-160.182847480381,-84.67013875681266,0,0,0.2,-160.182847480381,20260409-103125,0.0,0.0
469.12791432614625,5.544998740236836,-160.05863142701878,-84.60379096607495,0,0,0.2,-160.05863142701878,20260409-103125,0.0,0.0
466.30891048745787,5.516083206494165,-159.93291291601585,-84.53623577296035,0,0,0.2,-159.93291291601585,20260409-103125,0.0,0.0
463.49217900629134,5.487228607918263,-159.80566575481603,-84.46744470194952,0,0,0.2,-159.80566575481603,20260409-103125,0.0,0.0
460.677761564415,5.458436213991769,-159.67686317033704,-84.39738846513333,0,0,0.2,-159.67686317033704,20260409-103125,0.0,0.0
457.8657008337707,5.4297073297073295,-159.5464777938468,-84.32603693548441,0,0,0.2,-159.5464777938468,20260409-103125,0.0,0.0
455.0560405049031,5.401043296817945,-159.41448164540657,-84.25335911915424,0,0,0.2,-159.41448164540657,20260409-103125,0.0,0.0
452.2488253163296,5.37244549514053,-159.28084611786963,-84.17932312675791,0,0,0.2,-159.28084611786963,20260409-103125,0.0,0.0
449.44410108488466,5.343915343915345,-159.14554196042167,-84.10389614360712,0,0,0.2,-159.14554196042167,20260409-103125,0.0,0.0
446.64191473707433,5.315454303224087,-159.0085392616508,-84.02704439885107,0,0,0.2,-159.0085392616508,20260409-103125,0.0,0.0
443.8423143414787,5.287063875469673,-158.8698074321336,-83.94873313348239,0,0,0.2,-158.8698074321336,20260409-103125,0.0,0.0
441.04534914223956,5.2587456069207885,-158.72931518652345,-83.86892656716469,0,0,0.2,-158.72931518652345,20260409-103125,0.0,0.0
438.2510695936748,5.230501089324618,-158.58703052512826,-83.7875878638357,0,0,0.2,-158.58703052512826,20260409-103125,0.0,0.0
435.4595273960601,5.202331961591221,-158.4429207149623,-83.70467909603897,0,0,0.2,-158.4429207149623,20260409-103125,0.0,0.0
432.67077553262135,5.174239911553345,-158.29695227025934,-83.62016120793487,0,0,0.2,-158.29695227025934,20260409-103125,0.0,0.0
429.88486830778305,5.1462266778056245,-158.14909093243148,-83.53399397694001,0,0,0.2,-158.14909093243148,20260409-103125,0.0,0.0
427.10186138671884,5.118294051627385,-157.99930164945943,-83.4461359739423,0,0,0.2,-157.99930164945943,20260409-103125,0.0,0.0
424.32181183625244,5.090443878993498,-157.84754855469953,-83.35654452203704,0,0,0.2,-157.84754855469953,20260409-103125,0.0,0.0
421.54477816715985,5.062678062678063,-157.69379494509235,-83.26517565372713,0,0,0.2,-157.69379494509235,20260409-103125,0.0,0.0
418.7708203779246,5.034998564455929,-157.53800325875753,-83.17198406652894,0,0,0.2,-157.53800325875753,20260409-103125,0.0,0.0
416.0,5.007407407407407,-157.38013505195957,-83.07692307692308,0,0,0.2,-157.38013505195957,20260409-103125,0.0,0.0
413.2323801446348,4.979906678331875,-157.22015097542973,-82.979944572587,0,0,0.2,-157.22015097542973,20260409-103125,0.0,0.0
410.4680255513211,4.952498530276308,-157.05801075002773,-82.88099896284481,0,0,0.2,-157.05801075002773,20260409-103125,0.0,0.0
407.7070026379238,4.9251851851851844,-156.8936731417284,-82.78003512726683,0,0,0.2,-156.8936731417284,20260409-103125,0.0,0.0
404.9493795525559,4.897968936678614,-156.72709593591802,-82.67700036234982,0,0,0.2,-156.72709593591802,20260409-103125,0.0,0.0
402.1952262272639,4.870852152965974,-156.55823591098408,-82.57184032620616,0,0,0.2,-156.55823591098408,20260409-103125,0.0,0.0
399.4446144335908,4.8438372799028535,-156.3870488111847,-82.4644989811883,0,0,0.2,-156.3870488111847,20260409-103125,0.0,0.0
396.6976178400874,4.816926844199572,-156.2134893187815,-82.35491853437242,0,0,0.2,-156.2134893187815,20260409-103125,0.0,0.0
393.9543120718442,4.790123456790123,-156.03751102542182,-82.24303937582314,0,0,0.2,-156.03751102542182,20260409-103125,0.0,0.0
391.21477477211926,4.763429816370993,-155.85906640275616,-82.12880001455868,0,0,0.2,-155.85906640275616,20260409-103125,0.0,0.0
388.47908566613984,4.7368487131199,-155.67810677227638,-82.01213701213399,0,0,0.2,-155.67810677227638,20260409-103125,0.0,0.0
385.7473266271589,4.710383032605255,-155.4945822743621,-81.89298491375696,0,0,0.2,-155.4945822743621,20260409-103125,0.0,0.0
383.0195817448502,4.684035759897828,-155.30844183652195,-81.77127617685073,0,0,0.2,-155.30844183652195,20260409-103125,0.0,0.0
380.2959373961284,4.657809983896941,-155.1196331408183,-81.64694109697345,0,0,0.2,-155.1196331408183,20260409-103125,0.0,0.0
377.5764823184834,4.63170890188434,-154.92810259046462,-81.51990773100445,0,0,0.2,-154.92810259046462,20260409-103125,0.0,0.0
374.86130768592267,4.605735824319894,-154.73379527558507,-81.39010181750416,0,0,0.2,-154.73379527558507,20260409-103125,0.0,0.0
372.15050718761626,4.57989417989418,-154.5366549381284,-81.25744669415373,0,0,0.2,-154.5366549381284,20260409-103125,0.0,0.0
369.44417710934357,4.554187520854188,-154.33662393592832,-81.12186321217845,0,0,0.2,-154.33662393592832,20260409-103125,0.0,0.0
366.742416417845,4.528619528619529,-154.13364320590549,-80.98326964765795,0,0,0.2,-154.13364320590549,20260409-103125,0.0,0.0
364.04532684818247,4.503194019707781,-153.92765222640665,-80.84158160962514,0,0,0.2,-153.92765222640665,20260409-103125,0.0,0.0
361.3530129942187,4.4779149519890264,-153.71858897867983,-80.69671194485524,0,0,0.2,-153.71858897867983,20260409-103125,0.0,0.0
358.66558240232644,4.452786431291105,-153.50638990748587,-80.54857063924572,0,0,0.2,-153.50638990748587,20260409-103125,0.0,0.0
355.9831456684431,4.427812718378756,-153.29098988085002,-80.39706471568797,0,0,0.2,-153.29098988085002,20260409-103125,0.0,0.0
353.30581653859025,4.40299823633157,-153.0723221489595,-80.24209812833193,0,0,0.2,-153.0723221489595,20260409-103125,0.0,0.0
350.63371201297804,4.378347578347579,-152.85031830221683,-80.08357165314632,0,0,0.2,-152.85031830221683,20260409-103125,0.0,0.0
347.9669524538214,4.353865516001439,-152.624908228462,-79.92138277467788,0,0,0.2,-152.624908228462,20260409-103125,0.0,0.0
345.3056616969956,4.32955700798838,-152.39602006938088,-79.75542556891594,0,0,0.2,-152.39602006938088,20260409-103125,0.0,0.0
342.6499671676622,4.305427209387605,-152.1635801761218,-79.58559058217129,0,0,0.2,-152.1635801761218,20260409-103125,0.0,0.0
340.0,4.281481481481482,-151.92751306414706,-79.41176470588235,0,0,0.2,-151.92751306414706,20260409-103125,0.0,0.0
337.3558951611784,4.2577254021698465,-151.68774136735172,-79.23383104726602,0,0,0.2,-151.68774136735172,20260409-103125,0.0,0.0
334.7177915797127,4.2341647770219195,-151.44418579148876,-79.05166879573707,0,0,0.2,-151.44418579148876,20260409-103125,0.0,0.0
332.0858322783434,4.210805651011837,-151.19676506694526,-78.86515308502655,0,0,0.2,-151.19676506694526,20260409-103125,0.0,0.0
329.460164511584,4.187654320987654,-150.94539590092285,-78.6741548509384,0,0,0.2,-150.94539590092285,20260409-103125,0.0,0.0
326.84093990808435,4.1647173489278755,-150.68999292908387,-78.47854068469331,0,0,0.2,-150.68999292908387,20260409-103125,0.0,0.0
324.2283146179556,4.14200157604413,-150.43046866673225,-78.27817268182064,0,0,0.2,-150.43046866673225,20260409-103125,0.0,0.0
321.6224494652076,4.119514137793708,-150.16673345961004,-78.07290828657266,0,0,0.2,-150.16673345961004,20260409-103125,0.0,0.0
319.02351010544663,4.097262479871176,-149.8986954344003,-77.86260013185125,0,0,0.2,-149.8986954344003,20260409-103125,0.0,0.0
316.4316671889841,4.075254375254374,-149.6262604490382,-77.6470958746551,0,0,0.2,-149.6262604490382,20260409-103125,0.0,0.0
313.8470965295043,4.053497942386831,-149.34933204294714,-77.42623802707568,0,0,0.2,-149.34933204294714,20260409-103125,0.0,0.0
311.2699792784392,4.032001664585934,-149.06781138732896,-77.19986378289481,0,0,0.2,-149.06781138732896,20260409-103125,0.0,0.0
308.7005021051958,4.0107744107744105,-148.7815972356536,-76.96780483986161,0,0,0.2,-148.7815972356536,20260409-103125,0.0,0.0
306.13885738337757,3.9898254576415493,-148.49058587451077,-76.72988721775845,0,0,0.2,-148.49058587451077,20260409-103125,0.0,0.0
303.5852433831394,3.9691645133505595,-148.19467107500307,-76.48593107239809,0,0,0.2,-148.19467107500307,20260409-103125,0.0,0.0
301.0398644698074,3.948801742919391,-147.89374404488217,-76.23575050573328,0,0,0.2,-147.89374404488217,20260409-103125,0.0,0.0
298.50293130889014,3.9287477954144614,-147.5876933816488,-75.97915337230236,0,0,0.2,-147.5876933816488,20260409-103125,0.0,0.0
295.9746610775997,3.9090138331102193,-147.27640502686236,-75.71594108228226,0,0,0.2,-147.27640502686236,20260409-103125,0.0,0.0
293.4552776829887,3.889611562782295,-146.9597622219308,-75.4459084014744,0,0,0.2,-146.9597622219308,20260409-103125,0.0,0.0
290.9450119868014,3.8705532693187013,-146.63764546567847,-75.16884324860715,0,0,0.2,-146.63764546567847,20260409-103125,0.0,0.0
288.44410203711914,3.8518518518518516,-146.30993247402023,-74.88452649040593,0,0,0.2,-146.30993247402023,20260409-103125,0.0,0.0
285.95279330686736,3.833520862634787,-145.97649814210016,-74.59273173495433,0,0,0.2,-145.97649814210016,20260409-103125,0.0,0.0
283.47133893923035,3.815574548907883,-145.6372145092901,-74.29322512395079,0,0,0.2,-145.6372145092901,20260409-103125,0.0,0.0
281.0,3.798027898027898,-145.29195072747734,-73.98576512455516,0,0,0.2,-145.29195072747734,20260409-103125,0.0,0.0
278.53904573685895,3.7808966861598443,-144.94057303311303,-73.67010232161715,0,0,0.2,-144.94057303311303,20260409-103125,0.0,0.0
276.08875384557047,3.7641975308641977,-144.5829447235326,-73.34597921118795,0,0,0.2,-144.5829447235326,20260409-103125,0.0,0.0
273.64941074301623,3.7479479479479485,-144.21892613810746,-73.01312999633384,0,0,0.2,-144.21892613810746,20260409-103125,0.0,0.0
271.22131184698594,3.732166412988331,-143.8483746448336,-72.67128038640166,0,0,0.2,-143.8483746448336,20260409-103125,0.0,0.0
268.80476186258306,3.716872427983539,-143.47114463301483,-72.32014740102711,0,0,0.2,-143.47114463301483,20260409-103125,0.0,0.0
266.4000750750645,3.702086593635889,-143.08708751275313,-71.95943918033207,0,0,0.2,-143.08708751275313,20260409-103125,0.0,0.0
264.0075756488817,3.6878306878306875,-142.6960517220166,-71.58885480292489,0,0,0.2,-142.6960517220166,20260409-103125,0.0,0.0
261.627597932634,3.674127750939345,-142.29788274211586,-71.20808411350015,0,0,0.2,-142.29788274211586,20260409-103125,0.0,0.0
259.26048676958084,3.661002178649237,-141.89242312248513,-70.81680756203143,0,0,0.2,-141.89242312248513,20260409-103125,0.0,0.0
256.9065978132909,3.648479823106689,-141.47951251573028,-70.41469605676326,0,0,0.2,-141.47951251573028,20260409-103125,0.0,0.0
254.566297847928,3.6365881032547698,-141.05898772397833,-70.0014108334374,0,0,0.2,-141.05898772397833,20260409-103125,0.0,0.0
252.23996511258878,3.625356125356125,-140.63068275763524,-69.57660334343313,0,0,0.2,-140.63068275763524,20260409-103125,0.0,0.0
249.92798962901293,3.6148148148148143,-140.19442890773482,-69.13991516376383,0,0,0.2,-140.19442890773482,20260409-103125,0.0,0.0
247.63077353188558,3.6049970605526167,-139.75005483314044,-68.69097793215005,0,0,0.2,-139.75005483314044,20260409-103125,0.0,0.0
245.34873140083687,3.5959378733572276,-139.29738666394172,-68.22941331068526,0,0,0.2,-139.29738666394172,20260409-103125,0.0,0.0
243.08229059312404,3.587674559805708,-138.83624812246867,-67.75483298192138,0,0,0.2,-138.83624812246867,20260409-103125,0.0,0.0
240.8318915758459,3.5802469135802464,-138.3664606634298,-67.26683868152938,0,0,0.2,-138.3664606634298,20260409-103125,0.0,0.0
238.5979882563975,3.5736974262397996,-137.8878436347613,-66.76502227203028,0,0,0.2,-137.8878436347613,20260409-103125,0.0,0.0
236.3810483097154,3.568071519795658,-137.40021446085663,-66.24896586244797,0,0,0.2,-137.40021446085663,20260409-103125,0.0,0.0
234.1815535006974,3.5634178037686803,-136.90338884992428,-65.71824197909837,0,0,0.2,-136.90338884992428,20260409-103125,0.0,0.0
232.0,3.55978835978836,-136.39718102729637,-65.17241379310344,0,0,0.2,-136.39718102729637,20260409-103125,0.0,0.0
229.83689869122406,3.557239057239057,-135.88140399658215,-64.61103541059494,0,0,0.2,-135.88140399658215,20260409-103125,0.0,0.0
227.69277546729498,3.5558299039780525,-135.35586983062188,-64.03365223194893,0,0,0.2,-135.35586983062188,20260409-103125,0.0,0.0
225.5681715136247,3.555625436757513,-134.8203899942529,-63.439801386764586,0,0,0.2,-134.8203899942529,20260409-103125,0.0,0.0
223.46364357541475,3.556695156695157,-134.27477570094075,-62.82901225165858,0,0,0.2,-134.27477570094075,20260409-103125,0.0,0.0
221.37976420621646,3.559114015976761,-133.71883830535793,-62.20080705828727,0,0,0.2,-133.71883830535793,20260409-103125,0.0,0.0
219.31712199461307,3.5629629629629624,-133.1523897340054,-61.554701599319685,0,0,0.2,-133.1523897340054,20260409-103125,0.0,0.0
217.27632176562636,3.5683295540438396,-132.575242955962,-60.89020604035749,0,0,0.2,-132.575242955962,20260409-103125,0.0,0.0
215.25798475317936,3.5753086419753086,-131.98721249581666,-60.20682584602047,0,0,0.2,-131.98721249581666,20260409-103125,0.0,0.0
213.26274873967088,3.584003152088258,-131.388114990777,-59.504062828575094,0,0,0.2,-131.388114990777,20260409-103125,0.0,0.0
211.29126815843574,3.594524959742351,-130.77776979385732,-58.7814163275641,0,0,0.2,-130.77776979385732,20260409-103125,0.0,0.0
209.34421415458323,3.6069958847736627,-130.15599962491933,-58.03838452888046,0,0,0.2,-130.15599962491933,20260409-103125,0.0,0.0
207.42227459942677,3.621548821548822,-129.52263127117112,-57.27446593160073,0,0,0.2,-129.52263127117112,20260409-103125,0.0,0.0
205.526154053444,3.6383290267011197,-128.87749633851263,-56.48916097063244,0,0,0.2,-128.87749633851263,20260409-103125,0.0,0.0
203.65657367244495,3.657495590828924,-128.22043205485005,-55.6819738028143,0,0,0.2,-128.22043205485005,20260409-103125,0.0,0.0
201.8142710513803,3.679223125564589,-127.55128212617798,-54.852414263516906,0,0,0.2,-127.55128212617798,20260409-103125,0.0,0.0
200.0,3.7037037037037037,-126.86989764584402,-54.0,0,0,0.2,-126.86989764584402,20260409-103125,0.0,0.0
198.2145302443794,3.731149097815764,-126.17613805695952,-53.124258786767676,0,0,0.2,-126.17613805695952,20260409-103125,0.0,0.0
196.45864704817652,3.761793372319688,-125.46987216740006,-52.22473102690152,0,0,0.2,-125.46987216740006,20260409-103125,0.0,0.0
194.7331507473753,3.7958958958958955,-124.750979216244,-51.30097244182061,0,0,0.2,-124.750979216244,20260409-103125,0.0,0.0
193.03885619221847,3.833744855967079,-124.01934998982647,-50.352556950095625,0,0,0.2,-124.01934998982647,20260409-103125,0.0,0.0
191.3765920900464,3.8756613756613763,-123.27488798483492,-49.37907973381401,0,0,0.2,-123.27488798483492,20260409-103125,0.0,0.0
189.74720024284943,3.9220043572984746,-122.51751061504552,-48.38016048853899,0,0,0.2,-122.51751061504552,20260409-103125,0.0,0.0
188.1515346735179,3.97317620650954,-121.7471504573911,-47.355446850118476,0,0,0.2,-121.7471504573911,20260409-103125,0.0,0.0
186.59046063504962,4.02962962962963,-120.96375653207352,-46.30461798847738,0,0,0.2,-120.96375653207352,20260409-103125,0.0,0.0
185.06485349736184,4.091875746714456,-120.1672956103844,-45.227388355073685,0,0,0.2,-120.1672956103844,20260409-103125,0.0,0.0
183.5755975068582,4.1604938271604945,-119.35775354279127,-44.123511566930304,0,0,0.2,-119.35775354279127,20260409-103125,0.0,0.0
182.12358441453978,4.236143039591315,-118.53513659869228,-42.992784406097456,0,0,0.2,-118.53513659869228,20260409-103125,0.0,0.0
180.7097119692243,4.3195767195767205,-117.699472808055,-41.83505090909283,0,0,0.2,-117.699472808055,20260409-103125,0.0,0.0
179.3348822733603,4.411659807956104,-116.85081329395454,-40.650206516364435,0,0,0.2,-116.85081329395454,20260409-103125,0.0,0.0
178.0,4.513390313390313,-115.989233583833,-39.438202247191015,0,0,0.2,-115.989233583833,20260409-103125,0.0,0.0
176.70597047072292,4.625925925925926,-115.11483488614456,-38.19904886076476,0,0,0.2,-115.11483488614456,20260409-103125,0.0,0.0
175.45369759569047,4.750617283950618,-114.22774531795417,-36.93282095959181,0,0,0.2,-114.22774531795417,20260409-103125,0.0,0.0
174.24408167854654,4.889049919484702,-113.32812106806034,-35.639660986916574,0,0,0.2,-113.32812106806034,20260409-103125,0.0,0.0
173.07801709055948,5.043097643097643,-112.41614747934365,-34.31978306576056,0,0,0.2,-112.41614747934365,20260409-103125,0.0,0.0
171.95638982020995,5.214991181657848,-111.49204003334457,-32.973476623510784,0,0,0.2,-111.49204003334457,20260409-103125,0.0,0.0
170.88007490635061,5.4074074074074066,-110.55604521958347,-31.601109742955256,0,0,0.2,-110.55604521958347,20260409-103125,0.0,0.0
169.84993376507393,5.623586744639376,-109.60844127189029,-30.20313217840581,0,0,0.2,-109.60844127189029,20260409-103125,0.0,0.0
168.86681142249356,5.867489711934157,-108.64953875405142,-28.78007797423617,0,0,0.2,-108.64953875405142,20260409-103125,0.0,0.0
167.93153366774212,6.144008714596951,-107.67968097743885,-27.33256762295437,0,0,0.2,-107.67968097743885,20260409-103125,0.0,0.0
167.0449041425688,6.45925925925926,-106.69924423399362,-25.861309700971088,0,0,0.2,-106.69924423399362,20260409-103125,0.0,0.0
166.20770138594662,6.820987654320988,-105.70863782901574,-24.367101922645567,0,0,0.2,-105.70863782901574,20260409-103125,0.0,0.0
165.42067585401773,7.23915343915344,-104.70830389968275,-22.85083155708913,0,0,0.2,-104.70830389968275,20260409-103125,0.0,0.0
164.68454693747074,7.726780626780627,-103.69871700708445,-21.313475157646188,0,0,0.2,-103.69871700708445,20260409-103125,0.0,0.0
164.0,8.301234567901234,-102.68038349181982,-19.75609756097561,0,0,0.2,-102.68038349181982,20260409-103125,0.0,0.0
163.36768346279504,8.986195286195285,-101.65384058583433,-18.179850121192302,0,0,0.2,-101.65384058583433,20260409-103125,0.0,0.0
162.78820596099706,9.814814814814815,-100.61965527615514,-16.58596815451668,0,0,0.2,-100.61965527615514,20260409-103125,0.0,0.0
162.2621335986927,10.834979423868313,-99.57842291946075,-14.975767581177532,0,0,0.2,-99.57842291946075,20260409-103125,0.0,0.0
161.78998732925348,12.118518518518519,-98.53076560994813,-13.350640763722016,0,0,0.2,-98.53076560994813,20260409-103125,0.0,0.0
161.37224048763778,13.77830687830688,-97.4773303066608,-11.712051554150584,0,0,0.2,-97.4773303066608,20260409-103125,0.0,0.0
161.00931650062986,16.002469135802468,-96.41878673023879,-10.06152957610787,0,0,0.2,-96.41878673023879,20260409-103125,0.0,0.0
160.70158679988197,19.12962962962963,-95.35582504285519,-8.400663782375243,0,0,0.2,-95.35582504285519,20260409-103125,0.0,0.0
160.44936896105264,23.83703703703704,-94.28915332881903,-6.73109534174708,0,0,0.2,-94.28915332881903,20260409-103125,0.0,0.0
160.25292509030842,31.70493827160494,-93.21949489685284,-5.054509922633457,0,0,0.2,-93.21949489685284,20260409-103125,0.0,0.0
160.11246047700348,47.474074074074075,-92.1475854282985,-3.372629453018485,0,0,0.2,-92.1475854282985,20260409-103125,0.0,0.0
160.0281225285106,94.84814814814817,-91.07416999837262,-1.6872034473309327,0,0,0.2,-91.07416999837262,20260409-103125,0.0,0.0
160.0,160000000.0,-90.0,0.0,0,0,0.2,-90.0,20260409-103125,0.0,0.0
160.0281225285106,94.84814814814817,-88.92583000162738,1.6872034473309327,0,0,0.2,-88.92583000162738,20260409-103125,0.0,0.0
160.11246047700348,47.474074074074075,-87.8524145717015,3.372629453018485,0,0,0.2,-87.8524145717015,20260409-103125,0.0,0.0
160.25292509030842,31.70493827160494,-86.78050510314718,5.054509922633457,0,0,0.2,-86.78050510314718,20260409-103125,0.0,0.0
160.44936896105264,23.83703703703704,-85.71084667118099,6.73109534174708,0,0,0.2,-85.71084667118099,20260409-103125,0.0,0.0
160.70158679988197,19.12962962962963,-84.64417495714481,8.400663782375243,0,0,0.2,-84.64417495714481,20260409-103125,0.0,0.0
161.00931650062986,16.002469135802468,-83.58121326976122,10.06152957610787,0,0,0.2,-83.58121326976122,20260409-103125,0.0,0.0
161.37224048763778,13.77830687830688,-82.52266969333921,11.712051554150584,0,0,0.2,-82.52266969333921,20260409-103125,0.0,0.0
161.78998732925348,12.118518518518519,-81.46923439005187,13.350640763722016,0,0,0.2,-81.46923439005187,20260409-103125,0.0,0.0
162.2621335986927,10.834979423868313,-80.42157708053927,14.975767581177532,0,0,0.2,-80.42157708053927,20260409-103125,0.0,0.0
162.78820596099706,9.814814814814815,-79.38034472384487,16.58596815451668,0,0,0.2,-79.38034472384487,20260409-103125,0.0,0.0
163.36768346279504,8.986195286195285,-78.34615941416567,18.179850121192302,0,0,0.2,-78.34615941416567,20260409-103125,0.0,0.0
164.0,8.301234567901234,-77.31961650818018,19.75609756097561,0,0,0.2,-77.31961650818018,20260409-103125,0.0,0.0
164.68454693747074,7.726780626780627,-76.30128299291555,21.313475157646188,0,0,0.2,-76.30128299291555,20260409-103125,0.0,0.0
165.42067585401773,7.23915343915344,-75.29169610031725,22.85083155708913,0,0,0.2,-75.29169610031725,20260409-103125,0.0,0.0
166.20770138594662,6.820987654320988,-74.29136217098426,24.367101922645567,0,0,0.2,-74.29136217098426,20260409-103125,0.0,0.0
167.0449041425688,6.45925925925926,-73.30075576600639,25.861309700971088,0,0,0.2,-73.30075576600639,20260409-103125,0.0,0.0
167.93153366774212,6.144008714596951,-72.32031902256115,27.33256762295437,0,0,0.2,-72.32031902256115,20260409-103125,0.0,0.0
168.86681142249356,5.867489711934157,-71.3504612459486,28.78007797423617,0,0,0.2,-71.3504612459486,20260409-103125,0.0,0.0
169.84993376507393,5.623586744639376,-70.39155872810973,30.20313217840581,0,0,0.2,-70.39155872810973,20260409-103125,0.0,0.0
170.88007490635061,5.4074074074074066,-69.44395478041653,31.601109742955256,0,0,0.2,-69.44395478041653,20260409-103125,0.0,0.0
171.95638982020995,5.214991181657848,-68.50795996665543,32.973476623510784,0,0,0.2,-68.50795996665543,20260409-103125,0.0,0.0
173.07801709055948,5.043097643097643,-67.58385252065636,34.31978306576056,0,0,0.2,-67.58385252065636,20260409-103125,0.0,0.0
174.24408167854654,4.889049919484702,-66.67187893193966,35.639660986916574,0,0,0.2,-66.67187893193966,20260409-103125,0.0,0.0
175.45369759569047,4.750617283950618,-65.77225468204583,36.93282095959181,0,0,0.2,-65.77225468204583,20260409-103125,0.0,0.0
176.70597047072292,4.625925925925926,-64.88516511385544,38.19904886076476,0,0,0.2,-64.88516511385544,20260409-103125,0.0,0.0
178.0,4.513390313390313,-64.01076641616699,39.438202247191015,0,0,0.2,-64.01076641616699,20260409-103125,0.0,0.0
179.3348822733603,4.411659807956104,-63.149186706045484,40.650206516364435,0,0,0.2,-63.149186706045484,20260409-103125,0.0,0.0
180.7097119692243,4.3195767195767205,-62.30052719194501,41.83505090909283,0,0,0.2,-62.300527191945,20260409-103125,0.0,0.0
182.12358441453978,4.236143039591315,-61.464863401307724,42.992784406097456,0,0,0.2,-61.46486340130773,20260409-103125,0.0,0.0
183.5755975068582,4.1604938271604945,-60.64224645720873,44.123511566930304,0,0,0.2,-60.64224645720873,20260409-103125,0.0,0.0
185.06485349736184,4.091875746714456,-59.8327043896156,45.227388355073685,0,0,0.2,-59.83270438961561,20260409-103125,0.0,0.0
186.59046063504962,4.02962962962963,-59.03624346792648,46.30461798847738,0,0,0.2,-59.03624346792648,20260409-103125,0.0,0.0
188.1515346735179,3.97317620650954,-58.252849542608914,47.355446850118476,0,0,0.2,-58.25284954260891,20260409-103125,0.0,0.0
189.74720024284943,3.9220043572984746,-57.48248938495448,48.38016048853899,0,0,0.2,-57.482489384954484,20260409-103125,0.0,0.0
191.3765920900464,3.8756613756613763,-56.72511201516508,49.37907973381401,0,0,0.2,-56.72511201516508,20260409-103125,0.0,0.0
193.03885619221847,3.833744855967079,-55.98065001017355,50.352556950095625,0,0,0.2,-55.98065001017354,20260409-103125,0.0,0.0
194.7331507473753,3.7958958958958955,-55.24902078375598,51.30097244182061,0,0,0.2,-55.24902078375599,20260409-103125,0.0,0.0
196.45864704817652,3.761793372319688,-54.53012783259996,52.22473102690152,0,0,0.2,-54.53012783259995,20260409-103125,0.0,0.0
198.2145302443794,3.731149097815764,-53.82386194304047,53.124258786767676,0,0,0.2,-53.82386194304048,20260409-103125,0.0,0.0
200.0,3.7037037037037037,-53.13010235415598,54.0,0,0,0.2,-53.13010235415598,20260409-103125,0.0,0.0
201.8142710513803,3.679223125564589,-52.44871787382202,54.852414263516906,0,0,0.2,-52.44871787382202,20260409-103125,0.0,0.0
203.65657367244495,3.657495590828924,-51.77956794514995,55.6819738028143,0,0,0.2,-51.77956794514996,20260409-103125,0.0,0.0
205.526154053444,3.6383290267011197,-51.12250366148737,56.48916097063244,0,0,0.2,-51.122503661487364,20260409-103125,0.0,0.0
207.42227459942677,3.621548821548822,-50.47736872882888,57.27446593160073,0,0,0.2,-50.47736872882888,20260409-103125,0.0,0.0
209.34421415458323,3.6069958847736627,-49.84400037508067,58.03838452888046,0,0,0.2,-49.84400037508068,20260409-103125,0.0,0.0
211.29126815843574,3.594524959742351,-49.22223020614268,58.7814163275641,0,0,0.2,-49.22223020614269,20260409-103125,0.0,0.0
213.26274873967088,3.584003152088258,-48.61188500922299,59.504062828575094,0,0,0.2,-48.61188500922299,20260409-103125,0.0,0.0
215.25798475317936,3.5753086419753086,-48.012787504183336,60.20682584602047,0,0,0.2,-48.01278750418334,20260409-103125,0.0,0.0
217.27632176562636,3.5683295540438396,-47.42475704403799,60.89020604035749,0,0,0.2,-47.42475704403799,20260409-103125,0.0,0.0
219.31712199461307,3.5629629629629624,-46.847610265994604,61.554701599319685,0,0,0.2,-46.8476102659946,20260409-103125,0.0,0.0
221.37976420621646,3.559114015976761,-46.281161694642066,62.20080705828727,0,0,0.2,-46.28116169464206,20260409-103125,0.0,0.0
223.46364357541475,3.556695156695157,-45.72522429905925,62.82901225165858,0,0,0.2,-45.725224299059256,20260409-103125,0.0,0.0
225.5681715136247,3.555625436757513,-45.179610005747065,63.439801386764586,0,0,0.2,-45.17961000574708,20260409-103125,0.0,0.0
227.69277546729498,3.5558299039780525,-44.644130169378116,64.03365223194893,0,0,0.2,-44.64413016937812,20260409-103125,0.0,0.0
229.83689869122406,3.557239057239057,-44.11859600341785,64.61103541059494,0,0,0.2,-44.11859600341786,20260409-103125,0.0,0.0
232.0,3.55978835978836,-43.60281897270363,65.17241379310344,0,0,0.2,-43.60281897270362,20260409-103125,0.0,0.0
234.1815535006974,3.5634178037686803,-43.09661115007572,65.71824197909837,0,0,0.2,-43.09661115007573,20260409-103125,0.0,0.0
236.3810483097154,3.568071519795658,-42.59978553914337,66.24896586244797,0,0,0.2,-42.59978553914336,20260409-103125,0.0,0.0
238.5979882563975,3.5736974262397996,-42.11215636523872,66.76502227203028,0,0,0.2,-42.112156365238704,20260409-103125,0.0,0.0
240.8318915758459,3.5802469135802464,-41.63353933657021,67.26683868152938,0,0,0.2,-41.6335393365702,20260409-103125,0.0,0.0
243.08229059312404,3.587674559805708,-41.163751877531354,67.75483298192138,0,0,0.2,-41.16375187753134,20260409-103125,0.0,0.0
245.34873140083687,3.5959378733572276,-40.702613336058306,68.22941331068526,0,0,0.2,-40.702613336058306,20260409-103125,0.0,0.0
247.63077353188558,3.6049970605526167,-40.24994516685956,68.69097793215005,0,0,0.2,-40.24994516685957,20260409-103125,0.0,0.0
249.92798962901293,3.6148148148148143,-39.80557109226518,69.13991516376383,0,0,0.2,-39.80557109226519,20260409-103125,0.0,0.0
252.23996511258878,3.625356125356125,-39.36931724236473,69.57660334343313,0,0,0.2,-39.36931724236474,20260409-103125,0.0,0.0
254.566297847928,3.6365881032547698,-38.94101227602167,70.0014108334374,0,0,0.2,-38.94101227602167,20260409-103125,0.0,0.0
256.9065978132909,3.648479823106689,-38.52048748426972,70.41469605676326,0,0,0.2,-38.52048748426973,20260409-103125,0.0,0.0
259.26048676958084,3.661002178649237,-38.10757687751487,70.81680756203143,0,0,0.2,-38.10757687751486,20260409-103125,0.0,0.0
261.627597932634,3.674127750939345,-37.70211725788414,71.20808411350015,0,0,0.2,-37.70211725788413,20260409-103125,0.0,0.0
264.0075756488817,3.6878306878306875,-37.30394827798344,71.58885480292489,0,0,0.2,-37.30394827798343,20260409-103125,0.0,0.0
266.4000750750645,3.702086593635889,-36.9129124872469,71.95943918033207,0,0,0.2,-36.912912487246885,20260409-103125,0.0,0.0
268.80476186258306,3.716872427983539,-36.52885536698517,72.32014740102711,0,0,0.2,-36.52885536698517,20260409-103125,0.0,0.0
271.22131184698594,3.732166412988331,-36.1516253551664,72.67128038640166,0,0,0.2,-36.15162535516639,20260409-103125,0.0,0.0
273.64941074301623,3.7479479479479485,-35.78107386189254,73.01312999633384,0,0,0.2,-35.78107386189255,20260409-103125,0.0,0.0
276.08875384557047,3.7641975308641977,-35.41705527646744,73.34597921118795,0,0,0.2,-35.41705527646743,20260409-103125,0.0,0.0
278.53904573685895,3.7808966861598443,-35.059426966886974,73.67010232161715,0,0,0.2,-35.05942696688698,20260409-103125,0.0,0.0
281.0,3.798027898027898,-34.70804927252266,73.98576512455516,0,0,0.2,-34.70804927252264,20260409-103125,0.0,0.0
283.47133893923035,3.815574548907883,-34.36278549070994,74.29322512395079,0,0,0.2,-34.362785490709925,20260409-103125,0.0,0.0
285.95279330686736,3.833520862634787,-34.023501857899845,74.59273173495433,0,0,0.2,-34.023501857899845,20260409-103125,0.0,0.0
288.44410203711914,3.8518518518518516,-33.69006752597977,74.88452649040593,0,0,0.2,-33.690067525979785,20260409-103125,0.0,0.0
290.9450119868014,3.8705532693187013,-33.362354534321526,75.16884324860715,0,0,0.2,-33.36235453432152,20260409-103125,0.0,0.0
293.4552776829887,3.889611562782295,-33.04023777806921,75.4459084014744,0,0,0.2,-33.04023777806922,20260409-103125,0.0,0.0
295.9746610775997,3.9090138331102193,-32.72359497313764,75.71594108228226,0,0,0.2,-32.723594973137644,20260409-103125,0.0,0.0
298.50293130889014,3.9287477954144614,-32.41230661835121,75.97915337230236,0,0,0.2,-32.41230661835121,20260409-103125,0.0,0.0
301.0398644698074,3.948801742919391,-32.10625595511783,76.23575050573328,0,0,0.2,-32.106255955117845,20260409-103125,0.0,0.0
303.5852433831394,3.9691645133505595,-31.805328924996957,76.48593107239809,0,0,0.2,-31.805328924996953,20260409-103125,0.0,0.0
306.13885738337757,3.9898254576415493,-31.50941412548923,76.72988721775845,0,0,0.2,-31.50941412548924,20260409-103125,0.0,0.0
308.7005021051958,4.0107744107744105,-31.218402764346365,76.96780483986161,0,0,0.2,-31.218402764346376,20260409-103125,0.0,0.0
311.2699792784392,4.032001664585934,-30.93218861267104,77.19986378289481,0,0,0.2,-30.932188612671055,20260409-103125,0.0,0.0
313.8470965295043,4.053497942386831,-30.65066795705286,77.42623802707568,0,0,0.2,-30.650667957052864,20260409-103125,0.0,0.0
316.4316671889841,4.075254375254374,-30.37373955096183,77.6470958746551,0,0,0.2,-30.373739550961815,20260409-103125,0.0,0.0
319.02351010544663,4.097262479871176,-30.10130456559969,77.86260013185125,0,0,0.2,-30.1013045655997,20260409-103125,0.0,0.0
321.6224494652076,4.119514137793708,-29.833266540389957,78.07290828657266,0,0,0.2,-29.833266540389946,20260409-103125,0.0,0.0
324.2283146179556,4.14200157604413,-29.569531333267776,78.27817268182064,0,0,0.2,-29.569531333267772,20260409-103125,0.0,0.0
326.84093990808435,4.1647173489278755,-29.31000707091613,78.47854068469331,0,0,0.2,-29.310007070916125,20260409-103125,0.0,0.0
329.460164511584,4.187654320987654,-29.054604099077153,78.6741548509384,0,0,0.2,-29.054604099077146,20260409-103125,0.0,0.0
332.0858322783434,4.210805651011837,-28.803234933054767,78.86515308502655,0,0,0.2,-28.803234933054764,20260409-103125,0.0,0.0
334.7177915797127,4.2341647770219195,-28.555814208511237,79.05166879573707,0,0,0.2,-28.555814208511233,20260409-103125,0.0,0.0
337.3558951611784,4.2577254021698465,-28.31225863264828,79.23383104726602,0,0,0.2,-28.312258632648277,20260409-103125,0.0,0.0
340.0,4.281481481481482,-28.072486935852965,79.41176470588235,0,0,0.2,-28.072486935852957,20260409-103125,0.0,0.0
342.6499671676622,4.305427209387605,-27.836419823878202,79.58559058217129,0,0,0.2,-27.8364198238782,20260409-103125,0.0,0.0
345.3056616969956,4.32955700798838,-27.60397993061912,79.75542556891594,0,0,0.2,-27.603979930619126,20260409-103125,0.0,0.0
347.9669524538214,4.353865516001439,-27.375091771537996,79.92138277467788,0,0,0.2,-27.375091771538006,20260409-103125,0.0,0.0
350.63371201297804,4.378347578347579,-27.149681697783166,80.08357165314632,0,0,0.2,-27.14968169778317,20260409-103125,0.0,0.0
353.30581653859025,4.40299823633157,-26.9276778510405,80.24209812833193,0,0,0.2,-26.927677851040503,20260409-103125,0.0,0.0
355.9831456684431,4.427812718378756,-26.70901011914998,80.39706471568797,0,0,0.2,-26.709010119149994,20260409-103125,0.0,0.0
358.66558240232644,4.452786431291105,-26.493610092514132,80.54857063924572,0,0,0.2,-26.49361009251414,20260409-103125,0.0,0.0
361.3530129942187,4.4779149519890264,-26.281411021320167,80.69671194485524,0,0,0.2,-26.281411021320174,20260409-103125,0.0,0.0
364.04532684818247,4.503194019707781,-26.07234777359335,80.84158160962514,0,0,0.2,-26.072347773593343,20260409-103125,0.0,0.0
366.742416417845,4.528619528619529,-25.866356794094514,80.98326964765795,0,0,0.2,-25.866356794094518,20260409-103125,0.0,0.0
369.44417710934357,4.554187520854188,-25.663376064071684,81.12186321217845,0,0,0.2,-25.66337606407169,20260409-103125,0.0,0.0
372.15050718761626,4.57989417989418,-25.46334506187162,81.25744669415373,0,0,0.2,-25.463345061871614,20260409-103125,0.0,0.0
374.86130768592267,4.605735824319894,-25.266204724414905,81.39010181750416,0,0,0.2,-25.266204724414916,20260409-103125,0.0,0.0
377.5764823184834,4.63170890188434,-25.07189740953538,81.51990773100445,0,0,0.2,-25.071897409535378,20260409-103125,0.0,0.0
380.2959373961284,4.657809983896941,-24.88036685918169,81.64694109697345,0,0,0.2,-24.8803668591817,20260409-103125,0.0,0.0
383.0195817448502,4.684035759897828,-24.691558163478078,81.77127617685073,0,0,0.2,-24.691558163478064,20260409-103125,0.0,0.0
385.7473266271589,4.710383032605255,-24.505417725637898,81.89298491375696,0,0,0.2,-24.505417725637898,20260409-103125,0.0,0.0
388.47908566613984,4.7368487131199,-24.32189322772362,82.01213701213399,0,0,0.2,-24.321893227723617,20260409-103125,0.0,0.0
391.21477477211926,4.763429816370993,-24.140933597243873,82.12880001455868,0,0,0.2,-24.14093359724386,20260409-103125,0.0,0.0
393.9543120718442,4.790123456790123,-23.96248897457818,82.24303937582314,0,0,0.2,-23.962488974578186,20260409-103125,0.0,0.0
396.6976178400874,4.816926844199572,-23.786510681218516,82.35491853437242,0,0,0.2,-23.786510681218505,20260409-103125,0.0,0.0
399.4446144335908,4.8438372799028535,-23.612951188815288,82.4644989811883,0,0,0.2,-23.612951188815284,20260409-103125,0.0,0.0
402.1952262272639,4.870852152965974,-23.44176408901592,82.57184032620616,0,0,0.2,-23.441764089015912,20260409-103125,0.0,0.0
404.9493795525559,4.897968936678614,-23.272904064081985,82.67700036234982,0,0,0.2,-23.27290406408198,20260409-103125,0.0,0.0
407.7070026379238,4.9251851851851844,-23.106326858271586,82.78003512726683,0,0,0.2,-23.106326858271572,20260409-103125,0.0,0.0
410.4680255513211,4.952498530276308,-22.941989249972266,82.88099896284481,0,0,0.2,-22.941989249972277,20260409-103125,0.0,0.0
413.2323801446348,4.979906678331875,-22.779849024570268,82.979944572587,0,0,0.2,-22.77984902457026,20260409-103125,0.0,0.0
416.0,5.007407407407407,-22.61986494804043,83.07692307692308,0,0,0.2,-22.619864948040426,20260409-103125,0.0,0.0
418.7708203779246,5.034998564455929,-22.461996741242473,83.17198406652894,0,0,0.2,-22.461996741242483,20260409-103125,0.0,0.0
421.54477816715985,5.062678062678063,-22.30620505490765,83.26517565372713,0,0,0.2,-22.306205054907643,20260409-103125,0.0,0.0
424.32181183625244,5.090443878993498,-22.15245144530047,83.35654452203704,0,0,0.2,-22.152451445300482,20260409-103125,0.0,0.0
427.10186138671884,5.118294051627385,-22.000698350540603,83.4461359739423,0,0,0.2,-22.000698350540596,20260409-103125,0.0,0.0
429.88486830778305,5.1462266778056245,-21.850909067568523,83.53399397694001,0,0,0.2,-21.850909067568526,20260409-103125,0.0,0.0
432.67077553262135,5.174239911553345,-21.70304772974066,83.62016120793487,0,0,0.2,-21.703047729740657,20260409-103125,0.0,0.0
435.4595273960601,5.202331961591221,-21.55707928503773,83.70467909603897,0,0,0.2,-21.55707928503772,20260409-103125,0.0,0.0
438.2510695936748,5.230501089324618,-21.412969474871772,83.7875878638357,0,0,0.2,-21.412969474871762,20260409-103125,0.0,0.0
441.04534914223956,5.2587456069207885,-21.27068481347652,83.86892656716469,0,0,0.2,-21.270684813476535,20260409-103125,0.0,0.0
443.8423143414787,5.287063875469673,-21.130192567866402,83.94873313348239,0,0,0.2,-21.13019256786641,20260409-103125,0.0,0.0
446.64191473707433,5.315454303224087,-20.99146073834919,84.02704439885107,0,0,0.2,-20.99146073834919,20260409-103125,0.0,0.0
449.44410108488466,5.343915343915345,-20.854458039578333,84.10389614360712,0,0,0.2,-20.854458039578347,20260409-103125,0.0,0.0
452.2488253163296,5.37244549514053,-20.7191538821304,84.17932312675791,0,0,0.2,-20.71915388213039,20260409-103125,0.0,0.0
455.0560405049031,5.401043296817945,-20.585518354593432,84.25335911915424,0,0,0.2,-20.58551835459344,20260409-103125,0.0,0.0
457.8657008337707,5.4297073297073295,-20.453522206153224,84.32603693548441,0,0,0.2,-20.453522206153213,20260409-103125,0.0,0.0
460.677761564415,5.458436213991769,-20.32313682966293,84.39738846513333,0,0,0.2,-20.323136829662943,20260409-103125,0.0,0.0
463.49217900629134,5.487228607918263,-20.194334245183967,84.46744470194952,0,0,0.2,-20.194334245183978,20260409-103125,0.0,0.0
466.30891048745787,5.516083206494165,-20.06708708398415,84.53623577296035,0,0,0.2,-20.067087083984152,20260409-103125,0.0,0.0
469.12791432614625,5.544998740236836,-19.94136857298122,84.60379096607495,0,0,0.2,-19.941368572981233,20260409-103125,0.0,0.0
471.94914980323887,5.573973973973974,-19.817152519618986,84.67013875681266,0,0,0.2,-19.81715251961898,20260409-103125,0.0,0.0
474.7725771356219,5.603007705692271,-19.694413297163806,84.73530683409298,0,0,0.2,-19.694413297163816,20260409-103125,0.0,0.0
477.59815745038213,5.632098765432099,-19.57312583041019,84.79932212512264,0,0,0.2,-19.573125830410195,20260409-103125,0.0,0.0
480.42585275981975,5.661246014226147,-19.453265581783086,84.86221081941281,0,0,0.2,-19.45326558178309,20260409-103125,0.0,0.0
483.2556259372466,5.690448343079922,-19.334808537826405,84.92399839195927,0,0,0.2,-19.334808537826415,20260409-103125,0.0,0.0
486.08744069354435,5.719704671992254,-19.217731196066325,84.9847096256166,0,0,0.2,-19.217731196066318,20260409-103125,0.0,0.0
488.9212615544552,5.749013949013949,-19.102010552238653,85.04436863269628,0,0,0.2,-19.10201055223865,20260409-103125,0.0,0.0
491.7570538385799,5.7783751493428905,-18.98762408787016,85.10299887581752,0,0,0.2,-18.987624087870167,20260409-103125,0.0,0.0
494.594783636059,5.807787274453942,-18.87454975820333,85.1606231880388,0,0,0.2,-18.874549758203322,20260409-103125,0.0,0.0
497.43441778791305,5.83724935126209,-18.762765980454702,85.21726379229648,0,0,0.2,-18.76276598045471,20260409-103125,0.0,0.0
500.27592386602015,5.866760431317393,-18.65225162239753,85.27294232017621,0,0,0.2,-18.65225162239754,20260409-103125,0.0,0.0
503.11927015370816,5.896319590030281,-18.542985991258803,85.32767983004197,0,0,0.2,-18.54298599125881,20260409-103125,0.0,0.0
505.9644256269407,5.925925925925926,-18.434948822922024,85.38149682454625,0,0,0.2,-18.43494882292201,20260409-103125,0.0,0.0
508.8113599360769,5.955578559926386,-18.328120271426485,85.43441326754424,0,0,0.2,-18.32812027142648,20260409-103125,0.0,0.0
511.6600433881856,5.985276634659351,-18.222480898754895,85.48644860043407,0,0,0.2,-18.2224808987549,20260409-103125,0.0,0.0
514.5104469298947,6.01501931379232,-18.118011664900393,85.5376217579439,0,0,0.2,-18.11801166490039,20260409-103125,0.0,0.0
517.3625421307577,6.0448057813911475,-18.01469391820524,85.58795118338644,0,0,0.2,-18.014693918205243,20260409-103125,0.0,0.0
520.2163011671203,6.074635241301907,-17.91250938596326,85.63745484340032,0,0,0.2,-17.912509385963265,20260409-103125,0.0,0.0
523.0716968064703,6.10450691655511,-17.81144016527807,85.68615024219675,0,0,0.2,-17.811440165278075,20260409-103125,0.0,0.0
524.0238544188613,6.114473391226897,-162.22200477011418,-85.70220538873153,0,0,0.2,-162.22200477011418,20260409-103125,0.0,0.0
521.1679191968745,6.084587813620071,-162.12130340415865,-85.65377559844958,0,0,0.2,-162.12130340415865,20260409-103125,0.0,0.0
518.3136116290985,6.054744196529187,-162.01949261364263,-85.60454328131912,0,0,0.2,-162.01949261364263,20260409-103125,0.0,0.0
515.4609587543949,6.024943310657598,-161.91655461695134,-85.55449108418823,0,0,0.2,-161.91655461695134,20260409-103125,0.0,0.0
512.609988197655,5.995185945699292,-161.81247126565185,-85.50360119611986,0,0,0.2,-161.81247126565185,20260409-103125,0.0,0.0
509.7607281852928,5.965472910927455,-161.70722403543496,-85.45185533430576,0,0,0.2,-161.70722403543496,20260409-103125,0.0,0.0
506.91320756121553,5.935805035805036,-161.60079401680386,-85.39923472949211,0,0,0.2,-161.60079401680386,20260409-103125,0.0,0.0
504.0674558032883,5.906183170618317,-161.4931619055015,-85.34572011089821,0,0,0.2,-161.4931619055015,20260409-103125,0.0,0.0
501.22350304031033,5.876608187134503,-161.38430799266897,-85.29129169060909,0,0,0.2,-161.38430799266897,20260409-103125,0.0,0.0
498.3813800695207,5.847080979284369,-161.27421215472745,-85.23592914742188,0,0,0.2,-161.27421215472745,20260409-103125,0.0,0.0
495.54111837465115,5.817602463871121,-161.16285384297427,-85.17961161012548,0,0,0.2,-161.16285384297427,20260409-103125,0.0,0.0
492.7027501445471,5.788173581306629,-161.05021207288564,-85.1223176401914,0,0,0.2,-161.05021207288564,20260409-103125,0.0,0.0
489.8663082923748,5.75879529637629,-160.93626541311656,-85.0640252138537,0,0,0.2,-160.93626541311656,20260409-103125,0.0,0.0
487.03182647543684,5.729468599033818,-160.8209919741893,-85.0047117035543,0,0,0.2,-160.8209919741893,20260409-103125,0.0,0.0
484.19933911561674,5.700194505227328,-160.7043693968608,-84.94435385872968,0,0,0.2,-160.7043693968608,20260409-103125,0.0,0.0
481.3688814204757,5.670974057758199,-160.58637484016,-84.88292778591308,0,0,0.2,-160.58637484016,20260409-103125,0.0,0.0
478.5404894050241,5.641808327174181,-160.46698496908436,-84.82040892812664,0,0,0.2,-160.46698496908436,20260409-103125,0.0,0.0
475.7141999141922,5.612698412698413,-160.3461759419467,-84.75677204353536,0,0,0.2,-160.3461759419467,20260409-103125,0.0,0.0
472.8900506460249,5.583645443196005,-160.2239233973608,-84.69199118333503,0,0,0.2,-160.2239233973608,20260409-103125,0.0,0.0
470.0680801756273,5.55465057817999,-160.1002024408562,-84.62603966884404,0,0,0.2,-160.1002024408562,20260409-103125,0.0,0.0
467.24832797988694,5.5257150088585165,-159.97498763111045,-84.55889006776871,0,0,0.2,-159.97498763111045,20260409-103125,0.0,0.0
464.4308344630016,5.496839959225279,-159.8482529657881,-84.49051416960994,0,0,0.2,-159.8482529657881,20260409-103125,0.0,0.0
461.6156409828419,5.4680266871952785,-159.7199718669751,-84.4208829601779,0,0,0.2,-159.7199718669751,20260409-103125,0.0,0.0
458.8027898781785,5.439276485788113,-159.59011716619602,-84.34996659518056,0,0,0.2,-159.59011716619602,20260409-103125,0.0,0.0
455.99232449680557,5.410590684361177,-159.45866108900353,-84.27773437284957,0,0,0.2,-159.45866108900353,20260409-103125,0.0,0.0
453.1842892245935,5.3819706498951785,-159.3255752391261,-84.2041547055668,0,0,0.2,-159.3255752391261,20260409-103125,0.0,0.0
450.3787295155045,5.353417788334653,-159.190830582163,-84.12919509045246,0,0,0.2,-159.190830582163,20260409-103125,0.0,0.0
447.57569192260655,5.324933545986178,-159.05439742881217,-84.05282207887451,0,0,0.2,-159.05439742881217,20260409-103125,0.0,0.0
444.7752241301217,5.296519410977242,-158.91624541761936,-83.97500124483784,0,0,0.2,-158.91624541761936,20260409-103125,0.0,0.0
441.9773749865484,5.268176914778857,-158.7763434972338,-83.89569715220951,0,0,0.2,-158.7763434972338,20260409-103125,0.0,0.0
439.1821945388952,5.239907633795164,-158.63465990815757,-83.81487332073523,0,0,0.2,-158.63465990815757,20260409-103125,0.0,0.0
436.389734068069,5.211713191023535,-158.49116216397456,-83.73249219080029,0,0,0.2,-158.49116216397456,20260409-103125,0.0,0.0
433.6000461254588,5.183595257788806,-158.34581703204447,-83.64851508688622,0,0,0.2,-158.34581703204447,20260409-103125,0.0,0.0
430.8131845707603,5.155555555555555,-158.19859051364818,-83.56290217967334,0,0,0.2,-158.19859051364818,20260409-103125,0.0,0.0
428.02920461108727,5.127595857822558,-158.0494478235692,-83.4756124467365,0,0,0.2,-158.0494478235692,20260409-103125,0.0,0.0
425.2481628414166,5.099717992103778,-157.89835336909678,-83.38660363178037,0,0,0.2,-157.89835336909678,20260409-103125,0.0,0.0
422.47011728641826,5.071923842000569,-157.74527072843554,-83.295832202358,0,0,0.2,-157.74527072843554,20260409-103125,0.0,0.0
419.69512744371957,5.044215349369989,-157.59016262850673,-83.20325330601489,0,0,0.2,-157.59016262850673,20260409-103125,0.0,0.0
416.92325432865937,5.016594516594516,-157.43299092212538,-83.1088207247982,0,0,0.2,-157.43299092212538,20260409-103125,0.0,0.0
414.1545605205863,4.989063408958696,-157.27371656453852,-83.0124868280693,0,0,0.2,-157.27371656453852,20260409-103125,0.0,0.0
411.389110210759,4.961624157138669,-157.11229958930858,-82.9142025235551,0,0,0.2,-157.11229958930858,20260409-103125,0.0,0.0
408.6269692519083,4.934278959810875,-156.948699083527,-82.81391720657206,0,0,0.2,-156.948699083527,20260409-103125,0.0,0.0
405.86820520952364,4.907030086386655,-156.78287316234207,-82.71157870735395,0,0,0.2,-156.78287316234207,20260409-103125,0.0,0.0
403.11288741492746,4.879879879879879,-156.61477894278624,-82.60713323641284,0,0,0.2,-156.61477894278624,20260409-103125,0.0,0.0
400.3610870202048,4.852830759915229,-156.4443725168871,-82.50052532786007,0,0,0.2,-156.4443725168871,20260409-103125,0.0,0.0
397.61287705505714,4.825885225885225,-156.27160892404746,-82.39169778061225,0,0,0.2,-156.27160892404746,20260409-103125,0.0,0.0
394.86833248565273,4.799045860264696,-156.09644212267943,-82.28059159740418,0,0,0.2,-156.09644212267943,20260409-103125,0.0,0.0
392.127530275547,4.7723153320918685,-155.91882496107837,-82.1671459215299,0,0,0.2,-155.91882496107837,20260409-103125,0.0,0.0
389.39054944875073,4.745696400625977,-155.7387091475222,-82.05129797122893,0,0,0.2,-155.7387091475222,20260409-103125,0.0,0.0
386.6574711550263,4.719191919191919,-155.55604521958347,-81.93298297163443,0,0,0.2,-155.55604521958347,20260409-103125,0.0,0.0
383.9283787374932,4.692804839223177,-155.37078251263995,-81.81213408419659,0,0,0.2,-155.37078251263995,20260409-103125,0.0,0.0
381.2033578026301,4.666538214515093,-155.18286912757316,-81.68868233349322,0,0,0.2,-155.18286912757316,20260409-103125,0.0,0.0
378.4824962927612,4.640395205701329,-154.99225189764246,-81.56255653133731,0,0,0.2,-154.99225189764246,20260409-103125,0.0,0.0
375.7658845611187,4.61437908496732,-154.79887635452494,-81.43368319808947,0,0,0.2,-154.79887635452494,20260409-103125,0.0,0.0
373.05361544957583,4.588493241015496,-154.60268669351217,-81.30198648108153,0,0,0.2,-154.60268669351217,20260409-103125,0.0,0.0
370.3457843691487,4.56274118429807,-154.40362573785575,-81.16738807005608,0,0,0.2,-154.40362573785575,20260409-103125,0.0,0.0
367.6424893833682,4.537126552534407,-154.20163490225593,-81.02980710952522,0,0,0.2,-154.20163490225593,20260409-103125,0.0,0.0
364.9438312946254,4.511653116531165,-153.99665415548856,-80.88916010795097,0,0,0.2,-153.99665415548856,20260409-103125,0.0,0.0
362.2499137335991,4.486324786324786,-153.78862198216848,-80.7453608436485,0,0,0.2,-153.78862198216848,20260409-103125,0.0,0.0
359.5608432518758,4.4611456176673565,-153.5774753436486,-80.59832026731353,0,0,0.2,-153.5774753436486,20260409-103125,0.0,0.0
356.87672941787616,4.436119818878439,-153.36314963805762,-80.4479464010743,0,0,0.2,-153.36314963805762,20260409-103125,0.0,0.0
354.1976849162061,4.411251758087201,-153.1455786594814,-80.29414423396969,0,0,0.2,-153.1455786594814,20260409-103125,0.0,0.0
351.52382565055245,4.386545970891019,-152.92469455629643,-80.13681561375476,0,0,0.2,-152.92469455629643,20260409-103125,0.0,0.0
348.85527085024813,4.3620071684587804,-152.7004277886672,-79.97585913493775,0,0,0.2,-152.7004277886672,20260409-103125,0.0,0.0
346.19214318063314,4.337640246109301,-152.47270708522387,-79.811170022953,0,0,0.2,-152.47270708522387,20260409-103125,0.0,0.0
343.5345688573422,4.31345029239766,-152.24145939893998,-79.64264001437842,0,0,0.2,-152.24145939893998,20260409-103125,0.0,0.0
340.8826777646526,4.289442598744924,-152.0066098622356,-79.4701572331085,0,0,0.2,-152.0066098622356,20260409-103125,0.0,0.0
338.2366035780279,4.265622669649515,-151.76808174133646,-79.29360606239912,0,0,0.2,-151.76808174133646,20260409-103125,0.0,0.0
335.5964838909967,4.2419962335216574,-151.52579638992563,-79.11286701270555,0,0,0.2,-151.52579638992563,20260409-103125,0.0,0.0
332.9624603465081,4.2185692541856925,-151.2796732021305,-78.92781658524169,0,0,0.2,-151.2796732021305,20260409-103125,0.0,0.0
330.3346787729075,4.195347943098809,-151.02962956489557,-78.73832713119678,0,0,0.2,-151.02962956489557,20260409-103125,0.0,0.0
327.7132893246778,4.172338772338772,-150.7755808097991,-78.54426670655525,0,0,0.2,-150.7755808097991,20260409-103125,0.0,0.0
325.0984466280945,4.149548488417747,-150.51744016438096,-78.345498922476,0,0,0.2,-150.51744016438096,20260409-103125,0.0,0.0
322.49030993194197,4.1269841269841265,-150.25511870305778,-78.14188279120133,0,0,0.2,-150.25511870305778,20260409-103125,0.0,0.0
319.8890432634416,4.104653028479743,-149.9885252977126,-77.93327256747939,0,0,0.2,-149.9885252977126,20260409-103125,0.0,0.0
317.29481558953967,4.082562854825627,-149.71756656805812,-77.7195175855025,0,0,0.2,-149.71756656805812,20260409-103125,0.0,0.0
314.70780098370614,4.060721607216072,-149.44214683188378,-77.50046209138229,0,0,0.2,-149.44214683188378,20260409-103125,0.0,0.0
312.1281787983905,4.039137645107795,-149.16216805531275,-77.27594507120604,0,0,0.2,-149.16216805531275,20260409-103125,0.0,0.0
309.5561338432821,4.017819706498951,-148.877529803208,-77.04580007474333,0,0,0.2,-148.877529803208,20260409-103125,0.0,0.0
306.9918565695188,3.9967769296013573,-148.588129189884,-76.80985503490146,0,0,0.4,-148.588129189884,20260409-103125,0.0,0.0
304.4355432599814,3.9760188760188755,-148.29386083029834,-76.5679320830609,0,0,0.4,-148.29386083029834,20260409-103125,0.0,0.0
301.8873962258113,3.955555555555555,-147.9946167919165,-76.31984736045793,0,0,0.4,-147.9946167919165,20260409-103125,0.0,0.0
299.34762400927787,3.9353974527887567,-147.69028654746467,-76.06541082582395,0,0,0.4,-147.69028654746467,20260409-103125,0.0,0.0
296.8164415931166,3.915555555555556,-147.3807569288072,-75.80442605953601,0,0,0.4,-147.3807569288072,20260409-103125,0.0,0.0
294.2940706164499,3.8960413855150704,-147.06591208221138,-75.53669006458544,0,0,0.4,-147.06591208221138,20260409-103125,0.0,0.0
291.78073959739015,3.8768670309653914,-146.74563342528796,-75.26199306472806,0,0,0.4,-146.74563342528796,20260409-103125,0.0,0.0
289.2766841624122,3.8580451821115713,-146.41979960592448,-74.98011830024404,0,0,0.4,-146.41979960592448,20260409-103125,0.0,0.0
286.7821472825671,3.8395891690009347,-146.08828646356076,-74.69084182180568,0,0,0.4,-146.08828646356076,20260409-103125,0.0,0.0
284.29737951659,3.8215130023640667,-145.75096699318806,-74.39393228302973,0,0,0.4,-145.75096699318806,20260409-103125,0.0,0.0
281.82263926093657,3.8038314176245205,-145.40771131249005,-74.08915073237758,0,0,0.4,-145.40771131249005,20260409-103125,0.0,0.0
279.3581930067561,3.7865599223677826,-145.058386632583,-73.77625040516195,0,0,0.4,-145.058386632583,20260409-103125,0.0,0.0
276.90431560378397,3.769714847590954,-144.70285723285238,-73.45497651652363,0,0,0.4,-144.70285723285238,20260409-103125,0.0,0.0
274.4612905311057,3.753313403089188,-144.34098444042934,-73.12506605635666,0,0,0.4,-144.34098444042934,20260409-103125,0.0,0.0
272.02941017470886,3.7373737373737375,-143.9726266148964,-72.78624758728697,0,0,0.4,-143.9726266148964,20260409-103125,0.0,0.0
269.60897611170145,3.7219150025601637,-143.59763913886277,-72.43824104694698,0,0,0.4,-143.59763913886277,20260409-103125,0.0,0.0
267.20029940102984,3.706957424714434,-143.21587441510312,-72.0807575559392,0,0,0.4,-143.21587441510312,20260409-103125,0.0,0.0
264.8037008804824,3.6925223802001046,-142.82718187101023,-71.71349923304518,0,0,0.4,-142.82718187101023,20260409-103125,0.0,0.0
262.41951146970763,3.6786324786324798,-142.43140797117252,-71.336159019414,0,0,0.4,-142.43140797117252,20260409-103125,0.0,0.0
260.0480724789169,3.6653116531165315,-142.02839623894963,-70.94842051365643,0,0,0.4,-142.02839623894963,20260409-103125,0.0,0.0
257.68973592287296,3.6525852585258525,-141.61798728798703,-70.54995781997818,0,0,0.4,-141.61798728798703,20260409-103125,0.0,0.0
255.34486483969087,3.640480178671133,-141.20001886467918,-70.14043541170939,0,0,0.4,-141.20001886467918,20260409-103125,0.0,0.0
253.0138336138955,3.629024943310658,-140.77432590266326,-69.71950801282674,0,0,0.4,-140.77432590266326,20260409-103125,0.0,0.0
250.69702830308938,3.61824985607369,-140.3407405905017,-69.28682050032081,0,0,0.4,-140.3407405905017,20260409-103125,0.0,0.0
248.39484696748443,3.6081871345029244,-139.89909245378777,-68.84200783053457,0,0,0.4,-139.89909245378777,20260409-103125,0.0,0.0
246.10770000144245,3.598871063576946,-139.4492084529898,-68.38469499288871,0,0,0.4,-139.4492084529898,20260409-103125,0.0,0.0
243.83601046605074,3.5903381642512078,-138.9909130984298,-67.91449699471542,0,0,0.4,-138.9909130984298,20260409-103125,0.0,0.0
241.58021442162848,3.582627378759975,-138.5240285838742,-67.43101888124481,0,0,0.4,-138.5240285838742,20260409-103125,0.0,0.0
239.3407612589214,3.5757802746566796,-138.0483749402983,-66.93385579512464,0,0,0.4,-138.0483749402983,20260409-103125,0.0,0.0
237.11811402758752,3.56984126984127,-137.56377021146503,-66.42259308020459,0,0,0.4,-137.56377021146503,20260409-103125,0.0,0.0
234.91274976041638,3.564857881136951,-137.0700306530411,-65.89680643467754,0,0,0.4,-137.0700306530411,20260409-103125,0.0,0.0
232.72515979154468,3.560880999342538,-136.56697095704857,-65.35606211904127,0,0,0.4,-136.56697095704857,20260409-103125,0.0,0.0
230.5558500667463,3.557965194109773,-136.05440450352185,-64.7999172247195,0,0,0.4,-136.05440450352185,20260409-103125,0.0,0.0
228.40534144367115,3.5561690524880705,-135.53214364130756,-64.22792000955847,0,0,0.4,-135.53214364130756,20260409-103125,0.0,0.0
226.27416997969522,3.555555555555556,-135.0,-63.63961030678927,0,0,0.4,-135.0,20260409-103125,0.0,0.0
224.1628872048181,3.556192498230715,-134.45778483505367,-63.03452001440983,0,0,0.4,-134.45778483505367,20260409-103125,0.0,0.0
222.07206037680652,3.558152958152958,-133.90530940814696,-62.412173672287665,0,0,0.4,-133.90530940814696,20260409-103125,0.0,0.0
220.00227271553356,3.561515820456218,-133.34238540489025,-61.772089134606745,0,0,0.4,-133.34238540489025,20260409-103125,0.0,0.0
217.95412361320444,3.566366366366367,-132.76882539196876,-61.113778345568434,0,0,0.4,-132.76882539196876,20260409-103125,0.0,0.0
215.92822881689185,3.5727969348659006,-132.1844433157888,-60.436748226497336,0,0,0.4,-132.1844433157888,20260409-103125,0.0,0.0
213.92522057952868,3.580907668231612,-131.58905504464428,-59.74050168268457,0,0,0.4,-131.58905504464428,20260409-103125,0.0,0.0
211.94574777522666,3.5908073541167065,-130.9824789563407,-59.02453873840933,0,0,0.4,-130.9824789563407,20260409-103125,0.0,0.0
209.990475974507,3.6026143790849674,-130.36453657309735,-58.28835780859864,0,0,0.4,-130.36453657309735,20260409-103125,0.0,0.0
208.0600874747485,3.6164578111946537,-129.7350532453942,-57.531457115496764,0,0,0.4,-129.7350532453942,20260409-103125,0.0,0.0
206.15528128088303,3.6324786324786325,-129.0938588862295,-56.75333625850192,0,0,0.4,-129.0938588862295,20260409-103125,0.0,0.0
204.27677303110113,3.650831146106737,-128.44078875700546,-55.95349794496599,0,0,0.4,-128.44078875700546,20260409-103125,0.0,0.0
202.4252948620799,3.6716845878136195,-127.77568430595468,-55.131449889223255,0,0,0.4,-127.77568430595468,20260409-103125,0.0,0.0
200.60159520801423,3.6952249770431584,-127.09839405965754,-54.28670688639137,0,0,0.4,-127.09839405965754,20260409-103125,0.0,0.0
198.80643852752857,3.7216572504708094,-126.40877456777235,-53.4187930665508,0,0,0.4,-126.40877456777235,20260409-103125,0.0,0.0
197.0406049523803,3.751207729468599,-125.70669140060288,-52.52724433373178,0,0,0.4,-125.70669140060288,20260409-103125,0.0,0.0
195.30488985173923,3.7841269841269836,-124.99202019855868,-51.61161099269955,0,0,0.4,-124.99202019855868,20260409-103125,0.0,0.0
193.60010330575756,3.820693170234455,-124.26464777191768,-50.67146056480568,0,0,0.4,-124.26464777191768,20260409-103125,0.0,0.0
191.92706948213427,3.8612159329140456,-123.52447324857697,-49.70638079214793,0,0,0.4,-123.52447324857697,20260409-103125,0.0,0.0
190.2866259094422,3.906040992448759,-122.77140926667434,-48.7159828269361,0,0,0.4,-122.77140926667434,20260409-103125,0.0,0.0
188.67962264113208,3.955555555555556,-122.0053832080835,-47.699904600286196,0,0,0.4,-122.0053832080835,20260409-103125,0.0,0.0
187.1069213043708,4.010194730813288,-121.22633846782931,-46.65781436165434,0,0,0.4,-121.22633846782931,20260409-103125,0.0,0.0
185.5693940282179,4.070449172576832,-120.43423575344342,-45.589414376777896,0,0,0.4,-120.43423575344342,20260409-103125,0.0,0.0
184.06792224611002,4.136874236874237,-119.62905440719281,-44.494444768325636,0,0,0.4,-119.62905440719281,20260409-103125,0.0,0.0
182.60339536821323,4.21010101010101,-118.81079374297306,-43.37268747949403,0,0,0.4,-118.81079374297306,20260409-103125,0.0,0.0
181.1767093199344,4.290849673202614,-117.97947438848014,-42.22397033655744,0,0,0.4,-117.97947438848014,20260409-103125,0.0,0.0
179.78876494375282,4.379945799457995,-117.13513962207689,-41.04817118193589,0,0,0.4,-117.13513962207689,20260409-103125,0.0,0.0
178.44046626256053,4.478340365682138,-116.27785669257084,-39.8452220447475,0,0,0.4,-116.27785669257084,20260409-103125,0.0,0.0
177.13271860387624,4.587134502923978,-115.40771810894849,-38.61511331114588,0,0,0.4,-115.40771810894849,20260409-103125,0.0,0.0
175.86642658563346,4.707610350076104,-114.52484288599035,-37.35789785210035,0,0,0.4,-114.52484288599035,20260409-103125,0.0,0.0
174.64249196572982,4.841269841269842,-113.62937773065681,-36.0736950617737,0,0,0.4,-113.62937773065681,20260409-103125,0.0,0.0
173.46181135915768,4.989883913764512,-112.7214981532193,-34.762694755416284,0,0,0.4,-112.7214981532193,20260409-103125,0.0,0.0
172.32527382830412,5.155555555555555,-111.80140948635182,-33.42516087186934,0,0,0.4,-111.80140948635182,20260409-103125,0.0,0.0
171.2337583538947,5.3408014571949005,-110.86934779483387,-32.061434922508845,0,0,0.4,-110.86934779483387,20260409-103125,0.0,0.0
170.18813119603846,5.548659003831417,-109.92558065818433,-30.671939125926006,0,0,0.4,-109.92558065818433,20260409-103125,0.0,0.0
169.1892431568863,5.782828282828283,-108.97040780848656,-29.257179165994312,0,0,0.4,-108.97040780848656,20260409-103125,0.0,0.0
168.23792675850473,6.047863247863249,-108.0041616059134,-27.817746510380232,0,0,0.4,-108.0041616059134,20260409-103125,0.0,0.0
167.3349933516597,6.3494331065759635,-107.02720733504795,-26.354320227164006,0,0,0.4,-107.02720733504795,20260409-103125,0.0,0.0
166.48123017325406,6.694685990338164,-106.03994330604968,-24.867668239185736,0,0,0.4,-106.03994330604968,20260409-103125,0.0,0.0
165.67739737212196,7.092764857881138,-105.04280074605386,-23.35864795912827,0,0,0.4,-105.04280074605386,20260409-103125,0.0,0.0
164.92422502470643,7.555555555555557,-104.03624346792648,-21.828206253269965,0,0,0.4,-104.03624346792648,20260409-103125,0.0,0.0
164.2224101637776,8.0987987987988,-103.02076730562469,-20.277378688322866,0,0,0.4,-103.02076730562469,20260409-103125,0.0,0.0
163.5726138447387,8.743790849673202,-101.99689930792357,-18.707288023804022,0,0,0.4,-101.99689930792357,20260409-103125,0.0,0.0
162.97545827516484,9.520071684587812,-100.96519668513791,-17.11914192190467,0,0,0.4,-100.96519668513791,20260409-103125,0.0,0.0
162.43152403397562,10.46984126984127,-99.92624550665171,-15.514229857702341,0,0,0.4,-99.92624550665171,20260409-103125,0.0,0.0
161.94134740701648,11.655555555555557,-98.88065915052024,-13.893919224624863,0,0,0.4,-98.88065915052024,20260409-103125,0.0,0.0
161.50541786577935,13.173737373737374,-97.82907651005961,-12.259650643085536,0,0,0.4,-97.82907651005961,20260409-103125,0.0,0.0
161.1241757155021,15.181871345029238,-96.77215996611356,-10.61293249387576,0,0,0.4,-96.77215996611356,20260409-103125,0.0,0.0
160.79800993793424,17.955555555555556,-95.71059313749964,-8.955334711889902,0,0,0.4,-95.71059313749964,20260409-103125,0.0,0.0
160.52725625263767,22.024786324786323,-94.64507842589161,-7.288481889696382,0,0,0.4,-94.64507842589161,20260409-103125,0.0,0.0
160.31219541881399,28.55555555555556,-93.57633437499736,-5.614045753966248,0,0,0.4,-93.57633437499736,20260409-103125,0.0,0.0
160.15305179733542,40.712698412698415,-92.5050928672414,-3.9337370904254088,0,0,0.4,-92.5050928672414,20260409-103125,0.0,0.0
160.04999218994044,71.15555555555554,-91.43209618416465,-2.2492972044182764,0,0,0.4,-91.43209618416465,20260409-103125,0.0,0.0
160.00312496948303,284.45555555555563,-90.35809395932358,-0.5624890139937295,0,0,0.4,-90.35809395932358,20260409-103125,0.0,0.0
160.0124995117569,142.2444444444444,-89.28384005452959,1.1249121196733418,0,0,0.4,-89.28384005452959,20260409-103125,0.0,0.0
160.0781059358212,56.94444444444444,-88.21008939175394,2.8111277139949093,0,0,0.4,-88.21008939175394,20260409-103125,0.0,0.0
160.1998751560063,35.64444444444445,-87.13759477388825,4.4943855249503,0,0,0.4,-87.13759477388825,20260409-103125,0.0,0.0
160.37767924496225,25.980808080808078,-86.06710372776946,6.172928830625273,0,0,0.4,-86.06710372776946,20260409-103125,0.0,0.0
160.61133210331082,20.47301587301587,-84.99935540244158,7.84502552528189,0,0,0.4,-84.99935540244158,20260409-103125,0.0,0.0
160.90059042775448,16.920915032679734,-83.93507755455204,9.508976915078389,0,0,0.4,-83.93507755455204,20260409-103125,0.0,0.0
161.24515496597098,14.444444444444443,-82.8749836510982,11.163126113028762,0,0,0.4,-82.8749836510982,20260409-103125,0.0,0.0
161.64467204334326,12.622705314009663,-81.81977011750249,12.805865939367008,0,0,0.4,-81.81977011750249,20260409-103125,0.0,0.0
162.09873534361705,11.22905982905983,-80.77011375627228,14.435646243875166,0,0,0.4,-80.77011375627228,20260409-103125,0.0,0.0
162.60688792299052,10.130651340996168,-79.72666935837071,16.050980578609177,0,0,0.4,-79.72666935837071,20260409-103125,0.0,0.0
163.1686244349691,9.244444444444442,-78.69006752597979,17.650452162436565,0,0,0.4,-78.69006752597979,20260409-103125,0.0,0.0
163.783393541592,8.515873015873016,-77.66091272167381,19.232719092488903,0,0,0.4,-77.66091272167381,20260409-103125,0.0,0.0
164.4506004853737,7.9076023391812855,-76.63978155523552,20.79651877163061,0,0,0.4,-76.63978155523552,20260409-103125,0.0,0.0
165.1696097955069,7.393224932249324,-75.62722131553815,22.34067153496647,0,0,0.4,-75.62722131553815,20260409-103125,0.0,0.0
165.93974810153233,6.953535353535354,-74.6237487511738,23.86408347189381,0,0,0.4,-74.6237487511738,20260409-103125,0.0,0.0
166.76030702778164,6.5742316784869965,-73.62984909991646,25.3657484529295,0,0,0.4,-73.62984909991646,20260409-103125,0.0,0.0
167.6305461424021,6.244444444444444,-72.64597536373867,26.844749382235214,0,0,0.4,-72.64597536373867,20260409-103125,0.0,0.0
168.5496959356498,5.9557651991614255,-71.67254782301744,28.300258707207206,0,0,0.4,-71.67254782301744,20260409-103125,0.0,0.0
169.51696080333673,5.701587301587302,-70.70995378081128,29.731538225529548,0,0,0.4,-70.70995378081128,20260409-103125,0.0,0.0
170.53152201279386,5.476647834274952,-69.75854752570673,31.13793823760997,0,0,0.4,-69.75854752570673,20260409-103125,0.0,0.0
171.5925406304132,5.276702508960574,-68.81865049973376,32.518896098278276,0,0,0.4,-68.81865049973376,20260409-103125,0.0,0.0
172.69916039170545,5.098290598290599,-67.89055165624833,33.87393422603443,0,0,0.4,-67.89055165624833,20260409-103125,0.0,0.0
173.85051049680584,4.938562091503268,-66.97450799147197,35.20265763103665,0,0,0.4,-66.97450799147197,20260409-103125,0.0,0.0
175.04570831642803,4.795148669796558,-66.07074523254903,36.50475102450883,0,0,0.4,-66.07074523254903,20260409-103125,0.0,0.0
176.28386199536246,4.666066066066065,-65.17945866451092,37.77997557243899,0,0,0.4,-65.17945866451092,20260409-103125,0.0,0.0
177.56407294269863,4.54963924963925,-64.30081407839538,39.02816535547913,0,0,0.4,-64.30081407839538,20260409-103125,0.0,0.0
178.88543819998318,4.4444444444444455,-63.43494882292201,40.24922359499621,0,0,0.4,-63.43494882292201,20260409-103125,0.0,0.0
180.24705268048075,4.349263721552878,-62.58197294253958,41.443118702428244,0,0,0.4,-62.58197294253958,20260409-103125,0.0,0.0
181.64801127455263,4.2630490956072356,-61.741970385293115,42.609880205632116,0,0,0.4,-61.741970385293115,20260409-103125,0.0,0.0
183.08741081789321,4.1848938826466915,-60.91500026477533,43.749594601930866,0,0,0.4,-60.91500026477534,20260409-103125,0.0,0.0
184.56435192094924,4.114009661835748,-60.10109816138544,44.86240118322745,0,0,0.4,-60.10109816138544,20260409-103125,0.0,0.0
186.07794065928394,4.049707602339181,-59.300277449185586,45.94848787398925,0,0,0.4,-59.30027744918559,20260409-103125,0.0,0.0
187.62729012593024,3.9913832199546486,-58.51253063578602,47.00808711824522,0,0,0.4,-58.51253063578603,20260409-103125,0.0,0.0
189.21152184790438,3.9385038503850383,-57.737830703874096,48.041471847083905,0,0,0.4,-57.737830703874096,20260409-103125,0.0,0.0
190.829767070025,3.890598290598291,-56.97613244420336,49.048951553587266,0,0,0.4,-56.97613244420336,20260409-103125,0.0,0.0
192.4811679100062,3.847248182762202,-56.22737377105257,50.03086849775593,0,0,0.4,-56.22737377105257,20260409-103125,0.0,0.0
194.164878389476,3.808080808080809,-55.4914770123316,50.987594059835864,0,0,0.4,-55.4914770123316,20260409-103125,0.0,0.0
195.88006534611938,3.772763028515241,-54.768350167635674,51.91952525658824,0,0,0.4,-54.76835016763567,20260409-103125,0.0,0.0
197.62590923257,3.740996168582375,-54.05788812861766,52.82708143148379,0,0,0.4,-54.05788812861766,20260409-103125,0.0,0.0
199.40160480798542,3.7125116713352004,-53.359973857051926,53.710701126569354,0,0,0.4,-53.35997385705192,20260409-103125,0.0,0.0
201.20636172845033,3.687067395264117,-52.67447951689394,54.57083914085526,0,0,0.4,-52.67447951689393,20260409-103125,0.0,0.0
203.03940504246953,3.6644444444444444,-52.00126755749534,55.407963777508364,0,0,0.4,-52.00126755749534,20260409-103125,0.0,0.0
204.89997559785115,3.6444444444444444,-51.34019174590992,56.22255427989818,0,0,0.4,-51.34019174590991,20260409-103125,0.0,0.0
206.7873303662485,3.626887192536048,-50.691098146923935,57.015098454621494,0,0,0.4,-50.691098146923935,20260409-103125,0.0,0.0
208.70074269153906,3.6116086235489218,-50.05382605006437,57.78609047800444,0,0,0.4,-50.053826050064366,20260409-103125,0.0,0.0
210.63950246807934,3.5984590429845906,-49.42820884338326,58.5360288812328,0,0,0.4,-49.42820884338327,20260409-103125,0.0,0.0
212.60291625469299,3.587301587301587,-48.81407483429035,59.26541470816663,0,0,0.4,-48.81407483429036,20260409-103125,0.0,0.0
214.59030733003763,3.578010878010878,-48.211248018111604,59.97474983903199,0,0,0.4,-48.211248018111604,20260409-103125,0.0,0.0
216.60101569475614,3.570471841704718,-47.61954879539468,60.66453547252741,0,0,0.4,-47.61954879539468,20260409-103125,0.0,0.0
218.6343980255623,3.5645786726323636,-47.03879463926717,61.335270758410715,0,0,0.4,-47.03879463926717,20260409-103125,0.0,0.0
220.68982758613956,3.5602339181286555,-46.46880071438582,61.98745157232237,0,0,0.4,-46.46880071438583,20260409-103125,0.0,0.0
222.76669409945464,3.557347670250896,-45.90938044919915,62.62156942443108,0,0,0.4,-45.90938044919914,20260409-103125,0.0,0.0
224.86440358580546,3.5558368495077355,-45.360346063387226,63.238110493437105,0,0,0.4,-45.36034606338723,20260409-103125,0.0,0.0
226.98237817064125,3.555624568668047,-44.8215090524464,63.837554777519685,0,0,0.4,-44.821509052446395,20260409-103125,0.0,0.0
229.12005586591496,3.556639566395664,-44.29268063145574,64.42037535394897,0,0,0.4,-44.292680631455745,20260409-103125,0.0,0.0
231.27689032845456,3.558815701929474,-43.77367214010414,64.98703773928607,0,0,0.4,-43.77367214010414,20260409-103125,0.0,0.0
233.45235059857504,3.5620915032679736,-43.2642954110716,65.53799934235226,0,0,0.4,-43.264295411071615,20260409-103125,0.0,0.0
235.64592082189753,3.56640976236352,-42.7643631038537,66.07370900244817,0,0,0.4,-42.764363103853704,20260409-103125,0.0,0.0
237.8570999570961,3.5717171717171716,-42.27368900609375,66.59460660563494,0,0,0.4,-42.27368900609374,20260409-103125,0.0,0.0
240.08540147205952,3.57796399751707,-41.792088304449436,67.10112277224336,0,0,0.4,-41.792088304449436,20260409-103125,0.0,0.0
242.33035303073365,3.5851037851037852,-41.31937782696954,67.59367860914476,0,0,0.4,-41.31937782696955,20260409-103125,0.0,0.0
244.59149617270018,3.5930930930930933,-40.85537625889572,68.07268552069299,0,0,0.4,-40.85537625889571,20260409-103125,0.0,0.0
246.86838598735156,3.6018912529550824,-40.399904333736714,68.53854507262386,0,0,0.4,-40.39990433373672,20260409-103125,0.0,0.0
249.16059078433733,3.6114601512507276,-39.95278500138858,68.99164890357369,0,0,0.4,-39.95278500138858,20260409-103125,0.0,0.0
251.46769176178478,3.6217640320733104,-39.51384357499569,69.4323786792454,0,0,0.4,-39.51384357499569,20260409-103125,0.0,0.0
253.78928267363852,3.6327693175408915,-39.082907858168454,69.86110608460946,0,0,0.4,-39.08290785816846,20260409-103125,0.0,0.0
256.12496949731394,3.644444444444444,-38.65980825409008,70.27819284987274,0,0,0.4,-38.65980825409009,20260409-103125,0.0,0.0
258.4743701027241,3.656759715380405,-38.2443778579636,70.68399080628014,0,0,0.4,-38.244377857963606,20260409-103125,0.0,0.0
260.83711392361323,3.669687162891046,-37.83645253416762,71.07884196813143,0,0,0.4,-37.836452534167634,20260409-103125,0.0,0.0
263.2128416320146,3.6832004253056883,-37.43587097940929,71.46307863769569,0,0,0.4,-37.43587097940927,20260409-103125,0.0,0.0
265.60120481654445,3.6972746331236896,-37.04247477308286,71.83702352999076,0,0,0.4,-37.04247477308286,20260409-103125,0.0,0.0
268.00186566514793,3.7118863049095605,-36.65610841596691,72.2009899146622,0,0,0.4,-36.656108415966905,20260409-103125,0.0,0.0
270.4144966528237,3.7270132517838936,-36.27661935831702,72.55528177244682,0,0,0.4,-36.27661935831702,20260409-103125,0.0,0.0
272.8387802347753,3.742634489693314,-35.903858018341055,72.9001939639403,0,0,0.4,-35.903858018341055,20260409-103125,0.0,0.0
275.27440854536405,3.7587301587301587,-35.537677791974374,73.23601240860614,0,0,0.4,-35.53767779197438,20260409-103125,0.0,0.0
277.72108310317384,3.7752814488497304,-35.17793505480756,73.56301427216536,0,0,0.4,-35.17793505480757,20260409-103125,0.0,0.0
280.178514522438,3.7922705314009657,-34.82448915695679,73.88146816069384,0,0,0.4,-34.824489156956794,20260409-103125,0.0,0.0
282.64642223102703,3.809680495946591,-34.47720241160829,74.19163431992685,0,0,0.4,-34.47720241160828,20260409-103125,0.0,0.0
285.12453419514776,3.8274952919020713,-34.13594007791227,74.49376483842919,0,0,0.4,-34.135940077912274,20260409-103125,0.0,0.0
287.6125866508627,3.845699674569967,-33.80057033884978,74.78810385343573,0,0,0.4,-33.80057033884979,20260409-103125,0.0,0.0
290.1103238424996,3.8642791551882456,-33.47096427464572,75.07488775830096,0,0,0.4,-33.47096427464572,20260409-103125,0.0,0.0
292.61749776799064,3.883219954648527,-33.14699583225601,75.35434541061831,0,0,0.4,-33.146995832256,20260409-103125,0.0,0.0
295.13386793114745,3.9025089605734764,-32.82854179141253,75.62669834018199,0,0,0.4,-32.82854179141253,20260409-103125,0.0,0.0
297.65920110085625,3.922133687472332,-32.51548172766985,75.89216095606533,0,0,0.4,-32.515481727669844,20260409-103125,0.0,0.0
300.1932710771512,3.9420822397200346,-32.20769797285908,76.15094075218249,0,0,0.4,-32.20769797285907,20260409-103125,0.0,0.0
302.7358584641073,3.9623432771292704,-31.905075573319976,76.40323851078354,0,0,0.4,-31.905075573319966,20260409-103125,0.0,0.0
305.28675044947494,3.982905982905982,-31.607502246248885,76.64924850340896,0,0,0.4,-31.6075022462489,20260409-103125,0.0,0.0
307.8457405909655,4.003760033798057,-31.314868334470532,76.88915868889777,0,0,0.4,-31.314868334470546,20260409-103125,0.0,0.0
310.4126286090822,4.024895572263993,-31.027066759912657,77.12315090810564,0,0,0.4,-31.027066759912646,20260409-103125,0.0,0.0
312.987220186384,4.046303180503925,-30.74399297603756,77.3514010750437,0,0,0.4,-30.743992976037557,20260409-103125,0.0,0.0
315.56932677305633,4.067973856209151,-30.465544919459887,77.57407936419925,0,0,0.4,-30.46554491945988,20260409-103125,0.0,0.0
318.15876539866065,4.089898989898989,-30.191622960957602,77.79135039384393,0,0,0.4,-30.19162296095761,20260409-103125,0.0,0.0
320.7553584899245,4.112070343725019,-29.92212985606355,78.0033734051739,0,0,0.4,-29.92212985606355,20260409-103125,0.0,0.0
323.35893369443187,4.134480031633056,-29.656970695405136,78.21030243716284,0,0,0.4,-29.65697069540513,20260409-103125,0.0,0.0
325.9693237100694,4.157120500782472,-29.396052854943264,78.41228649703898,0,0,0.4,-29.39605285494326,20260409-103125,0.0,0.0
328.58636612008115,4.179984514130856,-29.139285946245053,78.60946972632603,0,0,0.4,-29.139285946245046,20260409-103125,0.0,0.0
331.2099032335839,4.203065134099616,-28.886581766910695,78.80199156241149,0,0,0.4,-28.88658176691071,20260409-103125,0.0,0.0
333.83978193139296,4.22635570724308,-28.637854251261444,78.98998689562788,0,0,0.4,-28.637854251261448,20260409-103125,0.0,0.0
336.47585351700945,4.249849849849849,-28.393019421383002,79.17358622185144,0,0,0.4,-28.393019421382995,20260409-103125,0.0,0.0
339.1179735726197,4.2735414344109985,-28.151995338608316,79.35291579063832,0,0,0.4,-28.151995338608316,20260409-103125,0.0,0.0
341.76600181995866,4.297424576894775,-27.91470205551269,79.52809774893392,0,0,0.4,-27.914702055512706,20260409-103125,0.0,0.0
344.41980198589044,4.321493624772313,-27.681061568485262,79.69925028040205,0,0,0.4,-27.681061568485262,20260409-103125,0.0,0.0
347.079241672561,4.345743145743146,-27.45099777093222,79.86648774043192,0,0,0.4,-27.45099777093223,20260409-103125,0.0,0.0
349.74419223197975,4.370167917113255,-27.22443640716,80.02992078688952,0,0,0.4,-27.224436407159985,20260409-103125,0.0,0.0
352.41452864489,4.3947629157820245,-27.001305026978457,80.18965650668774,0,0,0.4,-27.001305026978446,20260409-103125,0.0,0.0
355.09012940378955,4.419523308797757,-26.78153294105934,80.34579853825564,0,0,0.4,-26.781532941059336,20260409-103125,0.0,0.0
357.77087639996637,4.4444444444444455,-26.565051177077976,80.49844718999242,0,0,0.4,-26.56505117707799,20260409-103125,0.0,0.0
360.45665481441733,4.46952184382525,-26.35179243666215,80.64769955479616,0,0,0.4,-26.351792436662166,20260409-103125,0.0,0.0
363.1473530125202,4.494751192910702,-26.141691053166625,80.79364962076,0,0,0.4,-26.14169105316662,20260409-103125,0.0,0.0
365.8428624423333,4.520128335021952,-25.934682950288078,80.93638837813143,0,0,0.4,-25.934682950288074,20260409-103125,0.0,0.0
368.5430775363987,4.545649263721552,-25.730705601531213,81.0760039226322,0,0,0.4,-25.7307056015312,20260409-103125,0.0,0.0
371.24789561693143,4.571310116086236,-25.529697990533037,81.21258155523658,0,0,0.4,-25.529697990533045,20260409-103125,0.0,0.0
373.9572168042756,4.597107166337936,-25.331600572250125,81.34620387850794,0,0,0.4,-25.33160057225014,20260409-103125,0.0,0.0
376.670943928517,4.623036819811013,-25.136355235009773,81.47695088959189,0,0,0.4,-25.13635523500977,20260409-103125,0.0,0.0
379.38898244414,4.649095607235142,-24.94390526342457,81.60490006996565,0,0,0.4,-24.94390526342458,20260409-103125,0.0,0.0
382.1112403476244,4.67528017931476,-24.754195302167403,81.73012647204153,0,0,0.4,-24.754195302167396,20260409-103125,0.0,0.0
384.83762809787714,4.701587301587302,-24.567171320601318,81.852702802722,0,0,0.4,-24.567171320601314,20260409-103125,0.0,0.0
387.5680585394003,4.728013849543594,-24.382780578258348,81.97269950400273,0,0,0.4,-24.382780578258345,20260409-103125,0.0,0.0
390.3024468280977,4.754556803995007,-24.20097159115852,82.09018483071794,0,0,0.3,-24.200971591158506,20260409-103125,0.0,0.0
393.04071035962676,4.7812132466728565,-24.02169409895987,82.20522492552185,0,0,0.3,-24.021694098959873,20260409-103125,0.0,0.0
395.78276870020505,4.807980356046654,-23.84489903292905,82.31788389119711,0,0,0.3,-23.84489903292905,20260409-103125,0.0,0.0
398.5285435197835,4.834855403348554,-23.670538484720453,82.42822386038023,0,0,0.3,-23.670538484720456,20260409-103125,0.0,0.0
401.2779585275025,4.861835748792271,-23.498565675952108,82.53630506279114,0,0,0.3,-23.498565675952097,20260409-103125,0.0,0.0
404.0309394093477,4.888918837975441,-23.328934928564735,82.64218589005287,0,0,0.3,-23.328934928564742,20260409-103125,0.0,0.0
406.7874137679287,4.91610219845514,-23.161601635950746,82.74592295818414,0,0,0.3,-23.16160163595074,20260409-103125,0.0,0.0
409.5473110643018,4.943383436486885,-22.996522234838437,82.84757116784671,0,0,0.3,-22.99652223483844,20260409-103125,0.0,0.0
412.31056256176606,4.970760233918129,-22.833654177917538,82.94718376242588,0,0,0.3,-22.833654177917545,20260409-103125,0.0,0.0
415.07710127155894,4.998230345227735,-22.672955907190584,83.04481238402124,0,0,0.3,-22.672955907190577,20260409-103125,0.0,0.0
417.8468619003857,5.025791594703512,-22.514386828035356,83.14050712742215,0,0,0.3,-22.51438682803536,20260409-103125,0.0,0.0
420.61978079971465,5.053441873750357,-22.357907283963186,83.23431659214005,0,0,0.3,-22.35790728396319,20260409-103125,0.0,0.0
423.39579591677574,5.081179138321995,-22.203478532057403,83.32628793256788,0,0,0.3,-22.203478532057392,20260409-103125,0.0,0.0
426.1748467472007,5.109001406469761,-22.051062719076725,83.41646690633439,0,0,0.3,-22.05106271907673,20260409-103125,0.0,0.0
428.956874289246,5.136906756002234,-21.900622858208294,83.50489792091906,0,0,0.3,-21.900622858208283,20260409-103125,0.0,0.0
431.74182099954135,5.16489332224993,-21.752122806454423,83.59162407859104,0,0,0.3,-21.752122806454434,20260409-103125,0.0,0.0
434.52963075030914,5.192959295929593,-21.605527242638487,83.67668721973371,0,0,0.3,-21.60552724263848,20260409-103125,0.0,0.0
437.32024878800206,5.221102921102921,-21.460801646013834,83.76012796461427,0,0,0.3,-21.460801646013827,20260409-103125,0.0,0.0
439.29756822658106,12.012703632494064,-25.800137818320252,36.56941698272586,0,0,0.3,-25.800137818320245,20260409-103125,0.0,0.0
440.51805549085424,12.016413988692962,-25.949992056242593,36.65969364116173,0,0,0.3,-25.949992056242593,20260409-103125,0.0,0.0
441.7415394897945,12.020432372702741,-26.09901721143987,36.74922214054026,0,0,0.3,-26.09901721143988,20260409-103125,0.0,0.0
442.96799539232927,12.024754004937108,-26.247218145712992,36.83800892812078,0,0,0.3,-26.24721814571299,20260409-103125,0.0,0.0
444.1973985816421,12.029374204185709,-26.39459971134957,36.926060411943986,0,0,0.3,-26.394599711349564,20260409-103125,0.0,0.0
445.42972465385884,12.034288385096065,-26.541166750504743,37.01338296043361,0,0,0.3,-26.541166750504754,20260409-103125,0.0,0.0
446.66494941672045,12.039492055732458,-26.68692409460175,37.09998290202338,0,0,0.3,-26.68692409460174,20260409-103125,0.0,0.0
447.9030488882443,12.044980815208994,-26.831876563751678,37.185866524808795,0,0,0.3,-26.83187656375168,20260409-103125,0.0,0.0
449.1439992953743,12.050750351394354,-26.976028966192644,37.27104007622274,0,0,0.3,-26.97602896619265,20260409-103125,0.0,0.0
450.38777707262,12.056796438685536,-27.119386097747224,37.35550976273449,0,0,0.3,-27.119386097747213,20260409-103125,0.0,0.0
451.6343588606867,12.063114935848315,-27.261952741298217,37.43928174957129,0,0,0.3,-27.261952741298227,20260409-103125,0.0,0.0
452.8837215050964,12.069701783922099,-27.403733666282506,37.52236216046176,0,0,0.3,-27.40373366628252,20260409-103125,0.0,0.0
454.13584205480026,12.07655300418682,-27.54473362820204,37.604757077400805,0,0,0.3,-27.54473362820204,20260409-103125,0.0,0.0
455.3906977607842,12.0836646961899,-27.684957368152112,37.68647254043498,0,0,0.3,-27.684957368152116,20260409-103125,0.0,0.0
456.6482660746671,12.091033035831108,-27.82440961236648,37.76751454746796,0,0,0.3,-27.824409612366484,20260409-103125,0.0,0.0
457.9085246472932,12.098654273503394,-27.963095071778696,37.84788905408544,0,0,0.3,-27.96309507177868,20260409-103125,0.0,0.0
459.1714513273186,12.106524732287761,-28.10101844159948,37.927601973398794,0,0,0.3,-28.101018441599475,20260409-103125,0.0,0.0
460.43702415979334,12.11464080620041,-28.238184400909972,38.00665917590693,0,0,0.3,-28.238184400909972,20260409-103125,0.0,0.0
461.70522138473893,12.122998958490342,-28.374597612270037,38.085066489375855,0,0,0.3,-28.374597612270033,20260409-103125,0.0,0.0
462.976021435722,12.131595719985748,-28.510262721341718,38.16282969873529,0,0,0.3,-28.51026272134171,20260409-103125,0.0,0.0
464.24940293842496,12.140427687487591,-28.645184356527267,38.23995454599173,0,0,0.3,-28.645184356527277,20260409-103125,0.0,0.0
465.52534470921415,12.149491522208779,-28.7793671286216,38.31644673015761,0,0,0.3,-28.77936712862161,20260409-103125,0.0,0.0
466.80382575370555,12.158783948257442,-28.912815630478548,38.39231190719582,0,0,0.3,-28.912815630478537,20260409-103125,0.0,0.0
468.08482526532924,12.168301751162867,-29.045534436690815,38.46755568997922,0,0,0.3,-29.04553443669082,20260409-103125,0.0,0.0
469.3683226238924,12.178041776442706,-29.17752810328352,38.54218364826453,0,0,0.3,-29.177528103283528,20260409-103125,0.0,0.0
470.6542973941421,12.188000928210089,-29.30880116742037,38.61620130868021,0,0,0.3,-29.308801167420366,20260409-103125,0.0,0.0
471.94272932432744,12.198176167819398,-29.43935814712276,38.6896141547277,0,0,0.3,-29.43935814712277,20260409-103125,0.0,0.0
473.23359834476236,12.208564512549358,-29.5692035410014,38.76242762679583,0,0,0.3,-29.569203541001393,20260409-103125,0.0,0.0
474.5268845663889,12.219163034322419,-29.698341827999656,38.83464712218749,0,0,0.3,-29.698341827999663,20260409-103125,0.0,0.0
475.8225682793417,12.229968858459085,-29.826777467149213,38.906277995158604,0,0,0.3,-29.82677746714921,20260409-103125,0.0,0.0
477.12062995151365,12.24097916246619,-29.954514897336793,38.977325556968616,0,0,0.3,-29.954514897336793,20260409-103125,0.0,0.0
478.42105022712394,12.25219117485803,-30.081558537082458,39.047795075942204,0,0,0.3,-30.081558537082472,20260409-103125,0.0,0.0
479.72380992528815,12.263602174009312,-30.2079127843287,39.11769177754183,0,0,0.3,-30.207912784328688,20260409-103125,0.0,0.0
481.0288900385905,12.275209487038886,-30.333582016240115,39.18702084445059,0,0,0.3,-30.333582016240104,20260409-103125,0.0,0.0
482.33627173165956,12.287010488723364,-30.458570589013817,39.255787416665164,0,0,0.3,-30.458570589013817,20260409-103125,0.0,0.0
483.64593633974744,12.299002600439675,-30.582882837699685,39.323996591598224,0,0,0.3,-30.582882837699692,20260409-103125,0.0,0.0
484.9578653673114,12.311183289135576,-30.706523076030663,39.39165342419027,0,0,0.3,-30.706523076030653,20260409-103125,0.0,0.0
486.2720404866007,12.323550066327455,-30.829495596262518,39.458762927030065,0,0,0.3,-30.829495596262515,20260409-103125,0.0,0.0
487.5884435362469,12.336100487124359,-30.95180466902326,39.525330070483854,0,0,0.3,-30.951804669023268,20260409-103125,0.0,0.0
488.9070565198585,12.348832149277612,-31.073454543171465,39.591359782832484,0,0,0.3,-31.073454543171454,20260409-103125,0.0,0.0
490.2278616046205,12.361742692255179,-31.194449445663423,39.656856950416525,0,0,0.3,-31.194449445663434,20260409-103125,0.0,0.0
491.5508411198993,12.374829796340029,-31.314793581429342,39.7218264177888,0,0,0.3,-31.314793581429345,20260409-103125,0.0,0.0
490.81157280569494,5.7685823754789265,-160.97439396243132,-85.0835683463645,0,0,0.3,-160.97439396243132,20260409-103125,0.0,0.0
487.97643385720994,5.739238370691732,-160.85956524414257,-85.02459774961319,0,0,0.3,-160.85956524414257,20260409-103125,0.0,0.0
485.1432778056396,5.709946627850559,-160.74339489346127,-84.9645906389612,0,0,0.3,-160.74339489346127,20260409-103125,0.0,0.0
482.3121395942673,5.68070818070818,-160.62586023134241,-84.90352333749703,0,0,0.3,-160.62586023134241,20260409-103125,0.0,0.0
479.48305496649203,5.651524090462144,-160.506938088849,-84.84137151174792,0,0,0.3,-160.506938088849,20260409-103125,0.0,0.0
476.656060488063,5.622395446671615,-160.38660479461674,-84.77811015058309,0,0,0.3,-160.38660479461674,20260409-103125,0.0,0.0
473.8311935700308,5.59332336821126,-160.26483616196114,-84.7137135433601,0,0,0.3,-160.26483616196114,20260409-103125,0.0,0.0
471.008492492439,5.5643090042638566,-160.14160747561715,-84.64815525728557,0,0,0.3,-160.14160747561715,20260409-103125,0.0,0.0
468.187996428785,5.535353535353536,-160.01689347810003,-84.58140811395933,0,0,0.3,-160.01689347810003,20260409-103125,0.0,0.0
465.3697454712758,5.506458174421562,-159.89066835567692,-84.51344416507106,0,0,0.3,-159.89066835567692,20260409-103125,0.0,0.0
462.5537806569091,5.477624167946749,-159.76290572393717,-84.44423466721602,0,0,0.3,-159.76290572393717,20260409-103125,0.0,0.0
459.7401439944091,5.448852797112658,-159.63357861295006,-84.37375005579614,0,0,0.3,-159.63357861295006,20260409-103125,0.0,0.0
456.92887849204715,5.420145379023883,-159.50265945199817,-84.301959917971,0,0,0.3,-159.50265945199817,20260409-103125,0.0,0.0
454.1200281863816,5.391503267973857,-159.37012005387382,-84.22883296462163,0,0,0.3,-159.37012005387382,20260409-103125,0.0,0.0
451.313638171948,5.36292785676672,-159.23593159872618,-84.15433700128918,0,0,0.3,-159.23593159872618,20260409-103125,0.0,0.0
448.50975463193663,5.334420578095996,-159.10006461744646,-84.07843889804847,0,0,0.3,-159.10006461744646,20260409-103125,0.0,0.0
445.7084248698918,5.305982905982906,-158.96248897457818,-84.00110455827536,0,0,0.3,-158.96248897457818,20260409-103125,0.0,0.0
442.9096973424718,5.277616357277374,-158.82317385073856,-83.9222988862648,0,0,0.3,-158.82317385073856,20260409-103125,0.0,0.0
440.1136216933077,5.249322493224932,-158.68208772453846,-83.84198575365542,0,0,0.3,-158.68208772453846,20260409-103125,0.0,0.0
437.32024878800206,5.221102921102921,-158.5391983539862,-83.76012796461427,0,0,0.3,-158.5391983539862,20260409-103125,0.0,0.0
434.52963075030914,5.192959295929593,-158.39447275736154,-83.67668721973371,0,0,0.3,-158.39447275736154,20260409-103125,0.0,0.0
431.74182099954135,5.16489332224993,-158.24787719354555,-83.59162407859104,0,0,0.3,-158.24787719354555,20260409-103125,0.0,0.0
428.956874289246,5.136906756002234,-158.0993771417917,-83.50489792091906,0,0,0.3,-158.0993771417917,20260409-103125,0.0,0.0
426.1748467472007,5.109001406469761,-157.94893728092327,-83.41646690633439,0,0,0.3,-157.94893728092327,20260409-103125,0.0,0.0
423.39579591677574,5.081179138321995,-157.7965214679426,-83.32628793256788,0,0,0.3,-157.7965214679426,20260409-103125,0.0,0.0
420.61978079971465,5.053441873750357,-157.6420927160368,-83.23431659214005,0,0,0.3,-157.6420927160368,20260409-103125,0.0,0.0
417.8468619003857,5.025791594703512,-157.48561317196467,-83.14050712742215,0,0,0.3,-157.48561317196467,20260409-103125,0.0,0.0
415.07710127155894,4.998230345227735,-157.32704409280942,-83.04481238402124,0,0,0.3,-157.32704409280942,20260409-103125,0.0,0.0
412.31056256176606,4.970760233918129,-157.16634582208246,-82.94718376242588,0,0,0.3,-157.16634582208246,20260409-103125,0.0,0.0
409.5473110643018,4.943383436486885,-157.00347776516156,-82.84757116784671,0,0,0.3,-157.00347776516156,20260409-103125,0.0,0.0
406.7874137679287,4.91610219845514,-156.83839836404925,-82.74592295818414,0,0,0.3,-156.83839836404925,20260409-103125,0.0,0.0
404.0309394093477,4.888918837975441,-156.67106507143527,-82.64218589005287,0,0,0.3,-156.67106507143527,20260409-103125,0.0,0.0
401.2779585275025,4.861835748792271,-156.50143432404792,-82.53630506279114,0,0,0.3,-156.50143432404792,20260409-103125,0.0,0.0
398.5285435197835,4.834855403348554,-156.32946151527955,-82.42822386038023,0,0,0.3,-156.32946151527955,20260409-103125,0.0,0.0
395.78276870020505,4.807980356046654,-156.15510096707095,-82.31788389119711,0,0,0.3,-156.15510096707095,20260409-103125,0.0,0.0
393.04071035962676,4.7812132466728565,-155.97830590104013,-82.20522492552185,0,0,0.3,-155.97830590104013,20260409-103125,0.0,0.0
390.3024468280977,4.754556803995007,-155.7990284088415,-82.09018483071794,0,0,0.3,-155.7990284088415,20260409-103125,0.0,0.0
387.5680585394003,4.728013849543594,-155.61721942174165,-81.97269950400273,0,0,0.3,-155.61721942174165,20260409-103125,0.0,0.0
384.83762809787714,4.701587301587302,-155.43282867939868,-81.852702802722,0,0,0.3,-155.43282867939868,20260409-103125,0.0,0.0
382.1112403476244,4.67528017931476,-155.24580469783263,-81.73012647204153,0,0,0.3,-155.24580469783263,20260409-103125,0.0,0.0
379.38898244414,4.649095607235142,-155.05609473657543,-81.60490006996565,0,0,0.3,-155.05609473657543,20260409-103125,0.0,0.0
376.670943928517,4.623036819811013,-154.86364476499023,-81.47695088959189,0,0,0.3,-154.86364476499023,20260409-103125,0.0,0.0
373.9572168042756,4.597107166337936,-154.66839942774988,-81.34620387850794,0,0,0.3,-154.66839942774988,20260409-103125,0.0,0.0
371.24789561693143,4.571310116086236,-154.47030200946696,-81.21258155523658,0,0,0.3,-154.47030200946696,20260409-103125,0.0,0.0
368.5430775363987,4.545649263721552,-154.2692943984688,-81.0760039226322,0,0,0.3,-154.2692943984688,20260409-103125,0.0,0.0
365.8428624423333,4.520128335021952,-154.06531704971192,-80.93638837813143,0,0,0.3,-154.06531704971192,20260409-103125,0.0,0.0
363.1473530125202,4.494751192910702,-153.8583089468334,-80.79364962076,0,0,0.3,-153.8583089468334,20260409-103125,0.0,0.0
360.45665481441733,4.46952184382525,-153.64820756333785,-80.64769955479616,0,0,0.3,-153.64820756333785,20260409-103125,0.0,0.0
357.77087639996637,4.4444444444444455,-153.434948822922,-80.49844718999242,0,0,0.3,-153.434948822922,20260409-103125,0.0,0.0
355.09012940378955,4.419523308797757,-153.21846705894066,-80.34579853825564,0,0,0.3,-153.21846705894066,20260409-103125,0.0,0.0
352.41452864489,4.3947629157820245,-152.99869497302157,-80.18965650668774,0,0,0.3,-152.99869497302157,20260409-103125,0.0,0.0
349.74419223197975,4.370167917113255,-152.77556359284003,-80.02992078688952,0,0,0.3,-152.77556359284003,20260409-103125,0.0,0.0
347.079241672561,4.345743145743146,-152.54900222906778,-79.86648774043192,0,0,0.3,-152.54900222906778,20260409-103125,0.0,0.0
344.41980198589044,4.321493624772313,-152.31893843151474,-79.69925028040205,0,0,0.3,-152.31893843151474,20260409-103125,0.0,0.0
341.76600181995866,3.9678791485974845,-152.0852979444873,-86.13316812856101,0,0,0.5,-152.0852979444873,20260409-103125,0.0,0.0
338.89582495346747,3.9371145191303563,-151.9511601443245,-86.07720789090077,0,0,0.5,-151.9511601443245,20260409-103125,0.0,0.0
336.6436845989311,4.393184909640948,-151.5714775132601,-76.62861717023533,0,0,0.4,-151.5714775132601,20260409-103125,0.0,0.0
334.09291190066807,4.37197450052375,-151.30866945871617,-76.41693972840983,0,0,0.4,-151.30866945871617,20260409-103125,0.0,0.0
331.54927636580805,4.351019544476894,-151.04182320768268,-76.20036475971953,0,0,0.4,-151.04182320768268,20260409-103125,0.0,0.0
329.0129435289968,4.330328201799969,-150.77085681313685,-75.9787545415697,0,0,0.4,-150.77085681313685,20260409-103125,0.0,0.0
326.48408358607486,4.309908984101377,-150.49568651535034,-75.75196710427687,0,0,0.4,-150.49568651535034,20260409-103125,0.0,0.0
323.96287153771783,4.289770773409244,-150.21622671135484,-75.51985610649592,0,0,0.4,-150.21622671135484,20260409-103125,0.0,0.0
321.4494873372628,4.269922842543609,-149.93238992510504,-75.28227070861405,0,0,0.4,-149.93238992510504,20260409-103125,0.0,0.0
318.94411604278685,4.250374876848056,-149.64408677848505,-75.03905544428254,0,0,0.4,-149.64408677848505,20260409-103125,0.0,0.0
316.44694797349644,4.231136997387845,-149.35122596331595,-74.79005009028533,0,0,0.4,-149.35122596331595,20260409-103125,0.0,0.0
313.9581788704783,4.212219785731288,-149.05371421453847,-74.53508953497584,0,0,0.4,-149.05371421453847,20260409-103125,0.0,0.0
311.4780100618569,4.193634310441897,-148.751456284759,-74.27400364554805,0,0,0.4,-148.751456284759,20260409-103125,0.0,0.0
309.00664863239047,4.175392155420693,-148.4443549203641,-74.00661713444649,0,0,0.4,-148.4443549203641,20260409-103125,0.0,0.0
306.54430759753063,4.157505450251182,-148.13231083942682,-73.7327494252618,0,0,0.4,-148.13231083942682,20260409-103125,0.0,0.0
304.09120608195457,4.1399869027141,-147.8152227116467,-73.45221451850436,0,0,0.4,-147.8152227116467,20260409-103125,0.0,0.0
301.6475695025678,4.1228498336550565,-147.49298714058543,-73.16482085769937,0,0,0.4,-147.49298714058543,20260409-103125,0.0,0.0
299.2136297559582,4.106108214406189,-147.16549864848218,-72.87037119630064,0,0,0.4,-147.16549864848218,20260409-103125,0.0,0.0
296.78962541026476,4.089776706982772,-146.83264966395512,-72.56866246598116,0,0,0.4,-146.83264966395512,20260409-103125,0.0,0.0
294.37580190140517,4.073870707297834,-146.49433051291976,-72.25948564692233,0,0,0.4,-146.49433051291976,20260409-103125,0.0,0.0
291.9724117335846,4.058406391662525,-146.15042941308084,-71.94262564079447,0,0,0.4,-146.15042941308084,20260409-103125,0.0,0.0
289.5797146839826,4.043400766867419,-145.80083247238161,-71.61786114719749,0,0,0.4,-145.80083247238161,20260409-103125,0.0,0.0
287.1979780114898,4.028871724170662,-145.44542369182267,-71.28496454441203,0,0,0.4,-145.44542369182267,20260409-103125,0.0,0.0
284.82747666933403,4.01483809755322,-145.08408497309244,-70.94370177540102,0,0,0.4,-145.08408497309244,20260409-103125,0.0,0.0
282.4684935214055,4.001319726639957,-144.71669613148455,-70.5938322400954,0,0,0.4,-144.71669613148455,20260409-103125,0.0,0.0
280.12131956205155,3.9883375247284114,-144.34313491460787,-70.23510869510137,0,0,0.4,-144.34313491460787,20260409-103125,0.0,0.0
277.78625413907395,3.9759135524156473,-143.96327702743176,-69.86727716207493,0,0,0.4,-143.96327702743176,20260409-103125,0.0,0.0
275.46360517961676,3.964071097368079,-143.57699616424415,-69.49007684612648,0,0,0.4,-143.57699616424415,20260409-103125,0.0,0.0
273.1536894185869,3.9528347608406857,-143.18416404813684,-69.1032400657428,0,0,0.4,-143.18416404813684,20260409-103125,0.0,0.0
270.8568326291961,3.9422305516213485,-142.78465047867152,-68.70649219584556,0,0,0.4,-142.78465047867152,20260409-103125,0.0,0.0
268.57336985515764,3.9322859881545815,-142.37832338841878,-68.29955162574502,0,0,0.4,-142.37832338841878,20260409-103125,0.0,0.0
266.30364564401043,3.923030209687692,-141.9650489091037,-67.88212973389531,0,0,0.4,-141.9650489091037,20260409-103125,0.0,0.0
264.04801428097596,3.9144940973832645,-141.54469144813044,-67.45393088151162,0,0,0.4,-141.54469144813044,20260409-103125,0.0,0.0
261.8068400226831,3.906710406456373,-141.11711377630232,-67.01465242727271,0,0,0.4,-141.11711377630232,20260409-103125,0.0,0.0
259.580497330018,3.899713910525395,-140.68217712759258,-66.56398476549927,0,0,0.4,-140.68217712759258,20260409-103125,0.0,0.0
257.3693710992756,3.893541559514132,-140.2397413118634,-66.10161139037444,0,0,0.4,-140.2397413118634,20260409-103125,0.0,0.0
255.17385689069764,3.888232652612958,-139.78966484147023,-65.62720898895196,0,0,0.4,-139.78966484147023,20260409-103125,0.0,0.0
252.9943611533907,3.883829028001674,-139.33180507272746,-65.14044756588129,0,0,0.4,-139.33180507272746,20260409-103125,0.0,0.0
250.83130144551492,3.8803752712602018,-138.8660183632481,-64.64099060296667,0,0,0.4,-138.8660183632481,20260409-103125,0.0,0.0
248.68510664852792,3.877918944650598,-138.3921602462037,-64.12849525686374,0,0,0.4,-138.3921602462037,20260409-103125,0.0,0.0
246.556217174155,3.8765108397502512,-137.9100856225825,-63.60261259840555,0,0,0.4,-137.9100856225825,20260409-103125,0.0,0.0
244.4450851626371,3.8762052562587606,-137.4196489725485,-63.062987897232986,0,0,0.4,-137.4196489725485,20260409-103125,0.0,0.0
242.35217467068284,3.877060310197702,-136.9207045870258,-62.50926095558329,0,0,0.4,-136.9207045870258,20260409-103125,0.0,0.0
240.27796184741928,3.8791382751831134,-136.41310682064693,-61.94106649525842,0,0,0.4,-136.41310682064693,20260409-103125,0.0,0.0
238.22293509649953,3.8825059609866,-135.89671036720932,-61.358034601951694,0,0,0.4,-135.89671036720932,20260409-103125,0.0,0.0
236.1875952223838,3.88723513422657,-135.37137055878276,-60.75979123124932,0,0,0.4,-135.37137055878276,20260409-103125,0.0,0.0
234.17245555866438,3.8934029867630864,-134.83694368959578,-60.14595878074046,0,0,0.4,-134.83694368959578,20260409-103125,0.0,0.0
232.17804207615572,3.9010926582287295,-134.29328736580473,-59.5161567327588,0,0,0.4,-134.29328736580473,20260409-103125,0.0,0.0
230.2048934683189,3.9103938201385677,-133.74026088220828,-58.870002372334305,0,0,0.4,-133.74026088220828,20260409-103125,0.0,0.0
228.25356121143744,3.9214033302153477,-133.17772562691545,-58.20711158494953,0,0,0.4,-133.17772562691545,20260409-103125,0.0,0.0
226.32460959680728,3.934225966978423,-132.6055455149015,-57.527099738663416,0,0,0.4,-132.6055455149015,20260409-103125,0.0,0.0
224.41861573205438,3.9489752563228095,-132.02358745129237,-56.82958265507786,0,0,0.4,-132.02358745129237,20260409-103125,0.0,0.0
222.5361695085457,3.9657744038143865,-131.4317218251035,-56.114177673471424,0,0,0.4,-131.4317218251035,20260409-103125,0.0,0.0
220.67787353171892,3.9847573488189125,-130.8298230340191,-55.38050481220096,0,0,0.4,-130.8298230340191,20260409-103125,0.0,0.0
218.84434301102442,4.006069959453456,-130.21777004063244,-54.62818803116486,0,0,0.3,-130.21777004063244,20260409-103125,0.0,0.0
217.03620560605304,4.029871390808132,-129.59544696037273,-53.856856598723766,0,0,0.3,-129.59544696037273,20260409-103125,0.0,0.0
215.2541012253179,4.056335633070816,-128.96274368112097,-53.06614656597377,0,0,0.3,-128.96274368112097,20260409-103125,0.0,0.0
213.49868177407166,4.085653281270978,-128.31955651425926,-52.25570235065463,0,0,0.3,-128.31955651425926,20260409-103125,0.0,0.0
211.77061084747731,4.118033564560359,-127.66578887660788,-51.42517843224183,0,0,0.3,-127.66578887660788,20260409-103125,0.0,0.0
210.07056336541177,4.153706680548309,-127.00135200237894,-50.574241158906645,0,0,0.3,-127.00135200237894,20260409-103125,0.0,0.0
208.39922514517593,4.192926489567442,-126.32616568391411,-49.70257066602549,0,0,0.3,-126.32616568391411,20260409-103125,0.0,0.0
206.757292408414,4.235973635324485,-125.640159039575,-48.80986290477135,0,0,0.3,-125.640159039575,20260409-103125,0.0,0.0
205.1454712186149,4.283159172793649,-124.94327130672212,-47.89583177802163,0,0,0.3,-124.94327130672212,20260409-103125,0.0,0.0
203.56447684568425,4.334828802221601,-124.23545265724901,-46.9602113793646,0,0,0.3,-124.23545265724901,20260409-103125,0.0,0.0
202.01503305424362,4.391367830768035,-123.51666503263516,-46.00275832938183,0,0,0.3,-123.51666503263516,20260409-103125,0.0,0.0
200.49787131253441,4.45320701197291,-122.78688299495046,-45.02325420162931,0,0,0.3,-122.78688299495046,20260409-103125,0.0,0.0
199.01372991909003,4.5208294497475485,-122.04609458968369,-44.02150802884265,0,0,0.3,-122.04609458968369,20260409-103125,0.0,0.0
197.56335304468757,4.594778800388123,-121.29430221568782,-42.99735887786357,0,0,0.3,-121.29430221568782,20260409-103125,0.0,0.0
196.14748968750953,4.67566906653706,-120.53152349694007,-41.95067847964317,0,0,0.3,-120.53152349694007,20260409-103125,0.0,0.0
194.76689253993834,4.764196355625754,-119.757792150212,-40.8813738984435,0,0,0.3,-119.757792150212,20260409-103125,0.0,0.0
193.42231676597345,4.861153078408537,-118.97315884214493,-39.789390222061634,0,0,0.3,-118.97315884214493,20260409-103125,0.0,0.0
192.11451868890518,4.967445199509365,-118.17769202863839,-38.67471325257505,0,0,0.3,-118.17769202863839,20260409-103125,0.0,0.0
190.84425438960238,5.084113333798088,-117.3714787688968,-37.5373721747922,0,0,0.3,-117.3714787688968,20260409-103125,0.0,0.0
189.61227821656823,5.21235872748331,-116.55462550595401,-36.377442177338196,0,0,0.3,-116.55462550595401,20260409-103125,0.0,0.0
188.4193412097912,5.353575496412108,-115.72725880502371,-35.19504699916294,0,0,0.3,-115.72725880502371,20260409-103125,0.0,0.0
187.26618944135814,5.50939095322563,-114.88952604061829,-33.99036137228886,0,0,0.3,-114.88952604061829,20260409-103125,0.0,0.0
186.15356227679868,5.681716494530646,-114.04159602305872,-32.76361332987918,0,0,0.3,-114.04159602305872,20260409-103125,0.0,0.0
185.08219056218715,5.872812421413406,-113.18365955477695,-31.51508634727406,0,0,0.3,-113.18365955477695,20260409-103125,0.0,0.0
184.05279474312252,6.085371357037258,-112.31592990670929,-30.24512128257872,0,0,0.3,-112.31592990670929,20260409-103125,0.0,0.0
183.06608292283596,6.322626798701212,-111.43864320510713,-28.954118082762882,0,0,0.3,-111.43864320510713,20260409-103125,0.0,0.0
182.12274886781105,6.588496106960248,-110.55205871926752,-27.642537221113653,0,0,0.3,-110.55205871926752,20260409-103125,0.0,0.0
181.22346997043547,6.887771388949758,-109.65645904102128,-26.310900832332692,0,0,0.3,-109.65645904102128,20260409-103125,0.0,0.0
180.36890517931113,7.22637809835902,-108.75215014732228,-24.959793512640815,0,0,0.3,-108.75215014732228,20260409-103125,0.0,0.0
179.5596929089092,7.611731139831509,-107.83946133796569,-23.589862753991582,0,0,0.3,-107.83946133796569,20260409-103125,0.0,0.0
178.79644894124903,8.053234244935119,-106.91874504132831,-22.201818983931656,0,0,0.3,-106.91874504132831,20260409-103125,0.0,0.0
178.0797643331774,8.562994702804007,-105.99037648207276,-20.79643518579593,0,0,0.3,-105.99037648207276,20260409-103125,0.0,0.0
177.4102033436064,9.15687018582682,-105.05475320598192,-19.374546077785983,0,0,0.3,-105.05475320598192,20260409-103125,0.0,0.0
176.78830139570886,9.856042805235267,-104.11229445848257,-17.937046834029942,0,0,0.3,-104.11229445848257,20260409-103125,0.0,0.0
176.21456308954905,10.689458577482272,-103.16344041496274,-16.484891335913996,0,0,0.3,-103.16344041496274,20260409-103125,0.0,0.0
175.68946028092228,11.697743398047141,-102.20865126266484,-15.019089947746027,0,0,0.3,-102.20865126266484,20260409-103125,0.0,0.0
175.21343024227144,12.93975511096732,-101.24840613572162,-13.540706817068445,0,0,0.3,-101.24840613572162,20260409-103125,0.0,0.0
174.78687392142842,14.50410358178983,-100.28320190676402,-12.050856706572104,0,0,0.3,-100.28320190676402,20260409-103125,0.0,0.0
174.41015431358275,16.530669210828407,-99.31355184043585,-10.550701371444507,0,0,0.3,-99.31355184043585,20260409-103125,0.0,0.0
174.08359496130194,19.25395611842598,-98.33998411606018,-9.04144550296884,0,0,0.3,-98.33998411606018,20260409-103125,0.0,0.0
173.80747859661838,23.099389081913674,-97.36304022857908,-7.524332266116332,0,0,0.3,-97.36304022857908,20260409-103125,0.0,0.0
173.58204593816066,28.927262812766156,-96.38327327868798,-6.000638465577724,0,0,0.3,-96.38327327868798,20260409-103125,0.0,0.0
173.40749465505212,38.779140379242016,-95.40124616476928,-4.4716693809921315,0,0,0.3,-95.40124616476928,20260409-103125,0.0,0.0
173.283978507843,58.96513240938794,-94.41752969075482,-2.93875331788883,0,0,0.3,-94.41752969075482,20260409-103125,0.0,0.0
173.21160667510617,123.43726630529855,-93.43270060537796,-1.4032359259050688,0,0,0.3,-93.43270060537796,20260409-103125,0.0,0.0
173.1904432725352,1297.0573845270387,-92.4473395893779,0.13352565995812718,0,0,0.3,-92.4473395893779,20260409-103125,0.0,0.0
173.22050706946686,103.71437155294251,-91.46202920806562,1.6701687960481344,0,0,0.3,-91.46202920806562,20260409-103125,0.0,0.0
173.3017714057466,54.06672563567054,-90.47735184722762,3.2053313635736562,0,0,0.3,-90.47735184722762,20260409-103125,0.0,0.0
173.4341643097937,36.60757525176579,-89.49388765061862,4.73765779669955,0,0,0.3,-89.49388765061862,20260409-103125,0.0,0.0
173.61756881664894,27.70874095543333,-88.51221247726792,6.26580504310517,0,0,0.3,-88.51221247726792,20260409-103125,0.0,0.0
173.8518234827337,22.3217532735984,-87.53289589649799,7.788448396137466,0,0,0.3,-87.53289589649799,20260409-103125,0.0,0.0
174.13672309205717,18.71575118769101,-86.55649923793696,9.304287140052576,0,0,0.3,-86.55649923793696,20260409-103125,0.0,0.0
174.47201954671254,16.136812195758786,-85.58357371291365,10.812049953247195,0,0,0.3,-85.58357371291365,20260409-103125,0.0,0.0
174.8574229327355,14.203925321197818,-84.61465862248056,12.310500018736352,0,0,0.3,-84.61465862248056,20260409-103125,0.0,0.0
175.29260275079227,12.7037987872801,-83.65027966594195,13.798439796315654,0,0,0.3,-83.65027966594195,20260409-103125,0.0,0.0
175.77718929974117,11.507722697565429,-82.69094736220961,15.274715416711297,0,0,0.3,-82.69094736220961,20260409-103125,0.0,0.0
176.31077519989373,10.533423996180401,-81.73715559460216,16.7382206644133,0,0,0.3,-81.73715559460216,20260409-103125,0.0,0.0
176.89291704180337,9.725856858607337,-80.78938028788754,18.187900522641765,0,0,0.3,-80.78938028788754,20260409-103125,0.0,0.0
177.5231371456398,9.046800198679625,-79.84807822448332,19.62275426084343,0,0,0.3,-79.84807822448332,20260409-103125,0.0,0.0
178.20092541567055,8.468885891741273,-78.91368600481682,21.041838052092466,0,0,0.3,-78.91368600481682,20260409-103125,0.0,0.0
178.92574127406482,7.97200195311913,-77.98661915494664,22.444267114618334,0,0,0.3,-77.98661915494664,20260409-103125,0.0,0.0
179.69701565815225,7.541037240362244,-77.06727138269596,23.829217378260854,0,0,0.3,-77.06727138269596,20260409-103125,0.0,0.0
180.51415306540176,7.164418095739073,-76.15601398178006,25.195926682832727,0,0,0.3,-76.15601398178006,20260409-103125,0.0,0.0
181.37653363071206,6.8331304315523935,-75.25319538175319,26.543695521044782,0,0,0.3,-75.25319538175319,20260409-103125,0.0,0.0
182.2835152211159,6.540049224979882,-74.35914084008101,27.871887343734272,0,0,0.3,-74.35914084008101,20260409-103125,0.0,0.0
183.23443553366602,6.279468294459608,-73.4741522712796,29.179928449568614,0,0,0.3,-73.4741522712796,20260409-103125,0.0,0.0
184.22861418307434,6.0467638721589205,-72.59850820686749,30.46730748513549,0,0,0.3,-72.59850820686749,20260409-103125,0.0,0.0
185.26535476659245,5.838149568499177,-71.7324638788606,31.733574584355658,0,0,0.3,-71.7324638788606,20260409-103125,0.0,0.0
186.34394689462576,5.6504950184330305,-70.87625141870605,32.978340178468436,0,0,0.3,-70.87625141870605,20260409-103125,0.0,0.0
187.46366817664506,5.481189702623014,-70.0300801628977,34.20127350945994,0,0,0.3,-70.0300801628977,20260409-103125,0.0,0.0
188.62378615307222,5.328039338353562,-69.19413705604109,35.40210088076407,0,0,0.3,-69.19413705604109,20260409-103125,0.0,0.0
189.82356016495157,5.18918610060498,-68.36858714182843,36.580603679413436,0,0,0.3,-68.36858714182843,20260409-103125,0.0,0.0
191.06224315435665,5.063046514915093,-67.55357413223517,37.736616203606175,0,0,0.3,-67.55357413223517,20260409-103125,0.0,0.0
192.3390833896025,4.948262617747152,-66.74922104524518,38.870023328949905,0,0,0.3,-66.74922104524518,20260409-103125,0.0,0.0
193.65332611042567,4.843663191427893,-65.95563090153676,39.98075804551088,0,0,0.3,-65.95563090153676,20260409-103125,0.0,0.0
195.00421508934036,4.748232729710616,-65.17288747080087,41.06879889630537,0,0,0.3,-65.17288747080087,20260409-103125,0.0,0.0
196.39099410637192,4.661086393216728,-64.40105605869891,42.13416734608899,0,0,0.3,-64.40105605869891,20260409-103125,0.0,0.0
197.81290833529732,4.581449648017585,-63.64018432588563,43.17692510729479,0,0,0.3,-63.64018432588563,20260409-103125,0.0,0.0
199.26920564038218,4.508641596571606,-62.890303131005,44.19717144780536,0,0,0.3,-62.890303131005005,20260409-103125,0.0,0.0
200.75913778338844,4.442061242763411,-62.1514273900994,45.19504050297514,0,0,0.3,-62.15142739009941,20260409-103125,0.0,0.0
202.28196154133616,4.381176105677571,-61.42355694544041,46.17069861200027,0,0,0.3,-61.42355694544041,20260409-103125,0.0,0.0
203.83693973613347,4.325512726508086,-60.70667743738045,47.12434169640916,0,0,0.3,-60.706677437380456,20260409-103125,0.0,0.0
205.42334217774294,4.274648711281761,-60.00076117342542,48.056192696158746,0,0,0.3,-60.00076117342542,20260409-103125,0.0,0.0
207.04044652303196,4.2282060271277455,-59.305767989329894,48.96649907660157,0,0,0.3,-59.30576798932989,20260409-103125,0.0,0.0
208.68753905286079,4.1858453275978755,-58.621646097610096,49.855530417465275,0,0,0.3,-58.6216460976101,20260409-103125,0.0,0.0
210.36391537029962,4.147261127344189,-57.948332919446415,50.72357609297967,0,0,0.3,-57.94833291944641,20260409-103125,0.0,0.0
212.06888102313906,4.1121776814480695,-57.285755896501485,51.57094305041331,0,0,0.3,-57.28575589650148,20260409-103125,0.0,0.0
213.80175205407104,4.080345452201484,-56.633833279708284,52.397953692552626,0,0,0.3,-56.63383327970829,20260409-103125,0.0,0.0
215.56185548207523,4.051538067901426,-55.992474892578244,53.20494386807768,0,0,0.3,-55.992474892578244,20260409-103125,0.0,0.0
217.34852971865288,4.02554969553697,-55.36158286704273,53.99226097236409,0,0,0.3,-55.36158286704273,20260409-103125,0.0,0.0
219.16112492261405,4.002192763109719,-54.741052350269186,54.76026215996777,0,0,0.3,-54.741052350269186,20260409-103125,0.0,0.0
220.99900329714518,3.9812959784828372,-54.1307721812842,55.509312668926924,0,0,0.3,-54.1307721812842,20260409-103125,0.0,0.0
222.8615393328736,3.962702600676337,-53.53062553659163,56.23978425603692,0,0,0.3,-53.53062553659162,20260409-103125,0.0,0.0
224.74812000060157,3.9462689268600615,-52.94049054429283,56.95205374141278,0,0,0.3,-52.940490544292835,20260409-103125,0.0,0.0
226.65814489731463,3.9318629642849166,-52.36024086650127,57.646501659941926,0,0,0.3,-52.36024086650127,20260409-103125,0.0,0.0
228.5910263489794,3.9193632613059415,-51.78974625009394,58.323511016637,0,0,0.3,-51.78974625009395,20260409-103125,0.0,0.0
230.54618947353686,3.9086578756981813,-51.22887304606209,58.98346614241741,0,0,0.3,-51.228873046062084,20260409-103125,0.0,0.0
232.52307220737592,3.8996434618144975,-50.677484697912064,59.62675164646548,0,0,0.3,-50.67748469791208,20260409-103125,0.0,0.0
234.52112529843788,3.892224460914878,-50.13544219972874,60.253751461012364,0,0,0.3,-50.13544219972875,20260409-103125,0.0,0.0
236.53981226896053,3.8863123813146516,-49.60260452464851,60.86484797419822,0,0,0.3,-49.60260452464851,20260409-103125,0.0,0.0
238.5786093507233,3.881825156938144,-49.078829024600935,61.46042124651134,0,0,0.3,-49.07882902460093,20260409-103125,0.0,0.0
240.63700539550314,3.8786865744922596,-48.563971802267275,62.040848306234636,0,0,0.3,-48.56397180226727,20260409-103125,0.0,0.0
242.7145017632985,3.876825760845836,-48.05788805627452,62.606502519304264,0,0,0.3,-48.05788805627453,20260409-103125,0.0,0.0
244.81061219072487,3.876176723359382,-47.56043240069641,63.15775302900892,0,0,0.3,-47.5604324006964,20260409-103125,0.0,0.0
246.92486264183523,3.8766779368922366,-47.07145915996955,63.69496426101986,0,0,0.3,-47.071459159969564,20260409-103125,0.0,0.0
249.05679114346862,3.878271972049277,-46.590822640357146,64.218495489337,0,0,0.3,-46.590822640357146,20260409-103125,0.0,0.0
251.20594760708582,3.8809051599415336,-46.118377379102725,64.72870045885642,0,0,0.3,-46.11837737910272,20260409-103125,0.0,0.0
253.37189363890974,3.8845272893439224,-45.65397837241906,65.22592706040766,0,0,0.3,-45.65397837241906,20260409-103125,0.0,0.0
255.55420234005246,3.889091332655383,-45.197481283448155,65.71051705426673,0,0,0.3,-45.19748128344815,20260409-103125,0.0,0.0
257.7524580981807,3.894553197515425,-44.74874263131335,66.18280583832231,0,0,0.3,-44.748742631313334,20260409-103125,0.0,0.0
259.9662563721468,3.9008715013177713,-44.307619962362935,66.64312225725108,0,0,0.3,-44.307619962362935,20260409-103125,0.0,0.0
262.1952034708941,3.9080073661958203,-43.87397200467737,67.09178844924321,0,0,0.3,-43.87397200467738,20260409-103125,0.0,0.0
264.43891632783334,3.9159242323438312,-43.44765880688095,67.52911972700669,0,0,0.3,-43.44765880688095,20260409-103125,0.0,0.0
266.6970222717804,3.9245876877887627,-43.02854186226452,67.95542448996622,0,0,0.3,-43.028541862264525,20260409-103125,0.0,0.0
268.9691587954475,3.9339653129459444,-42.61648421918858,68.37100416475974,0,0,0.3,-42.61648421918857,20260409-103125,0.0,0.0
271.25497332238405,3.9440265384820297,-42.211350578696795,68.77615317131821,0,0,0.3,-42.21135057869678,20260409-103125,0.0,0.0
273.55412297317747,3.954742515174845,-41.81300738023043,69.17115891199386,0,0,0.3,-41.81300738023042,20260409-103125,0.0,0.0
275.8662743316438,3.9660859946051907,-41.421322876292436,69.55630178137508,0,0,0.3,-41.42132287629244,20260409-103125,0.0,0.0
278.1911032116586,3.978031219643142,-41.03616719686926,69.93185519459405,0,0,0.3,-41.03616719686924,20260409-103125,0.0,0.0
280.5282944252113,3.9905538238034057,-40.65741240437657,70.29808563209383,0,0,0.3,-40.65741240437658,20260409-103125,0.0,0.0
282.8775415522004,4.00363073864296,-40.28493253985553,70.65525269897452,0,0,0.3,-40.284932539855525,20260409-103125,0.0,0.0
285.23854671242475,4.017240108461033,-39.91860366110413,71.00360919718511,0,0,0.3,-39.91860366110412,20260409-103125,0.0,0.0
287.6110203401737,4.031361211638368,-39.55830387339111,71.3434012089646,0,0,0.3,-39.55830387339111,20260409-103125,0.0,0.0
289.9946809617651,4.045974388020564,-39.203913353360065,71.67486819006803,0,0,0.3,-39.20391335336006,20260409-103125,0.0,0.0
292.38925497633545,4.061060971810568,-38.8553143666951,71.99824307143503,0,0,0.3,-38.855314366695104,20260409-103125,0.0,0.0
294.79447644014215,4.076603229488742,-38.51239128008396,72.31375236807462,0,0,0.3,-38.51239128008397,20260409-103125,0.0,0.0
297.2100868546002,4.092584302326544,-38.17503056797949,72.62161629404747,0,0,0.3,-38.17503056797949,20260409-103125,0.0,0.0
299.6358349582388,4.108988153102054,-37.843120814628264,72.92204888252857,0,0,0.3,-37.843120814628264,20260409-103125,0.0,0.0
302.0714765227317,4.125799516663378,-37.516552711803456,73.21525811002648,0,0,0.3,-37.51655271180346,20260409-103125,0.0,0.0
304.51677415312616,4.143003854019574,-37.195219052649065,73.50144602392335,0,0,0.3,-37.19521905264907,20260409-103125,0.0,0.0
306.9714970923673,4.160587309668919,-36.879014722014546,73.7808088725807,0,0,0.3,-36.87901472201454,20260409-103125,0.0,0.0
309.43542103019325,4.17853667190127,-36.56783668363161,74.05353723733086,0,0,0.3,-36.567836683631604,20260409-103125,0.0,0.0
311.90832791645227,4.19683933583545,-36.2615839644601,74.31981616574365,0,0,0.3,-36.26158396446011,20260409-103125,0.0,0.0
314.390005778876,4.21548326897434,-35.96015763650507,74.57982530562138,0,0,0.3,-35.960157636505066,20260409-103125,0.0,0.0
316.8802485453246,4.234456979079832,-35.66346079638498,74.8337390392343,0,0,0.3,-35.66346079638498,20260409-103125,0.0,0.0
319.37885587050397,4.253749484187389,-35.37139854291004,75.08172661736243,0,0,0.3,-35.37139854291005,20260409-103125,0.0,0.0
321.8856329671426,4.273350284595763,-35.083877952908665,75.32395229275977,0,0,0.3,-35.08387795290867,20260409-103125,0.0,0.0
324.4003904416029,4.293249336681775,-34.80080805552231,75.56057545270126,0,0,0.3,-34.8008080555223,20260409-103125,0.0,0.0
326.92294413389095,4.313437028402865,-34.52209980517077,75.79175075031537,0,0,0.3,-34.52209980517076,20260409-103125,0.0,0.0
329.45311496202066,4.333904156361879,-34.24766605337402,76.01762823444207,0,0,0.3,-34.247666053374004,20260409-103125,0.0,0.0
331.9907287706783,4.354641904319065,-33.97742151960085,76.23835347779111,0,0,0.3,-33.97742151960084,20260409-103125,0.0,0.0
334.535616184128,4.3756418230458545,-33.71128276130074,76.45406770320612,0,0,0.3,-33.711282761300744,20260409-103125,0.0,0.0
337.0876124632923,4.396895811423691,-33.449168143261886,76.66490790786902,0,0,0.3,-33.44916814326188,20260409-103125,0.0,0.0
339.64655736693663,4.4183960986990485,-33.19099780642563,76.87100698530448,0,0,0.3,-33.19099780642563,20260409-103125,0.0,0.0
342.2122950168816,4.440135227812955,-32.9366936362768,77.07249384506757,0,0,0.3,-32.936693636276814,20260409-103125,0.0,0.0
341.78217185053506,6.831778806428592,131.9791686367966,-50.028284219173436,0,0,0.3,131.9791686367966,20260409-103125,0.0,0.0
340.1146100744576,6.798836308165565,132.00951276033982,-50.02541532967514,0,0,0.3,132.0095127603398,20260409-103125,0.0,0.0
338.4471446342052,6.765897706763068,132.04015589213014,-50.02250393113386,0,0,0.3,132.04015589213014,20260409-103125,0.0,0.0
336.7797769607129,6.732963060794171,132.07110245585875,-50.01954918210836,0,0,0.3,132.07110245585878,20260409-103125,0.0,0.0
335.1125085133098,6.70003243001172,132.10235696255222,-50.016550220298505,0,0,0.3,132.10235696255222,20260409-103125,0.0,0.0
333.44534078042443,6.667105875378193,132.13392401272927,-50.013506161923615,0,0,0.3,132.13392401272924,20260409-103125,0.0,0.0
331.7782752803117,6.6341834590964766,132.16580829862187,-50.010416101079194,0,0,0.3,132.1658082986219,20260409-103125,0.0,0.0
330.1113135618011,6.601265244641556,132.19801460646227,-50.00727910907115,0,0,0.3,132.19801460646224,20260409-103125,0.0,0.0
328.4444572050683,6.5683512967932245,132.23054781883803,-50.00409423372654,0,0,0.3,132.23054781883803,20260409-103125,0.0,0.0
326.777707822429,6.5354416816697665,132.2634129171189,-50.00086049868006,0,0,0.3,132.26341291711893,20260409-103125,0.0,0.0
325.11106705915785,6.502536466762709,132.29661498395626,-49.99757690263513,0,0,0.3,132.29661498395626,20260409-103125,0.0,0.0
323.4445365943323,6.469635720972671,132.3301592058587,-49.994242418598546,0,0,0.3,132.3301592058587,20260409-103125,0.0,0.0
321.77811814170195,6.436739514646314,132.3640508758465,-49.990855993087834,0,0,0.3,132.3640508758465,20260409-103125,0.0,0.0
320.1118134505856,6.403847919614498,132.3982953961871,-49.98741654530981,0,0,0.3,132.3982953961871,20260409-103125,0.0,0.0
318.4456243067952,6.370961009231608,132.43289828121544,-49.98392296630967,0,0,0.3,132.43289828121547,20260409-103125,0.0,0.0
316.7795525335896,6.338078858416186,132.46786516024133,-49.98037411808872,0,0,0.3,132.4678651602413,20260409-103125,0.0,0.0
315.11359999265756,6.305201543692823,132.5032017805471,-49.9767688326902,0,0,0.3,132.5032017805471,20260409-103125,0.0,0.0
313.4477685851322,6.272329143235446,132.53891401048003,-49.97310591125117,0,0,0.3,132.53891401048003,20260409-103125,0.0,0.0
311.7820602526374,6.239461736911977,132.57500784264113,-49.96938412301956,0,0,0.3,132.57500784264113,20260409-103125,0.0,0.0
310.11647697836776,6.20659940633049,132.61148939717498,-49.96560220433447,0,0,0.3,132.611489397175,20260409-103125,0.0,0.0
308.451020788203,6.17374223488684,132.64836492516451,-49.96175885756861,0,0,0.3,132.64836492516454,20260409-103125,0.0,0.0
306.78569375185833,6.140890307813903,132.68564081213378,-49.95785275003081,0,0,0.3,132.68564081213378,20260409-103125,0.0,0.0
305.12049798407224,6.108043712232432,132.72332358166318,-49.95388251282727,0,0,0.3,132.7233235816632,20260409-103125,0.0,0.0
303.45543564583267,6.075202537203623,132.76141989912207,-49.949846739679444,0,0,0.3,132.7614198991221,20260409-103125,0.0,0.0
301.79050894564364,6.042366873783436,132.79993657552131,-49.945743985696964,0,0,0.3,132.79993657552131,20260409-103125,0.0,0.0
300.12572014083327,6.009536815078761,132.83888057149244,-49.94157276610341,0,0,0.3,132.83888057149244,20260409-103125,0.0,0.0
298.46107153890534,5.976712456305484,132.87825900139688,-49.93733155491299,0,0,0.3,132.87825900139688,20260409-103125,0.0,0.0
296.7965654989357,5.94389389484855,132.91807913757066,-49.93301878355587,0,0,0.3,132.9180791375707,20260409-103125,0.0,0.0
295.13220443301526,5.91108123032407,132.9583484147097,-49.92863283945007,0,0,0.3,132.9583484147097,20260409-103125,0.0,0.0
293.46799080774184,5.878274564643602,132.9990744344011,-49.92417206451715,0,0,0.3,132.99907443440108,20260409-103125,0.0,0.0
291.80392714576215,5.845474002080637,133.04026496980646,-49.91963475363974,0,0,0.3,133.04026496980646,20260409-103125,0.0,0.0
290.14001602736613,5.812679649339422,133.0819279705026,-49.91501915305773,0,0,0.3,133.0819279705026,20260409-103125,0.0,0.0
288.47626009213644,5.779891615626228,133.12407156748628,-49.91032345870056,0,0,0.3,133.12407156748628,20260409-103125,0.0,0.0
286.8126620406538,5.747110012723092,133.16670407834903,-49.90554581445299,0,0,0.3,133.16670407834903,20260409-103125,0.0,0.0
285.14922463626175,5.714334955064221,133.20983401262936,-49.900684310350705,0,0,0.3,133.2098340126294,20260409-103125,0.0,0.0
283.4859507068929,5.6815665598151135,133.2534700773491,-49.89573698070307,0,0,0.3,133.25347007734908,20260409-103125,0.0,0.0
281.82284314695846,5.648804946954541,133.29762118274073,-49.890701802139326,0,0,0.3,133.29762118274073,20260409-103125,0.0,0.0
280.1599049193051,5.616050239359496,133.34229644817498,-49.88557669157479,0,0,0.3,133.34229644817498,20260409-103125,0.0,0.0
278.4971390572399,5.583302562893227,133.38750520829473,-49.88035950409335,0,0,0.3,133.38750520829473,20260409-103125,0.0,0.0
276.8345486666284,5.550562046496522,133.43325701936544,-49.87504803074213,0,0,0.3,133.4332570193654,20260409-103125,0.0,0.0
275.1721369280667,5.517828822282342,133.47956166584976,-49.86963999623445,0,0,0.3,133.47956166584976,20260409-103125,0.0,0.0
273.5099070991327,5.485103025633981,133.52642916721652,-49.86413305655636,0,0,0.3,133.52642916721652,20260409-103125,0.0,0.0
271.84786251671784,5.45238479530688,133.57386978499278,-49.85852479647252,0,0,0.3,133.5738697849928,20260409-103125,0.0,0.0
270.1860065994446,5.419674273534297,133.62189403007022,-49.85281272692611,0,0,0.3,133.62189403007022,20260409-103125,0.0,0.0
268.5243428501717,5.386971606136927,133.67051267027534,-49.84699428232819,0,0,0.3,133.67051267027534,20260409-103125,0.0,0.0
266.8628748585922,5.354276942636751,133.71973673821583,-49.841066817730514,0,0,0.3,133.7197367382158,20260409-103125,0.0,0.0
265.2016063039275,5.321590436375207,133.76957753941355,-49.83502760587664,0,0,0.3,133.76957753941355,20260409-103125,0.0,0.0
263.540540957722,5.288912244635925,133.82004666073783,-49.828873834124934,0,0,0.3,133.82004666073783,20260409-103125,0.0,0.0
261.87968268674217,5.2562425287722485,133.87115597915,-49.822602601237264,0,0,0.3,133.87115597915002,20260409-103125,0.0,0.0
260.21903545598553,5.223581454339711,133.92291767077506,-49.81621091402673,0,0,0.3,133.92291767077504,20260409-103125,0.0,0.0
258.5586033318032,5.190929191233725,133.97534422031185,-49.80969568385728,0,0,0.3,133.97534422031188,20260409-103125,0.0,0.0
256.89839048514244,5.1582859138327475,134.0284484307997,-49.803053722987585,0,0,0.3,134.0284484307997,20260409-103125,0.0,0.0
255.23840119491294,5.125651801147112,134.08224343375366,-49.796281740751695,0,0,0.3,134.08224343375363,20260409-103125,0.0,0.0
253.5786398514839,5.093027036973851,134.13674269968794,-49.789376339567596,0,0,0.3,134.13674269968794,20260409-103125,0.0,0.0
251.91911096031694,5.060411810057775,134.19196004904256,-49.782334010765176,0,0,0.3,134.19196004904256,20260409-103125,0.0,0.0
250.25981914574106,5.0278063142590845,134.24790966353208,-49.775151130224124,0,0,0.3,134.24790966353208,20260409-103125,0.0,0.0
248.60076915487656,4.995210748727851,134.30460609793528,-49.767823953811885,0,0,0.3,134.30460609793528,20260409-103125,0.0,0.0
246.94196586171427,4.962625318085688,134.3620642923458,-49.76034861261118,0,0,0.3,134.3620642923458,20260409-103125,0.0,0.0
245.28341427135783,4.930050232614962,134.4202995849045,-49.75272110792599,0,0,0.3,134.4202995849045,20260409-103125,0.0,0.0
243.6251195244359,4.897485708455905,134.47932772503611,-49.74493730605429,0,0,0.3,134.47932772503611,20260409-103125,0.0,0.0
241.967086901693,4.86493196781203,134.53916488721234,-49.73699293281506,0,0,0.3,134.53916488721237,20260409-103125,0.0,0.0
240.30932182876694,4.832389239164237,134.59982768526731,-49.72888356781635,0,0,0.3,134.59982768526734,20260409-103125,0.0,0.0
238.65182988116172,4.799857757494068,134.66133318728964,-49.72060463845041,0,0,0.3,134.66133318728967,20260409-103125,0.0,0.0
236.99461678942555,4.767337764516562,134.72369893111932,-49.71215141360102,0,0,0.3,134.72369893111932,20260409-103125,0.0,0.0
235.33768844454352,4.734829508923178,134.78694294047693,-49.70351899704735,0,0,0.3,134.78694294047696,20260409-103125,0.0,0.0
233.6810509035554,4.702333246635312,134.85108374175684,-49.69470232054748,0,0,0.3,134.85108374175687,20260409-103125,0.0,0.0
232.02471039540958,4.6698492410689685,134.91614038151363,-49.68569613658387,0,0,0.3,134.91614038151366,20260409-103125,0.0,0.0
230.368673327065,4.637377763411126,134.98213244467775,-49.676495010751985,0,0,0.3,134.98213244467777,20260409-103125,0.0,0.0
228.71294628985248,4.604919092908422,135.0490800735339,-49.66709331377191,0,0,0.3,135.0490800735339,20260409-103125,0.0,0.0
227.05753606610932,4.572473517168817,135.11700398749986,-49.65748521310163,0,0,0.3,135.11700398749983,20260409-103125,0.0,0.0
225.4024496361004,4.540041332476904,135.18592550374535,-49.647664664129366,0,0,0.3,135.18592550374532,20260409-103125,0.0,0.0
223.74769418523996,4.507622844123589,135.2558665586916,-49.63762540092081,0,0,0.3,135.2558665586916,20260409-103125,0.0,0.0
222.09327711162982,4.475218366750924,135.32684973043638,-49.6273609264955,0,0,0.3,135.32684973043638,20260409-103125,0.0,0.0
220.43920603392985,4.442828224712909,135.39889826214937,-49.616864502605075,0,0,0.3,135.39889826214934,20260409-103125,0.0,0.0
218.78548879957785,4.410452752453119,135.47203608648812,-49.60612913898423,0,0,0.3,135.47203608648812,20260409-103125,0.0,0.0
217.13213349337695,4.378092294900098,135.54628785108548,-49.59514758204329,0,0,0.3,135.5462878510855,20260409-103125,0.0,0.0
215.47914844646985,4.345747207881499,135.62167894516307,-49.58391230296928,0,0,0.3,135.62167894516307,20260409-103125,0.0,0.0
213.8265422457197,4.313417858557985,135.6982355273288,-49.57241548520038,0,0,0.3,135.6982355273288,20260409-103125,0.0,0.0
212.17432374351984,4.281104625878057,135.77598455461958,-49.56064901123568,0,0,0.3,135.77598455461958,20260409-103125,0.0,0.0
210.52250206805454,4.248807901054942,135.85495381285398,-49.54860444874047,0,0,0.3,135.854953812854,20260409-103125,0.0,0.0
208.8710866340354,4.2165280880668226,135.935171948363,-49.53627303590377,0,0,0.3,135.935171948363,20260409-103125,0.0,0.0
207.220087153939,4.184265604181768,136.01666850117215,-49.523645666002324,0,0,0.3,136.01666850117215,20260409-103125,0.0,0.0
205.56951364977266,4.15202088050876,136.09947393971117,-49.51071287112207,0,0,0.3,136.09947393971115,20260409-103125,0.0,0.0
203.919376465398,4.1197943625763855,136.18361969713368,-49.497464804984446,0,0,0.3,136.18361969713368,20260409-103125,0.0,0.0
202.26968627944228,4.087586510940792,136.2691382093327,-49.48389122482162,0,0,0.3,136.26913820933268,20260409-103125,0.0,0.0
200.6204541188309,4.05539780182467,136.35606295474395,-49.46998147224041,0,0,0.3,136.35606295474395,20260409-103125,0.0,0.0
198.97169137297527,4.0232287277891245,136.44442849603467,-49.45572445301059,0,0,0.3,136.44442849603465,20260409-103125,0.0,0.0
197.32340980865334,3.9910797984404125,136.5342705237809,-49.44110861570873,0,0,0.3,136.5342705237809,20260409-103125,0.0,0.0
195.6756215856222,3.958951541173692,136.62562590224377,-49.42612192914368,0,0,0.3,136.62562590224377,20260409-103125,0.0,0.0
194.0283392730045,3.9268445019560563,136.71853271736074,-49.41075185848441,0,0,0.3,136.71853271736074,20260409-103125,0.0,0.0
192.38157586649328,3.8947592461512928,136.81303032707638,-49.39498534000532,0,0,0.3,136.81303032707638,20260409-103125,0.0,0.0
190.73534480642311,3.8626963593889894,136.90915941414465,-49.37880875435782,0,0,0.3,136.90915941414465,20260409-103125,0.0,0.0
189.0896599967581,3.8306564484808012,137.00696204154292,-49.36220789827004,0,0,0.3,137.0069620415429,20260409-103125,0.0,0.0
187.4445358250506,3.7986401423868688,137.1064817106469,-49.345167954569696,0,0,0.3,137.1064817106469,20260409-103125,0.0,0.0
185.79998718342912,3.7666480932356525,137.20776342232602,-49.32767346041661,0,0,0.3,137.20776342232605,20260409-103125,0.0,0.0
184.15602949067627,3.7346809774006178,137.3108537411282,-49.3097082736237,0,0,0.3,137.3108537411282,20260409-103125,0.0,0.0
182.51267871546315,3.7027394966375473,137.41580086273433,-49.291255536934926,0,0,0.3,137.41580086273433,20260409-103125,0.0,0.0
180.86995140081052,3.670824379286475,137.52265468487576,-49.27229764011961,0,0,0.3,137.52265468487576,20260409-103125,0.0,0.0
179.227864689852,3.638936381542565,137.63146688191864,-49.25281617973116,0,0,0.3,137.6314668819186,20260409-103125,0.0,0.0
177.5864363529796,3.607076288800599,137.74229098333456,-49.23279191636655,0,0,0.3,137.74229098333458,20260409-103125,0.0,0.0
175.94568481645837,3.575244917078117,137.85518245629157,-49.2122047292499,0,0,0.3,137.8551824562916,20260409-103125,0.0,0.0
174.30562919260177,3.54344311452258,137.97019879261325,-49.191033567950065,0,0,0.3,137.97019879261327,20260409-103125,0.0,0.0
172.6662893116074,3.5116717630084553,138.087399600374,-49.169256401026466,0,0,0.3,138.087399600374,20260409-103125,0.0,0.0
171.0276857551586,3.479931779830518,138.20684670041368,-49.14685016138106,0,0,0.3,138.20684670041368,20260409-103125,0.0,0.0
169.3898398919058,3.448224119500189,138.32860422807641,-49.12379068807697,0,0,0.3,138.3286042280764,20260409-103125,0.0,0.0
167.75277391495004,3.4165497756523378,138.4527387404982,-49.10005266436378,0,0,0.3,138.4527387404982,20260409-103125,0.0,0.0
166.11651088145888,3.3849097830705124,138.5793193297925,-49.075609551629356,0,0,0.3,138.5793193297925,20260409-103125,0.0,0.0
164.4810747545565,3.3533052198393056,138.70841774250403,-49.05043351897404,0,0,0.3,138.70841774250405,20260409-103125,0.0,0.0
162.84649044763844,3.321737209633238,138.84010850573208,-49.024495368078426,0,0,0.3,138.84010850573208,20260409-103125,0.0,0.0
161.21278387127444,3.290206924152386,138.97446906034793,-48.99776445300796,0,0,0.3,138.97446906034793,20260409-103125,0.0,0.0
159.57998198287385,3.2587155857158443,139.11157990176616,-48.97020859456773,0,0,0.3,139.11157990176616,20260409-103125,0.0,0.0
157.94811283930264,3.227264470025078,139.25152472875868,-48.941793988788056,0,0,0.3,139.25152472875868,20260409-103125,0.0,0.0
156.31720565265508,3.1958549091103117,139.39439060083885,-48.91248510908524,0,0,0.3,139.39439060083888,20260409-103125,0.0,0.0
154.68729084939878,3.1644882944742307,139.54026810477944,-48.88224460160298,0,0,0.3,139.54026810477944,20260409-103125,0.0,0.0
153.05840013312945,3.1331660804486052,139.6892515308703,-48.85103317319669,0,0,0.3,139.6892515308703,20260409-103125,0.0,0.0
151.43056655119034,3.1018897877808485,139.84143905956665,-48.818809471475994,0,0,0.3,139.84143905956665,20260409-103125,0.0,0.0
149.80382456543109,3.070661007469091,139.9969329592259,-48.785529956269194,0,0,0.3,139.99693295922592,20260409-103125,0.0,0.0
148.17821012740393,3.0394814048661063,140.1558397956843,-48.75114876181695,0,0,0.3,140.15583979568433,20260409-103125,0.0,0.0
146.55376075831808,3.0083527240743235,140.31827065447948,-48.7156175489405,0,0,0.3,140.31827065447948,20260409-103125,0.0,0.0
144.93051563410046,2.9772767926563213,140.4843413765874,-48.67888534636167,0,0,0.3,140.48434137658737,20260409-103125,0.0,0.0
143.3085156759388,2.9462555266875166,140.65417280860572,-48.64089838027761,0,0,0.3,140.6541728086057,20260409-103125,0.0,0.0
141.68780364671474,2.9152909361804333,140.82789106838845,-48.60159989121079,0,0,0.3,140.82789106838845,20260409-103125,0.0,0.0
140.06842425376905,2.884385130912811,141.0056278272117,-48.560929937065,0,0,0.3,141.00562782721167,20260409-103125,0.0,0.0
138.4504242584772,2.8535403266950716,141.18752060963368,-48.518825181219164,0,0,0.3,141.1875206096337,20260409-103125,0.0,0.0
136.83385259315574,2.8227588521162836,141.37371311230254,-48.47521866438163,0,0,0.3,141.37371311230254,20260409-103125,0.0,0.0
135.21876048586327,2.792043155811793,141.56435554305892,-48.43003955880765,0,0,0.3,141.56435554305892,20260409-103125,0.0,0.0
133.60520159370927,2.761395814300193,141.75960498178932,-48.383212903351264,0,0,0.3,141.75960498178932,20260409-103125,0.0,0.0
131.99323214533678,2.7308195404423596,141.9596257645939,-48.33465931767702,0,0,0.3,141.9596257645939,20260409-103125,0.0,0.0
130.3829110933043,2.700317192580942,142.16458989295745,-48.28429469379682,0,0,0.3,142.16458989295745,20260409-103125,0.0,0.0
128.7743002771549,2.669891784425005,142.37467746974187,-48.23202986292123,0,0,0.3,142.37467746974184,20260409-103125,0.0,0.0
127.16746459803261,2.6395464957517234,142.59007716396013,-48.17777023541927,0,0,0.3,142.59007716396016,20260409-103125,0.0,0.0
125.56247220578106,2.609284684004974,142.81098670644542,-48.12141541146673,0,0,0.3,142.81098670644545,20260409-103125,0.0,0.0
123.95939469954607,2.579109896879802,143.03761341869023,-48.062858759726254,0,0,0.3,143.03761341869023,20260409-103125,0.0,0.0
122.35830734299492,2.5490258859919077,143.27017477731147,-48.00198696114119,0,0,0.3,143.27017477731144,20260409-103125,0.0,0.0
120.7592892953681,2.519036621742898,143.50889901678306,-47.93867951463758,0,0,0.3,143.50889901678306,20260409-103125,0.0,0.0
119.162423859691,2.489146309505139,143.75402577328424,-47.87280820121071,0,0,0.3,143.75402577328424,20260409-103125,0.0,0.0
117.56779874959618,2.459359407264926,144.0058067727282,-47.80423650252254,0,0,0.3,144.00580677272822,20260409-103125,0.0,0.0
115.97550637634262,2.4296806448796158,144.26450656627014,-47.732818969749374,0,0,0.3,144.26450656627017,20260409-103125,0.0,0.0
114.38564415776692,2.4001150451236293,144.53040331684207,-47.65840053799377,0,0,0.3,144.53040331684207,20260409-103125,0.0,0.0
112.79831485106553,2.3706679467202436,144.80378964052625,-47.580815781104654,0,0,0.3,144.80378964052625,20260409-103125,0.0,0.0
111.21362691148774,2.341345029581276,145.0849735068598,-47.49988810123259,0,0,0.3,145.08497350685982,20260409-103125,0.0,0.0
109.63169487921691,2.3121523425055828,145.37427920245915,-47.4154288468785,0,0,0.3,145.37427920245915,20260409-103125,0.0,0.0
108.0526397969364,2.283096333620446,145.67204836266262,-47.32723635256805,0,0,0.3,145.67204836266262,20260409-103125,0.0,0.0
153.33333333333326,1.3939393939393934,0.0,-109.99999999999999,0,0,1.2,0.0,20260409-103125,0.0,0.0
149.66666666666663,1.3606060606060602,0.0,-110.0,0,0,1.2,0.0,20260409-103125,0.0,0.0
146.0,1.3272727272727274,0.0,-110.0,0,0,1.2,0.0,20260409-103125,0.0,0.0
142.33333333333337,1.2939393939393944,0.0,-110.0,0,0,1.2,0.0,20260409-103125,0.0,0.0
138.66666666666674,1.2606060606060614,0.0,-110.0,0,0,1.2,0.0,20260409-103125,0.0,0.0
135.0000000000001,1.2272727272727284,0.0,-110.0,0,0,1.2,0.0,20260409-103125,0.0,0.0
131.33333333333348,1.1939393939393954,0.0,-110.0,0,0,1.2,0.0,20260409-103125,0.0,0.0
127.66666666666686,1.1606060606060624,0.0,-110.0,0,0,1.2,0.0,20260409-103125,0.0,0.0
124.00000000000023,1.1272727272727294,0.0,-110.0,0,0,1.2,0.0,20260409-103125,0.0,0.0
120.3333333333336,1.0939393939393964,0.0,-110.0,0,0,1.2,0.0,20260409-103125,0.0,0.0
116.66666666666697,1.0606060606060634,0.0,-110.0,0,0,1.2,0.0,20260409-103125,0.0,0.0
113.00000000000034,1.0272727272727304,0.0,-110.0,0,0,1.2,0.0,20260409-103125,0.0,0.0
109.33333333333371,0.9939393939393973,0.0,-110.0,0,0,1.2,0.0,20260409-103125,0.0,0.0
105.66666666666708,0.9606060606060643,0.0,-110.0,0,0,1.2,0.0,20260409-103125,0.0,0.0
102.00000000000045,0.9272727272727312,0.0,-110.00000000000001,0,0,1.2,0.0,20260409-103125,0.0,0.0
98.33333333333383,0.8939393939393984,0.0,-110.0,0,0,1.2,0.0,20260409-103125,0.0,0.0
94.6666666666672,0.8606060606060655,0.0,-110.0,0,0,1.2,0.0,20260409-103125,0.0,0.0
91.00000000000057,0.8272727272727326,0.0,-109.99999999999999,0,0,1.2,0.0,20260409-103125,0.0,0.0
87.33333333333394,0.7939393939393995,0.0,-110.0,0,0,1.4,0.0,20260409-103125,0.0,0.0
83.66666666666731,0.7606060606060664,0.0,-110.00000000000001,0,0,1.4,0.0,20260409-103125,0.0,0.0
80.00000000000068,0.7272727272727335,0.0,-110.0,0,0,1.4,0.0,20260409-103125,0.0,0.0
76.33333333333405,0.6939393939394005,0.0,-110.0,0,0,1.4,0.0,20260409-103125,0.0,0.0
72.66666666666742,0.6606060606060675,0.0,-110.0,0,0,1.4,0.0,20260409-103125,0.0,0.0
69.0000000000008,0.6272727272727345,0.0,-110.0,0,0,1.4,0.0,20260409-103125,0.0,0.0
65.33333333333417,0.5939393939394015,0.0,-110.0,0,0,1.4,0.0,20260409-103125,0.0,0.0
61.66666666666754,0.5606060606060685,0.0,-110.0,0,0,1.4,0.0,20260409-103125,0.0,0.0
58.00000000000091,0.5272727272727356,0.0,-110.0,0,0,1.4,0.0,20260409-103125,0.0,0.0
54.33333333333428,0.49393939393940256,0.0,-110.0,0,0,1.4,0.0,20260409-103125,0.0,0.0
50.66666666666765,0.4606060606060696,0.0,-109.99999999999999,0,0,1.4,0.0,20260409-103125,0.0,0.0
47.00000000000102,0.4272727272727366,0.0,-110.0,0,0,1.4,0.0,20260409-103125,0.0,0.0
43.333333333334394,0.3939393939394036,0.0,-110.0,0,0,1.4,0.0,20260409-103125,0.0,0.0
39.666666666667766,0.3606060606060706,0.0,-110.0,0,0,1.4,0.0,20260409-103125,0.0,0.0
36.00000000000114,0.3272727272727376,0.0,-110.0,0,0,1.4,0.0,20260409-103125,0.0,0.0
32.33333333333451,0.7583602766950975,0.0,-42.63584779814922,0,0,1.6,0.0,20260409-103125,0.0,0.0
30.862004078100767,0.6991864435581862,0.0,-44.13987765701358,0,0,1.6,0.0,20260409-103125,0.0,0.0
29.390674822867027,0.6658531102248538,0.0,-44.13987765701358,0,0,1.6,0.0,20260409-103125,0.0,0.0
27.919345567633286,0.6325197768915216,0.0,-44.13987765701358,0,0,1.6,0.0,20260409-103125,0.0,0.0
26.448016312399545,0.5991864435581892,0.0,-44.139877657013585,0,0,1.6,0.0,20260409-103125,0.0,0.0
24.976687057165805,0.565853110224857,0.0,-44.13987765701358,0,0,1.6,0.0,20260409-103125,0.0,0.0
23.505357801932064,0.5325197768915246,0.0,-44.13987765701358,0,0,1.6,0.0,20260409-103125,0.0,0.0
22.034028546698323,0.4991864435581923,0.0,-44.13987765701358,0,0,1.6,0.0,20260409-103125,0.0,0.0
20.562699291464583,0.46585311022486003,0.0,-44.13987765701358,0,0,1.6,0.0,20260409-103125,0.0,0.0
19.091370036230842,0.4325197768915277,0.0,-44.13987765701358,0,0,1.6,0.0,20260409-103125,0.0,0.0
17.6200407809971,0.3991864435581954,0.0,-44.13987765701358,0,0,1.6,0.0,20260409-103125,0.0,0.0
16.14871152576336,0.3658531102248631,0.0,-44.13987765701358,0,0,1.6,0.0,20260409-103125,0.0,0.0
14.67738227052962,0.3325197768915308,0.0,-44.13987765701358,0,0,1.6,0.0,20260409-103125,0.0,0.0
13.206053015295879,0.29918644355819846,0.0,-44.139877657013585,0,0,1.6,0.0,20260409-103125,0.0,0.0
11.734723760062138,0.2658531102248662,0.0,-44.13987765701358,0,0,1.6,0.0,20260409-103125,0.0,0.0
10.263394504828398,0.23251977689153386,0.0,-44.13987765701358,0,0,1.6,0.0,20260409-103125,0.0,0.0
8.792065249594657,0.19918644355820156,0.0,-44.13987765701358,0,0,1.6,0.0,20260409-103125,0.0,0.0
7.320735994360916,0.16585311022486926,0.0,-44.13987765701358,0,0,1.6,0.0,20260409-103125,0.0,0.0
5.849406739127176,0.13251977689153696,0.0,-44.13987765701357,0,0,1.6,0.0,20260409-103125,0.0,0.0
4.378077483893435,0.09918644355820463,0.0,-44.13987765701358,0,0,1.6,0.0,20260409-103125,0.0,0.0
2.906748228659694,0.06585311022487232,0.0,-44.13987765701358,0,0,1.6,0.0,20260409-103125,0.0,0.0
1.4354189734259535,0.032519776891540016,0.0,-44.13987765701358,0,0,1.6,0.0,20260409-103125,0.0,0.0
0.035910281807787214,0.022655250831695624,-180.0,1.5850754456246081,0,0,1.6,180.0,20260409-103125,0.0,0.0
1.507239537041528,0.0341468897751246,-180.0,44.13987765701358,0,0,1.6,180.0,20260409-103125,0.0,0.0
2.9785687922752686,0.0674802231084569,-180.0,44.139877657013585,0,0,1.6,180.0,20260409-103125,0.0,0.0
4.449898047509009,0.10081355644178921,-180.0,44.13987765701358,0,0,1.6,180.0,20260409-103125,0.0,0.0
5.92122730274275,0.13414688977512154,-180.0,44.13987765701358,0,0,1.6,180.0,20260409-103125,0.0,0.0
7.392556557976491,0.16748022310845384,-180.0,44.13987765701358,0,0,1.6,180.0,20260409-103125,0.0,0.0
8.863885813210231,0.20081355644178614,-180.0,44.13987765701358,0,0,1.6,180.0,20260409-103125,0.0,0.0
10.335215068443972,0.23414688977511847,-180.0,44.13987765701358,0,0,1.6,180.0,20260409-103125,0.0,0.0
11.806544323677713,0.26748022310845077,-180.0,44.13987765701358,0,0,1.6,180.0,20260409-103125,0.0,0.0
13.277873578911453,0.3008135564417831,-180.0,44.13987765701358,0,0,1.6,180.0,20260409-103125,0.0,0.0
14.749202834145194,0.33414688977511536,-180.0,44.13987765701358,0,0,1.6,180.0,20260409-103125,0.0,0.0
16.220532089378935,0.3674802231084477,-180.0,44.13987765701358,0,0,1.6,180.0,20260409-103125,0.0,0.0
17.691861344612676,0.40081355644178,-180.0,44.13987765701358,0,0,1.6,180.0,20260409-103125,0.0,0.0
19.163190599846416,0.4341468897751123,-180.0,44.13987765701358,0,0,1.6,180.0,20260409-103125,0.0,0.0
20.634519855080157,0.4674802231084446,-180.0,44.13987765701358,0,0,1.6,180.0,20260409-103125,0.0,0.0
22.105849110313898,0.5008135564417769,-180.0,44.13987765701358,0,0,1.6,180.0,20260409-103125,0.0,0.0
23.57717836554764,0.5341468897751093,-180.0,44.13987765701358,0,0,1.6,180.0,20260409-103125,0.0,0.0
25.04850762078138,0.5674802231084415,-180.0,44.13987765701358,0,0,1.6,180.0,20260409-103125,0.0,0.0
26.51983687601512,0.6008135564417738,-180.0,44.13987765701358,0,0,1.6,180.0,20260409-103125,0.0,0.0
27.99116613124886,0.6341468897751062,-180.0,44.13987765701357,0,0,1.6,180.0,20260409-103125,0.0,0.0
29.4624953864826,0.6674802231084385,-180.0,44.13987765701358,0,0,1.6,180.0,20260409-103125,0.0,0.0
30.933824641716342,0.7008135564417708,-180.0,44.13987765701358,0,0,1.6,180.0,20260409-103125,0.0,0.0
32.40515389695008,0.7341468897751031,-180.0,44.13987765701358,0,0,1.6,180.0,20260409-103125,0.0,0.0
33.87648315218382,0.7674802231084354,-180.0,44.13987765701358,0,0,1.6,180.0,20260409-103125,0.0,0.0
35.347812407417564,0.8008135564417677,-180.0,44.13987765701358,0,0,1.6,180.0,20260409-103125,0.0,0.0
36.819141662651305,0.8341468897751,-180.0,44.13987765701358,0,0,1.6,180.0,20260409-103125,0.0,0.0
38.2904709178851,0.8674802231084336,-180.0,44.13987765701358,0,0,1.6,180.0,20260409-103125,0.0,0.0
39.7618001731189,0.9008135564417672,-180.0,44.13987765701358,0,0,1.5,180.0,20260409-103125,0.0,0.0
41.2331294283527,0.9341468897751007,-180.0,44.13987765701358,0,0,1.5,180.0,20260409-103125,0.0,0.0
42.704458683586495,0.9674802231084344,-180.0,44.13987765701358,0,0,1.5,180.0,20260409-103125,0.0,0.0
44.17578793882029,1.000813556441768,-180.0,44.13987765701358,0,0,1.5,180.0,20260409-103125,0.0,0.0
45.64711719405409,1.0341468897751016,-180.0,44.13987765701358,0,0,1.5,180.0,20260409-103125,0.0,0.0
47.11844644928789,1.0674802231084353,-180.0,44.13987765701358,0,0,1.5,180.0,20260409-103125,0.0,0.0
48.589775704521685,1.1008135564417687,-180.0,44.13987765701358,0,0,1.5,180.0,20260409-103125,0.0,0.0
50.06110495975548,1.1341468897751024,-180.0,44.13987765701358,0,0,1.5,180.0,20260409-103125,0.0,0.0
51.53243421498928,1.1674802231084358,-180.0,44.139877657013585,0,0,1.5,180.0,20260409-103125,0.0,0.0
53.00376347022308,1.2008135564417695,-180.0,44.13987765701358,0,0,1.5,180.0,20260409-103125,0.0,0.0
54.475092725456875,1.2341468897751031,-180.0,44.13987765701358,0,0,1.5,180.0,20260409-103125,0.0,0.0
55.94642198069067,1.2674802231084368,-180.0,44.13987765701358,0,0,1.5,180.0,20260409-103125,0.0,0.0
57.41775123592447,1.3008135564417704,-180.0,44.13987765701358,0,0,1.5,180.0,20260409-103125,0.0,0.0
58.88908049115827,1.3341468897751039,-180.0,44.13987765701358,0,0,1.5,180.0,20260409-103125,0.0,0.0
60.360409746392065,1.3674802231084375,-180.0,44.13987765701358,0,0,1.5,180.0,20260409-103125,0.0,0.0
61.83173900162586,1.4008135564417712,-180.0,44.13987765701358,0,0,1.5,180.0,20260409-103125,0.0,0.0
63.30306825685966,1.4341468897751048,-180.0,44.13987765701358,0,0,1.5,180.0,20260409-103125,0.0,0.0
64.77439751209346,1.4674802231084383,-180.0,44.13987765701358,0,0,1.5,180.0,20260409-103125,0.0,0.0
67.86539360703024,1.5493317072419823,157.91682847129522,43.80301086578788,0,0,1.4,157.91682847129522,20260409-103125,0.0,0.0
69.32573137577728,1.5821613730646042,158.0667751588785,43.81710523086225,0,0,1.4,158.0667751588785,20260409-103125,0.0,0.0
70.78652436509603,1.6150121246607652,158.21053401870722,43.83033618398673,0,0,1.4,158.21053401870725,20260409-103125,0.0,0.0
72.24774496237823,1.6478826650618077,158.34847863242248,43.84277260399994,0,0,1.6,158.3484786324225,20260409-103125,0.0,0.0
73.70936773682149,1.6807718015293422,158.48095323268433,43.85447665754089,0,0,1.6,158.48095323268433,20260409-103125,0.0,0.0
75.17136922878102,1.7136784352909464,158.6082755175047,43.86550456650784,0,0,1.6,158.60827551750467,20260409-103125,0.0,0.0
76.63372776299012,1.7466015524653993,158.7307391481882,43.87590727537056,0,0,1.6,158.7307391481882,20260409-103125,0.0,0.0
78.09642328256176,1.7795402160196594,158.8486159714413,43.88573103295295,0,0,1.6,158.8486159714413,20260409-103125,0.0,0.0
77.2906171927316,0.7325934448944769,-1.8309455585806518,-105.5027419797137,0,0,1.6,-1.830945558580647,20260409-103125,0.0,0.0
73.77399172331332,0.6993153594859524,-1.9395761646434266,-105.49459656876772,0,0,1.6,-1.9395761646434202,20260409-103125,0.0,0.0
70.25765799411167,0.666042814635157,-2.0590809686150635,-105.48519772350852,0,0,1.6,-2.0590809686150653,20260409-103125,0.0,0.0
66.7416621167885,0.6327766877951297,-2.191177586492671,-105.4742745807302,0,0,1.6,-2.1911775864926653,20260409-103125,0.0,0.0
63.22606045511213,0.599518052026905,-2.3379651747860066,-105.46147900192786,0,0,1.6,-2.3379651747860106,20260409-103125,0.0,0.0
59.71092263986016,0.5662682337245144,-2.5020365014382264,-105.44635754529912,0,0,1.6,-2.5020365014382158,20260409-103125,0.0,0.0
56.19633571329335,0.5330288920641308,-2.686631942671738,-105.42831082884743,0,0,1.6,-2.686631942671732,20260409-103125,0.0,0.0
52.682409929376924,0.4998021303538999,-2.895854898747274,-105.40653336566125,0,0,1.6,-2.895854898747287,20260409-103125,0.0,0.0
49.1692870357156,0.4665906552999003,-3.1349792015367086,-105.37992237352488,0,0,1.6,-3.134979201536697,20260409-103125,0.0,0.0
45.6571523696146,0.43339801010267104,-3.410897781873331,-105.34693585417828,0,0,1.6,-3.4108977818733406,20260409-103125,0.0,0.0
42.146252984954124,0.4002289246573504,-3.7327944594248095,-105.30536497589965,0,0,1.6,-3.7327944594248046,20260409-103125,0.0,0.0
38.63692562962588,0.36708985776544584,-4.113179701353118,-105.25195619627596,0,0,1.6,-4.113179701353132,20260409-103125,0.0,0.0
35.12964142735681,0.3339898665356505,-4.569542582718384,-105.18175833220086,0,0,1.6,-4.56954258271838,20260409-103125,0.0,0.0
31.625080154649762,0.300942059073437,-5.1270921751213905,-105.08694016389543,0,0,1.6,-5.12709217512138,20260409-103125,0.0,0.0
28.124259741890402,0.2679661444937276,-5.823526165715634,-104.95452623325228,0,0,1.6,-5.823526165715623,20260409-103125,0.0,0.0
99.70611472431013,7.974607214117094,68.64607064285443,-12.5029499318543,0,0,1.5,68.64607064285443,20260409-103125,0.0,0.0
99.35083506291265,11.280594990739822,70.66192915143608,-8.807233585149472,0,0,1.5,70.6619291514361,20260409-103125,0.0,0.0
99.11933133978857,19.51690201725841,72.68972645069306,-5.078640618892246,0,0,1.5,72.68972645069304,20260409-103125,0.0,0.0
99.01247177029494,74.3944392456706,74.72445641461013,-1.3309122667532842,0,0,1.5,74.72445641461013,20260409-103125,0.0,0.0
99.03065984909948,40.89046140869111,76.76100903149688,2.4218523449591327,0,0,1.5,76.76100903149685,20260409-103125,0.0,0.0
99.17382677652694,16.085391731422064,78.7942468011878,6.165459221163728,0,0,1.5,78.79424680118782,20260409-103125,0.0,0.0
99.44143275376234,10.058929071611862,80.81908216198121,9.885886663064785,0,0,1.5,80.8190821619812,20260409-103125,0.0,0.0
99.83247709042102,7.35709838785717,82.83055304977529,13.569544924829835,0,0,1.5,82.83055304977529,20260409-103125,0.0,0.0
100.34551668692417,5.832848885667786,84.82389382105202,17.20351729555152,0,0,1.5,84.82389382105201,20260409-103125,0.0,0.0
100.97869210675117,4.860406027136405,86.7945990869091,20.77577295867287,0,0,1.5,86.79459908690907,20260409-103125,0.0,0.0
101.72976016526462,4.190661927730445,88.73847847326579,24.27534406726979,0,0,1.5,88.73847847326581,20260409-103125,0.0,0.0
102.59613175087259,3.704839670270069,90.6517008941513,27.692461990775897,0,0,1.5,90.65170089415132,20260409-103125,0.0,0.0
103.57491347073619,3.3391173451831513,92.53082754478123,31.018650368831253,0,0,1.5,92.5308275447812,20260409-103125,0.0,0.0
104.66295167807235,3.056140354653058,94.37283343344603,34.246775191041245,0,0,1.5,94.37283343344605,20260409-103125,0.0,0.0
105.8568774843206,2.8325900677309535,96.17511782769367,37.37105438949635,0,0,1.5,96.17511782769365,20260409-103125,0.0,0.0
107.15315147377774,2.653157417364271,97.93550445446857,40.3870312302189,0,0,1.5,97.93550445446859,20260409-103125,0.0,0.0
108.54810700358705,2.5073759116193806,99.65223264372275,43.2915170400124,0,0,1.5,99.65223264372277,20260409-103125,0.0,0.0
110.03799116954993,2.3878471978257925,101.32394083284959,46.082509496312355,0,0,1.5,101.3239408328496,20260409-103125,0.0,0.0
111.61900273011602,2.2891935867090507,102.94964395991303,48.75909288675744,0,0,1.5,102.94964395991305,20260409-103125,0.0,0.0
113.28732649140099,2.2074122829543086,104.52870628121605,51.32132649899998,0,0,1.5,104.52870628121603,20260409-103125,0.0,0.0
115.03916385275433,2.1394623898767624,106.06081107325144,53.77012673701679,0,0,1.5,106.06081107325147,20260409-103125,0.0,0.0
112.00000000000216,1.0181818181818378,0.0,-110.0,0,0,1.5,0.0,20260409-103125,0.0,0.0
108.33333333333553,0.9848484848485048,0.0,-110.0,0,0,1.5,0.0,20260409-103125,0.0,0.0
104.6666666666689,0.9515151515151719,0.0,-110.0,0,0,1.5,0.0,20260409-103125,0.0,0.0
101.00000000000227,0.9181818181818387,0.0,-110.00000000000001,0,0,1.5,0.0,20260409-103125,0.0,0.0
97.33333333333564,0.8848484848485059,0.0,-110.0,0,0,1.5,0.0,20260409-103125,0.0,0.0
93.66666666666902,0.8515151515151729,0.0,-110.0,0,0,1.5,0.0,20260409-103125,0.0,0.0
90.00000000000239,0.81818181818184,0.0,-109.99999999999999,0,0,1.5,0.0,20260409-103125,0.0,0.0
86.33333333333576,0.7848484848485069,0.0,-110.0,0,0,1.5,0.0,20260409-103125,0.0,0.0
82.66666666666913,0.7515151515151738,0.0,-110.00000000000001,0,0,1.5,0.0,20260409-103125,0.0,0.0
79.0000000000025,0.7181818181818409,0.0,-110.0,0,0,1.5,0.0,20260409-103125,0.0,0.0
75.33333333333587,0.6848484848485079,0.0,-110.0,0,0,1.5,0.0,20260409-103125,0.0,0.0
71.66666666666924,0.6515151515151749,0.0,-110.0,0,0,1.5,0.0,20260409-103125,0.0,0.0
68.00000000000261,0.6181818181818419,0.0,-110.0,0,0,1.5,0.0,20260409-103125,0.0,0.0
64.33333333333599,0.5848484848485089,0.0,-110.0,0,0,1.5,0.0,20260409-103125,0.0,0.0
60.66666666666936,0.5515151515151759,0.0,-110.0,0,0,1.5,0.0,20260409-103125,0.0,0.0
57.00000000000273,0.518181818181843,0.0,-110.0,0,0,1.5,0.0,20260409-103125,0.0,0.0
53.3333333333361,0.48484848484851,0.0,-110.0,0,0,1.5,0.0,20260409-103125,0.0,0.0
49.66666666666947,0.45151515151517707,0.0,-109.99999999999999,0,0,1.5,0.0,20260409-103125,0.0,0.0
46.00000000000284,0.418181818181844,0.0,-110.0,0,0,1.5,0.0,20260409-103125,0.0,0.0
42.33333333333621,0.38484848484851103,0.0,-110.0,0,0,1.5,0.0,20260409-103125,0.0,0.0
38.666666666669585,0.35151515151517804,0.0,-110.0,0,0,1.5,0.0,20260409-103125,0.0,0.0
35.000000000002956,0.31818181818184504,0.0,-110.0,0,0,1.5,0.0,20260409-103125,0.0,0.0
31.333333333336327,0.28484848484851205,0.0,-110.00000000000001,0,0,1.5,0.0,20260409-103125,0.0,0.0
27.6666666666697,0.25151515151517906,0.0,-110.0,0,0,1.5,0.0,20260409-103125,0.0,0.0
24.00000000000307,0.21818181818184612,0.0,-109.99999999999999,0,0,1.5,0.0,20260409-103125,0.0,0.0
20.33333333333644,0.1848484848485131,0.0,-110.0,0,0,1.5,0.0,20260409-103125,0.0,0.0
16.666666666669812,0.1515151515151801,0.0,-110.0,0,0,1.5,0.0,20260409-103125,0.0,0.0
13.000000000003183,0.11818181818184711,0.0,-110.0,0,0,1.5,0.0,20260409-103125,0.0,0.0
9.333333333336554,0.08484848484851414,0.0,-110.0,0,0,1.5,0.0,20260409-103125,0.0,0.0
5.666666666669926,0.05151515151518114,0.0,-110.0,0,0,1.5,0.0,20260409-103125,0.0,0.0
2.000000000003297,0.018181818181848153,0.0,-110.0,0,0,1.5,0.0,20260409-103125,0.0,0.0
1.6666666666633319,0.015151515151484834,-180.0,110.0,0,0,1.5,180.0,20260409-103125,0.0,0.0
5.333333333329961,0.04848484848481782,-180.0,110.0,0,0,1.5,180.0,20260409-103125,0.0,0.0
8.99999999999659,0.08181818181815081,-180.0,110.0,0,0,1.5,180.0,20260409-103125,0.0,0.0
12.666666666663218,0.11515151515148381,-180.0,110.0,0,0,1.5,180.0,20260409-103125,0.0,0.0
16.333333333329847,0.1484848484848168,-180.0,110.0,0,0,1.5,180.0,20260409-103125,0.0,0.0
19.999999999996476,0.18181818181814977,-180.0,110.00000000000001,0,0,1.5,180.0,20260409-103125,0.0,0.0
23.666666666663104,0.21515151515148276,-180.0,110.0,0,0,1.5,180.0,20260409-103125,0.0,0.0
27.333333333329733,0.24848484848481578,-180.0,109.99999999999999,0,0,1.5,180.0,20260409-103125,0.0,0.0
30.999999999996362,0.28181818181814877,-180.0,110.0,0,0,1.5,180.0,20260409-103125,0.0,0.0
34.66666666666299,0.3151515151514817,-180.0,110.0,0,0,1.5,180.0,20260409-103125,0.0,0.0
38.333333333329676,0.3484848484848153,-180.0,109.99999999999999,0,0,1.5,180.0,20260409-103125,0.0,0.0
41.99999999999636,0.38181818181814875,-180.0,110.0,0,0,1.5,180.0,20260409-103125,0.0,0.0
45.66666666666305,0.4151515151514822,-180.0,110.00000000000001,0,0,1.5,180.0,20260409-103125,0.0,0.0
49.33333333332973,0.44848484848481573,-180.0,110.0,0,0,1.5,180.0,20260409-103125,0.0,0.0
52.99999999999642,0.4818181818181493,-180.0,110.0,0,0,1.5,180.0,20260409-103125,0.0,0.0
56.666666666663104,0.5151515151514828,-180.0,109.99999999999999,0,0,1.5,180.0,20260409-103125,0.0,0.0
60.33333333332979,0.5484848484848163,-180.0,110.0,0,0,1.5,180.0,20260409-103125,0.0,0.0
111.5212984142491,17.71636564999903,-140.4575534851046,6.294818057915576,0,0,1.5,39.54244651489541,20260409-103125,0.0,0.0
111.77912550254322,12.187679091085,-138.77839139106558,9.171485782252589,0,0,1.5,41.22160860893441,20260409-103125,0.0,0.0
112.13246967184195,9.325207682715652,-137.10838406841515,12.02466191500275,0,0,1.5,42.891615931584845,20260409-103125,0.0,0.0
112.58043155797426,7.582489101500946,-135.4502665742662,14.847424117720008,0,0,1.5,44.54973342573379,20260409-103125,0.0,0.0
113.12188711002322,6.415268971423704,-133.80665575566508,17.63322591989759,0,0,1.5,46.19334424433494,20260409-103125,0.0,0.0
113.75550129714993,5.582827539385862,-132.1800276682673,20.37596549322453,0,0,1.5,47.81997233173271,20260409-103125,0.0,0.0
114.47974391078473,4.96226846537685,-130.57269828829843,23.07004240289341,0,0,1.5,49.42730171170158,20260409-103125,0.0,0.0
115.29290704493387,4.484290426458761,-128.98680780702156,25.710401441590065,0,0,1.5,51.01319219297844,20260409-103125,0.0,0.0
116.1931238169652,4.106843304923545,-127.4243086559577,28.292563214590025,0,0,1.5,52.5756913440423,20260409-103125,0.0,0.0
117.1783878891384,3.8029322227964264,-125.88695727545479,30.812641673369903,0,0,1.5,54.1130427245452,20260409-103125,0.0,0.0
118.2465733657009,3.554433280436166,-124.37630951593292,33.2673492611432,0,0,1.5,55.623690484067076,20260409-103125,0.0,0.0
119.39545466910675,3.3487262511674305,-122.89371945562145,35.65399071586792,0,0,1.5,57.10628054437855,20260409-103125,0.0,0.0
120.62272603881617,3.1767528698057284,-121.44034133434033,37.97044686267734,0,0,1.5,58.55965866565967,20260409-103125,0.0,0.0
121.92602034392743,3.0318429895503822,-120.01713424145436,40.21514991513755,0,0,1.5,59.98286575854565,20260409-103125,0.0,0.0
123.30292695333816,2.9089762423552434,-118.62486915742781,42.38705189751097,0,0,1.5,61.3751308425722,20260409-103125,0.0,0.0
124.75100846122494,2.8043016762777078,-117.26413793089469,44.485587808374916,0,0,1.5,62.735862069105316,20260409-103125,0.0,0.0
126.26781611877558,2.7148159962174834,-115.93536377426746,46.51063508344685,0,0,1.5,64.06463622573254,20260409-103125,0.0,0.0
127.85090387321154,2.6381425001111283,-114.63881287741549,48.46247079823247,0,0,1.5,65.36118712258451,20260409-103125,0.0,0.0
129.4978409606483,2.572375768065226,-113.37460676734736,50.34172789539537,0,0,1.5,66.62539323265264,20260409-103125,0.0,0.0
131.206223039235,2.515970365066852,-112.14273507863915,52.1493515428385,0,0,1.5,67.85726492136085,20260409-103125,0.0,0.0
132.97368188274524,2.4676596617289595,-110.94306844132659,53.88655653980159,0,0,1.5,69.05693155867341,20260409-103125,0.0,0.0
134.79789368222902,2.4263956748387687,-109.77537123729097,55.554786500839846,0,0,1.5,70.22462876270903,20260409-103125,0.0,0.0
136.67658602466423,2.3913038406135874,-108.63931402048243,57.15567536979919,0,0,1.7,71.36068597951757,20260409-103125,0.0,0.0
138.60754363319947,2.3616485681123174,-107.53448543882394,58.691011653774325,0,0,1.7,72.46551456117606,20260409-103125,0.0,0.0
140.58861296414116,2.336806689551402,-106.46040353501743,60.1627056241995,0,0,1.7,73.53959646498257,20260409-103125,0.0,0.0
142.61770576198737,2.3162467731559735,-105.41652633887479,61.57275961043882,0,0,1.7,74.58347366112521,20260409-103125,0.0,0.0
144.69280167625635,2.299512841872066,-104.40226169475596,62.92324141075894,0,0,1.7,75.59773830524404,20260409-103125,0.0,0.0
146.81195004329874,2.2862114407345824,-103.4169762940645,64.21626076550758,0,0,1.7,76.5830237059355,20260409-103125,0.0,0.0
148.97327093337103,2.276001275997908,-102.46000390461485,65.453948776041,0,0,1.7,77.53999609538515,20260409-103125,0.0,0.0
151.17495555858127,2.268584848516979,-101.53065280630862,66.63844010833779,0,0,1.7,78.46934719369138,20260409-103125,0.0,0.0
153.41526613140692,2.26370164747176,-100.62821245631143,67.77185778998326,0,0,1.7,79.37178754368857,20260409-103125,0.0,0.0
155.69253525677374,2.2611225751715605,-99.75195941724698,68.85630039095103,0,0,1.9,80.24804058275302,20260409-103125,0.0,0.0
158.00516493353308,2.2606453507589723,-98.90116258928062,69.89383137009332,0,0,1.9,81.09883741071938,20260409-103125,0.0,0.0
160.35162523387214,2.2620906979921127,-98.07508779181526,70.88647036840928,0,0,1.9,81.92491220818474,20260409-103125,0.0,0.0
162.73045272196381,2.2652991653714247,-97.27300174329916,71.83618623515542,0,0,1.9,82.72699825670084,20260409-103125,0.0,0.0
165.14024866617575,2.270128459532513,-96.4941754887531,72.74489158211912,0,0,1.9,83.5058245112469,20260409-103125,0.0,0.0
167.57967709253217,2.2764511977825976,-95.73788732441795,73.61443867356567,0,0,1.9,84.26211267558205,20260409-103125,0.0,0.0
170.04746272093647,2.2841530048804466,-95.00342526771442,74.44661647341651,0,0,1.9,84.99657473228558,20260409-103125,0.0,0.0
172.54238881996255,2.2931308940754165,-94.29008911876038,75.2431486862555,0,0,1.9,85.70991088123962,20260409-103125,0.0,0.0
175.06329501083295,2.303291884076591,-93.59719215722848,76.00569264412499,0,0,1.9,86.40280784277152,20260409-103125,0.0,0.0
177.6090750465208,2.3145518127908984,-92.92406251552754,76.73583890626274,0,0,1.9,87.07593748447246,20260409-103125,0.0,0.0
177.98751709578647,110.74838700763199,-178.11463151377916,1.6071341705728033,0,0,1.9,1.8853684862208384,20260409-103125,0.0,0.0
178.04382412514755,100.51808310245721,-177.79699964287897,1.771261634025283,0,0,1.9,2.2030003571210375,20260409-103125,0.0,0.0
178.10559939139836,92.0334929939584,-177.47957836100267,1.9352259008912138,0,0,1.9,2.5204216389973335,20260409-103125,0.0,0.0
178.17283720677312,84.88413965644996,-177.16238692289437,2.0990121114249236,0,0,1.9,2.8376130771056167,20260409-103125,0.0,0.0
178.2455313895203,78.77888230562331,-176.84544449907713,2.2626054873184835,0,0,1.9,3.154555500922869,20260409-103125,0.0,0.0
178.32367526672633,73.50548720269589,-176.52877016903523,2.4259913382382985,0,0,1.9,3.471229830964767,20260409-103125,0.0,0.0
178.40726167735565,68.90559158229617,-176.21238291447935,2.5891550682687066,0,0,1.9,3.787617085520642,20260409-103125,0.0,0.0
178.4962829755041,64.8586310853455,-175.89630161269997,2.7520821822561485,0,0,1.9,4.103698387300018,20260409-103125,0.0,0.0
178.59073103386194,61.2711975195714,-175.58054503001492,2.9147582920476793,0,0,1.9,4.419454969985079,20260409-103125,0.0,0.0
178.6905972473829,58.06980056246283,-175.26513181531644,3.0771691226177746,0,0,1.9,4.734868184683553,20260409-103125,0.0,0.0
178.7958725371556,55.195827475514356,-174.95008049372328,3.2393005180776018,0,0,1.9,5.049919506276728,20260409-103125,0.0,0.0
178.90654735447322,52.60195964170839,-174.6354094603426,3.4011384475611286,0,0,1.9,5.364590539657398,20260409-103125,0.0,0.0
179.02261168509733,50.24957725043269,-174.3211369741472,3.562669010982691,0,0,1.9,5.678863025852802,20260409-103125,0.0,0.0
179.14405505371124,48.106848200311276,-174.00728115197225,3.7238784446608597,0,0,1.9,5.992718848027763,20260409-103125,0.0,0.0
179.27086652855868,46.14729962932299,-173.6938599626366,3.884753126803678,0,0,1.9,6.306140037363411,20260409-103125,0.0,0.0
179.40303472626283,44.348735619366316,-173.38089122119288,4.045279582850625,0,0,1.9,6.619108778807129,20260409-103125,0.0,0.0
179.54054781682115,42.69240700127535,-173.0683925833105,4.205444490666871,0,0,1.9,6.931607416689507,20260409-103125,0.0,0.0
179.68339352877052,41.162367311452414,-172.75638153979565,4.365234685585687,0,0,1.9,7.243618460204351,20260409-103125,0.0,0.0
179.8315591545182,39.74496795762154,-172.44487541125207,4.524637165295123,0,0,1.9,7.555124588747937,20260409-103125,0.0,0.0
179.98503155583285,38.42845870952767,-172.133891342886,4.683639094565318,0,0,1.9,7.866108657114024,20260409-103125,0.0,0.0
180.14379716949043,37.20266873946248,-171.82344629945877,4.84222780981312,0,0,1.9,8.176553700541245,20260409-103125,0.0,0.0
180.3078420130696,36.05874988124032,-171.5135570603902,5.000390823500938,0,0,1.9,8.486442939609795,20260409-103125,0.0,0.0
180.47715169089085,34.988968393915876,-171.20424021501543,5.158115828367019,0,0,1.9,8.795759784984561,20260409-103125,0.0,0.0
180.6517114000938,33.98653486556225,-170.895512157998,5.315390701484661,0,0,1.9,9.104487842001987,20260409-103125,0.0,0.0
180.831505936847,33.045464348610054,-170.58738908490167,5.4722035081481035,0,0,1.9,9.412610915098332,20260409-103125,0.0,0.0
181.0165197026843,32.16046063845616,-170.27988698792294,5.62854250558315,0,0,1.9,9.720113012077064,20260409-103125,0.0,0.0
181.20673671096182,31.326819969134643,-169.97302165178652,5.7843961464808515,0,0,1.9,10.026978348213472,20260409-103125,0.0,0.0
181.40214059343012,30.54035042843464,-169.66680864980526,5.939753082352826,0,0,1.9,10.333191350194745,20260409-103125,0.0,0.0
181.60271460691476,29.797304178269897,-169.36126334010595,6.0946021667071175,0,0,1.9,10.638736659894048,20260409-103125,0.0,0.0
181.80844164010009,29.09432016761101,-169.05640086202274,6.248932458043708,0,0,1.9,10.94359913797727,20260409-103125,0.0,0.0
182.0193042204096,28.42837549063625,-168.75223613265854,6.402733222669132,0,0,1.9,11.247763867341453,20260409-103125,0.0,0.0
182.23528452097733,27.796743905348862,-168.44878384361593,6.55599393732984,0,0,1.9,11.551216156384072,20260409-103125,0.0,0.0
182.45636436770383,27.196960312352754,-168.14605845789748,6.708704291664273,0,0,1.9,11.853941542102511,20260409-103125,0.0,0.0
182.68252524639087,26.626790218052122,-167.84407420697656,6.8608541904738445,0,0,1.9,12.155925793023433,20260409-103125,0.0,0.0
182.913748309949,26.084203384925406,-167.54284508803818,7.012433755813245,0,0,1.9,12.457154911961826,20260409-103125,0.0,0.0
183.15001438567157,25.56735101403879,-167.24238486139024,7.163433328900817,0,0,1.9,12.75761513860978,20260409-103125,0.0,0.0
183.39130398256955,25.07454591945001,-166.94270704804475,7.313843471849882,0,0,1.9,13.057292951955253,20260409-103125,0.0,0.0
183.63759729876114,24.604245246601803,-166.6438249274687,7.463654969222196,0,0,1.9,13.356175072531299,20260409-103125,0.0,0.0
183.88887422891003,24.15503536183183,-166.34575153550364,7.612858829404942,0,0,1.9,13.654248464496359,20260409-103125,0.0,0.0
184.1451143717069,23.72561860130456,-166.04849966245348,7.7614462858128235,0,0,1.9,13.951500337546518,20260409-103125,0.0,0.0
184.4062970373879,23.314801617783374,-165.75208185133926,7.90940879791711,0,0,1.9,14.24791814866073,20260409-103125,0.0,0.0
184.67240125528465,22.921485104888873,-165.45651039631977,8.056738052103626,0,0,1.9,14.543489603680232,20260409-103125,0.0,0.0
184.9434057814,22.544654712547867,-165.16179734127644,8.203425962361912,0,0,1.9,14.838202658723553,20260409-103125,0.0,0.0
185.219289106004,22.18337299558648,-164.86795447856136,8.34946467080793,0,0,1.9,15.132045521438634,20260409-103125,0.0,0.0
185.5000294612446,21.836772260939938,-164.57499334790614,8.4948465480429,0,0,1.9,15.425006652093861,20260409-103125,0.0,0.0
185.78560482876742,21.504048198605624,-164.28292523549018,8.63956419335101,0,0,1.9,15.717074764509825,20260409-103125,0.0,0.0
186.07599294733976,21.184454197947563,-163.99176117316617,8.783610434738865,0,0,1.9,16.00823882683384,20260409-103125,0.0,0.0
186.3711713204731,20.877296264828427,-163.7015119378405,8.92697832881976,0,0,1.9,16.298488062159485,20260409-103125,0.0,0.0
186.67111722403936,20.581928466752426,-163.41218805100667,9.069661160545941,0,0,1.9,16.587811948993334,20260409-103125,0.0,0.0
186.97580771387553,20.297748843116473,-163.12379977842852,9.211652442792156,0,0,1.9,16.876200221571494,20260409-103125,0.0,0.0
491.09171687187444,3.2812391072131333,-176.17886990413797,-149.66654389566116,0,0,1.2,-176.17886990413797,20260409-103125,0.0,0.0
486.1029462780135,3.2480560052256395,-176.1395953173964,-149.65965657487004,0,0,1.2,-176.1395953173964,20260409-103125,0.0,0.0
481.11440882618064,3.214876033057851,-176.09950625761812,-149.652553902231,0,0,1.2,-176.09950625761812,20260409-103125,0.0,0.0
476.1261118445042,3.1816992895461795,-176.05857716413993,-149.6452268160189,0,0,1.2,-176.05857716413993,20260409-103125,0.0,0.0
471.1380629711054,3.148525877732841,-176.01678139718354,-149.63766577340562,0,0,1.2,-176.01678139718354,20260409-103125,0.0,0.0
466.15027017064494,3.1153559050919757,-175.97409118039664,-149.6298607195195,0,0,1.2,-175.97409118039664,20260409-103125,0.0,0.0
461.1627417519387,3.0821894837705117,-175.93047753968978,-149.621801054161,0,0,1.2,-175.93047753968978,20260409-103125,0.0,0.0
456.1754863867252,3.049026730844913,-175.88591023808732,-149.61347559596987,0,0,1.2,-175.88591023808732,20260409-103125,0.0,0.0
451.1885131296732,3.015867768595041,-175.84035770628736,-149.60487254381908,0,0,1.2,-175.84035770628736,20260409-103125,0.0,0.0
446.2018314397256,2.982712724796484,-175.79378696859698,-149.59597943518708,0,0,1.2,-175.79378696859698,20260409-103125,0.0,0.0
441.2154512028849,2.9495617330328074,-175.74616356388083,-149.5867831012362,0,0,1.2,-175.74616356388083,20260409-103125,0.0,0.0
436.22938275655537,2.9164149330293534,-175.6974514611274,-149.5772696182957,0,0,1.2,-175.6974514611274,20260409-103125,0.0,0.0
431.24363691556687,2.883272471010314,-175.6476129692015,-149.56742425541793,0,0,1.2,-175.6476129692015,20260409-103125,0.0,0.0
426.2582250000172,2.8501345000810243,-175.59660864031113,-149.5572314176399,0,0,1.2,-175.59660864031113,20260409-103125,0.0,0.0
421.2731588650828,2.8170011806375443,-175.5443971666737,-149.54667458454531,0,0,1.2,-175.5443971666737,20260409-103125,0.0,0.0
416.28845093296223,2.7838726808058682,-175.49093526981645,-149.53573624367624,0,0,1.2,-175.49093526981645,20260409-103125,0.0,0.0
411.30411422713155,2.7507491769132564,-175.4361775818934,-149.52439781829727,0,0,1.2,-175.4361775818934,20260409-103125,0.0,0.0
406.3201624091097,2.71763085399449,-175.3800765183396,-149.51263958895777,0,0,1.2,-175.3800765183396,20260409-103125,0.0,0.0
401.3366098179498,2.684517906336088,-175.32258214111826,-149.50044060823802,0,0,1.2,-175.32258214111826,20260409-103125,0.0,0.0
396.3534715126957,2.6514105380618616,-175.2636420117416,-149.48777860799473,0,0,1.2,-175.2636420117416,20260409-103125,0.0,0.0
391.37076331806554,2.618308963763509,-175.20320103316445,-149.4746298983434,0,0,1.2,-175.20320103316445,20260409-103125,0.0,0.0
386.38850187365216,2.585213409180352,-175.1412012795573,-149.4609692575274,0,0,1.2,-175.1412012795573,20260409-103125,0.0,0.0
381.4067046869592,2.5521241119327245,-175.077581812864,-149.44676981172353,0,0,1.2,-175.077581812864,20260409-103125,0.0,0.0
376.42539019062633,2.5190413223140493,-175.0122784849347,-149.43200290372104,0,0,1.2,-175.0122784849347,20260409-103125,0.0,0.0
371.4445778042335,2.4859653041471224,-174.94522372389608,-149.4166379492845,0,0,1.2,-174.94522372389608,20260409-103125,0.0,0.0
366.46428800111653,2.4528963357107814,-174.87634630327952,-149.40064227986437,0,0,1.2,-174.87634630327952,20260409-103125,0.0,0.0
361.484542380674,2.4198347107438014,-174.8055710922652,-149.3839809701556,0,0,1.2,-174.8055710922652,20260409-103125,0.0,0.0
356.50536374669775,2.38678073953362,-174.73281878522113,-149.36661664881683,0,0,1.2,-174.73281878522113,20260409-103125,0.0,0.0
351.5267761923198,2.3537347500983867,-174.65800560851275,-149.34850929044825,0,0,1.2,-174.65800560851275,20260409-103125,0.0,0.0
346.5488051922345,2.3206970894717935,-174.5810430023297,-149.32961598668243,0,0,1.2,-174.5810430023297,20260409-103125,0.0,0.0
341.57147770293307,2.2876681251012805,-174.501837275019,-149.30989069396196,0,0,1.2,-174.501837275019,20260409-103125,0.0,0.0
336.59482227177125,2.2546482463714486,-174.42028922712163,-149.28928395525782,0,0,1.2,-174.42028922712163,20260409-103125,0.0,0.0
331.6188691557905,2.2216378662659655,-174.33629374197943,-149.26774259261316,0,0,1.2,-174.33629374197943,20260409-103125,0.0,0.0
326.6436504513218,2.1886374231828776,-174.24973933940512,-149.24520936697343,0,0,1.2,-174.24973933940512,20260409-103125,0.0,0.0
321.6692002355297,2.15564738292011,-174.16050768848257,-149.22162260127448,0,0,1.2,-174.16050768848257,20260409-103125,0.0,0.0
316.6955547211948,2.122668240850059,-174.06847307508022,-149.19691576219589,0,0,1.2,-174.06847307508022,20260409-103125,0.0,0.0
311.7227524261989,2.08970052430463,-173.97350181910966,-149.1710169953314,0,0,1.2,-173.97350181910966,20260409-103125,0.0,0.0
306.7508343593629,2.0567447951948696,-173.87545163592932,-149.14384860777017,0,0,1.4,-173.87545163592932,20260409-103125,0.0,0.0
301.779844224503,2.023801652892562,-173.77417093557423,-149.1153264911992,0,0,1.6,-173.77417093557423,20260409-103125,0.0,0.0
296.80982864481643,1.9908717374048654,-173.6694980526639,-149.08535947760905,0,0,1.6,-173.6694980526639,20260409-103125,0.0,0.0
291.8408374099918,1.9579557328773627,-173.5612603988909,-149.05384861848222,0,0,1.6,-173.5612603988909,20260409-103125,0.0,0.0
286.87292374876597,1.9250543714658548,-173.4492735288993,-149.02068637693765,0,0,1.8,-173.4492735288993,20260409-103125,0.0,0.0
281.9061446300263,1.8921684376229833,-173.33334010909863,-148.9857557206524,0,0,1.8,-173.33334010909863,20260409-103125,0.0,0.0
276.9405610959964,1.8592987728524921,-173.21324877750084,-148.94892910143793,0,0,2.0,-173.21324877750084,20260409-103125,0.0,0.0
271.976238631549,1.8264462809917352,-173.08877288097534,-148.91006730505626,0,0,2.0,-173.08877288097534,20260409-103125,0.0,0.0
267.0132475742829,1.7936119340922088,-172.9596690743524,-148.86901815214833,0,0,2.0,-172.9596690743524,20260409-103125,0.0,0.0
262.05166357068845,1.760796778978597,-172.8256757635177,-148.82561502793035,0,0,2.2,-172.8256757635177,20260409-103125,0.0,0.0
257.09156808453537,1.7280019445794847,-172.68651137196835,-148.77967521448565,0,0,2.2,-172.68651137196835,20260409-103125,0.0,0.0
252.13304896456015,1.695228650137741,-172.54187240717684,-148.73099799491578,0,0,2.2,-172.54187240717684,20260409-103125,0.0,0.0
247.17620107964538,1.6624782144262664,-172.39143129943994,-148.67936249314866,0,0,2.2,-172.39143129943994,20260409-103125,0.0,0.0
242.22112703099475,1.6297520661157026,-172.23483398157467,-148.62452520664485,0,0,2.2,-172.23483398157467,20260409-103125,0.0,0.0
237.2679379523607,1.597051755465682,-172.07169717273246,-148.5662171813437,0,0,2.2,-172.07169717273246,20260409-103125,0.0,0.0
232.3167544112247,1.5643789675410231,-171.9016053235773,-148.50414076864826,0,0,2.2,-171.9016053235773,20260409-103125,0.0,0.0
227.36770742602232,1.5317355371900825,-171.72410717292482,-148.43796589267671,0,0,2.2,-171.72410717292482,20260409-103125,0.0,0.0
222.42093961712618,1.499123466065615,-171.53871185742864,-148.36732574192862,0,0,2.2,-171.53871185742864,20260409-103125,0.0,0.0
217.47660651243686,1.4665449420206293,-171.34488450573755,-148.2918117823202,0,0,2.2,-171.34488450573755,20260409-103125,0.0,0.0
212.53487803220744,1.4340023612750887,-171.14204123637165,-148.21096796746227,0,0,2.1,-171.14204123637165,20260409-103125,0.0,0.0
207.59594018228125,1.4014983538265138,-170.92954346393165,-148.12428399611147,0,0,2.1,-170.92954346393165,20260409-103125,0.0,0.0
202.65999699044033,1.369035812672176,-170.7066914006029,-148.03118743466246,0,0,2.1,-170.7066914006029,20260409-103125,0.0,0.0
197.72727272727272,1.3366179275270182,-170.47271661854765,-147.93103448275863,0,0,2.1,-170.47271661854765,20260409-103125,0.0,0.0
192.79801446115903,1.3042482238654485,-170.2267735128206,-147.82309911050248,0,0,2.3,-170.2267735128206,20260409-103125,0.0,0.0
187.87249500702674,1.2719306082942445,-169.9679294727829,-147.706560233642,0,0,2.3,-169.9679294727829,20260409-103125,0.0,0.0
182.9510163408919,1.2396694214876034,-169.69515353123398,-147.58048651498612,0,0,2.3,-169.69515353123398,20260409-103125,0.0,0.0
178.0339135675147,1.2074695001967732,-169.40730321284343,-147.4438182815398,0,0,2.5,-169.40730321284343,20260409-103125,0.0,0.0
173.12155954751935,1.1753362502025604,-169.1031092446745,-147.29534592137625,0,0,2.5,-169.1031092446745,20260409-103125,0.0,0.0
168.21437031408848,1.143275732531931,-168.78115771873118,-147.13368396402166,0,0,2.7,-168.78115771873118,20260409-103125,0.0,0.0
163.31281143916814,1.1112947658402206,-168.43986920578223,-146.9572398423848,0,0,2.7,-168.43986920578223,20260409-103125,0.0,0.0
158.4174055467558,1.0794010486092598,-168.07747420636582,-146.76417606863234,0,0,2.7,-168.07747420636582,20260409-103125,0.0,0.0
153.52874121859168,1.047603305785124,-167.69198418257207,-146.55236421149883,0,0,2.9,-167.69198418257207,20260409-103125,0.0,0.0
148.6474835984965,1.015911465754726,-167.28115723474855,-146.31932861203168,0,0,2.9,-167.28115723474855,20260409-103125,0.0,0.0
143.77438707977612,0.9843368752459664,-166.84245725998517,-146.06217718283665,0,0,2.9,-166.84245725998517,20260409-103125,0.0,0.0
138.91031056104256,0.9528925619834714,-166.37300514010846,-145.7775158533057,0,0,2.9,-166.37300514010846,20260409-103125,0.0,0.0
134.05623588690415,0.9215935579571942,-165.86952013758597,-145.46134218217998,0,0,2.9,-165.86952013758597,20260409-103125,0.0,0.0
129.21329026135544,0.8904573002754822,-165.32824920409817,-145.1089122649458,0,0,2.7,-165.32824920409817,20260409-103125,0.0,0.0
124.3827736471787,0.859504132231405,-164.74488129694222,-144.71457318565982,0,0,2.7,-164.74488129694222,20260409-103125,0.0,0.0
119.56619246327655,0.8287579350820459,-164.11444301153816,-144.27155071696498,0,0,2.7,-164.11444301153816,20260409-103125,0.0,0.0
114.76530128991642,0.7982469321312298,-163.43117082040092,-143.77167849991724,0,0,2.7,-163.43117082040092,20260409-103125,0.0,0.0
109.98215482597752,0.768004722550177,-162.6883538911534,-143.20505017310217,0,0,2.7,-162.6883538911534,20260409-103125,0.0,0.0
105.219173063493,0.7380716253443528,-161.87813975209863,-142.55956935670332,0,0,2.7,-161.87813975209863,20260409-103125,0.0,0.0
100.47922362441547,0.7084964477308977,-160.99129287936148,-141.8203633147638,0,0,2.7,-160.99129287936148,20260409-103125,0.0,0.0
95.76572654225149,0.6793388429752067,-160.0168934781,-140.96901352326555,0,0,2.7,-160.0168934781,20260409-103125,0.0,0.0
91.08278860556088,0.6506725004051208,-158.9419602117472,-139.98253890989866,0,0,2.7,-158.9419602117472,20260409-103125,0.0,0.0
86.43537690185246,0.6225895316804408,-157.75097634278765,-138.8320434308515,0,0,2.7,-157.75097634278765,20260409-103125,0.0,0.0
81.82954466551364,0.5952066115702481,-156.42529379808738,-137.48090675544498,0,0,2.7,-156.42529379808738,20260409-103125,0.0,0.0
77.27272727272728,0.5686737504919324,-154.94238458169698,-135.88235294117646,0,0,2.7,-154.94238458169698,20260409-103125,0.0,0.0
72.77413263080015,0.5431871159143888,-153.274905162316,-133.976175978132,0,0,2.7,-153.274905162316,20260409-103125,0.0,0.0
68.34525865168183,0.51900826446281,-151.38954033403476,-131.68433593715764,0,0,2.7,-151.38954033403476,20260409-103125,0.0,0.0
64.0005810924033,0.4964938642624594,-149.2456059204414,-128.90507959746094,0,0,2.7,-149.2456059204414,20260409-103125,0.0,0.0
59.758467016526545,0.47614325068870544,-146.79342968491048,-125.50522753413055,0,0,2.7,-146.79342968491048,20260409-103125,0.0,0.0
55.64237935391773,0.4586776859504134,-143.9726266148964,-121.31041264547825,0,0,2.7,-143.9726266148964,20260409-103125,0.0,0.0
51.682437831097815,0.44517906336088175,-140.71059313749964,-116.09359488049813,0,0,2.7,-140.71059313749964,20260409-103125,0.0,0.0
47.91737033858693,0.43734750098386477,-136.92195595893142,-109.56360841388404,0,0,2.7,-136.92195595893142,20260409-103125,0.0,0.0
44.396783443908305,0.4380165289256201,-132.51044707800082,-101.35869427760191,0,0,2.7,-132.51044707800082,20260409-103125,0.0,0.0
41.1834236090844,0.4522865013774108,127.37580749554814,-91.05605293030592,0,0,2.9,127.37580749554816,20260409-103125,0.0,0.0
38.35458747223454,0.4903581267217636,121.42956561483851,-78.2175014180962,0,0,2.9,121.42956561483851,20260409-103125,0.0,0.0
36.001033043029345,0.5760330578512404,114.62356478616357,-62.498206573982,0,0,2.9,114.6235647861636,20260409-103125,0.0,0.0
34.22096404494313,0.780716253443527,106.99082329198615,-43.83278033985301,0,0,2.9,106.99082329198616,20260409-103125,0.0,0.0
32.49894288016575,0.568661763719666,-114.32044564987388,-57.14986474136636,0,0,2.9,-114.32044564987388,20260409-103125,0.0,0.0
30.682222172046988,0.5935059213047293,-109.9731744455326,-51.696572975374785,0,0,2.9,-109.9731744455326,20260409-103125,0.0,0.0
29.063594466613367,0.642341331482081,-105.11087982507148,-45.24634029006763,0,0,2.8,-105.11087982507148,20260409-103125,0.0,0.0
27.67783564592792,0.7338630016638832,-99.71930443482078,-37.71526236255831,0,0,2.8,-99.71930443482078,20260409-103125,0.0,0.0
26.561418365451967,0.9130055413361732,-93.81809915794788,-29.09228604087072,0,0,2.8,-93.81809915794788,20260409-103125,0.0,0.0
25.749400030767156,1.3218651492966917,-87.47318672852788,-19.47959672321138,0,0,2.7,-87.47318672852788,20260409-103125,0.0,0.0
25.271140756260014,2.7713110637112717,-80.80288458881684,-9.118839486180784,0,0,2.7,-80.80288458881684,20260409-103125,0.0,0.0
25.14569158164619,15.53539659058487,-73.971684933263,1.618606350666682,0,0,2.7,-73.971684933263,20260409-103125,0.0,0.0
25.378285047145518,2.065309584044092,-67.16946240301287,12.287884219978386,0,0,2.7,-67.16946240301287,20260409-103125,0.0,0.0
25.959298826574607,1.1559123373331115,-60.58139281770801,22.45784389365302,0,0,2.7,-60.58139281770801,20260409-103125,0.0,0.0
26.86613734832302,0.8450536504710141,-54.35965560662282,31.79222684068453,0,0,2.7,-54.35965560662283,20260409-103125,0.0,0.0
28.06723665216879,0.7000663157074856,-48.60683185017436,40.09225415138579,0,0,2.7,-48.606831850174366,20260409-103125,0.0,0.0
29.526708373556783,0.6243282723956638,-43.37389784358081,47.29356282434128,0,0,2.7,-43.37389784358081,20260409-103125,0.0,0.0
31.208324823412433,0.5840599720650262,-38.66890773163391,53.43342518931919,0,0,2.7,-38.668907731633915,20260409-103125,0.0,0.0
33.07822344093624,0.5643792300561331,-34.470040226288916,58.60992339786545,0,0,2.7,-34.4700402262889,20260409-103125,0.0,0.0
661.4947532989021,3.683293843787671,-3.8524854069806906,179.59326118240458,0,0,3.0,-93.85248540698066,20260409-103125,0.0,0.0
44.847615789195636,1.862322816643803,-82.31155223009716,24.08154772544647,0,0,3.0,-172.31155223009713,20260409-103125,0.0,0.0
46.0359494523064,0.981161408321902,-74.8904248776596,46.91985341233764,0,0,3.0,-164.89042487765957,20260409-103125,0.0,0.0
47.95110678571778,0.7096631611034905,-67.95205253643962,67.56882618953509,0,0,3.0,-157.95205253643962,20260409-103125,0.0,0.0
50.510480516179115,0.5905807041609511,-61.630953706721414,85.52680465227913,0,0,3.0,-151.6309537067214,20260409-103125,0.0,0.0
53.62190449783847,0.5324645633287609,-55.98065001017358,100.70511390019126,0,0,3.0,-145.98065001017355,20260409-103125,0.0,0.0
55.958097197593396,0.5116517388848547,-127.41598861857787,-109.36755012218683,0,0,3.0,142.58401138142213,20260409-103125,0.0,0.0
52.52912184660343,0.5474818734077997,-122.21092772367373,-95.94677814561425,0,0,3.0,147.78907227632627,20260409-103125,0.0,0.0
49.59141701923136,0.6210375358523511,-116.33541000388132,-79.85252767559206,0,0,3.0,153.66458999611868,20260409-103125,0.0,0.0
47.23672979764063,0.7747599451303163,-109.79887635452494,-60.96950428909345,0,0,3.0,160.20112364547506,20260409-103125,0.0,0.0
45.55555555555557,1.15294924554184,-102.68038349181981,-39.51219512195117,0,0,3.0,167.3196165081802,20260409-103125,0.0,0.0
44.62408141323819,2.7657064471879362,-95.14276455788422,-16.134785909260266,0,0,3.0,174.85723544211578,20260409-103125,0.0,0.0
44.489421686231324,5.498079561042505,-87.42342816973115,8.091811184666737,0,0,3.0,-177.42342816973115,20260409-103125,0.0,0.0
45.158705052019705,1.4161865569272973,-79.7960262782683,31.887539696747748,0,0,3.0,-169.79602627826833,20260409-103125,0.0,0.0
46.59730294743795,0.8616304134822652,-72.5155726767793,54.08038321107505,0,0,3.0,-162.5155726767793,20260409-103125,0.0,0.0
48.73713822102514,0.6598079561042525,-65.77225468204585,73.86564191918363,0,0,3.0,-155.77225468204585,20260409-103125,0.0,0.0
51.490859790600794,0.5665189405930147,-59.67236588086615,90.88991753162169,0,0,3.0,-149.67236588086615,20260409-103125,0.0,0.0
54.76594418044219,0.5207133058984912,-54.246112745563266,105.17485065211368,0,0,3.0,-144.24611274556327,20260409-103125,0.0,0.0
54.76594418044219,0.5207133058984914,-125.75388725443673,-105.17485065211362,0,0,3.0,144.24611274556327,20260409-103125,0.0,0.0
51.490859790600794,0.5665189405930151,-120.32763411913385,-90.88991753162162,0,0,3.0,149.67236588086615,20260409-103125,0.0,0.0
48.73713822102514,0.6598079561042529,-114.22774531795415,-73.86564191918357,0,0,3.0,155.77225468204585,20260409-103125,0.0,0.0
46.59730294743795,0.8616304134822663,-107.4844273232207,-54.08038321107499,0,0,3.0,162.5155726767793,20260409-103125,0.0,0.0
45.158705052019705,1.4161865569273,-100.20397372173167,-31.887539696747687,0,0,3.0,169.79602627826833,20260409-103125,0.0,0.0
44.489421686231324,5.498079561042551,-92.57657183026885,-8.09181118466667,0,0,3.2,177.42342816973115,20260409-103125,0.0,0.0
44.62408141323819,2.7657064471879362,84.85723544211578,16.134785909260266,0,0,3.4,-5.14276455788424,20260409-103125,0.0,0.0
44.04063684082245,8.85538016435635,-77.01197226332943,-4.973319724667465,0,0,3.4,-167.01197226332945,20260409-103125,0.0,0.0
44.29565313049341,2.1926782594500405,-69.10817030239366,20.201620068784504,0,0,3.4,-159.10817030239366,20260409-103125,0.0,0.0
45.374995545020816,1.0249782151304476,-61.43821831556801,44.269229214053105,0,0,3.4,-151.438218315568,20260409-103125,0.0,0.0
47.222173782093215,0.7141299309453765,-54.24619659395751,66.12546503908575,0,0,3.4,-144.24619659395754,20260409-103125,0.0,0.0
49.75173679625315,0.5842696790657037,-47.6897809583661,85.15200870223208,0,0,3.4,-137.68978095836613,20260409-103125,0.0,0.0
52.865821409706406,0.5223591432147736,-41.83588386271566,101.20588889160125,0,0,3.4,-131.83588386271566,20260409-103125,0.0,0.0
56.46780475584455,0.49327228725204,-36.68024106154803,114.47593188423342,0,0,3.4,-126.68024106154806,20260409-103125,0.0,0.0
60.47056321969618,0.48253523469845666,-32.174405898563805,125.31844075072596,0,0,3.4,-122.17440589856382,20260409-103125,0.0,0.0
64.79987036879201,0.4830934107127517,-28.248913494902524,134.1352809453287,0,0,3.4,-118.24891349490252,20260409-103125,0.0,0.0
69.39463614040434,0.4910976403091403,-24.828879958293612,141.30517120123244,0,0,3.4,-114.8288799582936,20260409-103125,0.0,0.0
74.20556577405674,0.5042693013328797,-21.842763659317654,147.15463657596706,0,0,3.4,-111.84276365931765,20260409-103125,0.0,0.0
79.19327370540059,0.5211734430293382,-19.226396780611594,151.95185933705105,0,0,3.4,-109.22639678061158,20260409-103125,0.0,0.0
84.32639770588453,0.5408614000258953,-16.92422621659273,155.91128836675563,0,0,3.4,-106.92422621659271,20260409-103125,0.0,0.0
89.57994329907454,0.56268088700331,-14.889108812849656,159.20203683504107,0,0,3.4,-104.88910881284964,20260409-103125,0.0,0.0
94.93392056805459,0.5861686407831953,-13.081467223878576,161.9566690589433,0,0,3.4,-103.08146722387858,20260409-103125,0.0,0.0
100.37225935944588,0.6109865760051572,-11.468242970148822,164.27899286382794,0,0,3.4,-101.46824297014881,20260409-103125,0.0,0.0
105.88196147106422,0.6368821803237447,-10.021861246598178,166.2504694624075,0,0,3.4,-100.02186124659815,20260409-103125,0.0,0.0
111.45244377106259,0.6636630513468158,-8.719299521405901,167.93528514942136,0,0,3.4,-98.71929952140587,20260409-103125,0.0,0.0
117.07503073527548,0.691180015006942,-7.541288922982233,169.38428223232063,0,0,3.4,-97.54128892298225,20260409-103125,0.0,0.0
122.7425621466792,0.7193156307229331,-6.471647438702462,170.6379743525375,0,0,3.4,-96.47164743870246,20260409-103125,0.0,0.0
128.44908892062645,0.7479761792541765,-5.496731389417334,171.72884977260355,0,0,3.4,-95.49673138941732,20260409-103125,0.0,0.0
134.18963621788564,0.7770859613771837,-4.604987780057172,172.6831301649939,0,0,3.4,-94.60498778005716,20260409-103125,0.0,0.0
139.96001798220752,0.8065831654916807,-3.786590309223868,173.5221164663039,0,0,3.4,-93.78659030922387,20260409-103125,0.0,0.0
145.7566908941511,0.8364168225383888,-3.0331436647342684,174.26322255428016,0,0,3.4,-93.03314366473425,20260409-103125,0.0,0.0
151.57663866436755,0.8665445284761204,-2.337443068524351,174.92077288968144,0,0,3.4,-92.33744306852437,20260409-103125,0.0,0.0
157.41727979705806,0.8969307176977709,-1.6932783275460679,175.5066212930186,0,0,3.4,-91.6932783275461,20260409-103125,0.0,0.0
163.27639360962186,0.9275453379251343,-1.0952736816419701,176.03063368833463,0,0,3.4,-91.09527368164197,20260409-103125,0.0,0.0
169.15206053478911,0.9583628217318338,-0.5387564541969141,176.50106692277419,0,0,3.4,-90.53875645419689,20260409-103125,0.0,0.0
175.04261366223835,0.9893612800128713,-0.01964891606138508,176.92486778940966,0,0,3.4,-90.0196489160614,20260409-103125,0.0,0.0
180.94659917719426,1.0205218634617315,0.4656210951244475,177.30791044828956,0,0,3.4,-89.53437890487557,20260409-103125,0.0,0.0
186.86274388282604,1.0518282525946359,0.9201943551959744,177.65518602668783,0,0,3.4,-89.07980564480401,20260409-103125,0.0,0.0
192.7899283950979,1.0832662471098768,1.346842071736205,177.97095488708882,0,0,3.4,-88.65315792826377,20260409-103125,0.0,0.0
198.7271649052972,1.1148234327183228,1.7480176114397636,178.25886958684754,0,0,3.4,-88.25198238856026,20260409-103125,0.0,0.0
204.67357864059858,1.1464889089133206,2.1258999586917753,178.52207470074424,0,0,3.4,-87.87410004130822,20260409-103125,0.0,0.0
210.62839233432723,1.1782530650606553,2.4824303718968395,178.7632882783838,0,0,3.4,-87.51756962810319,20260409-103125,0.0,0.0
216.59091315814507,1.2101073950899597,2.8193434219538744,178.98486864634327,0,0,3.4,-87.18065657804614,20260409-103125,0.0,0.0
222.56052167794022,1.2420443432405137,3.1381933728773106,179.1888694547541,0,0,3.4,-86.8618066271227,20260409-103125,0.0,0.0
228.53666248104818,1.2740571749548817,3.440376685570527,179.37708524669733,0,0,3.4,-86.55962331442946,20260409-103125,0.0,0.0
234.51883619005545,1.3061398682638075,3.727151282534237,179.55108934986475,0,0,3.4,-86.27284871746573,20260409-103125,0.0,0.0
240.5065926319723,1.3382870219657965,3.999653096296413,179.71226551886795,0,0,3.4,-86.0003469037036,20260409-103125,0.0,0.0
246.49952497416047,1.370493777647809,4.258910331696484,179.86183446759594,0,0,3.6,-85.74108966830353,20260409-103125,0.0,0.0
252.49726467245924,1.4027557531725467,4.505855797236677,180.00087620485465,0,0,3.6,-85.4941442027633,20260409-103125,0.0,0.0
258.4994771043125,1.4350689857122567,4.741337599910821,180.13034890863693,0,0,3.8,-85.25866240008918,20260409-103125,0.0,0.0
264.5058577817776,1.4674298827678183,4.96612844840007,180.2511049338012,0,0,3.8,-85.03387155159992,20260409-103125,0.0,0.0
270.51612905719094,1.499835179897031,5.1809337690473285,180.363904436328,0,0,3.8,-84.81906623095264,20260409-103125,0.0,0.0
276.53003724883393,1.5322819041038698,5.386398805814679,180.46942700831414,0,0,3.8,-84.61360119418532,20260409-103125,0.0,0.0
282.54735012584723,1.5647673420235515,5.58311484809542,180.56828164655968,0,0,3.8,-84.41688515190455,20260409-103125,0.0,0.0
288.5678547014143,1.5972890121861458,5.771624707674448,180.66101532024126,0,0,3.8,-84.22837529232555,20260409-103125,0.0,0.0
294.5913552912864,1.629844640761503,5.952427547415596,180.748120356825,0,0,3.8,-84.04757245258443,20260409-103125,0.0,0.0
300.61767180137497,1.6624321402861482,6.1259831486975145,180.8300408277903,0,0,3.7,-83.87401685130251,20260409-103125,0.0,0.0
306.6466382136666,1.6950495909530314,6.2927156916369995,180.90717808512989,0,0,3.7,-83.707284308363,20260409-103125,0.0,0.0
312.67810124431384,1.7276952241110073,6.453017111277518,180.97989557458183,0,0,3.7,-83.54698288872247,20260409-103125,0.0,0.0
318.711919151602,1.7603674076754388,6.607250083803365,181.0485230310304,0,0,3.7,-83.39274991619665,20260409-103125,0.0,0.0
324.74796067471624,1.793064633196591,6.755750689163847,181.11336014462063,0,0,3.9,-83.24424931083617,20260409-103125,0.0,0.0
330.7861040869443,1.8257855043701146,6.898830790011743,181.17467977218035,0,0,3.9,-83.10116920998826,20260409-103125,0.0,0.0
336.8262363492373,1.8585287268054296,7.036780161372121,181.23273075697787,0,0,4.1,-82.96321983862786,20260409-103125,0.0,0.0
342.8682523519898,1.8912930988942218,7.169868400799828,181.28774041022717,0,0,4.1,-82.83013159920017,20260409-103125,0.0,0.0
348.91205423453783,1.9240775036434665,7.298346644817002,181.33991669973372,0,0,4.1,-82.701653355183,20260409-103125,0.0,0.0
354.95755077327806,1.9568809013562005,7.422449114037988,181.38945018436104,0,0,4.1,-82.577550885962,20260409-103125,0.0,0.0
361.00465683049765,1.9897023230590973,7.542394506491803,181.43651572737056,0,0,4.1,-82.4576054935082,20260409-103125,0.0,0.0
367.05329285702965,2.022540864589456,7.658387256167828,181.48127401694586,0,0,4.1,-82.34161274383217,20260409-103125,0.0,0.0
373.1033844427215,2.055395681265673,7.770618671675379,181.5238729182167,0,0,4.0,-82.22938132832459,20260409-103125,0.0,0.0
379.1548619094578,2.0882659830751185,7.879267968065278,181.56444867771376,0,0,4.0,-82.12073203193472,20260409-103125,0.0,0.0
385.20765994212604,2.1211510303217413,7.984503203272311,181.60312699831505,0,0,4.0,-82.01549679672772,20260409-103125,0.0,0.0
391.2617172534762,2.1540501296829784,8.086482129261128,181.64002400030495,0,0,4.0,-81.91351787073889,20260409-103125,0.0,0.0
397.3169762793072,2.1869626306317302,8.185352966763276,181.67524708208546,0,0,4.0,-81.81464703323674,20260409-103125,0.0,0.0
403.3733829008377,2.219887922184599,8.281255111455039,181.70889569229993,0,0,4.0,-81.71874488854498,20260409-103125,0.0,0.0
409.4308861914817,2.252825429942176,8.374319778522079,181.7410620236077,0,0,3.9,-81.62568022147794,20260409-103125,0.0,0.0
415.4894381855694,2.2857746133912413,8.46467059176689,181.77183163703845,0,0,3.9,-81.53532940823314,20260409-103125,0.0,0.0
421.5489936668335,2.3187349634422283,8.552424122725142,181.80128402473045,0,0,3.9,-81.44757587727489,20260409-103125,0.0,0.0
427.609509974722,2.351706000178351,8.637690384652217,181.82949311788656,0,0,3.9,-81.36230961534777,20260409-103125,0.0,0.0
433.67094682681426,2.3846872707954767,8.720573285710714,181.8565277459428,0,0,3.9,-81.27942671428929,20260409-103125,0.0,0.0
439.733266155804,2.417678347714152,8.801171045221906,181.88245205221764,0,0,4.1,-81.19882895477808,20260409-103125,0.0,0.0
445.7964319596767,2.4506788268472084,8.87957657643517,181.90732587068234,0,0,4.1,-81.1204234235648,20260409-103125,0.0,0.0
451.8604101638558,2.48368832600823,8.9558778389042,181.93120506794156,0,0,4.1,-81.0441221610958,20260409-103125,0.0,0.0
457.92516849421946,2.5167064834476536,9.030158163239776,181.95414185404115,0,0,4.1,-80.96984183676024,20260409-103125,0.0,0.0
463.99067636000234,2.549732956504757,9.102496550725277,181.9761850652993,0,0,4.1,-80.89750344927471,20260409-103125,0.0,0.0
470.05690474569934,2.582767420364949,9.172967950028351,181.99738042199695,0,0,4.0,-80.82703204997165,20260409-103125,0.0,0.0
476.12382611117494,2.615809566912894,9.241643513019824,182.01777076344402,0,0,4.0,-80.75835648698018,20260409-103125,0.0,0.0
482.19141429926265,2.6488591036729656,9.30859083151205,182.0373962626572,0,0,3.9,-80.69140916848797,20260409-103125,0.0,0.0
488.25964445020827,2.6819157528293474,9.373874156551551,182.05629462264343,0,0,3.9,-80.62612584344846,20260409-103125,0.0,0.0
494.32849292237483,2.7149792503189114,9.437554601743955,182.07450125606272,0,0,3.9,-80.56244539825606,20260409-103125,0.0,0.0
500.3979372186808,2.748049344990619,9.499690331947193,182.09204944985765,0,0,4.1,-80.5003096680528,20260409-103125,0.0,0.0
506.4679559182961,2.781125797825842,9.560336738543981,182.1089705162671,0,0,4.1,-80.43966326145603,20260409-103125,0.0,0.0
512.5385286131623,2.8142083812144953,9.61954660239087,182.12529393149342,0,0,4.1,-80.38045339760916,20260409-103125,0.0,0.0
518.6096358489451,2.8472968782823944,9.677370245441068,182.14104746316147,0,0,4.1,-80.32262975455895,20260409-103125,0.0,0.0
524.6812590700638,2.8803910822656418,9.73385567194623,182.1562572875913,0,0,4.1,-80.26614432805377,20260409-103125,0.0,0.0
530.753380568472,2.913490795928264,9.789048700061471,182.17094809780212,0,0,4.1,-80.21095129993856,20260409-103125,0.0,0.0
253.44627945223027,2.999461142998819,-117.9845081890125,-84.49727046600051,0,0,4.0,152.0154918109875,20260409-103125,0.0,0.0
124.2228185237129,0.7390473487536068,-159.0360771430968,-168.0850607653393,0,0,3.9,110.9639228569032,20260409-103125,0.0,0.0
118.63940594075524,0.7108741738371368,-157.9993016494594,-166.8922719478846,0,0,3.9,112.0006983505406,20260409-103125,0.0,0.0
113.0986677285604,0.6832964018149204,-156.86053823678827,-165.51919112724178,0,0,3.9,113.13946176321171,20260409-103125,0.0,0.0
107.6071960510788,0.6564233924022285,-155.60500758974757,-163.92955719826278,0,0,3.9,114.39499241025241,20260409-103125,0.0,0.0
102.17293497778807,0.6303930339357071,-154.21519330552238,-162.07814724711653,0,0,3.9,115.78480669447762,20260409-103125,0.0,0.0
96.80551968754318,0.6053816952180433,-152.67026616507277,-159.90823715387737,0,0,3.9,117.32973383492723,20260409-103125,0.0,0.0
91.5167123643289,0.58161865569273,-150.94539590092285,-157.34830970187676,0,0,3.8,119.05460409907717,20260409-103125,0.0,0.0
86.32096293470845,0.5594075557038521,-149.01094731967467,-154.30782450926776,0,0,3.8,120.98905268032533,20260409-103125,0.0,0.0
81.2361289204213,0.5391592027757606,-146.83157917874053,-150.67187669651605,0,0,3.8,123.16842082125949,20260409-103125,0.0,0.0
76.28439317432701,0.5214434267002966,-144.36530946715303,-146.2946683536813,0,0,3.7,125.63469053284697,20260409-103125,0.0,0.0
71.4934167736814,0.5070742700372332,-141.56269850893744,-140.99200254911736,0,0,3.7,128.43730149106256,20260409-103125,0.0,0.0
66.8977476599572,0.49725651577503455,-138.3664606634298,-134.5336773630587,0,0,3.7,131.6335393365702,20260409-103125,0.0,0.0
62.54045604227163,0.4938521012595089,-134.7120839334429,-126.63802762561889,0,0,3.7,135.2879160665571,20260409-103125,0.0,0.0
58.47485478370434,0.49989892426539634,-130.53044252178793,-116.97335590316261,0,0,3.7,139.46955747821207,20260409-103125,0.0,0.0
54.76594418044219,0.5207133058984914,-125.75388725443673,-105.17485065211362,0,0,3.7,144.24611274556327,20260409-103125,0.0,0.0
51.490859790600794,0.5665189405930151,-120.32763411913385,-90.88991753162162,0,0,3.7,149.67236588086615,20260409-103125,0.0,0.0
48.73713822102514,0.6598079561042529,-114.22774531795415,-73.86564191918357,0,0,3.7,155.77225468204585,20260409-103125,0.0,0.0
46.59730294743795,0.8616304134822663,-107.4844273232207,-54.08038321107499,0,0,3.7,162.5155726767793,20260409-103125,0.0,0.0
45.158705052019705,1.4161865569273,-100.20397372173167,-31.887539696747687,0,0,3.7,169.79602627826833,20260409-103125,0.0,0.0
44.489421686231324,5.498079561042551,-92.57657183026885,-8.09181118466667,0,0,3.7,177.42342816973115,20260409-103125,0.0,0.0
44.62408141323819,2.7657064471879247,-84.85723544211578,16.134785909260334,0,0,3.7,-174.85723544211578,20260409-103125,0.0,0.0
45.55555555555557,1.152949245541838,-77.31961650818016,39.51219512195124,0,0,3.7,-167.3196165081802,20260409-103125,0.0,0.0
47.23672979764063,0.7747599451303157,-70.20112364547504,60.96950428909351,0,0,3.7,-160.20112364547506,20260409-103125,0.0,0.0
49.59141701923136,0.6210375358523508,-63.66458999611871,79.8525276755921,0,0,3.7,-153.66458999611868,20260409-103125,0.0,0.0
52.52912184660343,0.5474818734077994,-57.78907227632624,95.94677814561432,0,0,3.7,-147.78907227632627,20260409-103125,0.0,0.0
54.431850405349586,0.66361594139582,-116.9697795164106,-82.02312061832039,0,0,3.7,153.0302204835894,20260409-103125,0.0,0.0
51.98425547437313,0.8068596224608936,-110.95152449815086,-64.42788067126592,0,0,3.7,159.04847550184914,20260409-103125,0.0,0.0
50.16235259055028,1.126448633565772,-104.41889167914752,-44.5314158993308,0,0,3.7,165.58110832085248,20260409-103125,0.0,0.0
47.95110678571778,0.7096631611034905,112.04794746356038,-67.56882618953509,0,0,3.7,22.047947463560376,20260409-103125,0.0,0.0
46.0359494523064,0.981161408321902,105.10957512234046,-46.91985341233764,0,0,3.7,15.109575122340459,20260409-103125,0.0,0.0
44.847615789195636,1.862322816643803,97.6884477699029,-24.08154772544647,0,0,3.7,7.68844776990287,20260409-103125,0.0,0.0
44.44444444444446,44444444.44444446,90.0,-3.3065463576978534e-14,0,0,3.7,0.0,20260409-103125,0.0,0.0
44.847615789195636,1.8623228166438077,82.3115522300971,24.08154772544641,0,0,3.7,-7.68844776990287,20260409-103125,0.0,0.0
46.0359494523064,0.9811614083219032,74.89042487765954,46.91985341233758,0,0,3.7,-15.109575122340459,20260409-103125,0.0,0.0
47.95110678571778,0.709663161103491,67.95205253643962,67.56882618953503,0,0,3.7,-22.047947463560376,20260409-103125,0.0,0.0
50.510480516179115,0.5905807041609517,61.630953706721414,85.52680465227905,0,0,3.7,-28.369046293278576,20260409-103125,0.0,0.0
48.77603265242555,0.27158067591874013,-176.18999007756645,-179.60052749489387,0,0,3.7,93.81000992243357,20260409-103125,0.0,0.0
42.80440420310164,0.2396204770058784,-177.7096907594404,-178.6341665702116,0,0,3.7,92.2903092405596,20260409-103125,0.0,0.0
36.872629667497435,0.20812855401572913,-179.72016550538217,-177.1627628985056,0,0,3.7,90.27983449461783,20260409-103125,0.0,0.0
31.003592687819324,0.17739369055868554,177.50360166758685,-174.7728038701731,0,0,3.7,87.50360166758684,20260409-103125,0.0,0.0
47.23672979764063,0.7747599451303157,109.79887635452496,-60.96950428909351,0,0,3.6,19.798876354524925,20260409-103125,0.0,0.0
45.55555555555557,1.152949245541838,102.68038349181984,-39.51219512195124,0,0,3.6,12.680383491819816,20260409-103125,0.0,0.0
44.62408141323819,2.7657064471879247,95.14276455788422,-16.134785909260334,0,0,3.6,5.14276455788424,20260409-103125,0.0,0.0
44.489421686231324,5.498079561042551,87.42342816973115,8.09181118466667,0,0,3.6,-2.5765718302688296,20260409-103125,0.0,0.0
45.158705052019705,1.4161865569273,79.7960262782683,31.887539696747687,0,0,3.6,-10.203973721731682,20260409-103125,0.0,0.0
46.59730294743795,0.8616304134822663,72.5155726767793,54.08038321107499,0,0,3.6,-17.4844273232207,20260409-103125,0.0,0.0
404.9999999999999,6.749999999999998,120.0,-60.0,0,0,2.4,119.99999999999999,20260409-103125,0.0,0.0
402.99999999999994,6.716666666666666,15.0,-60.0,0,0,2.4,14.999999999999993,20260409-103125,0.0,0.0
400.9999999999999,6.683333333333332,15.0,-60.0,0,0,2.4,14.99999999999999,20260409-103125,0.0,0.0
398.99999999999983,6.649999999999997,14.999999999999972,-60.0,0,0,2.4,14.999999999999982,20260409-103125,0.0,0.0
396.9999999999998,6.616666666666663,14.999999999999972,-60.0,0,0,2.4,14.99999999999998,20260409-103125,0.0,0.0
394.9999999999997,6.583333333333329,14.999999999999972,-60.0,0,0,2.4,14.999999999999977,20260409-103125,0.0,0.0
392.9999999999996,6.549999999999993,14.999999999999972,-60.00000000000001,0,0,2.4,14.999999999999973,20260409-103125,0.0,0.0
390.99999999999955,6.516666666666659,14.999999999999972,-60.00000000000001,0,0,2.4,14.99999999999997,20260409-103125,0.0,0.0
388.9999999999995,6.483333333333324,14.999999999999972,-60.00000000000001,0,0,2.4,14.999999999999964,20260409-103125,0.0,0.0
386.99999999999943,6.44999999999999,14.999999999999972,-60.0,0,0,2.4,14.999999999999961,20260409-103125,0.0,0.0
384.9999999999994,6.416666666666656,14.999999999999943,-60.0,0,0,2.4,14.999999999999957,20260409-103125,0.0,0.0
382.9999999999993,6.383333333333322,14.999999999999943,-60.0,0,0,2.4,14.999999999999952,20260409-103125,0.0,0.0
380.99999999999926,6.349999999999988,14.999999999999943,-60.0,0,0,2.4,14.999999999999948,20260409-103125,0.0,0.0
378.9999999999992,6.316666666666654,14.999999999999943,-59.99999999999999,0,0,2.4,14.999999999999945,20260409-103125,0.0,0.0
376.99999999999915,6.283333333333319,75.00000000000006,-60.0,0,0,2.6,75.00000000000007,20260409-103125,0.0,0.0
374.9999999999991,6.249999999999985,75.00000000000006,-60.0,0,0,2.6,75.00000000000007,20260409-103125,0.0,0.0
372.99999999999903,6.216666666666651,75.00000000000006,-60.0,0,0,2.6,75.00000000000007,20260409-103125,0.0,0.0
370.999999999999,6.183333333333316,75.00000000000009,-60.00000000000001,0,0,2.8,75.00000000000009,20260409-103125,0.0,0.0
368.9999999999989,6.149999999999982,75.00000000000009,-60.0,0,0,2.8,75.00000000000009,20260409-103125,0.0,0.0
366.99999999999886,6.116666666666648,75.00000000000009,-60.0,0,0,2.8,75.00000000000009,20260409-103125,0.0,0.0
364.99999999999875,6.083333333333312,75.00000000000011,-60.00000000000001,0,0,3.0,75.0000000000001,20260409-103125,0.0,0.0
362.9999999999987,6.049999999999977,75.00000000000011,-60.000000000000014,0,0,3.0,75.0000000000001,20260409-103125,0.0,0.0
360.99999999999864,6.0166666666666435,75.00000000000011,-60.00000000000001,0,0,3.0,75.0000000000001,20260409-103125,0.0,0.0
358.9999999999986,5.9833333333333085,75.00000000000011,-60.00000000000001,0,0,2.9,75.0000000000001,20260409-103125,0.0,0.0
356.9999999999985,5.949999999999974,75.00000000000011,-60.00000000000001,0,0,2.9,75.0000000000001,20260409-103125,0.0,0.0
354.99999999999847,5.916666666666641,75.00000000000011,-60.0,0,0,2.8,75.00000000000011,20260409-103125,0.0,0.0
352.9999999999984,5.883333333333305,75.00000000000011,-60.000000000000014,0,0,2.8,75.00000000000011,20260409-103125,0.0,0.0
350.99999999999835,5.849999999999972,75.00000000000011,-60.0,0,0,2.8,75.00000000000011,20260409-103125,0.0,0.0
348.9999999999983,5.816666666666638,75.00000000000011,-60.0,0,0,2.7,75.00000000000013,20260409-103125,0.0,0.0
346.99999999999824,5.783333333333304,75.00000000000011,-60.0,0,0,2.7,75.00000000000013,20260409-103125,0.0,0.0
344.9999999999982,5.749999999999969,75.00000000000011,-60.00000000000001,0,0,2.7,75.00000000000013,20260409-103125,0.0,0.0
342.9999999999981,5.716666666666636,75.00000000000014,-60.0,0,0,2.6,75.00000000000014,20260409-103125,0.0,0.0
340.99999999999807,5.683333333333301,75.00000000000014,-60.0,0,0,2.6,75.00000000000014,20260409-103125,0.0,0.0
338.99999999999795,5.649999999999965,75.00000000000017,-60.00000000000001,0,0,2.6,75.00000000000016,20260409-103125,0.0,0.0
336.9999999999979,5.61666666666663,75.00000000000017,-60.00000000000002,0,0,2.5,75.00000000000016,20260409-103125,0.0,0.0
334.99999999999784,5.583333333333297,75.00000000000017,-60.00000000000001,0,0,2.5,75.00000000000017,20260409-103125,0.0,0.0
332.9999999999978,5.5499999999999625,75.00000000000017,-60.00000000000001,0,0,2.5,75.00000000000017,20260409-103125,0.0,0.0
330.9999999999977,5.516666666666628,75.00000000000017,-60.00000000000001,0,0,2.5,75.00000000000017,20260409-103125,0.0,0.0
328.99999999999767,5.483333333333293,75.00000000000017,-60.00000000000001,0,0,2.5,75.00000000000018,20260409-103125,0.0,0.0
326.9999999999976,5.449999999999959,75.00000000000017,-60.000000000000014,0,0,2.5,75.00000000000018,20260409-103125,0.0,0.0
324.99999999999756,5.416666666666626,75.0000000000002,-60.0,0,0,2.5,75.0000000000002,20260409-103125,0.0,0.0
322.9999999999975,5.383333333333292,75.0000000000002,-60.0,0,0,2.5,75.0000000000002,20260409-103125,0.0,0.0
320.99999999999744,5.349999999999957,75.00000000000023,-60.0,0,0,2.5,75.00000000000021,20260409-103125,0.0,0.0
318.9999999999974,5.316666666666622,75.00000000000023,-60.000000000000014,0,0,2.5,75.00000000000021,20260409-103125,0.0,0.0
316.9999999999973,5.283333333333289,75.00000000000023,-60.0,0,0,2.5,75.00000000000021,20260409-103125,0.0,0.0
314.99999999999727,5.249999999999955,75.00000000000023,-60.0,0,0,2.5,75.00000000000021,20260409-103125,0.0,0.0
312.9999999999972,5.216666666666621,75.00000000000023,-60.0,0,0,2.5,75.00000000000023,20260409-103125,0.0,0.0
310.9999999999971,5.183333333333285,75.00000000000023,-60.00000000000001,0,0,2.5,75.00000000000023,20260409-103125,0.0,0.0
308.99999999999704,5.14999999999995,75.00000000000023,-60.00000000000001,0,0,2.5,75.00000000000024,20260409-103125,0.0,0.0
306.999999999997,5.116666666666616,75.00000000000023,-60.00000000000001,0,0,2.5,75.00000000000024,20260409-103125,0.0,0.0
304.99999999999693,5.0833333333332815,75.00000000000026,-60.00000000000001,0,0,2.5,75.00000000000026,20260409-103125,0.0,0.0
302.9999999999969,5.049999999999947,75.00000000000026,-60.00000000000001,0,0,2.5,75.00000000000026,20260409-103125,0.0,0.0
300.9999999999968,5.016666666666613,75.00000000000028,-60.00000000000001,0,0,2.5,75.00000000000027,20260409-103125,0.0,0.0
298.99999999999676,4.983333333333278,75.00000000000028,-60.00000000000001,0,0,2.5,75.00000000000027,20260409-103125,0.0,0.0
296.9999999999967,4.949999999999944,75.00000000000028,-60.00000000000001,0,0,2.5,75.00000000000028,20260409-103125,0.0,0.0
294.99999999999665,4.91666666666661,75.00000000000028,-60.00000000000001,0,0,2.5,75.00000000000028,20260409-103125,0.0,0.0
292.9999999999966,4.883333333333277,75.00000000000028,-60.0,0,0,2.5,75.0000000000003,20260409-103125,0.0,0.0
290.99999999999653,4.849999999999942,75.00000000000028,-60.0,0,0,2.5,75.0000000000003,20260409-103125,0.0,0.0
288.9999999999965,4.816666666666608,75.00000000000031,-60.0,0,0,2.5,75.00000000000031,20260409-103125,0.0,0.0
286.9999999999964,4.783333333333274,75.00000000000031,-60.0,0,0,2.5,75.00000000000031,20260409-103125,0.0,0.0
284.99999999999636,4.74999999999994,75.00000000000034,-60.0,0,0,2.5,75.00000000000033,20260409-103125,0.0,0.0
282.99999999999625,4.716666666666603,75.00000000000034,-60.000000000000014,0,0,2.5,75.00000000000034,20260409-103125,0.0,0.0
280.9999999999962,4.68333333333327,75.00000000000034,-60.00000000000001,0,0,2.5,75.00000000000034,20260409-103125,0.0,0.0
278.99999999999613,4.649999999999935,75.00000000000034,-60.00000000000001,0,0,2.5,75.00000000000034,20260409-103125,0.0,0.0
276.9999999999961,4.6166666666666005,75.00000000000034,-60.00000000000001,0,0,2.5,75.00000000000034,20260409-103125,0.0,0.0
274.999999999996,4.583333333333266,75.00000000000034,-60.00000000000001,0,0,2.7,75.00000000000036,20260409-103125,0.0,0.0
272.99999999999596,4.549999999999932,75.00000000000037,-60.00000000000001,0,0,2.7,75.00000000000037,20260409-103125,0.0,0.0
270.9999999999959,4.516666666666598,75.00000000000037,-60.00000000000001,0,0,2.9,75.00000000000037,20260409-103125,0.0,0.0
268.99999999999585,4.483333333333263,75.0000000000004,-60.00000000000001,0,0,2.9,75.00000000000038,20260409-103125,0.0,0.0
266.9999999999958,4.449999999999929,75.0000000000004,-60.00000000000001,0,0,2.9,75.0000000000004,20260409-103125,0.0,0.0
264.99999999999574,4.416666666666596,75.0000000000004,-60.0,0,0,2.9,75.0000000000004,20260409-103125,0.0,0.0
262.9999999999957,4.383333333333261,75.0000000000004,-60.0,0,0,2.9,75.00000000000041,20260409-103125,0.0,0.0
260.9999999999956,4.349999999999928,75.00000000000043,-59.99999999999999,0,0,2.9,75.00000000000043,20260409-103125,0.0,0.0
258.99999999999557,4.316666666666593,75.00000000000043,-60.0,0,0,2.9,75.00000000000043,20260409-103125,0.0,0.0
256.99999999999545,4.283333333333257,75.00000000000045,-60.00000000000001,0,0,2.9,75.00000000000044,20260409-103125,0.0,0.0
254.99999999999542,4.249999999999924,75.00000000000045,-60.00000000000001,0,0,2.9,75.00000000000045,20260409-103125,0.0,0.0
252.99999999999537,4.2166666666665895,75.00000000000045,-60.0,0,0,2.9,75.00000000000047,20260409-103125,0.0,0.0
250.9999999999953,4.1833333333332545,75.00000000000045,-60.00000000000001,0,0,2.9,75.00000000000047,20260409-103125,0.0,0.0
248.99999999999523,4.1499999999999195,75.00000000000045,-60.00000000000001,0,0,2.9,75.00000000000047,20260409-103125,0.0,0.0
246.99999999999517,4.116666666666585,75.00000000000048,-60.00000000000001,0,0,2.9,75.00000000000048,20260409-103125,0.0,0.0
244.9999999999951,4.083333333333252,75.00000000000051,-60.0,0,0,2.9,75.0000000000005,20260409-103125,0.0,0.0
242.99999999999505,4.049999999999917,75.00000000000051,-60.00000000000001,0,0,2.9,75.0000000000005,20260409-103125,0.0,0.0
240.999999999995,4.016666666666583,75.00000000000051,-60.00000000000001,0,0,3.1,75.00000000000051,20260409-103125,0.0,0.0
238.99999999999494,3.983333333333249,75.00000000000051,-60.0,0,0,3.1,75.00000000000053,20260409-103125,0.0,0.0
236.99999999999486,3.949999999999913,75.00000000000054,-60.000000000000014,0,0,3.1,75.00000000000054,20260409-103125,0.0,0.0
234.9999999999948,3.9166666666665795,75.00000000000057,-60.00000000000001,0,0,3.1,75.00000000000055,20260409-103125,0.0,0.0
232.99999999999474,3.883333333333245,75.00000000000057,-60.000000000000014,0,0,3.1,75.00000000000057,20260409-103125,0.0,0.0
230.99999999999469,3.8499999999999113,75.00000000000057,-60.0,0,0,3.1,75.00000000000058,20260409-103125,0.0,0.0
228.99999999999463,3.8166666666665767,75.00000000000057,-60.00000000000001,0,0,3.3,75.00000000000058,20260409-103125,0.0,0.0
226.99999999999457,3.783333333333243,75.00000000000057,-60.0,0,0,3.3,75.00000000000058,20260409-103125,0.0,0.0
224.99999999999451,3.749999999999908,75.0000000000006,-60.00000000000001,0,0,3.3,75.0000000000006,20260409-103125,0.0,0.0
222.99999999999443,3.7166666666665735,75.00000000000063,-60.00000000000001,0,0,3.3,75.00000000000061,20260409-103125,0.0,0.0
220.99999999999437,3.6833333333332385,75.00000000000063,-60.000000000000014,0,0,3.3,75.00000000000063,20260409-103125,0.0,0.0
218.99999999999432,3.649999999999905,75.00000000000063,-60.00000000000001,0,0,3.3,75.00000000000064,20260409-103125,0.0,0.0
216.99999999999426,3.6166666666665708,75.00000000000065,-60.0,0,0,3.3,75.00000000000065,20260409-103125,0.0,0.0
214.9999999999942,3.5833333333332367,75.00000000000068,-60.0,0,0,3.3,75.00000000000067,20260409-103125,0.0,0.0
212.99999999999415,3.5499999999999026,75.00000000000068,-60.0,0,0,3.3,75.00000000000068,20260409-103125,0.0,0.0
210.9999999999941,3.516666666666568,75.00000000000068,-60.0,0,0,3.3,75.0000000000007,20260409-103125,0.0,0.0
208.999999999994,3.483333333333233,75.00000000000071,-60.00000000000001,0,0,3.3,75.00000000000071,20260409-103125,0.0,0.0
206.99999999999395,3.4499999999998985,75.00000000000071,-60.00000000000001,0,0,3.3,75.00000000000071,20260409-103125,0.0,0.0
204.9999999999939,3.4166666666665644,75.00000000000074,-60.00000000000001,0,0,3.3,75.00000000000074,20260409-103125,0.0,0.0
202.99999999999383,3.3833333333332303,75.00000000000074,-60.00000000000001,0,0,3.3,75.00000000000075,20260409-103125,0.0,0.0
200.99999999999378,3.349999999999896,75.00000000000077,-60.0,0,0,3.3,75.00000000000077,20260409-103125,0.0,0.0
198.99999999999372,3.316666666666561,75.0000000000008,-60.000000000000014,0,0,3.3,75.00000000000078,20260409-103125,0.0,0.0
196.99999999999366,3.2833333333332275,75.0000000000008,-60.0,0,0,3.5,75.0000000000008,20260409-103125,0.0,0.0
194.99999999999358,3.249999999999892,75.00000000000082,-60.000000000000014,0,0,3.5,75.00000000000082,20260409-103125,0.0,0.0
192.99999999999352,3.2166666666665584,75.00000000000082,-60.00000000000001,0,0,3.5,75.00000000000082,20260409-103125,0.0,0.0
190.99999999999346,3.183333333333224,75.00000000000085,-60.00000000000001,0,0,3.5,75.00000000000084,20260409-103125,0.0,0.0
188.9999999999934,3.1499999999998898,75.00000000000085,-60.00000000000001,0,0,3.5,75.00000000000085,20260409-103125,0.0,0.0
186.99999999999335,3.1166666666665557,75.00000000000088,-60.00000000000001,0,0,3.5,75.00000000000088,20260409-103125,0.0,0.0
184.9999999999933,3.0833333333332216,75.00000000000091,-60.0,0,0,3.5,75.0000000000009,20260409-103125,0.0,0.0
182.99999999999324,3.0499999999998875,75.00000000000091,-60.0,0,0,3.5,75.00000000000092,20260409-103125,0.0,0.0
180.99999999999315,3.016666666666552,75.00000000000094,-60.00000000000001,0,0,3.5,75.00000000000094,20260409-103125,0.0,0.0
178.9999999999931,2.983333333333218,75.00000000000097,-60.00000000000001,0,0,3.5,75.00000000000095,20260409-103125,0.0,0.0
176.99999999999304,2.9499999999998834,75.00000000000097,-60.00000000000001,0,0,3.5,75.00000000000097,20260409-103125,0.0,0.0
174.99999999999298,2.9166666666665493,75.00000000000097,-60.00000000000001,0,0,3.5,75.00000000000098,20260409-103125,0.0,0.0
172.99999999999292,2.883333333333215,75.00000000000102,-60.00000000000001,0,0,3.5,75.00000000000101,20260409-103125,0.0,0.0
170.99999999999287,2.849999999999881,75.00000000000102,-60.0,0,0,3.5,75.00000000000104,20260409-103125,0.0,0.0
168.9999999999928,2.816666666666547,75.00000000000105,-59.99999999999999,0,0,3.5,75.00000000000105,20260409-103125,0.0,0.0
166.99999999999272,2.7833333333332115,75.00000000000108,-60.000000000000014,0,0,3.5,75.00000000000107,20260409-103125,0.0,0.0
164.99999999999267,2.749999999999878,75.00000000000108,-60.0,0,0,3.5,75.0000000000011,20260409-103125,0.0,0.0
162.9999999999926,2.7166666666665433,75.00000000000111,-60.00000000000001,0,0,3.9,75.00000000000111,20260409-103125,0.0,0.0
160.99999999999255,2.6833333333332097,75.00000000000114,-59.99999999999999,0,0,3.9,75.00000000000114,20260409-103125,0.0,0.0
158.9999999999925,2.6499999999998747,75.00000000000117,-60.00000000000001,0,0,3.9,75.00000000000117,20260409-103125,0.0,0.0
156.99999999999244,2.616666666666541,75.0000000000012,-59.99999999999999,0,0,3.9,75.0000000000012,20260409-103125,0.0,0.0
154.99999999999235,2.583333333333205,75.0000000000012,-60.000000000000014,0,0,3.9,75.00000000000121,20260409-103125,0.0,0.0
152.9999999999923,2.549999999999871,75.00000000000125,-60.000000000000014,0,0,3.9,75.00000000000124,20260409-103125,0.0,0.0
150.99999999999224,2.516666666666537,75.00000000000125,-60.000000000000014,0,0,3.9,75.00000000000126,20260409-103125,0.0,0.0
148.99999999999218,2.483333333333203,75.00000000000131,-60.00000000000001,0,0,3.9,75.0000000000013,20260409-103125,0.0,0.0
146.99999999999213,2.449999999999869,75.00000000000131,-59.99999999999999,0,0,3.9,75.00000000000131,20260409-103125,0.0,0.0
144.99999999999207,2.416666666666534,75.00000000000136,-60.00000000000001,0,0,3.9,75.00000000000135,20260409-103125,0.0,0.0
142.999999999992,2.3833333333332,75.00000000000136,-60.00000000000001,0,0,3.9,75.00000000000138,20260409-103125,0.0,0.0
140.99999999999193,2.349999999999865,75.00000000000142,-60.000000000000014,0,0,3.9,75.0000000000014,20260409-103125,0.0,0.0
138.99999999999187,2.3166666666665305,75.00000000000142,-60.000000000000014,0,0,3.9,75.00000000000144,20260409-103125,0.0,0.0
136.99999999999181,2.2833333333331964,75.00000000000148,-60.000000000000014,0,0,3.9,75.00000000000146,20260409-103125,0.0,0.0
134.99999999999176,2.2499999999998628,75.0000000000015,-60.0,0,0,3.9,75.0000000000015,20260409-103125,0.0,0.0
132.9999999999917,2.2166666666665282,75.00000000000153,-60.0,0,0,3.9,75.00000000000153,20260409-103125,0.0,0.0
130.99999999999164,2.183333333333194,75.00000000000156,-60.0,0,0,3.9,75.00000000000156,20260409-103125,0.0,0.0
128.9999999999916,2.1499999999998596,75.00000000000159,-60.0,0,0,3.9,75.0000000000016,20260409-103125,0.0,0.0
126.99999999999152,2.116666666666525,75.00000000000165,-60.00000000000001,0,0,3.9,75.00000000000165,20260409-103125,0.0,0.0
124.99999999999146,2.083333333333191,75.00000000000168,-60.0,0,0,3.9,75.00000000000168,20260409-103125,0.0,0.0
122.99999999999139,2.0499999999998564,75.0000000000017,-60.00000000000001,0,0,3.9,75.00000000000172,20260409-103125,0.0,0.0
120.99999999999133,2.016666666666522,75.00000000000176,-60.00000000000001,0,0,3.9,75.00000000000176,20260409-103125,0.0,0.0
118.99999999999127,1.9833333333331877,75.00000000000182,-60.00000000000001,0,0,4.0,75.0000000000018,20260409-103125,0.0,0.0
116.79841164344568,1.768396226339159,60.002188952583396,-66.04764809142101,0,0,4.0,60.00218895258339,20260409-103125,0.0,0.0
114.59682346391338,1.7350630378804415,60.00446201172588,-66.04764262853828,0,0,4.0,60.00446201172587,20260409-103125,0.0,0.0
112.39523547181055,1.7017298550973325,60.00682411983752,-66.04763684150207,0,0,4.0,60.00682411983753,20260409-103125,0.0,0.0
110.19364767837126,1.6683966783300168,60.00928061430872,-66.04763070414987,0,0,4.0,60.009280614308715,20260409-103125,0.0,0.0
107.99206009574574,1.6350635079464206,60.011837267772734,-66.04762418762546,0,0,4.0,60.01183726777273,20260409-103125,0.0,0.0
105.79047273709561,1.6017303443450974,60.014500333394494,-66.04761726003909,0,0,4.0,60.014500333394494,20260409-103125,0.0,0.0
103.58888561670139,1.5683971879584826,60.01727659593428,-66.04760988607659,0,0,4.0,60.01727659593427,20260409-103125,0.0,0.0
101.387298750084,1.5350640392565729,60.02017342946428,-66.0476020265484,0,0,4.0,60.02017342946427,20260409-103125,0.0,0.0
99.18571215414241,1.501730898751095,60.023198862772006,-66.04759363786786,0,0,4.0,60.02319886277199,20260409-103125,0.0,0.0
96.98412584731001,1.4683977670002406,60.02636165367156,-66.04758467144558,0,0,4.0,60.02636165367155,20260409-103125,0.0,0.0
94.78253984973288,1.4350646446140645,60.02967137367145,-66.04757507298424,0,0,4.0,60.029671373671455,20260409-103125,0.0,0.0
92.58095418347344,1.4017315322606512,60.03313850472273,-66.04756478165469,0,0,4.0,60.03313850472274,20260409-103125,0.0,0.0
90.37936887274373,1.3683984306731807,60.03677455010734,-66.04755372912975,0,0,4.0,60.036774550107346,20260409-103125,0.0,0.0
88.17778394417391,1.3350653406580575,60.04059216193798,-66.04754183844727,0,0,4.0,60.04059216193797,20260409-103125,0.0,0.0
85.97619942712178,1.3017322631042845,60.04460528824711,-66.04752902266667,0,0,4.0,60.04460528824711,20260409-103125,0.0,0.0
83.77461535403123,1.2683991989943166,60.04882934326861,-66.0475151832752,0,0,4.0,60.048829343268594,20260409-103125,0.0,0.0
81.57303176084864,1.2350661494166737,60.05328140529343,-66.04750020828915,0,0,4.0,60.05328140529344,20260409-103125,0.0,0.0
79.37144868750866,1.2017331155806459,60.05798044745376,-66.04748396998153,0,0,4.0,60.057980447453744,20260409-103125,0.0,0.0
77.16986617850316,1.1684000988335257,60.06294760801035,-66.04746632214926,0,0,4.0,60.06294760801033,20260409-103125,0.0,0.0
74.96828428355032,1.1350671006808715,60.068206508264836,-66.04744709681084,0,0,4.0,60.068206508264836,20260409-103125,0.0,0.0
72.76670305838527,1.101734122810447,60.073783628182326,-66.0474261001942,0,0,4.0,60.07378362818233,20260409-103125,0.0,0.0
70.5651225656987,1.0684011671206453,60.07970875232783,-66.04740310783505,0,0,4.0,60.079708752327825,20260409-103125,0.0,0.0
68.36354287625687,1.0350682357544088,60.08601550196721,-66.04737785855264,0,0,4.0,60.08601550196721,20260409-103125,0.0,0.0
66.16196407024512,1.0017353311399106,60.09274197340244,-66.04735004699998,0,0,4.0,60.09274197340244,20260409-103125,0.0,0.0
63.96038623888906,0.9684024560396531,60.099931508137274,-66.04731931438852,0,0,4.0,60.09993150813728,20260409-103125,0.0,0.0
61.75880948642223,0.9350696136100511,60.107633627769246,-66.04728523685863,0,0,4.0,60.10763362776926,20260409-103125,0.0,0.0
59.55723393249044,0.9017368074742459,60.11590517623145,-66.04724731078633,0,0,4.0,60.11590517623146,20260409-103125,0.0,0.0
57.35565971510964,0.8684040418116786,60.12481172509612,-66.04720493406886,0,0,4.0,60.124811725096116,20260409-103125,0.0,0.0
55.15408699433231,0.8350713214691221,60.134429315442105,-66.04715738207962,0,0,4.0,60.134429315442105,20260409-103125,0.0,0.0
52.952515956828414,0.8017386520994102,60.14484663423508,-66.04710377648433,0,0,4.0,60.14484663423509,20260409-103125,0.0,0.0
50.750946821658665,0.7684060403362747,60.15616775716009,-66.04704304438928,0,0,4.0,60.15616775716009,20260409-103125,0.0,0.0
48.54937984761854,0.7350734940167546,60.16851563770888,-66.04697386423778,0,0,4.0,60.168515637708865,20260409-103125,0.0,0.0
46.34781534267542,0.7017410224669958,60.1820365906475,-66.04689459330453,0,0,4.0,60.1820365906475,20260409-103125,0.0,0.0
44.146253676229364,0.6684086368735667,60.196906116977175,-66.04680316927126,0,0,4.0,60.196906116977175,20260409-103125,0.0,0.0
41.94469529523508,0.6350763507717172,60.213336563245036,-66.04669697472707,0,0,4.0,60.21333656324503,20260409-103125,0.0,0.0
39.74314074568218,0.6017441806959235,60.2315873264628,-66.04657264773017,0,0,4.0,60.2315873264628,20260409-103125,0.0,0.0
37.54159070163326,0.5684121470593388,60.25197864955226,-66.04642581242048,0,0,4.0,60.25197864955226,20260409-103125,0.0,0.0
35.34004600511545,0.5350802753619808,60.27491057295572,-66.04625068866157,0,0,4.2,60.27491057295571,20260409-103125,0.0,0.0
33.13850772191261,0.5017485978805325,60.300889440083694,-66.04603951440033,0,0,4.2,60.30088944008369,20260409-103125,0.0,0.0
30.936977221178427,0.4684171560796828,60.33056571913613,-66.04578167054947,0,0,4.2,60.330565719136146,20260409-103125,0.0,0.0
28.735456291644823,0.4350860041319863,60.36478920969304,-66.04546231950897,0,0,4.2,60.36478920969304,20260409-103125,0.0,0.0
26.533947315678706,0.4017552141901106,60.40469172995586,-66.04506022197596,0,0,4.2,60.40469172995584,20260409-103125,0.0,0.0
24.332453537821916,0.36842488452141176,60.45181468702776,-66.04454411224165,0,0,4.2,60.45181468702776,20260409-103125,0.0,0.0
22.130979493600762,0.33509515249817007,60.508312779321216,-66.04386643200283,0,0,4.2,60.50831277932121,20260409-103125,0.0,0.0
19.92953172252069,0.30176621619855654,60.577292689845876,-66.0429519698369,0,0,4.2,60.57729268984586,20260409-103125,0.0,0.0
17.728120012246237,0.26843837210437993,60.66340408745387,-66.04167605871493,0,0,4.2,60.66340408745387,20260409-103125,0.0,0.0
15.526759701081176,0.23511208487446508,60.773933282320655,-66.0398197284137,0,0,4.2,60.773933282320655,20260409-103125,0.0,0.0
13.32547626235165,0.20178812629578485,60.92098061696174,-66.03696910698757,0,0,4.2,60.92098061696176,20260409-103125,0.0,0.0
11.124315330785178,0.16846787927077694,61.126222102677474,-66.03226311708455,0,0,4.2,61.12622210267747,20260409-103125,0.0,0.0
8.923367564762362,0.13515409197166564,61.43271488363217,-66.02365814150193,0,0,4.2,61.43271488363216,20260409-103125,0.0,0.0
6.722842328199414,0.10185311476976537,61.93987397471125,-66.0052698770785,0,0,4.2,61.93987397471123,20260409-103125,0.0,0.0
4.523356320330341,0.06858367897587841,62.940400480824565,-65.95383023884227,0,0,4.2,62.94040048082457,20260409-103125,0.0,0.0
2.3278571666623162,0.035435760602728794,65.83099629379038,-65.69231553288729,0,0,4.2,65.83099629379038,20260409-103125,0.0,0.0
0.2666622075880418,0.03549825772830177,124.63725342727281,-7.511980154886291,0,0,4.2,124.6372534272728,20260409-103125,0.0,0.0
2.1017425233354117,0.032033168514972274,-126.70576613773935,65.61144653402174,0,0,4.2,-126.70576613773935,20260409-103125,0.0,0.0
4.296225982499388,0.06514998213856353,-123.3344128802411,65.94362487102462,0,0,4.2,-123.3344128802411,20260409-103125,0.0,0.0
4.99999999998994,0.08333333333316566,104.99999999995657,-60.0,0,0,4.2,104.99999999995657,20260409-103125,0.0,0.0
2.9999999999899334,0.04999999999983222,104.99999999992684,-60.0,0,0,4.2,104.99999999992686,20260409-103125,0.0,0.0
0.9999999999899272,0.016666666666666666,104.9999999997782,-59.99999999939563,0,0,4.2,104.99999999977823,20260409-103125,0.0,0.0
0.9999999999933018,0.016666666666666666,149.99999999978968,59.9999999995981,0,0,4.2,149.9999999997897,20260409-103125,0.0,0.0
2.999999999993269,0.049999999999887815,149.9999999999295,60.0,0,0,4.2,149.99999999992954,20260409-103125,0.0,0.0
3.777440079628627,0.06675494810483489,17.020528381220203,-56.58666790806833,0,0,4.2,17.020528381220203,20260409-103125,0.0,0.0
1.9419691420533007,0.03727205911304731,3.892770791926125,-52.10254513074387,0,0,4.2,3.8927707919261216,20260409-103125,0.0,0.0
0.8821463822245164,0.07745139182370629,-72.65500664806675,11.389677595884201,0,0,4.2,-72.65500664806675,20260409-103125,0.0,0.0
2.2999712668071393,0.04267368381800554,-127.85806958772814,53.89671247075932,0,0,4.2,-127.85806958772814,20260409-103125,0.0,0.0
3.731214349890034,0.0669481144531558,59.68617039270072,-55.73292661589146,0,0,4.2,59.6861703927007,20260409-103125,0.0,0.0
1.8933509475177548,0.03508846859861652,68.00071892229289,-53.95934969907483,0,0,4.2,68.00071892229288,20260409-103125,0.0,0.0
0.547809949526846,0.1511815517829936,148.04534727169687,3.6235237902120083,0,0,4.2,148.0453472716969,20260409-103125,0.0,0.0
2.0169071163115038,0.03718011051684782,-144.3457993095852,54.24693709281905,0,0,4.2,-144.3457993095852,20260409-103125,0.0,0.0
3.858527379136828,0.06918370969865259,-136.8028292033511,55.77219544808503,0,0,4.2,-136.8028292033511,20260409-103125,0.0,0.0
3.3161622469056327,0.09192101062132704,75.00000000007662,-36.076216139166704,0,0,4.2,75.00000000007664,20260409-103125,0.0,0.0
2.1136217089333926,0.05858767728799325,75.00000000011988,-36.076216139166704,0,0,4.2,75.00000000011988,20260409-103125,0.0,0.0
0.9110811709611525,0.027719093270270504,75.00000000027725,-32.86836124391963,0,0,4.2,75.00000000027725,20260409-103125,0.0,0.0
0.29145936701108754,0.0277190932702705,-105.00000000086402,10.51475112007671,0,0,4.2,-105.00000000086402,20260409-103125,0.0,0.0
1.4939999049833277,0.04141232271200814,-105.00000000016804,36.0762161391667,0,0,4.2,-105.00000000016804,20260409-103125,0.0,0.0
2.6965404429555675,0.07474565604534192,-105.00000000009281,36.076216139166704,0,0,4.2,-105.00000000009281,20260409-103125,0.0,0.0
3.899080980927808,0.10807898937867573,-105.00000000006399,36.076216139166704,0,0,4.2,-105.00000000006399,20260409-103125,0.0,0.0
5.101621518900048,0.1414123227120095,-105.00000000004876,36.076216139166704,0,0,4.2,-105.00000000004876,20260409-103125,0.0,0.0
6.304162056872288,0.1747456560453433,-105.00000000003934,36.076216139166704,0,0,4.2,-105.00000000003934,20260409-103125,0.0,0.0
7.506702594844528,0.2080789893786771,-105.00000000003293,36.076216139166704,0,0,4.2,-105.00000000003293,20260409-103125,0.0,0.0
8.709243132816768,0.2414123227120109,-105.0000000000283,36.076216139166704,0,0,4.2,-105.0000000000283,20260409-103125,0.0,0.0
9.911783670789008,0.2747456560453447,-105.00000000002478,36.076216139166704,0,0,4.2,-105.00000000002478,20260409-103125,0.0,0.0
11.114324208761248,0.30807898937867845,-105.00000000002203,36.07621613916671,0,0,4.2,-105.00000000002203,20260409-103125,0.0,0.0
12.316864746733488,0.3414123227120123,-105.00000000001981,36.076216139166704,0,0,4.2,-105.00000000001981,20260409-103125,0.0,0.0
13.519405284705728,0.37474565604534604,-105.00000000001799,36.076216139166704,0,0,4.2,-105.00000000001799,20260409-103125,0.0,0.0
14.721945822677968,0.40807898937867987,-105.00000000001647,36.076216139166704,0,0,4.2,-105.00000000001647,20260409-103125,0.0,0.0
15.924486360650208,0.44141232271201364,-105.00000000001519,36.076216139166704,0,0,4.2,-105.00000000001519,20260409-103125,0.0,0.0
17.12702689862245,0.4747456560453475,-105.00000000001407,36.076216139166704,0,0,4.2,-105.00000000001407,20260409-103125,0.0,0.0
18.32956743659469,0.5080789893786813,-105.0000000000131,36.076216139166704,0,0,4.2,-105.0000000000131,20260409-103125,0.0,0.0
18.027156909319203,0.5891986234719243,85.96992648624837,-30.59606080389665,0,0,4.2,85.9699264862484,20260409-103125,0.0,0.0
17.037241853633777,0.5926691745767003,89.367950330913,-28.746630640613652,0,0,4.2,89.36795033091299,20260409-103125,0.0,0.0
16.114484573608085,0.6067683971728771,93.16985633539446,-26.557883780187773,0,0,4.2,93.16985633539443,20260409-103125,0.0,0.0
15.271063994193142,0.6368775365797621,97.4122358652113,-23.97802264498711,0,0,4.2,97.41223586521133,20260409-103125,0.0,0.0
14.520811179279152,0.6927480404779597,102.12121959456027,-20.961172505461807,0,0,4.2,102.12121959456027,20260409-103125,0.0,0.0
13.878843555630327,0.794068132740562,107.30380598406686,-17.478152041853598,0,0,4.2,107.30380598406686,20260409-103125,0.0,0.0
13.360779128736898,0.9874464509413933,112.93776075465377,-13.530636639586124,0,0,4.2,112.93776075465378,20260409-103125,0.0,0.0
12.981460578839673,1.4163207839620295,118.96257446261416,-9.165621747444254,0,0,4.2,118.96257446261417,20260409-103125,0.0,0.0
12.753274008696446,2.844134389988164,125.27552169918846,-4.484061672187551,0,0,4.2,125.27552169918846,20260409-103125,0.0,0.0
12.684378442385857,34.8992782040518,131.7369478194376,0.3634567559885294,0,0,4.2,131.7369478194376,20260409-103125,0.0,0.0
12.77735083443672,2.458489430335954,138.186146708632,5.1972364317591095,0,0,4.2,138.18614670863204,20260409-103125,0.0,0.0
13.028726398644855,1.324047897006124,144.4641990212598,9.840071819233133,0,0,4.2,144.46419902125982,20260409-103125,0.0,0.0
13.429613104741954,0.9492327861029054,150.4361951776575,14.147860568404411,0,0,4.2,150.43619517765748,20260409-103125,0.0,0.0
13.967143017210615,0.7747554439810432,156.0056334193822,18.027808808210665,0,0,4.2,156.00563341938224,20260409-103125,0.0,0.0
14.626258555461837,0.6821803402937301,161.11814101147525,21.440457444382126,0,0,4.2,161.11814101147527,20260409-103125,0.0,0.0
15.391347372698494,0.6310592824069948,165.75648456990757,24.389701255946367,0,0,4.2,165.75648456990754,20260409-103125,0.0,0.0
16.247445581098955,0.6038135968455096,169.93114284218655,26.908048553361724,0,0,4.2,169.93114284218652,20260409-103125,0.0,0.0
17.180954025382817,0.5915727402127541,173.67030483548513,29.04284267595534,0,0,4.2,173.6703048354851,20260409-103125,0.0,0.0
18.17995197688132,0.5893762215186378,177.01152042299236,30.846090006884367,0,0,4.2,177.0115204229924,20260409-103125,0.0,0.0
19.23423785568201,0.5942330530691337,179.99571398200192,32.36817231276477,0,0,4.2,179.9957139820019,20260409-103125,0.0,0.0
20.335214216821953,0.6042325523239428,-177.3366196266843,33.65461549300936,0,0,4.2,-177.3366196266843,20260409-103125,0.0,0.0
21.47570133772053,0.618096995864858,-174.94755401393158,34.74487253844544,0,0,4.2,-174.94755401393158,20260409-103125,0.0,0.0
22.649731521537998,0.634939562670019,-172.80274142187736,35.67226371324599,0,0,4.2,-172.80274142187736,20260409-103125,0.0,0.0
23.8523522403217,0.6541254661137643,-170.8717236212343,36.464491104483834,0,0,4.2,-170.8717236212343,20260409-103125,0.0,0.0
25.0794508740294,0.6751883582676382,-169.1278454237832,37.14437692376228,0,0,4.2,-169.1278454237832,20260409-103125,0.0,0.0
26.32760498482867,0.697777937099016,-167.54796583026862,37.73063547162961,0,0,4.2,-167.54796583026862,20260409-103125,0.0,0.0
27.593957521155673,0.7216259644525088,-166.11208484018718,38.23858741292792,0,0,4.2,-166.11208484018718,20260409-103125,0.0,0.0
28.876114324288142,0.7465235646172125,-164.80295303304302,38.680780745474074,0,0,4.2,-164.80295303304302,20260409-103125,0.0,0.0
30.172060662262048,0.7723056637291286,-163.60569926921605,39.06751184055064,0,0,4.2,-163.60569926921605,20260409-103125,0.0,0.0
31.48009355279825,0.7988400800045432,-162.5074929557549,39.40725351764926,0,0,4.2,-162.5074929557549,20260409-103125,0.0,0.0
32.79876697265441,0.8260197200152866,-161.49724657847122,39.70700236072745,0,0,4.2,-161.49724657847122,20260409-103125,0.0,0.0
34.126847482706175,0.8537568960598166,-160.56535842893857,39.97255851191994,0,0,4.2,-160.56535842893857,20260409-103125,0.0,0.0
35.46327822744449,0.8819791211663749,-159.70349260940134,40.208750271260406,0,0,4.2,-159.70349260940134,20260409-103125,0.0,0.0
36.807149652129205,0.9106259520877088,-158.90439221791496,40.41961418708178,0,0,4.2,-158.90439221791496,20260409-103125,0.0,0.0
38.157675607132816,0.9396465877227772,-158.16172134265858,40.60853953570726,0,0,4.2,-158.16172134265858,20260409-103125,0.0,0.0
39.51417377741776,0.9689980201631553,-157.46993168489564,40.77838442927319,0,0,4.2,-157.46993168489564,20260409-103125,0.0,0.0
40.87604959181607,0.9986435954858577,-156.82415003183374,40.93156935726319,0,0,4.2,-156.82415003183374,20260409-103125,0.0,0.0
42.24278293982406,1.028551882128178,-156.2200832743792,41.07015277870035,0,0,4.2,-156.2200832743792,20260409-103125,0.0,0.0
43.61391716089513,1.0586957727911155,-155.65393813742423,41.195892419512205,0,0,4.2,-155.65393813742423,20260409-103125,0.0,0.0
44.989049879738516,1.0890517655165515,-155.12235322658208,41.310295161589146,0,0,4.2,-155.12235322658208,20260409-103125,0.0,0.0
46.36782534682455,1.119599383576724,-154.62234138099748,41.41465780259342,0,0,4.2,-154.62234138099748,20260409-103125,0.0,0.0
47.74992801097712,1.150320703881426,-154.1512406540682,41.51010048750643,0,0,4.2,-154.1512406540682,20260409-103125,0.0,0.0
49.13507710445987,1.1811999709359533,-153.7066725253342,41.59759423760099,0,0,4.2,-153.7066725253342,20260409-103125,0.0,0.0
50.52302206338,1.2122232787749612,-153.28650618265524,41.67798370811452,0,0,4.2,-153.28650618265524,20260409-103125,0.0,0.0
51.91353863993664,1.2433783073059732,-152.88882791012665,41.75200607481858,0,0,4.2,-152.88882791012665,20260409-103125,0.0,0.0
53.30642558989914,1.2746541025047637,-152.5119147799066,41.82030676804723,0,0,4.2,-152.5119147799066,20260409-103125,0.0,0.0
54.70150184017401,1.3060408921830065,-152.15421198067452,41.88345262968157,0,0,4.2,-152.15421198067452,20260409-103125,0.0,0.0
56.098604058546,1.337529930788248,-151.81431322656073,41.94194295561322,0,0,4.2,-151.81431322656073,20260409-103125,0.0,0.0
57.49758456154758,1.3691133680352163,-151.49094378214943,41.996218796739285,0,0,4.2,-151.49094378214943,20260409-103125,0.0,0.0
58.898309507616275,1.4007841372057543,-151.18294571497043,42.046670820462744,0,0,4.2,-151.18294571497043,20260409-103125,0.0,0.0
60.30065733178583,1.4325358597654125,-150.88926504960364,42.09364597802143,0,0,4.2,-150.88926504960364,20260409-103125,0.0,0.0
61.704517385551256,1.464362763582083,-150.60894054946144,42.13745317766166,0,0,4.2,-150.60894054946144,20260409-103125,0.0,0.0
63.10978875158738,1.4962596125362195,-150.34109389541464,42.17836812731567,0,0,4.2,-150.34109389541464,20260409-103125,0.0,0.0
64.51637920795014,1.5282216457134248,-150.0849210662628,42.21663748116311,0,0,4.2,-150.0849210662628,20260409-103125,0.0,0.0
65.9242043204611,1.5602445246912628,-149.83968475590672,42.25248240079933,0,0,4.2,-149.83968475590672,20260409-103125,0.0,0.0
67.33318664533583,1.5923242876905828,-149.60470768701433,42.28610162254831,0,0,4.2,-149.60470768701433,20260409-103125,0.0,0.0
68.74325502689851,1.6244573095705797,-149.37936670184027,42.317674106850234,0,0,4.2,-149.37936670184027,20260409-103125,0.0,0.0
70.15434397753734,1.656640266816719,-149.16308752836974,42.347361332910786,0,0,4.2,-149.16308752836974,20260409-103125,0.0,0.0
71.56639312898128,1.6888701068093364,-148.9553401346825,42.37530929136204,0,0,4.2,-148.9553401346825,20260409-103125,0.0,0.0
72.97934674558971,1.7211440207745061,-148.75563459684793,42.40165021910797,0,0,4.2,-148.75563459684793,20260409-103125,0.0,0.0
74.39315329169733,1.7534594199125164,-148.56351741615507,42.426504113456446,0,0,4.2,-148.56351741615507,20260409-103125,0.0,0.0
75.80776504619291,1.7858139142768081,-148.37856823036765,42.44998005679242,0,0,4.2,-148.37856823036765,20260409-103125,0.0,0.0
77.22313775846877,1.8182052940406075,-148.2003968712437,42.47217737819659,0,0,4.2,-148.2003968712437,20260409-103125,0.0,0.0
78.63923034068905,1.8506315128421804,-148.02864072698162,42.493186674377846,0,0,4.2,-148.02864072698162,20260409-103125,0.0,0.0
80.05600459201234,1.8830906729445032,-147.8629623737364,42.513090708920785,0,0,4.2,-147.8629623737364,20260409-103125,0.0,0.0
81.47342495098938,1.915581011982853,-147.70304744503554,42.531965206031536,0,0,4.2,-147.70304744503554,20260409-103125,0.0,0.0
82.89145827285549,1.9481008911055693,-147.54860271194144,42.5498795526004,0,0,4.2,-147.54860271194144,20260409-103125,0.0,0.0
84.31007362886379,1.9806487843400506,-147.39935435025632,42.56689742041055,0,0,4.2,-147.39935435025632,20260409-103125,0.0,0.0
85.72924212517088,2.0132232690388165,-147.25504637403577,42.58307731864287,0,0,4.2,-147.25504637403577,20260409-103125,0.0,0.0
87.1489367391006,2.045823017279769,-147.1154392172392,42.59847308540809,0,0,4.2,-147.1154392172392,20260409-103125,0.0,0.0
88.56913217088214,2.0784467881113065,-146.98030844755928,42.61313432583246,0,0,4.2,-146.98030844755928,20260409-103125,0.0,0.0
89.98980470919176,2.1110934205469998,-146.84944359839145,42.627106803200945,0,0,4.2,-146.84944359839145,20260409-103125,0.0,0.0
91.41093210902947,2.143761827226656,-146.72264710656927,42.64043278878888,0,0,4.2,-146.72264710656927,20260409-103125,0.0,0.0
92.83249348063731,2.1764509886709718,-146.59973334493898,42.65315137526922,0,0,4.2,-146.59973334493898,20260409-103125,0.0,0.0
94.25446918831696,2.2091599480659045,-146.48052774010915,42.6652987579445,0,0,4.2,-146.48052774010915,20260409-103125,0.0,0.0
95.67684075813779,2.2418878065206664,-146.36486596681155,42.676908487505884,0,0,4.2,-146.36486596681155,20260409-103125,0.0,0.0
97.0995907936412,2.274633718749908,-146.2525932112737,42.688011697551524,0,0,4.2,-146.2525932112737,20260409-103125,0.0,0.0
98.52270289874782,2.307396889136453,-146.14356349684624,42.698637309691485,0,0,4.2,-146.14356349684624,20260409-103125,0.0,0.0
99.94616160716298,2.340176568136045,-146.0376390658701,42.708812218716595,0,0,4.2,-146.0376390658701,20260409-103125,0.0,0.0
101.36995231765276,2.372972048989932,-145.93468981241853,42.71856146000599,0,0,4.2,-145.93468981241853,20260409-103125,0.0,0.0
102.79406123463113,2.405782664714958,-145.834592761123,42.72790836108646,0,0,4.2,-145.834592761123,20260409-103125,0.0,0.0
104.2184753135587,2.4386077853442383,-145.73723158779802,42.73687467902799,0,0,4.2,-145.73723158779802,20260409-103125,0.0,0.0
105.64318221070606,2.471446815394375,-145.64249617802594,42.745480725163134,0,0,4.2,-145.64249617802594,20260409-103125,0.0,0.0
107.06817023688166,2.504299191537845,-145.55028222025942,42.75374547844382,0,0,4.2,-145.55028222025942,20260409-103125,0.0,0.0
108.49342831476545,2.537164380461408,-145.46049083034808,42.761686688599525,0,0,4.2,-145.46049083034808,20260409-103125,0.0,0.0
109.91894593952526,2.5700418768934137,-145.37302820470893,42.769320970128256,0,0,4.2,-145.37302820470893,20260409-103125,0.0,0.0
111.34471314242651,2.602931201784681,-145.28780529963453,42.776663888036616,0,0,4.2,-145.28780529963453,20260409-103125,0.0,0.0
112.77072045717394,2.6358319006291833,-145.20473753448047,42.783730036143474,0,0,4.2,-145.20473753448047,20260409-103125,0.0,0.0
114.19695888874945,2.668743541912142,-145.12374451669237,42.79053310867326,0,0,4.2,-145.12374451669237,20260409-103125,0.0,0.0
115.62341988453397,2.7016657156744195,-145.04474978682845,42.79708596578566,0,0,4.2,-145.04474978682845,20260409-103125,0.0,0.0
117.05009530752038,2.734598032183141,-144.96768058190926,42.80340069362023,0,0,4.2,-144.96768058190926,20260409-103125,0.0,0.0
118.476977411444,2.7675401206995147,-144.89246761558155,42.8094886593724,0,0,4.2,-144.89246761558155,20260409-103125,0.0,0.0
119.90405881767248,2.8004916283356303,-144.8190448737253,42.8153605618643,0,0,4.2,-144.8190448737253,20260409-103125,0.0,0.0
121.33133249371228,2.833452218992855,-144.74734942425732,42.821026478025196,0,0,4.2,-144.74734942425732,20260409-103125,0.0,0.0
122.75879173320136,2.8664215723750917,-144.67732123999883,42.82649590565442,0,0,4.2,-144.67732123999883,20260409-103125,0.0,0.0
124.18643013727022,2.899399383070823,-144.60890303357598,42.83177780280184,0,0,4.2,-144.60890303357598,20260409-103125,0.0,0.0
125.61424159716341,2.932385359698413,-144.54204010341365,42.83688062406725,0,0,4.2,-144.54204010341365,20260409-103125,0.0,0.0
127.04222027802341,2.9653792241096215,-144.47668018996578,42.84181235409068,0,0,4.2,-144.47668018996578,20260409-103125,0.0,0.0
128.47036060374765,2.9983807106467895,-144.41277334139983,42.846580538478364,0,0,4.2,-144.41277334139983,20260409-103125,0.0,0.0
129.89865724283655,3.0313895654494787,-144.35027178802048,42.85119231238623,0,0,4.2,-144.35027178802048,20260409-103125,0.0,0.0
131.32710509515832,3.0644055458068173,-144.28912982477843,42.85565442696053,0,0,4.2,-144.28912982477843,20260409-103125,0.0,0.0
132.75569927956175,3.0974284195520263,-144.22930370126548,42.85997327381722,0,0,4.2,-144.22930370126548,20260409-103125,0.0,0.0
134.18443512227472,3.1304579644959922,-144.1707515186468,42.86415490772405,0,0,4.2,-144.1707515186468,20260409-103125,0.0,0.0
135.61330814603085,3.1634939678969562,-144.11343313302714,42.8682050676343,0,0,4.2,-144.11343313302714,20260409-103125,0.0,0.0
137.04231405987179,3.1965362259636847,-144.05731006478862,42.87212919620724,0,0,4.2,-144.05731006478862,20260409-103125,0.0,0.0
138.4714487495765,3.2295845433896444,-144.00234541347504,42.87593245793848,0,0,4.2,-144.00234541347504,20260409-103125,0.0,0.0
139.90070826867353,3.2626387329159976,-143.94850377783223,42.87961975601162,0,0,4.2,-143.94850377783223,20260409-103125,0.0,0.0
141.33008882999488,3.295698614921304,-143.8957511806444,42.88319574797334,0,0,4.2,-143.8957511806444,20260409-103125,0.0,0.0
142.75958679773433,3.3287640170360944,-143.8440549980356,42.88666486032445,0,0,4.2,-143.8440549980356,20260409-103125,0.0,0.0
144.18919867997496,3.3618347737805387,-143.79338389293042,42.890031302111716,0,0,4.2,-143.79338389293042,20260409-103125,0.0,0.0
145.61892112165432,3.3949107262236224,-143.7437077523917,42.893299077597725,0,0,4.2,-143.7437077523917,20260409-103125,0.0,0.0
147.04875089793765,3.4279917216623677,-143.69499762857572,42.89647199807937,0,0,4.2,-143.69499762857572,20260409-103125,0.0,0.0
148.47868490797157,3.461077613319717,-143.64722568306325,42.899553692919696,0,0,4.2,-143.64722568306325,20260409-103125,0.0,0.0
149.9087201689933,3.494168260059839,-143.60036513434466,42.902547619852186,0,0,4.2,-143.60036513434466,20260409-103125,0.0,0.0
151.338853810772,3.527263526119684,-143.55439020825295,42.90545707461182,0,0,4.2,-143.55439020825295,20260409-103125,0.0,0.0
152.7690830703606,3.560363280855734,-143.50927609115334,42.90828519994244,0,0,4.2,-143.50927609115334,20260409-103125,0.0,0.0
154.19940528713823,3.5934673985049432,-143.46499888571344,42.91103499402629,0,0,4.2,-143.46499888571344,20260409-103125,0.0,0.0
155.62981789812432,3.626575757958935,-143.4215355690894,42.91370931837751,0,0,4.2,-143.4215355690894,20260409-103125,0.0,0.0
157.06031843354768,3.65968824255064,-143.3788639533759,42.9163109052381,0,0,4.2,-143.3788639533759,20260409-103125,0.0,0.0
158.49090451265434,3.6928047398525523,-143.33696264817888,42.918842364511974,0,0,4.2,-143.33696264817888,20260409-103125,0.0,0.0
159.92157383973893,3.725925141485884,-143.29581102517884,42.921306190269526,0,0,4.2,-143.29581102517884,20260409-103125,0.0,0.0
161.35232420038665,3.759049342939946,-143.2553891845636,42.92370476685291,0,0,4.2,-143.2553891845636,20260409-103125,0.0,0.0
162.78315345791202,3.7921772434011,-143.2156779232157,42.92604037460978,0,0,4.2,-143.2156779232157,20260409-103125,0.0,0.0
164.2140595499832,3.8253087455907107,-143.17665870454925,42.92831519528105,0,0,4.2,-143.17665870454925,20260409-103125,0.0,0.0
165.64504048542042,3.8584437556115607,-143.13831362989708,42.93053131706615,0,0,4.2,-143.13831362989708,20260409-103125,0.0,0.0
167.07609434115813,3.891582182802184,-143.1006254113567,42.93269073938786,0,0,4.2,-143.1006254113567,20260409-103125,0.0,0.0
168.50721925936114,3.924723939598676,-143.06357734600834,42.93479537737676,0,0,4.2,-143.06357734600834,20260409-103125,0.0,0.0
169.93841344468618,3.957868941403524,-143.02715329142634,42.936847066093925,0,0,4.2,-143.02715329142634,20260409-103125,0.0,0.0
171.3696751616797,3.9910171064610482,-142.99133764240744,42.938847564509246,0,0,4.2,-142.99133764240744,20260409-103125,0.0,0.0
172.80100273230477,4.024168355739067,-142.95611530884747,42.94079855925129,0,0,4.2,-142.95611530884747,20260409-103125,0.0,0.0
174.23239453358903,4.057322612816422,-142.92147169469996,42.942701668143734,0,0,4.2,-142.92147169469996,20260409-103125,0.0,0.0
175.6638489953875,4.090479803776033,-142.8873926779563,42.944558443541865,0,0,4.2,-142.8873926779563,20260409-103125,0.0,0.0
177.09536459825316,4.123639857103172,-142.85386459158974,42.946370375482154,0,0,4.2,-142.85386459158974,20260409-103125,0.0,0.0
178.52693987140984,4.156802703588652,-142.82087420540967,42.94813889465668,0,0,4.2,-142.82087420540967,20260409-103125,0.0,0.0
179.95857339082124,4.189968276236657,-142.78840870877605,42.94986537522339,0,0,4.2,-142.78840870877605,20260409-103125,0.0,0.0
181.39026377735124,4.223136510176965,-142.7564556941269,42.951551137462594,0,0,4.2,-142.7564556941269,20260409-103125,0.0,0.0
182.82200969501008,4.256307342581308,-142.7250031412744,42.95319745028907,0,0,4.2,-142.7250031412744,20260409-103125,0.0,0.0
184.2538098492824,4.2894807125836625,-142.69403940242844,42.95480553362873,0,0,4.2,-142.69403940242844,20260409-103125,0.0,0.0
185.48270221473607,5.14141232271208,-105.00000000000072,36.0762161391667,0,0,4.2,-105.00000000000072,20260409-103125,0.0,0.0
186.6852427527083,5.174745656045412,-105.00000000000071,36.076216139166704,0,0,4.2,-105.00000000000071,20260409-103125,0.0,0.0
187.88778329068055,5.2080789893787465,-105.0000000000007,36.076216139166704,0,0,4.2,-105.0000000000007,20260409-103125,0.0,0.0
189.09032382865277,5.24141232271208,-105.00000000000068,36.076216139166704,0,0,4.2,-105.00000000000068,20260409-103125,0.0,0.0
190.29286436662503,5.274745656045415,-105.00000000000068,36.0762161391667,0,0,4.2,-105.00000000000068,20260409-103125,0.0,0.0
191.49540490459725,5.308078989378747,-105.00000000000067,36.076216139166704,0,0,4.2,-105.00000000000067,20260409-103125,0.0,0.0
192.6979454425695,5.341412322712082,-105.00000000000067,36.076216139166704,0,0,4.2,-105.00000000000067,20260409-103125,0.0,0.0
193.90048598054173,5.374745656045415,-105.00000000000065,36.076216139166704,0,0,4.2,-105.00000000000065,20260409-103125,0.0,0.0
195.10302651851399,5.408078989378749,-105.00000000000064,36.076216139166704,0,0,4.2,-105.00000000000064,20260409-103125,0.0,0.0
196.3055670564862,5.4414123227120825,-105.00000000000064,36.076216139166704,0,0,4.2,-105.00000000000064,20260409-103125,0.0,0.0
197.50810759445847,5.474745656045417,-105.00000000000063,36.076216139166704,0,0,4.2,-105.00000000000063,20260409-103125,0.0,0.0
198.7106481324307,5.50807898937875,-105.00000000000063,36.076216139166704,0,0,4.2,-105.00000000000063,20260409-103125,0.0,0.0
199.91318867040295,5.541412322712084,-105.00000000000063,36.076216139166704,0,0,4.2,-105.00000000000063,20260409-103125,0.0,0.0
201.11572920837514,5.574745656045417,-105.00000000000061,36.076216139166704,0,0,4.2,-105.00000000000061,20260409-103125,0.0,0.0
202.31826974634737,5.60807898937875,-105.00000000000061,36.076216139166704,0,0,4.2,-105.00000000000061,20260409-103125,0.0,0.0
203.52081028431957,5.641412322712083,-105.00000000000061,36.076216139166704,0,0,4.2,-105.00000000000061,20260409-103125,0.0,0.0
204.7233508222918,5.674745656045416,-105.0000000000006,36.076216139166704,0,0,4.2,-105.0000000000006,20260409-103125,0.0,0.0
205.925891360264,5.708078989378749,-105.0000000000006,36.076216139166704,0,0,4.2,-105.0000000000006,20260409-103125,0.0,0.0
207.12843189823622,5.741412322712082,-105.00000000000058,36.076216139166704,0,0,4.2,-105.00000000000058,20260409-103125,0.0,0.0
208.33097243620844,5.774745656045416,-105.00000000000058,36.076216139166704,0,0,4.2,-105.00000000000058,20260409-103125,0.0,0.0
209.53351297418064,5.808078989378749,-105.00000000000058,36.076216139166704,0,0,4.2,-105.00000000000058,20260409-103125,0.0,0.0
210.73605351215286,5.841412322712082,-105.00000000000057,36.076216139166704,0,0,4.2,-105.00000000000057,20260409-103125,0.0,0.0
211.93859405012506,5.874745656045414,-105.00000000000057,36.076216139166704,0,0,4.2,-105.00000000000057,20260409-103125,0.0,0.0
213.1411345880973,5.9080789893787475,-105.00000000000055,36.076216139166704,0,0,4.2,-105.00000000000055,20260409-103125,0.0,0.0
214.34367512606948,5.941412322712081,-105.00000000000055,36.076216139166704,0,0,4.2,-105.00000000000055,20260409-103125,0.0,0.0
215.5462156640417,5.974745656045414,-105.00000000000055,36.076216139166704,0,0,4.2,-105.00000000000055,20260409-103125,0.0,0.0
216.7487562020139,6.008078989378746,-105.00000000000054,36.076216139166704,0,0,4.2,-105.00000000000054,20260409-103125,0.0,0.0
217.95129673998613,6.0414123227120795,-105.00000000000054,36.076216139166704,0,0,4.2,-105.00000000000054,20260409-103125,0.0,0.0
219.15383727795833,6.074745656045411,-105.00000000000054,36.07621613916671,0,0,4.2,-105.00000000000054,20260409-103125,0.0,0.0
220.35637781593056,6.108078989378746,-105.00000000000053,36.076216139166704,0,0,4.2,-105.00000000000053,20260409-103125,0.0,0.0
221.55891835390275,6.141412322712078,-105.00000000000053,36.076216139166704,0,0,4.2,-105.00000000000053,20260409-103125,0.0,0.0
222.76145889187498,6.1747456560454115,-105.00000000000051,36.076216139166704,0,0,4.2,-105.00000000000051,20260409-103125,0.0,0.0
223.9639994298472,6.208078989378746,-105.00000000000051,36.076216139166704,0,0,4.2,-105.00000000000051,20260409-103125,0.0,0.0
225.1665399678194,6.241412322712078,-105.00000000000051,36.076216139166704,0,0,4.2,-105.00000000000051,20260409-103125,0.0,0.0
226.36908050579163,6.274745656045411,-105.0000000000005,36.076216139166704,0,0,4.2,-105.0000000000005,20260409-103125,0.0,0.0
227.57162104376383,6.3080789893787435,-105.0000000000005,36.076216139166704,0,0,4.2,-105.0000000000005,20260409-103125,0.0,0.0
228.77416158173605,6.341412322712078,-105.0000000000005,36.0762161391667,0,0,4.2,-105.0000000000005,20260409-103125,0.0,0.0
229.97670211970825,6.37474565604541,-105.0000000000005,36.076216139166704,0,0,4.2,-105.0000000000005,20260409-103125,0.0,0.0
231.17924265768048,6.408078989378743,-105.0000000000005,36.076216139166704,0,0,4.2,-105.0000000000005,20260409-103125,0.0,0.0
232.38178319565267,6.441412322712075,-105.0000000000005,36.076216139166704,0,0,4.2,-105.0000000000005,20260409-103125,0.0,0.0
233.5843237336249,6.47474565604541,-105.00000000000048,36.0762161391667,0,0,4.2,-105.00000000000048,20260409-103125,0.0,0.0
234.7868642715971,6.508078989378742,-105.00000000000048,36.076216139166704,0,0,4.2,-105.00000000000048,20260409-103125,0.0,0.0
235.98940480956932,6.541412322712075,-105.00000000000048,36.076216139166704,0,0,4.2,-105.00000000000048,20260409-103125,0.0,0.0
237.19194534754152,6.574745656045408,-105.00000000000048,36.076216139166704,0,0,4.2,-105.00000000000048,20260409-103125,0.0,0.0
238.39448588551375,6.6080789893787415,-105.00000000000047,36.076216139166704,0,0,4.2,-105.00000000000047,20260409-103125,0.0,0.0
239.59702642348594,6.641412322712073,-105.00000000000047,36.07621613916671,0,0,4.2,-105.00000000000047,20260409-103125,0.0,0.0
240.79956696145817,6.674745656045407,-105.00000000000047,36.076216139166704,0,0,4.2,-105.00000000000047,20260409-103125,0.0,0.0
242.0021074994304,6.708078989378742,-105.00000000000045,36.0762161391667,0,0,4.2,-105.00000000000045,20260409-103125,0.0,0.0
243.2046480374026,6.7414123227120735,-105.00000000000045,36.076216139166704,0,0,4.2,-105.00000000000045,20260409-103125,0.0,0.0
244.40718857537482,6.774745656045407,-105.00000000000045,36.076216139166704,0,0,4.2,-105.00000000000045,20260409-103125,0.0,0.0
245.60972911334702,6.808078989378741,-105.00000000000045,36.0762161391667,0,0,4.2,-105.00000000000045,20260409-103125,0.0,0.0
246.81226965131924,6.841412322712074,-105.00000000000044,36.0762161391667,0,0,4.2,-105.00000000000044,20260409-103125,0.0,0.0
248.01481018929144,6.874745656045405,-105.00000000000044,36.076216139166704,0,0,4.2,-105.00000000000044,20260409-103125,0.0,0.0
249.21735072726366,6.908078989378739,-105.00000000000044,36.076216139166704,0,0,4.2,-105.00000000000044,20260409-103125,0.0,0.0
250.41989126523586,6.941412322712071,-105.00000000000043,36.076216139166704,0,0,4.2,-105.00000000000043,20260409-103125,0.0,0.0
251.6224318032081,6.974745656045405,-105.00000000000043,36.076216139166704,0,0,4.2,-105.00000000000043,20260409-103125,0.0,0.0
252.82497234118028,7.008078989378737,-105.00000000000043,36.076216139166704,0,0,4.2,-105.00000000000043,20260409-103125,0.0,0.0
254.0275128791525,7.041412322712072,-105.00000000000043,36.0762161391667,0,0,4.2,-105.00000000000043,20260409-103125,0.0,0.0
255.2300534171247,7.074745656045403,-105.00000000000041,36.076216139166704,0,0,4.2,-105.00000000000041,20260409-103125,0.0,0.0
256.43259395509693,7.108078989378737,-105.00000000000041,36.076216139166704,0,0,4.2,-105.00000000000041,20260409-103125,0.0,0.0
257.63513449306913,7.141412322712069,-105.00000000000041,36.076216139166704,0,0,4.2,-105.00000000000041,20260409-103125,0.0,0.0
258.8376750310414,7.1747456560454035,-105.00000000000041,36.076216139166704,0,0,4.2,-105.00000000000041,20260409-103125,0.0,0.0
260.0402155690136,7.208078989378738,-105.0000000000004,36.0762161391667,0,0,4.2,-105.0000000000004,20260409-103125,0.0,0.0
261.2427561069858,7.241412322712069,-105.0000000000004,36.076216139166704,0,0,4.2,-105.0000000000004,20260409-103125,0.0,0.0
262.445296644958,7.274745656045401,-105.0000000000004,36.076216139166704,0,0,4.2,-105.0000000000004,20260409-103125,0.0,0.0
263.64783718293023,7.3080789893787355,-105.0000000000004,36.076216139166704,0,0,4.2,-105.0000000000004,20260409-103125,0.0,0.0
264.85037772090243,7.341412322712068,-105.00000000000038,36.076216139166704,0,0,4.2,-105.00000000000038,20260409-103125,0.0,0.0
266.0529182588746,7.374745656045401,-105.00000000000038,36.076216139166704,0,0,4.2,-105.00000000000038,20260409-103125,0.0,0.0
267.2554587968468,7.408078989378733,-105.00000000000038,36.076216139166704,0,0,4.2,-105.00000000000038,20260409-103125,0.0,0.0
268.4579993348191,7.441412322712067,-105.00000000000038,36.076216139166704,0,0,4.2,-105.00000000000038,20260409-103125,0.0,0.0
269.6605398727913,7.4747456560454,-105.00000000000038,36.076216139166704,0,0,4.2,-105.00000000000038,20260409-103125,0.0,0.0
270.8630804107635,7.508078989378734,-105.00000000000038,36.0762161391667,0,0,4.2,-105.00000000000038,20260409-103125,0.0,0.0
272.06562094873567,7.5414123227120635,-105.00000000000038,36.07621613916671,0,0,4.2,-105.00000000000038,20260409-103125,0.0,0.0
273.2681614867079,7.574745656045399,-105.00000000000037,36.076216139166704,0,0,4.2,-105.00000000000037,20260409-103125,0.0,0.0
274.4707020246801,7.608078989378733,-105.00000000000037,36.076216139166704,0,0,4.2,-105.00000000000037,20260409-103125,0.0,0.0
275.6732425626523,7.641412322712065,-105.00000000000037,36.076216139166704,0,0,4.2,-105.00000000000037,20260409-103125,0.0,0.0
276.8757831006246,7.674745656045399,-105.00000000000037,36.076216139166704,0,0,4.2,-105.00000000000037,20260409-103125,0.0,0.0
278.07832363859677,7.708078989378731,-105.00000000000037,36.076216139166704,0,0,4.2,-105.00000000000037,20260409-103125,0.0,0.0
279.28086417656897,7.741412322712065,-105.00000000000036,36.076216139166704,0,0,4.2,-105.00000000000036,20260409-103125,0.0,0.0
280.48340471454117,7.774745656045397,-105.00000000000036,36.076216139166704,0,0,4.2,-105.00000000000036,20260409-103125,0.0,0.0
281.6859452525134,7.808078989378733,-105.00000000000036,36.0762161391667,0,0,4.2,-105.00000000000036,20260409-103125,0.0,0.0
282.8884857904856,7.8414123227120625,-105.00000000000036,36.07621613916671,0,0,4.2,-105.00000000000036,20260409-103125,0.0,0.0
284.0910263284578,7.874745656045397,-105.00000000000036,36.076216139166704,0,0,4.2,-105.00000000000036,20260409-103125,0.0,0.0
285.29356686643,7.908078989378729,-105.00000000000036,36.076216139166704,0,0,4.2,-105.00000000000036,20260409-103125,0.0,0.0
286.49610740440227,7.941412322712063,-105.00000000000034,36.076216139166704,0,0,4.2,-105.00000000000034,20260409-103125,0.0,0.0
287.69864794237446,7.974745656045394,-105.00000000000034,36.07621613916671,0,0,4.2,-105.00000000000034,20260409-103125,0.0,0.0
288.90118848034666,8.008078989378728,-105.00000000000034,36.076216139166704,0,0,4.2,-105.00000000000034,20260409-103125,0.0,0.0
290.10372901831886,8.04141232271206,-105.00000000000034,36.076216139166704,0,0,4.2,-105.00000000000034,20260409-103125,0.0,0.0
291.3062695562911,8.074745656045396,-105.00000000000033,36.076216139166704,0,0,4.2,-105.00000000000033,20260409-103125,0.0,0.0
292.50881009426337,8.10807898937873,-105.00000000000033,36.0762161391667,0,0,4.2,-105.00000000000033,20260409-103125,0.0,0.0
293.7113506322355,8.14141232271206,-105.00000000000033,36.076216139166704,0,0,4.2,-105.00000000000033,20260409-103125,0.0,0.0
294.9138911702077,8.174745656045394,-105.00000000000033,36.076216139166704,0,0,4.2,-105.00000000000033,20260409-103125,0.0,0.0
296.11643170817996,8.208078989378727,-105.00000000000033,36.076216139166704,0,0,4.2,-105.00000000000033,20260409-103125,0.0,0.0
297.3189722461522,8.241412322712064,-105.00000000000031,36.0762161391667,0,0,4.2,-105.00000000000031,20260409-103125,0.0,0.0
298.52151278412435,8.27474565604539,-105.00000000000031,36.07621613916671,0,0,4.2,-105.00000000000031,20260409-103125,0.0,0.0
299.72405332209655,8.308078989378725,-105.00000000000031,36.076216139166704,0,0,4.2,-105.00000000000031,20260409-103125,0.0,0.0
300.9265938600688,8.34141232271206,-105.00000000000031,36.076216139166704,0,0,4.2,-105.00000000000031,20260409-103125,0.0,0.0
302.12913439804106,8.374745656045393,-105.0000000000003,36.076216139166704,0,0,4.2,-105.0000000000003,20260409-103125,0.0,0.0
303.3316749360132,8.408078989378724,-105.0000000000003,36.076216139166704,0,0,4.2,-105.0000000000003,20260409-103125,0.0,0.0
304.5342154739854,8.441412322712058,-105.0000000000003,36.076216139166704,0,0,4.2,-105.0000000000003,20260409-103125,0.0,0.0
305.73675601195765,8.47474565604539,-105.0000000000003,36.076216139166704,0,0,4.2,-105.0000000000003,20260409-103125,0.0,0.0
306.9392965499299,8.508078989378726,-105.0000000000003,36.076216139166704,0,0,4.2,-105.0000000000003,20260409-103125,0.0,0.0
308.1418370879021,8.541412322712059,-105.0000000000003,36.0762161391667,0,0,4.2,-105.0000000000003,20260409-103125,0.0,0.0
309.34437762587424,8.574745656045387,-105.0000000000003,36.07621613916671,0,0,4.2,-105.0000000000003,20260409-103125,0.0,0.0
310.5469181638465,8.608078989378724,-105.00000000000028,36.076216139166704,0,0,4.2,-105.00000000000028,20260409-103125,0.0,0.0
311.74945870181875,8.641412322712057,-105.00000000000028,36.076216139166704,0,0,4.2,-105.00000000000028,20260409-103125,0.0,0.0
312.95199923979095,8.67474565604539,-105.00000000000028,36.076216139166704,0,0,4.2,-105.00000000000028,20260409-103125,0.0,0.0
314.1545397777631,8.708078989378722,-105.00000000000028,36.076216139166704,0,0,4.2,-105.00000000000028,20260409-103125,0.0,0.0
315.35708031573535,8.741412322712055,-105.00000000000028,36.076216139166704,0,0,4.2,-105.00000000000028,20260409-103125,0.0,0.0
316.5438683350519,6.270757887611001,115.04040824047974,-50.47936374013749,0,0,4.2,115.04040824047974,20260409-103125,0.0,0.0
314.8644238199527,6.261373866565763,115.298762225975,-50.286794963842254,0,0,4.2,115.29876222597497,20260409-103125,0.0,0.0
313.1914497836423,6.252433809425868,115.55988166582415,-50.091126004643186,0,0,4.2,115.55988166582416,20260409-103125,0.0,0.0
311.52505047081786,6.2439501767555585,115.82380017891467,-49.89230241306802,0,0,4.2,115.82380017891468,20260409-103125,0.0,0.0
309.86533195449323,6.235935899823921,116.0905516335772,-49.69026893994254,0,0,4.2,116.0905516335772,20260409-103125,0.0,0.0
308.2124021626123,6.228404403043235,116.36017013783504,-49.4849695392319,0,0,4.2,116.36017013783506,20260409-103125,0.0,0.0
306.566370904547,6.221369627703198,116.63269002887273,-49.2763473720376,0,0,4.2,116.63269002887274,20260409-103125,0.0,0.0
304.9273498974429,6.214846057089249,116.90814586168881,-49.0643448118258,0,0,4.2,116.90814586168882,20260409-103125,0.0,0.0
303.2954527923684,6.2088487430800425,117.18657239689668,-48.84890345096596,0,0,4.2,117.18657239689668,20260409-103125,0.0,0.0
301.6707952002228,6.2033933343267185,117.4680045876359,-48.62996410866223,0,0,4.2,117.46800458763589,20260409-103125,0.0,0.0
300.05349471735644,6.19849610612483,117.7524775655566,-48.40746684036293,0,0,4.2,117.75247756555662,20260409-103125,0.0,0.0
298.44367095085033,6.194173992098707,118.04002662583741,-48.181350948737524,0,0,4.2,118.04002662583743,20260409-103125,0.0,0.0
296.8414455434029,6.190444617827895,118.33068721119764,-47.95155499631281,0,0,4.2,118.33068721119763,20260409-103125,0.0,0.0
295.24694219776694,6.187326336555986,118.62449489486278,-47.71801681986414,0,0,4.2,118.62449489486278,20260409-103125,0.0,0.0
293.66028670067544,6.184838267133836,118.92148536244298,-47.480673546660555,0,0,4.2,118.92148536244297,20260409-103125,0.0,0.0
292.08160694619426,6.183000334361995,119.22169439268129,-47.23946161266596,0,0,4.2,119.2216943926813,20260409-103125,0.0,0.0
290.51103295843376,6.181833311911271,119.52515783703092,-46.99431678280158,0,0,4.2,119.52515783703093,20260409-103125,0.0,0.0
288.9486969135492,6.1813588680156695,119.83191159801697,-46.74517417337834,0,0,4.2,119.83191159801697,20260409-103125,0.0,0.0
287.39473316095575,6.181599614148919,120.14199160634075,-46.49196827681053,0,0,4.2,120.14199160634075,20260409-103125,0.0,0.0
285.8492782436797,6.18257915691437,120.4554337966822,-46.23463298872548,0,0,4.2,120.4554337966822,20260409-103125,0.0,0.0
284.3124709177653,6.184322153398541,120.77227408215731,-45.97310163758592,0,0,4.2,120.77227408215732,20260409-103125,0.0,0.0
282.7844521706499,6.186854370260986,121.09254832738651,-45.7073070169455,0,0,4.2,121.09254832738652,20260409-103125,0.0,0.0
281.2653652384183,6.190202746858183,121.41629232013048,-45.43718142045891,0,0,4.2,121.41629232013047,20260409-103125,0.0,0.0
279.75535562184325,6.194395462726334,121.74354174145009,-45.16265667977142,0,0,4.2,121.74354174145009,20260409-103125,0.0,0.0
278.2545711011124,6.199462009778416,122.07433213434797,-44.88366420541351,0,0,4.2,122.074332134348,20260409-103125,0.0,0.0
276.7631617491404,6.205433269604137,122.40869887084904,-44.60013503082855,0,0,4.2,122.40869887084904,20260409-103125,0.0,0.0
275.2812799433601,6.2123415962987085,122.74667711747884,-44.311999859661896,0,0,4.2,122.74667711747881,20260409-103125,0.0,0.0
273.80908037588017,6.220220905287232,123.08830179909961,-44.01918911644127,0,0,4.2,123.08830179909961,20260409-103125,0.0,0.0
272.34672006189584,6.2291067686573225,123.43360756106557,-43.721633000777715,0,0,4.2,123.43360756106559,20260409-103125,0.0,0.0
270.8943583462325,6.239036517563126,123.78262872965917,-43.41926154521688,0,0,4.2,123.78262872965918,20260409-103125,0.0,0.0
269.45215690789746,6.25004935232032,124.13539927077397,-43.11200467686928,0,0,4.2,124.13539927077395,20260409-103125,0.0,0.0
268.020279762514,6.262186460874631,124.49195274681011,-42.79979228294649,0,0,4.2,124.49195274681011,20260409-103125,0.0,0.0
266.5988932625025,6.275491146396285,124.852322271753,-42.48255428032872,0,0,4.2,124.85232227175302,20260409-103125,0.0,0.0
265.18816609487493,6.290008964831364,125.21654046440551,-42.16022068928556,0,0,4.2,125.21654046440551,20260409-103125,0.0,0.0
263.78826927650067,6.305787873328371,125.58463939975076,-41.83272171146884,0,0,4.2,125.58463939975074,20260409-103125,0.0,0.0
262.39937614669964,6.322878390556617,125.95665055842369,-41.4999878122913,0,0,4.2,125.95665055842372,20260409-103125,0.0,0.0
261.02166235701503,6.341333770042994,126.33260477427478,-41.16194980779971,0,0,4.2,126.33260477427478,20260409-103125,0.0,0.0
259.655305858014,6.361210187777403,126.7125321800126,-40.81853895614431,0,0,4.2,126.71253218001262,20260409-103125,0.0,0.0
258.3004868829614,6.38256694547618,127.09646215091868,-40.46968705373925,0,0,4.2,127.09646215091871,20260409-103125,0.0,0.0
256.9573879282087,6.405466691049737,127.48442324663131,-40.11532653619937,0,0,4.2,127.48442324663132,20260409-103125,0.0,0.0
255.62619373013746,6.429975657997551,127.87644315100192,-39.75539058412946,0,0,4.2,127.87644315100191,20260409-103125,0.0,0.0
254.3070912384955,6.456163925653792,128.27254861003405,-39.389813233830296,0,0,4.2,128.27254861003405,20260409-103125,0.0,0.0
253.00026958595924,6.484105702433503,128.6727653679214,-39.01852949297349,0,0,4.2,128.6727653679214,20260409-103125,0.0,0.0
251.70592005375738,6.513879634486343,129.07711810120793,-38.64147546128335,0,0,4.2,129.07711810120793,20260409-103125,0.0,0.0
250.42423603318792,6.545569142457259,129.48563035110328,-38.25858845624793,0,0,4.2,129.4856303511033,20260409-103125,0.0,0.0
249.15541298286095,6.579262789386108,129.89832445399213,-37.869807143865266,0,0,4.2,129.89832445399213,20260409-103125,0.0,0.0
247.8996483814994,6.615054683158074,130.31522147018688,-37.47507167441137,0,0,4.2,130.3152214701869,20260409-103125,0.0,0.0
246.65714167613098,6.653044917350582,130.7363411109833,-37.07432382319709,0,0,4.2,130.73634111098332,20260409-103125,0.0,0.0
245.42809422550573,6.693340054819655,131.16170166408574,-36.66750713625868,0,0,4.2,131.16170166408577,20260409-103125,0.0,0.0
244.2127092385762,6.736053658939205,131.59131991748268,-36.2545670809034,0,0,4.2,131.59131991748268,20260409-103125,0.0,0.0
243.0111917078797,6.781306878063114,132.02521108186204,-35.83545120100639,0,0,4.2,132.025211081862,20260409-103125,0.0,0.0
241.82374833766684,6.829229089536583,132.46338871166802,-35.41010927692813,0,0,4.2,132.463388711668,20260409-103125,0.0,0.0
240.65058746662444,6.879958610457666,132.905864624914,-34.978493489892664,0,0,4.2,132.90586462491396,20260409-103125,0.0,0.0
239.0,3.9833333333333334,90.0,-60.0,0,0,4.2,90.0,20260409-103125,0.0,0.0
237.0,3.95,90.0,-60.0,0,0,4.2,90.0,20260409-103125,0.0,0.0
235.0,3.9166666666666665,90.0,-60.0,0,0,4.2,90.0,20260409-103125,0.0,0.0
233.0,3.8833333333333333,90.0,-60.0,0,0,4.2,90.0,20260409-103125,0.0,0.0
231.0,3.85,90.0,-60.0,0,0,4.2,90.0,20260409-103125,0.0,0.0
229.0,3.816666666666667,90.0,-60.0,0,0,4.2,90.0,20260409-103125,0.0,0.0
227.0,3.783333333333333,90.0,-60.0,0,0,4.2,90.0,20260409-103125,0.0,0.0
225.0,3.75,90.0,-60.0,0,0,4.2,90.0,20260409-103125,0.0,0.0
223.0,3.716666666666667,90.0,-60.0,0,0,4.2,90.0,20260409-103125,0.0,0.0
221.0,3.683333333333333,90.0,-60.0,0,0,4.2,90.0,20260409-103125,0.0,0.0
219.0,3.65,90.0,-60.0,0,0,4.2,90.0,20260409-103125,0.0,0.0
217.0,3.6166666666666667,90.0,-60.0,0,0,4.2,90.0,20260409-103125,0.0,0.0
215.0,3.5833333333333335,90.0,-60.0,0,0,4.2,90.0,20260409-103125,0.0,0.0
213.0,3.55,90.0,-60.0,0,0,4.2,90.0,20260409-103125,0.0,0.0
211.0,3.5166666666666666,90.0,-60.0,0,0,4.2,90.0,20260409-103125,0.0,0.0
130.0,130000000.0,-90.0,-1.8369701987210297e-14,0,0,4.0,-90.0,20260409-103125,0.0,0.0
125.0,0.8333333333333334,-90.0,-150.0,0,0,4.0,-90.0,20260409-103125,0.0,0.0
120.0,0.8,-90.0,-150.0,0,0,4.0,-90.0,20260409-103125,0.0,0.0
115.0,0.7666666666666667,-90.0,-150.0,0,0,4.0,-90.0,20260409-103125,0.0,0.0
110.0,0.7333333333333333,-90.0,-150.0,0,0,4.0,-90.0,20260409-103125,0.0,0.0
105.0,0.7,-90.0,-150.0,0,0,4.0,-90.0,20260409-103125,0.0,0.0
100.0,0.6666666666666666,-90.0,-150.0,0,0,4.0,-90.0,20260409-103125,0.0,0.0
95.0,0.6333333333333333,-90.0,-150.0,0,0,4.0,-90.0,20260409-103125,0.0,0.0
90.0,0.6,-90.0,-150.0,0,0,4.0,-90.0,20260409-103125,0.0,0.0
85.0,0.5666666666666667,-90.0,-150.0,0,0,4.0,-90.0,20260409-103125,0.0,0.0
80.0,0.5333333333333333,-90.0,-150.0,0,0,4.0,-90.0,20260409-103125,0.0,0.0
75.0,0.5,-90.0,-150.0,0,0,4.2,-90.0,20260409-103125,0.0,0.0
70.0,0.4666666666666667,-90.0,-150.0,0,0,4.2,-90.0,20260409-103125,0.0,0.0
65.0,0.43333333333333335,-90.0,-150.0,0,0,4.2,-90.0,20260409-103125,0.0,0.0
60.0,0.4,-90.0,-150.0,0,0,4.2,-90.0,20260409-103125,0.0,0.0
55.0,0.36666666666666664,-90.0,-150.0,0,0,4.1,-90.0,20260409-103125,0.0,0.0
50.0,0.3333333333333333,-90.0,-150.0,0,0,4.1,-90.0,20260409-103125,0.0,0.0
45.0,0.3,-90.0,-150.0,0,0,4.1,-90.0,20260409-103125,0.0,0.0
40.0,0.26666666666666666,-90.0,-150.0,0,0,4.1,-90.0,20260409-103125,0.0,0.0
35.0,0.601997333046602,-90.0,-58.139792452021666,0,0,4.3,-90.0,20260409-103125,0.0,0.0
32.993641924681185,0.5481514380135208,-90.0,-60.19074225956397,0,0,4.3,-90.0,20260409-103125,0.0,0.0
30.98728384936237,0.5148181046801872,-90.0,-60.19074225956397,0,0,4.3,-90.0,20260409-103125,0.0,0.0
28.980925774043556,0.4814847713468536,-90.0,-60.19074225956397,0,0,4.3,-90.0,20260409-103125,0.0,0.0
26.97456769872474,0.44815143801352,-90.0,-60.19074225956397,0,0,4.3,-90.0,20260409-103125,0.0,0.0
24.968209623405926,0.41481810468018643,-90.0,-60.19074225956397,0,0,4.3,-90.0,20260409-103125,0.0,0.0
22.96185154808711,0.3814847713468528,-90.0,-60.19074225956396,0,0,4.3,-90.0,20260409-103125,0.0,0.0
20.955493472768296,0.3481514380135192,-90.0,-60.19074225956397,0,0,4.3,-90.0,20260409-103125,0.0,0.0
18.94913539744948,0.3148181046801856,-90.0,-60.19074225956397,0,0,4.3,-90.0,20260409-103125,0.0,0.0
16.942777322130667,0.281484771346852,-90.0,-60.19074225956397,0,0,4.3,-90.0,20260409-103125,0.0,0.0
14.936419246811852,0.2481514380135184,-90.0,-60.19074225956397,0,0,4.3,-90.0,20260409-103125,0.0,0.0
12.930061171493037,0.21481810468018483,-90.0,-60.19074225956397,0,0,4.3,-90.0,20260409-103125,0.0,0.0
10.923703096174222,0.1814847713468512,-90.0,-60.190742259563976,0,0,4.3,-90.0,20260409-103125,0.0,0.0
8.917345020855407,0.14815143801351763,-90.0,-60.19074225956397,0,0,4.3,-90.0,20260409-103125,0.0,0.0
6.910986945536592,0.11481810468018402,-90.0,-60.19074225956397,0,0,4.3,-90.0,20260409-103125,0.0,0.0
4.904628870217778,0.08148477134685042,-90.0,-60.190742259563976,0,0,4.3,-90.0,20260409-103125,0.0,0.0
2.8982707948989628,0.04815143801351684,-90.0,-60.19074225956397,0,0,4.3,-90.0,20260409-103125,0.0,0.0
0.891912719580148,0.016613850609910125,-90.0,-53.68488862227544,0,0,4.3,-90.0,20260409-103125,0.0,0.0
1.1144453557386669,0.018515228653150355,90.0,60.190742259563976,0,0,4.3,90.0,20260409-103125,0.0,0.0
3.1208034310574817,0.05184856198648395,90.0,60.19074225956397,0,0,4.3,90.0,20260409-103125,0.0,0.0
5.1271615063762965,0.08518189531981755,90.0,60.19074225956397,0,0,4.3,90.0,20260409-103125,0.0,0.0
7.133519581695111,0.11851522865315114,90.0,60.19074225956397,0,0,4.3,90.0,20260409-103125,0.0,0.0
9.139877657013926,0.15184856198648475,90.0,60.19074225956397,0,0,4.3,90.0,20260409-103125,0.0,0.0
11.146235732332741,0.18518189531981835,90.0,60.19074225956397,0,0,4.3,90.0,20260409-103125,0.0,0.0
13.152593807651556,0.21851522865315193,90.0,60.19074225956397,0,0,4.3,90.0,20260409-103125,0.0,0.0
15.15895188297037,0.25184856198648553,90.0,60.19074225956397,0,0,4.3,90.0,20260409-103125,0.0,0.0
17.165309958289185,0.2851818953198192,90.0,60.19074225956396,0,0,4.3,90.0,20260409-103125,0.0,0.0
19.171668033608,0.3185152286531527,90.0,60.190742259563976,0,0,4.3,90.0,20260409-103125,0.0,0.0
21.178026108926815,0.35184856198648634,90.0,60.19074225956397,0,0,4.3,90.0,20260409-103125,0.0,0.0
23.18438418424563,0.38518189531981994,90.0,60.19074225956397,0,0,4.3,90.0,20260409-103125,0.0,0.0
25.190742259564445,0.41851522865315355,90.0,60.19074225956396,0,0,4.3,90.0,20260409-103125,0.0,0.0
27.19710033488326,0.4518485619864871,90.0,60.19074225956397,0,0,4.3,90.0,20260409-103125,0.0,0.0
29.203458410202074,0.4851818953198207,90.0,60.19074225956397,0,0,4.3,90.0,20260409-103125,0.0,0.0
31.20981648552089,0.5185152286531544,90.0,60.19074225956397,0,0,4.3,90.0,20260409-103125,0.0,0.0
33.216174560839704,0.5518485619864879,90.0,60.19074225956397,0,0,4.3,90.0,20260409-103125,0.0,0.0
35.22253263615852,0.5851818953198215,90.0,60.19074225956397,0,0,4.5,90.0,20260409-103125,0.0,0.0
37.228890711477334,0.618515228653155,90.0,60.190742259563976,0,0,4.5,90.0,20260409-103125,0.0,0.0
39.23524878679615,0.6518485619864887,90.0,60.19074225956397,0,0,4.5,90.0,20260409-103125,0.0,0.0
41.24160686211496,0.6851818953198223,90.0,60.19074225956397,0,0,4.7,90.0,20260409-103125,0.0,0.0
43.24796493743378,0.7185152286531558,90.0,60.190742259563976,0,0,4.7,90.0,20260409-103125,0.0,0.0
45.25432301275259,0.7518485619864895,90.0,60.19074225956397,0,0,4.7,90.0,20260409-103125,0.0,0.0
47.26068108807141,0.7851818953198231,90.0,60.19074225956397,0,0,4.7,90.0,20260409-103125,0.0,0.0
49.26703916339022,0.8185152286531567,90.0,60.19074225956396,0,0,4.7,90.0,20260409-103125,0.0,0.0
51.27339723870904,0.8518485619864903,90.0,60.19074225956397,0,0,4.7,90.0,20260409-103125,0.0,0.0
53.27975531402785,0.8851818953198238,90.0,60.19074225956397,0,0,4.7,90.0,20260409-103125,0.0,0.0
55.28611338934667,0.9185152286531575,90.0,60.19074225956397,0,0,4.7,90.0,20260409-103125,0.0,0.0
57.29247146466548,0.951848561986491,90.0,60.19074225956397,0,0,4.7,90.0,20260409-103125,0.0,0.0
59.2988295399843,0.9851818953198247,90.0,60.19074225956397,0,0,4.7,90.0,20260409-103125,0.0,0.0
55.0,0.36666666666666664,-90.0,-150.0,0,0,4.7,-90.0,20260409-103125,0.0,0.0
50.0,0.3333333333333333,-90.0,-150.0,0,0,4.7,-90.0,20260409-103125,0.0,0.0
45.0,0.3,-90.0,-150.0,0,0,4.7,-90.0,20260409-103125,0.0,0.0
40.0,0.26666666666666666,-90.0,-150.0,0,0,4.7,-90.0,20260409-103125,0.0,0.0
35.0,0.23333333333333334,-90.0,-150.0,0,0,4.7,-90.0,20260409-103125,0.0,0.0
30.0,0.2,-90.0,-150.0,0,0,4.7,-90.0,20260409-103125,0.0,0.0
25.0,0.16666666666666666,-90.0,-150.0,0,0,4.7,-90.0,20260409-103125,0.0,0.0
20.0,0.13333333333333333,-90.0,-150.0,0,0,4.7,-90.0,20260409-103125,0.0,0.0
15.0,0.1,-90.0,-150.0,0,0,4.7,-90.0,20260409-103125,0.0,0.0
10.0,0.06666666666666667,-90.0,-150.0,0,0,4.7,-90.0,20260409-103125,0.0,0.0
5.0,0.03333333333333333,-90.0,-150.0,0,0,4.7,-90.0,20260409-103125,0.0,0.0
0.0,0.0,0.0,0.0,0,0,4.7,0.0,20260409-103125,0.0,0.0
5.0,0.03333333333333333,90.0,150.0,0,0,4.7,90.0,20260409-103125,0.0,0.0
10.0,0.06666666666666667,90.0,150.0,0,0,4.7,90.0,20260409-103125,0.0,0.0
15.0,0.1,90.0,150.0,0,0,4.7,90.0,20260409-103125,0.0,0.0
20.0,0.13333333333333333,90.0,150.0,0,0,4.7,90.0,20260409-103125,0.0,0.0
25.0,0.16666666666666666,90.0,150.0,0,0,4.7,90.0,20260409-103125,0.0,0.0
30.0,0.2,90.0,150.0,0,0,4.7,90.0,20260409-103125,0.0,0.0
35.0,0.23333333333333334,90.0,150.0,0,0,4.7,90.0,20260409-103125,0.0,0.0
40.0,0.26666666666666666,90.0,150.0,0,0,4.7,90.0,20260409-103125,0.0,0.0
45.0,0.3,90.0,150.0,0,0,4.7,90.0,20260409-103125,0.0,0.0
50.0,0.3333333333333333,90.0,150.0,0,0,4.9,90.0,20260409-103125,0.0,0.0
55.0,0.36666666666666664,90.0,150.0,0,0,4.9,90.0,20260409-103125,0.0,0.0
60.0,0.4,90.0,150.0,0,0,4.9,90.0,20260409-103125,0.0,0.0
55.0,0.36666666666666664,-90.0,-150.0,0,0,5.1,-90.0,20260409-103125,0.0,0.0
50.0,0.3333333333333333,-90.0,-150.0,0,0,5.1,-90.0,20260409-103125,0.0,0.0
45.0,0.3,-90.0,-150.0,0,0,5.1,-90.0,20260409-103125,0.0,0.0
40.0,0.26666666666666666,-90.0,-150.0,0,0,5.1,-90.0,20260409-103125,0.0,0.0
35.0,0.23333333333333334,-90.0,-150.0,0,0,5.1,-90.0,20260409-103125,0.0,0.0
30.0,0.2,-90.0,-150.0,0,0,5.1,-90.0,20260409-103125,0.0,0.0
25.0,0.16666666666666666,-90.0,-150.0,0,0,5.1,-90.0,20260409-103125,0.0,0.0
20.0,0.13333333333333333,-90.0,-150.0,0,0,5.1,-90.0,20260409-103125,0.0,0.0
15.0,0.1,-90.0,-150.0,0,0,5.0,-90.0,20260409-103125,0.0,0.0
10.0,0.06666666666666667,-90.0,-150.0,0,0,5.0,-90.0,20260409-103125,0.0,0.0
5.0,0.03333333333333333,-90.0,-150.0,0,0,5.0,-90.0,20260409-103125,0.0,0.0
0.0,0.0,0.0,0.0,0,0,5.0,0.0,20260409-103125,0.0,0.0
5.0,0.219090820556372,90.0,-22.821585985678034,0,0,5.5,90.0,20260409-103125,0.0,0.0
4.166912604947004,0.16689785444935681,91.06224861693829,-24.96684345460777,0,0,5.5,91.06224861693826,20260409-103125,0.0,0.0
3.335972527929516,0.13408284069335571,92.65447469614276,-24.87993624448043,0,0,5.5,92.65447469614274,20260409-103125,0.0,0.0
2.5093138802275523,0.10161975692882891,95.29908969913538,-24.693169478696866,0,0,5.5,95.29908969913541,20260409-103125,0.0,0.0
1.6932191188599468,0.07005126298373139,100.51484882563761,-24.171143341886324,0,0,5.5,100.51484882563764,20260409-103125,0.0,0.0
0.9163608525090134,0.04606872294931876,114.92926075798829,-19.89117114266707,0,0,5.5,114.92926075798829,20260409-103125,0.0,0.0
0.46350278544710805,0.40491210653854304,-179.65127775208822,1.1446997458520984,0,0,5.4,-179.65127775208822,20260409-103125,0.0,0.0
0.9961645671230235,0.044911584266428,-122.87617058476403,22.180570634371264,0,0,5.4,-122.87617058476403,20260409-103125,0.0,0.0
1.7810795181668797,0.07340364311007244,-110.30247933458202,24.264184210803567,0,0,5.4,-110.30247933458202,20260409-103125,0.0,0.0
2.598949027557816,0.10512518218168103,-105.5160696108569,24.7224211518247,0,0,5.4,-105.5160696108569,20260409-103125,0.0,0.0
3.4262544036048848,0.1376418019942942,-103.03004971684062,24.89254248318339,0,0,5.4,-103.03004971684062,20260409-103125,0.0,0.0
4.257498540360055,0.17048159007406827,-101.5127815840034,24.97336245227606,0,0,5.4,-101.5127815840034,20260409-103125,0.0,0.0
5.090752380216713,0.20348441459132868,-100.49167235856606,25.017898252506516,0,0,5.4,-100.49167235856606,20260409-103125,0.0,0.0
5.925168112785007,0.23658094177364392,-99.75797845572015,25.044993347156822,0,0,5.4,-99.75797845572015,20260409-103125,0.0,0.0
6.760315519664327,0.2697362705213447,-99.20548800219088,25.06268625497798,0,0,5.4,-99.20548800219088,20260409-103125,0.0,0.0
7.5959532699084225,0.30293091811072664,-98.7745244564678,25.074869601563634,0,0,5.4,-98.7745244564678,20260409-103125,0.0,0.0
8.431935579949513,0.33615315272977153,-98.42900002664885,25.083612964736403,0,0,5.4,-98.42900002664885,20260409-103125,0.0,0.0
9.268169213106363,0.36939548767951763,-98.14581764839498,25.09009861308132,0,0,5.4,-98.14581764839498,20260409-103125,0.0,0.0
10.104591772738505,0.40265292056173185,-97.90951194971602,25.095041552515802,0,0,5.4,-97.90951194971602,20260409-103125,0.0,0.0
10.941159930152962,0.4359219817615759,-97.70933943951437,25.098894728683682,0,0,5.4,-97.70933943951437,20260409-103125,0.0,0.0
11.777842660404444,0.4692001891445024,-97.53760506744374,25.10195633526727,0,0,5.4,-97.53760506744374,20260409-103125,0.0,0.0
12.614617165886123,0.5024857200859587,-97.3886530613173,25.104429164132622,0,0,5.4,-97.3886530613173,20260409-103125,0.0,0.0
13.451466319441272,0.535777206073081,-97.25823361191993,25.106455009596782,0,0,5.4,-97.25823361191993,20260409-103125,0.0,0.0
14.288377004993427,0.5690735995685968,-97.14309169543733,25.10813542540922,0,0,5.3,-97.14309169543733,20260409-103125,0.0,0.0
15.125339008536468,0.6023740851196709,-97.04069217945454,25.10954468688935,0,0,5.2,-97.04069217945454,20260409-103125,0.0,0.0
15.962344257722703,0.6356780184574727,-96.94903128610025,25.110738131950356,0,0,5.2,-96.94903128610025,20260409-103125,0.0,0.0
16.79938628859754,0.6689848838173003,-96.86650434434154,25.11175767191991,0,0,5.1,-96.86650434434154,20260409-103125,0.0,0.0
17.636459864087037,0.7022942634214362,-96.79181115859616,25.112635518572738,0,0,5.1,-96.79181115859616,20260409-103125,0.0,0.0
