dist,ttc,heading_err,approach_speed,ammo,mines,threat_density,threat_angle,thrust,turn_rate
279.99999999999994,279999999.99999994,60.0,0.0,0,0,2.4,59.99999999999999,0.8,0.6666666666666666
279.97780484945946,210.4961659351855,-4.00021155384826,-1.3300850569205533,0,0,2.4,-0.00021155384825032606,0.8,-0.04444679504275844
279.91128888684625,105.1900898025832,-3.734447538563046,-2.6610043722956527,0,0,2.4,-0.0011283088195867853,0.8,-0.0414938615395894
279.800397404324,70.07983704359461,-3.4869136790485697,-3.9925948633451926,0,0,2.4,-0.0025576185426500002,0.8,-0.03874348532276189
279.6451103252989,52.51825376789314,-3.2563235892934017,-5.324722173002999,0,0,2.4,-0.004428440724054773,0.8,-0.03618137321437113
279.4454116441671,41.97593990030189,-3.041484218742937,-6.657275865838501,0,0,2.4,-0.0066773094598202,0.8,-0.033794269097143746
279.20128869737187,34.943117516228945,-2.841288884995464,-7.990165404323181,0,0,2.4,-0.009247590295214375,0.8,-0.0315698764999496
278.91273155744045,29.915612448943545,-2.654710841834998,-9.323316780943594,0,0,2.4,-0.012088806134447575,0.8,-0.029496787131499978
278.57973252992,26.14135000324562,-2.480797340350307,-10.656669701271454,0,0,2.4,-0.015156027438737986,0.8,-0.027564414892781188
278.20228573634796,23.202520430907644,-2.318664144279296,-11.99017522965996,0,0,2.4,-0.018409320724422435,0.8,-0.025762934936436624
277.78038676909745,20.848445304309752,-2.1674904638415455,-13.323793823210174,0,0,2.4,-0.021813249905285603,0.8,-0.02408322737601717
277.3140324062206,18.919607829555925,-2.0265142751948417,-14.657493691439248,0,0,2.4,-0.025336425514689735,0.8,-0.022516825279942684
276.8032203763247,17.309668115987396,-1.895027995295834,-15.991249429020899,0,0,2.4,-0.028951097295335522,0.8,-0.021055866614398157
276.247949165133,15.94500994952144,-1.7723744843734721,-17.32504087734508,0,0,2.4,-0.03263278605938496,0.8,-0.019693049826371913
275.6482178567319,14.773053306363593,-1.6579433504566623,-18.65885217770077,0,0,2.4,-0.03635995110078289,0.8,-0.018421592782851805
275.00402600365226,13.755241919017744,-1.5511675324467546,-19.992670984829193,0,0,2.4,-0.04011368978800638,0.8,-0.01723519480496394
274.31537352088094,12.862660551780895,-1.4515201401098352,-21.32648781459919,0,0,2.4,-0.043877466280851686,0.8,-0.016128001556775948
273.5822605997102,12.073199158158207,-1.3585115310901301,-22.66029550376818,0,0,2.4,-0.04763686660181417,0.8,-0.015094572567668113
272.8046876380004,11.369662350122312,-1.271686606635825,-23.994088763336553,0,0,2.4,-0.05137937755351834,0.8,-0.0141298511848425
271.98265518400154,10.738475902447927,-1.190622309183567,-25.327863809984503,0,0,2.4,-0.055094187210311556,0.8,-0.0132291367687063
271.1161638913515,10.1687813265838,-1.114925306288086,-26.66161806258774,0,0,2.4,-0.05877200492707469,0.8,-0.01238805895875651
270.2052144832671,9.651789154870976,-1.0442298466114153,-27.995349892916224,0,0,2.4,-0.0624048990029498,0.8,-0.011602553851237948
269.2498077242771,9.18030861597303,-0.9781957748153616,-29.32905842139154,0,0,2.4,-0.06598615031429968,0.8,-0.010868841942392906
268.2499443981249,8.748400015414472,-0.9165066932376931,-30.662743350266897,0,0,2.4,-0.06951012039099506,0.8,-0.010183407702641034
267.2056252907028,8.351114030729384,-0.8588682591857832,-31.996404827843687,0,0,2.4,-0.07297213255494214,0.8,-0.009542980657619814
266.11685117707333,7.984293583878256,-0.8050066075560096,-33.330043338387725,0,0,2.4,-0.07636836487089384,0.8,-0.00894451786173344
264.9836228117976,7.644421442166769,-0.75466688929302,-34.66365961328912,0,0,2.4,-0.07969575377829953,0.8,-0.008385187658811332
263.80594092192564,7.328501691262624,-0.7076119169420281,-35.997254559748164,0,0,2.4,-0.08295190738018131,0.8,-0.007862354632689202
262.58380620211653,7.033966611563009,-0.6636209092282286,-37.330829203889,0,0,2.4,-0.0861350274625173,0.8,-0.007373565658091429
261.31721931145285,6.758602825465368,-0.6224883272225838,-38.66438464572146,0,0,2.4,-0.08924383940542131,0.8,-0.0069165369691398205
260.00618087159006,6.500492218491653,-0.5840227952295152,-39.9979220238065,0,0,2.4,-0.09227752922719147,0.8,-0.006489142169216835
258.6506914659474,6.257964297810836,-0.5480461000612422,-41.33144248784364,0,0,2.4,-0.09523568707420042,0.8,-0.00608940111179158
257.25075163970297,6.029557485873104,-0.5143922628514019,-42.664947177703546,0,0,2.4,-0.09811825653512661,0.8,-0.005715469587237799
255.806361900397,5.813987453530029,-0.48290667800975484,-43.99843720768287,0,0,2.4,-0.10092548921688868,0.8,-0.005365629755663943
254.31752271898856,5.61012104308338,-0.4534453143320718,-45.33191365497046,0,0,2.4,-0.10365790407318269,0.8,-0.005038281270356353
252.7842345312376,5.416954663064941,-0.4258739736616519,-46.66537755149144,0,0,2.4,-0.10631625102490826,0.8,-0.004731933040685021
251.20649773931328,5.233596285065556,-0.40006760284839515,-47.99882987844307,0,0,2.4,-0.10890147845576538,0.8,-0.004445195587204391
249.58431271354692,5.059250360993837,-0.375909655075219,-49.33227156295912,0,0,2.4,-0.11141470420580776,0.8,-0.004176773945280211
247.9176797942679,4.893205122663379,-0.3532914969194394,-50.66570347644162,0,0,2.4,-0.11385718972170622,0.8,-0.00392546107688266
246.206599293672,4.734821836003347,-0.33211185779174457,-51.999126434183744,0,0,2.4,-0.11623031705533121,0.8,-0.0036901317532416064
244.45107149768586,4.583525667742268,-0.31227631864834393,-53.33254119597773,0,0,2.4,-0.11853556843135539,0.8,-0.0034697368738704883
242.6510966677976,4.438797889187546,-0.29369683710541494,-54.665948467460225,0,0,2.4,-0.1207745081316576,0.8,-0.003263298190060166
240.8066750428333,4.30016919418599,-0.27629130630180043,-55.99934890199531,0,0,2.4,-0.12294876646839693,0.8,-0.0030699034033533383
238.91780684066435,4.167213949831627,-0.2599831450529848,-57.332743102935154,0,0,2.4,-0.1250600256397067,0.8,-0.002888701611699831
236.98449225983404,4.039545231482021,-0.24470091702471564,-58.666131626131,0,0,2.4,-0.12711000728164457,0.8,-0.002718899078052396
235.00673148109848,3.9168105200396237,-0.23037797682334826,-59.999514982593816,0,0,2.4,-0.12910046154857713,0.8,-0.002559755298037203
232.9845246688768,3.798687960684632,-0.21695214105656646,-61.33289364122615,0,0,2.4,-0.1310331575700356,0.8,-0.0024105793450729606
230.91787197261039,3.6848830994100465,-0.20436538256359427,-62.66626803156403,0,0,2.4,-0.13290987514748712,0.8,-0.0022707264729288253
228.80677352803042,3.5751260276547914,-0.1925635461461752,-63.99963854648305,0,0,2.4,-0.13473239756764396,0.8,-0.0021395949571797247
226.6512294583371,3.4691688767142517,-0.18149608425702013,-65.33300554483381,0,0,2.4,-0.13650250542158282,0.8,-0.0020166231584113348
224.4512398752919,3.366783612941501,-0.17111581121480413,-66.66636935398195,0,0,2.4,-0.1382219713298181,0.8,-0.0019012867912756013
222.2068048802268,3.267760092439016,-0.16137867462134636,-67.999730272235,0,0,2.4,-0.13989255548402144,0.8,-0.0017930963846816263
219.91792456497532,3.171904340296481,-0.15224354275446217,-69.33308857114505,0,0,2.4,-0.1415160019252304,0.8,-0.0016915949194940241
217.5845990127284,3.0790370247065666,-0.1436720067993349,-70.66644449768002,0,0,2.4,-0.14309403548706556,0.8,-0.001596355631103721
215.20682829881972,2.988992100687247,-0.13562819686586636,-71.9997982762611,0,0,2.4,-0.14462835934023552,0.8,-0.001506979965176293
212.78461249144627,2.90161560181632,-0.12807861081643068,-73.33315011066587,0,0,2.4,-0.14612065308187772,0.8,-0.0014230956757381188
210.31795165232685,2.816764561469657,-0.12099195500013593,-74.66650018579924,0,0,2.4,-0.14757257132004584,0.8,-0.0013443550555570659
207.8068458373039,2.7343060476533285,-0.11433899605651732,-75.99984866933626,0,0,2.4,-0.14898574270976045,0.8,-0.0012704332895168591
205.25129509689273,2.654116297714952,-0.10809242301263566,-77.3331957132409,0,0,2.4,-0.1503617694029666,0.8,-0.0012010269223626186
202.65129947678165,2.5760799410798385,-0.10222671895570556,-78.66654145516715,0,0,2.4,-0.1517022268801921,0.8,-0.001135852432841173
200.00685901828766,2.500089299738692,-0.09671804161541786,-79.99988601974827,0,0,2.4,-0.15300866413697195,0.8,-0.0010746449068379763
197.31797375877102,2.426043757561383,-0.09154411224062642,-81.33322951978064,0,0,2.4,-0.15428260420322268,0.8,-0.001017156802673627
194.58464373201156,2.3538491906633663,-0.08668411219997552,-82.66657205730897,0,0,2.4,-0.15552554497860363,0.8,-0.0009631568022219502
191.80686896855042,2.2834174520388175,-0.08211858677992723,-83.99991372461918,0,0,2.4,-0.15673896037193583,0.8,-0.0009124287419991914
188.98464949600026,2.214665904523045,-0.077829355693666,-85.33325460514568,0,0,2.4,-0.1579243017376617,0.8,-0.0008647706188185111
186.11798533932674,2.1475169968777856,-0.07379942985079424,-86.66659477429907,0,0,2.4,-0.15908299960769595,0.8,-0.0008199936650088249
183.2068765211032,2.081897878424263,-0.0700129339750788,-87.9999343002203,0,0,2.4,-0.16021646572200893,0.8,-0.0007779214886119866
180.2513230617415,2.0177400481953693,-0.06645503468911329,-89.33327324446726,0,0,2.4,-0.16132609536771692,0.8,-0.000738389274323481
177.25132497970122,1.9549790350524545,-0.06311187371767346,-90.6666116626388,0,0,2.4,-0.16241327004224518,0.8,-0.0007012430413074829
174.2068822916788,1.8935541056244398,-0.05997050589138553,-91.99994960494163,0,0,2.4,-0.1634793604637815,0.8,-0.0006663389543487281
171.11799501277844,1.8334079972862318,-0.057018841661488295,-93.33328711670471,0,0,2.4,-0.16452572995996526,0.8,-0.0006335426851276477
167.9846631566672,1.7744866737070812,-0.05424559386614192,-94.66662423884556,0,0,2.4,-0.16555373827536876,0.8,-0.0006027288207349102
164.80688673571484,1.7167391007739983,-0.05164022851562322,-95.99996100829243,0,0,2.4,-0.16656474584928077,0.8,-0.000573780316840258
161.5846657611206,1.6601170409359298,-0.049192919393476586,-97.33329745836683,0,0,2.4,-0.16756011862817224,0.8,-0.0005465879932608509
158.3180002430274,1.6045748642257698,-0.04689450629894054,-98.66663361912882,0,0,2.4,-0.16854123349321815,0.8,-0.0005210500699882282
155.0068901906255,1.5500693744032197,-0.04473645678763205,-99.99996951768918,0,0,2.4,-0.16950948440184074,0.8,-0.0004970717420848006
151.6513356122461,1.4965596488254633,-0.04271083129941644,-101.33330517849107,0,0,2.4,-0.17046628936609518,0.8,-0.00047456479221573823
148.2513365154458,1.4440068907973962,-0.040810251598884406,-102.66664062356364,0,0,2.4,-0.1714130984188735,0.8,-0.0004534472399876045
144.80689290708366,1.3923742932812107,-0.03902787249546691,-103.9999758727503,0,0,2.4,-0.1723514027553838,0.8,-0.0004336430277274101
141.3180047933902,1.34162691295859,-0.03735735685580721,-105.3333109439137,0,0,2.4,-0.17328274528211943,0.8,-0.00041508174284230235
137.78467218003067,1.2917315537395004,-0.035792853979558004,-106.66664585311916,0,0,2.4,-0.17420873286290864,0.8,-0.0003976983775506445
134.20689507216207,1.242656658901036,-0.03432898147582364,-107.99998061479843,0,0,2.4,-0.17513105062448472,-0.8,-0.0005721496912637273
130.7180067647004,1.2899805281863617,-0.031767004410767186,-101.3333177582784,0,0,2.4,-0.1760019717070078,-0.8,-0.0005294500735127865
127.45134056375775,1.3463171545976278,-0.02936426543971038,-94.66665423411987,0,0,2.4,-0.17677593317703233,-0.8,-0.000489404423995173
124.4068964897933,1.4137148911002093,-0.027110938935550166,-87.99999014863236,0,0,2.4,-0.17745903321684045,-0.8,-0.00045184898225916943
121.58467455999215,1.494893681953643,-0.024998091842917347,-81.33332559215575,0,0,2.4,-0.1780572800177502,-0.8,-0.00041663486404862246
118.98467478875702,1.5935448802257808,-0.023017606495443488,-74.66666064146165,0,0,2.4,-0.17857660385461285,-0.8,-0.0003836267749240581
116.60689718812628,1.714807428555601,-0.02116210452135192,-67.99999536177972,0,0,2.4,-0.17902286253008687,-0.8,-0.00035270174202253204
114.45134176813018,1.8660545925920722,-0.01942487150091665,-61.33332980850778,0,0,2.4,-0.17940183996178347,-0.8,-0.00032374785834861087
112.51800853709369,2.058256353051187,-0.017799782301779032,-54.66666402865487,0,0,2.4,-0.17971923791272745,-0.8,-0.00029666303836298387
110.80689750189569,2.3084771244913624,-0.0162812273024997,-47.99999806206019,0,0,2.4,-0.1799806611435776,-0.8,-0.000271353788374995
109.31800866819086,2.6447906212948986,-0.014864040006614232,-41.33333194242363,0,0,2.4,-0.18019159657796519,-0.8,-0.0002477340001102372
108.0513420405992,3.1168657228628263,-0.01354342682617471,-34.66666569817918,0,0,2.4,-0.1803573873982211,-0.8,-0.00022572378043624516
107.00689762286923,3.8216750033780076,-0.012314900045737431,-27.999999353237786,0,0,2.4,-0.1804832033004315,-0.8,-0.00020524833409562386
106.18467541801796,4.9774067548786265,-0.011174215145842936,-21.333332927621516,0,0,2.4,-0.18057400840505178,-0.8,-0.00018623691909738226
105.58467542845139,7.198955255083077,-0.010117313735690914,-14.66666643800843,0,0,2.4,-0.18063452850952713,-0.8,-0.00016862189559484856
105.2068976560681,13.150862374347795,-0.009140273312198133,-7.999999898203309,0,0,2.4,-0.18066921945960748,-0.8,-0.00015233788853663555
105.05134210234812,78.7885073914068,-0.008239264907558663,-1.3333333195471313,0,0,2.4,-0.1806822383861559,-0.8,-0.0001373210817926444
105.06111988004484,98.49480071228416,-0.00741465107807926,1.0666666577349777,0,0,2.4,-0.18068155104740202,-0.8,-0.00012357751796798766
105.11889765739168,43.79954098730844,-0.006669340460064177,2.39999998374073,0,0,2.4,-0.18067770553723198,-0.8,-0.00011115567433440295
105.22111987899369,28.184228693361444,-0.00599627459439489,3.733333312888482,0,0,2.4,-0.18067157371754952,-0.8,-9.993790990658151e-05
105.36778654493962,20.796273752163476,-0.0053887390245677125,5.066666644257749,0,0,2.4,-0.1806636656072117,-0.8,-8.981231707612854e-05
105.5588976552917,10.324459321050961,-0.004840615691705352,10.22415744716659,0,0,2.6,-0.18065441617681832,-0.8,-8.06769281950892e-05
105.92193064399761,9.164524011495246,0.014138048033146333,11.557821280312826,0,0,2.6,-0.16215981402112703,-0.8,0.0002356341338857722
106.32941903252204,8.24803729646457,0.03108030522844274,12.891481356188699,0,0,2.6,-0.14380375202253518,-0.8,0.0005180050871407123
106.78138621314923,7.506405541090111,-0.06379182568866781,14.225368670614351,0,0,2.5,-0.23556785241679462,-0.8,-0.0010631970948111302
107.27779267117472,6.894894799086776,-0.07537418903712023,15.559018055704575,0,0,2.5,-0.2535293983341408,-0.8,-0.0012562364839520039
107.81865403770988,6.382572895280225,-0.08561984719489146,16.8926631636968,0,0,2.5,-0.27131247539561193,-0.8,-0.001426997453248191
108.4307340805885,5.906076608044129,0.0136682522704632,18.359181784554718,0,0,2.4,-0.18058636064979516,-0.8,0.00022780420450772
109.0649290297763,5.538395075555532,0.012249640491972968,19.69251516764294,0,0,2.4,-0.1806381472012234,-0.8,0.00020416067486621613
109.74356842501102,5.219459665532033,0.010974722179014407,21.025848547068826,0,0,2.4,-0.1806881014650352,-0.8,0.00018291203631690678
110.46665226616086,4.940549821988291,0.009829477097127892,22.359181922327892,0,0,2.4,-0.18073587432899446,-0.8,0.00016382461828546487
123.59774742864775,7.731065019411393,35.88843665896485,15.987156636028125,0,0,2.3,35.6988542552484,-0.8,0.5981406109827475
124.16149057998516,6.9591860767153095,32.12381211052519,17.84138104819703,0,0,2.3,35.52307337270524,-0.8,0.5353968685087532
124.78614521595405,6.353651990839196,28.742624310572296,19.640066121952046,0,0,2.3,35.35426678380488,-0.8,0.47904373850953824
125.469868113011,5.86740054616528,25.70738625850305,21.384234317361127,0,0,2.3,35.19329116279287,-0.8,0.4284564376417175
126.21088242108151,5.469188608306773,22.984070101399908,23.076710543386366,0,0,2.3,35.040713631540015,-0.8,0.3830678350233318
126.78846558113999,7.336545959931222,-49.10973923825816,17.281765325754,0,0,2.3,-34.754688697978054,-0.8,-0.8184956539709692
127.4094787366883,6.376220153851061,-43.903897162080966,19.98197610221104,0,0,2.3,-34.45982054562667,-0.8,-0.7317316193680161
128.11776295075893,5.6903816511976695,-39.23198967311009,22.514792645550173,0,0,2.3,-34.17830277286388,-0.8,-0.6538664945518349
128.90787109657487,5.179231056263179,-35.042162719292264,24.88938409895581,0,0,2.3,-33.91167478635706,-0.8,-0.5840360453215377
129.7747276675315,4.7854628999986195,-31.287121628099783,27.118531765771067,0,0,2.3,-33.660849967093846,-0.8,-0.5214520271349964
130.7137165431851,4.473930317411861,-27.92380308550605,29.216752892745564,0,0,2.3,-33.42624358731004,-0.8,-0.4653967180917675
131.7207162290377,4.221951654181154,-24.91306336676564,31.199011030500508,0,0,2.3,-33.207884177120256,-0.8,-0.41521772277942737
132.79209979282564,4.014286818308821,-22.21938046294929,33.0798734129241,0,0,2.3,-33.00550760998051,-0.8,-0.3703230077158215
133.79977157659926,5.172462879248748,45.743646681080065,25.867710353879318,0,0,2.3,32.735581487753926,-0.8,0.7623941113513344
134.71552472436457,4.634505502751437,40.80153178223384,29.067939318312593,0,0,2.3,32.36783125701567,-0.8,0.6800255297038973
135.73334153270636,4.242937400541422,36.377383817601356,31.990418127636307,0,0,2.3,32.02383647060659,-0.8,0.606289730293356
136.844462667499,3.9475040690522163,32.41994195352669,34.66607260530448,0,0,2.3,31.70413298829204,0.8,0.36022157726140763
137.91986088201224,4.628914754444065,29.986616590257768,29.795290731936685,0,0,2.3,31.43213708859157,0.8,0.33318462878064187
138.8262414677787,5.65786619919241,27.780167187697913,24.536854810669507,0,0,2.3,31.224795458715565,0.8,0.3086685243077546
139.55204730615952,7.356313267320398,25.77710010921288,18.970378535414465,0,0,2.3,31.07373952607705,0.8,0.28641222343569867
140.0881016357571,10.645404346971656,23.956565112782897,13.159490900466226,0,0,2.3,30.97167787026127,0.8,0.26618405680869883
140.42712829243808,19.62656699141461,22.300077982678005,7.15495116154884,0,0,2.3,30.91229508100855,0.8,0.24777864425197782
140.56336636380593,140.9573188479939,20.79125874392551,0.9972051647448489,0,0,2.3,30.890147707767944,0.8,0.23101398604361678
140.55127347856057,133.05188656358408,19.406929099956955,-1.056364378654583,0,0,2.3,30.891901980061085,0.8,0.21563254555507727
140.49485747743705,60.25545933146336,18.120912383828824,-2.3316535802105385,0,0,2.3,30.8996805372634,0.8,0.20134347093143137
140.39566193926973,38.75504738158813,16.925595601720744,-3.622641989233365,0,0,2.3,30.91242458074392,0.8,0.1880621733524527
140.2532168799047,28.470823676808546,15.814276268532296,-4.92620861524813,0,0,2.3,30.929478287670204,0.8,0.17571418076146997
140.06714691141724,22.4474258297531,14.780767286328938,-6.239786600642834,0,0,2.3,30.95025439003566,0.8,0.16423074762587708
139.83715433736907,18.493868852863457,13.819356551277963,-7.561271005537475,0,0,2.3,30.974228140739953,0.8,0.1535484061253107
139.56300507699663,15.700745923596545,12.924769586452129,-8.888941057714229,0,0,2.3,31.000931612665966,0.8,0.1436085509605792
139.24451697109313,13.622848916935652,12.092135037192065,-10.221394791950393,0,0,2.3,31.029948369169382,0.8,0.13435705596880074
138.88155008752807,12.01657964427613,11.316952854889763,-11.557494245351394,0,0,2.3,31.060908522679888,0.8,0.12574392060988626
138.47399870158137,10.737481925966339,10.595064991431883,-12.896319607925127,0,0,2.3,31.093484182881312,0.8,0.11772294434924314
138.02178467601982,9.694494292840535,9.922628427993288,-14.237130943276748,0,0,2.3,31.12738528553819,0.8,0.11025142697770321
137.52485200873127,8.827388372285505,9.296090366789514,-15.579336289372371,0,0,2.3,31.162355786200624,0.8,0.10328989296432793
136.9831623524835,8.094752233741326,8.712165421595103,-16.922465122712104,0,0,2.3,31.1981701987922,0.8,0.09680183801772337
136.39669134269252,7.467184864445358,8.16781465143481,-18.266146321371902,0,0,2.3,31.234630456738227,0.8,0.09075349612705344
135.76542559567142,6.923243408168477,7.660226291219203,-19.61008989449755,0,0,2.3,31.271563073284934,-0.8,0.12767043818698673
135.22145231449466,10.382225816947829,6.9237438550482295,-13.024322019056903,0,0,2.3,31.301103266235895,-0.8,0.11539573091747049
134.89741022396558,21.0284035857189,6.247335375877896,-6.415009569037328,0,0,2.3,31.317069172570395,-0.8,0.10412225626463159
134.79389892815163,3174.5305245914433,5.62726190921515,0.042461049873035756,0,0,2.3,31.32172924349542,-0.8,0.09378769848691917
134.81744384013294,98.36166799855818,5.063614903615019,1.370629906785529,0,0,2.3,31.320808428816807,-0.8,0.08439358172691698
134.88529553656036,49.943150662949755,4.554841863606526,2.700776657981748,0,0,2.3,31.318396879169814,-0.8,0.07591403106010877
134.9975102914044,33.47868606874983,4.095766523924169,4.032341950761794,0,0,2.3,31.31480572584812,-0.8,0.06826277539873615
135.15412811249368,25.192268732475828,3.681685288536926,5.3649049852450945,0,0,2.3,31.31030114285331,-0.8,0.06136142147561543
135.35517681799243,12.772056776670869,3.308325271122243,10.597758777993294,0,0,2.5,31.305109654292302,-0.8,0.05513875451870405
135.72466321838166,11.549210545118745,2.9527128346262543,11.75185634447936,0,0,2.5,31.28032974490854,-0.8,0.04921188057710424
136.1386356152135,10.402932206957626,2.6324525056895425,13.086563759798617,0,0,2.5,31.255340699434463,0.8,0.02924947228543936
136.46388262168247,21.22998708716096,2.434227408108086,6.427883449077099,0,0,2.5,31.23261243556565,0.8,0.027046971201200955
136.5984344202024,46.61122888650848,2.2528432512451673,2.9305907113669885,0,0,2.5,31.21351010590991,0.8,0.02503159168050186
136.67391974251856,85.50249533218489,2.0845412924745688,1.5984787252293406,0,0,2.5,31.195397697222337,0.8,0.023161569916384097
136.70499689331396,513.7177016357076,1.9280775005037754,0.2661091810892191,0,0,2.5,31.177903324749852,0.8,0.021423083338930837
136.73336562478684,153.92146196356782,1.9822100788541093,-0.8883320355750695,0,0,2.4,31.360574403133775,0.8,0.022024556431712326
136.68154127572618,61.53624528127103,1.8621174952123738,-2.2211550388064727,0,0,2.4,31.37262915808231,0.8,0.020690194391248598
136.58528748482482,38.4304049428723,1.7504593996016524,-3.5540944126886527,0,0,2.4,31.385112228819075,0.8,0.019449548884462806
136.44460079343045,27.91919256341346,1.6466184512125892,-4.8871256030603645,0,0,2.3,31.397968573736787,0.8,0.01829576056902877
136.2594784838832,21.905863489703602,1.5500253052697417,-6.220228595322396,0,0,2.3,31.411149991208106,0.8,0.01722250339188602
136.02991844179377,18.00912840049458,1.4601546893467798,-7.5533871166168165,0,0,2.3,31.42461439563648,0.8,0.016223940992742
135.75591904258332,15.276495256226518,1.3765218212892876,-8.886587974898942,0,0,2.3,31.43832517353543,-0.8,0.02294203035482146
135.5707739737955,61.01284636984056,1.2514407915767833,-2.2220037588806854,0,0,2.3,31.450896325951867,-0.8,0.020857346526279723
135.60720556550453,33.81886976430764,1.1366313411890019,4.009808917642306,0,0,2.3,31.46123095472175,-0.8,0.018943855686483366
135.7630861206092,25.409340375221632,1.0322419881393614,5.3430385880068325,0,0,2.3,31.47050473579101,-0.8,0.017204033135656025
135.96340889798023,20.3649644803537,0.9379670546680643,6.676339113144322,0,0,2.3,31.479454001133657,-0.8,0.015632784244467738
136.2081759228688,17.005422095303302,0.8528501939330795,8.00969097735527,0,0,2.3,31.488133845865487,0.8,0.009476113265923106
136.37715693063507,40.22602162277903,0.8051603509153153,3.3902720534860937,0,0,2.3,31.49730068244324,0.8,0.008946226121281282
136.4679475928121,66.33791812353965,0.7610983699047438,2.0571635567258957,0,0,2.3,31.506916058160368,0.8,0.008456648554497154
136.92579875178674,99.0235812732812,-64.21094240875082,-1.382759510322138,0,0,2.2,-33.41438482916822,0.8,-0.713454915652787
136.86558394178994,60.6308196752173,-59.97755235771412,-2.2573599478770268,0,0,2.2,-33.46172427204824,0.8,-0.6664172484190457
136.77393627023866,41.89004511073591,-56.04028532262939,-3.2650701594777027,0,0,2.2,-33.52296072747778,0.8,-0.6226698369181043
136.64682276636015,31.183626228695474,-52.377983871139406,-4.382005535989154,0,0,2.2,-33.59667829749642,0.8,-0.5819775985682156
136.48095462073715,24.426511655218896,-48.970914461804455,-5.587410783298525,0,0,2.2,-33.68147447957078,0.8,-0.5441212717978273
136.27368524759802,19.854845127721866,-45.800706987796474,-6.863497769485447,0,0,2.2,-33.77599463634974,0.8,-0.5088967443088497
136.02291523760977,16.59787209537727,-42.850286918910285,-8.195202038910397,0,0,2.2,-33.878955033316664,0.8,-0.47611429909900316
135.72700616546553,14.182697727209522,-40.10380320357473,-9.569900506662643,0,0,2.2,-33.989157112575135,-0.8,-0.6683967200595788
135.48722510463048,28.71549046322622,-36.17366743622455,-4.7182626143244475,0,0,2.2,-34.06940166558243,-0.8,-0.6028944572704091
135.41766007568998,977.8869343553171,-32.577009380077186,0.1384798746339377,0,0,2.2,-34.09011035305754,-0.8,-0.5429501563346197
135.44152237099405,103.71511578596308,-29.313359551471194,1.305899543616234,0,0,2.2,-34.08416146245924,-0.8,-0.4885559925245199
135.50539769120317,53.422881092186415,-26.367846465645016,2.5364674259588385,0,0,2.2,-34.06998433178018,-0.8,-0.4394641077607503
135.6110923585961,35.56708544306734,-23.710272655944948,3.812825556810675,0,0,2.2,-34.04919516864457,-0.8,-0.3951712109324158
135.7599032125134,26.5069780247435,-21.313271879770753,5.12166656967782,0,0,2.2,-34.02322165806489,-0.8,-0.3552211979961792
135.95273879376688,21.068422372378922,-19.152031804966782,6.45291500193215,0,0,2.2,-33.993308771238,-0.8,-0.3192005300827797
136.19021544737114,17.462429102158993,-17.204049408923368,7.799041854408049,0,0,2.2,-33.96052955569129,0.8,-0.19115610454359297
136.3444120402711,94.72440706196456,-16.037596476881504,1.4393799472514044,0,0,2.2,-33.94101325091091,0.8,-0.17819551640979447
136.33691439215283,136.51202402819067,-14.969251717982388,-0.9987172585178162,0,0,2.2,-33.94184159047056,0.8,-0.1663250190886932
136.28201559167906,59.32923808719345,-13.977229947487444,-2.2970464476788264,0,0,2.2,-33.94776993450781,0.8,-0.15530255497208273
136.183676790376,37.7782383473374,-13.055330311916066,-3.604818084376722,0,0,2.2,-33.9576856287689,0.8,-0.1450592256879563
136.04161547002585,27.64991150946386,-12.198346949560914,-4.920146504753271,0,0,2.2,-33.97105762054152,0.8,-0.1355371883284546
135.8556062000583,21.76655354706422,-11.40147840724785,-6.241484482433459,0,0,2.2,-33.98741220819915,-0.8,-0.1900246401207975
135.7561768886206,2303.0199347275866,-10.269517193915192,0.05894702639848341,0,0,2.2,-33.995598835591316,-0.8,-0.17115861989858652
135.7800567392931,98.73774437615407,-9.240861314777703,1.3751585839557119,0,0,2.2,-33.99389467584533,-0.8,-0.15401435524629506
135.84792467540453,50.3526576706612,-8.31238026729767,2.697929582266291,0,0,2.2,-33.989499759843106,-0.8,-0.13853967112162782
135.95996738214595,33.77544980699238,-7.474616021369513,4.025408045165361,0,0,2.2,-33.98297354064469,-0.8,-0.1245769336894919
136.11631765651794,25.412856513287668,-6.718976523576089,5.356199039857898,0,0,2.2,-33.97479564498827,0.8,-0.07465529470640099
136.1877478593169,537.9448184739525,-6.26756686203629,-0.2531630442052694,0,0,2.2,-33.97131775168683,0.8,-0.06963963180040322
136.1572049253504,86.18933346723317,-5.851081814149097,-1.5797454214808804,0,0,2.2,-33.972670494602056,0.8,-0.06501202015721219
136.08241250767688,46.79463153434604,-5.464117796603489,-2.908077444905105,0,0,2.2,-33.97577859799976,0.8,-0.06071241996226099
135.96331822283963,32.083378392810154,-5.1044731229221725,-4.237811759041836,0,0,2.2,-33.980408444092,-0.8,-0.08507455204870287
135.92113360365067,32.68291853019593,-4.595587591785716,4.158782009570913,0,0,2.4,-33.981970225247764,-0.8,-0.07659312652976193
136.08193444438038,24.78929664537061,-4.1142448991757306,5.489543991148036,0,0,2.4,-33.960186291816335,0.8,-0.045713832213063674
136.20104231087583,50.24045901023795,-3.8195206684509344,2.710983239287701,0,0,2.4,-33.939745054369936,0.8,-0.042439118538343715
136.26923411667917,98.71788850947277,-3.5458538589032287,1.380390486204565,0,0,2.4,-33.920712956052306,0.8,-0.039398376210035876
136.29306091312884,2775.500246317086,-3.291463823613867,0.049105764301041285,0,0,2.4,-33.90271317802316,0.8,-0.0365718202623763
136.27250208745423,106.23651182039261,-3.0549058784752106,-1.2827275646798493,0,0,2.4,-33.88558615445875,0.8,-0.03394339864972456
136.20754135690777,52.08716459533251,-2.834848819450656,-2.6149924346066866,0,0,2.4,-33.86918948733253,0.8,-0.0314983202161184
136.09816597073942,34.47623648430459,-2.630065467885288,-3.9475934686983165,0,0,2.4,-33.85339605706381,0.8,-0.029222949643169866
135.94436605225135,25.74482943746344,-2.4394240486652166,-5.2804531637109005,0,0,2.4,-33.83809233570276,-0.8,-0.04065706747775361
135.95102013106865,84.05082668757372,-2.435666129774347,1.617485817675699,0,0,2.3,-34.07827682167838,-0.8,-0.04059443549623912
136.07790970415925,28.402880035313096,-2.200081086999944,4.7909898409941025,0,0,2.3,-34.086258391881444,0.8,-0.02444534541111049
136.19367263986388,49.32719520019031,-2.061526186000833,2.761026084842919,0,0,2.3,-34.09437556334896,0.8,-0.02290584651112037
136.2634977213596,95.39278414006876,-1.9328548396029532,1.4284465953030459,0,0,2.3,-34.10313929601785,0.8,-0.021476164884477258
136.28890065116713,1424.0946456181305,-1.8133054746770654,0.09570213684218348,0,0,2.3,-34.11244692039883,0.8,-0.02014783860752295
136.26987648799573,110.14602867284387,-1.7022010168279849,-1.237174668300979,0,0,2.3,-34.1222294941949,0.8,-0.018913344631422056
136.20642127747053,52.995368189475165,-1.5989177230514429,-2.570157089776027,0,0,2.2,-34.13242626820685,0.8,-0.017765752478349366
136.0985318732042,34.86824162342066,-1.502880747082429,-3.903223263824928,0,0,2.2,-34.142983807107946,0.8,-0.016698674967582545
135.94620578905491,25.961990137933597,-1.4135600978490857,-5.236355343592136,0,0,2.2,-34.153855207680095,-0.8,-0.023559334964151427
160.67967461879505,1941.2458141935135,91.90331355573699,0.08277142103487244,0,0,2.1,59.02166243612108,0.8,1.0
160.6773070376892,593.3601666572434,85.94083342999033,-0.2707922035664807,0,0,2.1,59.05918231037442,0.8,0.9548981492221148
160.65896470030478,184.16547171036396,80.26441814558575,-0.8723620296912782,0,0,2.1,59.11215592130253,0.8,0.8918268682842861
160.61701946352,95.47108751787918,74.9810564333821,-1.682362939810869,0,0,2.1,59.17975541880458,0.8,0.8331228492598011
160.5450659622072,60.16704963590405,70.06347101874684,-2.6683220622206414,0,0,2.1,59.260907099728136,0.8,0.7784830113194093
160.4377447810808,42.21908314739979,65.48605525189407,-3.8001238497042515,0,0,2.1,59.354389400791845,0.8,0.7276228361321564
160.29065218974532,31.73669387541835,61.22483785389352,-5.050641154335815,0,0,2.1,59.458909019584205,0.8,0.6802759761543724
160.10023545185365,25.031346785710557,57.257431006649654,-6.395989669371238,0,0,2.1,59.573158029266615,0.8,0.6361936778516628
159.86368413464692,20.45462059740551,53.562966122817386,-7.815529179501097,0,0,2.1,59.6958552125443,0.8,0.5951440680313043
159.5788242447897,17.17433241656041,50.12202119740783,-9.291704642383378,0,0,2.1,59.8257746953226,0.8,0.5569113466378648
159.24401935034604,14.731456443819654,46.916543051773886,-10.80979467017698,0,0,2.1,59.96176462951583,0.8,0.5212949227974876
158.85808094445287,12.855076336840295,43.92976715491966,-12.357614749372953,0,0,2.1,60.10275826944653,0.8,0.48810852394355175
158.42018899571224,11.376505071366914,41.14613711656895,-13.925207082659673,0,0,2.1,60.24777937475714,0.8,0.45717930129521056
157.92982276616857,10.18603893311599,38.551225425890095,-15.504537514844998,0,0,2.1,60.39594349184956,0.8,0.42834694917655664
157.38670143882035,9.209710965872159,36.13165657180821,-17.08921181370819,0,0,2.1,60.54645633282698,0.8,0.401462850797869
156.79073378773484,8.396107126813533,33.875033325037464,-18.67421787497364,0,0,2.1,60.698610190843475,0.8,0.37638925916708293
156.14197597273278,7.708546352114089,31.769866681099074,-20.255696578890056,0,0,2.1,60.851779101907574,0.8,0.3529985186788786
155.44059649398594,7.120261866856949,29.805509747430847,-21.830741537403746,0,0,2.1,61.00541328031262,0.8,0.3311723305270094
154.6868473613879,6.611332661090569,27.972095695358632,-23.397226442977324,0,0,2.1,61.159033211402466,0.8,0.3108010632817626
153.8810405923199,6.166672694264017,26.26047977887376,-24.953657867305598,0,0,2.1,61.31222367460817,0.8,0.29178310865415286
153.023529231042,5.774679612367515,24.662185337730847,-26.49905094359081,0,0,2.1,61.46462788539017,0.8,0.27402428153034275
152.11469217117224,5.426306155320124,23.169353644615455,-28.032825243749677,0,0,2.1,61.61594188145683,0.8,0.2574372627179495
151.15492215175635,5.114409178787154,21.774697418677988,-29.55471822213522,0,0,2.1,61.76590923182705,0.8,0.24194108242975543
150.1446163825244,4.833285042366115,20.47145780549164,-31.06471376433071,0,0,2.1,61.91431611321923,0.8,0.22746064228324042
149.08416933241776,4.578332598554027,19.25336461244447,-32.56298360226231,0,0,2.1,62.06098677387151,0.8,0.21392627347160523
147.97396728609388,4.345805120275688,18.114599585596608,-34.04983960180588,0,0,2.1,62.20577938785329,0.8,0.2012733287288512
146.81438433550585,4.132625233989751,17.049762516734035,-35.52569517506603,0,0,2.1,62.348582291363826,0.8,0.18944180574148928
145.605779528009,3.9362451542138968,16.0538399759198,-36.99103430388034,0,0,2.1,62.48931058499854,0.8,0.17837599973244223
144.34849493928087,3.7545399363959695,15.122176473934047,-38.446386876854696,0,0,2.1,62.62790308140742,0.8,0.16802418304371164
143.04285447933734,3.5857250988557534,14.250447869610014,-39.892309236138594,0,0,2.1,62.764319575345645,0.8,0.15833830966233348
141.68916327383442,3.4282924394304763,13.434636848492858,-41.32936900137156,0,0,2.1,62.898538412202505,0.8,0.14927374276103175
140.28770749140935,3.2809595830648743,12.671010310957143,-42.7581333874162,0,0,2.1,63.03055433123299,0.8,0.14078900345507936
138.83875451175197,3.1426299951578773,11.956098519558651,-44.179160361122015,0,0,2.1,63.16037656056498,0.8,0.13284553910620722
137.3425533490569,3.0123610459890737,11.28667586672671,-45.59299209234133,0,0,2.1,63.28802714237028,0.8,0.1254075096302968
135.79933526208305,2.889338322241216,10.659743134766842,-47.00015024780676,0,0,2.1,63.41353946819218,-0.8,0.17766238557944736
134.3397037684317,3.311326180521567,9.70512723088575,-40.569758593601264,0,0,2.1,63.524897877787794,-0.8,0.1617521205147625
133.09536276514456,3.9049093942814226,8.821712716882246,-34.08411036631405,0,0,2.1,63.611996086872864,-0.8,0.14702854528137077
132.06796543332877,4.79300437091483,8.005336494754573,-27.554317754173308,0,0,2.1,63.677791136433406,-0.8,0.13342227491257622
131.25882747498707,6.253533745620928,7.252077714238624,-20.989544922005386,0,0,2.1,63.72506600539291,-0.8,0.12086796190397706
130.6689869788881,9.075931475215102,6.558224381711483,-14.397308676880598,0,0,2.1,63.75642044428962,-0.8,0.10930373969519139
130.2992549836065,16.73993656876297,5.920244908608936,-7.783736482415787,0,0,2.1,63.77426340935824,-0.8,0.0986707484768156
130.15025805352593,112.8025672135404,5.334764519761563,-1.1537880854000917,0,0,2.1,63.780807511371755,-0.8,0.08891274199602606
130.16202704461065,118.57628226078482,4.8008487526254555,1.0977071009727333,0,0,2.1,63.780368196211796,-0.8,0.08001414587709092
130.22078406979577,53.633130774390885,4.3187153354471945,2.4279914707491677,0,0,2.1,63.778319654296084,-0.8,0.07197858892411992
130.3239068139149,34.66443490033852,3.883604104467878,3.7595854999108096,0,0,2.1,63.77507995686149,-0.8,0.06472673507446464
130.4714322880321,25.622299041750644,3.491077303777388,5.0921048136794225,0,0,2.1,63.7709135666178,-0.8,0.05818462172962313
130.6633863584185,20.335884282418885,3.1371018331848575,6.425262090588398,0,0,2.1,63.766045826403,-0.8,0.05228503055308096
130.89978659717158,11.23680350124241,2.818013475057171,11.649201357191883,0,0,2.3,63.760667651593785,-0.8,0.04696689125095285
131.30521125815096,10.23419297715572,2.511455302798737,12.830050356803337,0,0,2.3,63.73591082684107,-0.8,0.04185758837997895
131.75512376070753,9.301619705684766,2.2354763179288,14.164750648769724,0,0,2.3,63.711077372251005,-0.8,0.037257938632146666
132.2495275572872,8.5324958030734,1.987142158431709,15.499512757996435,0,0,2.3,63.68629084454681,-0.8,0.033119035973861816
132.80872579557172,7.819129379902634,1.8813602272812773,16.985104011314554,0,0,2.2,63.77922312923953,-0.8,0.03135600378802129
133.39713085131257,7.281812705962116,1.6975866525871766,18.319220259825038,0,0,2.2,63.78358557727357,-0.8,0.02829311087645294
134.0300060551175,6.819717649245872,1.5322279479830456,19.653307211324005,0,0,2.1,63.78798553792815,-0.8,0.025537132466384095
134.70735016949092,6.4185019111674695,1.3834849136278535,20.987350636308967,0,0,2.1,63.79246529837128,-0.8,0.023058081893797558
135.42916159736467,6.067249738546287,1.249727759042571,22.3213428544007,0,0,2.1,63.797056635148756,-0.8,0.02082879598404285
136.19543856630966,5.757506745650966,1.1294808047472316,23.655280763533153,0,0,2.1,63.8017824567577,0.8,0.012549786719413683
169.45390638855247,19.33353867440784,-131.98882842904624,-8.764764135644848,0,0,2.0,-69.24122805671931,0.8,-1.0
169.24781792809858,44.8507502069635,-125.90360318908387,-3.77357830464609,0,0,2.0,-69.15600281675692,0.8,-1.0
169.19002200409219,7327.986662494014,-119.87454675237066,0.02308820004682021,0,0,2.0,-69.12694638004372,0.8,-1.0
169.20041631097956,302.91879109728035,-113.88178184487276,0.5585669205204308,0,0,2.0,-69.13418147254582,0.8,-1.0
169.2243684259568,202.90268503159882,-107.90339689774362,0.8340173931143535,0,0,2.0,-69.15579652541668,0.8,-1.0
169.25298958681068,202.17586673927497,-101.94026748442926,0.8371572350179586,0,0,2.0,-69.19266711210233,0.8,-1.0
169.27708070318442,301.3885979188466,-95.99279224400118,0.5616572155419258,0,0,2.0,-69.24519187167425,0.8,-1.0
169.28733097727255,23729.812646923856,-90.06088845978718,0.007133951434682633,0,0,2.0,-69.31328808746025,0.8,-1.0
169.27451454567878,206.1912416771578,-84.14399640400305,-0.8209588010082355,0,0,2.0,-69.39639603167612,0.8,-0.9349332933778116
169.23068203327495,91.53044218999896,-78.6315492381759,-1.8489005186054468,0,0,2.0,-69.49354862611582,0.8,-0.8736838804241766
169.1497383857651,55.590877950425266,-73.49944823144868,-3.042760694238525,0,0,2.0,-69.60355090193367,0.8,-0.8166605359049853
169.0266709466619,38.66353491669278,-68.72102489900288,-4.371733503179646,0,0,2.0,-69.72509078491778,0.8,-0.7635669433222543
168.8574416182757,29.07199185024115,-64.27134267710915,-5.808251546303148,0,0,2.0,-69.85681022295753,0.8,-0.7141260297456572
168.63887415872443,23.012261052261834,-60.12713423579845,-7.328218369144097,0,0,2.0,-69.99735796012085,0.8,-0.6680792692866494
168.3685383552901,18.894502911724853,-56.26672772363912,-8.910980042285747,0,0,2.0,-70.14542706368138,0.8,-0.6251858635959903
168.0446380761796,15.944824870007382,-52.66996573676374,-10.53913350859537,0,0,2.0,-70.29978025838192,0.8,-0.5852218415195971
167.66590740608493,13.745087300127656,-49.318120210155485,-12.198242451652362,0,0,2.0,-70.45926578089127,0.8,-0.547979113446172
167.23151708101307,12.05141039514772,-46.19380580449513,-13.876510018142422,0,0,2.0,-70.62282605590795,0.8,-0.5132645089388348
166.74099207629857,10.712944200464934,-43.280893775843595,-15.564441385689486,0,0,2.0,-70.7895010808894,0.8,-0.4808988197315955
166.1941403116124,9.631920681008975,-40.56442780187189,-17.254517122352695,0,0,2.0,-70.95842802530727,0.8,-0.4507158644652432
165.5909918890931,8.74251393129644,-38.03054280887875,-18.940889678918403,0,0,2.0,-71.12883821910559,0.8,-0.42256158676531946
164.9317479741375,7.9989753582043175,-35.6663874972532,-20.619109396926916,0,0,2.0,-71.30005242807198,0.8,-0.3962931944139244
164.2167382861527,7.368644198965622,-33.46005099148516,-22.28588242993259,0,0,2.0,-71.47147508878749,0.8,-0.37177834434983514
163.44638613223918,6.827659431608227,-31.400493833649648,-23.938860420538003,0,0,2.0,-71.64258799705102,0.8,-0.34889437592944056
162.62117994990038,6.358236381263345,-29.477483385333016,-25.57646023182115,0,0,2.0,-71.812943804311,0.8,-0.32752759317036684
161.7416503972154,5.946884622113849,-27.68153359177103,-27.19771118406591,0,0,2.0,-71.98215956977123,0.8,-0.3075725954641225
160.8083521212726,5.583211020176075,-26.00384898435408,-28.802126865733488,0,0,2.0,-72.149910535139,0.8,-0.288931655381712
159.82184943539963,5.259097101991389,-24.43627274588738,-30.38959850634477,0,0,2.0,-72.31592422896254,0.8,-0.2715141416209709
158.7827052348459,4.968122027785975,-22.971238630769165,-31.960307002685852,0,0,2.0,-72.47997496357017,0.8,-0.25523598478632403
157.6914725743061,4.705150384791655,-21.6017265145195,-33.51465089915265,0,0,2.0,-72.6418787560384,0.8,-0.2400191834946611
156.54868841643116,4.466032844999995,-20.32122133990731,-35.053187885014616,0,0,2.0,-72.80148868239418,0.8,-0.22579134822119235
155.35486913712566,4.247385530265257,-19.123675227242416,-36.57658765142129,0,0,2.0,-72.9586906590564,0.8,-0.2124852803026935
154.11050744074862,4.046425179027486,-18.00347252188834,-38.08559422759112,0,0,2.0,-73.11339963551848,0.8,-0.20003858357653712
152.8160703966749,3.8608444748710955,-16.955397560991344,-39.58099617617388,0,0,2.0,-73.2655561760807,0.8,-0.18839330623323716
151.47199835868665,3.688716681267595,-15.974604952499362,-41.06360326557653,0,0,2.0,-73.41512340498811,0.8,-0.17749561058332625
150.07870457116556,3.5284219331768827,-15.056592171842453,-42.53422844927146,0,0,2.0,-73.56208428783115,0.8,-0.16729546857602726
148.636575301916,3.3785897202622555,-14.197174294474678,-43.99367416839782,0,0,2.0,-73.70643922191954,0.8,-0.15774638104971864
147.14597037150722,3.238053606653316,-13.39246069537137,-45.44272215542153,0,0,2.0,-73.84820390911452,0.8,-0.14880511883745967
145.6072239740845,3.1058152909451024,-12.638833559211207,-46.882126055144795,0,0,2.0,-73.98740748597915,0.8,-0.14043148399123564
144.0206457053924,2.9810158619737543,-11.932928057135655,-48.31260629724902,0,0,2.0,-74.12409088785098,0.8,-0.1325880895237295
142.3865217309182,2.8629126462293564,-11.271614057543161,-49.734846754213955,0,0,2.0,-74.25830542540085,0.8,-0.125240156194924
140.70511604118104,2.7508604354148827,-10.651979249270255,-51.149492802225716,0,0,2.0,-74.3901115542975,0.8,-0.11835532499189172
138.9766717527453,2.6442961709802564,-10.071313565707555,-52.55715047275729,0,0,2.0,-74.51957782068617,0.8,-0.11190348406341728
137.20141242295247,2.54272637624772,-9.527094807900085,-53.958386440864096,0,0,2.0,-74.64677996725916,0.8,-0.10585660897666761
135.37954335400764,2.4457167867242835,-9.016975373509183,-55.353728644652584,0,0,2.0,-74.77180018672827,-0.8,-0.15028292289181971
133.64236203126913,2.734569764479026,-8.227606760169351,-48.871439949066314,0,0,2.0,-74.88412911073937,-0.8,-0.13712677933615586
132.12195814950542,3.1199070689196553,-7.495480359377609,-42.3480428201523,0,0,2.0,-74.97476338596455,-0.8,-0.12492467265629349
130.81956702322205,3.6550462847781517,-6.817303187972811,-35.79149395947043,0,0,2.0,-75.04613425049754,-0.8,-0.11362171979954686
129.73618160690447,4.441742642227707,-6.18998793129532,-29.208396806582364,0,0,2.0,-75.1005493126173,-0.8,-0.10316646552158867
128.8725941316117,5.701265773590251,-5.610624631153485,-22.60420742505693,0,0,2.0,-75.14018480560502,-0.8,-0.09351041051922475
128.22943138093268,8.022657630703923,-5.0764557740760665,-15.983410645641822,0,0,2.0,-75.16707841164295,-0.8,-0.08460759623460111
127.80718452037692,13.669698533985331,-4.584854856164611,-9.349671040851797,0,0,2.0,-75.1831230711391,-0.8,-0.07641424760274353
127.60623425466504,47.157428230421836,-4.133308455516726,-2.7059625395844784,0,0,2.0,-75.19006215610769,-0.8,-0.0688884742586121
127.59567811603188,161.705270377199,-3.7203324167143705,0.7890632000948269,0,0,2.0,-75.190416962857,-0.8,-0.06200554027857284
127.64416702530505,60.197023283080675,-3.346965685452119,2.1204398500744714,0,0,2.0,-75.18908347326617,-0.8,-0.055782761424201986
127.7370493091816,36.9970662530569,-3.009964446343531,3.4526264443637413,0,0,2.0,-75.18677880270282,-0.8,-0.05016607410572552
127.87434790475602,26.721835136788442,-2.705903976226409,4.785387951470034,0,0,2.0,-75.18371477722002,-0.8,-0.04509839960377349
128.05607892832543,20.92916028699775,-2.4316708838453565,6.118548339843349,0,0,2.0,-75.1800720824616,-0.8,-0.040527848064089274
128.28225340918797,11.44336166658174,-2.1844357034850077,11.21018955328599,0,0,2.2,-75.17600399048582,-0.8,-0.03640726172475013
128.6781622278066,10.257830806712759,-1.9431480540957864,12.544383374270435,0,0,2.2,-75.15315991144509,-0.8,-0.03238580090159644
129.11854602319053,9.303376647977045,-1.7259337226849993,13.878675550695506,0,0,2.2,-75.1302603854439,-0.8,-0.02876556204474999
129.61524193648913,8.454723500757307,-1.620934232230752,15.330512218983769,0,0,2.1,-75.19785426725818,-0.8,-0.0270155705371792
130.14848921107256,7.80999881399553,-1.4657907233656715,16.664341738163426,0,0,2.1,-75.20480418161615,-0.8,-0.02442984538942786
130.72619758479607,7.263303475083588,-1.3261056536625802,17.998173700609644,0,0,2.1,-75.21169818424964,-0.8,-0.022101760894376335
131.34836687834016,6.7943518905588,-1.2003760892480386,19.331993543174793,0,0,2.0,-75.21857918520134,-0.8,-0.020006268154133977
132.01499652208588,6.388092722933479,-1.0872397297808902,20.665792161742953,0,0,2.0,-75.22548043465898,-0.8,-0.018120662163014837
132.72608571149522,6.033123359864805,-0.9854623017470203,21.9995643706628,0,0,2.0,-75.23242697960328,-0.8,-0.01642437169578367
186.1799394366968,10.114135675542784,-18.904212896846786,18.407894199689515,0,0,1.9,-93.24972380487769,0.8,-0.2100468099649643
186.69024069182763,15.311844425819448,-17.592091955381704,12.192537717861281,0,0,1.9,-93.1978837232024,0.8,-0.19546768839313006
186.99161008832064,31.827422503559543,-16.39092468017799,5.875172897441121,0,0,1.9,-93.16952257835742,0.8,-0.182121385335311
187.0815719356443,1787.186710044944,-15.290266255975325,-0.10467936611443333,0,0,1.9,-93.16159246616662,0.8,-0.16989184728861473
187.05657102309544,133.86546404636627,-14.272914817906326,-1.3973474962766024,0,0,1.9,-93.16359211182933,0.8,-0.1585879424211814
186.98830182477394,69.24317717624267,-13.326504815219607,-2.700458145483966,0,0,1.9,-93.16870976366967,0.8,-0.1480722757246623
186.87645111150573,46.57971913603154,-12.445896233884014,-4.011970329098619,0,0,1.9,-93.17653483668201,0.8,-0.1382877359320446
186.72076757377923,35.03071079469659,-11.626334464838294,-5.330202080913741,0,0,1.9,-93.18669948322862,0.8,-0.1291814940537588
186.52105086644863,28.03238251302265,-10.863420710807873,-6.653770894421796,0,0,1.9,-93.19887469352074,0.8,-0.12070467456453192
186.27714247888218,23.338485884719642,-10.153084643634202,-7.981543592801923,0,0,1.9,-93.21276667373425,0.8,-0.11281205159593558
185.98891814005793,19.971762299634104,-9.491559161900113,-9.312594219262532,0,0,1.9,-93.22811350157579,0.8,-0.10546176846555681
185.656281511886,17.438788192267836,-8.875357102077885,-10.646168728295233,0,0,1.9,-93.24468205254692,0.8,-0.0986150789119765
185.27915896182665,15.463569292927417,-8.301249761851182,-11.981655428450656,0,0,1.9,-93.26226518579212,0.8,-0.09223610846501312
184.85749523831018,13.879690550531079,-7.766247100952057,-13.318560278077452,0,0,1.9,-93.28067917568306,0.8,-0.08629163445502286
184.39124990018414,12.580863280026364,-7.26757949228579,-14.656486267752982,0,0,1.9,-93.29976137374695,0.8,-0.08075088324761989
183.8803943750125,11.496033641596643,-6.802680903910868,-15.995116238149247,0,0,1.9,-93.31936808485774,0.8,-0.07558534337678743
183.3249095410796,10.575909159014902,-6.369173400316129,-17.33419858138754,0,0,1.9,-93.3393726415237,0.8,-0.07076859333684588
182.7247837449044,9.785227072963634,-5.964852859210737,-18.673535359211943,0,0,1.9,-93.3596636604394,0.8,-0.0662761428801193
182.08001118039473,9.098099329721142,-5.587675807568473,-20.012972444210003,0,0,1.9,-93.38014346607783,0.8,-0.06208528675076082
181.39059056783935,8.495094885354492,-5.235747287875483,-21.352391352397486,0,0,1.9,-93.40072666688937,0.8,-0.05817496986528315
180.65652408110125,7.961347288728116,-4.907309672353392,-22.69170248820567,0,0,1.9,-93.42133887055901,0.8,-0.0545256630261488
179.87781647991625,7.485290556502398,-4.600732349351233,-24.030839567564705,0,0,1.9,-93.44191552571374,0.8,-0.051119248326124814
179.05447441136715,7.057792802982552,-4.314502212091838,-25.3697550225193,0,0,1.9,-93.46240087841109,0.8,-0.04793891346768709
178.18650585061886,6.671548936678083,-4.047214885553728,-26.708416222656382,0,0,1.9,-93.48274703267906,0.8,-0.04496905428393032
177.27391965603678,6.320646371124851,-3.7975666324364283,-28.046802375448877,0,0,1.9,-93.50291310526535,0.8,-0.042195184804849205
176.3167252180005,6.000248878722732,-3.5643468839509183,-29.384901990187597,0,0,1.9,-93.52286446560896,0.8,-0.03960385426612131
175.31493218430802,5.706362738413417,-3.346431345593828,-30.722710809136565,0,0,1.9,-93.54257205284857,0.8,-0.03718257050659809
174.26855024792343,5.435661240294556,-3.142775632129201,-32.06023012546674,0,0,1.9,-93.56201176242355,0.8,-0.03491972924588001
173.17758898533955,5.185351247556087,-2.9524093897475723,-33.397465420873864,0,0,1.9,-93.58116389551722,0.8,-0.032804548774973026
172.0420577358479,4.953070517606213,-2.7744308668060285,-34.73442526697453,0,0,1.9,-93.60001266522549,0.8,-0.030827009631178095
170.8619655137154,4.736807823290459,-2.608001897712086,-36.07112044394169,0,0,1.9,-93.61854575391862,0.8,-0.02897779886346762
169.63732094668725,4.534840183757784,-2.452343267409219,-37.40756323767902,0,0,1.9,-93.6367539167966,0.8,-0.0272482585267691
168.36813223541176,4.345683080898613,-2.3067304265775874,-38.74376688338628,0,0,1.9,-93.65463062712558,0.8,-0.025630338073084305
167.05440712936274,4.168050634861631,-2.1704895300995304,-40.07974512884212,0,0,1.9,-93.67217175908601,0.8,-0.024116550334439227
165.69615291564625,4.000823491800038,-2.0429937735730164,-41.41551189530153,0,0,1.9,-93.68937530456618,0.8,-0.02269993081747796
164.29337641774964,3.8430227378264448,-1.9236600047030947,-42.7510810177177,0,0,1.9,-93.70624112060115,0.8,-0.02137400005225661
162.84608400184706,3.6937885613286072,-1.8119455882782063,-44.08646604917566,0,0,1.9,-93.7227707044898,0.8,-0.020132728758646738
161.35428158873378,3.552362686119258,-1.70734550516147,-45.42168011707262,0,0,1.9,-93.73896699392489,0.8,-0.01897050561290522
159.81797466984042,3.4180738211157924,-1.6093896673049244,-46.75673582078154,0,0,1.9,-93.7548341897458,0.8,-0.01788210741449916
158.2371683260877,3.2903255397450084,-1.517640432245571,-48.09164516236611,0,0,1.9,-93.77037759917347,0.8,-0.016862671469395234
156.61186724859888,3.168586129078483,-1.4316903018707308,-49.42641950343517,0,0,1.9,-93.78560349761499,0.8,-0.015907670020785896
154.94207576049553,3.0523800455152204,-1.351159791464113,-50.761069542486275,0,0,1.9,-93.8005190073331,0.8,-0.015012886571823477
153.22779783917176,2.941280688320386,-1.2756954561669431,-52.09560530813272,0,0,1.9,-93.81513199146686,0.8,-0.01417439395741048
151.46903713858288,2.834904260074207,-1.2049680630209991,-53.4300361644728,0,0,1.9,-93.82945096206538,0.8,-0.013388534033566657
149.66579701119448,2.7329045281627176,-1.138670897713041,-54.764370825574396,0,0,1.9,-93.84348500095881,0.8,-0.012651898863478235
147.8180805293311,2.634968336864813,-1.0765181960156838,-56.09861737663639,0,0,1.9,-93.85724369244234,0.8,-0.011961313289063153
145.925890505735,2.5408117476008867,-1.0182436907312535,-57.432783299873655,0,0,1.9,-93.87073706689229,0.8,-0.011313818785902817
143.98922951320426,2.450176707190392,-0.9635992656913572,-58.76687550356976,0,0,1.9,-93.88397555456778,0.8,-0.010706658507681746
142.00809990322674,2.362828161791038,-0.9123537090615628,-60.10090035306831,0,0,1.9,-93.89696994898404,0.8,-0.010137263434017364
139.98250382356096,2.278551548529247,-0.8642915588434334,-61.434863702739776,0,0,1.9,-93.90973137937003,0.8,-0.009603239542704816
137.912443234745,2.1971506084219654,-0.8192120340697784,-62.76877092817788,0,0,1.9,-93.92227129185261,0.8,-0.00910235593410865
135.7979199255356,2.1184454736058203,-0.7769280457513901,-64.10262695805574,0,0,1.9,-93.93460143913887,-0.8,-0.012948800762523168
133.7722514600483,2.3290079569262576,-0.7104231532281915,-57.43743857217052,0,0,1.9,-93.9457893511908,-0.8,-0.011840385887136524
131.96876132656735,2.5992462963074026,-0.6486144794693018,-50.77193396949249,0,0,1.9,-93.95502299275473,-0.8,-0.010810241324488363
130.38745906141926,2.956217961442065,-0.5912354400066988,-44.10617240070326,0,0,1.9,-93.96250540123906,-0.8,-0.009853924000111647
129.02835239242762,3.4462513864671824,-0.5380369054325911,-37.44020325943112,0,0,1.9,-93.96843041066563,-0.8,-0.008967281757209851
127.89144754221775,4.155818765707683,-0.48878491844419614,-30.77406757906091,0,0,1.9,-93.97298211422047,-0.8,-0.008146415307403268
126.97674948539887,5.2670402582530125,-0.44325862039448793,-24.107799306534044,0,0,1.9,-93.97633430801518,-0.8,-0.007387643673241465
126.28426216644895,7.240477891521461,-0.40124840391024463,-17.441426389040807,0,0,1.9,-93.97864995357038,-0.8,-0.006687473398504077
125.81398868403457,11.676502931709155,-0.3625543057662526,-10.774971703417238,0,0,1.9,-93.9800806958174,-0.8,-0.006042571762770876
125.56593144659186,30.562818993133494,-0.3269846499758273,-4.1084538528596655,0,0,1.9,-93.98076647060354,-0.8,-0.005449744166263789
125.52700425997557,245.35086287659433,-0.2943860724295746,0.5116224283389322,0,0,1.9,-93.9808663580549,-0.8,-0.00490643454049291
125.5662803293666,68.05971446932757,-0.2648608554263774,1.8449428021910887,0,0,1.9,-93.98077974829464,-0.8,-0.004414347590439623
125.65000050208157,39.53410646232633,-0.23820789742552506,3.178268380033291,0,0,1.9,-93.9806128758364,-0.8,-0.003970131623758751
125.778164925752,27.878852289623552,-0.21415721711525748,4.511597666183925,0,0,1.9,-93.98038298526868,-0.8,-0.003569286951920958
125.95077370457187,21.548724047414385,-0.192463307559251,5.8449295386324565,0,0,1.9,-93.98010479742425,-0.8,-0.0032077217926541834
126.16782691028213,11.472118000743333,-0.17290299112835328,10.997779738850936,0,0,2.1,-93.97979081174927,-0.8,-0.002881716518805888
126.55664678443036,10.26294797781178,-0.13954430731678258,12.331412675777218,0,0,2.1,-93.96372242705057,-0.8,-0.0023257384552797097
126.98992105802306,9.29304918224672,-0.10961118972466011,13.665043471482148,0,0,2.1,-93.94774374019013,-0.8,-0.0018268531620776684
127.46858683938318,8.493390378645312,-0.1748978905092713,15.007974572777648,0,0,2.0,-94.02399155994728,-0.8,-0.002914964841821188
127.9910790407912,7.832244968381478,-0.17187956102839053,16.34155718539028,0,0,2.0,-94.03846301951731,-0.8,-0.0028646593504731755
128.55802395970719,7.273381784569519,-0.1690372218776588,17.675137613763525,0,0,2.0,-94.05280863646936,-0.8,-0.0028172870312943134
129.19530912044644,6.750924697013533,-0.07539107843513193,19.13742411874328,0,0,1.9,-93.97606621521462,-0.8,-0.0012565179739188654
129.85544551163326,6.343460109264046,-0.06729648894236107,20.47075937657292,0,0,1.9,-93.97551073356532,-0.8,-0.001121608149039351
130.5600264089336,5.987867395725198,-0.06002423983005656,21.80409447646449,0,0,1.9,-93.97496813334726,-0.8,-0.0010004039971676093
186.74368704888406,10.188098028250234,-17.10902537153879,18.32959268070142,0,0,1.8,-111.02997168903906,0.8,-0.19010028190598657
187.24994831414674,15.563159984784498,-15.92231158006581,12.031614948199067,0,0,1.8,-110.98385958900194,0.8,-0.17691457311184233
187.5448411413163,33.19313436035258,-14.835915970148164,5.650109420378468,0,0,1.8,-110.95895141775539,0.8,-0.16484351077942405
187.6271850726226,1175.834502534925,-13.840328786935572,-0.15956938214359775,0,0,1.8,-110.95242529921931,0.8,-0.15378143096595082
187.60022318256725,128.51440195713437,-12.919580038578147,-1.459760309549904,0,0,1.8,-110.9543651366576,0.8,-0.14355088931753496
187.52977485688004,67.73710566287234,-12.063024716473592,-2.768494062769909,0,0,1.8,-110.9591151504583,0.8,-0.1340336079608177
187.415583919927,45.88911189004452,-11.266011600116826,-4.084096993835833,0,0,1.8,-110.96630368186642,0.8,-0.12517790666796474
187.2574449546652,34.64400285978132,-10.52423857144015,-5.405190783310287,0,0,1.8,-110.97559809319753,0.8,-0.11693598412711279
187.0551942956322,27.79157790165516,-9.833725693290319,-6.730643181094511,0,0,1.8,-110.98670111981035,0.8,-0.10926361881433687
186.80870253025446,23.178619688831336,-9.190790366326382,-8.059526625749358,0,0,1.8,-110.99934750573242,0.8,-0.10211989295918203
186.51786826618385,19.861165908618762,-8.592024417527227,-9.391083540833035,0,0,1.8,-111.01330091468841,0.8,-0.09546693797252474
186.18261295957612,17.3601742009028,-8.034272979268735,-10.724697275785047,0,0,1.8,-111.02835110426503,0.8,-0.08926969976965261
185.80287663112452,15.406709226395229,-7.514615024867908,-12.059867808292347,0,0,1.8,-111.04431134848213,0.8,-0.08349572249853231
185.37861432388814,13.838158026932103,-7.030345434097001,-13.396191455763153,0,0,1.8,-111.06101609270236,0.8,-0.07811494926774445
184.90979318011836,12.550429401551952,-6.57895847007245,-14.73334395692094,0,0,1.8,-111.0783188242843,0.8,-0.07309953855636056
184.3963900339317,11.473811733946604,-6.158132556870385,-16.071066382270644,0,0,1.8,-111.09609014242038,0.8,-0.06842369507633761
183.83838943330034,10.559869572078492,-5.7657162550250405,-17.40915341600337,0,0,1.8,-111.11421601103305,0.8,-0.06406351394472268
183.2357820188648,9.773907616364985,-5.399715339604597,-18.747443623475952,0,0,1.8,-111.13259617928095,0.8,-0.05999683710671775
182.58856319890572,9.090425064283574,-5.058280892759285,-20.085811379304925,0,0,1.8,-111.15114275507594,0.8,-0.05620312103065872
181.8967320697621,8.490261952757871,-4.739698329434248,-21.42416018279354,0,0,1.8,-111.16977891793485,0.8,-0.05266331477149164
181.1602905393578,7.958745747233734,-4.442377281338565,-22.762417131157218,0,0,1.8,-111.18843775846811,0.8,-0.049359747570428505
180.37924261851197,7.484451790403995,-4.164842270214137,-24.100528357972827,0,0,1.8,-111.20706123276626,0.8,-0.04627602522460153
179.55359385061232,7.058352871917581,-3.9057241070045166,-25.43845527544899,0,0,1.8,-111.22559922090426,0.8,-0.043396934522272404
178.68335085513476,6.673222531188818,-3.663751958652824,-26.77617148536822,0,0,1.8,-111.24400867968619,0.8,-0.04070835509614249
177.76852096468457,6.323207985423457,-3.4377460290070303,-28.113660245635533,0,0,1.8,-111.26225288061724,0.8,-0.03819717810007812
176.80911193860558,6.003518992880858,-3.2266108046862882,-29.45091239792375,0,0,1.8,-111.28030072489702,0.8,-0.03585123116318098
175.80513173915267,5.710197539482977,-3.0293288207890328,-30.78792467748335,0,0,1.8,-111.29812612797886,0.8,-0.033659209119878145
174.75658835860605,5.439944883314086,-2.844954905024224,-32.12469833924899,0,0,1.8,-111.31570746693332,0.8,-0.03161061005582471
173.66348968771896,5.189989965478268,-2.6726108622488596,-33.461238045325494,0,0,1.8,-111.33302708449288,0.8,-0.029695676247209552
172.5258434175656,4.957988094498331,-2.5114805645123397,-34.797550968105426,0,0,1.8,-111.35007084423964,0.8,-0.027905339605692664
171.3436569682506,4.741942084444863,-2.36080541457045,-36.133646070945154,0,0,1.8,-111.36682773193192,0.8,-0.026231171273005
170.11693743910055,4.540140252382771,-2.219880153453289,-37.46953353474471,0,0,1.8,-111.38328949845278,0.8,-0.024665335038369877
168.8456915759222,4.35110721825938,-2.0880489850765684,-38.80522430414099,0,0,1.8,-111.39945034030625,0.8,-0.023200544278628537
167.5299257517131,4.173564528405382,-1.9647019930888519,-40.14072973150417,0,0,1.8,-111.41530661399032,0.8,-0.02183002214543169
166.16964595787198,4.006398890031529,-1.8492718271655804,-41.47606130066701,0,0,1.8,-111.4308565809396,0.8,-0.020547464746284227
164.76485780350666,3.848636355569504,-1.7412306378122366,-42.811230415435155,0,0,1.8,-111.44610018006401,0.8,-0.01934700708680263
163.31556652089122,3.699421197268742,-1.6400872404359461,-44.14624824052639,0,0,1.8,-111.46103882520855,0.8,-0.0182231915603994
161.82177697549847,3.5579985080614396,-1.5453844909987993,-45.48112558475084,0,0,1.8,-111.47567522513376,0.8,-0.01717093878887555
160.28349367934374,3.423699784521832,-1.456696856994654,-46.81587281804546,0,0,1.8,-111.49001322386287,0.8,-0.01618552063327393
158.70072080662825,3.295930912759307,-1.37362816880011,-48.15049981547284,0,0,1.8,-111.504057659468,0.8,-0.01526253520889011
157.07346221088127,3.1741621030648943,-1.2958095376510528,-49.48501592253746,0,0,1.8,-111.51781423957226,0.8,-0.014397883751678364
155.4017214429684,3.057919414582063,-1.222897427600799,-50.8194299372038,0,0,1.8,-111.53128943203208,0.8,-0.013587749195564432
153.68550176947423,2.9467775847468696,-1.1545718698313294,-52.15375010485426,0,0,1.8,-111.54449036943602,0.8,-0.012828576331459215
151.92480619108076,2.84035393521922,-1.090534808620248,-53.48798412313187,0,0,1.8,-111.55742476621366,0.8,-0.012117053429113867
150.1196374606539,2.7383031705205423,-1.0305085691270506,-54.82213915419623,0,0,1.8,-111.57010084729514,0.8,-0.011450095212522785
148.26999810082583,2.640312920568848,-0.9742344379537826,-56.15622184240248,0,0,1.8,-111.582527287397,0.8,-0.010824827088375363
146.37589042091926,2.546099905968685,-0.9214713481655394,-57.490238335808485,0,0,1.8,-111.59471316013902,0.8,-0.01023857053517266
144.4373165331086,2.455406626928683,-0.8719946611335558,-58.82419431024194,0,0,1.8,-111.60666789631811,0.8,-0.00968882956815062
142.45427836774945,2.367998494296886,-0.825595038189249,-60.158094994924156,0,0,1.8,-111.6184012507827,0.8,-0.009173278202102767
140.42677768783864,2.283661335378093,-0.7820773956597122,-61.49194519886592,0,0,1.8,-111.62992327746578,0.8,-0.00868974884066347
138.35481610258904,2.2021992186596315,-0.7412599374002866,-62.82574933742765,0,0,1.8,-111.64124431225034,0.8,-0.008236221526669852
136.23839508012253,2.1234325508864753,-0.7029732594457982,-64.15951145857998,0,0,1.8,-111.65237496345583,0.8,-0.007810813993842203
134.0775159592965,2.047196407531091,-0.6670595218851076,-65.49323526851697,0,0,1.8,-111.66332610985825,-0.8,-0.011117658698085127
132.00550035451212,2.243935557571719,-0.6103102762966159,-58.82766994314321,0,0,1.8,-111.67328281645824,-0.8,-0.010171837938276933
130.15567423442107,2.4952263253000586,-0.5575285021907348,-52.161871215738095,0,0,1.8,-111.68153206998201,-0.8,-0.009292141703178913
128.52804464500133,2.8250478468050186,-0.508491189627648,-45.49588241146422,0,0,1.8,-111.68824760763799,-0.8,-0.0084748531604608
127.12261730866851,3.273846753618386,-0.46299023844966314,-38.82973971465449,0,0,1.8,-111.69359577542276,-0.8,-0.007716503974161053
125.93939684412611,3.9156031402987685,-0.420830477971208,-32.163473245788815,0,0,1.8,-111.6977350387893,-0.8,-0.007013841299520133
124.97838695303076,4.901669125028353,-0.3818278570465168,-25.497107977949828,0,0,1.8,-111.70081546566172,-0.8,-0.0063637976174419466
124.2395905783836,6.597727364039129,-0.345807820742948,-18.830664518747877,0,0,1.8,-111.7029782150628,-0.8,-0.005763463679049134
123.72301003876647,10.171110235588463,-0.31260388827752195,-12.164159779319146,0,0,1.8,-111.70435506467166,-0.8,-0.005210064804625366
123.42864714188435,22.45133834288241,-0.28205644355477943,-5.497607548238392,0,0,1.8,-111.70506800877668,-0.8,-0.004700940725912991
123.35377022060067,527.6123764638235,-0.2540174092853249,0.23379620290059402,0,0,1.8,-111.70523461886269,-0.8,-0.004233623488088748
123.38378546668719,78.73285737189384,-0.2285577260855689,1.567119365221119,0,0,1.8,-111.70517667659152,-0.8,-0.0038092954347594818
123.45824488746123,42.56525502425487,-0.2055716844308222,2.9004464983731753,0,0,1.8,-111.70504640754528,-0.8,-0.0034261947405137033
123.57714859576701,29.188397028616258,-0.18482722387284412,4.233776472021131,0,0,1.8,-111.70485911543037,-0.8,-0.0030804537312140684
123.74049667159399,22.227067799865235,-0.16611326556562744,5.567108436693761,0,0,1.8,-111.7046278795105,-0.8,-0.002768554426093791
123.948289170338,11.561677345593695,-0.14923787892996643,10.72061479189923,0,0,2.0,-111.70436381943138,-0.8,-0.002487297982166107
124.32787023619784,10.314028667395656,-0.11805242974139674,12.054249047146701,0,0,2.0,-111.6881021581358,-0.8,-0.0019675404956899455
124.75190574326925,9.318271144899274,-0.09007725301364644,13.387881056837154,0,0,2.0,-111.67193222438218,-0.8,-0.0015012875502274407
125.22120447980446,8.501366064831908,-0.1587813419819213,14.729539173452869,0,0,1.9,-111.74964403865178,-0.8,-0.0026463556996986883
125.73441561104937,7.827517351295051,-0.15772912140118933,16.063128316189143,0,0,1.9,-111.76446995226927,-0.8,-0.0026288186900198223
126.29207967397096,7.25953602053056,-0.1566519886767992,17.396715067850984,0,0,1.9,-111.77916573168503,-0.8,-0.002610866477946653
126.92020877862402,6.729737375328813,-0.06296592718172178,18.85960799063466,0,0,1.8,-111.70114486905763,-0.8,-0.001049432119695363
127.57108462222128,6.317607437404168,-0.056193932609687636,20.19294264264048,0,0,1.8,-111.70066946720375,-0.8,-0.000936565543494794
128.26640495259443,5.958596733484537,-0.05010971291318356,21.526277190701126,0,0,1.8,-111.70020464076819,-0.8,-0.0008351618818863926
186.30034369165196,10.2740556950765,-16.382743138727278,18.133086798520104,0,0,1.7,-128.03784903787363,0.8,-0.18203047931919197
186.7995023937733,15.826200049623282,-15.2470226368481,11.803180915700594,0,0,1.7,-127.99431141190959,0.8,-0.16941136263164555
187.0863504682245,34.66580984735725,-14.207341561871772,5.396855036475862,0,0,1.7,-127.97109851272312,0.8,-0.15785935068746412
187.16096196044592,874.3840933245509,-13.254512387414024,-0.21404890984330402,0,0,1.7,-127.96542544239017,0.8,-0.14727235986015583
187.13213308634784,123.34333618248053,-12.372867751230046,-1.5171645171774408,0,0,1.7,-127.9674149653671,0.8,-0.1374763083470005
187.0597327912812,66.14338405635164,-11.552690894436523,-2.828094381017963,0,0,1.7,-127.97209595865556,0.8,-0.12836323216040582
186.94352678858942,45.097650062226386,-10.78952719326594,-4.145305277118476,0,0,1.7,-127.97911165044742,0.8,-0.11988363548073266
186.78332728386786,34.162255745469295,-10.07925659538546,-5.467534950722323,0,0,1.7,-127.98814286545132,0.8,-0.11199173994872733
186.5789847127675,27.463340893110935,-9.41806776704567,-6.793746814669953,0,0,1.7,-127.99890447680392,0.8,-0.10464519741161855
186.33038086540716,22.9383568022689,-8.802434248273414,-8.123091922913009,0,0,1.7,-128.01114214250137,0.8,-0.09780482498081572
186.03742317380866,19.676344936501465,-8.229092471322588,-9.454877101117077,0,0,1.7,-128.02462931543545,0.8,-0.09143436079247319
185.70003997335306,17.212715496916132,-7.695021504106194,-10.788538276056643,0,0,1.7,-128.03916451297385,0.8,-0.08550023893451326
185.31817657882365,15.28571534790293,-7.197424387723231,-12.123618186063352,0,0,1.7,-128.054568830198,0.8,-0.07997138208581368
184.8917920407974,13.736646117167377,-6.733710945060693,-13.459747777132357,0,0,1.7,-128.07068368005034,0.8,-0.07481901050067437
184.4208564695328,12.463706114634796,-6.30148194546058,-14.796630695021534,0,0,1.7,-128.0873687434543,0.8,-0.0700164660606731
183.90534883162283,11.398599392867474,-5.898514518393995,-16.13403037452998,0,0,1.7,-128.10450011275177,0.8,-0.06553905020437772
183.34525513999165,10.493806144015604,-5.522748716818796,-17.471759304849517,0,0,1.7,-128.1219686124028,0.8,-0.06136387463131996
182.7405669707262,9.715245713657044,-5.172275138318639,-18.809670116098218,0,0,1.7,-128.1396782816906,0.8,-0.05746972375909599
182.09128025111264,9.037842955586822,-4.845323519164481,-20.147648188393372,0,0,1.7,-128.157545005091,0.8,-0.05383692799071645
181.39739427239192,8.44274060594491,-4.540252223073594,-21.485605532480996,0,0,1.7,-128.17549527694442,0.8,-0.05044724692303993
180.65891088842818,7.915486362192652,-4.255538552646783,-22.823475731235323,0,0,1.7,-128.1934650880559,0.8,-0.047283761696075365
179.8758338679408,7.444819014232346,-3.9897698172466676,-24.161209765350925,0,0,1.7,-128.21139892283222,0.8,-0.0443307757471852
179.0481683733188,7.021834790094657,-3.7416350964386993,-25.498772575209667,0,0,1.7,-128.22924885650733,0.8,-0.041573723293763326
178.17592054363263,6.639401902926733,-3.5099176430779266,-26.836140235024846,0,0,1.7,-128.24697374290915,0.8,-0.038999084923088075
177.25909716315053,6.2917411889656,-3.2934878746967797,-28.173297635641145,0,0,1.7,-128.26453848406652,0.8,-0.03659430971885311
176.29770539990253,5.974120365515476,-3.0912969060631212,-29.510236589397998,0,0,1.7,-128.28191337374602,0.8,-0.03434774340070135
175.29175260144814,5.6826275613243675,-2.9023705796518584,-30.84695428475264,0,0,1.7,-128.29907350773894,0.8,-0.03224856199613176
174.24124613721702,5.4140011448418095,-2.7258039543297627,-32.18345203033904,0,0,1.7,-128.31599825439363,0.8,-0.03028671060366403
173.14619327863105,5.165500181127125,-2.560756215821357,-33.51973423817597,0,0,1.7,-128.33267077950725,0.8,-0.02845284684245952
172.00660110974954,4.934804640398394,-2.406445975515112,-34.855807604141184,0,0,1.7,-128.34907762025577,0.8,-0.02673828861683458
170.8224764624554,4.719937685524057,-2.262146926915932,-36.191680450859366,0,0,1.7,-128.36520830335758,0.8,-0.025134965854621466
169.5938258712636,4.519204545984466,-2.1271838315665264,-37.527362204031235,0,0,1.7,-128.3810550031359,0.8,-0.023635375906294737
168.32065554371283,4.331143993132392,-2.00092880856414,-38.862862978143355,0,0,1.7,-128.39661223557133,0.8,-0.022232542317379336
167.0029713430355,4.154489489061351,-1.8827979039122056,-40.19819325160153,0,0,1.7,-128.41187658482366,0.8,-0.020919976710135617
165.640778780407,3.9881378334011957,-1.772247917880975,-41.53336361475348,0,0,1.7,-128.42684645905322,0.8,-0.019691643532010833
164.23408301457846,3.831123673884014,-1.668773470326414,-42.86838457712253,0,0,1.7,-128.44152187269074,0.8,-0.018541927448071267
162.78288885711177,3.6825986410375293,-1.5719042855408816,-44.203266422552524,0,0,1.7,-128.4559042525936,0.8,-0.017465603172676463
161.28720078177957,3.54181415790539,-1.481202679699777,-45.53801910294581,0,0,1.7,-128.46999626578852,0.8,-0.016457807552219744
159.74702293697453,3.408107191837854,-1.3962612353361692,-46.87265216292374,0,0,1.7,-128.48380166673823,0.8,-0.015514013725957435
158.16235916020509,3.280888377719753,-1.3167006485288653,-48.207174689109465,0,0,1.7,-128.4973251622867,0.8,-0.01463000720587628
156.5332129939452,3.159632064991448,-1.242167735640578,-49.54159527886956,0,0,1.7,-128.51057229263364,0.8,-0.013801863729339756
154.85958770226173,3.0438679347828033,-1.1723335875007592,-50.875922024294994,0,0,1.7,-128.5235493268699,0.8,-0.013025928750008436
153.14148628777102,2.9331739058340824,-1.1068918599003155,-52.21016250798244,0,0,1.7,-128.5362631717695,0.8,-0.01229879844333684
151.3789115085779,2.8271701040037716,-1.0455571901568987,-53.54432380782417,0,0,1.7,-128.54872129268608,0.8,-0.01161730211285443
149.57186589493725,2.725513714006219,-0.9880637303361937,-54.878412508547726,0,0,1.7,-128.5609316455425,0.8,-0.010978485892624373
147.7203517654435,2.6278945664961486,-0.934163788470471,-56.21243471818716,0,0,1.7,-128.57290261903253,0.8,-0.0103795976496719
145.82437124260844,2.5340313408947113,-0.883626569818432,-57.546396088029844,0,0,1.7,-128.58464298627854,0.8,-0.009818072997982577
143.88392626773268,2.4436682860633354,-0.8362370108570758,-58.88030183487984,0,0,1.7,-128.59616186530508,0.8,-0.009291522342856398
141.8990186150081,2.35657237831057,-0.7917946992976113,-60.214156764722716,0,0,1.7,-128.60746868780274,0.8,-0.00879771888108457
139.86964990481792,2.272530850202825,-0.7501128739768319,-61.54796529707592,0,0,1.7,-128.61857317576846,0.8,-0.008334587488631466
137.79582161622076,2.1913490349624953,-0.7110174989952611,-62.88173148946996,0,0,1.7,-128.62948532571872,0.8,-0.00790019443328068
135.67753509862155,2.1128484804319436,-0.6743464069636502,-64.215459061638,0,0,1.7,-128.6402154002868,-0.8,-0.011239106782727503
133.64811179781555,2.322299350796333,-0.6166493665194253,-57.549907057411296,0,0,1.7,-128.64995300053894,-0.8,-0.01027748944199042
131.8408776218225,2.5910025748989125,-0.5630235752278168,-50.884116789025676,0,0,1.7,-128.65799214589924,-0.8,-0.009383726253796945
130.25583975666055,2.945756215932131,-0.5132380906968592,-44.218132869302444,0,0,1.7,-128.6645090188911,-0.8,-0.008553968178280988
128.89300402654692,3.4323878831769155,-0.46707711435419696,-37.551992494288676,0,0,1.7,-128.6696718516181,-0.8,-0.007784618572569949
127.75237512212388,4.136291721578562,-0.4243380086884372,-30.885726568958933,0,0,1.7,-128.67364045738782,-0.8,-0.007072300144807286
126.8339567939972,5.236882944490748,-0.3848294955760707,-24.219360665188773,0,0,1.7,-128.67656574514427,-0.8,-0.006413824926267845
126.1377520167212,7.1861423579751955,-0.34837005022149015,-17.55291583901525,0,0,1.7,-128.6785892493473,-0.8,-0.005806167503691503
125.66376312754001,11.54317822550107,-0.31478650321787427,-10.886409329618157,0,0,1.7,-128.67984270736588,-0.8,-0.005246441720297905
125.41199194351492,29.719501554359024,-0.2839128595833813,-4.219855158543885,0,0,1.7,-128.68044771405314,-0.8,-0.004731880993056355
125.37046671645636,256.199483670919,-0.2556140797760236,0.48934707018180873,0,0,1.7,-128.68054022020414,-0.8,-0.004260234662933726
125.40900033071405,68.80508249077008,-0.22997881241929008,1.8226705904689113,0,0,1.7,-128.68046636082502,-0.8,-0.003832980206988168
125.49197813095115,39.76300886708085,-0.20683714597885228,3.1559980420607436,0,0,1.7,-128.68032257562652,-0.8,-0.003447285766314205
125.61940022871052,27.981780780490414,-0.18595472534479995,4.489328295942317,0,0,1.7,-128.6801238695903,-0.8,-0.0030992454224133326
125.7912667027437,21.603743957564927,-0.16711843611301447,5.822660505041567,0,0,1.7,-128.67988305289302,-0.8,-0.002785307268550241
126.00757760729975,11.480133642247289,-0.15013454334848575,10.976142049739519,0,0,1.9,-128.67961100373978,-0.8,-0.002502242389141429
126.39567617726676,10.267913644290811,-0.11911276641330915,12.309772029252075,0,0,1.9,-128.66360268113948,-0.8,-0.0019852127735551523
126.82822904492131,9.295940290056654,-0.09128468424660241,13.64339970864296,0,0,1.9,-128.64768587561406,-0.8,-0.0015214114041100402
127.30604989573894,8.495507557960618,-0.15858460179822487,14.985102305800229,0,0,1.8,-128.7241142615904,-0.8,-0.002643076696637081
127.82777972641091,7.833214671809863,-0.15729918232131013,16.318687165109484,0,0,1.8,-128.73868730229327,-0.8,-0.0026216530386885023
128.39396234728605,7.273510117679396,-0.15601557078332462,17.65226971159421,0,0,1.8,-128.75313360898744,-0.8,-0.0026002595130554104
129.0306076855571,6.750171222955776,-0.06366156375668197,19.115160700924704,0,0,1.7,-128.6763811590391,-0.8,-0.0010610260626113662
129.69000195380073,6.342276013358517,-0.056819766458716,20.448495410896523,0,0,1.7,-128.6759055181168,-0.8,-0.0009469961076452667
130.39384071061022,5.98635838496871,-0.050673070017296595,21.781830008376915,0,0,1.7,-128.67544079832126,-0.8,-0.0008445511669549433
189.57231109210974,10.27133447347055,-15.532187043459714,18.456444153556586,0,0,1.6,-144.16202207876537,0.8,-0.17257985603844128
190.08168370553832,15.717068145359237,-14.455425369515865,12.093965741420009,0,0,1.6,-144.1207395410522,0.8,-0.16061583743906516
190.37778825857944,33.620636699566944,-13.469459570650997,5.662527749244904,0,0,1.6,-144.09846876682167,0.8,-0.1496606618961222
190.4599582591306,1156.0323705666776,-12.565693055550241,-0.16475313590550122,0,0,1.6,-144.09266622309767,0.8,-0.139618811728336
190.4327219214766,129.4790100005631,-11.729727311277315,-1.4707613374603992,0,0,1.6,-144.09441334919478,0.8,-0.13033030345863683
190.3618308727409,68.38152298109114,-10.952008569910959,-2.783819701198813,0,0,1.6,-144.09867642858018,0.8,-0.12168898411012176
190.24707372389886,46.37293340380207,-10.228320007431876,-4.102545596313316,0,0,1.6,-144.10512177076188,0.8,-0.11364800008257639
190.08828101072436,35.03414301211371,-9.55476115097514,-5.425800795098593,0,0,1.6,-144.11345091480058,0.8,-0.10616401278861266
189.8853177424682,28.120116070296923,-8.927723439566762,-6.752650567578656,0,0,1.6,-144.12339728012387,0.8,-0.09919692710629735
189.6380772022338,23.46329488157293,-8.343867690110756,-8.082329364200568,0,0,1.6,-144.13472309330564,0.8,-0.09270964100123062
189.34647579670775,20.11283307021578,-7.80010332866857,-9.414212067274736,0,0,1.6,-144.1472165778708,0.8,-0.0866678147629841
189.01044878438552,17.585982777897634,-7.29356925415982,-10.747789939947918,0,0,1.6,-144.16068939194002,0.8,-0.08103965837955356
188.62994673828578,15.611636391972432,-6.821616209295939,-12.082650530810472,0,0,1.6,-144.17497429735346,0.8,-0.07579573565884377
188.20493262198454,14.025821140337179,-6.381790541491853,-13.418460904276163,0,0,1.6,-144.1899230435024,0.8,-0.07090878379435392
187.7353793771628,12.723549233744126,-5.971819244444077,-14.754953663343382,0,0,1.6,-144.20540444922077,0.8,-0.06635354716048975
187.22126793724,11.634492494148581,-5.589596178837041,-16.091915314002783,0,0,1.6,-144.22130266657666,0.8,-0.06210662420930046
186.66258559549627,10.709776484271622,-5.2331693781329705,-17.429176591092162,0,0,1.6,-144.23751561112837,0.8,-0.05814632642369967
186.0593246677416,9.914384107547013,-4.9007293525428395,-18.766604425393382,0,0,1.6,-144.2539535440805,0.8,-0.054452548361587104
185.41148139939835,9.222572754087388,-4.5905983110175725,-20.10409528265582,0,0,1.6,-144.27053779272472,0.8,-0.051006647900195254
184.71905507511536,8.614996854475484,-4.3012202274178435,-21.44156964829929,0,0,1.6,-144.2871995965262,0.8,-0.047791335860198264
183.9820472959483,8.076838757286405,-4.031151682925042,-22.77896746793063,0,0,1.6,-144.30387906719454,0.8,-0.044790574254722694
183.2004613949588,7.596558505302663,-3.7790534222297083,-24.11624438449049,0,0,1.6,-144.32052425202758,0.8,-0.04198948246921898
182.37430196692787,7.165035974441671,-3.543682566109169,-25.45336863868841,0,0,1.6,-144.3370902907223,0.8,-0.03937425073454632
181.50357449200737,6.7749688884401,-3.3238854276886514,-26.790318521122774,0,0,1.6,-144.3535386567091,0.8,-0.036932060307651685
180.5882850364721,6.4204419094013225,-3.1185908840004686,-28.127080282751308,0,0,1.6,-144.36983647486684,0.8,-0.03465100982222743
179.6284400166403,6.096612667054616,-2.9268042584230898,-29.463646425716274,0,0,1.6,-144.3859559082228,0.8,-0.03252004731581211
178.6240460143896,5.799479319069343,-2.747601673235863,-30.80001430939732,0,0,1.6,-144.40187360693048,0.8,-0.03052890748039848
177.57510963468468,5.525705977196594,-2.5801248348745958,-32.136185017353284,0,0,1.6,-144.41757021345157,0.8,-0.028668053720828843
176.4816373971928,5.272489870181605,-2.4235762175449054,-33.472162439851985,0,0,1.6,-144.43302991844686,0.8,-0.026928624639387836
175.3436356554434,5.037459054303421,-2.2772146136740616,-34.807952534254376,0,0,1.6,-144.44824006241234,0.8,-0.02530238459637846
174.1611105381384,4.818592783180819,-2.1403510222592104,-36.14356273185058,0,0,1.6,-144.46319077857578,0.8,-0.023781678025102337
172.93406790817647,4.614158892933384,-2.012344848542625,-37.47900146503975,0,0,1.6,-144.47787467300975,0.8,-0.022359387206029167
171.66251333574982,4.42266410959619,-1.892600390610255,-38.8142777931701,0,0,1.6,-144.49228653831355,0.8,-0.021028893229002834
170.34645208253076,4.242814273115824,-1.7805635905000372,-40.14940110905027,0,0,1.6,-144.5064230975774,0.8,-0.019784039894444858
168.98588909451473,4.0734822451883135,-1.6757190292262294,-41.48438091122763,0,0,1.6,-144.5202827756702,0.8,-0.018619100324735884
167.58082900153644,3.9136818245404266,-1.5775871467943716,-42.819226629700545,0,0,1.6,-144.5338654951868,0.8,-0.01752874607549302
166.13127612185335,3.7625463983969523,-1.4857216698159732,-44.15394749487587,0,0,1.6,-144.54717249466137,0.8,-0.016508018553510813
164.63723447049782,3.619311357131141,-1.3997072307288363,-45.48855244136776,0,0,1.6,-144.56020616689526,0.8,-0.015552302563653737
163.09870777035482,3.483299520898388,-1.3191571639202948,-46.82305003971911,0,0,1.6,-144.57296991546863,0.8,-0.01465730182133661
161.51569946513234,3.353908993571654,-1.243711465230831,-48.157448450361976,0,0,1.6,-144.5854680277072,0.8,-0.013819016280342567
159.88821273356174,3.2306029854258016,-1.1730349023968643,-49.49175539515824,0,0,1.6,-144.5977055625553,0.8,-0.013033721137742937
158.2162505043088,3.112901242354033,-1.1068152649899616,-50.825978142712536,0,0,1.6,-144.60968825197486,0.8,-0.01229794738877735
156.49981547118813,3.0003727935599085,-1.0447617433236474,-52.16012350435389,0,0,1.6,-144.62142241464122,0.8,-0.011608463814707193
154.73891010836962,2.8926297871819258,-0.9866034266396468,-53.49419783826545,0,0,1.6,-144.63291488084545,0.8,-0.010962260295996076
152.93353668533973,2.789322228223728,-0.9320879116611422,-54.82820705972344,0,0,1.6,-144.6441729276429,0.8,-0.01035653235179047
151.08369728144262,2.690133468473774,-0.8809800133136605,-56.162156655802946,0,0,1.6,-144.65520422340623,0.8,-0.009788666814596227
149.18939379987455,2.5947763260321195,-0.8330605700733713,-57.496051703235636,0,0,1.6,-144.66601678105346,0.8,-0.009256228556370791
147.2506279810451,2.5029897342918552,-0.7881253370088643,-58.82989688837266,0,0,1.6,-144.6766189193272,0.8,-0.008756948188987382
145.26740141524857,2.414535838013447,-0.7459839601504541,-60.1636965284255,0,0,1.6,-144.68701923160273,0.8,-0.008288710668338379
143.23971555461478,2.329197468445009,-0.7064590263375976,-61.497454593338,0,0,1.6,-144.69722656179988,0.8,-0.007849544737084418
141.16757172432682,2.246775941018541,-0.6693851831872735,-62.83117472778826,0,0,1.6,-144.7072499870721,0.8,-0.007437613146525261
139.05097113310808,2.167089128560807,-0.6346083242788154,-64.16486027293843,0,0,1.6,-144.7170988070428,0.8,-0.007051203603097949
136.88991488299155,2.0899697706396814,-0.6019848350769621,-65.49851428764607,0,0,1.6,-144.72678253945952,0.8,-0.006688720389744023
134.68440397839427,2.015263985967215,-0.5713808955223385,-66.8321395689276,0,0,1.6,-144.73631092224332,-0.8,-0.009523014925372308
132.5677630988743,2.203356102176291,-0.5229178495167162,-60.16629040032837,0,0,1.6,-144.74498596578994,-0.8,-0.00871529749194527
130.6733201230549,2.442479682971002,-0.4778356360819771,-53.50026902336624,0,0,1.6,-144.7521955373069,-0.8,-0.00796392726803295
129.00108025203446,2.754425947047146,-0.43594352790921675,-46.83410726301382,0,0,1.6,-144.75808699274236,-0.8,-0.0072657254651536125
127.5510477144504,3.1754526514824013,-0.39706370830333526,-40.16783171208853,0,0,1.6,-144.7628015259274,-0.8,-0.006617728471722254
126.32322592755982,3.7706777221527514,-0.3610295790872442,-33.501464520664335,0,0,1.6,-144.7664737675416,-0.8,-0.00601715965145407
125.31761763400159,4.669927528998675,-0.32768420932472964,-26.835024067466026,0,0,1.6,-144.76923135568785,-0.8,-0.005461403488745494
124.53422501785136,6.174681675068551,-0.29687893847835767,-20.16852553236581,0,0,1.6,-144.771194505774,-0.8,-0.0049479823079726275
123.97304980299566,9.18184126164787,-0.2684721465861344,-13.501981385893197,0,0,1.6,-144.77247560772958,-0.8,-0.004474535776435573
123.63409333636916,18.08731904759184,-0.24232820153787316,-6.835401808917054,0,0,1.6,-144.77317887733992,-0.8,-0.004038803358964552
123.5173566581985,731.7593391245686,-0.21831658968164902,-0.16879505331078792,0,0,1.6,-144.77340008563752,-0.8,-0.0036386098280274835
123.53839645472756,95.06123948372155,-0.19645026765402918,1.299566438704836,0,0,1.6,-144.77336542257802,-0.8,-0.003274171127567153
123.60393746917728,46.946020511262006,-0.17670686978436834,2.6328948891317765,0,0,1.6,-144.77326705147377,-0.8,-0.002945114496406139
123.71392280301201,31.191853059296324,-0.158887468651983,3.966225493811779,0,0,1.6,-144.77311833731986,-0.8,-0.00264812447753305
123.86835251701937,23.3733382118415,-0.1428110119726398,5.299557615362989,0,0,1.6,-144.77293062750567,-0.8,-0.0023801835328773296
124.06722665351809,18.704849937380843,-0.12831286310074574,6.632890777999509,0,0,1.6,-144.77271357983102,-0.8,-0.0021385477183457624
124.31054524110243,10.546109557682975,-0.11524336384934486,11.787336795732472,0,0,1.8,-144.77247536688972,-0.8,-0.0019207227308224142
124.72568364073744,9.50583023410352,-0.08759618126771329,13.120966877071535,0,0,1.8,-144.75635252069299,-0.8,-0.0014599363544618882
125.18527632908643,8.660587534545376,-0.06282006251387884,14.454593967181447,0,0,1.8,-144.74033602006594,-0.8,-0.0010470010418979806
125.68994769732151,7.957873576097446,-0.13406586134232157,15.794413733192286,0,0,1.7,-144.81786382514576,-0.8,-0.002234431022372026
126.23865467261483,7.370307257521909,-0.13551405673592853,17.12800433710271,0,0,1.7,-144.83271860667364,-0.8,-0.0022585676122654757
126.8318146245202,6.870036580753508,-0.13668333847613212,18.46159232686491,0,0,1.7,-144.84743929408737,-0.8,-0.0022780556412688685
127.49562372992543,6.398648198330365,-0.04544288150941611,19.925399831044558,0,0,1.6,-144.7698671709683,-0.8,-0.0007573813584902685
128.182025959206,6.029617114592368,-0.04053356485474069,21.25873393336879,0,0,1.6,-144.7695021424646,-0.8,-0.0006755594142456782
128.9128726574615,5.70611211196424,-0.03612439149378588,22.592067966411765,0,0,1.6,-144.76914632558913,-0.8,-0.000602073191563098
188.8233552294271,9.802861311291803,-15.262112020977952,19.262065353502823,0,0,1.5,-159.99874639422268,0.8,-0.1695790224553106
189.35946851528138,14.686876896776768,-14.20182122156848,12.89310653627381,0,0,1.5,-159.95592972954506,0.8,-0.15779801357298312
189.6821260672476,29.37695174259006,-13.231129145640125,6.456834859154247,0,0,1.5,-159.93202573505454,0.8,-0.14701254606266806
189.78932251531913,28774.182758824132,-12.341619215686592,-0.006595819735561968,0,0,1.5,-159.92459108147705,0.8,-0.13712910239651768
189.7673493413593,144.51988407256727,-11.520229911199351,-1.313088164712837,0,0,1.5,-159.92597639136892,0.8,-0.12800255456888168
189.70170847296717,72.22747643707396,-10.756101967615848,-2.6264479645532006,0,0,1.5,-159.9298637751987,0.8,-0.11951224408462054
189.5921939447663,48.05481903914756,-10.045087096632301,-3.9453315554120847,0,0,1.5,-159.93592236872286,0.8,-0.11161207885147001
189.43864053721688,35.955940306979095,-9.38334851076172,-5.268632635382549,0,0,1.5,-159.94385625596115,0.8,-0.10425942789735246
189.24091654019253,28.6926791960335,-8.767336823637322,-6.59544252550502,0,0,1.5,-159.95340113622083,0.8,-0.09741485359597024
188.9989177324187,23.848393205059622,-8.193767834327787,-7.925016838967629,0,0,1.5,-159.9643212684871,0.8,-0.0910418648258643
188.71256238000387,20.386486837634873,-7.659602056294375,-9.256747564353626,0,0,1.5,-159.9764066794089,0.8,-0.08510668951438194
188.38178708798205,17.788413767393447,-7.162025858901984,-10.590139714047465,0,0,1.5,-159.9894706191028,0.8,-0.07957806509891094
188.0065433649438,15.766023111683712,-6.69843409720886,-11.924791815484399,0,0,1.5,-160.00334724800314,0.8,-0.07442704552454289
187.5867947830579,14.146412092495583,-6.266414113769542,-13.260379632413603,0,0,1.5,-160.01788953771108,0.8,-0.06962682348632825
187.12251463461996,12.819558565250478,-5.863731004157785,-14.59664259749523,0,0,1.5,-160.03296736901723,0.8,-0.06515256671286428
186.6136840021891,11.712127096118937,-5.48831404570069,-15.933372518133579,0,0,1.5,-160.04846581083737,0.8,-0.06098126717445211
186.06029017281088,10.773360493901732,-5.138244196392293,-17.27040418615254,0,0,1.5,-160.06428356457567,0.8,-0.05709160218213659
185.4623253381499,9.967016153886268,-4.811742578065264,-18.60760758031236,0,0,1.5,-160.08033155934143,0.8,-0.053463806422947374
184.81978553188048,9.266527176758993,-4.507159864605342,-19.944881400166786,0,0,1.5,-160.09653168441923,0.8,-0.05007955405117046
184.13266976369073,8.651977810635405,-4.2229665022687755,-21.282147711630337,0,0,1.5,-160.11281564638966,0.8,-0.046921850025208614
183.40097931597938,8.108146318278498,-3.9577436950129368,-22.619347519978973,0,0,1.5,-160.12912393928505,0.8,-0.04397492994458819
182.6247171749391,7.6232002401728325,-3.710175093182329,-23.956437115811436,0,0,1.5,-160.14540491712202,0.8,-0.041224167702025874
181.8038875725002,7.187803732407519,-3.4790391289121203,-25.293385064592727,0,0,1.5,-160.16161395906394,0.8,-0.03865599032124578
180.93849561948446,6.794492766804428,-3.2632019462483868,-26.630169731504928,0,0,1.5,-160.1777127183277,0.8,-0.036257799402759854
180.0285470136849,6.437228909056687,-3.0616108782547826,-27.966777251061956,0,0,1.5,-160.19366844675065,0.8,-0.03401789864727536
179.07404780933214,6.111074852891797,-2.873288427299258,-29.30319986582937,0,0,1.5,-160.20945338767876,0.8,-0.03192542696999175
178.07500423671695,5.811954650260473,-2.697326708324681,-30.63943457107605,0,0,1.5,-160.2250442305241,0.8,-0.02997029675916312
177.03142256267,5.5364739300140835,-2.5328823182136375,-31.975482012649824,0,0,1.5,-160.2404216209681,0.8,-0.028143136869040415
175.9433089842054,5.2817833037394895,-2.3791715973967484,-33.311345594136355,0,0,1.5,-160.2555697213654,0.8,-0.026435239971074984
174.81066954897656,5.045473327181847,-2.2354662526331595,-34.64703075669953,0,0,1.5,-160.27047581642827,0.8,-0.024838513918146215
173.63351009730616,4.825492832346662,-2.1010893124457084,-35.98254440114198,0,0,1.5,-160.2851299597497,0.8,-0.023345436804952317
172.41183622148196,4.620084784242061,-1.9754113890246572,-37.31789442685881,0,0,1.5,-160.29952465715834,0.8,-0.0219490154336073
171.14565323878085,4.427735429252775,-1.8578472225595988,-38.653089366647954,0,0,1.5,-160.31365458329492,0.8,-0.020642746917328876
169.83496617532225,4.247133631251627,-1.7478524859145068,-39.98813809992412,0,0,1.5,-160.32751632815382,0.8,-0.019420583176827853
168.47977975838657,4.077138092842731,-1.6449208293619222,-41.323049629873154,0,0,1.5,-160.34110817066224,0.8,-0.018276898104021357
167.08009841526894,3.916750735033253,-1.5485811467347048,-42.65783291257886,0,0,1.5,-160.35442987665914,0.8,-0.017206457185941163
165.6359262771066,3.765094927444977,-1.458395045865018,-43.99249672823214,0,0,1.5,-160.36748251890504,0.8,-0.016204389398500198
164.1472671864161,3.6213975691053713,-1.3739545075619048,-45.32704958626428,0,0,1.5,-160.38026831699295,0.8,-0.015266161195132275
162.61412470732373,3.4849742485834785,-1.2948797186489855,-46.66149965768635,0,0,1.5,-160.3927904952508,0.8,-0.014387552429433173
161.03650213767762,3.355216883761279,-1.2208170657446544,-47.99585472911421,0,0,1.5,-160.40505315692312,0.8,-0.013564634063829493
159.41440252239525,3.231583371317226,-1.1514372775395714,-49.330122173953484,0,0,1.5,-160.41706117310102,0.8,-0.01279374752821746
157.74782866753873,3.1135888750315166,-1.08643370430309,-50.66430893704358,0,0,1.5,-160.42882008503386,0.8,-0.012071485603367666
156.03678315472007,3.000798458189078,-1.0255207242556708,-51.99842152974351,0,0,1.5,-160.4403360186066,0.8,-0.011394674713951898
154.28126835553078,2.892820824374482,-0.9684322672696908,-53.33246603300818,0,0,1.5,-160.4516156099043,0.8,-0.010760358525218786
152.48128644576386,2.789302977006758,-0.9149204471281109,-54.66644810647059,0,0,1.5,-160.4626659409141,0.8,-0.010165782745867899
150.63683941925484,2.689925644139178,-0.8647542942700284,-56.00037300193151,0,0,1.5,-160.47349448453116,0.8,-0.009608381047444759
148.74792910121732,2.5943993436476043,-0.8177185816021506,-57.334245579974855,0,0,1.5,-160.48410905814796,0.8,-0.009085762017801674
146.81455716098694,2.502460986673969,-0.773612736556629,-58.66807032868822,0,0,1.5,-160.49451778520924,0.8,-0.008595697072851433
144.83672512411667,2.413870935380977,-0.7322498331263319,-60.00185138368111,0,0,1.5,-160.50472906421606,0.8,-0.008136109256959243
142.8144343837917,2.328410445700651,-0.693455658127732,-61.33559254876855,0,0,1.5,-160.51475154475924,0.8,-0.007705062868085912
140.7476862115502,2.245879437581517,-0.6570678464187267,-62.66929731682962,0,0,1.5,-160.52459411025873,0.8,-0.007300753849096964
138.63648176731047,2.166094544841691,-0.6229350802468616,-64.00296889046582,0,0,1.5,-160.53426586718146,0.8,-0.006921500891631796
136.48082210871647,2.0888874045713233,-0.590916348326914,-65.33661020217829,0,0,1.5,-160.54377614061124,0.8,-0.006565737203632378
134.28070819982122,2.014103152451404,-0.5608802606409995,-66.6702239338564,0,0,1.5,-160.55313447614716,-0.8,-0.009348004344016659
132.1694650401108,2.2026649555300466,-0.5133117425358478,-60.004343696613496,0,0,1.5,-160.56165398410607,-0.8,-0.008555195708930796
130.28042070912917,2.442530530781684,-0.4690588271849947,-53.33829774788341,0,0,1.5,-160.56873224300887,-0.8,-0.007817647119749912
128.61358021183977,2.7556834633870624,-0.4279348988894185,-46.672116707395126,0,0,1.5,-160.57451419743177,-0.8,-0.007132248314823642
127.16894761751703,3.178760690904471,-0.38976597180550243,-40.005826164074314,0,0,1.5,-160.5791387602368,-0.8,-0.0064960995300917075
125.94652621464105,3.7777028687363443,-0.35438902571587505,-33.33944743430037,0,0,1.5,-160.5827384113277,-0.8,-0.00590648376193125
124.94631864243271,4.684374725080616,-0.32165048015440334,-26.672998206880738,0,0,1.5,-160.58543876833787,-0.8,-0.0053608413359067224
124.16832700249476,6.206401413013107,-0.29140482055163375,-20.006493093106762,0,0,1.5,-160.58735815675047,-0.8,-0.0048567470091938954
123.61255295346368,9.266347149061778,-0.2635133890319139,-13.339944097170967,0,0,1.5,-160.58860720728592,-0.8,-0.004391889817198565
123.27899779111323,18.47329965056848,-0.23784334999447765,-6.673361019579388,0,0,1.5,-160.58928850715168,-0.8,-0.003964055833241294
123.16766251596682,18242.185898713135,-0.2142668367658871,-0.0067518039340151385,0,0,1.5,-160.58949632892256,-0.8,-0.003571113946098118
123.18983949953447,92.48657107202717,-0.19280415286431207,1.331975421638197,0,0,1.5,-160.58946032869758,-0.8,-0.0032134025477385344
123.25646081728821,46.24480239298511,-0.1734253146997844,2.6653040869298867,0,0,1.5,-160.58936190581946,-0.8,-0.0028904219116630734
123.36752646009347,30.852411382605663,-0.15593497826534986,3.99863482079871,0,0,1.5,-160.58921410085503,-0.8,-0.002598916304422498
123.52303648630644,23.166504264649443,-0.1401554481169569,5.331967010439052,0,0,1.5,-160.5890280685332,-0.8,-0.002335924135282615
123.72299093652833,18.562253349720145,-0.1259251363623548,6.665300198501689,0,0,1.5,-160.58881330159025,-0.8,-0.0020987522727059136
123.96738983816904,10.48810748783079,-0.11309715297778666,11.819805430293952,0,0,1.7,-160.58857783184192,-0.8,-0.0018849525496297777
124.38361053457008,9.456358792992758,-0.08562738136038206,13.153436037847824,0,0,1.7,-160.57241777552227,-0.8,-0.0014271230226730344
124.84428553653537,8.617639078096008,-0.061012041947833495,14.487063615121674,0,0,1.7,-160.55636517424583,-0.8,-0.0010168673657972248
125.3500275890844,7.920127920522871,-0.13265695190273163,15.826768058161495,0,0,1.6,-160.63411128839545,-0.8,-0.0022109491983788605
125.89981305622686,7.3366652333165465,-0.13429258038286207,17.16035951654206,0,0,1.6,-160.64901261206586,-0.8,-0.002238209673047701
126.4940515279759,6.839753699943205,-0.13562960403555735,18.4939483316521,0,0,1.6,-160.6637788937569,-0.8,-0.0022604934005926226
127.15895032402949,6.371388078122458,-0.04429572399476456,19.957809627176424,0,0,1.5,-160.5860079741196,-0.8,-0.0007382620665794092
127.84643287927425,6.004676625773654,-0.03950787214057527,21.29114369465354,0,0,1.5,-160.58564969466494,-0.8,-0.0006584645356762545
128.57835990237834,5.683152629262198,-0.035207876597610266,22.624477695766323,0,0,1.5,-160.58530048633605,-0.8,-0.0005867979432935044
188.97768364771798,9.783175980589984,-15.006790133704726,19.316598620187705,0,0,1.4,-175.56040353110288,0.8,-0.16674211259671917
189.51544741659634,14.647993237593344,-13.964174336109181,12.937980264096137,0,0,1.4,-175.5182404090877,0.8,-0.15515749262343534
189.839470978991,29.232013596099325,-13.009661206118665,6.4942317557050835,0,0,1.4,-175.49467223483776,0.8,-0.14455179117909628
189.94781189064034,719392.2802764757,-12.134973473678201,-0.00026403926911425837,0,0,1.4,-175.4872952494719,0.8,-0.13483303859642445
189.92603457062592,145.24488893171323,-11.327323287531783,-1.3076262852864964,0,0,1.4,-175.48864329490402,0.8,-0.12585914763924202
189.8605644085908,72.42075696235709,-10.575975903586027,-2.6216318687096387,0,0,1.4,-175.49245079679375,0.8,-0.11751084337317808
189.75120216242115,48.14821674343758,-9.87685248984917,-3.940980891847537,0,0,1.4,-175.49839244329593,0.8,-0.10974280544276856
189.59778800754813,36.01369042950795,-9.22618052931881,-5.264603148035072,0,0,1.4,-175.50617731542218,0.8,-0.10251311699243122
189.40019453478084,28.73348353361312,-8.62047011031234,-6.591619645185587,0,0,1.4,-175.51554559837032,0.8,-0.09578300122569267
189.15832092524667,23.87967555679665,-8.056492073425034,-7.921310340893987,0,0,1.4,-175.52626556883712,0.8,-0.08951657859361148
188.87208811174602,20.411791826338792,-7.531257876968027,-9.253087123298547,0,0,1.4,-175.53813084394181,0.8,-0.08368064307742253
188.54143476563016,17.80965828554812,-7.042001050180204,-10.586471213691087,0,0,1.4,-175.55095787561854,0.8,-0.07824445611311338
188.1663139736944,15.784342031024334,-6.586160111392928,-11.921074290195373,0,0,1.4,-175.56458367350993,0.8,-0.07317955679325476
187.74669049113072,14.162525455959367,-6.161362836365697,-13.256582738365344,0,0,1.4,-175.57886373924222,0.8,-0.06845958707072997
187.28253847484206,12.83394896281172,-5.765411769969774,-14.592744526062955,0,0,1.4,-175.5936701952707,0.8,-0.06406013077744192
186.7738396168486,11.725132698670373,-5.396270882139561,-15.929358278224747,0,0,1.4,-175.6088900921051,0.8,-0.05995856535710623
186.22058161053025,10.785227164396103,-5.052053276432389,-17.266264193792463,0,0,1.4,-175.62442387854057,0.8,-0.05613392529369321
185.6227568934184,9.977928252623334,-4.731009866583975,-18.603336503709137,0,0,1.4,-175.64018402045434,0.8,-0.052566776295377496
184.98036161946757,9.276626612679921,-4.431518943071637,-19.940477216860696,0,0,1.4,-175.6560937547143,0.8,-0.04923909936746264
184.29339482148887,8.66137628556891,-4.152076557902319,-21.277610941409854,0,0,1.4,-175.67208596574972,0.8,-0.04613418397669244
183.56185773093364,8.116933462455318,-3.8912876616123526,-22.614680603209898,0,0,1.4,-175.68810217331992,0.8,-0.043236529573470586
182.7857532276501,7.631449177367966,-3.6478579318242055,-23.951643911843707,0,0,1.4,-175.70409162097263,0.8,-0.04053175479804673
181.9650853968544,7.1955749859576645,-3.4205862376489904,-25.288470449125132,0,0,1.4,-175.72001045558568,0.8,-0.03800651375165545
181.09985917431433,6.801837064647865,-3.2083576887957292,-26.62513927532458,0,0,1.4,-175.73582098924234,0.8,-0.03564841876439699
180.19008006399653,6.444189239924355,-3.0101372224490888,-27.961636965538847,0,0,1.4,-175.7514910354821,0.8,-0.033445969138323206
179.23575391508047,6.117688001735106,-2.8249636848419755,-29.297956003026865,0,0,1.4,-175.7669933127049,0.8,-0.03138848538713306
178.23688674748078,5.818252364192504,-2.6519443679991355,-30.634093468411745,0,0,1.4,-175.78230490818487,0.8,-0.029466048533323727
177.19348461688358,5.542483817267841,-2.490249965384635,-31.970049973773463,0,0,1.4,-175.7974067967703,0.8,-0.027669444059829275
176.1055535118577,5.287529536464315,-2.3391099131704323,-33.305828799136435,0,0,1.4,-175.8122834089151,0.8,-0.025990110146338136
174.97309927689645,5.050977197888399,-2.197808086582029,-34.64143519595483,0,0,1.4,-175.8269222432047,0.8,-0.02442008985091143
173.79612755632633,4.830773199611799,-2.0656788232818144,-35.97687582813712,0,0,1.4,-175.84131351900996,0.8,-0.022951986925353492
172.57464375491483,4.625158433521097,-1.9421032480520353,-37.31215832611708,0,0,1.4,-175.8554498653323,0.8,-0.021578924978355948
171.30865301175655,4.432617367824304,-1.8265058751383094,-38.64729093362762,0,0,1.4,-175.86932604228872,0.8,-0.020294509723758992
169.99816018463463,4.251837331481967,-1.7183514665470625,-39.98228223029929,0,0,1.4,-175.88293869204003,0.8,-0.01909279407274514
168.64316984256908,4.081675694478327,-1.6171421263534285,-41.31714091609699,0,0,1.4,-175.89628611628285,0.8,-0.017968245848371426
167.24368626468834,3.921133214695827,-1.522414612694547,-42.651875646020834,0,0,1.4,-175.90936807771422,0.8,-0.016915717918828302
165.79971344391225,3.769332241636604,-1.4337378506085088,-43.98649490550713,0,0,1.4,-175.92218562314116,0.8,-0.015930420562316763
164.311255094223,3.625498775638287,-1.350710630235369,-45.32100691863982,0,0,1.4,-175.9347409261419,0.8,-0.015007895891504102
162.77831466054374,3.4889476103005324,-1.2729594761466956,-46.65541958267533,0,0,1.4,-175.94703714740226,0.8,-0.014143994179407728
161.2008953304373,3.3590699576144454,-1.200136674712894,-47.98974042354255,0,0,1.4,-175.9590783110449,0.8,-0.013334851941254378
159.57900004700107,3.2353230852583743,-1.1319184474668873,-49.32397656794052,0,0,1.4,-175.97086919544637,0.8,-0.01257687163852097
157.91263152246702,3.117221594694164,-1.0680032593886608,-50.65813472845523,0,0,1.4,-175.98241523719932,0.8,-0.011866702882096231
156.20179225212144,3.0043300449682566,-1.0081102519204705,-51.99222119877706,0,0,1.4,-175.99372244702366,0.8,-0.011201225021338562
154.44648452824998,2.8962566862190178,-0.9519777913365601,-53.32624185664827,0,0,1.4,-176.0047973365678,0.8,-0.010577531014850669
152.6467104538818,2.792648113005721,-0.8993621238440141,-54.660202172621204,0,0,1.4,-176.01564685516436,0.8,-0.009992912487155713
150.80247195616695,2.6931846837983966,-0.8500361294791219,-55.99410722308101,0,0,1.4,-176.0262783357224,0.8,-0.009444845883101355
148.9137707992652,2.5975765816023735,-0.803788167503626,-57.32796170629333,0,0,1.4,-176.03669944904547,0.8,-0.008930979638929177
146.98060859666333,2.5055604134627867,-0.7604210065931056,-58.66176996048965,0,0,1.4,-176.04691816596855,0.8,-0.008449122295478952
145.0029868228661,2.416896264806207,-0.719750833655894,-59.99553598320977,0,0,1.4,-176.05694272680418,0.8,-0.007997231485065488
142.98090682442938,2.331365139220899,-0.6816063356254745,-61.32926345128891,0,0,1.4,-176.0667816176842,0.8,-0.007573403729171938
140.9143698303228,2.248766726113552,-0.6458278490428029,-62.66295574101593,0,0,1.4,-176.0764435534765,0.8,-0.007175864989364476
138.8033769616217,2.1689174482943003,-0.6122665726824152,-63.99661594809922,0,0,1.4,-176.08593746705233,0.8,-0.006802961918693503
136.64792924054063,2.091648749387276,-0.5807838388930122,-65.33024690716834,0,0,1.4,-176.09527250477512,0.8,-0.006453153765477913
134.44802759882657,2.0168055873949418,-0.5512504397109979,-66.66385121061163,0,0,1.4,-176.10445802818592,-0.8,-0.009187507328516632
132.33699732077977,2.2056921942567422,-0.5044871802612079,-59.99794425775429,0,0,1.4,-176.11281981270727,-0.8,-0.00840811967102013
130.4481666668843,2.4459699069190664,-0.46098529924040577,-53.33187718208532,0,0,1.4,-176.11976664971257,-0.8,-0.007683088320673429
128.7815404731147,2.759662810600452,-0.42056105971801117,-46.665679581736356,0,0,1.4,-176.12544094011426,-0.8,-0.007009350995300186
127.3371226710167,3.18347771394907,-0.3830431506610239,-39.9993761894618,0,0,1.4,-176.12997913702907,-0.8,-0.006384052511017065
126.11491643750253,3.7834867347308423,-0.3482710526683377,-33.33298760633143,0,0,1.4,-176.13351135410244,-0.8,-0.005804517544472295
125.11492432204334,4.691833544835954,-0.3160935399440632,-26.666530925793506,0,0,1.4,-176.13616094664502,-0.8,-0.0052682256657343865
124.33714835461292,6.216851118234668,-0.2863673318086626,-20.000020265873697,0,0,1.4,-176.13804409250403,-0.8,-0.0047727888634777095
123.7815901371946,9.283526036774362,-0.2589559060210149,-13.33346722429224,0,0,1.4,-176.13926939989727,-0.8,-0.0043159317670169155
123.44825092121303,18.516641581782352,-0.23372848372855515,-6.666881268721426,0,0,1.4,-176.1399375682069,-0.8,-0.0038954747288092524
123.33713167288337,456682.0336901503,-0.2105591920939105,-0.00027007222218985993,0,0,1.4,-176.14014112494507,-0.8,-0.003509319868231842
123.35935196369974,92.52376807406368,-0.18946787398863307,1.3332720287067503,0,0,1.4,-176.14010572604923,-0.8,-0.003157797899810551
123.42601650463467,46.285898487682495,-0.17042443666503004,2.6666008554955574,0,0,1.4,-176.14000907612447,-0.8,-0.0028404072777505006
123.53712537475751,30.88480885917523,-0.15323688835394478,3.999931679617865,0,0,1.4,-176.13986397147988,-0.8,-0.002553948139232413
123.69267863041395,23.19267914227871,-0.13773058591254994,5.333263909339841,0,0,1.4,-176.1396813578739,-0.8,-0.002295509765209166
123.89267631080536,18.584095363163275,-0.12374671952773042,6.666597103046563,0,0,1.4,-176.13947055008032,-0.8,-0.0020624453254621737
124.13711844239583,10.501266968855157,-0.1111409267413137,11.821156324333424,0,0,1.6,-176.1392394292467,-0.8,-0.0018523487790218951
124.55338415695287,9.46829404790094,-0.08389612620180742,13.154786229369963,0,0,1.6,-176.12310872138133,-0.8,-0.0013982687700301237
125.01410415367722,8.62855740124112,-0.0594830833037463,14.488413107815145,0,0,1.6,-176.10708529110343,-0.8,-0.000991384721729105
125.51988058155806,7.930236747888797,-0.13118301369081564,15.828011769632754,0,0,1.5,-176.18473352982087,-0.8,-0.002186383561513594
126.06970750328392,7.346033288824997,-0.13295365927359626,17.16160307836678,0,0,1.5,-176.19962247677273,-0.8,-0.0022158943212266043
126.66398742456562,6.8484819840838655,-0.13441246398531348,18.495191740145856,0,0,1.5,-176.2143766474118,-0.8,-0.002240207733088558
127.3289384015976,6.379490813084462,-0.04331240130142078,19.95910678959572,0,0,1.4,-176.13671783112645,-0.8,-0.0007218733550236797
128.01646419506764,6.012296347074356,-0.03863042347836654,21.292440825436316,0,0,1.4,-176.13636709343353,-0.8,-0.000643840391306109
128.7484344553882,5.6903436724725065,-0.03442550767096009,22.625774797789294,0,0,1.4,-176.13602521997396,-0.8,-0.0005737584611826681
189.45849410034984,9.79814633310303,-14.802901276788475,19.336156825935987,0,0,1.3,169.09205646014144,0.8,-0.16447668085320527
189.99677608932922,14.671773576213736,-13.774540974707776,12.949816537337856,0,0,1.3,169.13355667710292,0.8,-0.15305045527453084
190.32109045724016,29.279761314203444,-12.833040098952097,6.500090230070164,0,0,1.3,169.15675482121142,0.8,-0.14258933443280108
190.42954676424597,18019353.833714962,-11.970241258923863,-1.0568056353271912e-05,0,0,1.3,169.16401765464286,0.8,-0.1330026806547096
190.4077657116036,145.56387225958557,-11.173551279869997,-1.3080702151976793,0,0,1.3,169.16269154976848,0.8,-0.1241505697763333
190.3422716253889,72.57782860916963,-10.432394295003462,-2.6225952921570412,0,0,1.3,169.15894511597702,0.8,-0.11591549216670513
190.23287060135297,48.25403366750098,-9.742747863285217,-3.94232059255752,0,0,1.3,169.15309859469502,0.8,-0.10825275403650242
190.07940710011906,36.0941939774168,-9.100891583071899,-5.266204509762617,0,0,1.3,169.14543835068932,0.8,-0.10112101758968776
189.8817571309544,28.79879879592387,-8.50338371093818,-6.593391567353494,0,0,1.3,169.13622011728492,0.8,-0.09448204123264645
189.6398225817626,23.934808823176642,-7.947039613238871,-7.923181003147594,0,0,1.3,169.12567196758835,0.8,-0.08830044014709858
189.3535265094804,20.45959124961254,-7.428911913466152,-9.255000464052102,0,0,1.3,169.11399702647847,0.8,-0.08254346570517947
189.022809234145,17.85190347203555,-6.946272205998241,-10.588384007915085,0,0,1.3,169.1013759397153,0.8,-0.07718080228886935
188.64762510465238,15.822222361142359,-6.496594214767782,-11.92295372917715,0,0,1.3,169.08796911721254,0.8,-0.07218438016408647
188.22793982523976,14.196877220784447,-6.07753828341157,-13.258404429226953,0,0,1.3,169.07391876758422,0.8,-0.06752820314901745
187.76372824951537,12.865383951106812,-5.686937091399386,-14.594490841710325,0,0,1.3,169.05935074070229,0.8,-0.06318818990443763
187.2549725638898,11.754112908863407,-5.32278249833081,-15.931016999393183,0,0,1.3,169.04437619434424,0.8,-0.05914202775923122
186.70166079494177,10.812110668753997,-4.983213425954773,-17.267827394191624,0,0,1.3,169.02909310016489,0.8,-0.055369038066164146
186.1037855859276,10.002998646327983,-4.666504694439311,-18.60479963718127,0,0,1.3,169.01358760328336,0.8,-0.05185005216043679
185.46134319662175,9.300112644360269,-4.371056735979749,-19.94183837215008,0,0,1.3,168.9979352487803,0.8,-0.04856729706644166
184.77433268822287,8.683465364507377,-4.095386114961542,-21.27887023577773,0,0,1.3,168.98220208739986,0.8,-0.04550429016623936
184.0427552613902,8.137781208966837,-3.838116789597933,-22.615839690872697,0,0,1.3,168.96644567176602,0.8,-0.0426457421066437
183.26661372076654,7.651186336908412,-3.5979720552467143,-23.95270558719897,0,0,1.3,168.95071595347738,0.8,-0.03997746728051905
182.44591204384093,7.214312539369609,-3.3737671144941714,-25.289438328074315,0,0,1.3,168.93505609054682,0.8,-0.03748630127215746
181.58065503565675,6.819670074857249,-3.1644022236001774,-26.626017540805687,0,0,1.3,168.91950317380787,0.8,-0.03516002470666864
180.67084805404008,6.4611997949832745,-2.968856369042868,-27.962430165728648,0,0,1.3,168.90408888012516,0.8,-0.0329872929893652
179.71649679260256,6.133947499498138,-2.786181431710844,-29.298668892635035,0,0,1.3,168.888840059521,0.8,-0.030957571463453824
178.71760711095166,5.8338233092723835,-2.6154967997911456,-30.634730885128917,0,0,1.3,168.87377926265995,0.8,-0.02906107555323495
177.6741849033551,5.557421251204683,-2.455984394608606,-31.97061674330349,0,0,1.3,168.85892521452308,0.8,-0.02728871549565118
176.58623599861983,5.30188218826024,-2.306884076617223,-33.3063296633841,0,0,1.3,168.84429323954055,0.8,-0.025632045295746923
175.4537660852066,5.064788418678554,-2.1674894014385018,-34.641874759890555,0,0,1.3,168.8298956429448,0.8,-0.024083215571538908
174.27678065665205,4.8440817287890985,-2.0371436983145657,-35.977258521651116,0,0,1.3,168.8157420526395,0.8,-0.022634929981272953
173.0552849732417,4.637999031875167,-1.915236445606638,-37.31248837783274,0,0,1.3,168.80183972545979,0.8,-0.021280404951184866
171.78928403660495,4.44502134473604,-1.8011999200419666,-38.64757235418998,0,0,1.3,168.78819382131735,0.8,-0.02001333244491074
170.4787825745049,4.26383298696174,-1.6945060983135534,-39.98251880310682,0,0,1.3,168.7748076483763,0.8,-0.01882784553681726
169.1237850335951,4.093288692190414,-1.594663791374785,-41.31733619382049,0,0,1.3,168.76168288209416,0.8,-0.017718486570830944
167.72429557832984,3.932386898622209,-1.501215993368021,-42.65203295156319,0,0,1.3,168.74881976067593,0.8,-0.01668017770408912
166.28031809455587,3.780247906384914,-1.4137374285847386,-43.98661733631413,0,0,1.3,168.73621725923468,0.8,-0.01570819365094154
164.79185619659668,3.6360958983693097,-1.3318322811973928,-45.32109735348327,0,0,1.3,168.72387324471637,0.8,-0.01479813645774881
163.2589132368733,3.4992440506813005,-1.255132093729543,-46.655480690204186,0,0,1.3,168.71178461343774,0.8,-0.013945912152550477
161.68149231729595,3.3690821309793484,-1.1832938213592286,-47.9897746720402,0,0,1.3,168.69994741289275,0.8,-0.013147709126213651
160.05959630182005,3.245066113198784,-1.1159980301853807,-49.323986235843826,0,0,1.3,168.6883569493093,0.8,-0.012399978113170897
158.39322782968696,3.126709436535405,-1.052947228536226,-50.65812191528639,0,0,1.3,168.67700788227944,0.8,-0.011699413650402512
156.6823893289768,3.0135756129853046,-0.9938643212729801,-51.99218783621768,0,0,1.3,168.66589430764026,0.8,-0.011042936903033112
154.92708303018364,2.905271946954618,-0.9384911778446394,-53.32618971954837,0,0,1.3,168.6550098296504,0.8,-0.010427679753829328
153.12731097959644,2.8014441766607527,-0.8865873055884492,-54.66013288978692,0,0,1.3,168.64434762338362,0.8,-0.009850970062093881
151.2830750523215,2.7017718833440845,-0.8379286204518905,-55.99402228772651,0,0,1.3,168.63390048814762,0.8,-0.009310318005021006
149.39437696482952,2.6059645430023934,-0.7923063079404074,-57.3278624860754,0,0,1.3,168.62366089262898,0.8,-0.008803403421560082
147.4612182869459,2.5137581181783406,-0.7495257676740437,-58.661657707069864,0,0,1.3,168.61362101236597,0.8,-0.008328064085267152
145.483600453231,2.424912105579685,-0.7094056354751785,-59.99541184130983,0,0,1.3,168.60377276005323,0.8,-0.007882284838613095
143.46152477371987,2.339206969986453,-0.6717768774060175,-61.32912846722183,0,0,1.3,168.5941078090907,0.8,-0.007464187526733528
141.39499244400923,2.256441906760227,-0.6364819506397907,-62.66281087068734,0,0,1.3,168.58461761069654,0.8,-0.0070720216737754525
139.2840045546914,2.176432884904578,-0.6033740264812195,-63.99646206448404,0,0,1.3,168.57529340481247,0.8,-0.006704155849791328
137.1285621001466,2.0990109304875313,-0.5723162712607177,-65.33008480727452,0,0,1.3,168.56612622493424,0.8,-0.006359069680674641
134.92866598671247,2.024020616681459,-0.5431811812087801,-66.66368162194841,0,0,1.3,168.55710689690213,-0.8,-0.009053019686813001
132.8176417349465,2.2137102708689596,-0.49707259981281027,-59.997752859867646,0,0,1.3,168.54889736017722,-0.8,-0.008284543330213504
130.9288177578234,2.4549919683013295,-0.4541849208843871,-53.33166847320332,0,0,1.3,168.54207777912436,-0.8,-0.0075697486814064515
129.26219875496113,2.7699760455105533,-0.4143361973100923,-46.665457257099106,0,0,1.3,168.53650801061022,-0.8,-0.006905603288501538
127.817788546198,3.195513156205408,-0.37735676406316543,-39.99914326686059,0,0,1.3,168.53205382412614,-0.8,-0.006289279401052757
126.59559021750519,3.7979345653198777,-0.343087631701934,-33.332746533731495,0,0,1.3,168.52858728008104,-0.8,-0.005718127195032233
125.59560624484979,4.70990287892573,-0.3113790147613429,-26.666283673666022,0,0,1.3,168.52598713385143,-0.8,-0.005189650246022382
124.81783859928167,6.240964198326018,-0.2820890077733793,-19.999768406420426,0,0,1.3,168.52413923936325,-0.8,-0.004701483462889655
124.26228883598957,9.319756472917776,-0.2550824206228981,-13.33321199937816,0,0,1.3,168.5229369257364,-0.8,-0.004251373677048301
123.92895816963316,18.589463679457335,-0.23022978252487292,-6.666623648028285,0,0,1.3,168.5222813217721,-0.8,-0.0038371630420812155
123.8178475378968,11461547.320759354,-0.2074065202342581,-1.0802891099497164e-05,0,0,1.3,168.52208160581023,-0.8,-0.003456775337237635
123.84006956120895,92.88069541829856,-0.1866311319377587,1.3333240993026743,0,0,1.3,168.5221163420833,-0.8,-0.0031105188656293118
123.90673584027496,46.465263028601505,-0.16787318275612506,2.6666530600290517,0,0,1.3,168.52221117807116,-0.8,-0.002797886379268751
124.01784645195319,31.004585951795736,-0.1509434838624486,3.99998395865597,0,0,1.3,168.52235355868922,-0.8,-0.00251572473104081
124.17340145091248,23.282587475480266,-0.1356699493231588,5.333316221046478,0,0,1.3,168.52253274484227,-0.8,-0.0022611658220526463
124.37340087518739,18.65605839805579,-0.1218961013892681,6.666649418729776,0,0,1.3,168.52273959784384,-0.8,-0.0020316016898211347
124.61784475045444,10.541846030904031,-0.10947970343096358,11.821254492346979,0,0,1.5,168.5229663856632,-0.8,-0.001824661723849393
125.0341137141342,9.504768201781552,-0.0824692685963555,13.154883008161955,0,0,1.5,168.53902885015472,-0.8,-0.0013744878099392584
125.49483691398224,8.661680859328728,-0.05826639326008376,14.48850851839258,0,0,1.5,168.55498479863135,-0.8,-0.0009711065543347293
126.00060751115127,7.9606061166700846,-0.12979764121132575,15.828016819887232,0,0,1.4,168.4776269113541,-0.8,-0.0021632940201887626
126.55043458804724,7.374043239854455,-0.13165736449360566,17.161607339658755,0,0,1.4,168.4627874239507,-0.8,-0.002194289408226761
127.14471463839844,6.874472699305619,-0.1331972793944658,18.49519522439025,0,0,1.4,168.44808177260046,-0.8,-0.00221995465657443
127.80967524929112,6.403560053712345,-0.0425188037157227,19.959159307828436,0,0,1.3,168.52544052033977,-0.8,-0.0007086467285953783
128.4972027929473,6.034859369126761,-0.037923311224432155,21.292493318123622,0,0,1.3,168.52578413245948,-0.8,-0.0006320551870738693
129.2291748026397,5.711577891765115,-0.03379602973581086,22.62582726727071,0,0,1.3,168.52611908282566,-0.8,-0.0005632671622635144
190.11581802107693,9.825179034761632,-14.649055566522748,19.349857885382473,0,0,1.2,153.90747994306514,0.8,-0.16276728407247498
190.65445684526185,14.713544872859156,-13.631515612432537,12.957751411554543,0,0,1.2,153.94841619272052,0.8,-0.15146128458258373
190.97895830212366,29.365272638182034,-12.699865289632015,6.503564964481355,0,0,1.2,153.97129880802552,0.8,-0.14110961432924463
191.08747085580274,191087470.85580274,-11.84604358990461,-4.2291553497518107e-07,0,0,1.2,153.97846282177747,0.8,-0.13162270655449568
191.06568105683255,146.00991559522555,-11.057615336854127,-1.308580176064976,0,0,1.2,153.97715483550098,0.8,-0.12286239263171252
191.0001631644672,72.80376961350571,-10.324136202288997,-2.6234927693776324,0,0,1.2,153.97345961427584,0.8,-0.11471262446987775
190.89072725199364,48.40643621697557,-9.64162696315401,-3.9434988850728594,0,0,1.2,153.96769310659155,0.8,-0.107129188479489
190.7372209722478,36.20966069484239,-9.006407110975033,-5.26757824602913,0,0,1.2,153.9601378278936,0.8,-0.1000711901219448
190.53952288049192,28.89198136638549,-8.41507173116048,-6.594892903474457,0,0,1.2,153.95104606697646,0.8,-0.09350079701289424
190.2975368802982,24.013045432498153,-7.864470195514372,-7.924756458535586,0,0,1.2,153.9406428205452,0.8,-0.0873830021723819
190.01118761031705,20.527085256654285,-7.351686532093851,-9.256608292632338,0,0,1.2,153.92912847093143,0.8,-0.0816854059121539
189.68041661833266,17.911289856573614,-6.874021344141994,-10.589992018286619,0,0,1.2,153.91668122341036,0.8,-0.07637801493491105
189.30517919328966,15.875263883691764,-6.42897515777517,-11.924537480460897,0,0,1.2,153.9034593201677,0.8,-0.071433057308613
188.8854417465699,14.244812568571996,-6.014233086125216,-13.259945740760642,0,0,1.2,153.88960304796598,0.8,-0.06682481206805796
188.42117965124132,12.909117715993686,-5.627650705535103,-14.595976564517484,0,0,1.2,153.87523655614774,0.8,-0.06252945228372336
187.9123754627258,11.794326480097922,-5.267241047055052,-15.93243800566437,0,0,1.2,153.86046950092546,0.8,-0.058524900522833906
187.35901745675906,10.849330535019615,-4.9311626137902635,-17.26917774806465,0,0,1.2,153.84539853105323,0.8,-0.05479069570878071
186.7610984309737,10.03764035326161,-4.617708341568743,-18.606075916068058,0,0,1.2,153.83010862902208,0.8,-0.051307870461874926
186.11861472523333,9.33251013908731,-4.32529542689295,-19.943039112887067,0,0,1.2,153.81467432092663,0.8,-0.04805883807658833
185.43156542323683,8.713891201795018,-4.052455952206685,-21.279995484111492,0,0,1.2,153.79916076715335,0.8,-0.04502728835785206
184.69995170411394,8.166460839990352,-3.797828244151873,-22.616890636352107,0,0,1.2,153.78362474506105,0.8,-0.04219809160168748
183.92377631791499,7.678308449591194,-3.560148905716204,-23.95368426853279,0,0,1.2,153.7681155338866,0.8,-0.03955721006351338
183.10304316330306,7.240036694336483,-3.3382454680020714,-25.29034739651739,0,0,1.2,153.75267571121967,0.8,-0.037091616311134126
182.23775694933403,6.844132446026379,-3.1310296118003578,-26.626860071233583,0,0,1.2,153.73734186955457,0.8,-0.03478921790889286
181.32792292631333,6.484517554472031,-2.9374909132496327,-27.963209506813808,0,0,1.2,153.72214526065193,0.8,-0.03263878792499592
180.37354667324541,6.156222215066845,-2.7566910716257382,-29.29938854900268,0,0,1.2,153.70711237472585,0.8,-0.030629900795841537
179.37463393152507,5.855143610675102,-2.587758580765751,-30.635394425593443,0,0,1.2,153.6922654608108,0.8,-0.028752873119619455
178.33119047629708,5.577864947214871,-2.4298838087993317,-31.971227730305856,0,0,1.2,153.6776229940595,0.8,-0.02699870898665924
177.24322201839246,5.321517965384683,-2.282314453770084,-33.30689159960016,0,0,1.2,153.6632000951688,0.8,-0.02535904948633427
176.11073413098484,5.083677217414757,-2.1443513453915557,-34.64239104868736,0,0,1.2,153.64900890662932,0.8,-0.023826126059906173
174.93373219613906,4.862277868523525,-2.0153445656261226,-35.977732438656226,0,0,1.2,153.6350589300353,0.8,-0.022392717395845807
173.71222136727908,4.655551137822234,-1.8946898630096598,-37.31292305137001,0,0,1.2,153.6213573282767,0.8,-0.02105210958899622
172.44620654431384,4.461973117491173,-1.7818253376938458,-38.64797075274065,0,0,1.2,153.60790919605853,0.8,-0.019798059307709396
171.1356923587493,4.280223845826759,-1.6762283760549224,-39.98288372829087,0,0,1.2,153.5947178018512,0.8,-0.01862475973394358
169.78068316660477,4.109154316436783,-1.5774128154363325,-41.3176702776713,0,0,1.2,153.58178480406613,0.8,-0.017526809060403693
168.38118304735622,3.9477596856071298,-1.484926321168615,-42.652338657098554,0,0,1.2,153.56911044397143,0.8,-0.016499181346317945
166.93719580746563,3.7951573614526,-1.398347959453389,-43.98689696059672,0,0,1.2,153.55669371760874,0.8,-0.0155371995494821
165.4487249873309,3.650568968420122,-1.3172859510225123,-45.32135303252005,0,0,1.2,153.54453252874274,0.8,-0.014636510566916804
163.91577387071962,3.5133054109354553,-1.241375591697107,-46.65571440516334,0,0,1.2,153.53262382466664,0.8,-0.013793062129967856
162.33834549593738,3.382754432626711,-1.1702773270856426,-47.989988256369394,0,0,1.2,153.5209637164983,0.8,-0.013003081412062696
160.7164426681358,3.2583701981854944,-1.1036749696820891,-49.32418138296097,0,0,1.2,153.5095475854295,0.8,-0.012263055218689879
159.0500679722912,3.139664524598708,-1.0412740475644853,-50.65830018658442,0,0,1.2,153.49837017623494,0.8,-0.011569711639605391
157.33922378648722,3.026199465140672,-0.9828002747572953,-51.9923506691828,0,0,1.2,153.4874256792045,0.8,-0.010920003052858836
155.58391229522041,2.917581008912109,-0.9279981341138068,-53.32633843583786,0,0,1.2,153.47670780153084,0.8,-0.010311090379042298
153.78413550251324,2.8134537050610535,-0.8766295643059152,-54.66026870315111,0,0,1.2,153.46620982906447,0.8,-0.009740328492287946
151.9398952446764,2.713496057229064,-0.8284727431804981,-55.994146311689356,0,0,1.2,153.45592467923615,0.8,-0.009205252702005534
150.05119320260454,2.617416562546977,-0.7833209603628006,-57.32797574131322,0,0,1.2,153.4458449458418,0.8,-0.00870356622625334
148.11803091352593,2.524950292392407,-0.7409815725599458,-58.66176112844705,0,0,1.2,153.43596293628713,0.8,-0.008233128583999398
146.14040978215425,2.435855930426546,-0.7012750355485764,-59.995506284545904,0,0,1.2,153.4262707017945,0.8,-0.007791944839428627
144.11833109121218,2.3499131981474646,-0.664034007322158,-61.32921471517617,0,0,1.2,153.41676006098433,0.8,-0.007378155636912867
142.051796011315,2.2669206100945702,-0.6291025173314324,-62.662889639257784,0,0,1.2,153.40742261715357,0.8,-0.006990027970349249
139.94080561021437,2.1866935105025136,-0.5963351971789734,-63.99653400812227,0,0,1.2,153.39824976948393,0.8,-0.006625946635321927
137.78536086141295,2.1090623510889874,-0.565596568529287,-65.3301505241271,0,0,1.2,153.3892327183217,0.8,-0.006284406316992078
135.58546265216833,2.033871176125381,-0.5367603843750715,-66.66374165863589,0,0,1.2,153.38036246457395,-0.8,-0.00894600640625119
133.47443668973864,2.2246556670731654,-0.4911569216266969,-59.99779591299281,0,0,1.2,153.3722898888848,-0.8,-0.008185948693778282
131.5856115094272,2.4673058698177326,-0.4487460170076645,-53.33169799460163,0,0,1.2,153.36558510134117,-0.8,-0.007479100283461075
129.91899170594724,2.7840494209081017,-0.40934666522230145,-46.6654760976083,0,0,1.2,153.36010985142576,-0.8,-0.006822444420371691
128.47458101274296,3.2119324764250208,-0.3727900499815462,-39.99915376668787,0,0,1.2,153.3557318001443,-0.8,-0.006213167499692436
127.25238244509761,3.817638213243883,-0.33891796154597387,-33.33275060052641,0,0,1.2,153.35232488358173,-0.8,-0.005648632692432898
126.25239842157123,4.734533085523773,-0.3075813484130947,-26.666282850065702,0,0,1.2,153.34976970056002,-0.8,-0.005126355806884911
125.47463086698873,6.273805596676126,-0.2786390152460285,-19.99976392852616,0,0,1.2,153.34795389888578,-0.8,-0.004643983587433809
124.91908129967916,9.369021381559056,-0.2519564780944563,-13.333204847366028,0,0,1.2,153.34677253451275,-0.8,-0.004199274634907605
124.58575090523605,18.688008617480406,-0.22740498557729438,-6.666614589887384,0,0,1.2,153.34612837922046,-0.8,-0.0037900830929549064
124.47464059871476,124474640.59871477,-0.2048607111090348,-4.321157477308045e-07,0,0,1.2,153.34593215513098,-0.8,-0.0034143451851505803
124.49686269426148,93.37313634073331,-0.18434051099006865,1.3333263460268998,0,0,1.2,153.34596628413905,-0.8,-0.0030723418498344777
124.56352905016429,46.71152051587978,-0.1658132816835689,2.6666554133646407,0,0,1.2,153.34605946234655,-0.8,-0.0027635546947261482
124.6746397414041,31.168766133239192,-0.14909206076362125,3.9999863712425814,0,0,1.2,153.34619935509812,-0.8,-0.0024848676793936876
124.83019482131347,23.40572592600843,-0.13400679751268285,5.333318659542289,0,0,1.2,153.3463754122727,-0.8,-0.002233446625211381
125.03019432699693,18.7545708021925,-0.12040287375091907,6.6666518602697264,0,0,1.2,153.34657865628319,-0.8,-0.002006714562515318
125.27463828350356,10.597371075020842,-0.10813975108555951,11.821293922488902,0,0,1.4,153.34680149157344,-0.8,-0.0018023291847593251
125.69090853250636,9.554668660413927,-0.08135224143518371,13.154920698951917,0,0,1.4,153.36277502611526,-0.8,-0.0013558706905863953
126.15163296016631,8.706991441293347,-0.05734891948364407,14.488544500214598,0,0,1.4,153.37864312392327,-0.8,-0.0009558153247274012
126.65739748566219,8.00212039364691,-0.128575255249757,15.827979492312906,0,0,1.3,153.30168189620878,-0.8,-0.002142920920829283
127.20722329896682,7.412330677563119,-0.13048672319760612,17.16156885499171,0,0,1.3,153.28691290273596,-0.8,-0.002174778719960102
127.80150204751207,6.909998746930362,-0.13207451908243684,18.495155603940667,0,0,1.3,153.27227643453136,-0.8,-0.0022012419847072806
128.4664693311752,6.436466118102581,-0.04191094178710841,19.95916190250157,0,0,1.2,153.34923255991845,-0.8,-0.0006985156964518068
129.1539969609966,6.065704913547974,-0.03738251247131075,21.292495893185706,0,0,1.2,153.34956989505554,-0.8,-0.0006230418745218457
129.88596905622936,5.740605761802419,-0.03331540577710257,22.625829824525024,0,0,1.2,153.3498987505026,-0.8,-0.0005552567629517095
190.85137111522167,9.858230973579571,-14.538354662955612,19.359596222355766,0,0,1.1,138.8415279527464,0.8,-0.16153727403284013
191.3902632542622,14.76392367336995,-13.52865403990964,12.96337393016177,0,0,1.1,138.88200493159533,0.8,-0.1503183782212182
191.7148969256823,29.467366591331018,-12.604117960965738,6.506007122539506,0,0,1.1,138.90463074121192,0.8,-0.14004575512184153
191.82344842426195,191823448.42426196,-11.756759866399108,-1.692213215283573e-08,0,0,1.1,138.9117143050475,0.8,-0.1306306651822123
191.80165216550802,146.53088051342678,-10.97426914812209,-1.3089503829735947,0,0,1.1,138.91042103223123,0.8,-0.12193632386802322
191.73611708171467,73.0662921175421,-10.246304813057463,-2.6241391416614905,0,0,1.1,138.90676742408772,0.8,-0.11384783125619403
191.62665607892836,48.58262509380945,-9.568919313566084,-3.9443454467293915,0,0,1.1,138.90106593604193,0.8,-0.10632132570628983
191.47311908261534,36.342561421867444,-8.938461339087524,-5.268564228590814,0,0,1.1,138.89359595628275,0.8,-0.0993162371009725
191.27538646007662,28.99882590086705,-8.351552893685579,-6.595970026991941,0,0,1.1,138.88460697907885,0.8,-0.09279503215206199
191.03336354917664,24.102459634533023,-7.805068171485146,-7.925886670730975,0,0,1.1,138.8743215083669,0.8,-0.08672297968316829
190.7469761139346,20.604005409815358,-7.296114095043066,-9.257761892406918,0,0,1.1,138.86293770670997,0.8,-0.08106793438936741
190.416166575655,17.97880652000576,-6.822012389327057,-10.591146101036855,0,0,1.1,138.85063180608978,0.8,-0.07580013765918953
190.04089089219784,15.935441510179736,-6.380283071922378,-11.925674652365146,0,0,1.1,138.8375602975393,0.8,-0.07089203413247086
189.6211159782913,14.299099412082379,-5.968629248087893,-13.261053057513974,0,0,1.1,138.82386191657898,0.8,-0.06631810275653215
189.15681757697007,12.958569492710449,-5.5849231071442205,-14.597044657080087,0,0,1.1,138.80965944098347,0.8,-0.06205470119049134
188.64797850673395,11.839736894898877,-5.227193024282315,-15.93346036160757,0,0,1.1,138.79506131670243,0.8,-0.05807992249202572
188.09458722125893,10.891311649893927,-4.893611679134722,-17.27015012219312,0,0,1.1,138.78016312689786,0.8,-0.054373463101496905
187.49663662879692,10.076674287319282,-4.58248510931773,-18.606995848297586,0,0,1.1,138.76504891810586,0.8,-0.050916501214641446
186.85412312706532,9.368983562389058,-4.292242623597048,-19.943905534979738,0,0,1.1,138.7497923965387,0.8,-0.047691584706633865
186.1670458167095,8.748119071334036,-4.021427505345287,-21.280808399915863,0,0,1.1,138.73445800655065,0.8,-0.044682527837169854
185.43540586250492,8.198703171596282,-3.768688442553696,-22.61765086275233,0,0,1.1,138.71910190231924,0.8,-0.0418743160283744
184.65920597664973,7.708782444663501,-3.532771625839331,-23.954393226453334,0,0,1.1,138.70377282286336,0.8,-0.039253018064881455
183.83845000270426,7.268925686356931,-3.3125134606764277,-25.291006943123826,0,0,1.1,138.68851287963696,0.8,-0.03680570511862698
182.97314258238958,6.871592619366754,-3.1068338444907226,-26.627472365969698,0,0,1.1,138.6733582651109,0.8,-0.03452037604989692
182.06328889043502,6.510683070740136,-2.9147299633138175,-27.963776905168572,0,0,1.1,138.6583398899884,0.8,-0.03238588848126464
181.10889442518058,6.181209180295737,-2.735270566425555,-29.29991351894606,0,0,1.1,138.6434839559891,0.8,-0.03039189518250617
180.10996484473722,5.879053184931977,-2.56759068083673,-30.635879482492072,0,0,1.1,138.6288124704829,0.8,-0.028528785342630335
179.06650584025826,5.60078581036372,-2.4108867306046875,-31.97167538685603,0,0,1.1,138.61434370865916,0.8,-0.026787630340052083
177.97852303933547,5.343528292985979,-2.2644120288551335,-33.307304327920114,0,0,1.1,138.6000926283684,0.8,-0.025160133653945926
176.84602193375105,5.104846279364851,-2.1274726130218085,-34.64277125221376,0,0,1.1,138.58607124227805,0.8,-0.023638584589131206
175.66900782682697,4.88266733390531,-1.999423396234988,-35.97808243190744,0,0,1.1,138.57228895153008,0.8,-0.02221581551372209
174.4474857964597,4.675216148621403,-1.8796646100032603,-37.31324504598565,0,0,1.1,138.55875284467947,0.8,-0.02088516233336956
173.18146067062517,4.48096317875045,-1.7676385153638137,-38.648266848494416,0,0,1.1,138.5454679653187,0.8,-0.01964042794848682
171.87093701272283,4.298583568744331,-1.6628263615347123,-39.983155908011916,0,0,1.1,138.53243755145687,0.8,-0.018475848461496802
170.51591911460847,4.1269240426999305,-1.5647455728057196,-41.31792040520643,0,0,1.1,138.51966324941688,0.8,-0.01738606192006355
169.11641099556456,3.9649760150865943,-1.4729471459652643,-42.6525684776106,0,0,1.1,138.50714530473695,0.8,-0.01636607939961405
167.672416405789,3.81185360070919,-1.387013241991582,-43.98710810262854,0,0,1.1,138.49488273231296,0.8,-0.01541125824435091
166.18393883325288,3.6667755138980853,-1.3065549570478083,-45.32154701136466,0,0,1.1,138.48287346779063,0.8,-0.014517277300531204
164.65098151300552,3.529050077955564,-1.231210259023328,-46.65589262717136,0,0,1.1,138.47111450201191,0.8,-0.013680113989148089
163.07354743818743,3.398062739142252,-1.1606420769678039,-47.99015202390021,0,0,1.1,138.45960200013255,0.8,-0.012896023077420042
161.45163937216594,3.2732656105779228,-1.0945365317771234,-49.3243318997447,0,0,1.1,138.4483314068587,0.8,-0.012161517019745816
159.78525986133022,3.154168671457031,-1.0326012974212517,-50.658438563312245,0,0,1.1,138.4372975390961,0.8,-0.011473347749125019
158.0744112481863,3.040332323908302,-0.9745640828580235,-51.992477929183735,0,0,1.1,138.42649466716458,0.8,-0.010828489809533595
156.31909568447267,2.9313610694357166,-0.9201712255650705,-53.326455520733205,0,0,1.1,138.4159165856003,0.8,-0.010224124728500783
154.51931514408673,2.82689811339179,-0.8691863883427686,-54.66037647840453,0,0,1.1,138.40555667445162,0.8,-0.009657626537141873
152.67507143566434,2.7266207424719884,-0.821389351710593,-55.994245571992245,0,0,1.1,138.39540795186093,0.8,-0.009126548352339923
150.78636621469911,2.630236349102672,-0.7765748948316684,-57.32806721576226,0,0,1.1,138.3854631186258,0.8,-0.008628609942574094
148.85320099512364,2.537478999564658,-0.7345517584693937,-58.661845485484456,0,0,1.1,138.37571459533262,0.8,-0.008161686205215485
146.87557716030008,2.4481064610652026,-0.6951416840044828,-59.99558413664438,0,0,1.1,138.36615455256623,0.8,-0.007723796488938698
144.8534959733925,2.361897617743671,-0.6581785230283685,-61.329286623258284,0,0,1.1,138.35677493460872,0.8,-0.007313094700315206
142.7869585871072,2.2786502175360788,-0.6235074124814446,-62.66295611684701,0,0,1.1,138.34756747695374,0.8,-0.006927860138682717
140.6759660528024,2.198178901522156,-0.5909840107275954,-63.99659552522754,0,0,1.1,138.3385237178755,0.8,-0.006566489008084393
138.52051932897788,2.120313475292985,-0.5604737903520061,-65.33020751086681,0,0,1.1,138.32963500420257,0.8,-0.006227486559466734
136.32061928916195,2.04489738836506,-0.5318513838442698,-66.66379450861017,0,0,1.1,138.3208924913535,0.8,-0.005909459820491887
134.0762667292196,1.971786393007636,-0.5049999786819512,-67.99735874265178,0,0,1.1,138.31228713759288,-0.8,-0.008416666311365855
131.92078817980132,2.150952445891736,-0.462345982849655,-61.33133646527919,0,0,1.1,138.30444113555697,-0.8,-0.007705766380827583
129.9875126676749,2.377885048818739,-0.42265065338060026,-54.66517935013248,0,0,1.1,138.29790186674106,-0.8,-0.007044177556343337
128.27644426792742,2.6724864895424396,-0.38574759469190667,-47.998912162841215,0,0,1.1,138.2925398600917,-0.8,-0.006429126578198444
126.78758629851973,3.0674993210296986,-0.35148184654946135,-41.33255561926568,0,0,1.1,138.28823084876495,-0.8,-0.0058580307758243555
125.52094144499524,3.620852755316274,-0.31970838405703716,-34.666126994725374,0,0,1.1,138.28485612660242,-0.8,-0.005328473067617286
124.47651186642344,4.445646765897178,-0.29029073671739525,-27.999640642007414,0,0,1.1,138.28230293553636,-0.8,-0.00483817894528992
123.65429928536847,5.7963563853758275,-0.26309973913907925,-21.33310843297136,0,0,1.1,138.28046485944293,-0.8,-0.004384995652317988
123.05430506422071,8.390138636813719,-0.2380124253468523,-14.666540136093918,0,0,1.1,138.27924219932126,-0.8,-0.003966873755780872
122.67653026985322,15.334674124500149,-0.21491107669402254,-7.999943740170742,0,0,1.1,138.2785423054394,-0.8,-0.003581851278233709
122.52097572825568,91.89125562872456,-0.1936824301649267,-1.3333257325733665,0,0,1.1,138.2782798442991,-0.8,-0.0032280405027487785
122.5307534610792,114.87311328606563,-0.17430033335062944,1.066661727500533,0,0,1.1,138.27829369809692,-0.8,-0.002905005555843824
122.58853100060313,51.07874591393692,-0.15679278393170648,2.39999101009946,0,0,1.1,138.27837121418077,-0.8,-0.0026132130655284413
122.69075287987444,32.86369405037633,-0.14098987574016064,3.7333220267874747,0,0,1.1,138.27849484397913,-0.8,-0.0023498312623360107
122.83741914790727,24.244286786454875,-0.12673138991877408,5.066654269101277,0,0,1.1,138.2786543422265,-0.8,-0.002112189831979568
123.0285298389716,19.223245762622444,-0.11387161264474344,6.399987356879527,0,0,1.1,138.27884098050865,-0.8,-0.001897860210745724
123.26408497636181,10.66779001082528,-0.1022780672851411,11.554791090870552,0,0,1.3,138.27904736460377,-0.8,-0.0017046344547523517
123.6714718569918,9.595548426564632,-0.07584509060390587,12.888421417854099,0,0,1.3,138.29525253455648,-0.8,-0.0012640848433984311
124.12331303473916,8.727526882879827,-0.052161801931987384,14.222048777440387,0,0,1.3,138.311351314168,-0.8,-0.000869363365533123
124.62016263569464,8.008404856238844,-0.1251930970603894,15.561171653130264,0,0,1.2,138.2331038388464,-0.8,-0.0020865516176731564
125.16109493466347,7.408276405489016,-0.12771178827699714,16.894765811103895,0,0,1.2,138.21806583792375,-0.8,-0.002128529804616619
125.7464803268674,6.898398941852672,-0.1298426048356589,18.22835724445595,0,0,1.2,138.20316384253738,-0.8,-0.0021640434139276483
126.40258332481689,6.4188192504311,-0.0386721689633589,19.69249769984214,0,0,1.1,138.28135001792612,-0.8,-0.000644536149389315
127.08122214612251,6.044052128800616,-0.03448729183787691,21.025831584172746,0,0,1.1,138.28166767815526,-0.8,-0.0005747881972979485
127.80430542947339,5.715969403480138,-0.03072862738343929,22.359165420245326,0,0,1.1,138.2819776134259,-0.8,-0.0005121437897239882
188.86637996054287,9.893512216752963,-14.671306213681248,19.089922347367207,0,0,1.0,123.63832716438974,0.8,-0.1630145134853472
189.39634859392547,14.916076964563311,-13.652608476114722,12.697463887044934,0,0,1.0,123.6789378210442,0.8,-0.15169564973460803
189.71216815348808,30.388321587421057,-12.719977058664739,6.242930120629549,0,0,1.0,123.70139534008655,0.8,-0.1413330784296082
189.8121266285695,3636.6799959642226,-11.865317758096836,-0.05219379402070351,0,0,1.0,123.70805617007682,0.8,-0.13183686397885375
189.7885959951759,139.46441885016893,-11.075722197878235,-1.36083882584469,0,0,1.0,123.70663054642229,0.8,-0.12306357997642484
189.72133507838097,70.90220382284743,-10.341166609148644,-2.6758171798497106,0,0,1.0,123.70280465529333,0.8,-0.11490185121276271
189.61015395765193,47.45131523219407,-9.657663684823774,-3.9958882705322365,0,0,1.0,123.69689647234163,0.8,-0.10730737427581971
189.4549003281878,35.61161649346964,-9.021525610357173,-5.320030905166282,0,0,1.0,123.68919030115329,0.8,-0.10023917344841303
189.25545281338037,28.47057013459278,-8.429340865827953,-6.647406494449793,0,0,1.0,123.67994000499205,0.8,-0.09365934295364392
189.0117154025891,23.693611491527225,-7.877952848793598,-7.977328212298037,0,0,1.0,123.66937196430453,0.8,-0.08753280943103997
188.72361283164523,20.27273017006069,-7.364440181383429,-9.309235176935236,0,0,1.0,123.65768777512847,0.8,-0.08182711312648255
188.39108675211463,17.701485762923948,-6.886098572734397,-10.642670862504822,0,0,1.0,123.64506670501859,0.8,-0.07651220636371553
188.01409255969807,15.697581331851415,-6.440424115862072,-11.977265069377614,0,0,1.0,123.63166792370862,0.8,-0.07156026795402302
187.59259677280315,14.091230980592112,-6.025097906118958,-13.312718883905523,0,0,1.0,123.61763252572761,0.8,-0.06694553229021065
187.12657486981277,12.77419824108463,-5.637971876337247,-14.648792146341723,0,0,1.0,123.60308536176805,0.8,-0.06264413195930274
186.6160095083386,11.674231386668836,-5.277055751441367,-15.98529302078432,0,0,1.0,123.58813669490813,0.8,-0.058633952793792965
186.0608890622063,10.741262234426353,-4.94050503266206,-17.322069324950526,0,0,1.0,123.57288369692466,0.8,-0.054894500362911776
185.46120642240288,9.939503359469773,-4.626609928441383,-18.65900133186296,0,0,1.0,123.55741179896788,0.8,-0.05140677698268203
184.81695801703458,9.242698380808635,-4.333785155646183,-19.99599580148423,0,0,1.0,123.541795909867,0.8,-0.048153168396068695
184.1281430127502,8.631149236699436,-4.060560540813924,-21.332981039169365,0,0,1.0,123.52610151432285,0.8,-0.04511733934237693
183.39476266630135,8.089790423839554,-3.805572356823717,-22.669902810567375,0,0,1.0,123.51038566225878,0.8,-0.0422841372980413
182.61681980010502,7.606903917730505,-3.5675553356449257,-24.006720970203624,0,0,1.0,123.49469785964932,0.8,-0.03963950372938806
181.79431838008395,7.173239203607979,-3.3453353026662853,-25.3434066842,0,0,1.0,123.47908087025165,0.8,-0.037170392251847616
180.92726317764792,6.7813968914480975,-3.137822382588581,-26.67994014711219,0,0,1.0,123.46357143681824,0.8,-0.03486469313987312
180.01565950078654,6.425388204024533,-2.9440047309798842,-28.01630870925962,0,0,1.0,123.4482009295877,0.8,-0.03271116367755427
179.0595129817754,6.100314466486004,-2.7629427493765775,-29.352505344682665,0,0,1.0,123.43299592912568,0.8,-0.030699363881961973
178.05882941113447,5.802130127723674,-2.5937637452884985,-30.688527401399657,0,0,1.0,123.417978749922,0.8,-0.028819597169872205
177.013614609257,5.527464981721038,-2.435657001652203,-32.02437558530526,0,0,1.0,123.40316791053908,0.8,-0.027062855573913365
175.9238743286122,5.273489032087444,-2.287869223197845,-33.36005313714949,0,0,1.0,123.38857855554994,0.8,-0.02542076914664272
174.7896141806602,5.037808530577399,-2.1497003298717914,-34.69556516881499,0,0,1.0,123.37422283399616,0.8,-0.023885559220797683
173.6108395826498,4.818385114487057,-2.020499569908992,-36.030918130779504,0,0,1.0,123.36011023863415,0.8,-0.022449995221211022
172.3875557203227,4.613472272384044,-1.8996619273963518,-37.366119387391535,0,0,1.0,123.34624790981952,0.8,-0.021107354748848353
171.11976752326345,4.4215649578675595,-1.786624801223752,-38.70117688054761,0,0,1.0,123.33264090749906,0.8,-0.01985138668026391
169.8074796502213,4.24135928477885,-1.6808649342061983,-40.036098865667135,0,0,1.0,123.31929245443501,0.8,-0.018676277046735537
168.4506964822226,4.071720028017229,-1.5818955728851734,-41.37089370662147,0,0,1.0,123.30620415347562,0.8,-0.017576617476501927
167.0494221216972,3.9116542226817796,-1.4892638400996248,-42.70556971857555,0,0,1.0,123.29337618140218,0.8,-0.016547376001106943
165.60366039617676,3.7602895679042763,-1.4025483038668654,-44.040135049618726,0,0,1.0,123.2808074616283,0.8,-0.015583870042965171
164.1134148654014,3.61685664598232,-1.321356727442918,-45.374597593659686,0,0,1.0,123.26849581779445,0.8,-0.014681741416032424
162.57868883089805,3.480674193490542,-1.2453239866496517,-46.7089649283889,0,0,1.0,123.25643811009152,0.8,-0.01383693318499613
160.9994853472821,3.35113683063728,-1.174110141674987,-48.043244273217304,0,0,1.0,123.24463035595619,0.8,-0.01304566824083319
159.3758072346877,3.227704783496139,-1.107398651579274,-49.37744246301772,0,0,1.0,123.23306783660693,0.8,-0.012304429461991933
157.707657091859,3.10989523171725,-1.0448947206817536,-50.71156593425643,0,0,1.0,123.22174519073249,0.8,-0.011609941340908373
155.9950373095361,2.9972749896975093,-0.986323766869674,-52.045620720733204,0,0,1.0,123.21065649649913,0.8,-0.010959152965218601
154.23795008385505,2.889454287609452,-0.9314300026667297,-53.379612456669655,0,0,1.0,123.19979534291076,0.8,-0.010349222251852553
152.43639742954815,2.786081464287169,-0.8799751206325084,-54.71354638531708,0,0,1.0,123.18915489143387,0.8,-0.009777501340361204
150.59038119278537,2.686838419796285,-0.8317370753393618,-56.04742737161063,0,0,1.0,123.17872792868485,0.8,-0.009241523059326242
148.6999030635431,2.591436703844567,-0.786508954796659,-57.38125991768852,0,0,1.0,123.1685069108716,0.8,-0.008738988386629546
146.76496458742076,2.499614138723839,-0.744097934768007,-58.715048180336595,0,0,1.0,123.15848400058047,0.8,-0.008267754830755633
144.7855671768535,2.4111318935003148,-0.704324309960839,-60.04879598961458,0,0,1.0,123.1486510964031,0.8,-0.007825825666231544
142.76171212169223,2.325771940668768,-0.6670205965624803,-61.38250686808165,0,0,1.0,123.13899985580407,0.8,-0.007411339961805336
140.69340059913864,2.2433348382068283,-0.63203070105709,-62.716184050170384,0,0,1.0,123.12952171153862,0.8,-0.007022563345078778
138.5806336830363,2.1636377894877477,-0.599209150690001,-64.04983050136408,0,0,1.0,123.12020788183523,0.8,-0.006657879452111122
136.42341235252894,2.086512941281958,-0.5684203813498243,-65.3834489369187,0,0,1.0,123.11104937446277,0.8,-0.006315782014998048
134.22173750010438,2.0118058864497304,-0.5395380790216677,-66.71704183994007,0,0,1.0,123.10203698470093,-0.8,-0.008992301317027796
132.10893474529058,2.1999418468238114,-0.49378938939651107,-60.05110313985082,0,0,1.0,123.0938318664239,-0.8,-0.008229823156608519
130.21833255741598,2.439230223718298,-0.451228354085913,-53.38501109539164,0,0,1.0,123.08701396279484,-0.8,-0.00752047256809855
128.5499355680794,2.751567933875853,-0.4116756176462957,-46.718794032100895,0,0,1.0,123.08144386382588,-0.8,-0.006861260294104928
127.10374754327209,3.173430495016237,-0.37496397206814436,-40.05247562311011,0,0,1.0,123.07698794763942,-0.8,-0.006249399534469072
125.87977152662461,3.7704273204103274,-0.3409367554087339,-33.38607559021331,0,0,1.0,123.073518767092,-0.8,-0.005682279256812232
124.8780099610558,4.67364638024484,-0.3094463832320571,-26.719610300194294,0,0,1.0,123.0709154637278,-0.8,-0.005157439720534285
124.09846479202818,6.188494867107441,-0.2803530260532625,-20.053093273394428,0,0,1.0,123.0690641825834,-0.8,-0.004672550434221042
123.54113755509574,9.228760978528019,-0.25352344500566915,-13.386535618652513,0,0,1.0,123.06785846102565,-0.8,-0.0042253907500944855
123.20602945000027,18.334376794208378,-0.22882999555199035,-6.719946406300521,0,0,1.0,123.06719956597878,-0.8,-0.003813833259199839
123.09314140321821,2308.011310613295,-0.2061498053704156,-0.053332988810401175,0,0,1.0,123.06699675660516,-0.8,-0.0034358300895069266
123.11500225774887,93.08138673497933,-0.18550067069776333,1.3226597344137236,0,0,1.0,123.06703091074075,-0.8,-0.003091677844962722
123.18131305876815,46.37870309066488,-0.1668562955270545,2.655988737286665,0,0,1.0,123.06712521884168,-0.8,-0.0027809382587842416
123.29206819342988,30.905537485696094,-0.15002877178739027,3.9893196567279485,0,0,1.0,123.06726711302863,-0.8,-0.0025004795297898378
123.4472677158057,23.19281242719611,-0.13484715713147466,5.322651925173606,0,0,1.0,123.06744585050582,-0.8,-0.002247452618857911
123.64691166352245,18.57680109746092,-0.12115600321050124,6.65598511901075,0,0,1.0,123.06765228871366,-0.8,-0.0020192667201750208
123.89100006198855,10.489806659415768,-0.10881399983330198,11.81060853498025,0,0,1.2,123.06787869176979,-0.8,-0.0018135666638883663
124.30691418724727,9.457140688066414,-0.08177897299941606,13.144238653878247,0,0,1.2,123.08403231862034,-0.8,-0.001362982883323601
124.76728260155143,8.617795253767339,-0.0575551842886739,14.477865733350814,0,0,1.2,123.10007821003114,-0.8,-0.0009592530714778983
125.2726948375514,7.9199600078936925,-0.12961046279207267,15.817339318973099,0,0,1.1,123.02226741309886,-0.8,-0.002160174379867878
125.82216602305846,7.336171048274404,-0.13157649392971393,17.150931350306237,0,0,1.1,123.00734033568203,-0.8,-0.002192941565495232
126.41609023180705,6.8390245119265485,-0.133210551667446,18.484520710716932,0,0,1.1,122.99254862855132,-0.8,-0.0022201758611241
127.0806977296578,6.370440333091404,-0.042087985278953965,19.948495093743222,0,0,1.0,123.07035013977308,-0.8,-0.0007014664213158995
127.767869799297,6.003613188161806,-0.03753654858473965,21.2818290910606,0,0,1.0,123.0706927779394,-0.8,-0.0006256091430789941
128.49948633455955,5.682005748658812,-0.03344889330344358,22.615163028458877,0,0,1.0,123.07102677836222,-0.8,-0.000557481555057393
189.66584956155054,9.80260581642454,-14.54700531021058,19.3485133558834,0,0,0.9,108.55412547212475,0.8,-0.16163339233567312
190.20437730694246,14.684673809992127,-13.53647789102331,12.952577617183342,0,0,0.9,108.59485253729795,0.8,-0.150405309900259
190.52865470139287,29.33278837283485,-12.611290624666083,6.495415719763001,0,0,0.9,108.61760794425362,0.8,-0.1401254513851787
190.63685598813322,91278.07304180521,-11.763428820247611,-0.0020885284892114436,0,0,0.9,108.62471704036102,0.8,-0.1307047646694179
190.61499049774469,145.3947508673815,-10.980506499242836,-1.3110170027500496,0,0,0.9,108.62341077334932,0.8,-0.12200562776936484
190.54938680694707,72.55735132254443,-10.252155099473839,-2.626189949518473,0,0,0.9,108.6197284065021,0.8,-0.11391283443859822
190.43985764244474,48.256784261633946,-9.574422037027375,-3.946385167522486,0,0,0.9,108.61398446231698,0.8,-0.10638246707808195
190.2862527905747,36.10336174363867,-8.943651535189673,-5.2705965206717265,0,0,0.9,108.6064601616862,0.8,-0.09937390594655192
190.08845251113183,28.810020985610056,-8.356461639125115,-6.597997710799192,0,0,0.9,108.59740662207145,0.8,-0.09284957376805683
189.84636205929758,23.946578143792916,-7.809723035067293,-7.927911909556347,0,0,0.9,108.58704778352092,0.8,-0.08677470038963658
189.55990713585953,20.47130465825999,-7.300539538445207,-9.259786335082156,0,0,0.9,108.5755830778052,0.8,-0.08111710598272452
189.22903011410435,17.863303652395082,-6.826230123034463,-10.59317099436603,0,0,0.9,108.5631898573196,0.8,-0.0758470013670496
188.85368691575275,15.833201052817795,-6.384312371211735,-11.927700929569319,0,0,0.9,108.55002560094002,0.8,-0.07093680412457483
188.43384442864982,14.207395599587967,-5.972487233433128,-13.263081407694077,0,0,0.9,108.53622991397116,0.8,-0.0663609692603681
187.96947837614593,12.875437033676356,-5.588624992966118,-14.599075579687296,0,0,0.9,108.52192633887599,0.8,-0.06209583325517908
187.460571562642,11.763712446123396,-5.230752339544495,-15.935494209093626,0,0,0.9,108.50722399276653,0.8,-0.05811947043938327
186.90711243204012,10.82127648276013,-4.897040462918483,-17.272187133358102,0,0,0.9,108.49221904675622,0.8,-0.05441156069909425
186.30909388615694,10.011754082308101,-4.585794084166736,-18.609036174328946,0,0,0.9,108.47699606131341,0.8,-0.05095326760185262
185.6665123188446,9.308482133433952,-4.295441349120608,-19.945949259758763,0,0,0.9,108.46162919074843,0.8,-0.04772712610134009
184.97936682885205,8.691473112880088,-4.0245245142966155,-21.282855555835177,0,0,0.9,108.44618326896436,0.8,-0.04471693904774017
184.24765858056222,8.145450506703655,-3.771691361355579,-22.61970144302363,0,0,0.9,108.43071478761897,0.8,-0.04190768179283977
183.47139028692104,7.658539214767229,-3.5356872813124482,-23.956447194675285,0,0,0.9,108.41527277690504,0.8,-0.03928541423680498
182.65056579309467,7.221369623498742,-3.315347974531335,-25.293064240714045,0,0,0.9,108.39989959826534,0.8,-0.03683719971701483
181.7851897430491,6.826450554099808,-3.1095927169704964,-26.629532917933922,0,0,0.9,108.3846316575241,0.8,-0.03455103018856107
180.87526731422787,6.4677214514078365,-2.917418147221497,-27.965840624576764,0,0,0.9,108.36950004614172,0.8,-0.03241575719134997
179.92080400802283,6.14022677314204,-2.7378925326327135,-29.30198031040388,0,0,0.9,108.35453111758241,0.8,-0.030421028140363484
178.9218054858316,5.8398753799100485,-2.5701504762472496,-30.63794924483261,0,0,0.9,108.33974700512567,0.8,-0.02855722751385833
177.8782774422504,5.563260126949866,-2.413388029440057,-31.97374801522621,0,0,0.9,108.32516608684973,0.8,-0.026815422549333966
176.79022550840847,5.307520795011537,-2.2668581780303043,-33.30937971539765,0,0,0.9,108.31080340296349,0.8,-0.025187313089225602
175.6576551796722,5.070238686967052,-2.129866672296515,-34.64484929105936,0,0,0.9,108.2966710301619,0.8,-0.023665185247739057
174.48057176295825,4.849354676144154,-2.0017681737480757,-35.980163014533765,0,0,0.9,108.28277841722391,0.8,-0.022241868597200842
173.25898033973937,4.643104839776858,-1.881962693730884,-37.3153280657057,0,0,0.9,108.26913268565788,0.8,-0.020910696597009823
171.99288574152752,4.449969429802319,-1.7698923009830878,-38.650352200097686,0,0,0.9,108.25573889882365,0.8,-0.019665470010923197
170.68229253520107,4.268632066365843,-1.665038077120471,-39.98524348820575,0,0,0.9,108.24260030262073,0.8,-0.018500423079116344
169.32720501602466,4.097946843506469,-1.5669173007423751,-41.32001011295142,0,0,0.9,108.22971854052413,0.8,-0.017410192230470835
167.92762720661025,3.9369116144085123,-1.475080842413547,-42.654660214372115,0,0,0.9,108.21709384547013,0.8,-0.0163897871379283
166.4835628603981,3.784646143868947,-1.389110754214073,-43.98920177256155,0,0,0.9,108.20472521084204,0.8,-0.015434563935711923
164.99501546850965,3.6403741246181047,-1.3086180388643527,-45.32364252144511,0,0,0.9,108.19261054257748,0.8,-0.01454020043182614
163.46198826904865,3.503408283638818,-1.2332405846400434,-46.65798988728448,0,0,0.9,108.18074679421082,0.8,-0.013702673162667149
161.8844842581121,3.3731379767381133,-1.1626412533979078,-47.99225094689349,0,0,0.9,108.16913008647697,0.8,-0.012918236148865642
160.26250620192448,3.249018799851545,-1.096506110050882,-49.326432401452166,0,0,0.9,108.15775581293079,0.8,-0.012183401222787577
158.59605664963246,3.130563844927818,-1.034542782763367,-50.66054056255455,0,0,0.9,108.14661873288159,0.8,-0.011494919808481857
156.88513794639996,3.0173363046646378,-0.9764789439954598,-51.99458134774837,0,0,0.9,108.13571305279862,0.8,-0.010849766044393997
155.12975224652521,2.908943189583822,-0.9220609033138771,-53.3285602833376,0,0,0.9,108.12503249721384,0.8,-0.010245121147931968
153.3299015263682,2.805029967142441,-0.8710523036128563,-54.662482512644765,0,0,0.9,108.11457037002725,0.8,-0.009678358929031737
151.48558759693245,2.705275968875863,-0.8232329130571543,-55.996352808279305,0,0,0.9,108.10431960700876,0.8,-0.009147032367301714
149.59681211598667,2.609390440263416,-0.7783975056762813,-57.33017558724749,0,0,0.9,108.09427282018582,0.8,-0.008648861174180903
147.66357659964822,2.5171091308272944,-0.7363548241085596,-58.663954927975595,0,0,0.9,108.08442233470846,0.8,-0.008181720267872884
145.6858824333772,2.428191340226428,-0.6969266185217577,-59.99769458851297,0,0,0.9,108.07476021868803,0.8,-0.007743629094686197
143.66373088235156,2.3424173507832893,-0.6599467562255654,-61.33139802533965,0,0,0.9,108.06527830641609,0.8,-0.007332741735839616
141.5971231012111,2.259586188744084,-0.625260396947283,-62.66506841233313,0,0,0.9,108.05596821527935,0.8,-0.0069473377438587
139.48606014317096,2.1795136662081633,-0.5927232291662676,-63.998708659553216,0,0,0.9,108.0468213565972,0.8,-0.0065858136574029735
137.33054296851475,2.102030663525642,-0.5622007633038493,-65.33232143158958,0,0,0.9,108.03782894051521,0.8,-0.006246675147820548
135.13057245248606,2.0269816184079823,-0.5335676779400842,-66.66590916528358,0,0,0.9,108.02898197499204,-0.8,-0.008892794632334737
133.01947439060118,2.2169929160118134,-0.488263187650432,-59.999954636703215,0,0,0.9,108.02092969748769,-0.8,-0.008137719794173865
131.13057737041734,2.4586745128322134,-0.44612553550231837,-53.333849879691684,0,0,0.9,108.01424103087076,-0.8,-0.007435425591705306
129.463885928399,2.774169294086306,-0.4069756269325353,-46.66762270218225,0,0,0.9,108.00877838589031,-0.8,-0.006782927115542255
128.01940375143784,3.2003813748506498,-0.37064644800040014,-40.0012963321948,0,0,0.9,108.00441000212919,-0.8,-0.006177440800006669
126.79713381783529,3.80373636750912,-0.3369814888895064,-33.334890109870706,0,0,0.9,108.00101031644004,-0.8,-0.0056163581481584405
125.79707851696719,4.717080282908467,-0.30583330016605714,-26.66842007603122,0,0,0.9,107.99846035627453,-0.8,-0.005097221669434286
125.019239750796,6.250368366928102,-0.27706219415608757,-20.00189947400489,0,0,0.9,107.99664813226792,-0.8,-0.0046177032359347924
124.46361901988622,9.33336732965021,-0.25053510278047497,-13.335339178657483,0,0,0.9,107.99546900422791,-0.8,-0.004175585046341249
124.13021749615383,18.613721241547523,-0.22612460081717245,-6.668748064147639,0,0,0.9,107.99482599591319,-0.8,-0.003768743346952874
124.01903608423157,58134.28983863536,-0.20370809995918648,-0.002133319877622552,0,0,0.9,107.99463003668944,-0.8,-0.0033951349993197747
124.04124395280488,93.06118864110111,-0.18330325051948648,1.332899845403664,0,0,0.9,107.99466407613322,-0.8,-0.003055054175324775
124.10789609288743,46.54810143599829,-0.1648799513546635,2.666228960240852,0,0,0.9,107.9947570502461,-0.8,-0.0027479991892443915
124.21899256952116,31.058164971178684,-0.14825235857281882,3.9995599445361227,0,0,0.9,107.99489664789247,-0.8,-0.0024708726428803135
124.37453343544423,23.322153858486097,-0.1332514318389144,5.332892244435168,0,0,0.9,107.99507233876908,-0.8,-0.0022208571973152402
124.57451872734819,18.687414598429235,-0.11972346548526502,6.6662254466072195,0,0,0.9,107.99527516193885,-0.8,-0.001995391091421084
124.81894847000329,10.559188704348093,-0.10752874507679167,11.820884346787455,0,0,1.1,107.99549753579879,-0.8,-0.001792145751279861
125.23520508272132,9.52032308003445,-0.08074650832776342,13.154512092699711,0,0,1.1,108.01152689804013,-0.8,-0.0013457751387960571
125.69591590600693,8.675781938061506,-0.056748762894926585,14.488136839235967,0,0,1.1,108.0274499926402,-0.8,-0.0009458127149154431
126.2016635341544,7.9735490649177825,-0.12831580094905348,15.827539594560168,0,0,1.0,107.9502080782966,-0.8,-0.0021385966824842245
126.75147470011292,7.38596324277387,-0.13030791883360848,17.161129907344378,0,0,1.0,107.93538438031712,-0.8,-0.002171798647226808
127.34573883258902,6.885519514535805,-0.1319673227101248,18.494717582856808,0,0,1.0,107.92069418455722,-0.8,-0.00219945537850208
128.010694263128,6.413767733871331,-0.041541671889149256,19.958735578636414,0,0,0.9,107.9979231031072,-0.8,-0.0006923611981524876
128.6982076819778,6.044419840334346,-0.03705144236266733,21.292069558632594,0,0,0.9,107.99825916544478,-0.8,-0.0006175240393777888
129.43016556589788,5.720568284181129,-0.033018688682091124,22.62540348024622,0,0,0.9,107.99858677488909,-0.8,-0.0005503114780348521
190.60793896377245,9.842008668110422,-14.451493706257196,19.366772108357377,0,0,0.8,93.57680988844577,0.8,-0.16057215229174662
191.14701489935678,14.740639019480934,-13.447770614312105,12.967349288368075,0,0,0.8,93.61710006664036,0.8,-0.1494196734923567
191.47173800015463,29.423244470064155,-12.528732071489515,6.507499137118006,0,0,0.8,93.63962056850883,0.8,-0.13920813412766128
191.5803060082518,2292605.5620047795,-11.686433375093884,-8.356444265132268e-05,0,0,0.8,93.64667046013848,0.8,-0.1298492597232654
191.5585018961307,146.30334929494683,-10.90862525058543,-1.3093241051505233,0,0,0.8,93.64538302630737,0.8,-0.121206947228727
191.49295055806496,72.95722794221719,-10.185020335118338,-2.624728981064483,0,0,0.8,93.64174625840208,0.8,-0.11316689261242598
191.3834671229559,48.5117912993226,-9.511694049823973,-3.945091739492792,0,0,0.8,93.6360711880219,0.8,-0.10568548944248858
191.22990330206943,36.2905087391927,-8.885016385027427,-5.269419193772466,0,0,0.8,93.62863591616353,0.8,-0.09872240427808253
191.03214088815972,28.95788421277268,-8.30162909875105,-6.596895666980383,0,0,0.8,93.6196887767714,0.8,-0.09224032331945611
190.79008634828318,24.06883108477405,-7.758424705020985,-7.926853019005857,0,0,0.8,93.60945123058472,0.8,-0.08620471894467761
190.50366633282152,20.575537497970007,-7.252527117343561,-9.258745554113311,0,0,0.8,93.59812050459409,0.8,-0.08058363463715068
190.17282395107176,17.95416419450544,-6.7812738203977005,-10.592129039862007,0,0,0.8,93.58587199371703,0.8,-0.07534748689330778
189.7975156874367,15.913741423830665,-6.342199450965552,-11.92664318418652,0,0,0.8,93.57286144178934,0.8,-0.07046888278850613
189.3777088523341,14.279727902596987,-5.93302067713438,-13.261997017316617,0,0,0.8,93.5592269188895,0.8,-0.06592245196815977
188.91337947893763,12.941083688712643,-5.5516222726694195,-14.5979567108209,0,0,0.8,93.54509061154546,0.8,-0.061684691918549105
188.40451059121074,11.823807231300753,-5.196044291050043,-15.934335439134532,0,0,0.8,93.53056044165358,0.8,-0.057733825456111595
187.8510907808017,10.876686611252302,-4.864470250906635,-17.270984951102974,0,0,0.8,93.5157315290603,0.8,-0.05404966945451817
187.25311304054932,10.063157817909511,-4.55521625144371,-18.607788571823143,0,0,0.8,93.50068751179612,0.8,-0.05061351390493011
186.61057381091854,9.356420056952741,-4.266720942858171,-19.94465539971653,0,0,0.8,93.48550173695207,0.8,-0.047408010476201905
185.92347220288312,8.736383092163297,-3.997536282759654,-21.28151550149627,0,0,0.8,93.47023833419337,0.8,-0.0444170698084406
185.19180936678728,8.18769221643287,-3.7463190151726167,-22.618315939515096,0,0,0.8,93.45495318292977,0.8,-0.04162576683525129
184.4155879818379,7.698411743482816,-3.511822813857407,-23.95501749279092,0,0,0.8,93.43969478323348,0.8,-0.03902025348730452
183.59481184503974,7.2591243828225265,-3.2928910364557282,-25.29159195556497,0,0,0.8,93.42450503971135,0.8,-0.03658767818284143
182.72948554199763,6.86230091899402,-3.0884500403554966,-26.62801991620981,0,0,0.8,93.40941996671454,0.8,-0.03431611155950552
181.8196141849508,6.501850077649948,-2.8975030152118677,-27.96428893523001,0,0,0.8,93.39447032250112,0.8,-0.03219447794679853
180.86520320589327,6.172791233294952,-2.7191242907726973,-29.300392054462836,0,0,0.8,93.37968217925952,0.8,-0.03021249211969664
179.86625819470416,5.871012561521117,-2.552454082064912,-30.636326580793877,0,0,0.8,93.3650774352491,0.8,-0.02836060091183236
178.82278477394337,5.593089705790628,-2.39669363712477,-31.97209309709531,0,0,0.8,93.35067427471827,0.8,-0.026629929301386333
177.73478850340916,5.336148007617121,-2.2511007553184754,-33.30769466096151,0,0,0.8,93.33648758071625,0.8,-0.025012230614649727
176.60227480875812,5.097756565723861,-2.1149856469278348,-34.64313615840173,0,0,0.8,93.32252930541898,0.8,-0.023499840521420387
175.425248929487,4.875845867429298,-1.987707107079359,-35.9784237851589,0,0,0.8,93.30880880213894,0.8,-0.02208563452310399
174.20371588241045,4.668643095242461,-1.8686689792997129,-37.313564632929676,0,0,0.8,93.29533312277997,0.8,-0.0207629886588857
172.93768043745922,4.474620838956625,-1.7573168859995008,-38.64856636161024,0,0,0.8,93.28210728412685,0.8,-0.01952574317777223
171.6271471031982,4.292456082566376,-1.6531352050351984,-39.98343694190709,0,0,0.8,93.26913450602451,0.8,-0.018368168944835537
170.27212011994106,4.120997143618639,-1.5556442731944458,-41.31818445533439,0,0,0.8,93.25641642419627,0.8,-0.017284936368827174
168.87260345873088,3.959236823511276,-1.4643977990015742,-42.65281694085808,0,0,0.8,93.24395328017619,0.8,-0.016271086655573048
167.42860082478447,3.806290449685367,-1.378980468663542,-43.987342279311434,0,0,0.8,93.23174409058076,0.8,-0.01532200520737269
165.94011566426528,3.6613778012341407,-1.299005730280271,-45.32176810826019,0,0,0.8,93.21978679771982,0.8,-0.014433397003114124
164.40715117347432,3.523808140136742,-1.2241137426404691,-46.65610176128785,0,0,0.8,93.20807840334092,0.8,-0.013601263807116324
162.82971030972845,3.3929677433147227,-1.1539694760216719,-47.99035022674685,0,0,0.8,93.19661508711702,0.8,-0.012821883066907465
161.20779580334778,3.2683094616004262,-1.0882609534198195,-49.32452012191267,0,0,0.8,93.18539231131741,0.8,-0.012091788371331328
159.5414101702948,3.149343931580257,-1.026697621560686,-50.658617679219674,0,0,0.8,93.17440491294857,0.8,-0.011407751350674289
157.83055572511006,3.0356321430881152,-0.9690088418937819,-51.99264874186988,0,0,0.8,93.16364718451143,0.8,-0.01076676490993091
156.07523459386823,2.9267791246419828,-0.9149424925533083,-53.32661876661434,0,0,0.8,93.15311294439232,0.8,-0.010166027695036758
154.2754487269474,2.822428555559922,-0.8642636729886704,-54.66053283192557,0,0,0.8,93.14279559778673,0.8,-0.009602929699874115
152.43119991145593,2.722258149974563,-0.816753503630764,-55.99439565012607,0,0,0.8,93.13268818894541,0.8,-0.009075038929230712
150.54248978320473,2.625975686805232,-0.7722080135714577,-57.3282115823224,0,0,0.8,93.1227834454293,0.8,-0.008580089039682864
148.60931983814785,2.533315582682092,-0.7304371097987428,-58.661984655228395,0,0,0.8,93.11307381496395,0.8,-0.008115967886652697
146.63169144324024,2.444035923159874,-0.6912636220511388,-59.99571857915302,0,0,0.8,93.10355149539163,0.8,-0.0076807069116793195
144.60960584668408,2.357915882309086,-0.6545224178420312,-61.32941676658507,0,0,0.8,93.09420845813068,0.8,-0.007272471309355903
142.5430641875516,2.2747534726948584,-0.6200595826520043,-62.66308235093427,0,0,0.8,93.08503646546454,0.8,-0.006889550918355604
140.43206750478453,2.1943635774374566,-0.5877316607110288,-63.996718205092925,0,0,0.8,93.07602708189538,0.8,-0.0065303517856780974
138.2766167455811,2.116576223951325,-0.5574049521839584,-65.3303269595648,0,0,0.8,93.06717167970841,0.8,-0.006193388357599537
136.076712773188,2.041235065437596,-0.5289548629471028,-66.6639110199766,0,0,0.8,93.05846143879965,0.8,-0.005877276254967809
133.8323563741204,1.9681960415382496,-0.5022653034958466,-67.99747258384043,0,0,0.8,93.0498873407211,-0.8,-0.008371088391597444
131.6768741514521,2.146971720090714,-0.45985675379927216,-61.33144322268413,0,0,0.8,93.04206936006808,-0.8,-0.007664279229987869
129.7435951761818,2.373418628239203,-0.42038737827931527,-54.665280550374824,0,0,0.8,93.03555306020813,-0.8,-0.0070064563046552545
128.03252347748142,2.6673993076002818,-0.38369210384655617,-47.99900903950729,0,0,0.8,93.03020959681292,-0.8,-0.006394868397442603
126.54366233630667,3.0615908947746555,-0.3496172140741862,-41.332649163637114,0,0,0.8,93.02591527620065,-0.8,-0.005826953567903104
125.27701440855054,3.613806802177069,-0.31801885553292664,-34.66621799844967,0,0,0.8,93.0225519133345,-0.8,-0.005300314258882111
124.23258182968007,4.436920749401172,-0.2887616621986524,-27.999729732934064,0,0,0.8,93.02000722111548,-0.8,-0.00481269436997754
123.41036630360837,5.7848981322401265,-0.26171751060979886,-21.333196105186957,0,0,0.8,93.01817520648446,-0.8,-0.004361958510163314
122.81036917810803,8.37345703697818,-0.236764417853351,-14.666626775030059,0,0,0.8,93.01695654817993,-0.8,-0.003946073630889183
122.43259150870158,15.30401723045821,-0.21378559251127172,-8.00002964352621,0,0,0.8,93.01625893173666,-0.8,-0.0035630932085211954
122.27703411265784,91.70242513669541,-0.19266864549274487,-1.3334111276815925,0,0,0.8,93.01599731950405,-0.8,-0.003211144091545748
122.28681082214682,114.646244432428,-0.17338797372946146,1.0666447159045156,0,0,0.8,93.01601112671807,-0.8,-0.0028897995621576912
122.34458779538618,50.977462970613274,-0.15597191303788804,2.399974040801394,0,0,0.8,93.01608839003671,-0.8,-0.0025995318839648006
122.44680910946667,32.798500639381515,-0.14025149486130317,3.733305081709847,0,0,0.8,93.0162116169095,-0.8,-0.0023375249143550527
122.59347481289154,24.19622062834126,-0.1260673673382371,5.066637335472825,0,0,0.8,93.01637059494644,-0.8,-0.002101122788970618
122.78458493957372,19.185180050653248,-0.1132746019220292,6.3999704258909444,0,0,0.8,93.01655662362882,-0.8,-0.00188791003203382
123.0201395125649,10.646679924814611,-0.10174143306167593,11.554788946536966,0,0,1.0,93.01676233229696,-0.8,-0.0016956905510279322
123.42752633018003,9.576622150360441,-0.07533209169776,12.888419778108767,0,0,1.0,93.0329975303547,-0.8,-0.0012555348616293334
123.87936746149407,8.710374954391268,-0.05167054883304445,14.222047628275893,0,0,1.0,93.04912586404963,-0.8,-0.0008611758138840741
124.37621411735712,7.992743359438258,-0.12490672773822098,15.561141966417207,0,0,0.9,92.97072263026115,-0.8,-0.002081778795637016
124.91714543592559,7.39384980477057,-0.12748506129980797,16.89473667091913,0,0,0.9,92.95565362392577,-0.8,-0.002124751021663466
125.50252986570656,6.885026727849929,-0.1296690054828673,18.22832863640876,0,0,0.9,92.94072117361273,-0.8,-0.0021611500913811216
126.15863449871675,6.406436827525692,-0.03836620564555915,19.69248084312134,0,0,0.8,93.01905707290175,-0.8,-0.0006394367607593191
126.83727275799728,6.032454601704859,-0.03421340949293494,21.02581471929374,0,0,0.8,93.0193732484898,-0.8,-0.0005702234915489157
127.56035547906248,5.705063196197215,-0.030483582854003544,22.359148547923102,0,0,0.8,93.01968173417943,-0.8,-0.0005080597142333924
188.77722816368131,9.885570929199949,-14.59852331263744,19.096239308351134,0,0,0.7,78.44859364611062,0.8,-0.16220581458486044
189.30736069650027,14.904817473534814,-13.584856153841656,12.70108547338046,0,0,0.7,78.48902591739724,0.8,-0.1509428461537962
189.6232647241517,30.366627060767772,-12.656840585566954,6.244462526071454,0,0,0.7,78.51138440874914,0.8,-0.14063156206185504
189.72324639405497,3633.9616027408047,-11.806419856396019,-0.05220837948616793,0,0,0.7,78.51801576554894,0.8,-0.13118244284884464
189.69971101608064,139.37264493641607,-11.020744510020847,-1.3610971586470542,0,0,0.7,78.51659645483107,0.8,-0.12245271677800941
189.63243830089436,70.8573378657037,-10.289837119116498,-2.6762568847887818,0,0,0.7,78.51278754506734,0.8,-0.11433152354573888
189.52124019974713,47.42228921851597,-9.609729893996246,-3.9964591191803707,0,0,0.7,78.50690562891316,0.8,-0.10677477659995828
189.36596591088679,35.59047230963124,-8.976753100391818,-5.320692691668548,0,0,0.7,78.49923376291785,0.8,-0.09974170111546464
189.16649525689934,28.454102614276046,-8.38751196777281,-6.64812726028444,0,0,0.7,78.49002468884409,0.8,-0.09319457741969789
188.92273317665254,23.680217255844237,-7.838865411122924,-7.978082765690282,0,0,0.7,78.47950378097576,0.8,-0.08709850456803249
188.63460515093402,20.26149591107488,-7.3279064299640595,-9.310003860466534,0,0,0.7,78.46787173472643,0.8,-0.08142118255515622
188.3020534092463,17.69184393655007,-6.851944056090588,-10.643438529334292,0,0,0.7,78.45530701326898,0.8,-0.07613271173433986
187.92503378935564,15.689156480856239,-6.408486729484139,-11.97802023446321,0,0,0.7,78.4419680694694,0.8,-0.07120540810537931
187.50351314166346,14.083762704922616,-5.995226989949799,-13.313453021764307,0,0,0.7,78.42799536037143,0.8,-0.06661363322166444
187.0374671877962,12.767499131994159,-5.610027379954488,-14.649499111309733,0,0,0.7,78.41351317103678,0.8,-0.062333637555049864
186.5268787574431,11.66816248551601,-5.250907461827978,-15.985968569514155,0,0,0.7,78.398631263833,0.8,-0.05834341624253309
185.97173633980628,10.735717942866025,-4.916031859820464,-17.322710724100766,0,0,0.7,78.38344636838531,0.8,-0.05462257622022738
185.37203289641698,9.93440175520252,-4.603699244448478,-18.659607036663278,0,0,0.7,78.36804352643591,0.8,-0.05115221382720531
184.72776489080485,9.237974777482842,-4.3123321830739485,-19.996565193170984,0,0,0.7,78.3524973048472,0.8,-0.047914802034154984
184.03893149783863,8.626751770736657,-4.040467786744443,-21.333514211238647,0,0,0.7,78.3368728889718,0.8,-0.0448940865193827
183.3055339617244,8.08567695163456,-3.7867490889749718,-22.670400395438534,0,0,0.7,78.32122706762496,0.8,-0.042074989877499684
182.52757507677381,7.603039785187144,-3.549917097389084,-24.00718399927208,0,0,0.7,78.30560911994584,0.8,-0.03944352330432316
181.70505876943955,7.169595611368828,-3.3288034639708997,-25.343836475422663,0,0,0.7,78.2900616135381,0.8,-0.03698670515523222
180.83798976365668,6.7779496760770215,-3.122323724140756,-26.68033821524669,0,0,0.7,78.27462112243686,0.8,-0.03469248582378618
179.9263733146092,6.422116915410497,-2.929471058965646,-28.016676694698333,0,0,0.7,78.25931887266925,0.8,-0.032549678432951624
178.97021499854776,6.097201659928485,-2.7493105385848366,-29.35284495750907,0,0,0.7,78.24418132245236,0.8,-0.030547894873164852
177.96952054840003,5.799160814063897,-2.580973808389899,-30.68884037786904,0,0,0.7,78.22923068340829,0.8,-0.02867748675988777
176.92429572667695,5.524626195478976,-2.4236541826711004,-32.02466365443172,0,0,0.7,78.21448538856778,0.8,-0.02692949091856778
175.8345462286484,5.270769488841812,-2.2766021133489005,-33.360317995482276,0,0,0.7,78.19996051237857,0.8,-0.025295579037210005
174.70027760998573,5.035198352625913,-2.1391210040760598,-34.69580846182109,0,0,0.7,78.18566814742816,0.8,-0.023768011156400665
173.52149523408832,4.815875609306241,-2.0105633424342955,-36.031141439528426,0,0,0.7,78.17161774213149,0.8,-0.022339592693714393
172.29820423515918,4.611055752317855,-1.890327125187639,-37.36632421946958,0,0,0.7,78.15781640321586,0.8,-0.0210036347243071
171.03040949379968,4.419234592300307,-1.77785255360007,-38.70136466432181,0,0,0.7,78.1442691664576,0.8,-0.019753917262223
169.71811562247694,4.239108978116128,-1.6726189777030527,-40.036270947179126,0,0,0.7,78.1309792387813,0.8,-0.018584655307811695
168.36132695870458,4.069544318329517,-1.5741420701149877,-41.371051348524006,0,0,0.7,78.11794821452246,0.8,-0.017490467445722087
166.96004756417685,3.90954819701041,-1.4819712115899506,-42.705714100634296,0,0,0.7,78.10517626837317,0.8,-0.016466346795443895
165.5142812284299,3.758248791094434,-1.3956870719152334,-44.0402672703929,0,0,0.7,78.0926623272752,0.8,-0.015507634132391483
164.024031475877,3.6148771005669884,-1.3148993711008927,-45.374718673049784,0,0,0.7,78.08040422329522,0.8,-0.01460999301223214
162.48930157529097,3.4787522286560564,-1.239244807016263,-46.70907581080166,0,0,0.7,78.06839882930646,0.8,-0.013769386744625144
160.91009455099268,3.3492691186937913,-1.1683851367423017,-48.04334583114877,0,0,0.7,78.05664217911267,0.8,-0.012982057074914463
159.2864131951572,3.225888282582749,-1.1020053999293964,-49.377535500896954,0,0,0.7,78.0451295734761,0.8,-0.01224450444365996
157.618260080774,3.108127153712455,-1.039812273388577,-50.711651192426054,0,0,0.7,78.03385567335494,0.8,-0.011553469704317523
155.90563757489954,2.995552772496145,-0.9815325470066227,-52.04569887947123,0,0,0.7,78.02281458151101,0.8,-0.010905917188962475
154.14854785192318,2.887775571079006,-0.9269117118666088,-53.379684140179286,0,0,0.7,78.01199991351724,0.8,-0.010299019020740098
152.34699290663565,2.7844440693377996,-0.8757126521882128,-54.713612165629534,0,0,0.7,78.00140485907119,0.8,-0.009730140579869031
150.50097456694252,2.685240330096679,-0.8277144333707724,-56.047487772360356,0,0,0.7,77.99102223440944,0.8,-0.009196827037453028
148.61049450610943,2.5898760497948374,-0.7827111790454069,-57.3813154177328,0,0,0.7,77.98084452651008,0.8,-0.008696790878282299
146.67555425446074,2.498089183361094,-0.740511030614357,-58.71509921719999,0,0,0.7,77.97086392967141,0.8,-0.008227900340159522
144.69615521048058,2.409641020065084,-0.7009351832863899,-60.048842962746534,0,0,0.7,77.96107237495842,0.8,-0.0077881687031821105
142.67229865128726,2.3243136416036374,-0.6638169931103448,-61.38255014192143,0,0,0.7,77.9514615529154,0.8,-0.00737574436789272
140.6039857424694,2.2419077053942433,-0.6290011499672516,-62.71622395701787,0,0,0.7,77.94202292985112,0.8,-0.006988901666302796
138.4912175472844,2.1622405055633864,-0.5963429119111368,-64.04986734405828,0,0,0.7,77.93274775790942,0.8,-0.006626032354568186
136.33399503523057,2.0851442718845554,-0.5657073966496569,-65.38348299132883,0,0,0.7,77.9236270790435,0.8,-0.0062856377405517425
134.13231909001084,2.0104646732886744,-0.5369689263403643,-66.71707335727521,0,0,0.7,77.91465172290947,-0.8,-0.008949482105672738
132.01951540401407,2.198451893906049,-0.4914436136511142,-60.05112769124614,0,0,0.7,77.9064801429647,-0.8,-0.008190726894185237
130.128912491854,2.437554349725169,-0.44908943096038456,-53.38503016620978,0,0,0.7,77.89968996429032,-0.8,-0.0074848238493397425
128.46051494035746,2.749653044728926,-0.4097280431251136,-46.71880882812316,0,0,0.7,77.89414240902956,-0.8,-0.0068288007187518925
127.01432647926714,3.1711969872489028,-0.3731931976437295,-40.05248711763422,0,0,0.7,77.88970445019841,-0.8,-0.0062198866273954915
125.79035012304136,3.767747903543278,-0.3393291302003263,-33.38608456387042,0,0,0.7,77.88624919787745,-0.8,-0.005655485503338772
124.78858829128036,4.670298475531025,-0.30798910225860254,-26.719617374581517,0,0,0.7,77.88365631279915,-0.8,-0.0051331517043100424
124.00904291094923,6.18403386356503,-0.27903408390983486,-20.05309893944522,0,0,0.7,77.88181242092203,-0.8,-0.004650568065163914
123.45171550305577,9.222077781152343,-0.252331594206737,-13.386540260521407,0,0,0.7,77.88061150223416,-0.8,-0.004205526570112283
123.11660725601523,18.32105913991775,-0.22775470883036064,-6.719950321418369,0,0,0.7,77.87995522818986,-0.8,-0.003795911813839344
123.00371908758397,2306.1869253486343,-0.2051812412589129,-0.053336404666759214,0,0,0.7,77.87975322487827,-0.8,-0.003419687354315215
123.02557991979123,93.01382219351194,-0.18462909879360723,1.322659116876639,0,0,0.7,77.8797872432177,-0.8,-0.0030771516465601203
123.09189070096683,46.3450449585154,-0.16607225575950224,2.655988160355642,0,0,0.7,77.87988117637244,-0.8,-0.0027678709293250375
123.20264581682406,30.88312633132198,-0.14932370026448893,3.989319102446914,0,0,0.7,77.8800225062915,-0.8,-0.0024887283377414823
123.35784532092808,23.176014450891444,-0.13421330381726193,5.322651380905712,0,0,0.7,77.88020053271228,-0.8,-0.0022368883969543655
123.55748925055325,18.563367723906023,-0.12058635691539621,6.65598457608719,0,0,0.7,77.88040614923241,-0.8,-0.0020097726152566034
123.80157763086997,10.482223248653252,-0.10830221991682265,11.810622106982496,0,0,0.9,77.88063165053946,-0.8,-0.001805036998613711
124.21749221079766,9.450327702796963,-0.0813086710872426,13.144252360056642,0,0,0.9,77.89679497737733,-0.8,-0.00135514451812071
124.67786108413945,8.611610595262816,-0.057122403895562,14.477879567931675,0,0,0.9,77.91285037746032,-0.8,-0.0009520400649260333
125.18327100738448,7.914313292996211,-0.12927859984512224,15.817325694974153,0,0,0.8,77.83498194112119,-0.8,-0.0021546433307520372
125.73274174257895,7.330962813753187,-0.13129024429036917,17.150917954009966,0,0,0.8,77.82004243669142,-0.8,-0.0021881707381728194
126.3266655084879,6.834191566558395,-0.1329651384020849,18.484507535117906,0,0,0.8,77.80523851815067,-0.8,-0.0022160856400347483
126.9912752134621,6.365957814821465,-0.041814134570699935,19.948494618955248,0,0,0.7,77.88309300814184,-0.8,-0.0006969022428449989
127.67844726713852,5.999411498839979,-0.03729177034048803,21.281828607993614,0,0,0.7,77.88343395891499,-0.8,-0.0006215295056748004
128.4100637861742,5.678051774829621,-0.033230236097722354,22.615162537863146,0,0,0.7,77.8837663161237,-0.8,-0.0005538372682953725
189.68395354734912,9.800958649806162,-14.488696320927346,19.353612266398102,0,0,0.6,63.42497720768433,0.8,-0.1609855146769705
190.2226139901081,14.682741627178363,-13.482220015208298,12.955524167094119,0,0,0.6,63.46554042534155,0.8,-0.14980244461342554
190.54696066647364,29.32983174185248,-12.56074173368927,6.496694639900401,0,0,0.6,63.48820403918001,0.8,-0.1395637970409919
190.65518228952817,91265.39771638493,-11.7162785932409,-0.002089019355199717,0,0,0.6,63.495284397382434,0.8,-0.13018087325823224
190.63331338270032,145.38708599207794,-10.936494327132607,-1.3112121484647392,0,0,0.6,63.493983423941316,0.8,-0.12151660363480675
190.56770063993136,72.55492797470355,-10.211062127376408,-2.6265300780999086,0,0,0.6,63.49031600188869,0.8,-0.11345624585973788
190.4581582784456,48.255978754818884,-9.53604525177218,-3.9468302828574644,0,0,0.6,63.484595402334506,0.8,-0.10595605835302421
190.30453728143272,36.103282031562365,-8.90780258373178,-5.271114607116989,0,0,0.6,63.47710172025674,0.8,-0.09897558426368644
190.10671886363923,28.810319720049467,-8.322965735915488,-6.5985633172734826,0,0,0.6,63.46808506249091,0.8,-0.09247739706572765
189.86460903648802,23.947088356450255,-7.778417952070242,-7.928504969387944,0,0,0.6,63.45776846394179,0.8,-0.08642686613411381
189.57813409426308,20.471935831024428,-7.271274671797244,-9.260391184255509,0,0,0.6,63.44635054741009,0.8,-0.08079194079774715
189.2472368708945,17.864002863159424,-6.798865630670434,-10.593775556383015,0,0,0.6,63.43400794375044,0.8,-0.07554295145189371
188.8718736406879,15.833935795005468,-6.358718376128991,-11.92829603996905,0,0,0.6,63.420897489580504,0.8,-0.07065242640143322
188.45201155654226,14.208145257592255,-5.948543087611682,-13.26366025543279,0,0,0.6,63.407158219689215,0.8,-0.06609492319568536
187.9876265362888,12.876188282741262,-5.56621859730231,-14.599633246141641,0,0,0.6,63.39291317082448,0.8,-0.061846873303359
187.4787015222166,11.764456606925783,-5.209779515487526,-15.936027288489221,0,0,0.6,63.3782710128191,0.8,-0.05788643906097251
186.92522505101934,10.822007922844643,-4.877404371811565,-17.27269342100839,0,0,0.6,63.36332752212925,0.8,-0.05419338190901739
186.3271900816403,10.012469211389462,-4.567404690596192,-18.60951441125911,0,0,0.6,63.3481669118905,0.8,-0.05074894100662435
185.6845930371067,9.309178751677937,-4.278214924855064,-19.946398924141178,0,0,0.6,63.33286303159189,0.8,-0.04753572138727849
184.99743302368225,8.692149977196378,-4.008383179663042,-21.28327669322527,0,0,0.6,63.31748044846022,0.8,-0.04453759088514491
184.2657111967143,8.14610703606519,-3.7565626611431355,-22.620094528701415,0,0,0.6,63.30207542166928,0.8,-0.041739585123812616
183.489430247699,7.659175286601479,-3.5215037925233332,-23.95681302250451,0,0,0.6,63.28669677954621,0.8,-0.039127819916925925
182.6685939912696,7.221985431107829,-3.3020469435087136,-25.2934038338608,0,0,0.6,63.271386709059264,0.8,-0.03668941048343015
181.80320703444488,6.827046505773023,-3.0971157236288605,-26.629847457566044,0,0,0.6,63.256181466038534,0.8,-0.03441239692920956
180.8932745134309,6.46829809848658,-2.9057107942844596,-27.966131393318964,0,0,0.6,63.24111201380767,0.8,-0.032285675492049554
179.9388018857698,6.140784758471051,-2.726904157949633,-29.30224864787012,0,0,0.6,63.22620459719021,0.8,-0.030298935088329256
178.9397947677111,5.840415400811909,-2.5598338864128323,-30.63819651301441,0,0,0.6,63.21148125819704,0.8,-0.02844259873792036
177.89625880842,5.563782908646986,-2.4036992530816406,-31.97397557189758,0,0,0.6,63.1969602991007,0.8,-0.026707769478684897
176.80819959408754,5.308027071623601,-2.2577562372575812,-33.309588894015576,0,0,0.6,63.182656698052625,0.8,-0.025086180413973126
175.6756225762141,5.070729188035752,-2.121313370926373,-34.645041385904804,0,0,0.6,63.16858248189999,0.8,-0.02357014856584859
174.4985330193457,4.849830117209456,-1.993727901027313,-35.98033927005889,0,0,0.6,63.154747060403984,0.8,-0.02215253223363681
173.27693596437678,4.643565915931834,-1.8744022423803983,-37.315489669237294,0,0,0.6,63.141157525649085,0.8,-0.020826691582004425
172.01083620423097,4.450416811440426,-1.762780698478423,-38.650500277199384,0,0,0.6,63.12781892005903,0.8,-0.01958645220531581
170.70023826930642,4.269066396540827,-1.6583464292098427,-39.98537910012895,0,0,0.6,63.11473447609571,0.8,-0.01842607143566492
169.34514642055257,4.0983687364750985,-1.5606186462798064,-41.320134255709256,0,0,0.6,63.101905830411766,0.8,-0.01734020718088674
167.94556464844013,3.9373216550359573,-1.469150018657757,-42.654773819058576,0,0,0.6,63.08933321494849,0.8,-0.0163238890961973
166.5014966764152,3.7850448876577376,-1.3835242718089376,-43.989305706609386,0,0,0.6,63.07701562722015,0.8,-0.015372491908988196
165.0129459676981,3.640762098181633,-1.3033539657774327,-45.32373759057569,0,0,0.6,63.06495098179769,0.8,-0.014481710730860364
163.47991573451046,3.5037859854853073,-1.2282784383915555,-46.65807683795132,0,0,0.6,63.05313624479841,0.8,-0.013647538204350617
161.90240894899873,3.373505878264616,-1.1579619009633575,-47.99233046906201,0,0,0.6,63.04156755300051,0.8,-0.012866243344037305
160.28042835527177,3.249377346472967,-1.0920916748680156,-49.3265051315902,0,0,0.6,63.03024031903163,0.8,-0.01213435194297795
158.61397648209388,3.130913457285076,-1.0303765583171298,-50.66060708673614,0,0,0.6,63.01914932392465,0.8,-0.011448628425745887
156.9030556558754,3.0176773798706464,-0.9725453134946349,-51.994642204794296,0,0,0.6,63.00828879819267,0.8,-0.010806059038829276
155.14766801368498,2.9092761024769773,-0.9183452650095489,-53.328615967934844,0,0,0.6,62.997652492444786,0.8,-0.010203836277883876
153.34781551607435,2.8053550715256854,-0.8675410013426017,-54.66253347840083,0,0,0.6,62.987233738444445,0.8,-0.00963934445936224
151.50349995955938,2.7055935987257307,-0.819913171629679,-55.99639947067951,0,0,0.6,62.97702550140118,0.8,-0.009110146351440878
149.6147229886452,2.609700910898305,-0.7752573707397801,-57.33021832649214,0,0,0.6,62.96702042418244,0.8,-0.008613970785997556
147.68148610731734,2.5174127400278294,-0.7333831061722833,-58.66399409168191,0,0,0.6,62.95721086403394,0.8,-0.008148701179692037
145.7037906899478,2.4284883693035333,-0.6941128408239194,-59.997730494272126,0,0,0.6,62.94758892230416,0.8,-0.0077123648980435494
143.68163799158754,2.3427080655916384,-0.6572811061629977,-61.331430963124085,0,0,0.6,62.93814646757681,0.8,-0.007303123401811086
141.61502915763273,2.2598708406401116,-0.6227336808020709,-62.66509864675278,0,0,0.6,62.92887515252688,0.8,-0.00691926312002301
139.50396523286528,2.179792492952946,-0.5903268298834519,-63.998736431962136,0,0,0.6,62.91976642472535,0.8,-0.00655918699870502
137.34844716987834,2.1023038901337596,-0.559926601090325,-65.33234696204624,0,0,0.6,62.910811531526264,0.8,-0.006221406678781389
135.1484758369046,2.0272494579440252,-0.5314081734704814,-66.66593265437007,0,0,0.6,62.9020015190734,-0.8,-0.00885680289117469
133.03737709043452,2.217290638769149,-0.486285965370314,-59.99997238263972,0,0,0.6,62.89398290982651,-0.8,-0.008104766089505232
131.1484795565416,2.4590095664721052,-0.44431804096763017,-53.33386309053602,0,0,0.6,62.88732223769219,-0.8,-0.007405300682793836
129.48178773519265,2.7745523219811465,-0.40532599796506474,-46.66763236338511,0,0,0.6,62.88188247659798,-0.8,-0.006755433299417746
128.03730528358662,3.2008283456585964,-0.3691434671802085,-40.001303243033455,0,0,0.6,62.87753240758634,-0.8,-0.006152391119670142
126.81503515601507,3.8042728342659644,-0.3356145425680097,-33.3348949144138,0,0,0.6,62.87414698548053,-0.8,-0.005593575709466828
125.81497972257309,4.717750965515224,-0.3045923434852682,-26.668423289450352,0,0,0.6,62.87160773030645,-0.8,-0.005076539058087803
125.03714086986132,6.2512627031549375,-0.27593772149566576,-20.00190150491621,0,0,0.6,62.86980311794753,-0.8,-0.004598962024927763
124.48152008631429,9.33470888910345,-0.2495181229949992,-13.33534034806629,0,0,0.6,62.868628944298635,-0.8,-0.004158635383249986
124.14811853436706,18.616404003373383,-0.22520661657529217,-6.66874862147764,0,0,0.6,62.86798863841883,-0.8,-0.003753443609588203
124.03693711132888,58138.95788035472,-0.20288109046347813,-0.002133456491713988,0,0,0.6,62.867793502873134,-0.8,-0.0033813515077246357
124.05914497998215,93.07461682460675,-0.18255908505861385,1.3328998733753994,0,0,0.6,62.86782739923165,-0.8,-0.003042651417643564
124.12579712162088,46.5548143385673,-0.16421059324571274,2.666229022393322,0,0,0.6,62.86791998253868,-0.8,-0.002736843220761879
124.236893600685,31.062640090857087,-0.14765052302749382,3.99956002571889,0,0,0.6,62.86805899343233,-0.8,-0.0024608420504582305
124.3924344694852,23.325510188297745,-0.13271051825151403,5.332892333985992,0,0,0.6,62.868233945905565,-0.8,-0.002211841970858567
124.59241976441562,18.69009967767933,-0.11923749560818919,6.666225537213707,0,0,0.6,62.86843591672373,-0.8,-0.0019872915934698197
124.8368495100459,10.560692225072211,-0.10709230658346769,11.820896476243279,0,0,0.8,62.86865735618764,-0.8,-0.0017848717763911282
125.25310652528907,9.521675238240773,-0.08035763713226629,13.15452411380824,0,0,0.8,62.88468279498048,-0.8,-0.0013392939522044382
125.7138177474793,8.677010424147696,-0.05640269579092205,14.488148751973823,0,0,0.8,62.9006019726086,-0.8,-0.0009400449298487009
126.21956340620653,7.974685869864673,-0.12799503641275578,15.827527938520346,0,0,0.7,62.82336936240769,-0.8,-0.002133250606879263
126.76937418375483,7.387011281905338,-0.13001882372788032,17.161118258243285,0,0,0.7,62.808546071451275,-0.8,-0.002166980395464672
127.36363792802342,6.886491645132543,-0.13170674744685584,18.494705938987902,0,0,0.7,62.79385626535952,-0.8,-0.0021951124574475975
128.0285953409754,6.414664591616288,-0.041319742626342304,19.95873572381379,0,0,0.6,62.87107259543534,-0.8,-0.0006886623771057051
128.71610876455318,6.045260540466844,-0.036853334594582066,21.2920696970677,0,0,0.6,62.87140702920446,-0.8,-0.0006142222432430344
129.44806665298637,5.721359444883733,-0.03284197578551584,22.62540361255295,0,0,0.6,62.87173305455407,-0.8,-0.0005473662630919307
190.6963090677176,9.844573277800128,-14.40629459403408,19.370703400394685,0,0,0.5,48.49499623872697,0.8,-0.160069939933712
191.2354873097095,14.744878545947454,-13.405726862410233,12.96962105952846,0,0,0.5,48.53514433074854,0.8,-0.14895252069344703
191.5602638387871,29.432384751916622,-12.489570803736086,6.508485990973354,0,0,0.5,48.557585265262,0.8,-0.13877300893040095
191.66884756997854,2293216.447604912,-11.649907805725064,-8.35807922842006e-05,0,0,0.5,48.56461020969061,0.8,-0.1294434200636118
191.64704083869347,146.35421174929465,-10.87453015328964,-1.309474039373637,0,0,0.5,48.563327341744376,0.8,-0.12082811281432934
191.58148254095164,72.98368356983119,-10.153185329335372,-2.6249905892684278,0,0,0.5,48.559703488812666,0.8,-0.11281317032594858
191.4719889531017,48.53001660234142,-9.481961197304912,-3.9454342355173186,0,0,0.5,48.55404859888742,0.8,-0.10535512441449903
191.3184127075647,36.304558317852326,-8.857239249970291,-5.269817939459305,0,0,0.5,48.546639799735054,0.8,-0.09841376944411435
191.1206363319344,28.969386868639894,-8.27567187993921,-6.597331079134001,0,0,0.5,48.53772455310144,0.8,-0.09195190977710234
190.87856687512237,24.078606120742954,-7.73416143471411,-7.927309658954326,0,0,0.5,48.527523539663925,0.8,-0.085935127052379
190.59213144411905,20.584056655765824,-7.229840921945907,-9.259211370793233,0,0,0.5,48.51623329011785,0.8,-0.08033156579939897
190.26127350262252,17.961724973130273,-6.760056238221239,-10.592594741721223,0,0,0.5,48.50402857904615,0.8,-0.07511173598023599
189.88594980633002,15.920544175808349,-6.322349802704338,-11.927101718976811,0,0,0.5,48.49106459868161,0.8,-0.0702483311411593
189.46612786965215,14.285914430672948,-5.91444548496554,-13.26244314209624,0,0,0.5,48.47747892957346,0.8,-0.06571606094406156
189.00178387550363,12.94675833513347,-5.534234724184046,-14.598386637264376,0,0,0.5,48.46339332469058,0.8,-0.06149149693537829
188.49290095409202,11.829049207770527,-5.179763744497194,-15.934746541613052,0,0,0.5,48.44891532276517,0.8,-0.05755293049441327
187.93946776865238,10.881557608122709,-4.84922177849873,-17.27137552700746,0,0,0.5,48.43413970579714,0.8,-0.05388024198331923
187.34147735620274,10.067706912591293,-4.540930217719961,-18.608157645302725,0,0,0.5,48.419149814676004,0.8,-0.050454780196888455
186.69892617990646,9.360686999401029,-4.25333261533757,-19.945002561441584,0,0,0.5,48.40401873587708,0.8,-0.04725925128152855
186.01181335678766,8.740400574124791,-3.984985472333989,-21.2818407782659,0,0,0.5,48.38881037119147,0.8,-0.04427761635926654
185.2801400305178,8.191487481631148,-3.7345497438911366,-22.618619688548126,0,0,0.5,48.37358040147872,0.8,-0.041494997154345965
184.50390886408317,7.7020077572480234,-3.5007830079433973,-23.95530031639537,0,0,0.5,48.35837715450039,0.8,-0.03889758897714886
183.6831236312782,7.2625406993492305,-3.2825322425686636,-25.29185463259949,0,0,0.5,48.343242386012214,0.8,-0.03647258047298515
182.81778888955526,6.865554336187316,-3.0787271632725037,-26.628263347352725,0,0,0.5,48.32821198247048,0.8,-0.034208079591916705
181.90790971969037,6.504955139644345,-2.8883740752487768,-27.964514099575496,0,0,0.5,48.31331659294271,0.8,-0.032093045280541965
180.95349152019133,6.17576062170074,-2.710550199401297,-29.30059997538548,0,0,0.5,48.298582197106924,0.8,-0.030117224437792186
179.9545398464364,5.87385740402843,-2.544398434307425,-30.63651829937501,0,0,0.5,48.28403061557404,0.8,-0.02827109371452694
178.91106028625023,5.5958198224674875,-2.3891225194198853,-31.972269651698515,0,0,0.5,48.26967996817443,0.8,-0.02654580577133206
177.82305836505668,5.338772109589257,-2.2439825676598275,-33.3078570717898,0,0,0.5,48.2555450853065,0.8,-0.02493313964066475
176.6905394749447,5.100282417006754,-2.1082909381706827,-34.643285416073205,0,0,0.5,48.241637876951636,0.8,-0.02342545486856314
175.5135088229753,4.8782804179207515,-1.9814084224005626,-35.978560842507626,0,0,0.5,48.2279676635104,0.8,-0.02201564913778403
174.29197139488826,4.670992590906651,-1.86274071887658,-37.31369039937993,0,0,0.5,48.21454147220767,0.8,-0.020697119098628668
173.02593193105247,4.476890913795124,-1.7517351740477807,-38.648681699589574,0,0,0.5,48.20136430244469,0.8,-0.01946372415608645
171.71539491207596,4.294651835916131,-1.6478777684145314,-39.983542664860934,0,0,0.5,48.18843936314143,0.8,-0.018309752982383683
170.36036455196506,4.123123205531266,-1.5506903288521983,-41.31828132698597,0,0,0.5,48.175768284809465,0.8,-0.017229892542802203
168.96084479711305,3.9612974103770693,-1.4597279495835664,-42.65290567542364,0,0,0.5,48.16335130882129,0.8,-0.016219199439817405
167.51683932972463,3.8082894118159643,-1.374576605672246,-43.98742354243635,0,0,0.5,48.15118745609371,0.8,-0.015273073396358288
166.02835157454842,3.663318663772897,-1.2948509442104523,-45.32184251848672,0,0,0.5,48.139274677177355,0.8,-0.01438723271344947
164.4953847080118,3.525694138398601,-1.220192239565705,-46.65616989190303,0,0,0.5,48.1276099855414,0.8,-0.013557691550730055
162.9179416690333,3.3948018534487523,-1.1502665001459604,-47.9904126078894,0,0,0.5,48.11618957565675,0.8,-0.012780738890510672
161.2960251709366,3.270094427303775,-1.084762715146553,-49.32457724284334,0,0,0.5,48.105008927313094,0.8,-0.012052919057183923
159.62963771401235,3.151082287461959,-1.023391230664572,-50.658669990679975,0,0,0.5,48.09406289745196,0.8,-0.0113710136740508
157.9187815983742,3.037326235177027,-0.9658822454139226,-51.99269665847077,0,0,0.5,48.08334580065833,0.8,-0.010732024949043585
156.1634589368358,2.928431128449391,-0.9119844170530484,-53.3266626692104,0,0,0.5,48.072851479324925,0.8,-0.010133160189478315
154.36367166760115,2.8240404920395736,-0.8614635708558467,-54.660573069940966,0,0,0.5,48.062573364385266,0.8,-0.009571817453953852
152.5194215666153,2.7238318996677093,-0.8141015031148982,-55.99443254380776,0,0,0.5,48.052504527402476,0.8,-0.009045572256832201
150.63071025946292,2.627513002413125,-0.7696948722777961,-57.328245424902825,0,0,0.5,48.0426377246986,0.8,-0.008552165247531067
148.69753923273814,2.534818100271161,-0.7280541713780053,-58.662015714986126,0,0,0.5,48.0329654341132,0.8,-0.008089490793088948
146.71990984483568,2.4455051721741223,-0.689002775844358,-59.99574710136376,0,0,0.5,48.02347988488833,0.8,-0.007655586398270645
144.69782333613404,2.359353294538651,-0.6523760612538752,-61.32944297535919,0,0,0.5,48.014173081089176,0.8,-0.007248622902820835
142.63128083855833,2.276160390328342,-0.6180205860446222,-62.66310645094013,0,0,0.5,48.005036818881514,0.8,-0.006866895400495802
140.52028338452504,2.195741260307803,-0.5857933346209734,-63.9967403831664,0,0,0.5,47.996062697902175,0.8,-0.006508814829121926
138.36483191527645,2.1179258560698604,-0.5555610166799738,-65.33034738620825,0,0,0.5,47.987242126868466,0.8,-0.006172900185333043
136.16492728862468,2.042557760898212,-0.5271994189552629,-66.66392985075063,0,0,0.5,47.97856632348116,0.8,-0.005857771321725143
133.92057028612714,1.9694928498628463,-0.5005928059296139,-67.9974899606532,0,0,0.5,47.97002630857646,-0.8,-0.008343213432160232
131.76508755598226,2.1484095646079617,-0.45832025691768763,-61.331456406928886,0,0,0.5,47.962239576995444,-0.8,-0.007638670948628127
129.8318081983483,2.375031893930156,-0.41897834626735175,-54.66529040311336,0,0,0.5,47.95574946195402,-0.8,-0.006982972437789196
128.12073621629253,2.6692367089399203,-0.38240239867974424,-47.999016268278176,0,0,0.5,47.95042757491487,-0.8,-0.006373373311329071
126.63187486937717,3.0637247201135938,-0.3484390637146362,-41.33265434653086,0,0,0.5,47.94615067001202,-0.8,-0.00580731772857727
125.36522679606928,3.6163510470089615,-0.31694482774543076,-34.666221604718736,0,0,0.5,47.94280099960974,-0.8,-0.0052824137957571795
124.32079411773974,4.440070836865298,-0.2877846437214089,-27.999732140649932,0,0,0.5,47.940266700859226,-0.8,-0.004796410728690148
123.49857852698979,5.78903269673087,-0.2608306913097067,-21.333197616370484,0,0,0.5,47.93844218889878,-0.8,-0.004347178188495112
122.89858136259659,8.379471032786112,-0.2359612793895849,-14.666627628609836,0,0,0.5,47.93722853168795,-0.8,-0.003932687989826415
122.52080367300293,15.315042977135288,-0.2130599009285561,-8.000030026420514,0,0,0.5,47.936533782210006,-0.8,-0.003550998348809268
122.36524626997199,91.76857650152685,-0.19201444708008353,-1.333411184251464,0,0,0.5,47.936273245965644,-0.8,-0.003200240784668059
122.37502297969561,114.72894158807777,-0.17279925195876444,1.066644747923068,0,0,0.5,47.93628699637895,-0.8,-0.002879987532646074
122.432799954496,51.014217176390495,-0.15544238126233267,2.3999740999879187,0,0,0.5,47.93636394187949,-0.8,-0.002590706354372211
122.53502127083952,32.822128418853396,-0.13977542303234713,3.7333051564216673,0,0,0.5,47.936486661983245,-0.8,-0.0023295903838724524
122.68168697690035,24.21363063274805,-0.1256395562511443,5.066637417479139,0,0,0.5,47.93664498646121,-0.8,-0.0020939926041857386
122.87279710636122,19.19896301454909,-0.11289033633278223,6.399970509513846,0,0,0.5,47.93683025075448,-0.8,-0.0018815056055463705
123.10835168211733,10.654305327183842,-0.10139643876229343,11.554798544022717,0,0,0.7,47.93703511469169,-0.8,-0.0016899406460382238
123.5157388152661,9.583459530833245,-0.07503447687244602,12.888429112459233,0,0,0.7,47.9532574327053,-0.8,-0.001250574614540767
123.96758025339442,8.716571930581509,-0.051415439235995564,14.222056703101648,0,0,0.7,47.96937302265451,-0.8,-0.0008569239872665927
124.46442534029828,7.998417019992619,-0.12462279489233197,15.56113228770024,0,0,0.6,47.89102412307458,-0.8,-0.002077046581538866
125.00535633383129,7.399075312693857,-0.1272203462142727,16.89472684774164,0,0,0.6,47.875964292263404,-0.8,-0.0021203391035712117
125.5907404337963,6.889869696790555,-0.12942176342826883,18.22831867085949,0,0,0.6,47.861040840427975,-0.8,-0.002157029390471147
126.24684670001457,6.410916273394698,-0.03820005565654583,19.692480967804705,0,0,0.5,47.93932037185686,-0.8,-0.0006366675942757638
126.92548496337433,6.036649991135428,-0.03406531142942981,21.025814839316375,0,0,0.5,47.939635110518324,-0.8,-0.0005677551904904968
127.64856768836997,5.70900840672944,-0.030351692179237943,22.359148663698832,0,0,0.5,47.93994219862558,-0.8,-0.0005058615363206324
188.90708381539525,9.890816913203006,-14.563918334241151,19.0992397769721,0,0,0.4,33.40334038734575,0.8,-0.16182131482490167
189.4372942133497,14.913026173362562,-13.55267973381487,12.702807063513369,0,0,0.4,33.443651098822606,0.8,-0.15058533037572078
189.7532384603167,30.383877095561658,-12.626876560844721,6.245195037602197,0,0,0.4,33.46594228953845,0.8,-0.14029862845383023
189.85323135171512,3636.081037866514,-11.778473417495121,-0.05221369638755695,0,0,0.4,33.472553662165055,0.8,-0.1308719268610569
189.82969378328409,139.45579159921672,-10.99465688137127,-1.3612177135592718,0,0,0.4,33.47113863712257,0.8,-0.12216285423745855
189.76241554236898,70.9004384744223,-10.265477149816377,-2.676463215538882,0,0,0.4,33.46734124325271,0.8,-0.11406085722018197
189.6512094639754,47.451623481354375,-9.586976115648923,-3.996727520576759,0,0,0.4,33.46147713409907,0.8,-0.1065219568405436
189.49592545547281,35.61281259703495,-8.955492984673981,-5.32100420148365,0,0,0.4,33.45382852403073,0.8,-0.09950547760748868
189.29644390487525,28.472195050413553,-8.367641241958921,-6.648466813665136,0,0,0.4,33.44464740110087,0.8,-0.09297379157732134
189.05267019856018,23.695447474231926,-7.820287427234945,-7.978438491366291,0,0,0.4,33.43415846636091,0.8,-0.08689208252483271
188.76453016834137,20.27466160951301,-7.3105315834543205,-9.310366496068756,0,0,0.4,33.422561814992534,0.8,-0.081228128705048
188.4319663160547,17.703447052332844,-6.8356892502165465,-10.643800936565311,0,0,0.4,33.41003537600001,0.8,-0.07595210278018386
188.05493468784542,15.699533811800796,-6.3932748817890115,-11.978376997824677,0,0,0.4,33.396737127746455,0.8,-0.07103638757543346
187.6334022907271,14.093151515012703,-5.98098657751396,-13.313800117088855,0,0,0.4,33.3828071065689,0.8,-0.06645540641682178
187.16734496122942,12.776073070603662,-5.596692020327424,-14.649833632517403,0,0,0.4,33.368369225254504,0.8,-0.062185466892526936
186.65674561051696,11.676052610049519,-5.238415526783058,-15.986288503861523,0,0,0.4,33.35353291744373,0.8,-0.058204616964256196
186.10159278264396,10.743025696024844,-4.904326119296542,-17.323014767758178,0,0,0.4,33.338394623144694,0.8,-0.05449251243662824
185.50187947294754,9.941207332754903,-4.592726538249281,-18.65989444378094,0,0,0.4,33.32303912957219,0.8,-0.05103029486943645
184.85760216227334,9.2443427236546,-4.30204311809112,-19.996835652712893,0,0,0.4,33.30754078051373,0.8,-0.047800479089901336
184.1687600300311,8.632734836893203,-4.030816457649536,-21.33376774680488,0,0,0.4,33.2919645664159,0.8,-0.04478684952943929
183.43535431520607,8.091318828692831,-3.7776928204939964,-22.670637284087892,0,0,0.4,33.2763671063948,0.8,-0.04197436467215551
182.65738779956644,7.608377083498451,-3.541416206425538,-24.007404706021447,0,0,0.4,33.26079753243031,0.8,-0.039349068960283756
181.83486439166137,7.1746593245393555,-3.320821039987976,-25.344041600656205,0,0,0.4,33.24529828510617,0.8,-0.03689801155542195
180.9677887937338,6.782766282696558,-3.114825426341895,-26.68052845273451,0,0,0.4,33.22990582941974,0.8,-0.03460917140379883
180.0561662367375,6.426709221514454,-2.922424928934362,-28.016852798313984,0,0,0.4,33.214651298404476,0.8,-0.032471388099270686
179.10000227114264,6.10158945242416,-2.7426868271542446,-29.35300771506124,0,0,0.4,33.19956107158895,0.8,-0.030474298079491608
178.09930260331865,5.80336137406515,-2.574744815613826,-30.68899059073471,0,0,0.4,33.184657294652425,0.8,-0.028608275729042513
177.05407296903888,5.528654706282588,-2.417794109860637,-32.02480212190503,0,0,0.4,33.169958346031365,0.8,-0.02686437899845152
175.96431903711215,5.2746393636018185,-2.2710869262244273,-33.36044550294219,0,0,0.4,33.15547925567686,0.8,-0.025234299180271414
174.83004633736678,5.038921500073233,-2.133928306161124,-34.69592577197837,0,0,0.4,33.14123208065855,0.8,-0.023710314512901377
173.6512602082264,4.819462651132896,-2.0056722578896427,-36.03124928614329,0,0,0.4,33.12722624185261,0.8,-0.022285247309884917
172.42796575996115,4.614516202462774,-1.8857181903485412,-37.366423303040115,0,0,0.4,33.1134688255344,0.8,-0.020952424337206014
171.1601678503987,4.422577005920635,-1.7735076165400585,-38.7014556493333,0,0,0.4,33.09996485331965,0.8,-0.019705640183778426
169.8478710704626,4.242341076226051,-1.6685211052011937,-40.036354460579524,0,0,0.4,33.086717523555826,0.8,-0.018539123391124374
168.491079737387,4.072673092749421,-1.5702754614543153,-41.371127979152476,0,0,0.4,33.07372842695598,0.8,-0.01744750512727017
167.0897978938571,3.9125799992630332,-1.478321118659892,-42.70578439938093,0,0,0.4,33.06099773898678,0.8,-0.016425790207332133
165.64402931165574,3.7611894081209356,-1.3922397251336633,-44.04033175091024,0,0,0.4,33.048524391269,0.8,-0.015469330279262925
164.15377749866713,3.617731819550679,-1.3116419107087154,-45.37477781287143,0,0,0.4,33.03630622401837,0.8,-0.014573799007874616
162.61904570831732,3.4815258927892763,-1.236165219333202,-46.70913005275185,0,0,0.4,33.02434012134664,0.8,-0.013735169103702245
161.03983695071187,3.351966175370765,-1.1654721950047247,-48.043395584950694,0,0,0.4,33.01262213105291,0.8,-0.012949691055608052
159.4161540048862,3.2285128252243487,-1.0992486093600178,-49.37758114490637,0,0,0.4,33.001147570363955,0.8,-0.01221387343733353
157.74799943170666,3.1106829582096207,-1.0372018201756248,-50.711693075433125,0,0,0.4,32.98991111892437,0.8,-0.011524464668618053
156.0353755870623,2.9980433290841084,-0.9790592508932434,-52.04573732252581,0,0,0.4,32.97890690019504,0.8,-0.010878436121036037
154.2782846350703,2.8902041123144264,-0.9245669820762146,-53.37971943840564,0,0,0.4,32.968128552285854,0.8,-0.010272966467513495
152.4767285610843,2.7868135947379225,-0.8734884464290076,-54.713644590004776,0,0,0.4,32.95756928912797,0.8,-0.009705427182544529
150.6307091843492,2.68755362790789,-0.8256032196844387,-56.04751757143792,0,0,0.4,32.94722195277727,0.8,-0.009173369107604875
148.74022817019048,2.592135716283191,-0.7807059002798269,-57.38134281929728,0,0,0.4,32.937079057536266,0.8,-0.008674510003109188
146.80528704165846,2.5002976399559205,-0.738605071316897,-58.715124429844515,0,0,0.4,32.92713282648054,0.8,-0.008206723014632189
144.82588719057824,2.4118005286362063,-0.6991223388281469,-60.04886617736688,0,0,0.4,32.9173752208815,0.8,-0.00776802598697941
142.8020298879759,2.32642631811075,-0.6620914408640033,-61.382571533124214,0,0,0.4,32.907797962923766,0.8,-0.007356571565155592
140.73371629386884,2.243975532112129,-0.627357422373251,-62.71624368444162,0,0,0.4,32.89839255202358,0.8,-0.006970638026369456
138.62094746642177,2.1642653420574627,-0.5947758712753739,-64.04988555360846,0,0,0.4,32.88915027496325,0.8,-0.006608620791948599
136.46372437047887,2.08712786488677,-0.5642122115269785,-65.38349981632881,0,0,0.4,32.88006220995995,0.8,-0.006269024572521984
134.26204788549083,2.0124086656031643,-0.535541049362962,-66.71708891953587,0,0,0.4,32.87111922468884,-0.8,-0.008925684156049366
132.14924374504372,2.2006117594836523,-0.4901287949986681,-60.05113949588772,0,0,0.4,32.862977374116824,-0.8,-0.008168813249977803
130.25864049068107,2.4399839914453474,-0.4478811835627141,-53.38503897868656,0,0,0.4,32.85621210605292,-0.8,-0.007464686392711902
128.5902426859771,2.752429442296133,-0.4086201138166814,-46.718815280040204,0,0,0.4,32.85068505744267,-0.8,-0.006810335230278023
127.14405404154165,3.174435560915431,-0.37217954505112516,-40.05249172702575,0,0,0.4,32.846263614826555,-0.8,-0.006202992417518752
125.92007755619129,3.771633217074067,-0.3384039079097363,-33.38608775268894,0,0,0.4,32.84282129746284,-0.8,-0.005640065131828938
124.91831563683269,4.675153241331248,-0.30714664709176986,-26.719619483801612,0,0,0.4,32.84023816748985,-0.8,-0.0051191107848628315
124.13877020021681,6.190502650532764,-0.2782689090008432,-20.053100242115757,0,0,0.4,32.83840124087158,-0.8,-0.004637815150014054
123.5814427592114,9.231768162371875,-0.2516383864356442,-13.386540973041528,0,0,0.4,32.837204872536695,-0.8,-0.004193973107260736
123.2463344958161,18.340363134890776,-0.22712833003822652,-6.71995061326522,0,0,0.4,32.83655109029056,-0.8,-0.0037854721673037752
123.13344632279438,2308.6190801455655,-0.20461673255701385,-0.05333640676444139,0,0,0.4,32.836349854767946,-0.8,-0.003410278875950231
123.15530715567093,93.11190016764702,-0.18412117029015462,1.3226591545648951,0,0,0.4,32.836383743779095,-0.8,-0.003068686171502577
123.2216179385327,46.39388719285318,-0.16561547714320568,2.655988221601629,0,0,0.4,32.83647731989704,-0.8,-0.0027602579523867614
123.33237305667856,30.91564439713325,-0.14891313648323035,3.989319176802116,0,0,0.4,32.83661811284268,-0.8,-0.002481885608053839
123.48757256337873,23.200386774878563,-0.13384447240235886,5.322651461013201,0,0,0.4,32.83679546327524,-0.8,-0.002230741206705981
123.68721649570237,18.582857814654226,-0.12025518876035335,6.655984656900516,0,0,0.4,32.83700029967701,-0.8,-0.0020042531460058893
123.93130487868136,10.493199835903393,-0.10800502327333561,11.810630390802208,0,0,0.6,32.837224946287996,-0.8,-0.0018000837212222601
124.34721972883288,9.460191519808713,-0.08105917603020885,13.144260289917176,0,0,0.6,32.85337029120379,-0.8,-0.0013509862671701475
124.80758886069314,8.62056649345303,-0.05691562325350219,14.47788714993144,0,0,0.6,32.86940792637746,-0.8,-0.0009485937208917032
125.31299742415237,7.922519167288095,-0.1290129040818897,15.817317039959581,0,0,0.5,32.79161908322374,-0.8,-0.002150215068031495
125.86246786701226,7.338530415883619,-0.13103706989454622,17.150909069558907,0,0,0.5,32.77669362700289,-0.8,-0.0021839511649091037
126.45639133300799,6.841213022005811,-0.13272349743911604,18.484498425387663,0,0,0.5,32.76190349246885,-0.8,-0.002212058290651934
127.12100249080494,6.372460889241404,-0.04167766574025222,19.9484947338669,0,0,0.4,32.8396769744238,-0.8,-0.000694627762337537
127.8081745482401,6.005507150648689,-0.03717031633533452,21.281828718567894,0,0,0.4,32.84001655725471,-0.8,-0.0006195052722555753
128.53979107089629,5.683788044839347,-0.03312225589925788,22.615162644498202,0,0,0.4,32.840347586057234,-0.8,-0.0005520375983209646
189.83378586533806,9.807599388000735,-14.463782325840128,19.355785075968054,0,0,0.3,18.40637529052645,0.8,-0.16070869250933476
190.3725028211068,14.692888848890881,-13.459067187604148,12.9567782604901,0,0,0.3,18.446838273706433,0.8,-0.14954519097337943
190.69687897646565,29.350449911620355,-12.53918845721168,6.497238698237652,0,0,0.3,18.469445858258613,0.8,-0.1393243161912409
190.80510925452054,91330.52778718088,-11.696179718948173,-0.002089171210081432,0,0,0.3,18.476508699374676,0.8,-0.12995755243275747
190.78323889733372,145.4922288528057,-10.917732153817553,-1.3112950458017167,0,0,0.3,18.475210949908735,0.8,-0.12130813504241726
190.717622308292,72.60801177771366,-10.193541666819556,-2.626674627755486,0,0,0.3,18.47155262665223,0.8,-0.11326157407577284
190.60807433727805,48.291647292520615,-9.519678611359325,-3.9470195162880546,0,0,0.3,18.465846237657846,0.8,-0.10577420679288138
190.45444647506002,36.13021145761178,-8.892508413636193,-5.271334951872688,0,0,0.3,18.458371194623684,0.8,-0.09880564904040215
190.25662034110061,28.831985406465254,-8.308668720324363,-6.5988039900449476,0,0,0.3,18.4493769936931,0.8,-0.09231854133693737
190.01450226717066,23.9652307383181,-7.765048341065807,-7.928757471270901,0,0,0.3,18.43908612493003,0.8,-0.08627831490073119
189.72801879890025,20.487551274330105,-7.258767850704771,-9.260648881773399,0,0,0.3,18.427696725886673,0.8,-0.0806529761189419
189.39711296530697,17.877715407193417,-6.787161723891785,-10.594033334320764,0,0,0.3,18.415384995986003,0.8,-0.07541290804324205
189.02174119007648,15.846162439232497,-6.347761882688815,-11.928550014234972,0,0,0.3,18.402307388929533,0.8,-0.07053068758543127
188.6018707384981,14.219178641462745,-5.9382825458451975,-13.263907536018998,0,0,0.3,18.388602600260544,0.8,-0.06598091717605775
188.13747761099384,12.886241806626389,-5.556606276309651,-14.599871741833171,0,0,0.3,18.374393366739753,0.8,-0.0617400697367739
187.62854480856234,11.773690768404242,-5.200771131163947,-15.936255546313516,0,0,0.3,18.359788093464815,0.8,-0.057786345901821634
187.07506090758466,10.830546535083577,-4.868958825438483,-17.27291049455253,0,0,0.3,18.344882323779345,0.8,-0.054099542504872034
186.47701889165015,10.020409837831163,-4.559483828140401,-18.609719752940922,0,0,0.3,18.3297600660482,0.8,-0.05066093142378223
185.8344151966438,9.316599669084201,-4.270783315276418,-19.946592297328028,0,0,0.3,18.314494990369507,0.8,-0.047453147947515754
185.1472489325471,8.699114967873447,-4.001407910670167,-21.28345810077361,0,0,0.3,18.299151507290645,0.8,-0.04446008789633519
184.41552125143664,8.152668774656304,-3.750013150968499,-22.620264155060212,0,0,0.3,18.283785739614316,0.8,-0.04166681278853888
183.6392348362872,7.665377789322042,-3.515351616407031,-23.95697118700382,0,0,0.3,18.26844639744454,0.8,-0.039059462404522564
182.81839348936018,7.227865863024748,-3.296265673690897,-25.293550953206754,0,0,0.3,18.25317556573354,0.8,-0.036625174152121076
181.9530018025727,6.8326365383450565,-3.0916807817517054,-26.62998401589847,0,0,0.3,18.238009412760015,0.8,-0.03435200868613006
181.04306489519163,6.473624945568472,-2.9005993151965015,-27.96625791846729,0,0,0.3,18.222978827198425,0.8,-0.032228881279961125
180.08858820668675,6.145871978237363,-2.7220948639905203,-29.30236569267689,0,0,0.3,18.208109990724644,0.8,-0.030245498488783558
179.08957733465397,5.845283524474905,-2.5553069713331524,-30.6383046407902,0,0,0.3,18.193424892449332,0.8,-0.028392299681479473
178.04603790945092,5.568449939115849,-2.399436274823728,-31.974075345233476,0,0,0.3,18.178941790869874,0.8,-0.026660403053596977
176.9579754986332,5.312508883193426,-2.2537400188877257,-33.30968086631437,0,0,0.3,18.16467562848428,0.8,-0.025041555765419173
175.82539553548267,5.075039849842779,-2.1175279090677748,-34.64512609510438,0,0,0.3,18.150638403711717,0.8,-0.02352808787853083
174.64830326692243,4.853982157308906,-1.9901582811973242,-35.98041723411466,0,0,0.3,18.136839504311,0.8,-0.02211286979108138
173.4267037169463,4.647570538652491,-1.871034560684734,-37.31556138300794,0,0,0.3,18.123286006077084,0.8,-0.020789272896497044
172.16060166238384,4.454284077625235,-1.7596019891601316,-38.65056621044472,0,0,0.3,18.109982940222718,0.8,-0.01955113321289035
170.85000161839764,4.272805374048662,-1.6553445975917498,-39.98543969638151,0,0,0.3,18.09693353251377,0.8,-0.01839271775101944
169.49490783158558,4.101987626659888,-1.5577824066771768,-41.32018993182572,0,0,0.3,18.08413941692222,0.8,-0.017308693407524188
168.09532427895692,3.940827899674413,-1.4664688368720533,-42.65482496529341,0,0,0.3,18.071600826282182,0.8,-0.01629409818746726
166.65125467137688,3.7884452598529017,-1.3809883118447033,-43.98935268708294,0,0,0.3,18.05931676218473,0.8,-0.01534431457605226
165.16270246034466,3.64406278004698,-1.300954040453405,-45.323780744034096,0,0,0.3,18.04728514611971,0.8,-0.014455044893926723
163.62967084719176,3.5069926348562634,-1.226005963542974,-46.6581164787357,0,0,0.3,18.035502953666597,0.8,-0.013622288483810823
162.0521627939704,3.376623686250057,-1.1558088529567385,-47.99236688822113,0,0,0.3,18.023966333349954,0.8,-0.012842320588408205
160.43018103545234,3.252411087318451,-1.0900505511714869,-49.32653859808474,0,0,0.3,18.012670711604777,0.8,-0.012111672790794299
158.7637280917807,3.13386753175029,-1.0284403408886647,-50.66063784869359,0,0,0.3,18.001610885142824,0.8,-0.011427114898762941
157.05280628141855,3.020555853109207,-0.9707074347701052,-51.994670490782795,0,0,0.3,17.990781101868805,0.8,-0.010785638164112281
155.2974177341185,2.9120827372350675,-0.9165995762877515,-53.328641988231624,0,0,0.3,17.98017513136649,0.8,-0.010184439736530573
153.49756440370564,2.808093357337682,-0.8658817433803279,-54.66255742623698,0,0,0.3,17.96978632585473,0.8,-0.009620908259781421
151.65324808051741,2.7082667776728417,-0.8183349472736552,-55.99642152344753,0,0,0.3,17.95960767240272,0.8,-0.009092610525262836
149.76447040338962,2.6123120004048768,-0.773755119434071,-57.33023864690662,0,0,0.3,17.949631837090713,0.8,-0.008597279104823012
147.83123287110934,2.5199645530950665,-0.7319520801920021,-58.66401282888694,0,0,0.3,17.939851201703853,0.8,-0.008132800891022245
145.8535368532851,2.4309835325187756,-0.6927485830950388,-59.9977477848911,0,0,0.3,17.930257893454677,0.8,-0.007697206478833765
143.8313836006056,2.345149035200319,-0.6559794295381494,-61.33144693224998,0,0,0.3,17.920843808138564,0.8,-0.007288660328201659
141.76477425447342,2.2622599169251467,-0.6214906486691802,-62.66511340887808,0,0,0.3,17.911600627038307,0.8,-0.00690545165187978
139.653709856016,2.1821318331309536,-0.5891387379920161,-63.9987500918489,0,0,0.3,17.902519827804202,0.8,-0.0065459859776890676
137.49819135448294,2.1045955199478596,-0.5587899604844608,-65.33235961553761,0,0,0.3,17.89359268944563,0.8,-0.006208777338716232
135.29821961504817,2.0294952821080505,-0.5303196944246906,-66.66594438914537,0,0,0.3,17.884810291473112,-0.8,-0.008838661573744844
133.18712052548756,2.2197860336879716,-0.4852809132761422,-59.999981306400656,0,0,0.3,17.876817103179178,-0.8,-0.008088015221269037
131.29822273262843,2.4618169149429687,-0.4433921474829674,-53.333869767350315,0,0,0.3,17.870177777644738,-0.8,-0.007389869124716123
129.63153071925657,2.7777607422772865,-0.40447508776273366,-46.667637261293066,0,0,0.3,17.864755622616677,-0.8,-0.006741251462712228
128.18704812835662,3.2045715140266435,-0.36836344503151963,-40.001306747960705,0,0,0.3,17.860419756571602,-0.8,-0.006139390750525327
126.9647779025392,3.808764628817301,-0.33490138478208564,-33.33489734228191,0,0,0.3,17.857045472317882,-0.8,-0.005581689746368094
125.96472240237432,4.723365661455909,-0.30394209362347624,-26.668424896739314,0,0,0.3,17.854514624998306,-0.8,-0.00506570156039127
125.186883506764,6.258748812518834,-0.2753464901462621,-20.001902497886398,0,0,0.3,17.85271601911315,-0.8,-0.004589108169104368
124.63126269798235,9.345937514343992,-0.24898209125365156,-13.335340890809544,0,0,0.3,17.851545768991144,-0.8,-0.004149701520894193
124.29786113359162,18.638857761940873,-0.22472204274322394,-6.668748842935987,0,0,0.3,17.850907608376215,-0.8,-0.0037453673790537323
124.18667970709724,58209.1438625306,-0.20244431936077945,-0.002133456557965914,0,0,0.3,17.850713127484337,-0.8,-0.0033740719893463242
124.20888757627232,93.18695825992984,-0.18216610481590578,1.332899902471458,0,0,0.3,17.850746910093115,-0.8,-0.0030361017469317632
124.27553971920915,46.61097620690535,-0.16385722163903438,2.6662290694696478,0,0,0.3,17.850839182788395,-0.8,-0.0027309536939839063
124.38663620003078,31.100079415107516,-0.14733295471191354,3.9995600827825335,0,0,0.3,17.850977727551616,-0.8,-0.002455549245198559
124.54217707082239,23.353588978850258,-0.1324252929570946,5.332892395409189,0,0,0.3,17.851152093835243,-0.8,-0.0022070882159515768
124.74216236782122,18.712562380722325,-0.1189814688521551,6.6662255991371095,0,0,0.3,17.85135338864449,-0.8,-0.001983024480869252
124.98659211549082,10.57335411677647,-0.10686262270741054,11.820902878602903,0,0,0.5,17.851574087903998,-0.8,-0.0017810437117901756
125.40284933772301,9.533054247141708,-0.08017091591736403,13.15453013133986,0,0,0.5,17.867579532423314,-0.8,-0.001336181931956067
125.86356075418578,8.687342593860727,-0.05625439026684376,14.488154391785185,0,0,0.5,17.883478966482105,-0.8,-0.0009375731711140626
126.36930535416307,7.984150249066193,-0.12777077980445029,15.827520952394767,0,0,0.4,17.806337137917804,-0.8,-0.002129512996740838
126.91911589430315,7.395740047881813,-0.12980061611975202,17.161111000737996,0,0,0.4,17.791530223622075,-0.8,-0.002163343601995867
127.513379392206,6.894590899948927,-0.13149428670243424,18.494698415412955,0,0,0.4,17.77685649142739,-0.8,-0.0021915714450405706
128.17833796895937,6.422167174648115,-0.04122006019301239,19.958735810389825,0,0,0.3,17.853981289266578,-0.8,-0.0006870010032168731
128.86585139537024,6.052293305637946,-0.036764768106394285,21.292069780446152,0,0,0.3,17.854314575333913,-0.8,-0.0006127461351065714
129.59780928653458,5.7279777653852575,-0.03276337990016032,22.625403693028822,0,0,0.3,17.854639486729486,-0.8,-0.0005460563316693386
190.85092437200743,9.85179950293514,-14.389175374358217,19.37218924473111,0,0,0.2,3.4949511542814355,0.8,-0.15987972638175796
191.3901412513999,14.755827548141832,-13.38982808978892,12.97047831624335,0,0,0.2,3.535020080560168,0.8,-0.14877586766432135
191.71493793253225,29.454466058724492,-12.47477618901749,6.508858030232253,0,0,0.2,3.557416775345678,0.8,-0.13860862432241655
191.82352759051597,2294953.2496837466,-11.636113351907028,-8.358493909056752e-05,0,0,0.2,3.5644278665216276,0.8,-0.12929014835452254
191.80171987220555,146.46601452998905,-10.861652796485657,-1.3095305452783654,0,0,0.2,3.563147531815884,0.8,-0.12068503107206285
191.73615895129873,73.03986425344733,-10.14115929957137,-2.6250892017813294,0,0,0.2,3.559530842297773,0.8,-0.11267954777301523
191.62666153580767,48.567629789461066,-9.470725711152113,-3.9455633796934784,0,0,0.2,3.5538871440789377,0.8,-0.10523028567946792
191.47308060432871,36.33287099809999,-8.846738114386568,-5.269968360450835,0,0,0.2,3.5464930267676853,0.8,-0.09829709015985076
191.27529896038592,28.992107854351197,-8.265853128434514,-6.597495426041571,0,0,0.2,3.5375954717606213,0.8,-0.09184281253816128
191.03322387124928,24.0975912046098,-7.724976993272065,-7.927482139156928,0,0,0.2,3.5274147316941207,0.8,-0.08583307770302295
190.7467826152136,20.60036728896874,-7.221246302296322,-9.259387463317525,0,0,0.2,3.5161469564517165,0.8,-0.0802360700255147
190.41591878894153,17.97602530144227,-6.752010256224963,-10.59277095997767,0,0,0.2,3.503966582369989,0.8,-0.07502233618027737
190.04058924996218,15.933277520836137,-6.314814319774683,-11.927275414706349,0,0,0.2,3.491028501738595,0.8,-0.07016460355305204
189.62076158933553,14.29739154518005,-5.90738517060916,-13.262612343666328,0,0,0.2,3.477470029585807,0.8,-0.06563761300676844
189.15641204634605,12.957205553124401,-5.527616837895295,-14.598549916554678,0,0,0.2,3.463412684259075,0.8,-0.06141796486550327
188.647523791324,11.838636540176802,-5.173557935382831,-15.934902904663943,0,0,0.2,3.448963797578518,0.8,-0.05748397705980924
188.09408551468817,10.890416038672305,-4.84339990114313,-17.27152432439298,0,0,0.2,3.434217969459358,0.8,-0.053815554457145885
187.4960902704106,10.075939521389476,-4.535466162925815,-18.608298498853518,0,0,0.2,3.419258380933806,0.8,-0.0503940684769535
186.85353453059068,9.36837638240611,-4.248202154492418,-19.945135304501985,0,0,0.2,3.404157978505492,0.8,-0.04720224616102687
186.16641741497054,8.747613946996113,-3.980166114258509,-21.281965407138156,0,0,0.2,3.3889805417732286,0.8,-0.044224067936205654
185.43474006518292,8.198280284793505,-3.7300206031239327,-22.61873632316946,0,0,0.2,3.3737816452905762,0.8,-0.041444673368043694
184.65850513859954,7.70842626142532,-3.496524683506152,-23.955409168622626,0,0,0.2,3.3586095247001038,0.8,-0.03885027426117947
183.8377164007741,7.268623926938998,-3.278526706338056,-25.291955980750927,0,0,0.2,3.343505856301109,0.8,-0.036428074514867285
182.97237839905338,6.871335503509506,-3.074957657160212,-26.62835751588625,0,0,0.2,3.328506458389738,0.8,-0.034166196190669025
182.0624962028481,6.510462756786043,-2.884825016460013,-27.9646014429741,0,0,0.2,3.313641921945922,0.8,-0.032053611294000146
181.10807519851937,6.181019343201858,-2.7072070931046426,-29.300680865480473,0,0,0.2,3.2989381775372983,0.8,-0.030080078812273807
180.10912092889188,5.878888695294973,-2.5412477931062085,-30.636593115470596,0,0,0.2,3.284417004662108,0.8,-0.028236086590068984
179.06563896912002,5.600642487889989,-2.3861517890675827,-31.972338772972098,0,0,0.2,3.2700964891603004,0.8,-0.026512797656306476
177.97763483206242,5.343402715483399,-2.2411800585094284,-33.30792087153427,0,0,0.2,3.255991433780633,0.8,-0.02490200065010476
176.84511389751407,5.104735633587541,-2.1056457618911395,-34.64334425742428,0,0,0.2,3.2421137264982716,0.8,-0.02339606402101266
175.6680813606354,4.882569298253224,-1.9789104335335992,-35.97861507536247,0,0,0.2,3.228472670729735,0.8,-0.02198789370592888
174.44654219574517,4.675128800297274,-1.860380460842464,-37.31374035826623,0,0,0.2,3.2150752811852987,0.8,-0.02067089400936071
173.18050113232883,4.480884919843755,-1.7495038292417746,-38.64872770228777,0,0,0.2,3.201926548729835,0.8,-0.019438931436019716
171.86996264068443,4.298513067068455,-1.6457671120659256,-39.98358501161848,0,0,0.2,3.189029677289557,0.8,-0.018286301245176953
170.51493092509975,4.126860184205165,-1.5486926863447934,-41.31832030019234,0,0,0.2,3.1763862955396394,0.8,-0.01720769651494215
169.11540992284563,3.9649178654109516,-1.4578361569611786,-42.65294153963952,0,0,0.2,3.1639966458336084,0.8,-0.016198179521790874
167.67140330759474,3.8118003739825843,-1.3727839730761957,-43.987456544690716,0,0,0.2,3.151859752587836,0.8,-0.015253155256402175
166.18291449614082,3.666726547333608,-1.29315122201578,-45.32187288877233,0,0,0.2,3.139973572109844,0.8,-0.014368346911286443
164.64994665751453,3.5290048110798296,-1.2185795870022957,-46.656197843814724,0,0,0.2,3.128335125655598,0.8,-0.013539773188914398
163.0725027237725,3.398020696760856,-1.1487354562078735,-47.99043833936045,0,0,0.2,3.116940617316543,0.8,-0.012763727291198596
161.45058540188572,3.273226388760418,-1.0833081716079391,-49.32460093694516,0,0,0.2,3.1057855381692865,0.8,-0.012036757462310435
159.7841971862743,3.154131925972207,-1.0220084070357984,-50.65869181645709,0,0,0.2,3.094864757967556,0.8,-0.011355648967064426
158.07334037163508,3.04029776065485,-0.964566665683293,-51.99271677179003,0,0,0.2,3.0841726055176917,0.8,-0.010717407396481034
156.3180170657902,2.931328436503229,-0.9107318880723767,-53.32668121360751,0,0,0.2,3.0737029387497223,0.8,-0.010119243200804186
154.51822920234977,2.8268671944579373,-0.8602701622377253,-54.660590177452335,0,0,0.2,3.0634492053795372,0.8,-0.009558557358196948
152.67397855303486,2.726591351297987,-0.8129635285203562,-55.994448335778216,0,0,0.2,3.05340449494772,0.8,-0.009032928094670625
150.78526673954983,2.6302083249340034,-0.7686088719803763,-57.32826001276279,0,0,0.2,3.0435615829196805,0.8,-0.008540098577559737
148.85209524492686,2.537452203279824,-0.7270168959992986,-58.66202920099371,0,0,0.2,3.0339129674353975,0.8,-0.008077965511103319
146.8744654242927,2.4480807719441886,-0.6880111711619747,-59.995759579308995,0,0,0.2,3.0244508992061028,0.8,-0.007644568568466386
144.8523785150292,2.361872930750924,-0.6514272539897661,-61.32945453122892,0,0,0.2,3.015167404967508,0.8,-0.00723808059988629
142.78583564631478,2.2786264410316788,-0.6171118705461538,-62.663117163542864,0,0,0.2,3.006054304811811,0.8,-0.006856798561623931
140.67483784804855,2.1981559553300505,-0.5849221603523631,-63.996750324717695,0,0,0.2,2.997103223635856,0.8,-0.006499135115026256
138.5193860591662,2.1202912890675956,-0.5547249764447884,-65.33035662287729,0,0,0.2,2.9883055968532637,0.8,-0.006163610849386538
136.3194811353665,2.0448759002076993,-0.5263962377741507,-66.66393844316931,0,0,0.2,2.979652670427595,0.8,-0.005848847086379452
134.07512385627007,1.9717655482924688,-0.4998203304985509,-67.99749796438928,0,0,0.2,2.9711354951849125,-0.8,-0.008330338841642516
131.9196408913495,2.150929318107348,-0.4576039047963718,-61.33146253612305,0,0,0.2,2.9633698878372297,-0.8,-0.0076267317466061964
129.98636135524825,2.3778589560815484,-0.41831578088405763,-54.66529502214529,0,0,0.2,2.956897621269913,-0.8,-0.006971929681400961
128.2752892398812,2.672456439490851,-0.38179127206871044,-47.99901968255087,0,0,0.2,2.9515905519968686,-0.8,-0.006363187867811841
126.786427795492,3.067463782385218,-0.3478770096059236,-41.33265681034532,0,0,0.2,2.947325687252763,-0.8,-0.0057979501600987264
125.51977965281542,3.620809179712019,-0.31642945807342926,-34.66622332823367,0,0,0.2,2.9439855378246627,-0.8,-0.005273824301223821
124.47534692685836,4.445590449406566,-0.28731354859129965,-27.999733296051676,0,0,0.2,2.941458501499458,-0.8,-0.004788559143188328
123.65313130503165,5.796277206767535,-0.2604014423363594,-21.33319834335364,0,0,0.2,2.9396392528952666,-0.8,-0.004340024038939324
123.05313412192338,8.390008514065391,-0.23557143618549503,-14.666628039248295,0,0,0.2,2.938429114812513,-0.8,-0.003926190603091584
122.67535642263559,15.334361647421552,-0.2127070203859205,-8.000030209491195,0,0,0.2,2.9377363869935134,-0.8,-0.003545117006432008
122.51979901630277,91.88448258406251,-0.19169609497083684,-1.333411209060386,0,0,0.2,2.9374766103700205,-0.8,-0.003194934916180614
122.52957572617207,114.87383603454683,-0.1725127751733453,1.0666447639941516,0,0,0.2,2.937490320670426,-0.8,-0.0028752129195557547
122.5873527017477,51.07861422684516,-0.155184776568575,2.399974129237829,0,0,0.2,2.937567041757859,-0.8,-0.002586412942809583
122.68957401920679,32.86352646525867,-0.13954393651869168,3.733305193187553,0,0,0.2,2.9376894041508765,-0.8,-0.002325732275311528
122.83623972656325,24.244134448290556,-0.12543167946878953,5.066637457755246,0,0,0.2,2.937847267548931,-0.8,-0.002090527991146492
123.02734985738785,19.223111869955456,-0.11270378610964826,6.3999705505367235,0,0,0.2,2.938031992961167,-0.8,-0.0018783964351608044
123.26290443449979,10.667676660281346,-0.10122913854030458,11.554803202223125,0,0,0.4,2.9382362619195668,-0.8,-0.0016871523090050762
123.67029171632606,9.595447957993866,-0.07490480265232691,12.888433375671394,0,0,0.4,2.9544376839534987,-0.8,-0.0012484133775387818
124.12213329008395,8.72743668909603,-0.051319361635819405,14.222060578813577,0,0,0.4,2.9705326447047784,-0.8,-0.0008553226939303234
124.61897759737836,8.008351742920178,-0.12443964637020599,15.561126883262634,0,0,0.3,2.8922804238068167,-0.8,-0.0020739941061701
125.15990840581415,7.408225759621863,-0.12703780701264122,16.894721147402326,0,0,0.3,2.877238298527353,-0.8,-0.0021172967835440203
125.7452923109215,6.8983506324969115,-0.12924010006503295,18.228312680796137,0,0,0.3,2.862332224773691,-0.8,-0.0021540016677505493
126.40139946774347,6.418764568179144,-0.038133378117123584,19.692481025768583,0,0,0.2,2.940514936715112,-0.8,-0.0006355563019520597
127.08003773300227,6.044000594789764,-0.03400621537636539,21.025814895278426,0,0,0.2,2.9408287616441506,-0.8,-0.0005667702562727565
127.8031204598331,5.7159206762583,-0.030299392836667494,22.35914871783951,0,0,0.2,2.9411349626462093,-0.8,-0.0005049898806111249
189.0560268955893,9.898104269912272,-14.55252836474719,19.100225835190653,0,0,0.1,-11.584123948547985,0.8,-0.1616947596083021
189.58626285651658,14.924090102275931,-13.542111631449046,12.703371633196223,0,0,0.1,-11.543875772899648,0.8,-0.15046790701610052
189.90222028477896,30.406564445672633,-12.617047548924376,6.245434949551009,0,0,0.1,-11.521619132471564,0.8,-0.14018941721027084
190.00221685073515,3638.8131129824874,-11.769309919616433,-0.052215436998632576,0,0,0.1,-11.515018006425244,0.8,-0.13077011021796037
189.9786785651498,139.56119435114323,-10.986102087860445,-1.3612571850535584,0,0,0.1,-11.516430835977017,0.8,-0.12206780097622717
189.91139851479696,70.95431118726131,-10.257486778172051,-2.6765307891381864,0,0,0.1,-11.52022233214598,0.8,-0.1139720753130228
189.8001898232926,47.48785418925654,-9.57950931712287,-3.996815460788545,0,0,0.1,-11.526077322974887,0.8,-0.10643899241247633
189.64490262926378,35.64012649438501,-8.948512063690941,-5.321106328260135,0,0,0.1,-11.533714024017833,0.8,-0.09942791181878824
189.4454175049172,28.494124786618496,-8.361111399166475,-6.648578221777325,0,0,0.1,-11.542880830406112,0.8,-0.09290123776851639
189.20163998229742,23.713771785540274,-7.814176524235734,-7.978555317702145,0,0,0.1,-11.55335338208649,0.8,-0.08682418360261926
188.91349600743442,20.290401762792918,-7.304809927405245,-9.31048572699287,0,0,0.1,-11.564931886871728,0.8,-0.08116455474894717
188.58092817078187,17.717243624938767,-6.830329396611603,-10.643920248708191,0,0,0.1,-11.577438684571746,0.8,-0.07589254885124003
188.20389258633668,15.71181508621852,-6.388251453869543,-11.978494626723176,0,0,0.1,-11.590716034937149,0.8,-0.07098057170966159
187.78235631218257,14.104218019447515,-5.9762761008772145,-13.313914748996366,0,0,0.1,-11.604624112202746,0.8,-0.06640306778752461
187.31629522241516,12.786143837059036,-5.592272771417868,-14.649944315462989,0,0,0.1,-11.619039189468596,0.8,-0.0621363641268652
186.80569225495393,11.685292226605581,-5.234267394065398,-15.986394574679665,0,0,0.1,-11.633851996877302,0.8,-0.058158526600726644
186.25053597200366,10.75156098963613,-4.900430476008751,-17.323115792352215,0,0,0.1,-11.648966238425029,0.8,-0.05444922751120834
185.65081938025173,9.949138113441219,-4.589066125732188,-18.659990168338172,0,0,0.1,-11.664297253215697,0.8,-0.050989623619246534
185.00653896656507,9.251748958809785,-4.298601938774937,-19.996925963971,0,0,0.1,-11.679770807973924,0.8,-0.04776224376416596
184.31769391224395,8.639681590772918,-4.027579676864889,-21.333852639788617,0,0,0.1,-11.695322008648855,0.8,-0.044750885298498765
183.58428545500212,8.097859753753312,-3.774646676341092,-22.67071683600248,0,0,0.1,-11.710894319916052,0.8,-0.041940518626012134
182.806316372959,7.614556945048042,-3.538547927009404,-24.007479055211878,0,0,0.1,-11.726438682340445,0.8,-0.039317199188993374
181.98379056926743,7.180515863186383,-3.3181187673857835,-25.34411092972802,0,0,0.1,-11.741912717850836,0.8,-0.03686798630428648
181.11671273953075,6.788331612743826,-3.1122781467263394,-26.680592975086533,0,0,0.1,-11.757280015017082,0.8,-0.034580868296959326
180.2050881072214,6.432010897544067,-2.920022408326531,-28.016912747462705,0,0,0.1,-11.772509486399004,0.8,-0.032444693425850345
179.24892221480258,6.10665129432924,-2.740419552328035,-29.353063336244,0,0,0.1,-11.787574790955656,0.8,-0.03044910613697817
178.24822076036,5.808204113374497,-2.5726039397151794,-30.68904213436809,0,0,0.1,-11.802453815164629,0.8,-0.028584488219057548
177.2029894712982,5.533296498333455,-2.415771402343296,-32.02484983854905,0,0,0.1,-11.817128207107084,0.8,-0.026841904470481067
176.11323400811912,5.279096197667512,-2.2691747267396067,-33.36048963948262,0,0,0.1,-11.831582958326281,0.8,-0.025213052519328965
174.97895989251677,5.043207530927068,-2.132119482069527,-34.69596656879025,0,0,0.1,-11.845806028772175,0.8,-0.023690216467439188
173.8001724550339,4.823590469455718,-2.003960165093929,-36.03128697504145,0,0,0.1,-11.859788010601221,0.8,-0.02226622405659921
172.57687679837048,4.6184970571593675,-1.8840966371696481,-37.36645810585724,0,0,0.1,-11.873521827016505,0.8,-0.020934407079662758
171.30907777313382,4.4264209882639785,-1.771970830385385,-38.7014877769953,0,0,0.1,-11.88700246271023,0.8,-0.019688564782059832
169.99677996340094,4.24605727343945,-1.667063701794234,-40.03638411257175,0,0,0.1,-11.90022672281146,0.8,-0.018522930019935935
168.63998767994556,4.0762697169223765,-1.5688924164143714,-41.37115534329028,0,0,0.1,-11.913193017551166,0.8,-0.01743213796015968
167.23870495938252,3.9160644962102373,-1.4770077412389924,-42.70580965181431,0,0,0.1,-11.92590117013674,0.8,-0.016411197124877694
165.79293556781047,3.7645685498185366,-1.3909916339341066,-44.04035505630577,0,0,0.1,-11.93835224558117,0.8,-0.015455462599267852
164.30268300780804,3.6210117830378232,-1.310455011218778,-45.37479932472559,0,0,0.1,-11.950548398461398,0.8,-0.014560611235764201
162.76795052786156,3.484712327846811,-1.235035683132196,-46.70914991379939,0,0,0.1,-11.962492737789455,0.8,-0.013722618701468845
161.18874113348812,3.3550642628408025,-1.1643964405014913,-48.04341392763853,0,0,0.1,-11.974189207367536,0.8,-0.012937738227794347
159.56505759946938,3.2315273274827985,-1.0982232839385233,-49.37759809190992,0,0,0.1,-11.985642480171345,0.8,-0.012202480932650259
157.89690248273496,3.113618263026041,-1.0362237836324084,-50.71170874019708,0,0,0.1,-11.996857865461163,0.8,-0.011513597595915649
156.18427813553592,3.000903487882405,-0.9781255600605618,-52.04575180981504,0,0,0.1,-12.007841227464805,0.8,-0.010868061778450688
154.42718671863184,2.8929928736710653,-0.923674876531436,-53.379732844855354,0,0,0.1,-12.018598914606326,0.8,-0.010263054183682622
152.62563021428085,2.789534433811944,-0.8726353352001297,-54.71365700466205,0,0,0.1,-12.029137698377143,0.8,-0.00969594816889033
150.77961043887674,2.6902097723816816,-0.8247866688666363,-56.04752907628812,0,0,0.1,-12.039464721057007,0.8,-0.009164296320740404
148.88912905512083,2.59473016929901,-0.7799236214846132,-57.38135348977138,0,0,0.1,-12.04958745159944,0.8,-0.008665818016495703
146.95418758364974,2.5028332004562803,-0.7378549108798893,-58.71513433530416,0,0,0.1,-12.059513649093661,0.8,-0.008198387898665437
144.97478741406988,2.414279809452956,-0.698402267706399,-60.04887538156535,0,0,0.1,-12.069251333312184,0.8,-0.007760025196737767
142.95092981536803,2.328851762095368,-0.6613995451583037,-61.38258009464241,0,0,0.1,-12.078808761944527,0.8,-0.007348883835092263
