dist,ttc,heading_err,approach_speed,ammo,mines,threat_density,threat_angle,thrust,turn_rate
142.17775361765828,56.14674323555797,-8.589126455069447,-2.532252904165179,0,0,1.5,171.41087354493055,100.30178310498894,-2.705302825193485
142.0965054450729,60.67624258538222,-9.194800893027576,-2.341880436072124,0,0,1.5,170.71502234613263,96.16738691189519,-3.078336527223745
142.02394194389666,70.61334846733601,-9.78953790140099,-2.0112902875522667,0,0,1.5,170.0176741201851,91.924322210808,-3.489493539758173
141.9647794294554,92.30672576536259,-10.371805161425186,-1.5379678810222368,0,0,1.5,169.31909040883562,87.60370951926767,-3.939720685308416
141.92379782861298,100.0,-10.939969699041825,-0.9206086992511416,0,0,1.5,168.61960184837537,83.2422012555091,-4.42927075699369
141.90579775497136,100.0,-11.492323623570798,-0.15927263380834183,0,0,1.5,167.91960556527994,78.87914630698322,-4.957590827006406
141.9155541231715,100.0,-12.027115220005555,0.7445625970613757,0,0,1.5,167.2195609412783,74.55736045475703,-5.523263927533083
141.95776767807678,79.39784655979166,-12.542583634744346,1.7879296961936304,0,0,1.5,166.51998372895508,70.32301823748101,-6.12393345884207
142.03701429180103,47.88341074974113,-13.036997775501646,2.966309460162441,0,0,1.5,165.82143847290305,66.2230987543933,-6.75638526694495
142.15769363631236,33.263724432152806,-13.50869403752074,4.273655342662181,0,0,1.5,165.12452936865247,62.304470336248905,-7.416599256847036
142.32397918948536,24.958397503493575,-13.956113617819113,5.702448611516962,0,0,1.5,164.42988981312587,60.0,-8.099964955556961
142.53709276493825,20.581068524169257,-14.378036619269778,6.925641037419931,0,0,1.5,163.7379679798233,60.0,-8.818867621118018
142.79281152785475,16.966390592180456,-14.773256427856069,8.416216210044446,0,0,1.5,163.04878591719975,60.0,-9.543742298178593
143.06746360341558,16.60679511481917,-15.14315871087328,8.614995404847772,0,0,1.5,162.36075889090992,60.0,-10.362062038498749
143.37934005985755,14.201270292032987,-15.483003492565757,10.096233443306433,0,0,1.5,161.6755120412675,60.0,-11.11495802230811
143.70993079919185,13.966871504200233,-15.796252938230595,10.289342946698852,0,0,1.5,160.99176399485904,60.0,-11.953510192562966
144.07744667980612,12.251296149164894,-16.07837576063099,11.760179896526877,0,0,1.5,160.31119083270656,60.0,-12.708863369013631
144.46341009910867,12.092996474520682,-16.33348653286376,11.946039213976917,0,0,1.5,159.63245128150666,60.0,-13.538215604462092
144.8859609777141,10.807926232175209,-16.55740479310049,13.405528300738066,0,0,1.5,158.95725916778787,60.0,-14.270166122168396
145.32664664209344,10.699483537269538,-16.754767229593597,13.582585190759607,0,0,1.5,158.28422452722248,60.0,-15.061447821713278
145.80354659759794,9.700908924452996,-16.921857531380482,15.029885110051103,0,0,1.5,157.61508596471182,60.0,-15.74723207189863
146.2982248269303,9.627009186440725,-17.063619877208907,15.196643318153862,0,0,1.5,156.94841588315344,60.0,-16.475406867792334
146.82871160715263,8.828613246264236,-17.176890238078954,16.63100506404923,0,0,1.5,156.28596529335698,60.0,-17.098104408182824
147.37657914576963,8.779705362069427,-17.266639174584384,16.78605067801867,0,0,1.5,155.62627954324546,60.0,-17.744216764790586
147.95981978099036,8.126621695819301,-17.330334250397982,18.206805400712515,0,0,1.5,154.97111057527218,60.0,-18.293934955980895
148.56000584063807,8.096429680495348,-17.37266047128341,18.348829262177823,0,0,1.5,154.31898652252073,63.56006163017214,-18.846058985860278
149.1932174274546,7.595492151277952,-17.391965445850303,19.642337119965642,0,0,1.5,153.6714795817585,66.67047357712546,-19.32193356742042
149.8442608424123,7.536126038147111,-17.391985207243692,19.883460027594516,0,0,1.5,153.02739536811777,70.9291934020546,-19.773456310653025
150.52447889196955,7.192423526446778,-17.372394092158373,20.92820011759403,0,0,1.5,152.38787127284797,74.74740279137289,-20.17361362314008
151.2252523720867,7.070368112437303,-17.335522997793163,21.388596741670383,0,0,1.5,151.75228857977518,79.19806058803798,-20.530769554791778
151.9510050280697,6.858471073618838,-17.28229026542769,22.155230137595886,0,0,1.5,151.12116232698094,83.54148053921007,-20.850187422512914
152.6990469912906,6.711797613318812,-17.214061224846603,22.750841993250273,0,0,1.5,150.49438512014493,88.08717830714457,-21.12615680502348
153.46523230305777,6.609463297621337,-17.132528871019332,23.21901573434684,0,0,1.5,149.87171224713808,92.74057471410337,-21.359112219648182
154.2444275643665,6.554814913247661,-17.039464318697185,23.531469554179107,0,0,1.5,149.2528063921386,97.48002985241212,-21.54808864334597
155.0313979524375,6.545399647779144,-16.93668466866515,23.685551119103888,0,0,1.5,148.63731642072577,102.29298384731761,-21.693985005477888
155.8208265297337,6.580552921569928,-16.825987301476374,23.678986915974743,0,0,1.5,148.0248809543986,107.19070769231793,-21.798865842937886
156.60731438957933,6.661551920160093,-16.709109618204792,23.509133647316176,0,0,1.5,147.41512977623893,112.19590773636067,-21.866222645130364
157.38536241866623,6.791866353733522,-16.58768210758612,23.172623579695546,0,0,1.5,146.8076831986866,117.32536169315696,-21.90072397069597
158.14935044186402,6.977517308785773,-16.46319037311025,22.665561895880867,0,0,1.5,146.20215080080592,122.5731636827914,-21.908378730993967
158.8935318231693,7.2276054403894445,-16.336930785322636,21.984256491816417,0,0,1.5,145.5981310975604,127.90103071038465,-21.896569945327037
159.61205751024173,7.555151645474212,-16.20996288777883,21.126254640547774,0,0,1.5,144.99521333026,133.24108934515252,-21.8738428852915
160.2990330971218,7.9785346793096945,-16.083066412468355,20.09128737797138,0,0,1.5,144.39298170939406,138.51008435079476,-21.84975942027019
160.94859972120696,8.524027445570617,-15.956701355050683,18.881755220631238,0,0,1.5,143.79102145280274,143.63046851862686,-21.834454932010527
161.55501982073082,9.230378733664509,-15.830982386420374,17.502534238548265,0,0,1.5,143.1889252570327,148.54632328716207,-21.83759133169924
162.11274787511107,10.157269018680756,-15.705689124162546,15.96026920001441,0,0,1.5,142.5862988082339,150.0,-21.868077767103404
162.61820042726785,11.31965220013726,-15.580156830847073,14.366006795270263,0,0,1.5,141.98289517597925,150.0,-21.928438007038597
163.07041974938798,12.773545641812737,-15.453437303313478,12.766261171494598,0,0,1.5,141.37866676994489,150.0,-22.01481562775435
163.46921976858954,14.646688913468477,-15.324650060460897,11.160831006540334,0,0,1.5,140.77362682520567,150.0,-22.12326413453269
163.81440733464626,17.15425094788342,-15.193042770779016,9.549493465633283,0,0,1.5,140.16779197706978,150.0,-22.250030373375058
164.10578161154788,20.68905193403876,-15.057984222102732,7.932010714398763,0,0,1.5,139.56118284663356,150.0,-22.39154908655825
164.34313367975776,26.052566473269454,-14.918957658339252,6.308136046726056,0,0,1.5,138.9538244408451,150.0,-22.544584557112803
164.5262463245017,35.17307628990441,-14.775549551902174,4.677618897148471,0,0,1.5,138.34574639537843,150.0,-22.70620081130485
164.6548939818307,54.15906536848803,-14.6274394965495,3.0402092957393183,0,0,1.5,137.73698309035427,150.0,-22.873633495891788
164.72884283378372,100.0,-14.474394488958524,1.3956623729049433,0,0,1.5,137.12757364808218,150.0,-23.044563855531567
164.74785102061318,100.0,-14.31625416420664,-0.2562591609449623,0,0,1.5,136.51756184431633,150.0,-23.216543933643486
164.71166897715466,85.97629751233931,-14.152935287801228,-1.915779973585339,0,0,1.5,135.90699592293362,150.0,-23.38790817766469
164.62003984423447,45.94330413062417,-13.984405909419792,-3.583112772564057,0,0,1.5,135.29592836205956,150.0,-23.556870906375735
164.4726999299561,31.277763997998157,-13.810689628882216,-5.258454534681018,0,0,1.5,134.6844156123846,150.0,-23.722315559483466
164.2693792092796,23.663160647253285,-13.63184357171275,-6.941988082574559,0,0,1.5,134.07251781757128,150.0,-23.882976468703838
164.00980184496436,18.996073437647322,-13.447963644532479,-8.63387912156214,0,0,1.5,133.4602985291281,150.0,-24.038003264814233
163.69368674170866,15.839877549618256,-13.2591709977346,-10.334277283958784,0,0,1.5,132.84782440043216,150.0,-24.186489406286633
163.32074811060332,13.561113045726964,-13.0656142054099,-12.043314406413332,0,0,1.5,132.23516487921398,150.0,-24.327996706503793
162.89069602401537,11.83703442600053,-12.867453942863023,-13.76110689229891,0,0,1.5,131.62239191821072,150.0,-24.462019278753576
162.4032369480713,10.485912313840737,-12.664865504061993,-15.487754626148206,0,0,1.5,131.00957971438663,150.0,-24.588179385305295
161.8580742856294,9.397600036939329,-12.458034801639286,-17.22334145413837,0,0,1.5,130.39680443729915,150.0,-24.706325156908083
161.2549088856434,8.50144700357194,-12.247151072013594,-18.967936730993095,0,0,1.5,129.7841439950279,150.0,-24.816345636635138
160.5934395204982,7.750051784819606,-12.032405711220633,-20.721595671794116,0,0,1.5,129.1716778345997,150.0,-24.91808548379615
159.87336336203475,7.110425646233482,-11.813993957931302,-22.484359068816435,0,0,1.5,128.55948673842917,150.0,-25.01162591484815
159.09437642703327,6.558900932881304,-11.592107180752691,-24.256255438995268,0,0,1.5,127.9476526517795,150.0,-25.09673378218425
158.2561740257905,6.078056571294305,-11.366943544128446,-26.037298628184747,0,0,1.5,127.33625849566427,150.0,-25.173598624427274
157.3584511877705,5.65478387641626,-11.138694086514022,-27.827491664897547,0,0,1.5,126.72538799913112,150.0,-25.24223919428361
156.40090303878887,5.279030037548823,-10.907548530065299,-29.626825747596893,0,0,1.5,126.11512558243707,150.0,-25.302655001803842
155.38322519197854,4.942956543680444,-10.673696070684684,-31.43528044781934,0,0,1.5,125.50555620842424,150.0,-25.354859445340836
154.30511412695236,4.64036116487257,-10.437325064034553,-33.252824218735086,0,0,1.5,124.89676523356302,150.0,-25.398846679506548
153.16626755648767,4.366272047707425,-10.198623817436442,-35.07941463173598,0,0,1.5,124.2888382575109,150.0,-25.43467521003451
151.9663847725712,4.11665684133746,-9.957778585919442,-36.914999386540764,0,0,1.5,123.68186098202673,150.0,-25.462299123629542
150.70516698341132,3.888210772791977,-9.714977204328363,-38.75951582614325,0,0,1.5,123.07591905949685,150.0,-25.48172108556574
149.38231764420328,3.6781994824574715,-9.470407636376649,-40.61289181205535,0,0,1.5,122.47109792459638,150.0,-25.492782580387075
147.9975427898439,3.4843410711407805,-9.224263551627985,-42.47504471236772,0,0,1.5,121.86748258999877,150.0,-25.495422548828422
146.55055136309954,3.3047160729101677,-8.976741310904515,-44.34588271120236,0,0,1.5,121.26515741242797,150.0,-25.489581169950405
145.04105551245772,3.137698162154709,-8.728040149593312,-46.22530530879861,0,0,1.5,120.66420586807418,150.0,-25.475073685600208
143.46877089197622,2.981900245014363,-8.478366618081367,-48.11320269075104,0,0,1.5,120.06471027673277,150.0,-25.45179066736995
141.83341695242737,2.836131918789901,-8.227932385238887,-50.009456898938524,0,0,1.5,119.4667514873296,150.0,-25.419486662371863
140.13471722400456,2.6993657989122775,-7.976959135880065,-51.91394114887005,0,0,1.5,118.87040851460934,150.0,-25.378008848242843
138.37239958809832,2.5707104329896113,-7.725675897164365,-53.82652118744387,0,0,1.5,118.27575812505029,150.0,-25.327096699931044
136.5461965322723,2.4493885230684813,-7.474323092789973,-55.74705492667758,0,0,1.5,117.68287437276032,150.0,-25.266438713176612
134.65584540899272,2.3347191819991218,-7.223154811355471,-57.675392589909926,0,0,1.5,117.09182803042225,150.0,-25.195909010318243
132.70108865535437,2.2261033220962387,-6.972433209369797,-59.61137892305676,0,0,1.5,116.50268599873067,150.0,-25.11511453234005
130.68167400218874,2.123011763245086,-6.722438107460221,-61.55485158614381,0,0,1.5,115.9155106162289,150.0,-25.02379254639063
128.59735468143055,2.024975243422629,-6.47346347132202,-63.50564289569994,0,0,1.5,115.3303588341541,150.0,-24.92168126118156
126.44788959285665,1.9315761314781328,-6.225818262292648,-65.46358050929776,0,0,1.5,114.74728133447744,150.0,-24.80844085791149
124.23304345841998,1.8424414976950483,-5.979830064310647,-67.42848747916251,0,0,1.5,114.16632150386238,150.0,-24.68378128784225
121.95258695798603,1.7572372452101865,-5.735844598896904,-69.40018332208696,0,0,1.5,113.5875142596814,150.0,-24.547462282401334
119.60629682988511,1.6756631459938065,-5.494225358484869,-71.37848505879069,0,0,1.5,113.01088475734669,150.0,-24.399220708925267
117.19395594663064,1.5974486351966335,-5.255355828451286,-73.36320765781929,0,0,1.5,112.4364469304161,150.0,-24.23868519314789
114.71535338685905,1.5223492317503686,-5.019644819953271,-75.35416381099459,0,0,1.5,111.86420176580918,150.0,-24.065752126665103
112.17028447118187,1.4501434144120162,-4.7875194473151055,-77.35116634423575,0,0,1.5,111.29413540089188,150.0,-23.880340947319254
109.55855074900236,1.380629975604223,-4.5594264069785595,-79.3540287295695,0,0,1.5,110.72621707631778,150.0,-23.682341994145776
106.8799599763793,1.3136257422651956,-4.335835304740499,-81.36256510326692,0,0,1.5,110.16039677875096,150.0,-23.47158167443682
104.13432609948126,1.248963602583072,-4.117243555968571,-83.37658990551328,0,0,1.5,109.59660247170835,150.0,-23.248395230136648
101.32146919386295,1.1864907374918623,-3.9041624007179223,-85.39592092227174,0,0,1.5,109.03473711928777,150.0,-23.01292475486393
98.44121538021008,1.1260671490720289,-3.6971266292650284,-87.42037760477577,0,0,1.5,108.47467539891188,150.0,-22.76550215991078
95.4933967626175,1.0675643389117884,-3.4966920882200156,-89.44978141547682,0,0,1.5,107.91625986795987,150.0,-22.506678092921383
92.47785135974547,1.0108641503963247,-3.303432640746223,-91.48395590395417,0,0,1.5,107.35929671233626,122.06262799921377,-22.23725729292802
89.40991697140336,0.9656215639457486,-3.117567287087695,-92.59312375549503,0,0,1.5,106.80392015623052,72.98000041865645,-21.800821036094685
86.33217136721672,0.9376526327459458,-2.9439842549277273,-92.07265926869974,0,0,1.5,106.25080915385401,60.0,-21.1100152488853
83.27892527071936,0.9139162790945629,-2.790854793821552,-91.1231446202333,0,0,1.5,105.70027143999734,-60.0,-20.40977578820505
80.32385978616466,0.9320262195540939,-2.6574863700191145,-86.1819743918725,0,0,1.5,105.15331400419292,-60.0,-19.155763006734425
77.53346548372159,0.9543416929097163,-2.5615437798836354,-81.24287774468688,0,0,1.5,104.61073116077058,-68.22078418116311,-18.07423566557156
74.91221851930305,0.9852573222027313,-2.49789391854182,-76.03315076291182,0,0,1.5,104.0719064999267,-86.53196854926969,-17.09613322779249
72.47472791420078,1.0321456253196568,-2.4632360718419477,-70.21754114566467,0,0,1.5,103.53669323903345,-101.41042096370931,-16.159190729941837
70.23927459805537,1.099017579198911,-2.456021679044227,-63.910965509081066,0,0,1.5,103.00526794083314,-113.85906429293216,-15.274025780150115
68.2208646582522,1.192776700922497,-2.4741692303500997,-57.19500104712808,0,0,1.5,102.47798619685558,-124.53737614765478,-14.442471051511532
66.43215023654594,1.325215751736325,-2.51532374845209,-50.129309246064395,0,0,1.5,101.95541597703652,-133.87700229275518,-13.661810283987725
64.88403360153475,1.5174278568499007,-2.576997511294536,-42.75922134198231,0,0,1.5,101.43834853806116,-142.16340219231517,-12.926943562258526
63.58606370814904,1.8105060052954591,-2.6566555533092355,-35.120603589366354,0,0,1.5,100.92779237730453,-149.58853066800367,-12.232234428941497
62.546699897331195,2.295884564064889,-2.751752979265234,-27.2429637257509,0,0,1.5,100.42495380371713,-150.0,-11.57168182988816
61.77000424777876,3.190499978487986,-2.8598692852184513,-19.360603248476515,0,0,1.5,99.93111477010096,-150.0,-10.962234251566677
61.25589349562597,5.332184073128497,-2.9780051283117928,-11.487955527327836,0,0,1.5,99.4475711186221,-150.0,-10.390093153260393
61.00403276219116,16.82554157754037,-3.1035664372847407,-3.6256801887210925,0,0,1.5,98.97567337120712,-150.0,-9.831249073677325
61.01406702438369,14.438881806342417,-3.234755243028502,4.22567812679114,0,0,1.5,98.51677626300744,-150.0,-9.235634443379828
61.285626021487815,5.07930436755572,-3.3714981451841197,12.065751840537938,0,0,1.5,98.07217887940583,-150.0,-8.491492183599254
61.81833167333326,3.1073177115013055,-3.5175686470831806,19.894435462624656,0,0,1.5,97.64305863805346,-150.0,-7.3616386179937034
62.6118084422815,2.2593777720522965,-3.6848382463663825,27.71196973643249,0,0,1.5,97.23040108483715,-126.29729609715376,-5.38328707375249
63.65255863877117,1.83273735074447,-3.901304792078207,34.7308677988775,0,0,1.5,96.8344916366669,141.32398153857733,-2.180478166732852
64.77884590900166,1.9722051107029268,-4.213187583314408,32.84589698984879,0,0,1.5,96.44992623987294,84.53825085681419,-3.1780962282089393
65.87367823284934,2.0057042100367006,-4.485011547615613,32.84316695513342,0,0,1.5,96.07216573463143,82.92909663086176,-3.211513800188348
66.9692230622756,2.0362400553318203,-4.747882384091696,32.888667957846685,0,0,1.5,95.70224443814908,83.21651414846444,-3.2666829160456192
68.06603946276536,2.06765156419156,-5.001246152612623,32.91949216278073,0,0,1.5,95.33999123909331,82.97726853481619,-3.3816754439334704
69.1639307073299,2.098854415303828,-5.24328819702211,32.95318160374539,0,0,1.5,94.98522667988603,82.880782627439,-3.542557687941418
70.26291389142098,2.130145559040123,-5.47262641449089,32.98502940009534,0,0,1.5,94.63780320615253,82.74988997156326,-3.7504072302402416
71.36294684658178,2.1614534034363326,-5.687824757203259,33.0161856522686,0,0,1.5,94.2975912890988,82.62654384209672,-4.001304130882538
72.46400227392773,2.1927960972517733,-5.887557948316669,33.04639330795358,0,0,1.5,93.96448129362267,82.50075485371057,-4.291927497004193
73.56604965109797,2.224171008565593,-6.070594171960977,33.07571646594837,0,0,1.5,93.63838082007823,82.37199706547278,-4.61812722320676
74.66906080884198,2.2555744265178053,-6.235824305019378,33.104232753745734,0,0,1.5,93.3192131129129,82.23983640253496,-4.975267869146889
75.77301043130433,2.28700131199372,-6.3822800472233325,33.13203627559283,0,0,1.5,93.00691510840407,82.10320425354011,-5.358271479961755
76.87787705223352,2.3184433804616105,-6.5091506750088115,33.15926440132726,0,0,1.5,92.70143543128653,81.96027360923117,-5.761647315761046
77.98364500634293,2.3498868069883385,-6.615798814710303,33.186128274105386,0,0,1.5,92.40273238105968,81.8104177681094,-6.179637880086156
79.09030630383333,2.381314472218232,-6.701771379494829,33.21287768858158,0,0,1.5,92.11077188693895,81.65207077212997,-6.606351290008865
80.19786250089291,2.412703318708014,-6.766806080896316,33.23983594627719,0,0,1.5,91.8255254758705,81.48238059730608,-7.035831300689142
81.30632790836748,2.44402079014397,-6.810835494227035,33.26744528371134,0,0,1.5,91.54696835251683,81.29874928249585,-7.462226026360053
82.415733445283,2.475224938316198,-6.8339853898369824,33.29626013761291,0,0,1.5,91.27507758936153,81.09823750106729,-7.879915394259164
83.5261305783122,2.5062631876418635,-6.836568698054009,33.32695903214447,0,0,1.5,91.0098304346692,80.87354448529543,-8.283566793313833
84.63759785948565,2.5370611001920995,-6.819077355973377,33.360488579907326,0,0,1.5,90.75120288363935,80.61792486287388,-8.668261869341459
85.75024953454084,2.567523121642779,-6.78216967864131,33.398043745629536,0,0,1.5,90.49916849866004,80.31912301310797,-9.029590812546108
86.86424682618645,2.597518090195305,-6.726654299984148,33.44124807217616,0,0,1.5,90.25369751689902,79.96005683937032,-9.363580990792716
87.97981484384232,2.6268660488021354,-6.653476086293949,33.4923110692917,0,0,1.5,90.01475636422947,79.51500421621299,-9.66676267580362
89.09726683828734,2.655315003244728,-6.563699419517775,33.55431153343868,0,0,1.5,89.78230760847885,78.94415766845279,-9.936013153798406
90.21704091369804,2.682503223680486,-6.458496077476468,33.63166169467531,0,0,1.5,89.5563105120602,78.18603252470432,-10.168550899287515
91.33975641056134,2.707901774640853,-6.33913250772639,33.730823350369,0,0,1.5,89.33672238516738,77.14190908405983,-10.361473373262038
92.46630278496531,2.730717461507374,-6.206971369260316,33.861541550301325,0,0,1.5,89.12350107785802,75.6517632784675,-10.511528459151634
92.8104316928432,5.116802566103638,-55.60760408422067,-18.138364827219988,0,0,1.5,39.372484080925965,60.0,-134.08952081626
92.18054354231978,4.696237278064514,-51.65117875842026,-19.628595849039097,0,0,1.5,38.859258712851044,60.0,-136.59876065543205
91.50300328398527,4.3581877627694965,-47.585936582642034,-20.995654217944452,0,0,1.5,38.37120886678153,60.0,-138.59561814662692
90.78227096069455,4.085883439716328,-43.42738425323324,-22.218517072282737,0,0,1.5,37.90990725796941,64.19866575522587,-139.85106639418652
90.02174419771276,3.849676421183741,-39.19944999007225,-23.38423658215718,0,0,1.5,37.47613930799084,67.02521688152423,-140.0114682874775
89.22397902405959,3.648749041471149,-34.938383813033084,-24.453306601784025,0,0,1.5,37.070156542114105,66.68317175354919,-138.37772543690252
88.3938786392915,3.4905021842542236,-30.703357977610352,-25.324114976360523,0,0,1.5,36.692591529640076,63.11557814229666,-133.80637572164053
87.5400512235608,3.382926020116695,-26.591545705111486,-25.877022052211796,0,0,1.5,36.344191278084274,60.0,-124.82198612859584
86.67334926918267,3.320905392475698,-22.75022904066273,-26.09931299625752,0,0,1.5,36.02477507157982,60.0,-110.65934641103061
85.80328587029385,3.289444401649356,-19.354108373335634,-26.08443110552996,0,0,1.5,35.732250858539246,60.0,-93.04011845710956
84.93725131440092,3.2840284041803094,-16.522077201426015,-25.86373833011995,0,0,1.5,35.4629447485452,60.0,-75.6896019258659
84.0812290421417,3.2987692005094753,-14.249375412622555,-25.48866681220252,0,0,1.5,35.21265980648646,60.0,-61.28429046919645
83.23949760840273,3.328303191075903,-12.441706840983812,-25.00958982090055,0,0,1.5,34.97751869581866,-60.0,-50.27505185447327
82.4802046694852,4.015951997586473,-10.983314981955942,-20.53814505727523,0,0,1.5,34.76007549303076,-60.0,-40.507155869335676
81.87125671655289,5.119399070887116,-9.831090948172175,-15.992356833858981,0,0,1.5,34.562060997836674,-60.0,-33.35621828115806
81.41462956942578,7.141029555110335,-8.901481367614963,-11.400965216726071,0,0,1.5,34.379796635688606,-60.0,-27.98484865649638
81.11155278300853,11.962249797770518,-8.137838682476627,-6.780626901649038,0,0,1.5,34.21061103227708,-67.1246934183825,-23.829487732399002
80.9667383417358,42.480747644385,-7.501383790162038,-1.9059631205063734,0,0,1.5,34.05274966684501,-75.91420355127245,-20.452818662319114
80.98938818037965,26.135349610328483,-6.967215672477948,3.0988446448167384,0,0,1.5,33.9051571624518,-82.60915117031094,-17.62196481290207
81.09453680880637,25.262424906568295,-6.522693895504688,3.210085219796995,0,0,1.5,33.76228011232834,-81.562186434409,-16.37416454172744
81.20281627822541,24.70661195788184,-6.119433672753843,3.28668359776138,0,0,1.5,33.61973485035494,-80.39060167002012,-15.290923316087028
81.31300146370992,24.459309401939567,-5.7520146306248705,3.3244193500108383,0,0,1.5,33.47745644861434,-79.10708749547554,-14.344547749082253
81.42373384922294,24.52884916388798,-5.415934812174612,3.3195089302883853,0,0,1.5,33.33538467542851,-77.72588807334444,-13.513195876390864
81.5335369012912,24.94406752347667,-5.1074158012903865,3.2686544335463363,0,0,1.5,33.193463823766386,-76.26375956123256,-12.77941320598282
81.64164572703862,25.144586628127247,-4.823226674691824,3.246887568066544,0,0,1.5,33.05167251016552,-74.82895171811015,-12.114633410353605
81.74742045349566,26.37378892841797,-4.561079066647665,3.099570587880612,0,0,1.5,32.90999900453123,-73.23579728636338,-11.53744988894941
81.85677757883352,24.836526677483363,-4.317845845676743,3.295822263788775,0,0,1.5,32.76865056253717,-72.00701578362528,-10.953658674510198
81.96261610409368,26.83373212668251,-4.093976819480417,3.054462037451472,0,0,1.5,32.62739763291649,-70.24865525190211,-10.49864879053308
82.07345966920391,24.539643565338483,-3.8849142012991535,3.3445253371622004,0,0,1.5,32.4865052914133,-69.06349851774449,-9.994623224776907
82.17928571246168,27.3474222333799,-3.6925832319526535,3.0050103081435857,0,0,1.5,32.345682153267255,-67.14169966790902,-9.636389745904157
82.29153189094271,24.253364105856978,-3.5118051173670892,3.3929945360062446,0,0,1.5,32.20524727632268,-66.0044786712586,-9.192097477589943
82.39727279904795,27.917703739386212,-3.3457873666696116,2.9514344577989817,0,0,1.5,32.06486177776714,-63.919571019195885,-8.912578465633016
82.51082460258274,23.977146234566113,-3.188677603879512,3.4412279007429527,0,0,1.5,31.924885591702825,-62.833821431330115,-8.513432138733426
82.61641003135526,28.548719556801185,-3.044837742549163,2.893874447397886,0,0,1.5,31.78494438174205,-60.58467338082424,-8.299473337737105
82.7311556897034,23.710475971224074,-2.9077050869910295,3.489223741864526,0,0,1.5,31.64542792604229,-60.0,-7.934503577194774
82.83676423773537,29.093415815592458,-2.7827076904704313,2.8472684253644585,0,0,1.5,31.505941869989723,-60.0,-7.774160972312775
82.95268119520335,23.452973429664688,-2.6626223821398867,3.536979285120409,0,0,1.5,31.36688847924318,-60.0,-7.43721657026154
83.0598773712091,28.69304240863288,-2.5537100521857212,2.8947741472761654,0,0,1.5,31.227893590188632,-60.0,-7.30979113877073
83.17737963332945,23.204828907014253,-2.448627410177039,3.584485796755302,0,0,1.5,31.08931652757161,-60.0,-7.008258108609197
82.95464031316706,2.5814812837862484,-1.5565655818820687,-32.13451162097825,0,0,1.5,31.747769752246263,-60.0,-8.721100389401718
81.90692566915934,2.616923795475744,-1.6369443497474663,-31.298934195471695,0,0,1.5,31.37668763806749,-60.0,-8.72253815670854
80.85539692176121,2.5432559203586838,-1.723236551208771,-31.792080488053248,0,0,1.5,30.999644164715892,-60.0,-8.852586034797596
79.81922976668295,2.579103933154109,-1.8110325423399445,-30.94843474146783,0,0,1.5,30.61676197242482,-60.0,-8.860261592942425
78.77952382037154,2.5062544217691487,-1.9047620279050932,-31.43317100454693,0,0,1.5,30.227690433761577,-63.16154487888071,-8.999524550993344
77.7554952181093,2.5426046307462027,-1.9998887249445545,-30.581040511709308,0,0,1.5,29.832579585022327,-72.20213118083022,-9.012102052170187
76.73495667098655,2.50354613100063,-2.100904415528987,-30.65050638404523,0,0,1.5,29.431160492698883,-79.21303485439886,-9.12038048154678
75.72495358832771,2.507785497372154,-2.2046214427437576,-30.195945254360076,0,0,1.5,29.023430782765907,-85.8661248549749,-9.179113545110209
74.72498945946057,2.5074547714049675,-2.312792124847789,-29.801131534504588,0,0,1.5,28.609289649158182,-91.6719579927584,-9.248032906810232
73.74148573532285,2.5246738491930714,-2.4250403922497696,-29.20832160514194,0,0,1.5,28.18877361819586,-96.98326777946323,-9.300632903591277
72.78076735513226,2.5596373322008428,-2.5418314297671145,-28.43401541286064,0,0,1.5,27.761961483892158,-101.85516741478487,-9.339125882699758
71.84863947259535,2.613352472676513,-2.6635207111534953,-27.492900488471136,0,0,1.5,27.32896800641578,-106.34090526332587,-9.365295900879797
70.95044679274716,2.6877290328537784,-2.7903666829310794,-26.397916577704024,0,0,1.5,26.88994550460888,-110.48949776866466,-9.380563902113222
70.09112944046205,2.785771766719084,-2.922541185419334,-25.160399095799296,0,0,1.5,26.44508553871684,-114.34462770102891,-9.385971788318013
69.27527343689874,2.9119175583893613,-3.060140441344174,-23.790259184128914,0,0,1.5,25.994620556514725,-117.94436806799322,-9.382383117249313
68.50715502378748,3.0725970658146413,-3.203189501651792,-22.296172767327725,0,0,1.5,25.538825392298808,-121.32126522245946,-9.37025364258577
67.79077873534335,3.27717023730969,-3.351654581325306,-20.68576662986982,0,0,1.5,25.078018524539083,-124.5026087358431,-9.34979504195686
67.129909422358,3.5395251679291784,-3.505450260228116,-18.96579519496192,0,0,1.5,24.612563010904385,-127.51105005471564,-9.321076837791828
66.52809873331142,3.8809327248953194,-3.6644436870832635,-17.142296311025564,0,0,1.5,24.142867022789527,-130.3650302268023,-9.283812922698683
65.98870664559215,4.335448825443657,-3.8284663572924273,-15.220732455269925,0,0,1.5,23.669383921823734,-133.07930961891122,-9.237518816456351
65.51491859131384,4.960953643580709,-3.997321152223037,-13.206113843875105,0,0,1.5,23.192611833011227,-135.66541896363486,-9.181373581288828
65.10975873567504,5.864103047725886,-4.170794515938752,-11.103106170844793,0,0,1.5,22.713092683252565,-138.1320479987968,-9.114092926485057
64.77609988379452,7.265050529714522,-4.3486733914566,-8.91612516924089,0,0,1.5,22.231410710185227,-140.48540208534124,-9.033977222734693
64.51667043711717,9.702602533507035,-4.530761063597481,-6.649419082593032,0,0,1.5,21.748190463953186,-142.72941597687355,-8.938546101699945
64.33405871485748,14.93659228344159,-4.716905618285153,-4.307144326767019,0,0,1.5,21.26409437254218,-144.865967127429,-8.824310933335743
64.23071486066095,33.92285609350781,-4.907036281501519,-1.8934347592552354,0,0,1.5,20.779820011547937,-146.89460009884274,-8.68647964382001
64.20895026602977,100.0,-5.101209707749604,0.5875185365472914,0,0,1.5,20.296097263839194,-148.81197514459387,-8.518504618373266
64.2709339909127,20.52488210881184,-5.299671197013595,3.131366779608424,0,0,1.5,19.81368562062943,-150.0,-8.31051389670666
64.41834743927603,11.275344888742511,-5.502983870389613,5.7132041702416005,0,0,1.5,19.333355817363184,-150.0,-8.055056421356433
64.65178806144249,7.7960372612375615,-5.7119828093385365,8.292903932475499,0,0,1.5,18.855854997702394,-150.0,-7.744957807385284
64.97117249196378,5.977254882724564,-5.927756099754816,10.869734312274884,0,0,1.5,18.38191644703994,-150.0,-7.363148853037507
65.37639135057533,4.863278419402232,-6.1519432186608185,13.442864198305768,0,0,1.5,17.912291033032684,-150.0,-6.888664158631828
65.86730531423494,4.1137947234091685,-6.386858277296284,16.011325246596076,0,0,1.5,17.447753835776155,-150.0,-6.296116782350859
66.44373970828435,3.577252100601524,-6.635627517624016,18.573960637862697,0,0,1.5,16.98911403603674,-150.0,-5.554816227378723
67.1054770916063,3.1759358163764975,-6.902352371335695,21.129355557370356,0,0,1.5,16.537228641412433,-150.0,-4.6281973667954
67.85224714863334,2.8658970718983054,-7.192287126379142,23.675744608542253,0,0,1.5,16.093020640809144,-142.29054829329664,-3.472813088185993
68.6794670845907,2.645971528059901,-7.512312342893296,25.956238136450533,0,0,1.5,15.657234988022122,-119.10872106744944,-2.2403617887193343
69.56974062541865,2.5335783926311177,-7.865057198857357,27.45908349540768,0,0,1.5,15.229811405767416,-88.16159099454978,-1.439105666064097
70.49292682988391,2.5237911174488388,-8.237332382883352,27.931363393156452,0,0,1.5,14.80956603287261,-73.23497595605366,-1.5000147732371416
71.42358890303983,2.5592612847267437,-8.601878720844951,27.907892534960858,0,0,1.5,14.395019202469776,-71.21463361451059,-2.0317956589960957
72.35235439244117,2.6009498349825138,-8.943886736256275,27.81766623073974,0,0,1.5,13.985284665091914,-70.7128466842245,-2.634945327727352
73.27784825695868,2.644295759742249,-9.26147004330349,27.711668782504642,0,0,1.5,13.579869847120445,-70.2118396128017,-3.2575572170523013
74.19955552597175,2.689311512732565,-9.55442310380755,27.590539502275366,0,0,1.5,13.178331546047984,-69.61582699207537,-3.895445388551686
75.11692919145048,2.736328902107143,-9.822677580883493,27.451717932594207,0,0,1.5,12.780228889353658,-68.89637994679389,-4.546729537585567
76.02932077515638,2.7858061677280213,-10.066229497686749,27.291676519318816,0,0,1.5,12.385119321297534,-68.0216250520019,-5.209673843707359
76.93594624176248,2.8383563282630395,-10.285136720073382,27.105809610889906,0,0,1.5,11.99255630412065,-66.95012304783289,-5.882807626819084
77.83584488125172,2.8948039921891726,-10.479513180488254,26.888122681628946,0,0,1.5,11.602086256145139,-65.62405627768267,-6.564952570141065
78.72782413012595,2.956280745631781,-10.649523532064762,26.630699484971,0,0,1.5,11.213244152230615,-63.96425981704083,-7.255716348297009
79.61038398424029,3.0243647188640885,-10.79536330816319,26.323010411965424,0,0,1.5,10.825547164522282,-61.86044931353833,-7.955539044997331
80.48161305017089,3.101303053616068,-10.91724023503889,25.950902462218473,0,0,1.5,10.438485602813351,-60.0,-8.666067824907138
81.33950277668862,3.186948550817999,-11.015308076280235,25.522690899986788,0,0,1.5,10.051548834075078,-60.0,-9.368645467653684
82.18320014450663,3.274312448294321,-11.090232586433416,25.099376263654406,0,0,1.5,9.664336141666793,-60.0,-10.0070104693669
83.01286386228702,3.363475194491409,-11.144438196495969,24.68068264580717,0,0,1.5,9.27656351595867,-60.0,-10.581675485159613
83.82864305175286,3.454527565525855,-11.180291390108692,24.26631180723906,0,0,1.5,8.887987806173967,-60.0,-11.094239863177204
84.63067673769484,3.547569964301685,-11.200067788636233,23.85595706055478,0,0,1.5,8.498403412207168,-60.0,-11.547170313303322
85.41909375294983,3.642711794440461,-11.205926656052696,23.449314294728783,0,0,1.5,8.107638867680592,-60.0,-11.943682890338637
86.1940129732481,3.7400708811223047,-11.199889365288215,23.04609075948405,0,0,1.5,7.715553395433793,60.0,-12.287307971259938
86.89017482918302,4.640392631642631,-11.189230716923419,18.724746314930936,0,0,1.5,7.31663511142325,60.0,-14.522059879177181
87.44255402360787,6.064435125989817,-11.1167956797143,14.418911606270301,0,0,1.5,6.905001485993135,60.0,-16.031759897805653
87.85158450760835,8.677801354046096,-11.007366634612026,10.123714628089157,0,0,1.5,6.480038534501879,60.35675446911862,-17.063415175860037
88.11737945893233,15.128088192439161,-10.877255620325371,5.824753157042828,0,0,1.5,6.041369042926557,74.02608707796409,-17.796872218287888
88.2325287224568,81.31655879412031,-10.737245877072269,1.0850499582237187,0,0,1.5,5.588149712236708,84.4040736853311,-18.452689059346653
88.18413260399578,22.113082801985897,-10.591171070661687,-3.9878714964191366,0,0,1.5,5.119134883335759,91.16909524473196,-19.057101093960465
87.96305670524802,9.483252241321656,-10.44171809091739,-9.27562132344893,0,0,1.5,4.633351159948037,94.26042621395902,-19.627140085078562
87.56415074213183,5.97399700857152,-10.29074548974927,-14.657548474914593,0,0,1.5,4.130085758280202,93.77057770162838,-20.164512733612565
87.04160025159993,5.494558909027025,-10.13566150668322,-15.841417244357698,0,0,1.5,3.613019316892508,85.16537653204486,-19.720180030664135
86.51646070518575,5.522458916825131,-10.000310058016709,-15.66629322340422,0,0,1.5,3.0910314312035467,74.70917957091959,-19.04057383091527
86.00294447124637,5.678983842248493,-9.891471156714573,-15.144072753197873,0,0,1.5,2.565184538141838,64.1016696476936,-18.375625620153016
85.51181565049629,5.923311697368127,-9.80782037425763,-14.436487562944103,0,0,1.5,2.0363144665936757,60.0,-17.75581075813021
85.04745724174978,6.335221794414649,-9.747451770222,-13.42454297602186,0,0,1.5,1.5048227120249653,60.0,-17.149846411932952
84.58560748806775,6.1639691859774635,-9.711578756670349,-13.722587659992401,0,0,1.5,0.9690341785121689,60.0,-16.87544661223982
84.14516930384971,6.623898389277617,-9.687763689927692,-12.703269941468161,0,0,1.5,0.4303343581801713,60.0,-16.376968723914906
83.70747801163415,6.441877173385572,-9.684742549364472,-12.994267937530562,0,0,1.5,-0.11254345872044179,60.0,-16.188615914631356
83.29143530792956,6.9595695572440865,-9.690782285723003,-11.967900402868027,0,0,1.5,-0.6582037255666854,60.0,-15.771686767577359
82.87837265460419,6.764509069252574,-9.714769903221423,-12.251941982208269,0,0,1.5,-1.2079142353176802,60.0,-15.650003180829446
82.48718675571104,7.352547607054706,-9.745450533038962,-11.218857893088009,0,0,1.5,-1.760261637829525,-60.0,-15.296074326395011
82.10858358766862,7.142003534652296,-9.791127466366788,-11.496575602250248,0,0,1.5,-2.315807715370536,-60.0,-15.226819569337922
81.7207991540875,6.943306451026196,-9.843916356500102,-11.769723795211352,0,0,1.5,-2.876157257815104,-60.0,-15.171661764499751
81.35523944540196,7.584565641693945,-9.900995673780841,-10.726420376425406,0,0,1.5,-3.438958633912501,-60.0,-14.879535064668753
80.99323742711456,7.367748371237715,-9.971564190816167,-10.992942938075453,0,0,1.5,-4.0055116531034445,-60.0,-14.864902269886645
80.65366633843863,8.111036620419434,-10.044890684961558,-9.943694019996657,0,0,1.5,-4.574334889578388,-60.0,-14.609692594367184
80.31786157108994,7.8713315838928235,-10.130314552870004,-10.203846797083875,0,0,1.5,-5.146748510632408,-60.0,-14.628650095314198
80.00468191812948,8.74457979914439,-10.217179965374527,-9.149059618159983,0,0,1.5,-5.721235592980734,-60.0,-14.403065464970544
79.69546645268636,8.475410745298687,-10.314982899058805,-9.403139133627649,0,0,1.5,-6.299140708830697,-60.0,-14.450347524678778
79.40905729670033,9.517766103519865,-10.413072105077731,-8.343245298635068,0,0,1.5,-6.878908165672252,-60.0,-14.24862454957875
79.12679826739958,9.209800416916023,-10.521120147718648,-8.59158664525065,0,0,1.5,-7.461910359965816,-60.0,-14.320209108739979
78.86751279486668,10.477888784823541,-10.6284197559049,-7.527042366502356,0,0,1.5,-8.04655027177673,-60.0,-14.137687756520773
78.61255034763826,10.11742298357215,-10.744844214927383,-7.770017174855983,0,0,1.5,-8.6342309893499,-60.0,-14.230426638241346
78.380713829652,11.69633986740567,-10.859577926603606,-6.701302691115916,0,0,1.5,-9.223312255634152,-60.0,-14.063334139699345
78.15335913850006,11.26239928495414,-10.9827180901855,-6.939317028380272,0,0,1.5,-9.815230223872714,-60.0,-14.174749992297375
77.94926699540207,13.286198417796454,-11.10329628651104,-5.86693533727386,0,0,1.5,-10.408300086608142,-60.0,-14.019937237450831
77.74980039345505,12.744975827708293,-11.2316579435319,-6.100427450354407,0,0,1.5,-11.003992984877375,-60.0,-14.148067799297399
77.57371638994542,15.43785519608197,-11.356641499662373,-5.0249024495082155,0,0,1.5,-11.600578800984422,-60.0,-14.002761009778252
77.40238564122049,14.73113301106158,-11.488869168539054,-5.254340286188387,0,0,1.5,-12.199565170187036,-60.0,-14.145932621035227
77.25454023644625,18.498700631799025,-11.616949331685248,-4.176214414954459,0,0,1.5,-12.7991764207011,-60.750458104249525,-14.007761305189216
77.11196692242163,17.6150068141017,-11.751767159284555,-4.377629128175506,0,0,1.5,-13.400919625140045,-60.89250802294277,-14.159300210414369
76.99267816552671,23.176873679447922,-11.881907106066365,-3.321961332248185,0,0,1.5,-14.00303624560237,-62.89569771150057,-14.031722751515739
76.87979579548565,22.28076486153357,-12.018092948338847,-3.450500746866823,0,0,1.5,-14.606946179591976,-62.871706344787604,-14.179824704004904
76.78941247831577,31.1733120395135,-12.149508924310851,-2.463306188992107,0,0,1.5,-15.211022979030808,-64.49229849032693,-14.071937827013956
76.70605872890954,30.22889766218184,-12.286012835641657,-2.537507638754337,0,0,1.5,-15.816591484595413,-64.29205194053887,-14.218611192887206
76.64459034413372,47.86237200366054,-12.417570238444227,-1.6013537803406797,0,0,1.5,-16.422102593827532,-65.57559176557106,-14.125073238205523
76.5905858066559,46.742345570262444,-12.55344612865872,-1.6385695855062727,0,0,1.5,-17.028814258648893,-65.18529007517863,-14.272534550607102
76.55803398175456,100.0,-12.684106327849179,-0.7372300064629652,0,0,1.5,-17.635225609526245,-66.16847492254823,-14.188146030584562
76.53317476567537,100.0,-12.818503402361614,-0.7540289974708457,0,0,1.5,-18.242560885058158,-65.57025345213971,-14.338655032061077
76.52952120101989,100.0,-12.94732116588466,0.12792631447199163,0,0,1.5,-18.84933381631656,-66.29021837917571,-14.257828144801458
76.53357658803048,100.0,-13.079498217070636,0.11564379217795216,0,0,1.5,-19.45677180566256,-65.46272142555402,-14.414004316412518
76.55877476732573,77.1006841876129,-13.205626119848432,0.9929714058182867,0,0,1.5,-20.06336651898743,-65.94397931212735,-14.33126070784209
76.59147837671159,79.00479988677368,-13.334939448067871,0.9694534824020723,0,0,1.5,-20.670388537468313,-64.86153918356554,-14.49619017831418
76.64544551173523,41.27901851944087,-13.457612297287994,1.8567652105303352,0,0,1.5,-21.276267725965585,-65.12555953138286,-14.40551836101508
76.70649150950484,42.46905791230416,-13.583521087184522,1.8061736068621714,0,0,1.5,-21.882360461229265,-63.757770216220756,-14.582809729633837
76.78910204896448,28.250193072659243,-13.702059860836869,2.718179725408021,0,0,1.5,-22.486992892536065,-63.82015730182607,-14.477770839687286
76.87813988753868,29.2952793760497,-13.824126366053406,2.6242501018915103,0,0,1.5,-23.091651759075532,-62.13087419937941,-14.67180604765435
76.98921829387959,21.528776362148985,-13.937930417629673,3.5761074851071837,0,0,1.5,-23.694516012240292,-62.00686419184244,-14.545036719656908
77.1058501687072,22.532684667976046,-14.055828068565233,3.4219557635886932,0,0,1.5,-24.297248220497767,-60.0,-14.761132429199176
77.24516326722801,17.43891889777281,-14.164378592351738,4.429469723441015,0,0,1.5,-24.897836491924263,-60.0,-14.604453564756197
77.38912548431799,18.38916067021188,-14.277870076622207,4.208409881897362,0,0,1.5,-25.498143095019927,-60.0,-14.845498127727566
77.5564551214018,14.696510161622143,-14.380831735983577,5.277202156735788,0,0,1.5,-26.095954691972235,-60.0,-14.653445591341427
77.72863167894917,15.38116582454102,-14.489642719347671,5.053494160691725,0,0,1.5,-26.693213861714344,-60.0,-14.898823518770975
77.9240538269855,12.736538699385395,-14.587519872642247,6.118149967286304,0,0,1.5,-27.287718465634622,-60.0,-14.690765673882094
78.12420971862039,13.261027338207132,-14.691548569909003,5.891263755526097,0,0,1.5,-27.881439352030792,-60.0,-14.940026900658209
78.34747286308396,11.270899156140429,-14.7842643569536,6.951306349005879,0,0,1.5,-28.472156035763987,-60.0,-14.714213769473629
78.57533988670392,11.691481813338813,-14.883500243113645,6.720734047334984,0,0,1.5,-29.061865714239826,-60.0,-14.966878574518429
78.82616014887387,10.137483185757905,-14.97107108713709,7.775713034929253,0,0,1.5,-29.648332510747238,-60.0,-14.721731824620651
79.08143857638817,10.486902501270874,-15.065592180553267,7.540972042679384,0,0,1.5,-30.233577998317433,-60.0,-14.977522526069476
79.35950145455746,9.23809138079345,-15.148117214610636,8.590465084546647,0,0,1.5,-30.815353783243815,-60.0,-14.711532962057726
79.64186185496439,9.536690308009643,-15.23808281468888,8.351100778440404,0,0,1.5,-31.395703815390693,-60.0,-14.970361044145445
79.94682410705988,8.50976581924096,-15.315736909534621,9.394714943423772,0,0,1.5,-31.972369945041248,-60.0,-14.682197114448934
80.25590929818583,8.770847207284241,-15.401376894790644,9.150302975467731,0,0,1.5,-32.54741650077888,-60.0,-14.94403207945734
80.58740094081892,7.910283260453002,-15.474404186956122,10.187675749073478,0,0,1.5,-33.118578195592924,-60.0,-14.632629242567912
80.92282804434856,8.142912233184155,-15.556009446579253,9.937823929204377,0,0,1.5,-33.68793776330164,-60.0,-14.897621596656814
81.2804544428875,7.410269089251649,-15.624709528671644,10.968623873697396,0,0,1.5,-34.253225231949266,-60.0,-14.561910507726074
81.64181701694733,7.620836182825576,-15.702627092992714,10.71297362367354,0,0,1.5,-34.816539813194545,-60.0,-14.830450887375019
82.02516104124473,6.988655955137907,-15.76734803406464,11.736900709919999,0,0,1.5,-35.37560911717894,-60.0,-14.469729871232836
82.41203126526781,7.181796210622571,-15.841961558448418,11.475128066621057,0,0,1.5,-35.93254697060384,60.0,-14.742237964267092
82.81151021292558,6.6288025374894595,-15.904217049239378,12.492680200470863,0,0,1.5,-36.48621039353702,60.0,-14.356969527164159
83.2448139802201,6.164184049079662,-15.973324923284508,13.504595793606924,0,0,1.5,-37.033883918487646,60.0,-13.959635359526153
83.68127360237384,6.32422091448572,-16.05328598069059,13.23187072904121,0,0,1.5,-37.579166154544595,60.0,-14.257042923530925
84.13909085837716,5.910220630063524,-16.11867285800014,14.236201340841115,0,0,1.5,-38.119787795971824,60.0,-13.830498326810927
84.59983168867754,6.061584176606687,-16.195764103917952,13.956719765630154,0,0,1.5,-38.65789565278336,60.0,-14.133177446501097
85.0816812959803,5.689833023172823,-16.25798485767649,14.953282627006898,0,0,1.5,-39.191222321425236,60.0,-13.67748111502516
85.56621561839665,5.833988827660795,-16.332771800989462,14.666845985837346,0,0,1.5,-39.721925301905756,63.96999807741175,-13.98653469350192
86.06949000885825,5.542605777262295,-16.392629950658147,15.528704993226356,0,0,1.5,-40.24800127469115,73.69194477111118,-13.580750334521378
86.576694735908,5.63571088904674,-16.463118559984423,15.362160416030877,0,0,1.5,-40.77118156183479,85.11750053595824,-13.8144775761496
87.09175931429883,5.603939733860052,-16.522408108170907,15.541166295574902,0,0,1.5,-41.29095369589292,96.25090536875729,-13.815786249683518
87.6068124666773,5.702950158603242,-16.579173270008084,15.361665459151379,0,0,1.5,-41.808245066052926,107.79147321089722,-14.03725236807138
88.10970743670526,5.948590347662784,-16.627563561536306,14.811863363783957,0,0,1.5,-42.32454376985013,119.3329069717029,-14.475567533772523
88.58811848006545,6.376550087448009,-16.661896428419254,13.892797400658345,0,0,1.5,-42.84139555452547,130.45223664296472,-15.108554329211291
89.02997490055571,7.055390097653353,-16.67722201607944,12.618717557540496,0,0,1.5,-43.360339619826064,140.75390138818557,-15.89780763831299
89.42388517408963,8.117552212181023,-16.669798000053447,11.01611456713541,0,0,1.5,-43.882842525077166,149.92076129505818,-16.795207265846795
89.75950284062287,9.840756186595762,-16.63735424019501,9.121199747117565,0,0,1.5,-44.410239007413566,150.0,-17.751279954794935
90.0319128835632,12.463647136788872,-16.578592516818787,7.223560800098114,0,0,1.5,-44.94318661586383,150.0,-18.601587533161698
90.24105464583195,16.94661935119549,-16.497076651293185,5.325018092146263,0,0,1.5,-45.48172366811032,150.0,-19.357830366047963
90.38688810736951,26.390412315674332,-16.395954032523775,3.4249896146444474,0,0,1.5,-46.025862061542526,150.0,-20.032538920637567
90.46935568183949,59.401987394327165,-16.277938657614072,1.5230021696290792,0,0,1.5,-46.57559798398737,150.0,-20.637157312374896
90.48838552286469,100.0,-16.145351807359646,-0.3813279101846949,0,0,1.5,-47.130916377478776,150.0,-21.18203217871621
90.44389421655274,39.52428026013043,-16.00016212792997,-2.2883122379786065,0,0,1.5,-47.691794437339645,150.0,-21.676355385123593
90.33578893079209,21.517715191840068,-15.844026816885673,-4.198205437956961,0,0,1.5,-48.25820430579946,150.0,-22.12785273754851
90.16396912637407,14.753850085386414,-15.6783425619019,-6.111216299783393,0,0,1.5,-48.830115142067285,150.0,-22.543413921063667
89.9283279025627,11.20250629361152,-15.504274977989098,-8.027518623564294,0,0,1.5,-49.40749468885656,150.0,-22.928793210435906
89.62875303888461,9.010397446294398,-15.322797613183639,-9.94725855025909,0,0,1.5,-49.99031043106564,150.0,-23.28878839992581
89.26512782038239,7.519874884365326,-15.134724707935561,-11.870560241098524,0,0,1.5,-50.578530472481695,150.0,-23.627620992421953
88.8373316750737,6.438639520067773,-14.940731038807371,-13.797531512392947,0,0,1.5,-51.17212416976759,150.0,-23.948557591990074
88.34524068348549,5.616972758806751,-14.741384224398871,-15.728265825211732,0,0,1.5,-51.77106260842544,150.0,-24.254269961214494
87.78872801974293,4.9702486069428,-14.537164956554534,-17.6628444494936,0,0,1.5,-52.37531900595491,150.0,-24.547185888210244
87.1676643052441,4.44702587320449,-14.328475431466416,-19.601339589785614,0,0,1.5,-52.98486901047381,142.45174715239537,-24.829022759273176
86.48597978219613,4.060348132819509,-14.115232073223979,-21.30013904057537,0,0,1.5,-53.59925974420713,133.14610015270947,-25.011288168735526
85.75262024575238,3.777334368669879,-13.899777203526867,-22.70188759486194,0,0,1.5,-54.21751448013455,122.68401100039571,-25.08095791357634
84.97812310003718,3.575249828887627,-13.684742959543883,-23.76844337238289,0,0,1.5,-54.83851216660403,111.26042089963333,-25.033099254513356
84.17419392254465,3.440194306705529,-13.472830526842074,-24.467860364304045,0,0,1.5,-55.46103637571936,99.12116750035823,-24.8659854785131
83.35347112664414,3.36426693179663,-13.26672888596039,-24.776117001551548,0,0,1.5,-56.083800917454745,86.54060184604883,-24.58123518497122
82.52924498335875,3.344226629001766,-13.069030437616107,-24.678125659203094,0,0,1.5,-56.70547697527621,73.79387924176667,-24.183665459831232
81.71515804039112,3.381152861651404,-12.882150225752923,-24.16783901348969,0,0,1.5,-57.32471894540745,61.13318454447312,-23.681100540993828
80.92491506236183,3.481004996870943,-12.708247694898716,-23.247572219834446,0,0,1.5,-57.940186432586344,60.0,-23.083180370479166
80.16594189108238,3.596227859959068,-12.549782248137205,-22.291674780583794,0,0,1.5,-58.55116033150751,60.0,-22.523249846738135
79.43880434391727,3.7229754005357,-12.405439582256804,-21.337450774583896,0,0,1.5,-59.15759266051839,60.0,-22.00759159621692
78.74343913150273,3.8627466489224687,-12.273736769830975,-20.385349153941686,0,0,1.5,-59.75947623463309,60.0,-21.530147798725327
78.07976904030107,4.017325928294039,-12.153374999935409,-19.435756628653163,0,0,1.5,-60.35678605802839,60.0,-21.085754652026132
77.44770483563846,4.188851303268575,-12.043212465277009,-18.48900789942239,0,0,1.5,-60.949482011770854,60.0,-20.669907884357574
76.84714686716296,4.379904488712469,-11.942244749188376,-17.54539329914776,0,0,1.5,-61.53751122516083,-60.0,-20.27876604263684
76.34317860415007,6.013851982478074,-11.843358985143652,-12.694555640308929,0,0,1.5,-62.114584329203964,-60.0,-18.67758968190693
76.0008474394761,9.684948932667702,-11.780455820952,-7.847315248418331,0,0,1.5,-62.674267487742576,-60.0,-17.162474886275124
75.81999749868535,25.224468122870217,-11.75045031336964,-3.005811544939645,0,0,1.5,-63.216344476369365,-60.0,-15.676914973653616
75.80040876622536,41.46095263321714,-11.752073660874146,1.8282360619349731,0,0,1.5,-63.74053165632904,-60.0,-14.14718174078948
75.94180915174438,11.413969530407714,-11.786473260205696,6.653409136009118,0,0,1.5,-64.24650398035357,-60.0,-12.469795288540263
76.24388221383006,6.648144462498402,-11.858222514138902,11.46844546533474,0,0,1.5,-64.73391307723813,-60.0,-10.495234990653833
76.70626885332575,4.71399868586573,-11.976861573643191,16.272017445257006,0,0,1.5,-65.20239330309755,-60.0,-8.009470697937758
77.3285591576169,3.671410663783638,-12.159034364292665,21.062356200143668,0,0,1.5,-65.65154845034496,-60.0,-4.714111642453339
78.11026750098665,3.0232395304334427,-12.431256872100107,25.836612254731918,0,0,1.5,-66.08090801290082,-60.0,-0.2122516421322087
79.05037301560589,2.612656931200428,-12.833152484717516,30.256698486350786,0,0,1.5,-66.489878680256,100.53774419117883,5.498585947926038
78.49015060094246,1.7047316221902815,43.48405020019061,-46.0425263303888,0,0,1.5,-9.98938979708361,-150.0,76.57259844226145
76.9989527326185,1.760962010124943,41.363089553853115,-43.7255047467806,0,0,1.5,-9.557930495345724,-150.0,74.51892126452505
75.5757624803485,1.8145939154020763,39.298186514766655,-41.64885699156689,0,0,1.5,-9.138869492281342,-150.0,72.43872296683818
74.22339183876028,1.8801282531463137,37.29170685164172,-39.47783440547241,0,0,1.5,-8.730725056511693,-150.0,70.21596157190987
72.94480504414074,1.959654111257271,35.34972655069549,-37.22330620751279,0,0,1.5,-8.332173305060893,-148.47810323973374,67.83912386153698
71.741906982701,2.0533930618847025,33.478954212784174,-34.93822411031858,0,0,1.5,-7.941641514254355,-144.57987138175415,65.31142006160907
69.93755205313005,0.7040357770731418,133.7251959359947,-99.33806538053858,0,0,1.5,94.48164754434316,-150.0,150.1795843820968
66.62578054995348,0.6710947211678541,127.9740482849125,-99.27924993063543,0,0,1.5,93.73648603933088,-150.0,148.12548619817684
63.3249034484235,0.6417458971830596,122.20419087507639,-98.67597709060212,0,0,1.5,92.9041448361007,-150.0,145.86323608904206
60.05379076837147,0.6160250374877319,116.41317470286447,-97.48595773522833,0,0,1.5,91.97523653352349,-150.0,143.3341308802703
56.83259174060264,0.5940176477078662,110.60092996030835,-95.67492137633008,0,0,1.5,90.94079615364305,-150.0,140.44948949353432
53.68243672095741,0.575877465634759,104.77103535455387,-93.21850554055997,0,0,1.5,89.79255119767306,-150.0,137.08644882291327
50.625068805309695,0.5618479582889516,98.93217069645698,-90.10457021056546,0,0,1.5,88.52323483367324,-145.94914116500433,133.0965016012676
47.68257639627153,0.5523292978637292,93.10060160867567,-86.3299784760572,0,0,1.5,87.12821579926754,-137.73413313524782,128.3372405385615
44.875905213673704,0.547487292548494,87.30188904450642,-81.96702612910197,0,0,1.5,85.60741125305032,-127.04971690202773,122.7347070018408
42.22244326562266,0.5472460767675557,81.56859564235975,-77.1544010237953,0,0,1.5,83.96527475096501,-114.00093316997113,116.35220398512105
39.734241532850106,0.5513095350034835,75.9351501154618,-72.07247292140349,0,0,1.5,82.21023602357108,-99.00232830224826,109.43368950603792
37.4169288419607,0.5590935912502769,70.43127544128498,-66.92426711292975,0,0,1.5,80.35415099959556,-82.82876724195712,102.38137673171144
35.26938960059853,0.5696964625802553,65.07565562416417,-61.909090045701305,0,0,1.5,78.41124374019846,-66.54224853219162,95.65925400439268
33.28433761944645,0.5819379336308316,59.872464374398646,-57.1956830718674,0,0,1.5,76.39669429057935,-60.0,89.66824926234683
31.452389579823844,0.5964687681050521,54.80922119863723,-52.730991565151555,0,0,1.5,74.32239275689616,-60.0,84.72541325723382
29.766918317145127,0.6149168336802409,49.8573960470558,-48.40803940752749,0,0,1.5,72.19474804722253,-60.0,81.04238313220647
28.223519687072113,0.6384289517710913,44.97946379891977,-44.20776910065892,0,0,1.5,70.01822857016005,-60.0,78.66328894522533
26.818356750720767,0.6685303786928879,40.13680946495475,-40.11538982440271,0,0,1.5,67.79768386770253,-60.0,77.4801126571321
25.54796681102411,0.707243768178782,35.294905745161685,-36.12328303268403,0,0,1.5,65.53845056981389,-60.0,77.22185252746475
24.408999627491667,0.7572859617932794,30.42874525410741,-32.23220930926847,0,0,1.5,63.24635182967511,-60.0,77.39342394131123
23.397940284142862,0.8223947843861477,25.530166122213217,-28.450983309199323,0,0,1.5,60.927553495824604,-60.0,77.10560639907172
22.51086798321714,0.9078957112326659,20.620646640573852,-24.794552617341633,0,0,1.5,58.588220894154304,-60.0,74.75230856165823
21.743320479506906,1.0217992462661536,15.774563604851693,-21.2794446257042,0,0,1.5,56.23388147715408,-94.05001621289983,67.84771737163588
21.10891442772393,1.2568424782670171,11.144463768702508,-16.7951949371012,0,0,1.5,53.865372220059434,-130.6247298631553,54.72647608609917
20.642414098332324,1.843238138415589,6.937446297438839,-11.198994675791667,0,0,1.5,51.48257061833239,-150.0,37.072700004287334
20.372098039918654,4.055062968498531,3.309739959304295,-5.023867248962064,0,0,1.5,49.090620947007416,-150.0,20.32602802926979
20.30684216184187,18.414775626368726,0.2399937025051031,1.1027471946366716,0,0,1.5,46.69840895785058,-150.0,7.33080389028699
20.445129123133555,2.8449148901275767,-2.387045862278768,7.186552115876028,0,0,1.5,44.31572952274292,-150.0,-3.0023924096769887
20.785492102100875,1.5716754519040081,-4.6502886159568675,13.225053605641206,0,0,1.5,41.952407022075604,-150.0,-13.017140448879012
21.32638246975388,1.1097790168964479,-6.551336328750921,19.216782931609366,0,0,1.5,39.61745462765224,-150.0,-25.293284432636387
22.06642269632276,0.8765391050542827,-8.008190421914236,25.17448744623461,0,0,1.5,37.31749105340105,-150.0,-41.73295837598842
23.00501179767886,0.7389446498709019,-8.879520024823847,31.132253006633142,0,0,1.5,35.05506283795849,60.0,-61.5725769323514
24.02785309656541,0.7945234359495484,-9.069016857463481,30.241843109195784,0,0,1.5,32.81314677424048,-60.0,-54.34626880261034
25.0864796921676,0.7539966216193545,-9.48550071021316,33.27134230162663,0,0,1.5,30.58512062807046,133.84997056156334,-60.846161821535745
26.140102698110724,0.8728122850130616,-9.67272138805069,29.94928365120289,0,0,1.5,28.369694556181717,-60.0,-45.61387175546526
27.188229942290135,0.825646069069712,-10.352063498495397,32.92964256818201,0,0,1.5,26.169890053888178,122.20200534980596,-50.247559123332906
28.235845867099343,0.943442068641541,-10.856145720112323,29.928542308650748,0,0,1.5,23.990889194826817,-60.0,-39.07030392146431
29.281984224914368,0.8919814120650918,-11.710807149255146,32.82802066146366,0,0,1.5,21.833884301635177,119.05874999764818,-41.47418039804407
30.32672264900775,1.0157229903671614,-12.460811435775241,29.857276970806097,0,0,1.5,19.701407335180303,-60.0,-32.85599324285985
31.368833132328433,0.9605969406973317,-13.473508724276371,32.65556218569328,0,0,1.5,17.59351027191718,112.7699006406064,-32.77855950801518
32.41000534942671,1.0869662175896828,-14.462759297153184,29.816938948935313,0,0,1.5,15.51164104877317,-60.0,-26.429204750945985
33.448965370106535,1.0290193029143448,-15.63837623940509,32.505673387635966,0,0,1.5,13.455050614823076,107.2609635555817,-23.592747477778726
34.48712603814927,1.1577043925319888,-16.88295259949757,29.78923312428941,0,0,1.5,11.424049338804641,-60.0,-19.023089841935217
35.52344351378211,1.097267445393988,-18.255690087240367,32.37446227252916,0,0,1.5,9.417208856330669,102.54314554874951,-13.234023692728814
36.56073068558469,1.201559605865557,-19.797676698686217,30.42772951679559,0,0,1.5,7.4340881217938515,-60.0,-9.437991430035494
37.63002931525699,1.1191451843745572,-21.436549878801003,33.62390317239029,0,0,1.5,5.480615227344565,147.20674653942797,0.8843963541676241
38.766748247758684,1.1212487668198747,-23.380625666316803,34.57461840311343,0,0,1.5,3.5660193183009965,150.0,10.506504430905562
39.93347945397839,1.127156214964217,-25.616537020909988,35.42852261631378,0,0,1.5,1.6803247780713533,150.0,20.877162516393113
41.12894135415809,1.1329400428254752,-28.17184732604386,36.30284022055157,0,0,1.5,-0.17908010984941097,150.0,31.441965527905364
42.35442253843935,1.1374862420294867,-31.055860851211207,37.23510753226448,0,0,1.5,-2.015028117419919,150.0,41.31116789430823
43.61254538077901,1.1396751971686252,-34.24861553050107,38.2675217370078,0,0,1.5,-3.830743866899524,150.0,49.60737699149939
44.90734271966076,1.1385672794508377,-37.700994220686965,39.44197548108075,0,0,1.5,-5.629543324035415,150.0,55.705695582266685
46.244154926178325,1.1335917372319273,-41.342789505860765,40.794364855816696,0,0,1.5,-7.414482089800336,150.0,59.31767738517105
47.62934730073941,1.1246688248773962,-45.09359615833523,42.34966440536986,0,0,1.5,-9.188032829435752,150.0,60.40782317289017
49.069884651907614,1.1122319275560204,-48.87101087165442,44.11839242893527,0,0,1.5,-10.951853436991952,150.0,59.06570821085024
50.57280974211433,1.0971569898597044,-52.594684607684556,46.094415119737036,0,0,1.5,-12.706670232660418,150.0,55.43205319421847
52.14467096336655,1.0806267391553683,-56.188023272157494,48.25410021236703,0,0,1.5,-14.45227379065941,150.0,49.69074074497288
51.37166804553364,1.5655783587163965,-1.733825646017209,-32.81322059641448,0,0,1.5,41.65828186031331,-149.78671038277636,-7.603690994307622
50.42097794645328,2.0816752896353874,-0.4825408544638776,-24.221346238531122,0,0,1.5,42.656110285389715,-150.0,-3.816242590837628
49.75737423642748,3.1913094246173763,0.6609065001358658,-15.5915229819475,0,0,1.5,43.67234955362822,-150.0,-0.7575018800446329
49.38166176322396,7.104427456652734,1.711549767184522,-6.950829192714459,0,0,1.5,44.69774275800871,-150.0,1.8223645799234383
49.2824762458977,100.0,2.6769184926827734,-0.22815742256835855,0,0,1.5,45.723856969504425,-150.0,4.058331349113345
49.32989335055966,16.058105799200543,3.565289292384648,3.071962158389538,0,0,1.5,46.74750548084338,-150.0,6.033973101571126
49.48717388500154,7.777332472115332,4.383201116354485,6.363000946974005,0,0,1.5,47.76654974153226,-150.0,7.888034927520412
49.753957577284794,5.160339402315174,5.1321488412012854,9.641605657752434,0,0,1.5,48.77843196396308,-150.0,9.593711058760261
50.12978253571151,3.884516549125497,5.814726276637202,12.905024834299391,0,0,1.5,49.780799768024345,-150.0,11.099102396596127
50.614103560342855,3.133806360212351,6.435466994486717,16.150999054361858,0,0,1.5,50.77151056576037,-147.8368197011462,12.32309708673799
51.20511338901572,2.652276382749966,7.001892655011744,19.306100119145427,0,0,1.5,51.74870612917668,-140.46211969303536,13.160551139465733
51.89688923476329,2.3380255599830586,7.525537259258243,22.196887032808718,0,0,1.5,52.71103577140536,-126.9985057179829,13.530480107963012
52.67726428829678,2.139423524208085,8.021373849914283,24.622176811763094,0,0,1.5,53.65788836566018,-101.83694927052237,13.461421695495892
53.52431036308353,2.0430967195814946,8.504553196526928,26.197639030054038,0,0,1.5,54.58978176878936,-69.25219856714723,13.282304021191637
54.405694834408706,2.0389420030758325,8.980658180408057,26.683296902185226,0,0,1.5,55.50863022004352,-60.0,13.495181667015578
55.297992763970655,2.0593063210895832,9.43845019244344,26.852728123862782,0,0,1.5,56.41626162097944,-60.0,13.78452006966307
56.19576283756376,2.080426019014781,9.876003724221675,27.011661228970866,0,0,1.5,57.31329915507979,-60.0,13.945876721902572
142.17775361765828,56.14674323555797,-8.589126455069447,-2.532252904165179,0,0,1.5,171.41087354493055,100.30178310498894,-2.705302825193485
142.0965054450729,60.67624258538222,-9.194800893027576,-2.341880436072124,0,0,1.5,170.71502234613263,96.16738691189519,-3.078336527223745
142.02394194389666,70.61334846733601,-9.78953790140099,-2.0112902875522667,0,0,1.5,170.0176741201851,91.924322210808,-3.489493539758173
141.9647794294554,92.30672576536259,-10.371805161425186,-1.5379678810222368,0,0,1.5,169.31909040883562,87.60370951926767,-3.939720685308416
141.92379782861298,100.0,-10.939969699041825,-0.9206086992511416,0,0,1.5,168.61960184837537,83.2422012555091,-4.42927075699369
141.90579775497136,100.0,-11.492323623570798,-0.15927263380834183,0,0,1.5,167.91960556527994,78.87914630698322,-4.957590827006406
141.9155541231715,100.0,-12.027115220005555,0.7445625970613757,0,0,1.5,167.2195609412783,74.55736045475703,-5.523263927533083
141.95776767807678,79.39784655979166,-12.542583634744346,1.7879296961936304,0,0,1.5,166.51998372895508,70.32301823748101,-6.12393345884207
142.03701429180103,47.88341074974113,-13.036997775501646,2.966309460162441,0,0,1.5,165.82143847290305,66.2230987543933,-6.75638526694495
142.15769363631236,33.263724432152806,-13.50869403752074,4.273655342662181,0,0,1.5,165.12452936865247,62.304470336248905,-7.416599256847036
142.32397918948536,24.958397503493575,-13.956113617819113,5.702448611516962,0,0,1.5,164.42988981312587,60.0,-8.099964955556961
142.53709276493825,20.581068524169257,-14.378036619269778,6.925641037419931,0,0,1.5,163.7379679798233,60.0,-8.818867621118018
142.79281152785475,16.966390592180456,-14.773256427856069,8.416216210044446,0,0,1.5,163.04878591719975,60.0,-9.543742298178593
143.06746360341558,16.60679511481917,-15.14315871087328,8.614995404847772,0,0,1.5,162.36075889090992,60.0,-10.362062038498749
143.37934005985755,14.201270292032987,-15.483003492565757,10.096233443306433,0,0,1.5,161.6755120412675,60.0,-11.11495802230811
143.70993079919185,13.966871504200233,-15.796252938230595,10.289342946698852,0,0,1.5,160.99176399485904,60.0,-11.953510192562966
144.07744667980612,12.251296149164894,-16.07837576063099,11.760179896526877,0,0,1.5,160.31119083270656,60.0,-12.708863369013631
144.46341009910867,12.092996474520682,-16.33348653286376,11.946039213976917,0,0,1.5,159.63245128150666,60.0,-13.538215604462092
144.8859609777141,10.807926232175209,-16.55740479310049,13.405528300738066,0,0,1.5,158.95725916778787,60.0,-14.270166122168396
145.32664664209344,10.699483537269538,-16.754767229593597,13.582585190759607,0,0,1.5,158.28422452722248,60.0,-15.061447821713278
145.80354659759794,9.700908924452996,-16.921857531380482,15.029885110051103,0,0,1.5,157.61508596471182,60.0,-15.74723207189863
146.2982248269303,9.627009186440725,-17.063619877208907,15.196643318153862,0,0,1.5,156.94841588315344,60.0,-16.475406867792334
146.82871160715263,8.828613246264236,-17.176890238078954,16.63100506404923,0,0,1.5,156.28596529335698,60.0,-17.098104408182824
147.37657914576963,8.779705362069427,-17.266639174584384,16.78605067801867,0,0,1.5,155.62627954324546,60.0,-17.744216764790586
147.95981978099036,8.126621695819301,-17.330334250397982,18.206805400712515,0,0,1.5,154.97111057527218,60.0,-18.293934955980895
148.56000584063807,8.096429680495348,-17.37266047128341,18.348829262177823,0,0,1.5,154.31898652252073,63.56006163017214,-18.846058985860278
149.1932174274546,7.595492151277952,-17.391965445850303,19.642337119965642,0,0,1.5,153.6714795817585,66.67047357712546,-19.32193356742042
149.8442608424123,7.536126038147111,-17.391985207243692,19.883460027594516,0,0,1.5,153.02739536811777,70.9291934020546,-19.773456310653025
150.52447889196955,7.192423526446778,-17.372394092158373,20.92820011759403,0,0,1.5,152.38787127284797,74.74740279137289,-20.17361362314008
151.2252523720867,7.070368112437303,-17.335522997793163,21.388596741670383,0,0,1.5,151.75228857977518,79.19806058803798,-20.530769554791778
151.9510050280697,6.858471073618838,-17.28229026542769,22.155230137595886,0,0,1.5,151.12116232698094,83.54148053921007,-20.850187422512914
152.6990469912906,6.711797613318812,-17.214061224846603,22.750841993250273,0,0,1.5,150.49438512014493,88.08717830714457,-21.12615680502348
153.46523230305777,6.609463297621337,-17.132528871019332,23.21901573434684,0,0,1.5,149.87171224713808,92.74057471410337,-21.359112219648182
154.2444275643665,6.554814913247661,-17.039464318697185,23.531469554179107,0,0,1.5,149.2528063921386,97.48002985241212,-21.54808864334597
155.0313979524375,6.545399647779144,-16.93668466866515,23.685551119103888,0,0,1.5,148.63731642072577,102.29298384731761,-21.693985005477888
155.8208265297337,6.580552921569928,-16.825987301476374,23.678986915974743,0,0,1.5,148.0248809543986,107.19070769231793,-21.798865842937886
156.60731438957933,6.661551920160093,-16.709109618204792,23.509133647316176,0,0,1.5,147.41512977623893,112.19590773636067,-21.866222645130364
157.38536241866623,6.791866353733522,-16.58768210758612,23.172623579695546,0,0,1.5,146.8076831986866,117.32536169315696,-21.90072397069597
158.14935044186402,6.977517308785773,-16.46319037311025,22.665561895880867,0,0,1.5,146.20215080080592,122.5731636827914,-21.908378730993967
158.8935318231693,7.2276054403894445,-16.336930785322636,21.984256491816417,0,0,1.5,145.5981310975604,127.90103071038465,-21.896569945327037
159.61205751024173,7.555151645474212,-16.20996288777883,21.126254640547774,0,0,1.5,144.99521333026,133.24108934515252,-21.8738428852915
160.2990330971218,7.9785346793096945,-16.083066412468355,20.09128737797138,0,0,1.5,144.39298170939406,138.51008435079476,-21.84975942027019
160.94859972120696,8.524027445570617,-15.956701355050683,18.881755220631238,0,0,1.5,143.79102145280274,143.63046851862686,-21.834454932010527
161.55501982073082,9.230378733664509,-15.830982386420374,17.502534238548265,0,0,1.5,143.1889252570327,148.54632328716207,-21.83759133169924
162.11274787511107,10.157269018680756,-15.705689124162546,15.96026920001441,0,0,1.5,142.5862988082339,150.0,-21.868077767103404
162.61820042726785,11.31965220013726,-15.580156830847073,14.366006795270263,0,0,1.5,141.98289517597925,150.0,-21.928438007038597
163.07041974938798,12.773545641812737,-15.453437303313478,12.766261171494598,0,0,1.5,141.37866676994489,150.0,-22.01481562775435
163.46921976858954,14.646688913468477,-15.324650060460897,11.160831006540334,0,0,1.5,140.77362682520567,150.0,-22.12326413453269
163.81440733464626,17.15425094788342,-15.193042770779016,9.549493465633283,0,0,1.5,140.16779197706978,150.0,-22.250030373375058
164.10578161154788,20.68905193403876,-15.057984222102732,7.932010714398763,0,0,1.5,139.56118284663356,150.0,-22.39154908655825
164.34313367975776,26.052566473269454,-14.918957658339252,6.308136046726056,0,0,1.5,138.9538244408451,150.0,-22.544584557112803
164.5262463245017,35.17307628990441,-14.775549551902174,4.677618897148471,0,0,1.5,138.34574639537843,150.0,-22.70620081130485
164.6548939818307,54.15906536848803,-14.6274394965495,3.0402092957393183,0,0,1.5,137.73698309035427,150.0,-22.873633495891788
164.72884283378372,100.0,-14.474394488958524,1.3956623729049433,0,0,1.5,137.12757364808218,150.0,-23.044563855531567
164.74785102061318,100.0,-14.31625416420664,-0.2562591609449623,0,0,1.5,136.51756184431633,150.0,-23.216543933643486
164.71166897715466,85.97629751233931,-14.152935287801228,-1.915779973585339,0,0,1.5,135.90699592293362,150.0,-23.38790817766469
164.62003984423447,45.94330413062417,-13.984405909419792,-3.583112772564057,0,0,1.5,135.29592836205956,150.0,-23.556870906375735
164.4726999299561,31.277763997998157,-13.810689628882216,-5.258454534681018,0,0,1.5,134.6844156123846,150.0,-23.722315559483466
164.2693792092796,23.663160647253285,-13.63184357171275,-6.941988082574559,0,0,1.5,134.07251781757128,150.0,-23.882976468703838
164.00980184496436,18.996073437647322,-13.447963644532479,-8.63387912156214,0,0,1.5,133.4602985291281,150.0,-24.038003264814233
163.69368674170866,15.839877549618256,-13.2591709977346,-10.334277283958784,0,0,1.5,132.84782440043216,150.0,-24.186489406286633
163.32074811060332,13.561113045726964,-13.0656142054099,-12.043314406413332,0,0,1.5,132.23516487921398,150.0,-24.327996706503793
162.89069602401537,11.83703442600053,-12.867453942863023,-13.76110689229891,0,0,1.5,131.62239191821072,150.0,-24.462019278753576
162.4032369480713,10.485912313840737,-12.664865504061993,-15.487754626148206,0,0,1.5,131.00957971438663,150.0,-24.588179385305295
161.8580742856294,9.397600036939329,-12.458034801639286,-17.22334145413837,0,0,1.5,130.39680443729915,150.0,-24.706325156908083
161.2549088856434,8.50144700357194,-12.247151072013594,-18.967936730993095,0,0,1.5,129.7841439950279,150.0,-24.816345636635138
160.5934395204982,7.750051784819606,-12.032405711220633,-20.721595671794116,0,0,1.5,129.1716778345997,150.0,-24.91808548379615
159.87336336203475,7.110425646233482,-11.813993957931302,-22.484359068816435,0,0,1.5,128.55948673842917,150.0,-25.01162591484815
159.09437642703327,6.558900932881304,-11.592107180752691,-24.256255438995268,0,0,1.5,127.9476526517795,150.0,-25.09673378218425
158.2561740257905,6.078056571294305,-11.366943544128446,-26.037298628184747,0,0,1.5,127.33625849566427,150.0,-25.173598624427274
157.3584511877705,5.65478387641626,-11.138694086514022,-27.827491664897547,0,0,1.5,126.72538799913112,150.0,-25.24223919428361
156.40090303878887,5.279030037548823,-10.907548530065299,-29.626825747596893,0,0,1.5,126.11512558243707,150.0,-25.302655001803842
155.38322519197854,4.942956543680444,-10.673696070684684,-31.43528044781934,0,0,1.5,125.50555620842424,150.0,-25.354859445340836
154.30511412695236,4.64036116487257,-10.437325064034553,-33.252824218735086,0,0,1.5,124.89676523356302,150.0,-25.398846679506548
153.16626755648767,4.366272047707425,-10.198623817436442,-35.07941463173598,0,0,1.5,124.2888382575109,150.0,-25.43467521003451
151.9663847725712,4.11665684133746,-9.957778585919442,-36.914999386540764,0,0,1.5,123.68186098202673,150.0,-25.462299123629542
150.70516698341132,3.888210772791977,-9.714977204328363,-38.75951582614325,0,0,1.5,123.07591905949685,150.0,-25.48172108556574
149.38231764420328,3.6781994824574715,-9.470407636376649,-40.61289181205535,0,0,1.5,122.47109792459638,150.0,-25.492782580387075
147.9975427898439,3.4843410711407805,-9.224263551627985,-42.47504471236772,0,0,1.5,121.86748258999877,150.0,-25.495422548828422
146.55055136309954,3.3047160729101677,-8.976741310904515,-44.34588271120236,0,0,1.5,121.26515741242797,150.0,-25.489581169950405
145.04105551245772,3.137698162154709,-8.728040149593312,-46.22530530879861,0,0,1.5,120.66420586807418,150.0,-25.475073685600208
143.46877089197622,2.981900245014363,-8.478366618081367,-48.11320269075104,0,0,1.5,120.06471027673277,150.0,-25.45179066736995
141.83341695242737,2.836131918789901,-8.227932385238887,-50.009456898938524,0,0,1.5,119.4667514873296,150.0,-25.419486662371863
140.13471722400456,2.6993657989122775,-7.976959135880065,-51.91394114887005,0,0,1.5,118.87040851460934,150.0,-25.378008848242843
138.37239958809832,2.5707104329896113,-7.725675897164365,-53.82652118744387,0,0,1.5,118.27575812505029,150.0,-25.327096699931044
136.5461965322723,2.4493885230684813,-7.474323092789973,-55.74705492667758,0,0,1.5,117.68287437276032,150.0,-25.266438713176612
134.65584540899272,2.3347191819991218,-7.223154811355471,-57.675392589909926,0,0,1.5,117.09182803042225,150.0,-25.195909010318243
132.70108865535437,2.2261033220962387,-6.972433209369797,-59.61137892305676,0,0,1.5,116.50268599873067,150.0,-25.11511453234005
130.68167400218874,2.123011763245086,-6.722438107460221,-61.55485158614381,0,0,1.5,115.9155106162289,150.0,-25.02379254639063
128.59735468143055,2.024975243422629,-6.47346347132202,-63.50564289569994,0,0,1.5,115.3303588341541,150.0,-24.92168126118156
126.44788959285665,1.9315761314781328,-6.225818262292648,-65.46358050929776,0,0,1.5,114.74728133447744,150.0,-24.80844085791149
124.23304345841998,1.8424414976950483,-5.979830064310647,-67.42848747916251,0,0,1.5,114.16632150386238,150.0,-24.68378128784225
121.95258695798603,1.7572372452101865,-5.735844598896904,-69.40018332208696,0,0,1.5,113.5875142596814,150.0,-24.547462282401334
119.60629682988511,1.6756631459938065,-5.494225358484869,-71.37848505879069,0,0,1.5,113.01088475734669,150.0,-24.399220708925267
117.19395594663064,1.5974486351966335,-5.255355828451286,-73.36320765781929,0,0,1.5,112.4364469304161,150.0,-24.23868519314789
114.71535338685905,1.5223492317503686,-5.019644819953271,-75.35416381099459,0,0,1.5,111.86420176580918,150.0,-24.065752126665103
112.17028447118187,1.4501434144120162,-4.7875194473151055,-77.35116634423575,0,0,1.5,111.29413540089188,150.0,-23.880340947319254
109.55855074900236,1.380629975604223,-4.5594264069785595,-79.3540287295695,0,0,1.5,110.72621707631778,150.0,-23.682341994145776
106.8799599763793,1.3136257422651956,-4.335835304740499,-81.36256510326692,0,0,1.5,110.16039677875096,150.0,-23.47158167443682
104.13432609948126,1.248963602583072,-4.117243555968571,-83.37658990551328,0,0,1.5,109.59660247170835,150.0,-23.248395230136648
101.32146919386295,1.1864907374918623,-3.9041624007179223,-85.39592092227174,0,0,1.5,109.03473711928777,150.0,-23.01292475486393
98.44121538021008,1.1260671490720289,-3.6971266292650284,-87.42037760477577,0,0,1.5,108.47467539891188,150.0,-22.76550215991078
95.4933967626175,1.0675643389117884,-3.4966920882200156,-89.44978141547682,0,0,1.5,107.91625986795987,150.0,-22.506678092921383
92.47785135974547,1.0108641503963247,-3.303432640746223,-91.48395590395417,0,0,1.5,107.35929671233626,122.06262799921377,-22.23725729292802
89.40991697140336,0.9656215639457486,-3.117567287087695,-92.59312375549503,0,0,1.5,106.80392015623052,72.98000041865645,-21.800821036094685
86.33217136721672,0.9376526327459458,-2.9439842549277273,-92.07265926869974,0,0,1.5,106.25080915385401,60.0,-21.1100152488853
83.27892527071936,0.9139162790945629,-2.790854793821552,-91.1231446202333,0,0,1.5,105.70027143999734,-60.0,-20.40977578820505
80.32385978616466,0.9320262195540939,-2.6574863700191145,-86.1819743918725,0,0,1.5,105.15331400419292,-60.0,-19.155763006734425
77.53346548372159,0.9543416929097163,-2.5615437798836354,-81.24287774468688,0,0,1.5,104.61073116077058,-68.22078418116311,-18.07423566557156
74.91221851930305,0.9852573222027313,-2.49789391854182,-76.03315076291182,0,0,1.5,104.0719064999267,-86.53196854926969,-17.09613322779249
72.47472791420078,1.0321456253196568,-2.4632360718419477,-70.21754114566467,0,0,1.5,103.53669323903345,-101.41042096370931,-16.159190729941837
70.23927459805537,1.099017579198911,-2.456021679044227,-63.910965509081066,0,0,1.5,103.00526794083314,-113.85906429293216,-15.274025780150115
68.2208646582522,1.192776700922497,-2.4741692303500997,-57.19500104712808,0,0,1.5,102.47798619685558,-124.53737614765478,-14.442471051511532
66.43215023654594,1.325215751736325,-2.51532374845209,-50.129309246064395,0,0,1.5,101.95541597703652,-133.87700229275518,-13.661810283987725
64.88403360153475,1.5174278568499007,-2.576997511294536,-42.75922134198231,0,0,1.5,101.43834853806116,-142.16340219231517,-12.926943562258526
63.58606370814904,1.8105060052954591,-2.6566555533092355,-35.120603589366354,0,0,1.5,100.92779237730453,-149.58853066800367,-12.232234428941497
62.546699897331195,2.295884564064889,-2.751752979265234,-27.2429637257509,0,0,1.5,100.42495380371713,-150.0,-11.57168182988816
61.77000424777876,3.190499978487986,-2.8598692852184513,-19.360603248476515,0,0,1.5,99.93111477010096,-150.0,-10.962234251566677
61.25589349562597,5.332184073128497,-2.9780051283117928,-11.487955527327836,0,0,1.5,99.4475711186221,-150.0,-10.390093153260393
61.00403276219116,16.82554157754037,-3.1035664372847407,-3.6256801887210925,0,0,1.5,98.97567337120712,-150.0,-9.831249073677325
61.01406702438369,14.438881806342417,-3.234755243028502,4.22567812679114,0,0,1.5,98.51677626300744,-150.0,-9.235634443379828
61.285626021487815,5.07930436755572,-3.3714981451841197,12.065751840537938,0,0,1.5,98.07217887940583,-150.0,-8.491492183599254
61.81833167333326,3.1073177115013055,-3.5175686470831806,19.894435462624656,0,0,1.5,97.64305863805346,-150.0,-7.3616386179937034
62.6118084422815,2.2593777720522965,-3.6848382463663825,27.71196973643249,0,0,1.5,97.23040108483715,-126.29729609715376,-5.38328707375249
63.65255863877117,1.83273735074447,-3.901304792078207,34.7308677988775,0,0,1.5,96.8344916366669,141.32398153857733,-2.180478166732852
64.77884590900166,1.9722051107029268,-4.213187583314408,32.84589698984879,0,0,1.5,96.44992623987294,84.53825085681419,-3.1780962282089393
65.87367823284934,2.0057042100367006,-4.485011547615613,32.84316695513342,0,0,1.5,96.07216573463143,82.92909663086176,-3.211513800188348
66.9692230622756,2.0362400553318203,-4.747882384091696,32.888667957846685,0,0,1.5,95.70224443814908,83.21651414846444,-3.2666829160456192
68.06603946276536,2.06765156419156,-5.001246152612623,32.91949216278073,0,0,1.5,95.33999123909331,82.97726853481619,-3.3816754439334704
69.1639307073299,2.098854415303828,-5.24328819702211,32.95318160374539,0,0,1.5,94.98522667988603,82.880782627439,-3.542557687941418
70.26291389142098,2.130145559040123,-5.47262641449089,32.98502940009534,0,0,1.5,94.63780320615253,82.74988997156326,-3.7504072302402416
71.36294684658178,2.1614534034363326,-5.687824757203259,33.0161856522686,0,0,1.5,94.2975912890988,82.62654384209672,-4.001304130882538
72.46400227392773,2.1927960972517733,-5.887557948316669,33.04639330795358,0,0,1.5,93.96448129362267,82.50075485371057,-4.291927497004193
73.56604965109797,2.224171008565593,-6.070594171960977,33.07571646594837,0,0,1.5,93.63838082007823,82.37199706547278,-4.61812722320676
74.66906080884198,2.2555744265178053,-6.235824305019378,33.104232753745734,0,0,1.5,93.3192131129129,82.23983640253496,-4.975267869146889
75.77301043130433,2.28700131199372,-6.3822800472233325,33.13203627559283,0,0,1.5,93.00691510840407,82.10320425354011,-5.358271479961755
76.87787705223352,2.3184433804616105,-6.5091506750088115,33.15926440132726,0,0,1.5,92.70143543128653,81.96027360923117,-5.761647315761046
77.98364500634293,2.3498868069883385,-6.615798814710303,33.186128274105386,0,0,1.5,92.40273238105968,81.8104177681094,-6.179637880086156
79.09030630383333,2.381314472218232,-6.701771379494829,33.21287768858158,0,0,1.5,92.11077188693895,81.65207077212997,-6.606351290008865
80.19786250089291,2.412703318708014,-6.766806080896316,33.23983594627719,0,0,1.5,91.8255254758705,81.48238059730608,-7.035831300689142
81.30632790836748,2.44402079014397,-6.810835494227035,33.26744528371134,0,0,1.5,91.54696835251683,81.29874928249585,-7.462226026360053
82.415733445283,2.475224938316198,-6.8339853898369824,33.29626013761291,0,0,1.5,91.27507758936153,81.09823750106729,-7.879915394259164
83.5261305783122,2.5062631876418635,-6.836568698054009,33.32695903214447,0,0,1.5,91.0098304346692,80.87354448529543,-8.283566793313833
84.63759785948565,2.5370611001920995,-6.819077355973377,33.360488579907326,0,0,1.5,90.75120288363935,80.61792486287388,-8.668261869341459
85.75024953454084,2.567523121642779,-6.78216967864131,33.398043745629536,0,0,1.5,90.49916849866004,80.31912301310797,-9.029590812546108
86.86424682618645,2.597518090195305,-6.726654299984148,33.44124807217616,0,0,1.5,90.25369751689902,79.96005683937032,-9.363580990792716
87.97981484384232,2.6268660488021354,-6.653476086293949,33.4923110692917,0,0,1.5,90.01475636422947,79.51500421621299,-9.66676267580362
89.09726683828734,2.655315003244728,-6.563699419517775,33.55431153343868,0,0,1.5,89.78230760847885,78.94415766845279,-9.936013153798406
90.21704091369804,2.682503223680486,-6.458496077476468,33.63166169467531,0,0,1.5,89.5563105120602,78.18603252470432,-10.168550899287515
91.33975641056134,2.707901774640853,-6.33913250772639,33.730823350369,0,0,1.5,89.33672238516738,77.14190908405983,-10.361473373262038
92.46630278496531,2.730717461507374,-6.206971369260316,33.861541550301325,0,0,1.5,89.12350107785802,75.6517632784675,-10.511528459151634
92.8104316928432,5.116802566103638,-55.60760408422067,-18.138364827219988,0,0,1.5,39.372484080925965,60.0,-134.08952081626
92.18054354231978,4.696237278064514,-51.65117875842026,-19.628595849039097,0,0,1.5,38.859258712851044,60.0,-136.59876065543205
91.50300328398527,4.3581877627694965,-47.585936582642034,-20.995654217944452,0,0,1.5,38.37120886678153,60.0,-138.59561814662692
90.78227096069455,4.085883439716328,-43.42738425323324,-22.218517072282737,0,0,1.5,37.90990725796941,64.19866575522587,-139.85106639418652
90.02174419771276,3.849676421183741,-39.19944999007225,-23.38423658215718,0,0,1.5,37.47613930799084,67.02521688152423,-140.0114682874775
89.22397902405959,3.648749041471149,-34.938383813033084,-24.453306601784025,0,0,1.5,37.070156542114105,66.68317175354919,-138.37772543690252
88.3938786392915,3.4905021842542236,-30.703357977610352,-25.324114976360523,0,0,1.5,36.692591529640076,63.11557814229666,-133.80637572164053
87.5400512235608,3.382926020116695,-26.591545705111486,-25.877022052211796,0,0,1.5,36.344191278084274,60.0,-124.82198612859584
86.67334926918267,3.320905392475698,-22.75022904066273,-26.09931299625752,0,0,1.5,36.02477507157982,60.0,-110.65934641103061
85.80328587029385,3.289444401649356,-19.354108373335634,-26.08443110552996,0,0,1.5,35.732250858539246,60.0,-93.04011845710956
84.93725131440092,3.2840284041803094,-16.522077201426015,-25.86373833011995,0,0,1.5,35.4629447485452,60.0,-75.6896019258659
84.0812290421417,3.2987692005094753,-14.249375412622555,-25.48866681220252,0,0,1.5,35.21265980648646,60.0,-61.28429046919645
83.23949760840273,3.328303191075903,-12.441706840983812,-25.00958982090055,0,0,1.5,34.97751869581866,-60.0,-50.27505185447327
82.4802046694852,4.015951997586473,-10.983314981955942,-20.53814505727523,0,0,1.5,34.76007549303076,-60.0,-40.507155869335676
81.87125671655289,5.119399070887116,-9.831090948172175,-15.992356833858981,0,0,1.5,34.562060997836674,-60.0,-33.35621828115806
81.41462956942578,7.141029555110335,-8.901481367614963,-11.400965216726071,0,0,1.5,34.379796635688606,-60.0,-27.98484865649638
81.11155278300853,11.962249797770518,-8.137838682476627,-6.780626901649038,0,0,1.5,34.21061103227708,-67.1246934183825,-23.829487732399002
80.9667383417358,42.480747644385,-7.501383790162038,-1.9059631205063734,0,0,1.5,34.05274966684501,-75.91420355127245,-20.452818662319114
80.98938818037965,26.135349610328483,-6.967215672477948,3.0988446448167384,0,0,1.5,33.9051571624518,-82.60915117031094,-17.62196481290207
81.09453680880637,25.262424906568295,-6.522693895504688,3.210085219796995,0,0,1.5,33.76228011232834,-81.562186434409,-16.37416454172744
81.20281627822541,24.70661195788184,-6.119433672753843,3.28668359776138,0,0,1.5,33.61973485035494,-80.39060167002012,-15.290923316087028
81.31300146370992,24.459309401939567,-5.7520146306248705,3.3244193500108383,0,0,1.5,33.47745644861434,-79.10708749547554,-14.344547749082253
81.42373384922294,24.52884916388798,-5.415934812174612,3.3195089302883853,0,0,1.5,33.33538467542851,-77.72588807334444,-13.513195876390864
81.5335369012912,24.94406752347667,-5.1074158012903865,3.2686544335463363,0,0,1.5,33.193463823766386,-76.26375956123256,-12.77941320598282
81.64164572703862,25.144586628127247,-4.823226674691824,3.246887568066544,0,0,1.5,33.05167251016552,-74.82895171811015,-12.114633410353605
81.74742045349566,26.37378892841797,-4.561079066647665,3.099570587880612,0,0,1.5,32.90999900453123,-73.23579728636338,-11.53744988894941
81.85677757883352,24.836526677483363,-4.317845845676743,3.295822263788775,0,0,1.5,32.76865056253717,-72.00701578362528,-10.953658674510198
81.96261610409368,26.83373212668251,-4.093976819480417,3.054462037451472,0,0,1.5,32.62739763291649,-70.24865525190211,-10.49864879053308
82.07345966920391,24.539643565338483,-3.8849142012991535,3.3445253371622004,0,0,1.5,32.4865052914133,-69.06349851774449,-9.994623224776907
82.17928571246168,27.3474222333799,-3.6925832319526535,3.0050103081435857,0,0,1.5,32.345682153267255,-67.14169966790902,-9.636389745904157
82.29153189094271,24.253364105856978,-3.5118051173670892,3.3929945360062446,0,0,1.5,32.20524727632268,-66.0044786712586,-9.192097477589943
82.39727279904795,27.917703739386212,-3.3457873666696116,2.9514344577989817,0,0,1.5,32.06486177776714,-63.919571019195885,-8.912578465633016
82.51082460258274,23.977146234566113,-3.188677603879512,3.4412279007429527,0,0,1.5,31.924885591702825,-62.833821431330115,-8.513432138733426
82.61641003135526,28.548719556801185,-3.044837742549163,2.893874447397886,0,0,1.5,31.78494438174205,-60.58467338082424,-8.299473337737105
82.7311556897034,23.710475971224074,-2.9077050869910295,3.489223741864526,0,0,1.5,31.64542792604229,-60.0,-7.934503577194774
82.83676423773537,29.093415815592458,-2.7827076904704313,2.8472684253644585,0,0,1.5,31.505941869989723,-60.0,-7.774160972312775
82.95268119520335,23.452973429664688,-2.6626223821398867,3.536979285120409,0,0,1.5,31.36688847924318,-60.0,-7.43721657026154
83.0598773712091,28.69304240863288,-2.5537100521857212,2.8947741472761654,0,0,1.5,31.227893590188632,-60.0,-7.30979113877073
83.17737963332945,23.204828907014253,-2.448627410177039,3.584485796755302,0,0,1.5,31.08931652757161,-60.0,-7.008258108609197
82.95464031316706,2.5814812837862484,-1.5565655818820687,-32.13451162097825,0,0,1.5,31.747769752246263,-60.0,-8.721100389401718
81.90692566915934,2.616923795475744,-1.6369443497474663,-31.298934195471695,0,0,1.5,31.37668763806749,-60.0,-8.72253815670854
80.85539692176121,2.5432559203586838,-1.723236551208771,-31.792080488053248,0,0,1.5,30.999644164715892,-60.0,-8.852586034797596
79.81922976668295,2.579103933154109,-1.8110325423399445,-30.94843474146783,0,0,1.5,30.61676197242482,-60.0,-8.860261592942425
78.77952382037154,2.5062544217691487,-1.9047620279050932,-31.43317100454693,0,0,1.5,30.227690433761577,-63.16154487888071,-8.999524550993344
77.7554952181093,2.5426046307462027,-1.9998887249445545,-30.581040511709308,0,0,1.5,29.832579585022327,-72.20213118083022,-9.012102052170187
76.73495667098655,2.50354613100063,-2.100904415528987,-30.65050638404523,0,0,1.5,29.431160492698883,-79.21303485439886,-9.12038048154678
75.72495358832771,2.507785497372154,-2.2046214427437576,-30.195945254360076,0,0,1.5,29.023430782765907,-85.8661248549749,-9.179113545110209
74.72498945946057,2.5074547714049675,-2.312792124847789,-29.801131534504588,0,0,1.5,28.609289649158182,-91.6719579927584,-9.248032906810232
73.74148573532285,2.5246738491930714,-2.4250403922497696,-29.20832160514194,0,0,1.5,28.18877361819586,-96.98326777946323,-9.300632903591277
72.78076735513226,2.5596373322008428,-2.5418314297671145,-28.43401541286064,0,0,1.5,27.761961483892158,-101.85516741478487,-9.339125882699758
71.84863947259535,2.613352472676513,-2.6635207111534953,-27.492900488471136,0,0,1.5,27.32896800641578,-106.34090526332587,-9.365295900879797
70.95044679274716,2.6877290328537784,-2.7903666829310794,-26.397916577704024,0,0,1.5,26.88994550460888,-110.48949776866466,-9.380563902113222
70.09112944046205,2.785771766719084,-2.922541185419334,-25.160399095799296,0,0,1.5,26.44508553871684,-114.34462770102891,-9.385971788318013
69.27527343689874,2.9119175583893613,-3.060140441344174,-23.790259184128914,0,0,1.5,25.994620556514725,-117.94436806799322,-9.382383117249313
68.50715502378748,3.0725970658146413,-3.203189501651792,-22.296172767327725,0,0,1.5,25.538825392298808,-121.32126522245946,-9.37025364258577
67.79077873534335,3.27717023730969,-3.351654581325306,-20.68576662986982,0,0,1.5,25.078018524539083,-124.5026087358431,-9.34979504195686
67.129909422358,3.5395251679291784,-3.505450260228116,-18.96579519496192,0,0,1.5,24.612563010904385,-127.51105005471564,-9.321076837791828
66.52809873331142,3.8809327248953194,-3.6644436870832635,-17.142296311025564,0,0,1.5,24.142867022789527,-130.3650302268023,-9.283812922698683
65.98870664559215,4.335448825443657,-3.8284663572924273,-15.220732455269925,0,0,1.5,23.669383921823734,-133.07930961891122,-9.237518816456351
65.51491859131384,4.960953643580709,-3.997321152223037,-13.206113843875105,0,0,1.5,23.192611833011227,-135.66541896363486,-9.181373581288828
65.10975873567504,5.864103047725886,-4.170794515938752,-11.103106170844793,0,0,1.5,22.713092683252565,-138.1320479987968,-9.114092926485057
64.77609988379452,7.265050529714522,-4.3486733914566,-8.91612516924089,0,0,1.5,22.231410710185227,-140.48540208534124,-9.033977222734693
64.51667043711717,9.702602533507035,-4.530761063597481,-6.649419082593032,0,0,1.5,21.748190463953186,-142.72941597687355,-8.938546101699945
64.33405871485748,14.93659228344159,-4.716905618285153,-4.307144326767019,0,0,1.5,21.26409437254218,-144.865967127429,-8.824310933335743
64.23071486066095,33.92285609350781,-4.907036281501519,-1.8934347592552354,0,0,1.5,20.779820011547937,-146.89460009884274,-8.68647964382001
64.20895026602977,100.0,-5.101209707749604,0.5875185365472914,0,0,1.5,20.296097263839194,-148.81197514459387,-8.518504618373266
64.2709339909127,20.52488210881184,-5.299671197013595,3.131366779608424,0,0,1.5,19.81368562062943,-150.0,-8.31051389670666
64.41834743927603,11.275344888742511,-5.502983870389613,5.7132041702416005,0,0,1.5,19.333355817363184,-150.0,-8.055056421356433
64.65178806144249,7.7960372612375615,-5.7119828093385365,8.292903932475499,0,0,1.5,18.855854997702394,-150.0,-7.744957807385284
64.97117249196378,5.977254882724564,-5.927756099754816,10.869734312274884,0,0,1.5,18.38191644703994,-150.0,-7.363148853037507
65.37639135057533,4.863278419402232,-6.1519432186608185,13.442864198305768,0,0,1.5,17.912291033032684,-150.0,-6.888664158631828
65.86730531423494,4.1137947234091685,-6.386858277296284,16.011325246596076,0,0,1.5,17.447753835776155,-150.0,-6.296116782350859
66.44373970828435,3.577252100601524,-6.635627517624016,18.573960637862697,0,0,1.5,16.98911403603674,-150.0,-5.554816227378723
67.1054770916063,3.1759358163764975,-6.902352371335695,21.129355557370356,0,0,1.5,16.537228641412433,-150.0,-4.6281973667954
67.85224714863334,2.8658970718983054,-7.192287126379142,23.675744608542253,0,0,1.5,16.093020640809144,-142.29054829329664,-3.472813088185993
68.6794670845907,2.645971528059901,-7.512312342893296,25.956238136450533,0,0,1.5,15.657234988022122,-119.10872106744944,-2.2403617887193343
69.56974062541865,2.5335783926311177,-7.865057198857357,27.45908349540768,0,0,1.5,15.229811405767416,-88.16159099454978,-1.439105666064097
70.49292682988391,2.5237911174488388,-8.237332382883352,27.931363393156452,0,0,1.5,14.80956603287261,-73.23497595605366,-1.5000147732371416
71.42358890303983,2.5592612847267437,-8.601878720844951,27.907892534960858,0,0,1.5,14.395019202469776,-71.21463361451059,-2.0317956589960957
72.35235439244117,2.6009498349825138,-8.943886736256275,27.81766623073974,0,0,1.5,13.985284665091914,-70.7128466842245,-2.634945327727352
73.27784825695868,2.644295759742249,-9.26147004330349,27.711668782504642,0,0,1.5,13.579869847120445,-70.2118396128017,-3.2575572170523013
74.19955552597175,2.689311512732565,-9.55442310380755,27.590539502275366,0,0,1.5,13.178331546047984,-69.61582699207537,-3.895445388551686
75.11692919145048,2.736328902107143,-9.822677580883493,27.451717932594207,0,0,1.5,12.780228889353658,-68.89637994679389,-4.546729537585567
76.02932077515638,2.7858061677280213,-10.066229497686749,27.291676519318816,0,0,1.5,12.385119321297534,-68.0216250520019,-5.209673843707359
76.93594624176248,2.8383563282630395,-10.285136720073382,27.105809610889906,0,0,1.5,11.99255630412065,-66.95012304783289,-5.882807626819084
77.83584488125172,2.8948039921891726,-10.479513180488254,26.888122681628946,0,0,1.5,11.602086256145139,-65.62405627768267,-6.564952570141065
78.72782413012595,2.956280745631781,-10.649523532064762,26.630699484971,0,0,1.5,11.213244152230615,-63.96425981704083,-7.255716348297009
79.61038398424029,3.0243647188640885,-10.79536330816319,26.323010411965424,0,0,1.5,10.825547164522282,-61.86044931353833,-7.955539044997331
80.48161305017089,3.101303053616068,-10.91724023503889,25.950902462218473,0,0,1.5,10.438485602813351,-60.0,-8.666067824907138
81.33950277668862,3.186948550817999,-11.015308076280235,25.522690899986788,0,0,1.5,10.051548834075078,-60.0,-9.368645467653684
82.18320014450663,3.274312448294321,-11.090232586433416,25.099376263654406,0,0,1.5,9.664336141666793,-60.0,-10.0070104693669
83.01286386228702,3.363475194491409,-11.144438196495969,24.68068264580717,0,0,1.5,9.27656351595867,-60.0,-10.581675485159613
83.82864305175286,3.454527565525855,-11.180291390108692,24.26631180723906,0,0,1.5,8.887987806173967,-60.0,-11.094239863177204
84.63067673769484,3.547569964301685,-11.200067788636233,23.85595706055478,0,0,1.5,8.498403412207168,-60.0,-11.547170313303322
85.41909375294983,3.642711794440461,-11.205926656052696,23.449314294728783,0,0,1.5,8.107638867680592,-60.0,-11.943682890338637
86.1940129732481,3.7400708811223047,-11.199889365288215,23.04609075948405,0,0,1.5,7.715553395433793,60.0,-12.287307971259938
86.89017482918302,4.640392631642631,-11.189230716923419,18.724746314930936,0,0,1.5,7.31663511142325,60.0,-14.522059879177181
87.44255402360787,6.064435125989817,-11.1167956797143,14.418911606270301,0,0,1.5,6.905001485993135,60.0,-16.031759897805653
87.85158450760835,8.677801354046096,-11.007366634612026,10.123714628089157,0,0,1.5,6.480038534501879,60.35675446911862,-17.063415175860037
88.11737945893233,15.128088192439161,-10.877255620325371,5.824753157042828,0,0,1.5,6.041369042926557,74.02608707796409,-17.796872218287888
88.2325287224568,81.31655879412031,-10.737245877072269,1.0850499582237187,0,0,1.5,5.588149712236708,84.4040736853311,-18.452689059346653
88.18413260399578,22.113082801985897,-10.591171070661687,-3.9878714964191366,0,0,1.5,5.119134883335759,91.16909524473196,-19.057101093960465
87.96305670524802,9.483252241321656,-10.44171809091739,-9.27562132344893,0,0,1.5,4.633351159948037,94.26042621395902,-19.627140085078562
87.56415074213183,5.97399700857152,-10.29074548974927,-14.657548474914593,0,0,1.5,4.130085758280202,93.77057770162838,-20.164512733612565
87.04160025159993,5.494558909027025,-10.13566150668322,-15.841417244357698,0,0,1.5,3.613019316892508,85.16537653204486,-19.720180030664135
86.51646070518575,5.522458916825131,-10.000310058016709,-15.66629322340422,0,0,1.5,3.0910314312035467,74.70917957091959,-19.04057383091527
86.00294447124637,5.678983842248493,-9.891471156714573,-15.144072753197873,0,0,1.5,2.565184538141838,64.1016696476936,-18.375625620153016
85.51181565049629,5.923311697368127,-9.80782037425763,-14.436487562944103,0,0,1.5,2.0363144665936757,60.0,-17.75581075813021
85.04745724174978,6.335221794414649,-9.747451770222,-13.42454297602186,0,0,1.5,1.5048227120249653,60.0,-17.149846411932952
84.58560748806775,6.1639691859774635,-9.711578756670349,-13.722587659992401,0,0,1.5,0.9690341785121689,60.0,-16.87544661223982
84.14516930384971,6.623898389277617,-9.687763689927692,-12.703269941468161,0,0,1.5,0.4303343581801713,60.0,-16.376968723914906
83.70747801163415,6.441877173385572,-9.684742549364472,-12.994267937530562,0,0,1.5,-0.11254345872044179,60.0,-16.188615914631356
83.29143530792956,6.9595695572440865,-9.690782285723003,-11.967900402868027,0,0,1.5,-0.6582037255666854,60.0,-15.771686767577359
82.87837265460419,6.764509069252574,-9.714769903221423,-12.251941982208269,0,0,1.5,-1.2079142353176802,60.0,-15.650003180829446
82.48718675571104,7.352547607054706,-9.745450533038962,-11.218857893088009,0,0,1.5,-1.760261637829525,-60.0,-15.296074326395011
82.10858358766862,7.142003534652296,-9.791127466366788,-11.496575602250248,0,0,1.5,-2.315807715370536,-60.0,-15.226819569337922
81.7207991540875,6.943306451026196,-9.843916356500102,-11.769723795211352,0,0,1.5,-2.876157257815104,-60.0,-15.171661764499751
81.35523944540196,7.584565641693945,-9.900995673780841,-10.726420376425406,0,0,1.5,-3.438958633912501,-60.0,-14.879535064668753
80.99323742711456,7.367748371237715,-9.971564190816167,-10.992942938075453,0,0,1.5,-4.0055116531034445,-60.0,-14.864902269886645
80.65366633843863,8.111036620419434,-10.044890684961558,-9.943694019996657,0,0,1.5,-4.574334889578388,-60.0,-14.609692594367184
80.31786157108994,7.8713315838928235,-10.130314552870004,-10.203846797083875,0,0,1.5,-5.146748510632408,-60.0,-14.628650095314198
80.00468191812948,8.74457979914439,-10.217179965374527,-9.149059618159983,0,0,1.5,-5.721235592980734,-60.0,-14.403065464970544
79.69546645268636,8.475410745298687,-10.314982899058805,-9.403139133627649,0,0,1.5,-6.299140708830697,-60.0,-14.450347524678778
79.40905729670033,9.517766103519865,-10.413072105077731,-8.343245298635068,0,0,1.5,-6.878908165672252,-60.0,-14.24862454957875
79.12679826739958,9.209800416916023,-10.521120147718648,-8.59158664525065,0,0,1.5,-7.461910359965816,-60.0,-14.320209108739979
78.86751279486668,10.477888784823541,-10.6284197559049,-7.527042366502356,0,0,1.5,-8.04655027177673,-60.0,-14.137687756520773
78.61255034763826,10.11742298357215,-10.744844214927383,-7.770017174855983,0,0,1.5,-8.6342309893499,-60.0,-14.230426638241346
78.380713829652,11.69633986740567,-10.859577926603606,-6.701302691115916,0,0,1.5,-9.223312255634152,-60.0,-14.063334139699345
78.15335913850006,11.26239928495414,-10.9827180901855,-6.939317028380272,0,0,1.5,-9.815230223872714,-60.0,-14.174749992297375
77.94926699540207,13.286198417796454,-11.10329628651104,-5.86693533727386,0,0,1.5,-10.408300086608142,-60.0,-14.019937237450831
77.74980039345505,12.744975827708293,-11.2316579435319,-6.100427450354407,0,0,1.5,-11.003992984877375,-60.0,-14.148067799297399
77.57371638994542,15.43785519608197,-11.356641499662373,-5.0249024495082155,0,0,1.5,-11.600578800984422,-60.0,-14.002761009778252
77.40238564122049,14.73113301106158,-11.488869168539054,-5.254340286188387,0,0,1.5,-12.199565170187036,-60.0,-14.145932621035227
77.25454023644625,18.498700631799025,-11.616949331685248,-4.176214414954459,0,0,1.5,-12.7991764207011,-60.750458104249525,-14.007761305189216
77.11196692242163,17.6150068141017,-11.751767159284555,-4.377629128175506,0,0,1.5,-13.400919625140045,-60.89250802294277,-14.159300210414369
76.99267816552671,23.176873679447922,-11.881907106066365,-3.321961332248185,0,0,1.5,-14.00303624560237,-62.89569771150057,-14.031722751515739
76.87979579548565,22.28076486153357,-12.018092948338847,-3.450500746866823,0,0,1.5,-14.606946179591976,-62.871706344787604,-14.179824704004904
76.78941247831577,31.1733120395135,-12.149508924310851,-2.463306188992107,0,0,1.5,-15.211022979030808,-64.49229849032693,-14.071937827013956
76.70605872890954,30.22889766218184,-12.286012835641657,-2.537507638754337,0,0,1.5,-15.816591484595413,-64.29205194053887,-14.218611192887206
76.64459034413372,47.86237200366054,-12.417570238444227,-1.6013537803406797,0,0,1.5,-16.422102593827532,-65.57559176557106,-14.125073238205523
76.5905858066559,46.742345570262444,-12.55344612865872,-1.6385695855062727,0,0,1.5,-17.028814258648893,-65.18529007517863,-14.272534550607102
76.55803398175456,100.0,-12.684106327849179,-0.7372300064629652,0,0,1.5,-17.635225609526245,-66.16847492254823,-14.188146030584562
76.53317476567537,100.0,-12.818503402361614,-0.7540289974708457,0,0,1.5,-18.242560885058158,-65.57025345213971,-14.338655032061077
76.52952120101989,100.0,-12.94732116588466,0.12792631447199163,0,0,1.5,-18.84933381631656,-66.29021837917571,-14.257828144801458
76.53357658803048,100.0,-13.079498217070636,0.11564379217795216,0,0,1.5,-19.45677180566256,-65.46272142555402,-14.414004316412518
76.55877476732573,77.1006841876129,-13.205626119848432,0.9929714058182867,0,0,1.5,-20.06336651898743,-65.94397931212735,-14.33126070784209
