episode,total_episodes,scenario,reward,hits,deaths,steps,std,log_std_0,log_std_1,entropy,ratio,total_loss,policy_loss,value_loss,skipped,ppo_update_count,pool_episodes,adv_std_spread,learning_rate,policy_frozen,det_train_avg,det_all_avg,det_total_hits,det_total_deaths,best_reward_so_far
1,1000,stock,373.245045,56,3,317,0.367879,-1.000000,-1.000000,0.000000,1.000000,0.000000,0.000000,0.000000,0,0,0,0.000000,0.0000500000,0,,,,,-inf
2,1000,donut_ring,230.120309,37,0,1801,0.367879,-1.000000,-1.000000,0.000000,1.000000,0.000000,0.000000,0.000000,0,0,0,0.000000,0.0000500000,0,,,,,-inf
3,1000,donut_ring,354.899865,54,0,1801,0.367879,-1.000000,-1.000000,0.000000,1.000000,0.000000,0.000000,0.000000,0,0,0,0.000000,0.0000500000,0,,,,,-inf
4,1000,stock,237.131855,36,3,190,0.367879,-1.000000,-1.000000,0.000000,1.000000,0.000000,0.000000,0.000000,0,0,0,0.000000,0.0000500000,0,,,,,-inf
5,1000,stock,311.545731,47,3,263,0.367879,-1.000000,-1.000000,0.000000,1.000000,0.000000,0.000000,0.000000,0,0,0,0.000000,0.0000500000,0,,,,,-inf
6,1000,donut_ring,265.785624,42,0,1801,0.367879,-1.000000,-1.000000,0.000000,1.000000,0.000000,0.000000,0.000000,0,0,0,0.000000,0.0000500000,0,,,,,-inf
7,1000,donut_ring,595.014193,89,1,1801,0.367879,-1.000000,-1.000000,0.000000,1.000000,0.000000,0.000000,0.000000,0,0,0,0.000000,0.0000500000,0,,,,,-inf
8,1000,stock,290.831669,44,3,269,0.367879,-1.000000,-1.000000,0.000000,1.000000,0.000000,0.000000,0.000000,0,0,0,0.000000,0.0000500000,0,,,,,-inf
9,1000,vertical_wall_left,282.082813,43,3,460,0.367879,-1.000000,-1.000000,0.000000,1.000000,0.000000,0.000000,0.000000,0,0,0,0.000000,0.0000500000,0,,,,,-inf
10,1000,donut_ring,408.077616,61,0,1801,0.367879,-1.000000,-1.000000,0.000000,1.000000,0.000000,0.000000,0.000000,0,0,0,0.000000,0.0000500000,0,,,,,-inf
11,1000,vertical_wall_left,96.446301,16,3,166,0.367879,-1.000000,-1.000000,0.000000,1.000000,0.000000,0.000000,0.000000,0,0,0,0.000000,0.0000500000,0,,,,,-inf
12,1000,donut_ring,433.850057,66,0,1801,0.367879,-1.000000,-1.000000,0.000000,1.000000,0.000000,0.000000,0.000000,0,0,0,0.000000,0.0000500000,0,,,,,-inf
13,1000,donut_ring,485.879003,74,1,1801,0.367879,-1.000000,-1.000000,0.000000,1.000000,0.000000,0.000000,0.000000,0,0,0,0.000000,0.0000500000,0,,,,,-inf
14,1000,vertical_wall_left,421.827143,63,3,513,0.367879,-1.000000,-1.000000,0.000000,1.000000,0.000000,0.000000,0.000000,0,0,0,0.000000,0.0000500000,0,,,,,-inf
15,1000,stock,219.553244,34,3,278,0.367879,-1.000000,-1.000000,0.000000,1.000000,0.000000,0.000000,0.000000,0,0,0,0.000000,0.0000500000,0,,,,,-inf
16,1000,stock,268.544613,41,3,287,0.367879,-1.000000,-1.000000,0.000000,1.000000,0.000000,0.000000,0.000000,0,0,0,0.000000,0.0000500000,0,,,,,-inf
17,1000,vertical_wall_left,199.942804,31,3,386,0.367879,-1.000000,-1.000000,0.000000,1.000000,0.000000,0.000000,0.000000,0,0,0,0.000000,0.0000500000,0,,,,,-inf
18,1000,donut_ring,353.622127,54,0,1801,0.367879,-1.000000,-1.000000,0.000000,1.000000,0.000000,0.000000,0.000000,0,0,0,0.000000,0.0000500000,0,,,,,-inf
19,1000,stock,310.762323,47,3,307,0.367879,-1.000000,-1.000000,0.000000,1.000000,0.000000,0.000000,0.000000,0,0,0,0.000000,0.0000500000,0,,,,,-inf
20,1000,stock,344.451817,52,3,323,0.367879,-1.000000,-1.000000,0.000000,1.000000,0.000000,0.000000,0.000000,0,0,0,0.000000,0.0000250000,0,296.199928,223.009097,287,23,296.199928
21,1000,donut_ring,448.122949,68,0,1801,0.367879,-1.000000,-1.000000,0.000000,1.000000,0.000000,0.000000,0.000000,0,0,0,0.000000,0.0000250000,0,,,,,296.199928
22,1000,vertical_wall_left,132.479579,21,3,264,0.367879,-1.000000,-1.000000,0.000000,1.000000,0.000000,0.000000,0.000000,0,0,0,0.000000,0.0000250000,0,,,,,296.199928
23,1000,stock,325.944036,49,3,260,0.367879,-1.000000,-1.000000,0.000000,1.000000,0.000000,0.000000,0.000000,0,0,0,0.000000,0.0000250000,0,,,,,296.199928
24,1000,stock,230.022032,35,3,190,0.367879,-1.000000,-1.000000,0.000000,1.000000,0.000000,0.000000,0.000000,0,0,0,0.000000,0.0000250000,0,,,,,296.199928
25,1000,stock,311.415347,47,3,261,0.367879,-1.000000,-1.000000,0.000000,1.000000,0.000000,0.000000,0.000000,0,0,0,0.000000,0.0000250000,0,,,,,296.199928
26,1000,donut_ring,296.145886,46,0,1801,0.367879,-1.000000,-1.000000,0.000000,1.000000,0.000000,0.000000,0.000000,0,0,0,0.000000,0.0000250000,0,,,,,296.199928
27,1000,stock,318.432016,48,3,264,0.367879,-1.000000,-1.000000,0.000000,1.000000,0.000000,0.000000,0.000000,0,0,0,0.000000,0.0000250000,0,,,,,296.199928
28,1000,vertical_wall_left,167.263942,26,3,151,0.367879,-1.000000,-1.000000,0.000000,1.000000,0.000000,0.000000,0.000000,0,0,0,0.000000,0.0000250000,0,,,,,296.199928
29,1000,donut_ring,454.479147,68,0,1801,0.367879,-1.000000,-1.000000,0.000000,1.000000,0.000000,0.000000,0.000000,0,0,0,0.000000,0.0000250000,0,,,,,296.199928
30,1000,stock,262.530789,40,3,263,0.367879,-1.000000,-1.000000,0.000000,1.000000,0.000000,0.000000,0.000000,0,0,0,0.000000,0.0000250000,0,,,,,296.199928
31,1000,stock,233.376817,36,3,284,0.367879,-1.000000,-1.000000,0.000000,1.000000,0.000000,0.000000,0.000000,0,0,0,0.000000,0.0000250000,0,,,,,296.199928
32,1000,vertical_wall_left,291.248712,44,3,446,0.367879,-1.000000,-1.000000,0.000000,1.000000,0.000000,0.000000,0.000000,0,0,0,0.000000,0.0000250000,0,,,,,296.199928
33,1000,vertical_wall_left,258.858564,39,3,260,0.367879,-1.000000,-1.000000,0.000000,1.000000,0.000000,0.000000,0.000000,0,0,0,0.000000,0.0000250000,0,,,,,296.199928
34,1000,stock,664.657343,99,3,695,0.367879,-1.000000,-1.000000,0.000000,1.000000,0.000000,0.000000,0.000000,0,0,0,0.000000,0.0000250000,0,,,,,296.199928
35,1000,vertical_wall_left,214.273511,33,3,272,0.367879,-1.000000,-1.000000,0.000000,1.000000,0.000000,0.000000,0.000000,0,0,0,0.000000,0.0000250000,0,,,,,296.199928
36,1000,donut_ring,401.272166,61,0,1801,0.367879,-1.000000,-1.000000,0.000000,1.000000,0.000000,0.000000,0.000000,0,0,0,0.000000,0.0000250000,0,,,,,296.199928
37,1000,stock,282.628967,43,3,296,0.367879,-1.000000,-1.000000,0.000000,1.000000,0.000000,0.000000,0.000000,0,0,0,0.000000,0.0000250000,0,,,,,296.199928
38,1000,vertical_wall_left,166.515111,26,3,265,0.367879,-1.000000,-1.000000,0.000000,1.000000,0.000000,0.000000,0.000000,0,0,0,0.000000,0.0000250000,0,,,,,296.199928
39,1000,vertical_wall_left,110.495426,18,3,275,0.367879,-1.000000,-1.000000,0.000000,1.000000,0.000000,0.000000,0.000000,0,0,0,0.000000,0.0000250000,0,,,,,296.199928
40,1000,donut_ring,426.549947,65,0,1801,0.367879,-1.000000,-1.000000,0.000000,1.000000,0.000000,0.000000,0.000000,0,0,0,0.000000,0.0000250000,0,296.199928,223.009097,287,23,296.199928
41,1000,donut_ring,521.596754,78,0,1801,0.367879,-1.000000,-1.000000,0.000000,1.000000,0.000000,0.000000,0.000000,0,0,0,0.000000,0.0000250000,0,,,,,296.199928
42,1000,stock,366.638296,55,3,320,0.367879,-1.000000,-1.000000,0.000000,1.000000,0.000000,0.000000,0.000000,0,0,0,0.000000,0.0000250000,0,,,,,296.199928
43,1000,stock,202.310815,31,3,183,0.367879,-1.000000,-1.000000,0.000000,1.000000,0.000000,0.000000,0.000000,0,0,0,0.000000,0.0000250000,0,,,,,296.199928
44,1000,stock,393.552899,59,3,320,0.367879,-1.000000,-1.000000,0.000000,1.000000,0.000000,0.000000,0.000000,0,0,0,0.000000,0.0000250000,0,,,,,296.199928
45,1000,stock,267.692516,41,3,325,0.367879,-1.000000,-1.000000,0.000000,1.000000,0.000000,0.000000,0.000000,0,0,0,0.000000,0.0000250000,0,,,,,296.199928
46,1000,stock,481.936214,72,3,403,0.367879,-1.000000,-1.000000,0.000000,1.000000,0.000000,0.000000,0.000000,0,0,0,0.000000,0.0000250000,0,,,,,296.199928
47,1000,stock,231.633933,36,3,328,0.367879,-1.000000,-1.000000,0.000000,1.000000,0.000000,0.000000,0.000000,0,0,0,0.000000,0.0000250000,0,,,,,296.199928
48,1000,stock,380.353926,57,3,309,0.367879,-1.000000,-1.000000,0.000000,1.000000,0.000000,0.000000,0.000000,0,0,0,0.000000,0.0000250000,0,,,,,296.199928
49,1000,vertical_wall_left,115.211108,19,3,312,0.367879,-1.000000,-1.000000,0.000000,1.000000,0.000000,0.000000,0.000000,0,0,0,0.000000,0.0000250000,0,,,,,296.199928
50,1000,stock,325.459170,49,3,278,0.367879,-1.000000,-1.000000,0.000000,1.000000,0.000000,0.000000,0.000000,0,0,0,0.000000,0.0000250000,0,,,,,296.199928
51,1000,donut_ring,500.653542,76,0,1801,0.367879,-1.000000,-1.000000,0.000000,1.000000,0.000000,0.000000,0.000000,0,0,0,0.000000,0.0000250000,0,,,,,296.199928
52,1000,vertical_wall_left,124.573776,20,3,175,0.367879,-1.000000,-1.000000,0.000000,1.000000,0.000000,0.000000,0.000000,0,0,0,0.000000,0.0000250000,0,,,,,296.199928
53,1000,vertical_wall_left,186.258572,29,3,273,0.367879,-1.000000,-1.000000,0.000000,1.000000,0.000000,0.000000,0.000000,0,0,0,0.000000,0.0000250000,0,,,,,296.199928
54,1000,stock,223.053391,34,3,196,0.367879,-1.000000,-1.000000,0.000000,1.000000,0.000000,0.000000,0.000000,0,0,0,0.000000,0.0000250000,0,,,,,296.199928
55,1000,donut_ring,487.275838,73,0,1801,0.367879,-1.000000,-1.000000,0.000000,1.000000,0.000000,0.000000,0.000000,0,0,0,0.000000,0.0000250000,0,,,,,296.199928
56,1000,vertical_wall_left,171.306284,27,3,287,0.367879,-1.000000,-1.000000,0.000000,1.000000,0.000000,0.000000,0.000000,0,0,0,0.000000,0.0000250000,0,,,,,296.199928
57,1000,vertical_wall_left,179.593319,28,3,284,0.367879,-1.000000,-1.000000,0.000000,1.000000,0.000000,0.000000,0.000000,0,0,0,0.000000,0.0000250000,0,,,,,296.199928
58,1000,donut_ring,478.099691,72,0,1801,0.367879,-1.000000,-1.000000,0.000000,1.000000,0.000000,0.000000,0.000000,0,0,0,0.000000,0.0000250000,0,,,,,296.199928
59,1000,vertical_wall_left,96.689798,16,3,167,0.367879,-1.000000,-1.000000,0.000000,1.000000,0.000000,0.000000,0.000000,0,0,0,0.000000,0.0000250000,0,,,,,296.199928
60,1000,stock,262.449943,40,3,270,0.367879,-1.000000,-1.000000,0.000000,1.000000,0.000000,0.000000,0.000000,0,0,0,0.000000,0.0000250000,0,296.199928,223.009097,287,23,296.199928
61,1000,vertical_wall_left,132.760231,21,3,139,0.367879,-1.000000,-1.000000,0.000000,1.000000,0.000000,0.000000,0.000000,0,0,0,0.000000,0.0000250000,0,,,,,296.199928
62,1000,vertical_wall_left,224.106171,35,3,524,0.367879,-1.000000,-1.000000,0.000000,1.000000,0.000000,0.000000,0.000000,0,0,0,0.000000,0.0000250000,0,,,,,296.199928
63,1000,donut_ring,462.250591,71,1,1801,0.367879,-1.000000,-1.000000,0.000000,1.000000,0.000000,0.000000,0.000000,0,0,0,0.000000,0.0000250000,0,,,,,296.199928
64,1000,stock,345.087056,52,3,287,0.367879,-1.000000,-1.000000,0.000000,1.000000,0.000000,0.000000,0.000000,0,0,0,0.000000,0.0000250000,0,,,,,296.199928
65,1000,donut_ring,388.638575,59,0,1801,0.367879,-1.000000,-1.000000,0.000000,1.000000,0.000000,0.000000,0.000000,0,0,0,0.000000,0.0000250000,0,,,,,296.199928
66,1000,stock,257.686101,39,3,202,0.367879,-1.000000,-1.000000,0.000000,1.000000,0.000000,0.000000,0.000000,0,0,0,0.000000,0.0000250000,0,,,,,296.199928
67,1000,stock,243.542242,37,3,200,0.367879,-1.000000,-1.000000,0.000000,1.000000,0.000000,0.000000,0.000000,0,0,0,0.000000,0.0000250000,0,,,,,296.199928
68,1000,vertical_wall_left,208.395020,32,3,263,0.367879,-1.000000,-1.000000,0.000000,1.000000,0.000000,0.000000,0.000000,0,0,0,0.000000,0.0000250000,0,,,,,296.199928
69,1000,donut_ring,356.069249,55,0,1801,0.367879,-1.000000,-1.000000,0.000000,1.000000,0.000000,0.000000,0.000000,0,0,0,0.000000,0.0000250000,0,,,,,296.199928
70,1000,stock,226.971350,35,3,292,0.367879,-1.000000,-1.000000,0.000000,1.000000,0.000000,0.000000,0.000000,0,0,0,0.000000,0.0000250000,0,,,,,296.199928
71,1000,donut_ring,487.520255,73,0,1801,0.367879,-1.000000,-1.000000,0.000000,1.000000,0.000000,0.000000,0.000000,0,0,0,0.000000,0.0000250000,0,,,,,296.199928
72,1000,donut_ring,543.814117,81,0,1801,0.367879,-1.000000,-1.000000,0.000000,1.000000,0.000000,0.000000,0.000000,0,0,0,0.000000,0.0000250000,0,,,,,296.199928
73,1000,donut_ring,553.997519,82,0,1801,0.367879,-1.000000,-1.000000,0.000000,1.000000,0.000000,0.000000,0.000000,0,0,0,0.000000,0.0000250000,0,,,,,296.199928
74,1000,donut_ring,534.486990,80,1,1801,0.367879,-1.000000,-1.000000,0.000000,1.000000,0.000000,0.000000,0.000000,0,0,0,0.000000,0.0000250000,0,,,,,296.199928
75,1000,donut_ring,440.748312,68,1,1801,0.367879,-1.000000,-1.000000,0.000000,1.000000,0.000000,0.000000,0.000000,0,0,0,0.000000,0.0000250000,0,,,,,296.199928
76,1000,stock,223.118282,34,3,191,0.367879,-1.000000,-1.000000,0.000000,1.000000,0.000000,0.000000,0.000000,0,0,0,0.000000,0.0000250000,0,,,,,296.199928
77,1000,vertical_wall_left,110.439887,18,3,167,0.367879,-1.000000,-1.000000,0.000000,1.000000,0.000000,0.000000,0.000000,0,0,0,0.000000,0.0000250000,0,,,,,296.199928
78,1000,stock,304.220339,46,3,276,0.367879,-1.000000,-1.000000,0.000000,1.000000,0.000000,0.000000,0.000000,0,0,0,0.000000,0.0000250000,0,,,,,296.199928
79,1000,donut_ring,478.714117,72,0,1801,0.367879,-1.000000,-1.000000,0.000000,1.000000,0.000000,0.000000,0.000000,0,0,0,0.000000,0.0000250000,0,,,,,296.199928
80,1000,vertical_wall_left,103.842593,17,3,253,0.367879,-1.000000,-1.000000,0.000000,1.000000,0.000000,0.000000,0.000000,0,0,0,0.000000,0.0000250000,0,296.199928,223.009097,287,23,296.199928
81,1000,vertical_wall_left,193.963619,30,3,210,0.367879,-1.000000,-1.000000,0.000000,1.000000,0.000000,0.000000,0.000000,0,0,0,0.000000,0.0000250000,0,,,,,296.199928
82,1000,vertical_wall_left,186.811618,29,3,284,0.367879,-1.000000,-1.000000,0.000000,1.000000,0.000000,0.000000,0.000000,0,0,0,0.000000,0.0000250000,0,,,,,296.199928
83,1000,stock,408.870666,61,3,311,0.367879,-1.000000,-1.000000,0.000000,1.000000,0.000000,0.000000,0.000000,0,0,0,0.000000,0.0000250000,0,,,,,296.199928
84,1000,stock,392.477432,59,3,394,0.367879,-1.000000,-1.000000,0.000000,1.000000,0.000000,0.000000,0.000000,0,0,0,0.000000,0.0000250000,0,,,,,296.199928
85,1000,stock,289.162948,44,3,304,0.367879,-1.000000,-1.000000,0.000000,1.000000,0.000000,0.000000,0.000000,0,0,0,0.000000,0.0000250000,0,,,,,296.199928
86,1000,donut_ring,413.733664,62,0,1801,0.367879,-1.000000,-1.000000,0.000000,1.000000,0.000000,0.000000,0.000000,0,0,0,0.000000,0.0000250000,0,,,,,296.199928
87,1000,stock,229.792261,35,3,195,0.367879,-1.000000,-1.000000,0.000000,1.000000,0.000000,0.000000,0.000000,0,0,0,0.000000,0.0000250000,0,,,,,296.199928
88,1000,donut_ring,605.331044,90,0,1801,0.367879,-1.000000,-1.000000,0.000000,1.000000,0.000000,0.000000,0.000000,0,0,0,0.000000,0.0000250000,0,,,,,296.199928
89,1000,stock,199.521302,31,3,270,0.367879,-1.000000,-1.000000,0.000000,1.000000,0.000000,0.000000,0.000000,0,0,0,0.000000,0.0000250000,0,,,,,296.199928
90,1000,donut_ring,497.580657,74,0,1801,0.367879,-1.000000,-1.000000,0.000000,1.000000,0.000000,0.000000,0.000000,0,0,0,0.000000,0.0000250000,0,,,,,296.199928
91,1000,donut_ring,522.355462,77,0,1801,0.367879,-1.000000,-1.000000,0.000000,1.000000,0.000000,0.000000,0.000000,0,0,0,0.000000,0.0000250000,0,,,,,296.199928
92,1000,vertical_wall_left,296.131274,45,3,471,0.367879,-1.000000,-1.000000,0.000000,1.000000,0.000000,0.000000,0.000000,0,0,0,0.000000,0.0000250000,0,,,,,296.199928
93,1000,donut_ring,442.840731,67,0,1801,0.367879,-1.000000,-1.000000,0.000000,1.000000,0.000000,0.000000,0.000000,0,0,0,0.000000,0.0000250000,0,,,,,296.199928
94,1000,vertical_wall_left,82.871751,14,3,166,0.367879,-1.000000,-1.000000,0.000000,1.000000,0.000000,0.000000,0.000000,0,0,0,0.000000,0.0000250000,0,,,,,296.199928
95,1000,vertical_wall_left,463.640643,69,3,487,0.367879,-1.000000,-1.000000,0.000000,1.000000,0.000000,0.000000,0.000000,0,0,0,0.000000,0.0000250000,0,,,,,296.199928
96,1000,stock,332.212752,50,3,283,0.367879,-1.000000,-1.000000,0.000000,1.000000,0.000000,0.000000,0.000000,0,0,0,0.000000,0.0000250000,0,,,,,296.199928
97,1000,vertical_wall_left,262.946490,40,3,387,0.367879,-1.000000,-1.000000,0.000000,1.000000,0.000000,0.000000,0.000000,0,0,0,0.000000,0.0000250000,0,,,,,296.199928
98,1000,stock,269.997105,41,3,257,0.367879,-1.000000,-1.000000,0.000000,1.000000,0.000000,0.000000,0.000000,0,0,0,0.000000,0.0000250000,0,,,,,296.199928
99,1000,donut_ring,548.224071,81,0,1801,0.367879,-1.000000,-1.000000,0.000000,1.000000,0.000000,0.000000,0.000000,0,0,0,0.000000,0.0000250000,0,,,,,296.199928
100,1000,vertical_wall_left,96.814750,16,3,167,0.367879,-1.000000,-1.000000,0.000000,1.000000,0.000000,0.000000,0.000000,0,0,0,0.000000,0.0000250000,0,296.199928,223.009097,287,23,296.199928
101,1000,donut_ring,287.534873,45,0,1801,0.367879,-1.000000,-1.000000,0.000000,1.000000,0.000000,0.000000,0.000000,0,0,0,0.000000,0.0000250000,0,,,,,296.199928
102,1000,donut_ring,577.026326,85,1,1801,0.367879,-1.000000,-1.000000,0.000000,1.000000,0.000000,0.000000,0.000000,0,0,0,0.000000,0.0000250000,0,,,,,296.199928
103,1000,donut_ring,478.307896,73,1,1801,0.367879,-1.000000,-1.000000,0.000000,1.000000,0.000000,0.000000,0.000000,0,0,0,0.000000,0.0000250000,0,,,,,296.199928
104,1000,stock,220.853561,34,3,263,0.367879,-1.000000,-1.000000,0.000000,1.000000,0.000000,0.000000,0.000000,0,0,0,0.000000,0.0000250000,0,,,,,296.199928
105,1000,stock,241.258410,37,3,278,0.367879,-1.000000,-1.000000,0.000000,1.000000,0.000000,0.000000,0.000000,0,0,0,0.000000,0.0000250000,0,,,,,296.199928
106,1000,donut_ring,520.918184,78,0,1801,0.367879,-1.000000,-1.000000,0.000000,1.000000,0.000000,0.000000,0.000000,0,0,0,0.000000,0.0000250000,0,,,,,296.199928
107,1000,stock,338.648099,51,3,278,0.367879,-1.000000,-1.000000,0.000000,1.000000,0.000000,0.000000,0.000000,0,0,0,0.000000,0.0000250000,0,,,,,296.199928
108,1000,stock,331.350408,50,3,283,0.367879,-1.000000,-1.000000,0.000000,1.000000,0.000000,0.000000,0.000000,0,0,0,0.000000,0.0000250000,0,,,,,296.199928
109,1000,vertical_wall_left,96.490594,16,3,169,0.367879,-1.000000,-1.000000,0.000000,1.000000,0.000000,0.000000,0.000000,0,0,0,0.000000,0.0000250000,0,,,,,296.199928
110,1000,vertical_wall_left,238.067903,37,3,720,0.367879,-1.000000,-1.000000,0.000000,1.000000,0.000000,0.000000,0.000000,0,0,0,0.000000,0.0000250000,0,,,,,296.199928
111,1000,stock,303.563394,46,3,283,0.367879,-1.000000,-1.000000,0.000000,1.000000,0.000000,0.000000,0.000000,0,0,0,0.000000,0.0000250000,0,,,,,296.199928
112,1000,donut_ring,456.518552,69,0,1801,0.367879,-1.000000,-1.000000,0.000000,1.000000,0.000000,0.000000,0.000000,0,0,0,0.000000,0.0000250000,0,,,,,296.199928
113,1000,donut_ring,516.375844,77,0,1801,0.367879,-1.000000,-1.000000,0.000000,1.000000,0.000000,0.000000,0.000000,0,0,0,0.000000,0.0000250000,0,,,,,296.199928
114,1000,stock,276.136180,42,3,277,0.367879,-1.000000,-1.000000,0.000000,1.000000,0.000000,0.000000,0.000000,0,0,0,0.000000,0.0000250000,0,,,,,296.199928
115,1000,donut_ring,332.206185,52,0,1801,0.367879,-1.000000,-1.000000,0.000000,1.000000,0.000000,0.000000,0.000000,0,0,0,0.000000,0.0000250000,0,,,,,296.199928
116,1000,stock,268.507493,41,3,318,0.367879,-1.000000,-1.000000,0.000000,1.000000,0.000000,0.000000,0.000000,0,0,0,0.000000,0.0000250000,0,,,,,296.199928
117,1000,donut_ring,470.655968,71,0,1801,0.367879,-1.000000,-1.000000,0.000000,1.000000,0.000000,0.000000,0.000000,0,0,0,0.000000,0.0000250000,0,,,,,296.199928
118,1000,donut_ring,515.080521,78,1,1801,0.367879,-1.000000,-1.000000,0.000000,1.000000,0.000000,0.000000,0.000000,0,0,0,0.000000,0.0000250000,0,,,,,296.199928
119,1000,donut_ring,324.629831,51,0,1801,0.367879,-1.000000,-1.000000,0.000000,1.000000,0.000000,0.000000,0.000000,0,0,0,0.000000,0.0000250000,0,,,,,296.199928
120,1000,vertical_wall_left,250.632864,38,3,301,0.367879,-1.000000,-1.000000,0.000000,1.000000,0.000000,0.000000,0.000000,0,0,0,0.000000,0.0000250000,0,296.199928,223.009097,287,23,296.199928
121,1000,stock,213.679249,33,3,256,0.367879,-1.000000,-1.000000,0.000000,1.000000,0.000000,0.000000,0.000000,0,0,0,0.000000,0.0000250000,0,,,,,296.199928
122,1000,vertical_wall_left,262.818988,40,3,349,0.367879,-1.000000,-1.000000,0.000000,1.000000,0.000000,0.000000,0.000000,0,0,0,0.000000,0.0000250000,0,,,,,296.199928
123,1000,vertical_wall_left,97.032090,16,3,245,0.367879,-1.000000,-1.000000,0.000000,1.000000,0.000000,0.000000,0.000000,0,0,0,0.000000,0.0000250000,0,,,,,296.199928
124,1000,stock,338.297589,51,3,308,0.367879,-1.000000,-1.000000,0.000000,1.000000,0.000000,0.000000,0.000000,0,0,0,0.000000,0.0000250000,0,,,,,296.199928
125,1000,stock,255.686713,39,3,262,0.367879,-1.000000,-1.000000,0.000000,1.000000,0.000000,0.000000,0.000000,0,0,0,0.000000,0.0000250000,0,,,,,296.199928
126,1000,vertical_wall_left,76.383727,13,3,240,0.367879,-1.000000,-1.000000,0.000000,1.000000,0.000000,0.000000,0.000000,0,0,0,0.000000,0.0000250000,0,,,,,296.199928
127,1000,vertical_wall_left,317.921697,48,3,484,0.367879,-1.000000,-1.000000,0.000000,1.000000,0.000000,0.000000,0.000000,0,0,0,0.000000,0.0000250000,0,,,,,296.199928
128,1000,vertical_wall_left,151.080764,24,3,277,0.367879,-1.000000,-1.000000,0.000000,1.000000,0.000000,0.000000,0.000000,0,0,0,0.000000,0.0000250000,0,,,,,296.199928
129,1000,vertical_wall_left,242.957006,37,3,447,0.367879,-1.000000,-1.000000,0.000000,1.000000,0.000000,0.000000,0.000000,0,0,0,0.000000,0.0000250000,0,,,,,296.199928
130,1000,donut_ring,585.560008,87,0,1801,0.367879,-1.000000,-1.000000,0.000000,1.000000,0.000000,0.000000,0.000000,0,0,0,0.000000,0.0000250000,0,,,,,296.199928
131,1000,vertical_wall_left,82.726165,14,3,167,0.367879,-1.000000,-1.000000,0.000000,1.000000,0.000000,0.000000,0.000000,0,0,0,0.000000,0.0000250000,0,,,,,296.199928
132,1000,vertical_wall_left,207.371172,32,3,287,0.367879,-1.000000,-1.000000,0.000000,1.000000,0.000000,0.000000,0.000000,0,0,0,0.000000,0.0000250000,0,,,,,296.199928
133,1000,donut_ring,589.219833,89,2,1801,0.367879,-1.000000,-1.000000,0.000000,1.000000,0.000000,0.000000,0.000000,0,0,0,0.000000,0.0000250000,0,,,,,296.199928
134,1000,stock,201.104989,31,3,215,0.367879,-1.000000,-1.000000,0.000000,1.000000,0.000000,0.000000,0.000000,0,0,0,0.000000,0.0000250000,0,,,,,296.199928
135,1000,donut_ring,493.382749,74,0,1801,0.367879,-1.000000,-1.000000,0.000000,1.000000,0.000000,0.000000,0.000000,0,0,0,0.000000,0.0000250000,0,,,,,296.199928
136,1000,donut_ring,545.105185,81,0,1801,0.367879,-1.000000,-1.000000,0.000000,1.000000,0.000000,0.000000,0.000000,0,0,0,0.000000,0.0000250000,0,,,,,296.199928
137,1000,vertical_wall_left,82.621185,14,3,166,0.367879,-1.000000,-1.000000,0.000000,1.000000,0.000000,0.000000,0.000000,0,0,0,0.000000,0.0000250000,0,,,,,296.199928
138,1000,donut_ring,428.646792,65,0,1801,0.367879,-1.000000,-1.000000,0.000000,1.000000,0.000000,0.000000,0.000000,0,0,0,0.000000,0.0000250000,0,,,,,296.199928
139,1000,stock,234.423002,36,3,268,0.367879,-1.000000,-1.000000,0.000000,1.000000,0.000000,0.000000,0.000000,0,0,0,0.000000,0.0000250000,0,,,,,296.199928
140,1000,vertical_wall_left,582.589689,86,3,534,0.367879,-1.000000,-1.000000,0.000000,1.000000,0.000000,0.000000,0.000000,0,0,0,0.000000,0.0000250000,0,296.199928,223.009097,287,23,296.199928
141,1000,donut_ring,454.451424,69,0,1801,0.367879,-1.000000,-1.000000,0.000000,1.000000,0.000000,0.000000,0.000000,0,0,0,0.000000,0.0000250000,0,,,,,296.199928
142,1000,stock,346.249058,52,3,286,0.367879,-1.000000,-1.000000,0.000000,1.000000,0.000000,0.000000,0.000000,0,0,0,0.000000,0.0000250000,0,,,,,296.199928
143,1000,stock,360.203176,54,3,276,0.367879,-1.000000,-1.000000,0.000000,1.000000,0.000000,0.000000,0.000000,0,0,0,0.000000,0.0000250000,0,,,,,296.199928
144,1000,stock,249.519021,38,3,228,0.367879,-1.000000,-1.000000,0.000000,1.000000,0.000000,0.000000,0.000000,0,0,0,0.000000,0.0000250000,0,,,,,296.199928
145,1000,stock,276.154882,42,3,293,0.367879,-1.000000,-1.000000,0.000000,1.000000,0.000000,0.000000,0.000000,0,0,0,0.000000,0.0000250000,0,,,,,296.199928
146,1000,donut_ring,518.116730,77,0,1801,0.367879,-1.000000,-1.000000,0.000000,1.000000,0.000000,0.000000,0.000000,0,0,0,0.000000,0.0000250000,0,,,,,296.199928
147,1000,donut_ring,474.940093,72,0,1801,0.367879,-1.000000,-1.000000,0.000000,1.000000,0.000000,0.000000,0.000000,0,0,0,0.000000,0.0000250000,0,,,,,296.199928
148,1000,donut_ring,535.641684,80,0,1801,0.367879,-1.000000,-1.000000,0.000000,1.000000,0.000000,0.000000,0.000000,0,0,0,0.000000,0.0000250000,0,,,,,296.199928
149,1000,stock,213.108175,33,3,271,0.367879,-1.000000,-1.000000,0.000000,1.000000,0.000000,0.000000,0.000000,0,0,0,0.000000,0.0000250000,0,,,,,296.199928
150,1000,vertical_wall_left,193.208747,30,3,290,0.367879,-1.000000,-1.000000,0.000000,1.000000,0.000000,0.000000,0.000000,0,0,0,0.000000,0.0000250000,0,,,,,296.199928
151,1000,vertical_wall_left,68.580921,12,3,167,0.367879,-1.000000,-1.000000,0.000000,1.000000,0.000000,0.000000,0.000000,0,0,0,0.000000,0.0000250000,0,,,,,296.199928
152,1000,stock,346.020264,52,3,275,0.367879,-1.000000,-1.000000,0.000000,1.000000,0.000000,0.000000,0.000000,0,0,0,0.000000,0.0000250000,0,,,,,296.199928
153,1000,donut_ring,608.083513,91,1,1801,0.367879,-1.000000,-1.000000,0.000000,1.000000,0.000000,0.000000,0.000000,0,0,0,0.000000,0.0000250000,0,,,,,296.199928
154,1000,vertical_wall_left,173.153210,27,3,382,0.367879,-1.000000,-1.000000,0.000000,1.000000,0.000000,0.000000,0.000000,0,0,0,0.000000,0.0000250000,0,,,,,296.199928
155,1000,stock,201.722305,31,3,193,0.367879,-1.000000,-1.000000,0.000000,1.000000,0.000000,0.000000,0.000000,0,0,0,0.000000,0.0000250000,0,,,,,296.199928
156,1000,vertical_wall_left,179.853801,28,3,198,0.367879,-1.000000,-1.000000,0.000000,1.000000,0.000000,0.000000,0.000000,0,0,0,0.000000,0.0000250000,0,,,,,296.199928
157,1000,vertical_wall_left,199.690918,31,3,313,0.367879,-1.000000,-1.000000,0.000000,1.000000,0.000000,0.000000,0.000000,0,0,0,0.000000,0.0000250000,0,,,,,296.199928
158,1000,donut_ring,402.398345,60,0,1801,0.367879,-1.000000,-1.000000,0.000000,1.000000,0.000000,0.000000,0.000000,0,0,0,0.000000,0.0000250000,0,,,,,296.199928
159,1000,vertical_wall_left,153.348578,24,3,144,0.367879,-1.000000,-1.000000,0.000000,1.000000,0.000000,0.000000,0.000000,0,0,0,0.000000,0.0000250000,0,,,,,296.199928
160,1000,vertical_wall_left,146.542942,23,3,143,0.367879,-1.000000,-1.000000,0.000000,1.000000,0.000000,0.000000,0.000000,0,0,0,0.000000,0.0000250000,0,296.199928,223.009097,287,23,296.199928
161,1000,stock,263.169330,40,3,255,0.367879,-1.000000,-1.000000,0.000000,1.000000,0.000000,0.000000,0.000000,0,0,0,0.000000,0.0000250000,0,,,,,296.199928
162,1000,stock,257.709039,39,3,202,0.367879,-1.000000,-1.000000,0.000000,1.000000,0.000000,0.000000,0.000000,0,0,0,0.000000,0.0000250000,0,,,,,296.199928
163,1000,donut_ring,498.719625,76,0,1801,0.367879,-1.000000,-1.000000,0.000000,1.000000,0.000000,0.000000,0.000000,0,0,0,0.000000,0.0000250000,0,,,,,296.199928
164,1000,donut_ring,506.654088,76,0,1801,0.367879,-1.000000,-1.000000,0.000000,1.000000,0.000000,0.000000,0.000000,0,0,0,0.000000,0.0000250000,0,,,,,296.199928
165,1000,stock,495.482064,74,3,408,0.367879,-1.000000,-1.000000,0.000000,1.000000,0.000000,0.000000,0.000000,0,0,0,0.000000,0.0000250000,0,,,,,296.199928
166,1000,stock,208.694295,32,3,193,0.367879,-1.000000,-1.000000,0.000000,1.000000,0.000000,0.000000,0.000000,0,0,0,0.000000,0.0000250000,0,,,,,296.199928
167,1000,donut_ring,299.106197,47,0,1801,0.367879,-1.000000,-1.000000,0.000000,1.000000,0.000000,0.000000,0.000000,0,0,0,0.000000,0.0000250000,0,,,,,296.199928
168,1000,donut_ring,609.261302,90,0,1801,0.367879,-1.000000,-1.000000,0.000000,1.000000,0.000000,0.000000,0.000000,0,0,0,0.000000,0.0000250000,0,,,,,296.199928
169,1000,stock,380.469691,57,3,299,0.367879,-1.000000,-1.000000,0.000000,1.000000,0.000000,0.000000,0.000000,0,0,0,0.000000,0.0000250000,0,,,,,296.199928
170,1000,stock,236.190798,36,3,210,0.367879,-1.000000,-1.000000,0.000000,1.000000,0.000000,0.000000,0.000000,0,0,0,0.000000,0.0000250000,0,,,,,296.199928
171,1000,vertical_wall_left,96.536968,16,3,166,0.367879,-1.000000,-1.000000,0.000000,1.000000,0.000000,0.000000,0.000000,0,0,0,0.000000,0.0000250000,0,,,,,296.199928
172,1000,vertical_wall_left,338.877231,51,3,434,0.367879,-1.000000,-1.000000,0.000000,1.000000,0.000000,0.000000,0.000000,0,0,0,0.000000,0.0000250000,0,,,,,296.199928
173,1000,donut_ring,526.016036,80,0,1801,0.367879,-1.000000,-1.000000,0.000000,1.000000,0.000000,0.000000,0.000000,0,0,0,0.000000,0.0000250000,0,,,,,296.199928
174,1000,vertical_wall_left,393.096063,59,3,821,0.367879,-1.000000,-1.000000,0.000000,1.000000,0.000000,0.000000,0.000000,0,0,0,0.000000,0.0000250000,0,,,,,296.199928
175,1000,stock,264.017696,40,3,221,0.367879,-1.000000,-1.000000,0.000000,1.000000,0.000000,0.000000,0.000000,0,0,0,0.000000,0.0000250000,0,,,,,296.199928
176,1000,stock,294.707741,45,3,350,0.367879,-1.000000,-1.000000,0.000000,1.000000,0.000000,0.000000,0.000000,0,0,0,0.000000,0.0000250000,0,,,,,296.199928
177,1000,stock,223.216943,34,3,187,0.367879,-1.000000,-1.000000,0.000000,1.000000,0.000000,0.000000,0.000000,0,0,0,0.000000,0.0000250000,0,,,,,296.199928
178,1000,donut_ring,417.511659,63,0,1801,0.367879,-1.000000,-1.000000,0.000000,1.000000,0.000000,0.000000,0.000000,0,0,0,0.000000,0.0000250000,0,,,,,296.199928
179,1000,stock,401.513194,60,3,303,0.367879,-1.000000,-1.000000,0.000000,1.000000,0.000000,0.000000,0.000000,0,0,0,0.000000,0.0000250000,0,,,,,296.199928
180,1000,donut_ring,413.477636,62,0,1801,0.367879,-1.000000,-1.000000,0.000000,1.000000,0.000000,0.000000,0.000000,0,0,0,0.000000,0.0000250000,0,296.199928,223.009097,287,23,296.199928
181,1000,vertical_wall_left,227.877367,35,3,299,0.367879,-1.000000,-1.000000,0.000000,1.000000,0.000000,0.000000,0.000000,0,0,0,0.000000,0.0000250000,0,,,,,296.199928
182,1000,stock,264.964674,40,3,191,0.367879,-1.000000,-1.000000,0.000000,1.000000,0.000000,0.000000,0.000000,0,0,0,0.000000,0.0000250000,0,,,,,296.199928
183,1000,stock,271.220656,41,3,208,0.367879,-1.000000,-1.000000,0.000000,1.000000,0.000000,0.000000,0.000000,0,0,0,0.000000,0.0000250000,0,,,,,296.199928
184,1000,vertical_wall_left,89.664228,15,3,166,0.367879,-1.000000,-1.000000,0.000000,1.000000,0.000000,0.000000,0.000000,0,0,0,0.000000,0.0000250000,0,,,,,296.199928
185,1000,stock,257.801660,39,3,203,0.367879,-1.000000,-1.000000,0.000000,1.000000,0.000000,0.000000,0.000000,0,0,0,0.000000,0.0000250000,0,,,,,296.199928
186,1000,stock,283.631870,43,3,276,0.367879,-1.000000,-1.000000,0.000000,1.000000,0.000000,0.000000,0.000000,0,0,0,0.000000,0.0000250000,0,,,,,296.199928
187,1000,donut_ring,527.580758,79,1,1801,0.367879,-1.000000,-1.000000,0.000000,1.000000,0.000000,0.000000,0.000000,0,0,0,0.000000,0.0000250000,0,,,,,296.199928
188,1000,stock,230.050676,35,3,190,0.367879,-1.000000,-1.000000,0.000000,1.000000,0.000000,0.000000,0.000000,0,0,0,0.000000,0.0000250000,0,,,,,296.199928
189,1000,stock,488.349312,73,3,508,0.367879,-1.000000,-1.000000,0.000000,1.000000,0.000000,0.000000,0.000000,0,0,0,0.000000,0.0000250000,0,,,,,296.199928
190,1000,donut_ring,485.322266,75,1,1801,0.367879,-1.000000,-1.000000,0.000000,1.000000,0.000000,0.000000,0.000000,0,0,0,0.000000,0.0000250000,0,,,,,296.199928
191,1000,stock,276.564666,42,3,281,0.367879,-1.000000,-1.000000,0.000000,1.000000,0.000000,0.000000,0.000000,0,0,0,0.000000,0.0000250000,0,,,,,296.199928
192,1000,vertical_wall_left,117.786785,19,3,256,0.367879,-1.000000,-1.000000,0.000000,1.000000,0.000000,0.000000,0.000000,0,0,0,0.000000,0.0000250000,0,,,,,296.199928
193,1000,stock,282.434804,43,3,306,0.367879,-1.000000,-1.000000,0.000000,1.000000,0.000000,0.000000,0.000000,0,0,0,0.000000,0.0000250000,0,,,,,296.199928
194,1000,donut_ring,380.761007,58,1,1801,0.367879,-1.000000,-1.000000,0.000000,1.000000,0.000000,0.000000,0.000000,0,0,0,0.000000,0.0000250000,0,,,,,296.199928
195,1000,donut_ring,595.083630,88,0,1801,0.367879,-1.000000,-1.000000,0.000000,1.000000,0.000000,0.000000,0.000000,0,0,0,0.000000,0.0000250000,0,,,,,296.199928
196,1000,stock,221.182400,34,3,251,0.367879,-1.000000,-1.000000,0.000000,1.000000,0.000000,0.000000,0.000000,0,0,0,0.000000,0.0000250000,0,,,,,296.199928
197,1000,donut_ring,497.513442,75,0,1801,0.367879,-1.000000,-1.000000,0.000000,1.000000,0.000000,0.000000,0.000000,0,0,0,0.000000,0.0000250000,0,,,,,296.199928
198,1000,stock,345.873161,52,3,299,0.367879,-1.000000,-1.000000,0.000000,1.000000,0.000000,0.000000,0.000000,0,0,0,0.000000,0.0000250000,0,,,,,296.199928
199,1000,stock,318.911930,48,3,270,0.367879,-1.000000,-1.000000,0.000000,1.000000,0.000000,0.000000,0.000000,0,0,0,0.000000,0.0000250000,0,,,,,296.199928
200,1000,stock,284.690012,43,3,230,0.367879,-1.000000,-1.000000,0.000000,1.000000,0.000000,0.000000,0.000000,0,0,0,0.000000,0.0000250000,0,296.199928,223.009097,287,23,296.199928
201,1000,stock,220.516007,34,3,260,0.367879,-1.000000,-1.000000,0.000000,1.000000,0.000000,0.000000,0.000000,0,0,0,0.000000,0.0000250000,0,,,,,296.199928
202,1000,donut_ring,505.318744,75,0,1801,0.367879,-1.000000,-1.000000,0.000000,1.000000,0.000000,0.000000,0.000000,0,0,0,0.000000,0.0000250000,0,,,,,296.199928
203,1000,stock,352.601413,53,3,287,0.367879,-1.000000,-1.000000,0.000000,1.000000,0.000000,0.000000,0.000000,0,0,0,0.000000,0.0000250000,0,,,,,296.199928
204,1000,donut_ring,637.018456,94,0,1801,0.367879,-1.000000,-1.000000,0.000000,1.000000,0.000000,0.000000,0.000000,0,0,0,0.000000,0.0000250000,0,,,,,296.199928
205,1000,donut_ring,435.082685,66,0,1801,0.367879,-1.000000,-1.000000,0.000000,1.000000,0.000000,0.000000,0.000000,0,0,0,0.000000,0.0000250000,0,,,,,296.199928
206,1000,stock,222.763640,34,3,205,0.367879,-1.000000,-1.000000,0.000000,1.000000,0.000000,0.000000,0.000000,0,0,0,0.000000,0.0000250000,0,,,,,296.199928
207,1000,stock,230.289651,35,3,183,0.367879,-1.000000,-1.000000,0.000000,1.000000,0.000000,0.000000,0.000000,0,0,0,0.000000,0.0000250000,0,,,,,296.199928
208,1000,vertical_wall_left,122.226335,20,3,290,0.367879,-1.000000,-1.000000,0.000000,1.000000,0.000000,0.000000,0.000000,0,0,0,0.000000,0.0000250000,0,,,,,296.199928
209,1000,vertical_wall_left,146.813947,23,3,136,0.367879,-1.000000,-1.000000,0.000000,1.000000,0.000000,0.000000,0.000000,0,0,0,0.000000,0.0000250000,0,,,,,296.199928
210,1000,donut_ring,592.433949,88,0,1801,0.367879,-1.000000,-1.000000,0.000000,1.000000,0.000000,0.000000,0.000000,0,0,0,0.000000,0.0000250000,0,,,,,296.199928
211,1000,vertical_wall_left,420.343635,63,3,633,0.367879,-1.000000,-1.000000,0.000000,1.000000,0.000000,0.000000,0.000000,0,0,0,0.000000,0.0000250000,0,,,,,296.199928
212,1000,stock,332.234325,50,3,287,0.367879,-1.000000,-1.000000,0.000000,1.000000,0.000000,0.000000,0.000000,0,0,0,0.000000,0.0000250000,0,,,,,296.199928
213,1000,vertical_wall_left,117.237354,19,3,265,0.367879,-1.000000,-1.000000,0.000000,1.000000,0.000000,0.000000,0.000000,0,0,0,0.000000,0.0000250000,0,,,,,296.199928
214,1000,stock,226.538938,35,3,278,0.367879,-1.000000,-1.000000,0.000000,1.000000,0.000000,0.000000,0.000000,0,0,0,0.000000,0.0000250000,0,,,,,296.199928
215,1000,stock,353.654443,53,3,278,0.367879,-1.000000,-1.000000,0.000000,1.000000,0.000000,0.000000,0.000000,0,0,0,0.000000,0.0000250000,0,,,,,296.199928
216,1000,donut_ring,415.172454,63,0,1801,0.367879,-1.000000,-1.000000,0.000000,1.000000,0.000000,0.000000,0.000000,0,0,0,0.000000,0.0000250000,0,,,,,296.199928
217,1000,stock,236.401588,36,3,207,0.367879,-1.000000,-1.000000,0.000000,1.000000,0.000000,0.000000,0.000000,0,0,0,0.000000,0.0000250000,0,,,,,296.199928
218,1000,stock,282.956234,43,3,283,0.367879,-1.000000,-1.000000,0.000000,1.000000,0.000000,0.000000,0.000000,0,0,0,0.000000,0.0000250000,0,,,,,296.199928
219,1000,vertical_wall_left,104.394729,17,3,235,0.367879,-1.000000,-1.000000,0.000000,1.000000,0.000000,0.000000,0.000000,0,0,0,0.000000,0.0000250000,0,,,,,296.199928
220,1000,donut_ring,428.948157,65,0,1801,0.367879,-1.000000,-1.000000,0.000000,1.000000,0.000000,0.000000,0.000000,0,0,0,0.000000,0.0000250000,0,296.199928,223.009097,287,23,296.199928
221,1000,vertical_wall_left,118.350984,19,3,262,0.367879,-1.000000,-1.000000,0.000000,1.000000,0.000000,0.000000,0.000000,0,0,0,0.000000,0.0000250000,0,,,,,296.199928
222,1000,donut_ring,535.995543,81,2,1801,0.367879,-1.000000,-1.000000,0.000000,1.000000,0.000000,0.000000,0.000000,0,0,0,0.000000,0.0000250000,0,,,,,296.199928
223,1000,vertical_wall_left,524.884738,78,3,791,0.367879,-1.000000,-1.000000,0.000000,1.000000,0.000000,0.000000,0.000000,0,0,0,0.000000,0.0000250000,0,,,,,296.199928
224,1000,stock,212.698070,33,3,282,0.367879,-1.000000,-1.000000,0.000000,1.000000,0.000000,0.000000,0.000000,0,0,0,0.000000,0.0000250000,0,,,,,296.199928
225,1000,stock,332.167389,50,3,292,0.367879,-1.000000,-1.000000,0.000000,1.000000,0.000000,0.000000,0.000000,0,0,0,0.000000,0.0000250000,0,,,,,296.199928
226,1000,vertical_wall_left,82.836291,14,3,258,0.367879,-1.000000,-1.000000,0.000000,1.000000,0.000000,0.000000,0.000000,0,0,0,0.000000,0.0000250000,0,,,,,296.199928
227,1000,donut_ring,584.136714,87,0,1801,0.367879,-1.000000,-1.000000,0.000000,1.000000,0.000000,0.000000,0.000000,0,0,0,0.000000,0.0000250000,0,,,,,296.199928
228,1000,donut_ring,407.576829,62,0,1801,0.367879,-1.000000,-1.000000,0.000000,1.000000,0.000000,0.000000,0.000000,0,0,0,0.000000,0.0000250000,0,,,,,296.199928
229,1000,stock,583.020320,87,3,693,0.367879,-1.000000,-1.000000,0.000000,1.000000,0.000000,0.000000,0.000000,0,0,0,0.000000,0.0000250000,0,,,,,296.199928
230,1000,vertical_wall_left,270.224357,41,3,304,0.367879,-1.000000,-1.000000,0.000000,1.000000,0.000000,0.000000,0.000000,0,0,0,0.000000,0.0000250000,0,,,,,296.199928
231,1000,stock,365.926133,55,3,325,0.367879,-1.000000,-1.000000,0.000000,1.000000,0.000000,0.000000,0.000000,0,0,0,0.000000,0.0000250000,0,,,,,296.199928
232,1000,vertical_wall_left,171.513845,27,3,325,0.367879,-1.000000,-1.000000,0.000000,1.000000,0.000000,0.000000,0.000000,0,0,0,0.000000,0.0000250000,0,,,,,296.199928
233,1000,donut_ring,499.064220,76,1,1801,0.367879,-1.000000,-1.000000,0.000000,1.000000,0.000000,0.000000,0.000000,0,0,0,0.000000,0.0000250000,0,,,,,296.199928
234,1000,stock,338.486011,51,3,287,0.367879,-1.000000,-1.000000,0.000000,1.000000,0.000000,0.000000,0.000000,0,0,0,0.000000,0.0000250000,0,,,,,296.199928
235,1000,donut_ring,298.288473,47,0,1801,0.367879,-1.000000,-1.000000,0.000000,1.000000,0.000000,0.000000,0.000000,0,0,0,0.000000,0.0000250000,0,,,,,296.199928
236,1000,donut_ring,413.957702,63,0,1801,0.367879,-1.000000,-1.000000,0.000000,1.000000,0.000000,0.000000,0.000000,0,0,0,0.000000,0.0000250000,0,,,,,296.199928
237,1000,vertical_wall_left,164.284006,26,3,308,0.367879,-1.000000,-1.000000,0.000000,1.000000,0.000000,0.000000,0.000000,0,0,0,0.000000,0.0000250000,0,,,,,296.199928
238,1000,stock,216.097516,33,3,190,0.367879,-1.000000,-1.000000,0.000000,1.000000,0.000000,0.000000,0.000000,0,0,0,0.000000,0.0000250000,0,,,,,296.199928
239,1000,donut_ring,546.432910,81,0,1801,0.367879,-1.000000,-1.000000,0.000000,1.000000,0.000000,0.000000,0.000000,0,0,0,0.000000,0.0000250000,0,,,,,296.199928
240,1000,donut_ring,503.763874,75,0,1801,0.367879,-1.000000,-1.000000,0.000000,1.000000,0.000000,0.000000,0.000000,0,0,0,0.000000,0.0000250000,0,296.199928,223.009097,287,23,296.199928
241,1000,donut_ring,527.436409,79,0,1801,0.367879,-1.000000,-1.000000,0.000000,1.000000,0.000000,0.000000,0.000000,0,0,0,0.000000,0.0000250000,0,,,,,296.199928
242,1000,stock,236.900026,36,3,197,0.367879,-1.000000,-1.000000,0.000000,1.000000,0.000000,0.000000,0.000000,0,0,0,0.000000,0.0000250000,0,,,,,296.199928
243,1000,vertical_wall_left,267.631752,41,3,511,0.367879,-1.000000,-1.000000,0.000000,1.000000,0.000000,0.000000,0.000000,0,0,0,0.000000,0.0000250000,0,,,,,296.199928
244,1000,stock,193.248352,30,3,262,0.367879,-1.000000,-1.000000,0.000000,1.000000,0.000000,0.000000,0.000000,0,0,0,0.000000,0.0000250000,0,,,,,296.199928
245,1000,stock,388.031477,58,3,289,0.367879,-1.000000,-1.000000,0.000000,1.000000,0.000000,0.000000,0.000000,0,0,0,0.000000,0.0000250000,0,,,,,296.199928
246,1000,donut_ring,590.871314,88,0,1801,0.367879,-1.000000,-1.000000,0.000000,1.000000,0.000000,0.000000,0.000000,0,0,0,0.000000,0.0000250000,0,,,,,296.199928
247,1000,vertical_wall_left,467.910764,70,3,675,0.367879,-1.000000,-1.000000,0.000000,1.000000,0.000000,0.000000,0.000000,0,0,0,0.000000,0.0000250000,0,,,,,296.199928
248,1000,donut_ring,431.132081,66,0,1801,0.367879,-1.000000,-1.000000,0.000000,1.000000,0.000000,0.000000,0.000000,0,0,0,0.000000,0.0000250000,0,,,,,296.199928
249,1000,donut_ring,306.812015,49,1,1801,0.367879,-1.000000,-1.000000,0.000000,1.000000,0.000000,0.000000,0.000000,0,0,0,0.000000,0.0000250000,0,,,,,296.199928
250,1000,vertical_wall_left,186.152891,29,3,281,0.367879,-1.000000,-1.000000,0.000000,1.000000,0.000000,0.000000,0.000000,0,0,0,0.000000,0.0000250000,0,,,,,296.199928
251,1000,vertical_wall_left,304.004695,46,3,498,0.367879,-1.000000,-1.000000,0.000000,1.000000,0.000000,0.000000,0.000000,0,0,0,0.000000,0.0000250000,0,,,,,296.199928
252,1000,stock,317.230451,48,3,299,0.367879,-1.000000,-1.000000,0.000000,1.000000,0.000000,0.000000,0.000000,0,0,0,0.000000,0.0000250000,0,,,,,296.199928
253,1000,stock,226.998632,35,3,291,0.367879,-1.000000,-1.000000,0.000000,1.000000,0.000000,0.000000,0.000000,0,0,0,0.000000,0.0000250000,0,,,,,296.199928
254,1000,donut_ring,621.047927,91,0,1801,0.367879,-1.000000,-1.000000,0.000000,1.000000,0.000000,0.000000,0.000000,0,0,0,0.000000,0.0000250000,0,,,,,296.199928
255,1000,vertical_wall_left,153.485838,24,3,288,0.367879,-1.000000,-1.000000,0.000000,1.000000,0.000000,0.000000,0.000000,0,0,0,0.000000,0.0000250000,0,,,,,296.199928
256,1000,vertical_wall_left,97.585416,16,3,137,0.367879,-1.000000,-1.000000,0.000000,1.000000,0.000000,0.000000,0.000000,0,0,0,0.000000,0.0000250000,0,,,,,296.199928
257,1000,stock,248.406438,38,3,268,0.367879,-1.000000,-1.000000,0.000000,1.000000,0.000000,0.000000,0.000000,0,0,0,0.000000,0.0000250000,0,,,,,296.199928
258,1000,vertical_wall_left,82.592801,14,3,166,0.367879,-1.000000,-1.000000,0.000000,1.000000,0.000000,0.000000,0.000000,0,0,0,0.000000,0.0000250000,0,,,,,296.199928
259,1000,stock,331.464527,50,3,313,0.367879,-1.000000,-1.000000,0.000000,1.000000,0.000000,0.000000,0.000000,0,0,0,0.000000,0.0000250000,0,,,,,296.199928
260,1000,vertical_wall_left,288.917261,44,3,588,0.367879,-1.000000,-1.000000,0.000000,1.000000,0.000000,0.000000,0.000000,0,0,0,0.000000,0.0000250000,0,296.199928,223.009097,287,23,296.199928
261,1000,donut_ring,487.702908,73,0,1801,0.367879,-1.000000,-1.000000,0.000000,1.000000,0.000000,0.000000,0.000000,0,0,0,0.000000,0.0000250000,0,,,,,296.199928
262,1000,donut_ring,483.927653,72,0,1801,0.367879,-1.000000,-1.000000,0.000000,1.000000,0.000000,0.000000,0.000000,0,0,0,0.000000,0.0000250000,0,,,,,296.199928
263,1000,donut_ring,502.724252,77,1,1801,0.367879,-1.000000,-1.000000,0.000000,1.000000,0.000000,0.000000,0.000000,0,0,0,0.000000,0.0000250000,0,,,,,296.199928
264,1000,stock,229.875549,35,3,199,0.367879,-1.000000,-1.000000,0.000000,1.000000,0.000000,0.000000,0.000000,0,0,0,0.000000,0.0000250000,0,,,,,296.199928
265,1000,stock,191.579875,30,3,275,0.367879,-1.000000,-1.000000,0.000000,1.000000,0.000000,0.000000,0.000000,0,0,0,0.000000,0.0000250000,0,,,,,296.199928
266,1000,donut_ring,517.516808,77,0,1801,0.367879,-1.000000,-1.000000,0.000000,1.000000,0.000000,0.000000,0.000000,0,0,0,0.000000,0.0000250000,0,,,,,296.199928
267,1000,donut_ring,470.973126,72,1,1801,0.367879,-1.000000,-1.000000,0.000000,1.000000,0.000000,0.000000,0.000000,0,0,0,0.000000,0.0000250000,0,,,,,296.199928
268,1000,vertical_wall_left,103.829150,17,3,168,0.367879,-1.000000,-1.000000,0.000000,1.000000,0.000000,0.000000,0.000000,0,0,0,0.000000,0.0000250000,0,,,,,296.199928
269,1000,vertical_wall_left,96.553186,16,3,255,0.367879,-1.000000,-1.000000,0.000000,1.000000,0.000000,0.000000,0.000000,0,0,0,0.000000,0.0000250000,0,,,,,296.199928
270,1000,donut_ring,509.649919,76,0,1801,0.367879,-1.000000,-1.000000,0.000000,1.000000,0.000000,0.000000,0.000000,0,0,0,0.000000,0.0000250000,0,,,,,296.199928
271,1000,stock,242.198872,37,3,251,0.367879,-1.000000,-1.000000,0.000000,1.000000,0.000000,0.000000,0.000000,0,0,0,0.000000,0.0000250000,0,,,,,296.199928
272,1000,stock,278.508023,42,3,200,0.367879,-1.000000,-1.000000,0.000000,1.000000,0.000000,0.000000,0.000000,0,0,0,0.000000,0.0000250000,0,,,,,296.199928
273,1000,donut_ring,390.083870,59,0,1801,0.367879,-1.000000,-1.000000,0.000000,1.000000,0.000000,0.000000,0.000000,0,0,0,0.000000,0.0000250000,0,,,,,296.199928
274,1000,vertical_wall_left,149.102101,24,3,305,0.367879,-1.000000,-1.000000,0.000000,1.000000,0.000000,0.000000,0.000000,0,0,0,0.000000,0.0000250000,0,,,,,296.199928
275,1000,stock,276.128539,42,3,287,0.367879,-1.000000,-1.000000,0.000000,1.000000,0.000000,0.000000,0.000000,0,0,0,0.000000,0.0000250000,0,,,,,296.199928
276,1000,donut_ring,592.740276,87,0,1801,0.367879,-1.000000,-1.000000,0.000000,1.000000,0.000000,0.000000,0.000000,0,0,0,0.000000,0.0000250000,0,,,,,296.199928
277,1000,stock,544.772869,81,3,477,0.367879,-1.000000,-1.000000,0.000000,1.000000,0.000000,0.000000,0.000000,0,0,0,0.000000,0.0000250000,0,,,,,296.199928
278,1000,donut_ring,480.437166,73,0,1801,0.367879,-1.000000,-1.000000,0.000000,1.000000,0.000000,0.000000,0.000000,0,0,0,0.000000,0.0000250000,0,,,,,296.199928
279,1000,vertical_wall_left,103.669550,17,3,245,0.367879,-1.000000,-1.000000,0.000000,1.000000,0.000000,0.000000,0.000000,0,0,0,0.000000,0.0000250000,0,,,,,296.199928
280,1000,donut_ring,342.624368,53,0,1801,0.367879,-1.000000,-1.000000,0.000000,1.000000,0.000000,0.000000,0.000000,0,0,0,0.000000,0.0000250000,0,296.199928,223.009097,287,23,296.199928
281,1000,vertical_wall_left,103.490895,17,3,170,0.367879,-1.000000,-1.000000,0.000000,1.000000,0.000000,0.000000,0.000000,0,0,0,0.000000,0.0000250000,0,,,,,296.199928
282,1000,stock,304.109804,46,3,283,0.367879,-1.000000,-1.000000,0.000000,1.000000,0.000000,0.000000,0.000000,0,0,0,0.000000,0.0000250000,0,,,,,296.199928
283,1000,stock,303.643597,46,3,283,0.367879,-1.000000,-1.000000,0.000000,1.000000,0.000000,0.000000,0.000000,0,0,0,0.000000,0.0000250000,0,,,,,296.199928
284,1000,stock,323.921905,49,3,329,0.367879,-1.000000,-1.000000,0.000000,1.000000,0.000000,0.000000,0.000000,0,0,0,0.000000,0.0000250000,0,,,,,296.199928
285,1000,stock,213.495307,33,3,259,0.367879,-1.000000,-1.000000,0.000000,1.000000,0.000000,0.000000,0.000000,0,0,0,0.000000,0.0000250000,0,,,,,296.199928
286,1000,vertical_wall_left,137.112910,22,3,361,0.367879,-1.000000,-1.000000,0.000000,1.000000,0.000000,0.000000,0.000000,0,0,0,0.000000,0.0000250000,0,,,,,296.199928
287,1000,vertical_wall_left,199.345288,31,3,297,0.367879,-1.000000,-1.000000,0.000000,1.000000,0.000000,0.000000,0.000000,0,0,0,0.000000,0.0000250000,0,,,,,296.199928
288,1000,stock,317.389460,48,3,302,0.367879,-1.000000,-1.000000,0.000000,1.000000,0.000000,0.000000,0.000000,0,0,0,0.000000,0.0000250000,0,,,,,296.199928
289,1000,vertical_wall_left,229.720199,35,3,298,0.367879,-1.000000,-1.000000,0.000000,1.000000,0.000000,0.000000,0.000000,0,0,0,0.000000,0.0000250000,0,,,,,296.199928
290,1000,donut_ring,477.967625,71,0,1801,0.367879,-1.000000,-1.000000,0.000000,1.000000,0.000000,0.000000,0.000000,0,0,0,0.000000,0.0000250000,0,,,,,296.199928
291,1000,stock,223.300524,34,3,190,0.367879,-1.000000,-1.000000,0.000000,1.000000,0.000000,0.000000,0.000000,0,0,0,0.000000,0.0000250000,0,,,,,296.199928
292,1000,vertical_wall_left,318.866212,48,3,454,0.367879,-1.000000,-1.000000,0.000000,1.000000,0.000000,0.000000,0.000000,0,0,0,0.000000,0.0000250000,0,,,,,296.199928
293,1000,donut_ring,527.152886,79,0,1801,0.367879,-1.000000,-1.000000,0.000000,1.000000,0.000000,0.000000,0.000000,0,0,0,0.000000,0.0000250000,0,,,,,296.199928
294,1000,donut_ring,435.590206,66,0,1801,0.367879,-1.000000,-1.000000,0.000000,1.000000,0.000000,0.000000,0.000000,0,0,0,0.000000,0.0000250000,0,,,,,296.199928
295,1000,stock,215.643407,33,3,208,0.367879,-1.000000,-1.000000,0.000000,1.000000,0.000000,0.000000,0.000000,0,0,0,0.000000,0.0000250000,0,,,,,296.199928
296,1000,stock,351.348926,53,3,326,0.367879,-1.000000,-1.000000,0.000000,1.000000,0.000000,0.000000,0.000000,0,0,0,0.000000,0.0000250000,0,,,,,296.199928
297,1000,donut_ring,422.661909,65,0,1801,0.367879,-1.000000,-1.000000,0.000000,1.000000,0.000000,0.000000,0.000000,0,0,0,0.000000,0.0000250000,0,,,,,296.199928
298,1000,stock,359.785626,54,3,298,0.367879,-1.000000,-1.000000,0.000000,1.000000,0.000000,0.000000,0.000000,0,0,0,0.000000,0.0000250000,0,,,,,296.199928
299,1000,donut_ring,531.843484,80,0,1801,0.367879,-1.000000,-1.000000,0.000000,1.000000,0.000000,0.000000,0.000000,0,0,0,0.000000,0.0000250000,0,,,,,296.199928
300,1000,stock,275.890930,42,3,278,0.367879,-1.000000,-1.000000,0.000000,1.000000,0.000000,0.000000,0.000000,0,0,0,0.000000,0.0000250000,0,296.199928,223.009097,287,23,296.199928
301,1000,vertical_wall_left,137.162050,22,3,329,0.367879,-1.000000,-1.000000,0.000000,1.000000,0.000000,0.000000,0.000000,0,0,0,0.000000,0.0000250000,0,,,,,296.199928
302,1000,stock,269.155802,41,3,290,0.367879,-1.000000,-1.000000,0.000000,1.000000,0.000000,0.000000,0.000000,0,0,0,0.000000,0.0000250000,0,,,,,296.199928
303,1000,donut_ring,354.223256,55,0,1801,0.367879,-1.000000,-1.000000,0.000000,1.000000,0.000000,0.000000,0.000000,0,0,0,0.000000,0.0000250000,0,,,,,296.199928
304,1000,stock,248.503642,38,3,277,0.367879,-1.000000,-1.000000,0.000000,1.000000,0.000000,0.000000,0.000000,0,0,0,0.000000,0.0000250000,0,,,,,296.199928
305,1000,donut_ring,405.873088,61,0,1801,0.367879,-1.000000,-1.000000,0.000000,1.000000,0.000000,0.000000,0.000000,0,0,0,0.000000,0.0000250000,0,,,,,296.199928
306,1000,vertical_wall_left,124.871044,20,3,251,0.367879,-1.000000,-1.000000,0.000000,1.000000,0.000000,0.000000,0.000000,0,0,0,0.000000,0.0000250000,0,,,,,296.199928
307,1000,vertical_wall_left,249.949747,38,3,281,0.367879,-1.000000,-1.000000,0.000000,1.000000,0.000000,0.000000,0.000000,0,0,0,0.000000,0.0000250000,0,,,,,296.199928
308,1000,donut_ring,625.681819,93,0,1801,0.367879,-1.000000,-1.000000,0.000000,1.000000,0.000000,0.000000,0.000000,0,0,0,0.000000,0.0000250000,0,,,,,296.199928
309,1000,vertical_wall_left,125.889876,20,3,132,0.367879,-1.000000,-1.000000,0.000000,1.000000,0.000000,0.000000,0.000000,0,0,0,0.000000,0.0000250000,0,,,,,296.199928
310,1000,vertical_wall_left,118.436097,19,3,237,0.367879,-1.000000,-1.000000,0.000000,1.000000,0.000000,0.000000,0.000000,0,0,0,0.000000,0.0000250000,0,,,,,296.199928
311,1000,vertical_wall_left,241.937977,37,3,301,0.367879,-1.000000,-1.000000,0.000000,1.000000,0.000000,0.000000,0.000000,0,0,0,0.000000,0.0000250000,0,,,,,296.199928
312,1000,stock,359.717560,54,3,290,0.367879,-1.000000,-1.000000,0.000000,1.000000,0.000000,0.000000,0.000000,0,0,0,0.000000,0.0000250000,0,,,,,296.199928
313,1000,donut_ring,545.443417,81,0,1801,0.367879,-1.000000,-1.000000,0.000000,1.000000,0.000000,0.000000,0.000000,0,0,0,0.000000,0.0000250000,0,,,,,296.199928
314,1000,donut_ring,460.801021,71,0,1801,0.367879,-1.000000,-1.000000,0.000000,1.000000,0.000000,0.000000,0.000000,0,0,0,0.000000,0.0000250000,0,,,,,296.199928
315,1000,stock,269.182423,41,3,287,0.367879,-1.000000,-1.000000,0.000000,1.000000,0.000000,0.000000,0.000000,0,0,0,0.000000,0.0000250000,0,,,,,296.199928
316,1000,stock,202.535767,31,3,173,0.367879,-1.000000,-1.000000,0.000000,1.000000,0.000000,0.000000,0.000000,0,0,0,0.000000,0.0000250000,0,,,,,296.199928
317,1000,vertical_wall_left,125.978578,20,3,126,0.367879,-1.000000,-1.000000,0.000000,1.000000,0.000000,0.000000,0.000000,0,0,0,0.000000,0.0000250000,0,,,,,296.199928
318,1000,vertical_wall_left,174.191097,27,3,160,0.367879,-1.000000,-1.000000,0.000000,1.000000,0.000000,0.000000,0.000000,0,0,0,0.000000,0.0000250000,0,,,,,296.199928
319,1000,stock,367.389224,55,3,284,0.367879,-1.000000,-1.000000,0.000000,1.000000,0.000000,0.000000,0.000000,0,0,0,0.000000,0.0000250000,0,,,,,296.199928
320,1000,vertical_wall_left,99.449333,16,3,79,0.367879,-1.000000,-1.000000,0.000000,1.000000,0.000000,0.000000,0.000000,0,0,0,0.000000,0.0000250000,0,296.199928,223.009097,287,23,296.199928
321,1000,donut_ring,368.714871,56,0,1801,0.367879,-1.000000,-1.000000,0.000000,1.000000,0.000000,0.000000,0.000000,0,0,0,0.000000,0.0000250000,0,,,,,296.199928
322,1000,vertical_wall_left,151.124358,24,3,369,0.367879,-1.000000,-1.000000,0.000000,1.000000,0.000000,0.000000,0.000000,0,0,0,0.000000,0.0000250000,0,,,,,296.199928
323,1000,donut_ring,619.420674,92,0,1801,0.367879,-1.000000,-1.000000,0.000000,1.000000,0.000000,0.000000,0.000000,0,0,0,0.000000,0.0000250000,0,,,,,296.199928
324,1000,stock,251.083288,38,3,201,0.367879,-1.000000,-1.000000,0.000000,1.000000,0.000000,0.000000,0.000000,0,0,0,0.000000,0.0000250000,0,,,,,296.199928
325,1000,stock,456.411840,68,3,366,0.367879,-1.000000,-1.000000,0.000000,1.000000,0.000000,0.000000,0.000000,0,0,0,0.000000,0.0000250000,0,,,,,296.199928
326,1000,donut_ring,368.628688,56,0,1801,0.367879,-1.000000,-1.000000,0.000000,1.000000,0.000000,0.000000,0.000000,0,0,0,0.000000,0.0000250000,0,,,,,296.199928
327,1000,vertical_wall_left,303.157803,46,3,501,0.367879,-1.000000,-1.000000,0.000000,1.000000,0.000000,0.000000,0.000000,0,0,0,0.000000,0.0000250000,0,,,,,296.199928
328,1000,stock,283.529965,43,3,274,0.367879,-1.000000,-1.000000,0.000000,1.000000,0.000000,0.000000,0.000000,0,0,0,0.000000,0.0000250000,0,,,,,296.199928
329,1000,stock,319.395902,48,3,254,0.367879,-1.000000,-1.000000,0.000000,1.000000,0.000000,0.000000,0.000000,0,0,0,0.000000,0.0000250000,0,,,,,296.199928
330,1000,stock,227.345541,35,3,265,0.367879,-1.000000,-1.000000,0.000000,1.000000,0.000000,0.000000,0.000000,0,0,0,0.000000,0.0000250000,0,,,,,296.199928
331,1000,vertical_wall_left,185.931003,29,3,277,0.367879,-1.000000,-1.000000,0.000000,1.000000,0.000000,0.000000,0.000000,0,0,0,0.000000,0.0000250000,0,,,,,296.199928
332,1000,donut_ring,628.351669,93,0,1801,0.367879,-1.000000,-1.000000,0.000000,1.000000,0.000000,0.000000,0.000000,0,0,0,0.000000,0.0000250000,0,,,,,296.199928
333,1000,stock,205.467732,32,3,282,0.367879,-1.000000,-1.000000,0.000000,1.000000,0.000000,0.000000,0.000000,0,0,0,0.000000,0.0000250000,0,,,,,296.199928
334,1000,donut_ring,637.833550,95,0,1801,0.367879,-1.000000,-1.000000,0.000000,1.000000,0.000000,0.000000,0.000000,0,0,0,0.000000,0.0000250000,0,,,,,296.199928
335,1000,stock,233.632236,36,3,294,0.367879,-1.000000,-1.000000,0.000000,1.000000,0.000000,0.000000,0.000000,0,0,0,0.000000,0.0000250000,0,,,,,296.199928
336,1000,vertical_wall_left,110.689077,18,3,167,0.367879,-1.000000,-1.000000,0.000000,1.000000,0.000000,0.000000,0.000000,0,0,0,0.000000,0.0000250000,0,,,,,296.199928
337,1000,vertical_wall_left,277.032033,42,3,314,0.367879,-1.000000,-1.000000,0.000000,1.000000,0.000000,0.000000,0.000000,0,0,0,0.000000,0.0000250000,0,,,,,296.199928
338,1000,vertical_wall_left,110.804604,18,3,166,0.367879,-1.000000,-1.000000,0.000000,1.000000,0.000000,0.000000,0.000000,0,0,0,0.000000,0.0000250000,0,,,,,296.199928
339,1000,stock,199.556092,31,3,263,0.367879,-1.000000,-1.000000,0.000000,1.000000,0.000000,0.000000,0.000000,0,0,0,0.000000,0.0000250000,0,,,,,296.199928
340,1000,stock,205.426297,32,3,274,0.367879,-1.000000,-1.000000,0.000000,1.000000,0.000000,0.000000,0.000000,0,0,0,0.000000,0.0000250000,0,296.199928,223.009097,287,23,296.199928
341,1000,stock,257.560677,39,3,208,0.367879,-1.000000,-1.000000,0.000000,1.000000,0.000000,0.000000,0.000000,0,0,0,0.000000,0.0000250000,0,,,,,296.199928
342,1000,stock,297.106153,45,3,291,0.367879,-1.000000,-1.000000,0.000000,1.000000,0.000000,0.000000,0.000000,0,0,0,0.000000,0.0000250000,0,,,,,296.199928
343,1000,stock,346.125170,52,3,288,0.367879,-1.000000,-1.000000,0.000000,1.000000,0.000000,0.000000,0.000000,0,0,0,0.000000,0.0000250000,0,,,,,296.199928
344,1000,stock,232.967439,36,3,287,0.367879,-1.000000,-1.000000,0.000000,1.000000,0.000000,0.000000,0.000000,0,0,0,0.000000,0.0000250000,0,,,,,296.199928
345,1000,donut_ring,503.487511,75,0,1801,0.367879,-1.000000,-1.000000,0.000000,1.000000,0.000000,0.000000,0.000000,0,0,0,0.000000,0.0000250000,0,,,,,296.199928
346,1000,donut_ring,572.456878,86,1,1801,0.367879,-1.000000,-1.000000,0.000000,1.000000,0.000000,0.000000,0.000000,0,0,0,0.000000,0.0000250000,0,,,,,296.199928
347,1000,vertical_wall_left,157.945746,25,3,286,0.367879,-1.000000,-1.000000,0.000000,1.000000,0.000000,0.000000,0.000000,0,0,0,0.000000,0.0000250000,0,,,,,296.199928
348,1000,stock,271.708603,41,3,199,0.367879,-1.000000,-1.000000,0.000000,1.000000,0.000000,0.000000,0.000000,0,0,0,0.000000,0.0000250000,0,,,,,296.199928
349,1000,donut_ring,502.581946,75,0,1801,0.367879,-1.000000,-1.000000,0.000000,1.000000,0.000000,0.000000,0.000000,0,0,0,0.000000,0.0000250000,0,,,,,296.199928
350,1000,vertical_wall_left,179.273732,28,3,310,0.367879,-1.000000,-1.000000,0.000000,1.000000,0.000000,0.000000,0.000000,0,0,0,0.000000,0.0000250000,0,,,,,296.199928
351,1000,vertical_wall_left,149.961554,24,3,282,0.367879,-1.000000,-1.000000,0.000000,1.000000,0.000000,0.000000,0.000000,0,0,0,0.000000,0.0000250000,0,,,,,296.199928
352,1000,donut_ring,416.437119,63,0,1801,0.367879,-1.000000,-1.000000,0.000000,1.000000,0.000000,0.000000,0.000000,0,0,0,0.000000,0.0000250000,0,,,,,296.199928
353,1000,donut_ring,548.942218,81,0,1801,0.367879,-1.000000,-1.000000,0.000000,1.000000,0.000000,0.000000,0.000000,0,0,0,0.000000,0.0000250000,0,,,,,296.199928
354,1000,vertical_wall_left,104.710781,17,3,131,0.367879,-1.000000,-1.000000,0.000000,1.000000,0.000000,0.000000,0.000000,0,0,0,0.000000,0.0000250000,0,,,,,296.199928
355,1000,vertical_wall_left,386.329267,58,3,630,0.367879,-1.000000,-1.000000,0.000000,1.000000,0.000000,0.000000,0.000000,0,0,0,0.000000,0.0000250000,0,,,,,296.199928
356,1000,vertical_wall_left,352.124183,53,3,463,0.367879,-1.000000,-1.000000,0.000000,1.000000,0.000000,0.000000,0.000000,0,0,0,0.000000,0.0000250000,0,,,,,296.199928
357,1000,stock,244.080824,37,3,190,0.367879,-1.000000,-1.000000,0.000000,1.000000,0.000000,0.000000,0.000000,0,0,0,0.000000,0.0000250000,0,,,,,296.199928
358,1000,donut_ring,620.977044,92,1,1801,0.367879,-1.000000,-1.000000,0.000000,1.000000,0.000000,0.000000,0.000000,0,0,0,0.000000,0.0000250000,0,,,,,296.199928
359,1000,donut_ring,581.232626,86,0,1801,0.367879,-1.000000,-1.000000,0.000000,1.000000,0.000000,0.000000,0.000000,0,0,0,0.000000,0.0000250000,0,,,,,296.199928
360,1000,stock,243.330598,37,3,211,0.367879,-1.000000,-1.000000,0.000000,1.000000,0.000000,0.000000,0.000000,0,0,0,0.000000,0.0000250000,0,296.199928,223.009097,287,23,296.199928
361,1000,stock,201.503300,31,3,201,0.367879,-1.000000,-1.000000,0.000000,1.000000,0.000000,0.000000,0.000000,0,0,0,0.000000,0.0000250000,0,,,,,296.199928
362,1000,vertical_wall_left,131.869218,21,3,265,0.367879,-1.000000,-1.000000,0.000000,1.000000,0.000000,0.000000,0.000000,0,0,0,0.000000,0.0000250000,0,,,,,296.199928
363,1000,stock,311.413738,47,3,276,0.367879,-1.000000,-1.000000,0.000000,1.000000,0.000000,0.000000,0.000000,0,0,0,0.000000,0.0000250000,0,,,,,296.199928
364,1000,donut_ring,499.440359,75,0,1801,0.367879,-1.000000,-1.000000,0.000000,1.000000,0.000000,0.000000,0.000000,0,0,0,0.000000,0.0000250000,0,,,,,296.199928
365,1000,donut_ring,389.538493,59,0,1801,0.367879,-1.000000,-1.000000,0.000000,1.000000,0.000000,0.000000,0.000000,0,0,0,0.000000,0.0000250000,0,,,,,296.199928
366,1000,stock,241.560639,37,3,264,0.367879,-1.000000,-1.000000,0.000000,1.000000,0.000000,0.000000,0.000000,0,0,0,0.000000,0.0000250000,0,,,,,296.199928
367,1000,donut_ring,520.951322,78,1,1801,0.367879,-1.000000,-1.000000,0.000000,1.000000,0.000000,0.000000,0.000000,0,0,0,0.000000,0.0000250000,0,,,,,296.199928
368,1000,stock,364.917528,55,3,341,0.367879,-1.000000,-1.000000,0.000000,1.000000,0.000000,0.000000,0.000000,0,0,0,0.000000,0.0000250000,0,,,,,296.199928
369,1000,vertical_wall_left,111.096587,18,3,251,0.367879,-1.000000,-1.000000,0.000000,1.000000,0.000000,0.000000,0.000000,0,0,0,0.000000,0.0000250000,0,,,,,296.199928
370,1000,donut_ring,588.799855,88,0,1801,0.367879,-1.000000,-1.000000,0.000000,1.000000,0.000000,0.000000,0.000000,0,0,0,0.000000,0.0000250000,0,,,,,296.199928
371,1000,vertical_wall_left,325.262771,49,3,443,0.367879,-1.000000,-1.000000,0.000000,1.000000,0.000000,0.000000,0.000000,0,0,0,0.000000,0.0000250000,0,,,,,296.199928
372,1000,stock,257.507693,39,3,208,0.367879,-1.000000,-1.000000,0.000000,1.000000,0.000000,0.000000,0.000000,0,0,0,0.000000,0.0000250000,0,,,,,296.199928
373,1000,vertical_wall_left,471.227288,70,3,580,0.367879,-1.000000,-1.000000,0.000000,1.000000,0.000000,0.000000,0.000000,0,0,0,0.000000,0.0000250000,0,,,,,296.199928
374,1000,vertical_wall_left,164.898939,26,3,297,0.367879,-1.000000,-1.000000,0.000000,1.000000,0.000000,0.000000,0.000000,0,0,0,0.000000,0.0000250000,0,,,,,296.199928
375,1000,vertical_wall_left,237.733313,36,3,271,0.367879,-1.000000,-1.000000,0.000000,1.000000,0.000000,0.000000,0.000000,0,0,0,0.000000,0.0000250000,0,,,,,296.199928
376,1000,donut_ring,552.117316,83,1,1801,0.367879,-1.000000,-1.000000,0.000000,1.000000,0.000000,0.000000,0.000000,0,0,0,0.000000,0.0000250000,0,,,,,296.199928
377,1000,stock,227.804559,35,3,253,0.367879,-1.000000,-1.000000,0.000000,1.000000,0.000000,0.000000,0.000000,0,0,0,0.000000,0.0000250000,0,,,,,296.199928
378,1000,stock,237.136749,36,3,190,0.367879,-1.000000,-1.000000,0.000000,1.000000,0.000000,0.000000,0.000000,0,0,0,0.000000,0.0000250000,0,,,,,296.199928
379,1000,donut_ring,576.028109,85,0,1801,0.367879,-1.000000,-1.000000,0.000000,1.000000,0.000000,0.000000,0.000000,0,0,0,0.000000,0.0000250000,0,,,,,296.199928
380,1000,vertical_wall_left,61.450426,11,3,169,0.367879,-1.000000,-1.000000,0.000000,1.000000,0.000000,0.000000,0.000000,0,0,0,0.000000,0.0000250000,0,296.199928,223.009097,287,23,296.199928
381,1000,vertical_wall_left,122.909197,20,3,316,0.367879,-1.000000,-1.000000,0.000000,1.000000,0.000000,0.000000,0.000000,0,0,0,0.000000,0.0000250000,0,,,,,296.199928
382,1000,donut_ring,467.616265,70,0,1801,0.367879,-1.000000,-1.000000,0.000000,1.000000,0.000000,0.000000,0.000000,0,0,0,0.000000,0.0000250000,0,,,,,296.199928
383,1000,stock,292.379986,44,3,209,0.367879,-1.000000,-1.000000,0.000000,1.000000,0.000000,0.000000,0.000000,0,0,0,0.000000,0.0000250000,0,,,,,296.199928
384,1000,donut_ring,417.271725,64,0,1801,0.367879,-1.000000,-1.000000,0.000000,1.000000,0.000000,0.000000,0.000000,0,0,0,0.000000,0.0000250000,0,,,,,296.199928
385,1000,vertical_wall_left,314.156438,48,3,726,0.367879,-1.000000,-1.000000,0.000000,1.000000,0.000000,0.000000,0.000000,0,0,0,0.000000,0.0000250000,0,,,,,296.199928
386,1000,donut_ring,571.389237,85,0,1801,0.367879,-1.000000,-1.000000,0.000000,1.000000,0.000000,0.000000,0.000000,0,0,0,0.000000,0.0000250000,0,,,,,296.199928
387,1000,vertical_wall_left,118.592083,19,3,140,0.367879,-1.000000,-1.000000,0.000000,1.000000,0.000000,0.000000,0.000000,0,0,0,0.000000,0.0000250000,0,,,,,296.199928
388,1000,donut_ring,573.288731,88,2,1801,0.367879,-1.000000,-1.000000,0.000000,1.000000,0.000000,0.000000,0.000000,0,0,0,0.000000,0.0000250000,0,,,,,296.199928
389,1000,stock,325.346932,49,3,284,0.367879,-1.000000,-1.000000,0.000000,1.000000,0.000000,0.000000,0.000000,0,0,0,0.000000,0.0000250000,0,,,,,296.199928
390,1000,stock,263.603673,40,3,231,0.367879,-1.000000,-1.000000,0.000000,1.000000,0.000000,0.000000,0.000000,0,0,0,0.000000,0.0000250000,0,,,,,296.199928
391,1000,donut_ring,588.097382,86,0,1801,0.367879,-1.000000,-1.000000,0.000000,1.000000,0.000000,0.000000,0.000000,0,0,0,0.000000,0.0000250000,0,,,,,296.199928
392,1000,stock,132.694562,21,3,169,0.367879,-1.000000,-1.000000,0.000000,1.000000,0.000000,0.000000,0.000000,0,0,0,0.000000,0.0000250000,0,,,,,296.199928
393,1000,vertical_wall_left,191.930459,30,3,294,0.367879,-1.000000,-1.000000,0.000000,1.000000,0.000000,0.000000,0.000000,0,0,0,0.000000,0.0000250000,0,,,,,296.199928
394,1000,donut_ring,508.505797,76,0,1801,0.367879,-1.000000,-1.000000,0.000000,1.000000,0.000000,0.000000,0.000000,0,0,0,0.000000,0.0000250000,0,,,,,296.199928
395,1000,donut_ring,580.022188,87,1,1801,0.367879,-1.000000,-1.000000,0.000000,1.000000,0.000000,0.000000,0.000000,0,0,0,0.000000,0.0000250000,0,,,,,296.199928
396,1000,stock,257.922972,39,3,191,0.367879,-1.000000,-1.000000,0.000000,1.000000,0.000000,0.000000,0.000000,0,0,0,0.000000,0.0000250000,0,,,,,296.199928
397,1000,vertical_wall_left,406.253216,61,3,678,0.367879,-1.000000,-1.000000,0.000000,1.000000,0.000000,0.000000,0.000000,0,0,0,0.000000,0.0000250000,0,,,,,296.199928
398,1000,vertical_wall_left,246.970830,39,3,1052,0.367879,-1.000000,-1.000000,0.000000,1.000000,0.000000,0.000000,0.000000,0,0,0,0.000000,0.0000250000,0,,,,,296.199928
399,1000,donut_ring,510.755991,76,0,1801,0.367879,-1.000000,-1.000000,0.000000,1.000000,0.000000,0.000000,0.000000,0,0,0,0.000000,0.0000250000,0,,,,,296.199928
400,1000,stock,339.420392,51,3,279,0.367879,-1.000000,-1.000000,0.000000,1.000000,0.000000,0.000000,0.000000,0,0,0,0.000000,0.0000250000,0,296.199928,223.009097,287,23,296.199928
401,1000,vertical_wall_left,158.950220,25,3,199,0.367879,-1.000000,-1.000000,0.000000,1.000000,0.000000,0.000000,0.000000,0,0,0,0.000000,0.0000250000,0,,,,,296.199928
402,1000,vertical_wall_left,273.762213,42,3,515,0.367879,-1.000000,-1.000000,0.000000,1.000000,0.000000,0.000000,0.000000,0,0,0,0.000000,0.0000250000,0,,,,,296.199928
403,1000,donut_ring,208.254670,34,0,1801,0.367879,-1.000000,-1.000000,0.000000,1.000000,0.000000,0.000000,0.000000,0,0,0,0.000000,0.0000250000,0,,,,,296.199928
404,1000,vertical_wall_left,151.186041,24,3,275,0.367879,-1.000000,-1.000000,0.000000,1.000000,0.000000,0.000000,0.000000,0,0,0,0.000000,0.0000250000,0,,,,,296.199928
405,1000,donut_ring,561.283321,83,0,1801,0.367879,-1.000000,-1.000000,0.000000,1.000000,0.000000,0.000000,0.000000,0,0,0,0.000000,0.0000250000,0,,,,,296.199928
406,1000,stock,290.308458,44,3,285,0.367879,-1.000000,-1.000000,0.000000,1.000000,0.000000,0.000000,0.000000,0,0,0,0.000000,0.0000250000,0,,,,,296.199928
407,1000,stock,214.172921,33,3,242,0.367879,-1.000000,-1.000000,0.000000,1.000000,0.000000,0.000000,0.000000,0,0,0,0.000000,0.0000250000,0,,,,,296.199928
408,1000,stock,185.395393,29,3,265,0.367879,-1.000000,-1.000000,0.000000,1.000000,0.000000,0.000000,0.000000,0,0,0,0.000000,0.0000250000,0,,,,,296.199928
409,1000,stock,174.678294,27,3,173,0.367879,-1.000000,-1.000000,0.000000,1.000000,0.000000,0.000000,0.000000,0,0,0,0.000000,0.0000250000,0,,,,,296.199928
410,1000,donut_ring,331.866483,51,0,1801,0.367879,-1.000000,-1.000000,0.000000,1.000000,0.000000,0.000000,0.000000,0,0,0,0.000000,0.0000250000,0,,,,,296.199928
411,1000,stock,185.207347,29,3,281,0.367879,-1.000000,-1.000000,0.000000,1.000000,0.000000,0.000000,0.000000,0,0,0,0.000000,0.0000250000,0,,,,,296.199928
412,1000,vertical_wall_left,132.600128,21,3,252,0.367879,-1.000000,-1.000000,0.000000,1.000000,0.000000,0.000000,0.000000,0,0,0,0.000000,0.0000250000,0,,,,,296.199928
413,1000,vertical_wall_left,214.810750,33,3,224,0.367879,-1.000000,-1.000000,0.000000,1.000000,0.000000,0.000000,0.000000,0,0,0,0.000000,0.0000250000,0,,,,,296.199928
414,1000,donut_ring,504.395626,75,0,1801,0.367879,-1.000000,-1.000000,0.000000,1.000000,0.000000,0.000000,0.000000,0,0,0,0.000000,0.0000250000,0,,,,,296.199928
415,1000,vertical_wall_left,117.444261,19,3,167,0.367879,-1.000000,-1.000000,0.000000,1.000000,0.000000,0.000000,0.000000,0,0,0,0.000000,0.0000250000,0,,,,,296.199928
416,1000,stock,310.814866,47,3,287,0.367879,-1.000000,-1.000000,0.000000,1.000000,0.000000,0.000000,0.000000,0,0,0,0.000000,0.0000250000,0,,,,,296.199928
417,1000,stock,269.535559,41,3,272,0.367879,-1.000000,-1.000000,0.000000,1.000000,0.000000,0.000000,0.000000,0,0,0,0.000000,0.0000250000,0,,,,,296.199928
418,1000,vertical_wall_left,199.588632,31,3,354,0.367879,-1.000000,-1.000000,0.000000,1.000000,0.000000,0.000000,0.000000,0,0,0,0.000000,0.0000250000,0,,,,,296.199928
419,1000,donut_ring,523.675816,79,0,1801,0.367879,-1.000000,-1.000000,0.000000,1.000000,0.000000,0.000000,0.000000,0,0,0,0.000000,0.0000250000,0,,,,,296.199928
420,1000,donut_ring,536.279164,80,0,1801,0.367879,-1.000000,-1.000000,0.000000,1.000000,0.000000,0.000000,0.000000,0,0,0,0.000000,0.0000250000,0,296.199928,223.009097,287,23,296.199928
421,1000,stock,297.684383,45,3,276,0.367879,-1.000000,-1.000000,0.000000,1.000000,0.000000,0.000000,0.000000,0,0,0,0.000000,0.0000250000,0,,,,,296.199928
422,1000,vertical_wall_left,444.746204,66,3,409,0.367879,-1.000000,-1.000000,0.000000,1.000000,0.000000,0.000000,0.000000,0,0,0,0.000000,0.0000250000,0,,,,,296.199928
423,1000,vertical_wall_left,216.081998,33,3,270,0.367879,-1.000000,-1.000000,0.000000,1.000000,0.000000,0.000000,0.000000,0,0,0,0.000000,0.0000250000,0,,,,,296.199928
424,1000,donut_ring,459.394616,69,0,1801,0.367879,-1.000000,-1.000000,0.000000,1.000000,0.000000,0.000000,0.000000,0,0,0,0.000000,0.0000250000,0,,,,,296.199928
425,1000,donut_ring,532.543603,79,0,1801,0.367879,-1.000000,-1.000000,0.000000,1.000000,0.000000,0.000000,0.000000,0,0,0,0.000000,0.0000250000,0,,,,,296.199928
426,1000,stock,278.457000,42,3,207,0.367879,-1.000000,-1.000000,0.000000,1.000000,0.000000,0.000000,0.000000,0,0,0,0.000000,0.0000250000,0,,,,,296.199928
427,1000,donut_ring,400.484725,61,0,1801,0.367879,-1.000000,-1.000000,0.000000,1.000000,0.000000,0.000000,0.000000,0,0,0,0.000000,0.0000250000,0,,,,,296.199928
428,1000,donut_ring,442.504497,67,0,1801,0.367879,-1.000000,-1.000000,0.000000,1.000000,0.000000,0.000000,0.000000,0,0,0,0.000000,0.0000250000,0,,,,,296.199928
429,1000,vertical_wall_left,181.667086,28,3,256,0.367879,-1.000000,-1.000000,0.000000,1.000000,0.000000,0.000000,0.000000,0,0,0,0.000000,0.0000250000,0,,,,,296.199928
430,1000,stock,214.055137,33,3,250,0.367879,-1.000000,-1.000000,0.000000,1.000000,0.000000,0.000000,0.000000,0,0,0,0.000000,0.0000250000,0,,,,,296.199928
431,1000,vertical_wall_left,207.888000,32,3,311,0.367879,-1.000000,-1.000000,0.000000,1.000000,0.000000,0.000000,0.000000,0,0,0,0.000000,0.0000250000,0,,,,,296.199928
432,1000,stock,247.958090,38,3,284,0.367879,-1.000000,-1.000000,0.000000,1.000000,0.000000,0.000000,0.000000,0,0,0,0.000000,0.0000250000,0,,,,,296.199928
433,1000,vertical_wall_left,159.860667,25,3,262,0.367879,-1.000000,-1.000000,0.000000,1.000000,0.000000,0.000000,0.000000,0,0,0,0.000000,0.0000250000,0,,,,,296.199928
434,1000,donut_ring,483.006524,74,1,1801,0.367879,-1.000000,-1.000000,0.000000,1.000000,0.000000,0.000000,0.000000,0,0,0,0.000000,0.0000250000,0,,,,,296.199928
435,1000,donut_ring,488.757720,75,0,1801,0.367879,-1.000000,-1.000000,0.000000,1.000000,0.000000,0.000000,0.000000,0,0,0,0.000000,0.0000250000,0,,,,,296.199928
436,1000,stock,380.272635,57,3,324,0.367879,-1.000000,-1.000000,0.000000,1.000000,0.000000,0.000000,0.000000,0,0,0,0.000000,0.0000250000,0,,,,,296.199928
437,1000,stock,199.007183,31,3,266,0.367879,-1.000000,-1.000000,0.000000,1.000000,0.000000,0.000000,0.000000,0,0,0,0.000000,0.0000250000,0,,,,,296.199928
438,1000,vertical_wall_left,165.726161,26,3,318,0.367879,-1.000000,-1.000000,0.000000,1.000000,0.000000,0.000000,0.000000,0,0,0,0.000000,0.0000250000,0,,,,,296.199928
439,1000,donut_ring,637.306463,94,0,1801,0.367879,-1.000000,-1.000000,0.000000,1.000000,0.000000,0.000000,0.000000,0,0,0,0.000000,0.0000250000,0,,,,,296.199928
440,1000,vertical_wall_left,150.374229,24,3,313,0.367879,-1.000000,-1.000000,0.000000,1.000000,0.000000,0.000000,0.000000,0,0,0,0.000000,0.0000250000,0,296.199928,223.009097,287,23,296.199928
441,1000,stock,200.108134,31,3,258,0.367879,-1.000000,-1.000000,0.000000,1.000000,0.000000,0.000000,0.000000,0,0,0,0.000000,0.0000250000,0,,,,,296.199928
442,1000,stock,267.705412,41,3,306,0.367879,-1.000000,-1.000000,0.000000,1.000000,0.000000,0.000000,0.000000,0,0,0,0.000000,0.0000250000,0,,,,,296.199928
443,1000,stock,210.039852,32,3,178,0.367879,-1.000000,-1.000000,0.000000,1.000000,0.000000,0.000000,0.000000,0,0,0,0.000000,0.0000250000,0,,,,,296.199928
444,1000,donut_ring,503.815029,75,0,1801,0.367879,-1.000000,-1.000000,0.000000,1.000000,0.000000,0.000000,0.000000,0,0,0,0.000000,0.0000250000,0,,,,,296.199928
445,1000,vertical_wall_left,370.945840,56,3,627,0.367879,-1.000000,-1.000000,0.000000,1.000000,0.000000,0.000000,0.000000,0,0,0,0.000000,0.0000250000,0,,,,,296.199928
446,1000,donut_ring,303.947173,48,0,1801,0.367879,-1.000000,-1.000000,0.000000,1.000000,0.000000,0.000000,0.000000,0,0,0,0.000000,0.0000250000,0,,,,,296.199928
447,1000,donut_ring,485.059647,73,0,1801,0.367879,-1.000000,-1.000000,0.000000,1.000000,0.000000,0.000000,0.000000,0,0,0,0.000000,0.0000250000,0,,,,,296.199928
448,1000,donut_ring,521.407920,77,0,1801,0.367879,-1.000000,-1.000000,0.000000,1.000000,0.000000,0.000000,0.000000,0,0,0,0.000000,0.0000250000,0,,,,,296.199928
449,1000,donut_ring,252.860032,40,0,1801,0.367879,-1.000000,-1.000000,0.000000,1.000000,0.000000,0.000000,0.000000,0,0,0,0.000000,0.0000250000,0,,,,,296.199928
450,1000,stock,408.300736,61,3,310,0.367879,-1.000000,-1.000000,0.000000,1.000000,0.000000,0.000000,0.000000,0,0,0,0.000000,0.0000250000,0,,,,,296.199928
451,1000,vertical_wall_left,194.101074,30,3,312,0.367879,-1.000000,-1.000000,0.000000,1.000000,0.000000,0.000000,0.000000,0,0,0,0.000000,0.0000250000,0,,,,,296.199928
452,1000,vertical_wall_left,82.855531,14,3,166,0.367879,-1.000000,-1.000000,0.000000,1.000000,0.000000,0.000000,0.000000,0,0,0,0.000000,0.0000250000,0,,,,,296.199928
453,1000,stock,199.956142,31,3,252,0.367879,-1.000000,-1.000000,0.000000,1.000000,0.000000,0.000000,0.000000,0,0,0,0.000000,0.0000250000,0,,,,,296.199928
454,1000,stock,269.081233,41,3,277,0.367879,-1.000000,-1.000000,0.000000,1.000000,0.000000,0.000000,0.000000,0,0,0,0.000000,0.0000250000,0,,,,,296.199928
455,1000,stock,276.377791,42,3,274,0.367879,-1.000000,-1.000000,0.000000,1.000000,0.000000,0.000000,0.000000,0,0,0,0.000000,0.0000250000,0,,,,,296.199928
456,1000,vertical_wall_left,188.749674,29,3,267,0.367879,-1.000000,-1.000000,0.000000,1.000000,0.000000,0.000000,0.000000,0,0,0,0.000000,0.0000250000,0,,,,,296.199928
457,1000,vertical_wall_left,298.033874,45,3,445,0.367879,-1.000000,-1.000000,0.000000,1.000000,0.000000,0.000000,0.000000,0,0,0,0.000000,0.0000250000,0,,,,,296.199928
458,1000,donut_ring,439.514535,68,2,1801,0.367879,-1.000000,-1.000000,0.000000,1.000000,0.000000,0.000000,0.000000,0,0,0,0.000000,0.0000250000,0,,,,,296.199928
459,1000,stock,234.627910,36,3,272,0.367879,-1.000000,-1.000000,0.000000,1.000000,0.000000,0.000000,0.000000,0,0,0,0.000000,0.0000250000,0,,,,,296.199928
460,1000,vertical_wall_left,283.063141,43,3,457,0.367879,-1.000000,-1.000000,0.000000,1.000000,0.000000,0.000000,0.000000,0,0,0,0.000000,0.0000250000,0,296.199928,223.009097,287,23,296.199928
461,1000,stock,283.964655,43,3,260,0.367879,-1.000000,-1.000000,0.000000,1.000000,0.000000,0.000000,0.000000,0,0,0,0.000000,0.0000250000,0,,,,,296.199928
462,1000,stock,264.041261,40,3,223,0.367879,-1.000000,-1.000000,0.000000,1.000000,0.000000,0.000000,0.000000,0,0,0,0.000000,0.0000250000,0,,,,,296.199928
463,1000,donut_ring,643.563766,95,1,1801,0.367879,-1.000000,-1.000000,0.000000,1.000000,0.000000,0.000000,0.000000,0,0,0,0.000000,0.0000250000,0,,,,,296.199928
464,1000,stock,268.104944,41,3,286,0.367879,-1.000000,-1.000000,0.000000,1.000000,0.000000,0.000000,0.000000,0,0,0,0.000000,0.0000250000,0,,,,,296.199928
465,1000,stock,247.818871,38,3,293,0.367879,-1.000000,-1.000000,0.000000,1.000000,0.000000,0.000000,0.000000,0,0,0,0.000000,0.0000250000,0,,,,,296.199928
466,1000,stock,283.176549,43,3,272,0.367879,-1.000000,-1.000000,0.000000,1.000000,0.000000,0.000000,0.000000,0,0,0,0.000000,0.0000250000,0,,,,,296.199928
467,1000,stock,250.152877,38,3,217,0.367879,-1.000000,-1.000000,0.000000,1.000000,0.000000,0.000000,0.000000,0,0,0,0.000000,0.0000250000,0,,,,,296.199928
468,1000,donut_ring,622.118199,92,0,1801,0.367879,-1.000000,-1.000000,0.000000,1.000000,0.000000,0.000000,0.000000,0,0,0,0.000000,0.0000250000,0,,,,,296.199928
469,1000,vertical_wall_left,75.979665,13,3,166,0.367879,-1.000000,-1.000000,0.000000,1.000000,0.000000,0.000000,0.000000,0,0,0,0.000000,0.0000250000,0,,,,,296.199928
470,1000,donut_ring,415.824970,63,0,1801,0.367879,-1.000000,-1.000000,0.000000,1.000000,0.000000,0.000000,0.000000,0,0,0,0.000000,0.0000250000,0,,,,,296.199928
471,1000,stock,380.364387,57,3,316,0.367879,-1.000000,-1.000000,0.000000,1.000000,0.000000,0.000000,0.000000,0,0,0,0.000000,0.0000250000,0,,,,,296.199928
472,1000,donut_ring,452.168590,68,0,1801,0.367879,-1.000000,-1.000000,0.000000,1.000000,0.000000,0.000000,0.000000,0,0,0,0.000000,0.0000250000,0,,,,,296.199928
473,1000,stock,282.938421,43,3,297,0.367879,-1.000000,-1.000000,0.000000,1.000000,0.000000,0.000000,0.000000,0,0,0,0.000000,0.0000250000,0,,,,,296.199928
474,1000,donut_ring,343.437624,53,1,1801,0.367879,-1.000000,-1.000000,0.000000,1.000000,0.000000,0.000000,0.000000,0,0,0,0.000000,0.0000250000,0,,,,,296.199928
475,1000,donut_ring,310.953255,48,0,1801,0.367879,-1.000000,-1.000000,0.000000,1.000000,0.000000,0.000000,0.000000,0,0,0,0.000000,0.0000250000,0,,,,,296.199928
476,1000,stock,325.868211,49,3,284,0.367879,-1.000000,-1.000000,0.000000,1.000000,0.000000,0.000000,0.000000,0,0,0,0.000000,0.0000250000,0,,,,,296.199928
477,1000,vertical_wall_left,180.892862,28,3,159,0.367879,-1.000000,-1.000000,0.000000,1.000000,0.000000,0.000000,0.000000,0,0,0,0.000000,0.0000250000,0,,,,,296.199928
478,1000,donut_ring,503.233770,75,0,1801,0.367879,-1.000000,-1.000000,0.000000,1.000000,0.000000,0.000000,0.000000,0,0,0,0.000000,0.0000250000,0,,,,,296.199928
479,1000,stock,230.172105,35,3,194,0.367879,-1.000000,-1.000000,0.000000,1.000000,0.000000,0.000000,0.000000,0,0,0,0.000000,0.0000250000,0,,,,,296.199928
480,1000,donut_ring,588.052209,88,1,1801,0.367879,-1.000000,-1.000000,0.000000,1.000000,0.000000,0.000000,0.000000,0,0,0,0.000000,0.0000250000,0,296.199928,223.009097,287,23,296.199928
481,1000,vertical_wall_left,109.751982,18,3,259,0.367879,-1.000000,-1.000000,0.000000,1.000000,0.000000,0.000000,0.000000,0,0,0,0.000000,0.0000250000,0,,,,,296.199928
482,1000,stock,297.222325,45,3,281,0.367879,-1.000000,-1.000000,0.000000,1.000000,0.000000,0.000000,0.000000,0,0,0,0.000000,0.0000250000,0,,,,,296.199928
483,1000,vertical_wall_left,205.298673,32,3,401,0.367879,-1.000000,-1.000000,0.000000,1.000000,0.000000,0.000000,0.000000,0,0,0,0.000000,0.0000250000,0,,,,,296.199928
484,1000,donut_ring,463.382617,69,0,1801,0.367879,-1.000000,-1.000000,0.000000,1.000000,0.000000,0.000000,0.000000,0,0,0,0.000000,0.0000250000,0,,,,,296.199928
485,1000,donut_ring,451.538508,68,0,1801,0.367879,-1.000000,-1.000000,0.000000,1.000000,0.000000,0.000000,0.000000,0,0,0,0.000000,0.0000250000,0,,,,,296.199928
486,1000,donut_ring,587.669323,87,0,1801,0.367879,-1.000000,-1.000000,0.000000,1.000000,0.000000,0.000000,0.000000,0,0,0,0.000000,0.0000250000,0,,,,,296.199928
487,1000,donut_ring,546.407941,81,0,1801,0.367879,-1.000000,-1.000000,0.000000,1.000000,0.000000,0.000000,0.000000,0,0,0,0.000000,0.0000250000,0,,,,,296.199928
488,1000,vertical_wall_left,345.334500,52,3,486,0.367879,-1.000000,-1.000000,0.000000,1.000000,0.000000,0.000000,0.000000,0,0,0,0.000000,0.0000250000,0,,,,,296.199928
489,1000,stock,470.746159,70,3,341,0.367879,-1.000000,-1.000000,0.000000,1.000000,0.000000,0.000000,0.000000,0,0,0,0.000000,0.0000250000,0,,,,,296.199928
490,1000,stock,270.980292,41,3,216,0.367879,-1.000000,-1.000000,0.000000,1.000000,0.000000,0.000000,0.000000,0,0,0,0.000000,0.0000250000,0,,,,,296.199928
491,1000,vertical_wall_left,251.588507,38,3,283,0.367879,-1.000000,-1.000000,0.000000,1.000000,0.000000,0.000000,0.000000,0,0,0,0.000000,0.0000250000,0,,,,,296.199928
492,1000,donut_ring,403.341868,61,0,1801,0.367879,-1.000000,-1.000000,0.000000,1.000000,0.000000,0.000000,0.000000,0,0,0,0.000000,0.0000250000,0,,,,,296.199928
493,1000,donut_ring,443.798110,68,0,1801,0.367879,-1.000000,-1.000000,0.000000,1.000000,0.000000,0.000000,0.000000,0,0,0,0.000000,0.0000250000,0,,,,,296.199928
494,1000,vertical_wall_left,393.879274,59,3,513,0.367879,-1.000000,-1.000000,0.000000,1.000000,0.000000,0.000000,0.000000,0,0,0,0.000000,0.0000250000,0,,,,,296.199928
495,1000,donut_ring,319.805460,50,0,1801,0.367879,-1.000000,-1.000000,0.000000,1.000000,0.000000,0.000000,0.000000,0,0,0,0.000000,0.0000250000,0,,,,,296.199928
496,1000,donut_ring,465.439524,70,0,1801,0.367879,-1.000000,-1.000000,0.000000,1.000000,0.000000,0.000000,0.000000,0,0,0,0.000000,0.0000250000,0,,,,,296.199928
497,1000,donut_ring,405.706886,61,0,1801,0.367879,-1.000000,-1.000000,0.000000,1.000000,0.000000,0.000000,0.000000,0,0,0,0.000000,0.0000250000,0,,,,,296.199928
498,1000,donut_ring,506.946871,76,0,1801,0.367879,-1.000000,-1.000000,0.000000,1.000000,0.000000,0.000000,0.000000,0,0,0,0.000000,0.0000250000,0,,,,,296.199928
499,1000,stock,325.435978,49,3,281,0.367879,-1.000000,-1.000000,0.000000,1.000000,0.000000,0.000000,0.000000,0,0,0,0.000000,0.0000250000,0,,,,,296.199928
500,1000,donut_ring,476.443292,72,0,1801,0.367879,-1.000000,-1.000000,0.000000,1.000000,0.000000,0.000000,0.000000,0,0,0,0.000000,0.0000250000,0,296.199928,223.009097,287,23,296.199928
501,1000,donut_ring,458.098146,70,1,1801,0.367879,-1.000000,-1.000000,0.000000,1.000000,0.000000,0.000000,0.000000,0,0,0,0.000000,0.0000250000,0,,,,,296.199928
502,1000,stock,230.298765,35,3,185,0.367879,-1.000000,-1.000000,0.000000,1.000000,0.000000,0.000000,0.000000,0,0,0,0.000000,0.0000250000,0,,,,,296.199928
503,1000,donut_ring,517.520009,78,1,1801,0.367879,-1.000000,-1.000000,0.000000,1.000000,0.000000,0.000000,0.000000,0,0,0,0.000000,0.0000250000,0,,,,,296.199928
504,1000,vertical_wall_left,96.522939,16,3,167,0.367879,-1.000000,-1.000000,0.000000,1.000000,0.000000,0.000000,0.000000,0,0,0,0.000000,0.0000250000,0,,,,,296.199928
505,1000,donut_ring,540.587953,80,0,1801,0.367879,-1.000000,-1.000000,0.000000,1.000000,0.000000,0.000000,0.000000,0,0,0,0.000000,0.0000250000,0,,,,,296.199928
506,1000,donut_ring,414.000768,63,0,1801,0.367879,-1.000000,-1.000000,0.000000,1.000000,0.000000,0.000000,0.000000,0,0,0,0.000000,0.0000250000,0,,,,,296.199928
507,1000,vertical_wall_left,275.784087,42,3,465,0.367879,-1.000000,-1.000000,0.000000,1.000000,0.000000,0.000000,0.000000,0,0,0,0.000000,0.0000250000,0,,,,,296.199928
508,1000,donut_ring,367.580244,56,0,1801,0.367879,-1.000000,-1.000000,0.000000,1.000000,0.000000,0.000000,0.000000,0,0,0,0.000000,0.0000250000,0,,,,,296.199928
509,1000,stock,191.898814,30,3,284,0.367879,-1.000000,-1.000000,0.000000,1.000000,0.000000,0.000000,0.000000,0,0,0,0.000000,0.0000250000,0,,,,,296.199928
510,1000,donut_ring,514.787000,77,0,1801,0.367879,-1.000000,-1.000000,0.000000,1.000000,0.000000,0.000000,0.000000,0,0,0,0.000000,0.0000250000,0,,,,,296.199928
511,1000,stock,358.527508,54,3,330,0.367879,-1.000000,-1.000000,0.000000,1.000000,0.000000,0.000000,0.000000,0,0,0,0.000000,0.0000250000,0,,,,,296.199928
512,1000,stock,366.213436,55,3,312,0.367879,-1.000000,-1.000000,0.000000,1.000000,0.000000,0.000000,0.000000,0,0,0,0.000000,0.0000250000,0,,,,,296.199928
513,1000,stock,276.346170,42,3,278,0.367879,-1.000000,-1.000000,0.000000,1.000000,0.000000,0.000000,0.000000,0,0,0,0.000000,0.0000250000,0,,,,,296.199928
514,1000,vertical_wall_left,320.312020,48,3,274,0.367879,-1.000000,-1.000000,0.000000,1.000000,0.000000,0.000000,0.000000,0,0,0,0.000000,0.0000250000,0,,,,,296.199928
515,1000,donut_ring,502.947846,75,0,1801,0.367879,-1.000000,-1.000000,0.000000,1.000000,0.000000,0.000000,0.000000,0,0,0,0.000000,0.0000250000,0,,,,,296.199928
516,1000,vertical_wall_left,151.048699,24,3,274,0.367879,-1.000000,-1.000000,0.000000,1.000000,0.000000,0.000000,0.000000,0,0,0,0.000000,0.0000250000,0,,,,,296.199928
517,1000,vertical_wall_left,221.188886,34,3,293,0.367879,-1.000000,-1.000000,0.000000,1.000000,0.000000,0.000000,0.000000,0,0,0,0.000000,0.0000250000,0,,,,,296.199928
518,1000,vertical_wall_left,234.739274,36,3,284,0.367879,-1.000000,-1.000000,0.000000,1.000000,0.000000,0.000000,0.000000,0,0,0,0.000000,0.0000250000,0,,,,,296.199928
519,1000,donut_ring,551.256191,83,1,1801,0.367879,-1.000000,-1.000000,0.000000,1.000000,0.000000,0.000000,0.000000,0,0,0,0.000000,0.0000250000,0,,,,,296.199928
520,1000,vertical_wall_left,110.745193,18,3,169,0.367879,-1.000000,-1.000000,0.000000,1.000000,0.000000,0.000000,0.000000,0,0,0,0.000000,0.0000250000,0,296.199928,223.009097,287,23,296.199928
521,1000,donut_ring,523.241975,78,0,1801,0.367879,-1.000000,-1.000000,0.000000,1.000000,0.000000,0.000000,0.000000,0,0,0,0.000000,0.0000250000,0,,,,,296.199928
522,1000,vertical_wall_left,605.604577,90,3,891,0.367879,-1.000000,-1.000000,0.000000,1.000000,0.000000,0.000000,0.000000,0,0,0,0.000000,0.0000250000,0,,,,,296.199928
523,1000,stock,394.178886,59,3,317,0.367879,-1.000000,-1.000000,0.000000,1.000000,0.000000,0.000000,0.000000,0,0,0,0.000000,0.0000250000,0,,,,,296.199928
524,1000,vertical_wall_left,101.034530,17,3,288,0.367879,-1.000000,-1.000000,0.000000,1.000000,0.000000,0.000000,0.000000,0,0,0,0.000000,0.0000250000,0,,,,,296.199928
525,1000,vertical_wall_left,96.723100,16,3,166,0.367879,-1.000000,-1.000000,0.000000,1.000000,0.000000,0.000000,0.000000,0,0,0,0.000000,0.0000250000,0,,,,,296.199928
526,1000,stock,339.069575,51,3,280,0.367879,-1.000000,-1.000000,0.000000,1.000000,0.000000,0.000000,0.000000,0,0,0,0.000000,0.0000250000,0,,,,,296.199928
527,1000,donut_ring,488.623624,73,0,1801,0.367879,-1.000000,-1.000000,0.000000,1.000000,0.000000,0.000000,0.000000,0,0,0,0.000000,0.0000250000,0,,,,,296.199928
528,1000,stock,242.953515,37,3,225,0.367879,-1.000000,-1.000000,0.000000,1.000000,0.000000,0.000000,0.000000,0,0,0,0.000000,0.0000250000,0,,,,,296.199928
529,1000,donut_ring,438.444905,66,0,1801,0.367879,-1.000000,-1.000000,0.000000,1.000000,0.000000,0.000000,0.000000,0,0,0,0.000000,0.0000250000,0,,,,,296.199928
530,1000,stock,380.021601,57,3,340,0.367879,-1.000000,-1.000000,0.000000,1.000000,0.000000,0.000000,0.000000,0,0,0,0.000000,0.0000250000,0,,,,,296.199928
531,1000,donut_ring,490.612972,74,0,1801,0.367879,-1.000000,-1.000000,0.000000,1.000000,0.000000,0.000000,0.000000,0,0,0,0.000000,0.0000250000,0,,,,,296.199928
532,1000,stock,264.528635,40,3,216,0.367879,-1.000000,-1.000000,0.000000,1.000000,0.000000,0.000000,0.000000,0,0,0,0.000000,0.0000250000,0,,,,,296.199928
533,1000,stock,278.160568,42,3,217,0.367879,-1.000000,-1.000000,0.000000,1.000000,0.000000,0.000000,0.000000,0,0,0,0.000000,0.0000250000,0,,,,,296.199928
534,1000,stock,269.971555,41,3,258,0.367879,-1.000000,-1.000000,0.000000,1.000000,0.000000,0.000000,0.000000,0,0,0,0.000000,0.0000250000,0,,,,,296.199928
535,1000,stock,268.594311,41,3,298,0.367879,-1.000000,-1.000000,0.000000,1.000000,0.000000,0.000000,0.000000,0,0,0,0.000000,0.0000250000,0,,,,,296.199928
536,1000,stock,250.837943,38,3,197,0.367879,-1.000000,-1.000000,0.000000,1.000000,0.000000,0.000000,0.000000,0,0,0,0.000000,0.0000250000,0,,,,,296.199928
537,1000,stock,367.207801,55,3,283,0.367879,-1.000000,-1.000000,0.000000,1.000000,0.000000,0.000000,0.000000,0,0,0,0.000000,0.0000250000,0,,,,,296.199928
538,1000,vertical_wall_left,117.234017,19,3,278,0.367879,-1.000000,-1.000000,0.000000,1.000000,0.000000,0.000000,0.000000,0,0,0,0.000000,0.0000250000,0,,,,,296.199928
539,1000,donut_ring,495.070628,74,0,1801,0.367879,-1.000000,-1.000000,0.000000,1.000000,0.000000,0.000000,0.000000,0,0,0,0.000000,0.0000250000,0,,,,,296.199928
540,1000,stock,296.946960,45,3,293,0.367879,-1.000000,-1.000000,0.000000,1.000000,0.000000,0.000000,0.000000,0,0,0,0.000000,0.0000250000,0,296.199928,223.009097,287,23,296.199928
541,1000,donut_ring,476.381540,72,0,1801,0.367879,-1.000000,-1.000000,0.000000,1.000000,0.000000,0.000000,0.000000,0,0,0,0.000000,0.0000250000,0,,,,,296.199928
542,1000,vertical_wall_left,193.297412,30,3,347,0.367879,-1.000000,-1.000000,0.000000,1.000000,0.000000,0.000000,0.000000,0,0,0,0.000000,0.0000250000,0,,,,,296.199928
543,1000,vertical_wall_left,160.542961,25,3,143,0.367879,-1.000000,-1.000000,0.000000,1.000000,0.000000,0.000000,0.000000,0,0,0,0.000000,0.0000250000,0,,,,,296.199928
544,1000,stock,278.450649,42,3,206,0.367879,-1.000000,-1.000000,0.000000,1.000000,0.000000,0.000000,0.000000,0,0,0,0.000000,0.0000250000,0,,,,,296.199928
545,1000,stock,282.949156,43,3,300,0.367879,-1.000000,-1.000000,0.000000,1.000000,0.000000,0.000000,0.000000,0,0,0,0.000000,0.0000250000,0,,,,,296.199928
546,1000,donut_ring,513.949515,76,0,1801,0.367879,-1.000000,-1.000000,0.000000,1.000000,0.000000,0.000000,0.000000,0,0,0,0.000000,0.0000250000,0,,,,,296.199928
547,1000,stock,212.614529,33,3,272,0.367879,-1.000000,-1.000000,0.000000,1.000000,0.000000,0.000000,0.000000,0,0,0,0.000000,0.0000250000,0,,,,,296.199928
548,1000,stock,332.414261,50,3,279,0.367879,-1.000000,-1.000000,0.000000,1.000000,0.000000,0.000000,0.000000,0,0,0,0.000000,0.0000250000,0,,,,,296.199928
549,1000,donut_ring,523.860997,78,0,1801,0.367879,-1.000000,-1.000000,0.000000,1.000000,0.000000,0.000000,0.000000,0,0,0,0.000000,0.0000250000,0,,,,,296.199928
550,1000,donut_ring,539.082269,80,0,1801,0.367879,-1.000000,-1.000000,0.000000,1.000000,0.000000,0.000000,0.000000,0,0,0,0.000000,0.0000250000,0,,,,,296.199928
551,1000,donut_ring,617.020937,91,0,1801,0.367879,-1.000000,-1.000000,0.000000,1.000000,0.000000,0.000000,0.000000,0,0,0,0.000000,0.0000250000,0,,,,,296.199928
552,1000,vertical_wall_left,166.304270,26,3,264,0.367879,-1.000000,-1.000000,0.000000,1.000000,0.000000,0.000000,0.000000,0,0,0,0.000000,0.0000250000,0,,,,,296.199928
553,1000,vertical_wall_left,193.145415,30,3,268,0.367879,-1.000000,-1.000000,0.000000,1.000000,0.000000,0.000000,0.000000,0,0,0,0.000000,0.0000250000,0,,,,,296.199928
554,1000,vertical_wall_left,139.509510,22,3,140,0.367879,-1.000000,-1.000000,0.000000,1.000000,0.000000,0.000000,0.000000,0,0,0,0.000000,0.0000250000,0,,,,,296.199928
555,1000,stock,248.190237,38,3,262,0.367879,-1.000000,-1.000000,0.000000,1.000000,0.000000,0.000000,0.000000,0,0,0,0.000000,0.0000250000,0,,,,,296.199928
556,1000,stock,285.212398,43,3,222,0.367879,-1.000000,-1.000000,0.000000,1.000000,0.000000,0.000000,0.000000,0,0,0,0.000000,0.0000250000,0,,,,,296.199928
557,1000,donut_ring,544.605873,81,0,1801,0.367879,-1.000000,-1.000000,0.000000,1.000000,0.000000,0.000000,0.000000,0,0,0,0.000000,0.0000250000,0,,,,,296.199928
558,1000,stock,220.441991,34,3,276,0.367879,-1.000000,-1.000000,0.000000,1.000000,0.000000,0.000000,0.000000,0,0,0,0.000000,0.0000250000,0,,,,,296.199928
559,1000,donut_ring,375.711370,58,0,1801,0.367879,-1.000000,-1.000000,0.000000,1.000000,0.000000,0.000000,0.000000,0,0,0,0.000000,0.0000250000,0,,,,,296.199928
560,1000,stock,324.170039,49,3,317,0.367879,-1.000000,-1.000000,0.000000,1.000000,0.000000,0.000000,0.000000,0,0,0,0.000000,0.0000250000,0,296.199928,223.009097,287,23,296.199928
561,1000,donut_ring,426.375781,65,0,1801,0.367879,-1.000000,-1.000000,0.000000,1.000000,0.000000,0.000000,0.000000,0,0,0,0.000000,0.0000250000,0,,,,,296.199928
562,1000,vertical_wall_left,171.317119,27,3,324,0.367879,-1.000000,-1.000000,0.000000,1.000000,0.000000,0.000000,0.000000,0,0,0,0.000000,0.0000250000,0,,,,,296.199928
563,1000,vertical_wall_left,137.767296,22,3,312,0.367879,-1.000000,-1.000000,0.000000,1.000000,0.000000,0.000000,0.000000,0,0,0,0.000000,0.0000250000,0,,,,,296.199928
564,1000,donut_ring,609.198519,92,2,1801,0.367879,-1.000000,-1.000000,0.000000,1.000000,0.000000,0.000000,0.000000,0,0,0,0.000000,0.0000250000,0,,,,,296.199928
565,1000,stock,196.422890,31,3,369,0.367879,-1.000000,-1.000000,0.000000,1.000000,0.000000,0.000000,0.000000,0,0,0,0.000000,0.0000250000,0,,,,,296.199928
566,1000,stock,192.320191,30,3,263,0.367879,-1.000000,-1.000000,0.000000,1.000000,0.000000,0.000000,0.000000,0,0,0,0.000000,0.0000250000,0,,,,,296.199928
567,1000,stock,317.641806,48,3,290,0.367879,-1.000000,-1.000000,0.000000,1.000000,0.000000,0.000000,0.000000,0,0,0,0.000000,0.0000250000,0,,,,,296.199928
568,1000,donut_ring,533.411775,81,0,1801,0.367879,-1.000000,-1.000000,0.000000,1.000000,0.000000,0.000000,0.000000,0,0,0,0.000000,0.0000250000,0,,,,,296.199928
569,1000,stock,276.718989,42,3,269,0.367879,-1.000000,-1.000000,0.000000,1.000000,0.000000,0.000000,0.000000,0,0,0,0.000000,0.0000250000,0,,,,,296.199928
570,1000,stock,181.546683,28,3,175,0.367879,-1.000000,-1.000000,0.000000,1.000000,0.000000,0.000000,0.000000,0,0,0,0.000000,0.0000250000,0,,,,,296.199928
571,1000,stock,310.930293,47,3,293,0.367879,-1.000000,-1.000000,0.000000,1.000000,0.000000,0.000000,0.000000,0,0,0,0.000000,0.0000250000,0,,,,,296.199928
572,1000,donut_ring,495.035955,74,0,1801,0.367879,-1.000000,-1.000000,0.000000,1.000000,0.000000,0.000000,0.000000,0,0,0,0.000000,0.0000250000,0,,,,,296.199928
573,1000,stock,292.646404,44,3,202,0.367879,-1.000000,-1.000000,0.000000,1.000000,0.000000,0.000000,0.000000,0,0,0,0.000000,0.0000250000,0,,,,,296.199928
574,1000,donut_ring,472.548909,71,0,1801,0.367879,-1.000000,-1.000000,0.000000,1.000000,0.000000,0.000000,0.000000,0,0,0,0.000000,0.0000250000,0,,,,,296.199928
575,1000,stock,271.849402,41,3,200,0.367879,-1.000000,-1.000000,0.000000,1.000000,0.000000,0.000000,0.000000,0,0,0,0.000000,0.0000250000,0,,,,,296.199928
576,1000,stock,248.349568,38,3,282,0.367879,-1.000000,-1.000000,0.000000,1.000000,0.000000,0.000000,0.000000,0,0,0,0.000000,0.0000250000,0,,,,,296.199928
577,1000,stock,298.931864,45,3,235,0.367879,-1.000000,-1.000000,0.000000,1.000000,0.000000,0.000000,0.000000,0,0,0,0.000000,0.0000250000,0,,,,,296.199928
578,1000,donut_ring,419.971819,63,0,1801,0.367879,-1.000000,-1.000000,0.000000,1.000000,0.000000,0.000000,0.000000,0,0,0,0.000000,0.0000250000,0,,,,,296.199928
579,1000,stock,304.082435,46,3,280,0.367879,-1.000000,-1.000000,0.000000,1.000000,0.000000,0.000000,0.000000,0,0,0,0.000000,0.0000250000,0,,,,,296.199928
580,1000,stock,325.386158,49,3,279,0.367879,-1.000000,-1.000000,0.000000,1.000000,0.000000,0.000000,0.000000,0,0,0,0.000000,0.0000250000,0,296.199928,223.009097,287,23,296.199928
581,1000,stock,192.356747,30,3,265,0.367879,-1.000000,-1.000000,0.000000,1.000000,0.000000,0.000000,0.000000,0,0,0,0.000000,0.0000250000,0,,,,,296.199928
582,1000,vertical_wall_left,97.411908,16,3,245,0.367879,-1.000000,-1.000000,0.000000,1.000000,0.000000,0.000000,0.000000,0,0,0,0.000000,0.0000250000,0,,,,,296.199928
583,1000,vertical_wall_left,151.304167,24,3,301,0.367879,-1.000000,-1.000000,0.000000,1.000000,0.000000,0.000000,0.000000,0,0,0,0.000000,0.0000250000,0,,,,,296.199928
584,1000,stock,434.011562,65,3,415,0.367879,-1.000000,-1.000000,0.000000,1.000000,0.000000,0.000000,0.000000,0,0,0,0.000000,0.0000250000,0,,,,,296.199928
585,1000,donut_ring,450.709179,68,0,1801,0.367879,-1.000000,-1.000000,0.000000,1.000000,0.000000,0.000000,0.000000,0,0,0,0.000000,0.0000250000,0,,,,,296.199928
586,1000,donut_ring,541.767478,81,0,1801,0.367879,-1.000000,-1.000000,0.000000,1.000000,0.000000,0.000000,0.000000,0,0,0,0.000000,0.0000250000,0,,,,,296.199928
587,1000,donut_ring,583.049194,88,2,1801,0.367879,-1.000000,-1.000000,0.000000,1.000000,0.000000,0.000000,0.000000,0,0,0,0.000000,0.0000250000,0,,,,,296.199928
588,1000,donut_ring,522.997509,78,0,1801,0.367879,-1.000000,-1.000000,0.000000,1.000000,0.000000,0.000000,0.000000,0,0,0,0.000000,0.0000250000,0,,,,,296.199928
589,1000,vertical_wall_left,97.012319,16,3,153,0.367879,-1.000000,-1.000000,0.000000,1.000000,0.000000,0.000000,0.000000,0,0,0,0.000000,0.0000250000,0,,,,,296.199928
590,1000,donut_ring,553.320737,82,0,1801,0.367879,-1.000000,-1.000000,0.000000,1.000000,0.000000,0.000000,0.000000,0,0,0,0.000000,0.0000250000,0,,,,,296.199928
591,1000,vertical_wall_left,110.756999,18,3,248,0.367879,-1.000000,-1.000000,0.000000,1.000000,0.000000,0.000000,0.000000,0,0,0,0.000000,0.0000250000,0,,,,,296.199928
592,1000,stock,262.107149,40,3,274,0.367879,-1.000000,-1.000000,0.000000,1.000000,0.000000,0.000000,0.000000,0,0,0,0.000000,0.0000250000,0,,,,,296.199928
593,1000,vertical_wall_left,172.527954,27,3,309,0.367879,-1.000000,-1.000000,0.000000,1.000000,0.000000,0.000000,0.000000,0,0,0,0.000000,0.0000250000,0,,,,,296.199928
594,1000,stock,317.111338,48,3,282,0.367879,-1.000000,-1.000000,0.000000,1.000000,0.000000,0.000000,0.000000,0,0,0,0.000000,0.0000250000,0,,,,,296.199928
595,1000,vertical_wall_left,89.990689,15,3,169,0.367879,-1.000000,-1.000000,0.000000,1.000000,0.000000,0.000000,0.000000,0,0,0,0.000000,0.0000250000,0,,,,,296.199928
596,1000,donut_ring,410.865086,61,0,1801,0.367879,-1.000000,-1.000000,0.000000,1.000000,0.000000,0.000000,0.000000,0,0,0,0.000000,0.0000250000,0,,,,,296.199928
597,1000,vertical_wall_left,385.697883,58,3,749,0.367879,-1.000000,-1.000000,0.000000,1.000000,0.000000,0.000000,0.000000,0,0,0,0.000000,0.0000250000,0,,,,,296.199928
598,1000,donut_ring,497.899001,75,0,1801,0.367879,-1.000000,-1.000000,0.000000,1.000000,0.000000,0.000000,0.000000,0,0,0,0.000000,0.0000250000,0,,,,,296.199928
599,1000,vertical_wall_left,71.657971,12,3,76,0.367879,-1.000000,-1.000000,0.000000,1.000000,0.000000,0.000000,0.000000,0,0,0,0.000000,0.0000250000,0,,,,,296.199928
600,1000,stock,285.747090,43,3,213,0.367879,-1.000000,-1.000000,0.000000,1.000000,0.000000,0.000000,0.000000,0,0,0,0.000000,0.0000250000,0,296.199928,223.009097,287,23,296.199928
601,1000,stock,262.865852,40,3,257,0.367879,-1.000000,-1.000000,0.000000,1.000000,0.000000,0.000000,0.000000,0,0,0,0.000000,0.0000250000,0,,,,,296.199928
602,1000,donut_ring,504.231733,75,0,1801,0.367879,-1.000000,-1.000000,0.000000,1.000000,0.000000,0.000000,0.000000,0,0,0,0.000000,0.0000250000,0,,,,,296.199928
603,1000,donut_ring,574.668763,85,0,1801,0.367879,-1.000000,-1.000000,0.000000,1.000000,0.000000,0.000000,0.000000,0,0,0,0.000000,0.0000250000,0,,,,,296.199928
604,1000,donut_ring,534.062578,79,0,1801,0.367879,-1.000000,-1.000000,0.000000,1.000000,0.000000,0.000000,0.000000,0,0,0,0.000000,0.0000250000,0,,,,,296.199928
605,1000,donut_ring,539.571483,80,0,1801,0.367879,-1.000000,-1.000000,0.000000,1.000000,0.000000,0.000000,0.000000,0,0,0,0.000000,0.0000250000,0,,,,,296.199928
606,1000,stock,251.314076,38,3,184,0.367879,-1.000000,-1.000000,0.000000,1.000000,0.000000,0.000000,0.000000,0,0,0,0.000000,0.0000250000,0,,,,,296.199928
607,1000,stock,309.463837,47,3,337,0.367879,-1.000000,-1.000000,0.000000,1.000000,0.000000,0.000000,0.000000,0,0,0,0.000000,0.0000250000,0,,,,,296.199928
608,1000,stock,381.314476,57,3,276,0.367879,-1.000000,-1.000000,0.000000,1.000000,0.000000,0.000000,0.000000,0,0,0,0.000000,0.0000250000,0,,,,,296.199928
609,1000,vertical_wall_left,194.377032,30,3,302,0.367879,-1.000000,-1.000000,0.000000,1.000000,0.000000,0.000000,0.000000,0,0,0,0.000000,0.0000250000,0,,,,,296.199928
610,1000,vertical_wall_left,165.127793,26,3,326,0.367879,-1.000000,-1.000000,0.000000,1.000000,0.000000,0.000000,0.000000,0,0,0,0.000000,0.0000250000,0,,,,,296.199928
611,1000,stock,236.875937,36,3,200,0.367879,-1.000000,-1.000000,0.000000,1.000000,0.000000,0.000000,0.000000,0,0,0,0.000000,0.0000250000,0,,,,,296.199928
612,1000,stock,167.532890,26,3,174,0.367879,-1.000000,-1.000000,0.000000,1.000000,0.000000,0.000000,0.000000,0,0,0,0.000000,0.0000250000,0,,,,,296.199928
613,1000,stock,223.323011,34,3,181,0.367879,-1.000000,-1.000000,0.000000,1.000000,0.000000,0.000000,0.000000,0,0,0,0.000000,0.0000250000,0,,,,,296.199928
614,1000,stock,393.725245,59,3,296,0.367879,-1.000000,-1.000000,0.000000,1.000000,0.000000,0.000000,0.000000,0,0,0,0.000000,0.0000250000,0,,,,,296.199928
615,1000,donut_ring,558.736195,84,1,1801,0.367879,-1.000000,-1.000000,0.000000,1.000000,0.000000,0.000000,0.000000,0,0,0,0.000000,0.0000250000,0,,,,,296.199928
616,1000,donut_ring,507.662041,76,0,1801,0.367879,-1.000000,-1.000000,0.000000,1.000000,0.000000,0.000000,0.000000,0,0,0,0.000000,0.0000250000,0,,,,,296.199928
617,1000,stock,201.848226,31,3,195,0.367879,-1.000000,-1.000000,0.000000,1.000000,0.000000,0.000000,0.000000,0,0,0,0.000000,0.0000250000,0,,,,,296.199928
618,1000,stock,325.366534,49,3,284,0.367879,-1.000000,-1.000000,0.000000,1.000000,0.000000,0.000000,0.000000,0,0,0,0.000000,0.0000250000,0,,,,,296.199928
619,1000,vertical_wall_left,471.651518,70,3,643,0.367879,-1.000000,-1.000000,0.000000,1.000000,0.000000,0.000000,0.000000,0,0,0,0.000000,0.0000250000,0,,,,,296.199928
620,1000,stock,243.824884,37,3,194,0.367879,-1.000000,-1.000000,0.000000,1.000000,0.000000,0.000000,0.000000,0,0,0,0.000000,0.0000250000,0,296.199928,223.009097,287,23,296.199928
621,1000,donut_ring,380.316730,58,0,1801,0.367879,-1.000000,-1.000000,0.000000,1.000000,0.000000,0.000000,0.000000,0,0,0,0.000000,0.0000250000,0,,,,,296.199928
622,1000,stock,267.227107,41,3,343,0.367879,-1.000000,-1.000000,0.000000,1.000000,0.000000,0.000000,0.000000,0,0,0,0.000000,0.0000250000,0,,,,,296.199928
623,1000,stock,186.706172,29,3,241,0.367879,-1.000000,-1.000000,0.000000,1.000000,0.000000,0.000000,0.000000,0,0,0,0.000000,0.0000250000,0,,,,,296.199928
624,1000,donut_ring,512.529633,77,0,1801,0.367879,-1.000000,-1.000000,0.000000,1.000000,0.000000,0.000000,0.000000,0,0,0,0.000000,0.0000250000,0,,,,,296.199928
625,1000,donut_ring,475.944363,71,0,1801,0.367879,-1.000000,-1.000000,0.000000,1.000000,0.000000,0.000000,0.000000,0,0,0,0.000000,0.0000250000,0,,,,,296.199928
626,1000,donut_ring,430.028536,65,0,1801,0.367879,-1.000000,-1.000000,0.000000,1.000000,0.000000,0.000000,0.000000,0,0,0,0.000000,0.0000250000,0,,,,,296.199928
627,1000,stock,257.864381,39,3,197,0.367879,-1.000000,-1.000000,0.000000,1.000000,0.000000,0.000000,0.000000,0,0,0,0.000000,0.0000250000,0,,,,,296.199928
628,1000,donut_ring,550.550432,81,0,1801,0.367879,-1.000000,-1.000000,0.000000,1.000000,0.000000,0.000000,0.000000,0,0,0,0.000000,0.0000250000,0,,,,,296.199928
629,1000,donut_ring,556.723251,82,0,1801,0.367879,-1.000000,-1.000000,0.000000,1.000000,0.000000,0.000000,0.000000,0,0,0,0.000000,0.0000250000,0,,,,,296.199928
630,1000,vertical_wall_left,124.557468,20,3,249,0.367879,-1.000000,-1.000000,0.000000,1.000000,0.000000,0.000000,0.000000,0,0,0,0.000000,0.0000250000,0,,,,,296.199928
631,1000,donut_ring,291.585206,46,0,1801,0.367879,-1.000000,-1.000000,0.000000,1.000000,0.000000,0.000000,0.000000,0,0,0,0.000000,0.0000250000,0,,,,,296.199928
632,1000,stock,255.709615,39,3,277,0.367879,-1.000000,-1.000000,0.000000,1.000000,0.000000,0.000000,0.000000,0,0,0,0.000000,0.0000250000,0,,,,,296.199928
633,1000,donut_ring,398.413829,61,0,1801,0.367879,-1.000000,-1.000000,0.000000,1.000000,0.000000,0.000000,0.000000,0,0,0,0.000000,0.0000250000,0,,,,,296.199928
634,1000,vertical_wall_left,201.914280,31,3,270,0.367879,-1.000000,-1.000000,0.000000,1.000000,0.000000,0.000000,0.000000,0,0,0,0.000000,0.0000250000,0,,,,,296.199928
635,1000,donut_ring,480.898103,72,0,1801,0.367879,-1.000000,-1.000000,0.000000,1.000000,0.000000,0.000000,0.000000,0,0,0,0.000000,0.0000250000,0,,,,,296.199928
636,1000,stock,198.444061,31,3,276,0.367879,-1.000000,-1.000000,0.000000,1.000000,0.000000,0.000000,0.000000,0,0,0,0.000000,0.0000250000,0,,,,,296.199928
637,1000,donut_ring,553.749200,82,0,1801,0.367879,-1.000000,-1.000000,0.000000,1.000000,0.000000,0.000000,0.000000,0,0,0,0.000000,0.0000250000,0,,,,,296.199928
638,1000,donut_ring,491.607942,74,0,1801,0.367879,-1.000000,-1.000000,0.000000,1.000000,0.000000,0.000000,0.000000,0,0,0,0.000000,0.0000250000,0,,,,,296.199928
639,1000,vertical_wall_left,384.024073,58,3,679,0.367879,-1.000000,-1.000000,0.000000,1.000000,0.000000,0.000000,0.000000,0,0,0,0.000000,0.0000250000,0,,,,,296.199928
640,1000,vertical_wall_left,261.670788,40,3,406,0.367879,-1.000000,-1.000000,0.000000,1.000000,0.000000,0.000000,0.000000,0,0,0,0.000000,0.0000250000,0,296.199928,223.009097,287,23,296.199928
641,1000,donut_ring,547.501728,82,0,1801,0.367879,-1.000000,-1.000000,0.000000,1.000000,0.000000,0.000000,0.000000,0,0,0,0.000000,0.0000250000,0,,,,,296.199928
642,1000,stock,381.121371,57,3,292,0.367879,-1.000000,-1.000000,0.000000,1.000000,0.000000,0.000000,0.000000,0,0,0,0.000000,0.0000250000,0,,,,,296.199928
643,1000,vertical_wall_left,75.550379,13,3,168,0.367879,-1.000000,-1.000000,0.000000,1.000000,0.000000,0.000000,0.000000,0,0,0,0.000000,0.0000250000,0,,,,,296.199928
644,1000,donut_ring,550.034801,82,0,1801,0.367879,-1.000000,-1.000000,0.000000,1.000000,0.000000,0.000000,0.000000,0,0,0,0.000000,0.0000250000,0,,,,,296.199928
645,1000,vertical_wall_left,129.735959,21,3,256,0.367879,-1.000000,-1.000000,0.000000,1.000000,0.000000,0.000000,0.000000,0,0,0,0.000000,0.0000250000,0,,,,,296.199928
646,1000,vertical_wall_left,82.428935,14,3,168,0.367879,-1.000000,-1.000000,0.000000,1.000000,0.000000,0.000000,0.000000,0,0,0,0.000000,0.0000250000,0,,,,,296.199928
647,1000,stock,269.149040,41,3,277,0.367879,-1.000000,-1.000000,0.000000,1.000000,0.000000,0.000000,0.000000,0,0,0,0.000000,0.0000250000,0,,,,,296.199928
648,1000,stock,346.704581,52,3,277,0.367879,-1.000000,-1.000000,0.000000,1.000000,0.000000,0.000000,0.000000,0,0,0,0.000000,0.0000250000,0,,,,,296.199928
649,1000,stock,209.414943,32,3,181,0.367879,-1.000000,-1.000000,0.000000,1.000000,0.000000,0.000000,0.000000,0,0,0,0.000000,0.0000250000,0,,,,,296.199928
650,1000,vertical_wall_left,119.119517,19,3,119,0.367879,-1.000000,-1.000000,0.000000,1.000000,0.000000,0.000000,0.000000,0,0,0,0.000000,0.0000250000,0,,,,,296.199928
651,1000,vertical_wall_left,180.972104,28,3,284,0.367879,-1.000000,-1.000000,0.000000,1.000000,0.000000,0.000000,0.000000,0,0,0,0.000000,0.0000250000,0,,,,,296.199928
652,1000,vertical_wall_left,275.247429,42,3,405,0.367879,-1.000000,-1.000000,0.000000,1.000000,0.000000,0.000000,0.000000,0,0,0,0.000000,0.0000250000,0,,,,,296.199928
653,1000,vertical_wall_left,137.744206,22,3,282,0.367879,-1.000000,-1.000000,0.000000,1.000000,0.000000,0.000000,0.000000,0,0,0,0.000000,0.0000250000,0,,,,,296.199928
654,1000,donut_ring,513.788077,77,0,1801,0.367879,-1.000000,-1.000000,0.000000,1.000000,0.000000,0.000000,0.000000,0,0,0,0.000000,0.0000250000,0,,,,,296.199928
655,1000,donut_ring,526.063998,78,0,1801,0.367879,-1.000000,-1.000000,0.000000,1.000000,0.000000,0.000000,0.000000,0,0,0,0.000000,0.0000250000,0,,,,,296.199928
656,1000,vertical_wall_left,179.402610,28,3,338,0.367879,-1.000000,-1.000000,0.000000,1.000000,0.000000,0.000000,0.000000,0,0,0,0.000000,0.0000250000,0,,,,,296.199928
657,1000,stock,332.267470,50,3,285,0.367879,-1.000000,-1.000000,0.000000,1.000000,0.000000,0.000000,0.000000,0,0,0,0.000000,0.0000250000,0,,,,,296.199928
658,1000,vertical_wall_left,165.297703,26,3,271,0.367879,-1.000000,-1.000000,0.000000,1.000000,0.000000,0.000000,0.000000,0,0,0,0.000000,0.0000250000,0,,,,,296.199928
659,1000,donut_ring,563.026083,84,0,1801,0.367879,-1.000000,-1.000000,0.000000,1.000000,0.000000,0.000000,0.000000,0,0,0,0.000000,0.0000250000,0,,,,,296.199928
660,1000,donut_ring,590.849199,87,0,1801,0.367879,-1.000000,-1.000000,0.000000,1.000000,0.000000,0.000000,0.000000,0,0,0,0.000000,0.0000250000,0,296.199928,223.009097,287,23,296.199928
661,1000,stock,188.780871,29,3,175,0.367879,-1.000000,-1.000000,0.000000,1.000000,0.000000,0.000000,0.000000,0,0,0,0.000000,0.0000250000,0,,,,,296.199928
662,1000,stock,220.323947,34,3,267,0.367879,-1.000000,-1.000000,0.000000,1.000000,0.000000,0.000000,0.000000,0,0,0,0.000000,0.0000250000,0,,,,,296.199928
663,1000,stock,236.789334,36,3,196,0.367879,-1.000000,-1.000000,0.000000,1.000000,0.000000,0.000000,0.000000,0,0,0,0.000000,0.0000250000,0,,,,,296.199928
664,1000,donut_ring,570.954031,86,1,1801,0.367879,-1.000000,-1.000000,0.000000,1.000000,0.000000,0.000000,0.000000,0,0,0,0.000000,0.0000250000,0,,,,,296.199928
665,1000,stock,353.368250,53,3,286,0.367879,-1.000000,-1.000000,0.000000,1.000000,0.000000,0.000000,0.000000,0,0,0,0.000000,0.0000250000,0,,,,,296.199928
666,1000,vertical_wall_left,153.447206,24,3,144,0.367879,-1.000000,-1.000000,0.000000,1.000000,0.000000,0.000000,0.000000,0,0,0,0.000000,0.0000250000,0,,,,,296.199928
667,1000,stock,241.698890,37,3,257,0.367879,-1.000000,-1.000000,0.000000,1.000000,0.000000,0.000000,0.000000,0,0,0,0.000000,0.0000250000,0,,,,,296.199928
668,1000,vertical_wall_left,129.616084,21,3,269,0.367879,-1.000000,-1.000000,0.000000,1.000000,0.000000,0.000000,0.000000,0,0,0,0.000000,0.0000250000,0,,,,,296.199928
669,1000,donut_ring,502.124331,77,2,1801,0.367879,-1.000000,-1.000000,0.000000,1.000000,0.000000,0.000000,0.000000,0,0,0,0.000000,0.0000250000,0,,,,,296.199928
670,1000,stock,213.064176,33,3,267,0.367879,-1.000000,-1.000000,0.000000,1.000000,0.000000,0.000000,0.000000,0,0,0,0.000000,0.0000250000,0,,,,,296.199928
671,1000,donut_ring,523.748618,78,0,1801,0.367879,-1.000000,-1.000000,0.000000,1.000000,0.000000,0.000000,0.000000,0,0,0,0.000000,0.0000250000,0,,,,,296.199928
672,1000,stock,353.147496,53,3,293,0.367879,-1.000000,-1.000000,0.000000,1.000000,0.000000,0.000000,0.000000,0,0,0,0.000000,0.0000250000,0,,,,,296.199928
673,1000,stock,336.502815,51,3,361,0.367879,-1.000000,-1.000000,0.000000,1.000000,0.000000,0.000000,0.000000,0,0,0,0.000000,0.0000250000,0,,,,,296.199928
674,1000,stock,270.862131,41,3,223,0.367879,-1.000000,-1.000000,0.000000,1.000000,0.000000,0.000000,0.000000,0,0,0,0.000000,0.0000250000,0,,,,,296.199928
675,1000,vertical_wall_left,417.114170,62,3,446,0.367879,-1.000000,-1.000000,0.000000,1.000000,0.000000,0.000000,0.000000,0,0,0,0.000000,0.0000250000,0,,,,,296.199928
676,1000,stock,275.492013,42,3,274,0.367879,-1.000000,-1.000000,0.000000,1.000000,0.000000,0.000000,0.000000,0,0,0,0.000000,0.0000250000,0,,,,,296.199928
677,1000,vertical_wall_left,150.866076,24,3,285,0.367879,-1.000000,-1.000000,0.000000,1.000000,0.000000,0.000000,0.000000,0,0,0,0.000000,0.0000250000,0,,,,,296.199928
678,1000,donut_ring,568.290342,84,0,1801,0.367879,-1.000000,-1.000000,0.000000,1.000000,0.000000,0.000000,0.000000,0,0,0,0.000000,0.0000250000,0,,,,,296.199928
679,1000,stock,268.709126,41,3,288,0.367879,-1.000000,-1.000000,0.000000,1.000000,0.000000,0.000000,0.000000,0,0,0,0.000000,0.0000250000,0,,,,,296.199928
680,1000,vertical_wall_left,400.777173,60,3,497,0.367879,-1.000000,-1.000000,0.000000,1.000000,0.000000,0.000000,0.000000,0,0,0,0.000000,0.0000250000,0,296.199928,223.009097,287,23,296.199928
681,1000,vertical_wall_left,281.802977,43,3,570,0.367879,-1.000000,-1.000000,0.000000,1.000000,0.000000,0.000000,0.000000,0,0,0,0.000000,0.0000250000,0,,,,,296.199928
682,1000,stock,228.634683,35,3,232,0.367879,-1.000000,-1.000000,0.000000,1.000000,0.000000,0.000000,0.000000,0,0,0,0.000000,0.0000250000,0,,,,,296.199928
683,1000,stock,262.439156,40,3,266,0.367879,-1.000000,-1.000000,0.000000,1.000000,0.000000,0.000000,0.000000,0,0,0,0.000000,0.0000250000,0,,,,,296.199928
684,1000,vertical_wall_left,338.401915,51,3,440,0.367879,-1.000000,-1.000000,0.000000,1.000000,0.000000,0.000000,0.000000,0,0,0,0.000000,0.0000250000,0,,,,,296.199928
685,1000,stock,188.725884,29,3,176,0.367879,-1.000000,-1.000000,0.000000,1.000000,0.000000,0.000000,0.000000,0,0,0,0.000000,0.0000250000,0,,,,,296.199928
686,1000,donut_ring,236.672582,38,0,1801,0.367879,-1.000000,-1.000000,0.000000,1.000000,0.000000,0.000000,0.000000,0,0,0,0.000000,0.0000250000,0,,,,,296.199928
687,1000,donut_ring,520.371319,79,1,1801,0.367879,-1.000000,-1.000000,0.000000,1.000000,0.000000,0.000000,0.000000,0,0,0,0.000000,0.0000250000,0,,,,,296.199928
688,1000,stock,338.279994,51,3,305,0.367879,-1.000000,-1.000000,0.000000,1.000000,0.000000,0.000000,0.000000,0,0,0,0.000000,0.0000250000,0,,,,,296.199928
689,1000,donut_ring,567.101944,84,0,1801,0.367879,-1.000000,-1.000000,0.000000,1.000000,0.000000,0.000000,0.000000,0,0,0,0.000000,0.0000250000,0,,,,,296.199928
690,1000,donut_ring,577.147367,86,1,1801,0.367879,-1.000000,-1.000000,0.000000,1.000000,0.000000,0.000000,0.000000,0,0,0,0.000000,0.0000250000,0,,,,,296.199928
691,1000,stock,373.901393,56,3,274,0.367879,-1.000000,-1.000000,0.000000,1.000000,0.000000,0.000000,0.000000,0,0,0,0.000000,0.0000250000,0,,,,,296.199928
692,1000,vertical_wall_left,151.907049,24,3,215,0.367879,-1.000000,-1.000000,0.000000,1.000000,0.000000,0.000000,0.000000,0,0,0,0.000000,0.0000250000,0,,,,,296.199928
693,1000,stock,743.714867,110,3,543,0.367879,-1.000000,-1.000000,0.000000,1.000000,0.000000,0.000000,0.000000,0,0,0,0.000000,0.0000250000,0,,,,,296.199928
694,1000,donut_ring,557.986627,83,0,1801,0.367879,-1.000000,-1.000000,0.000000,1.000000,0.000000,0.000000,0.000000,0,0,0,0.000000,0.0000250000,0,,,,,296.199928
695,1000,vertical_wall_left,153.533628,24,3,255,0.367879,-1.000000,-1.000000,0.000000,1.000000,0.000000,0.000000,0.000000,0,0,0,0.000000,0.0000250000,0,,,,,296.199928
696,1000,stock,566.236170,84,3,470,0.367879,-1.000000,-1.000000,0.000000,1.000000,0.000000,0.000000,0.000000,0,0,0,0.000000,0.0000250000,0,,,,,296.199928
697,1000,vertical_wall_left,394.130372,59,3,698,0.367879,-1.000000,-1.000000,0.000000,1.000000,0.000000,0.000000,0.000000,0,0,0,0.000000,0.0000250000,0,,,,,296.199928
698,1000,stock,229.822282,35,3,193,0.367879,-1.000000,-1.000000,0.000000,1.000000,0.000000,0.000000,0.000000,0,0,0,0.000000,0.0000250000,0,,,,,296.199928
699,1000,vertical_wall_left,150.012768,24,3,286,0.367879,-1.000000,-1.000000,0.000000,1.000000,0.000000,0.000000,0.000000,0,0,0,0.000000,0.0000250000,0,,,,,296.199928
700,1000,stock,422.620317,63,3,303,0.367879,-1.000000,-1.000000,0.000000,1.000000,0.000000,0.000000,0.000000,0,0,0,0.000000,0.0000250000,0,296.199928,223.009097,287,23,296.199928
701,1000,stock,392.728571,59,3,384,0.367879,-1.000000,-1.000000,0.000000,1.000000,0.000000,0.000000,0.000000,0,0,0,0.000000,0.0000250000,0,,,,,296.199928
702,1000,donut_ring,534.824113,79,0,1801,0.367879,-1.000000,-1.000000,0.000000,1.000000,0.000000,0.000000,0.000000,0,0,0,0.000000,0.0000250000,0,,,,,296.199928
703,1000,vertical_wall_left,165.519401,26,3,234,0.367879,-1.000000,-1.000000,0.000000,1.000000,0.000000,0.000000,0.000000,0,0,0,0.000000,0.0000250000,0,,,,,296.199928
704,1000,stock,178.116293,28,3,266,0.367879,-1.000000,-1.000000,0.000000,1.000000,0.000000,0.000000,0.000000,0,0,0,0.000000,0.0000250000,0,,,,,296.199928
705,1000,vertical_wall_left,221.728912,34,3,288,0.367879,-1.000000,-1.000000,0.000000,1.000000,0.000000,0.000000,0.000000,0,0,0,0.000000,0.0000250000,0,,,,,296.199928
706,1000,vertical_wall_left,290.659368,44,3,345,0.367879,-1.000000,-1.000000,0.000000,1.000000,0.000000,0.000000,0.000000,0,0,0,0.000000,0.0000250000,0,,,,,296.199928
707,1000,vertical_wall_left,165.657036,26,3,254,0.367879,-1.000000,-1.000000,0.000000,1.000000,0.000000,0.000000,0.000000,0,0,0,0.000000,0.0000250000,0,,,,,296.199928
708,1000,donut_ring,459.295245,70,0,1801,0.367879,-1.000000,-1.000000,0.000000,1.000000,0.000000,0.000000,0.000000,0,0,0,0.000000,0.0000250000,0,,,,,296.199928
709,1000,stock,297.444833,45,3,285,0.367879,-1.000000,-1.000000,0.000000,1.000000,0.000000,0.000000,0.000000,0,0,0,0.000000,0.0000250000,0,,,,,296.199928
710,1000,stock,185.168054,29,3,288,0.367879,-1.000000,-1.000000,0.000000,1.000000,0.000000,0.000000,0.000000,0,0,0,0.000000,0.0000250000,0,,,,,296.199928
711,1000,donut_ring,478.930155,72,0,1801,0.367879,-1.000000,-1.000000,0.000000,1.000000,0.000000,0.000000,0.000000,0,0,0,0.000000,0.0000250000,0,,,,,296.199928
712,1000,stock,359.400757,54,3,312,0.367879,-1.000000,-1.000000,0.000000,1.000000,0.000000,0.000000,0.000000,0,0,0,0.000000,0.0000250000,0,,,,,296.199928
713,1000,donut_ring,530.880505,79,0,1801,0.367879,-1.000000,-1.000000,0.000000,1.000000,0.000000,0.000000,0.000000,0,0,0,0.000000,0.0000250000,0,,,,,296.199928
714,1000,vertical_wall_left,266.742709,41,3,483,0.367879,-1.000000,-1.000000,0.000000,1.000000,0.000000,0.000000,0.000000,0,0,0,0.000000,0.0000250000,0,,,,,296.199928
715,1000,stock,294.517848,45,3,330,0.367879,-1.000000,-1.000000,0.000000,1.000000,0.000000,0.000000,0.000000,0,0,0,0.000000,0.0000250000,0,,,,,296.199928
716,1000,stock,304.669680,46,3,279,0.367879,-1.000000,-1.000000,0.000000,1.000000,0.000000,0.000000,0.000000,0,0,0,0.000000,0.0000250000,0,,,,,296.199928
717,1000,stock,248.055920,38,3,301,0.367879,-1.000000,-1.000000,0.000000,1.000000,0.000000,0.000000,0.000000,0,0,0,0.000000,0.0000250000,0,,,,,296.199928
718,1000,vertical_wall_left,333.687752,50,3,295,0.367879,-1.000000,-1.000000,0.000000,1.000000,0.000000,0.000000,0.000000,0,0,0,0.000000,0.0000250000,0,,,,,296.199928
719,1000,donut_ring,311.499444,48,0,1801,0.367879,-1.000000,-1.000000,0.000000,1.000000,0.000000,0.000000,0.000000,0,0,0,0.000000,0.0000250000,0,,,,,296.199928
720,1000,vertical_wall_left,290.046826,44,3,510,0.367879,-1.000000,-1.000000,0.000000,1.000000,0.000000,0.000000,0.000000,0,0,0,0.000000,0.0000250000,0,296.199928,223.009097,287,23,296.199928
721,1000,donut_ring,539.368413,80,0,1801,0.367879,-1.000000,-1.000000,0.000000,1.000000,0.000000,0.000000,0.000000,0,0,0,0.000000,0.0000250000,0,,,,,296.199928
722,1000,donut_ring,460.693494,69,0,1801,0.367879,-1.000000,-1.000000,0.000000,1.000000,0.000000,0.000000,0.000000,0,0,0,0.000000,0.0000250000,0,,,,,296.199928
723,1000,donut_ring,480.464088,72,0,1801,0.367879,-1.000000,-1.000000,0.000000,1.000000,0.000000,0.000000,0.000000,0,0,0,0.000000,0.0000250000,0,,,,,296.199928
724,1000,vertical_wall_left,139.114082,22,3,156,0.367879,-1.000000,-1.000000,0.000000,1.000000,0.000000,0.000000,0.000000,0,0,0,0.000000,0.0000250000,0,,,,,296.199928
725,1000,stock,501.244650,75,3,481,0.367879,-1.000000,-1.000000,0.000000,1.000000,0.000000,0.000000,0.000000,0,0,0,0.000000,0.0000250000,0,,,,,296.199928
726,1000,stock,228.508857,35,3,243,0.367879,-1.000000,-1.000000,0.000000,1.000000,0.000000,0.000000,0.000000,0,0,0,0.000000,0.0000250000,0,,,,,296.199928
727,1000,stock,237.184941,36,3,188,0.367879,-1.000000,-1.000000,0.000000,1.000000,0.000000,0.000000,0.000000,0,0,0,0.000000,0.0000250000,0,,,,,296.199928
728,1000,stock,242.436378,37,3,264,0.367879,-1.000000,-1.000000,0.000000,1.000000,0.000000,0.000000,0.000000,0,0,0,0.000000,0.0000250000,0,,,,,296.199928
729,1000,stock,305.129741,46,3,260,0.367879,-1.000000,-1.000000,0.000000,1.000000,0.000000,0.000000,0.000000,0,0,0,0.000000,0.0000250000,0,,,,,296.199928
730,1000,vertical_wall_left,103.953420,17,3,247,0.367879,-1.000000,-1.000000,0.000000,1.000000,0.000000,0.000000,0.000000,0,0,0,0.000000,0.0000250000,0,,,,,296.199928
731,1000,stock,181.071208,28,3,186,0.367879,-1.000000,-1.000000,0.000000,1.000000,0.000000,0.000000,0.000000,0,0,0,0.000000,0.0000250000,0,,,,,296.199928
732,1000,vertical_wall_left,208.187254,32,3,280,0.367879,-1.000000,-1.000000,0.000000,1.000000,0.000000,0.000000,0.000000,0,0,0,0.000000,0.0000250000,0,,,,,296.199928
733,1000,vertical_wall_left,153.653942,24,3,136,0.367879,-1.000000,-1.000000,0.000000,1.000000,0.000000,0.000000,0.000000,0,0,0,0.000000,0.0000250000,0,,,,,296.199928
734,1000,stock,387.841405,58,3,299,0.367879,-1.000000,-1.000000,0.000000,1.000000,0.000000,0.000000,0.000000,0,0,0,0.000000,0.0000250000,0,,,,,296.199928
735,1000,stock,278.794515,42,3,207,0.367879,-1.000000,-1.000000,0.000000,1.000000,0.000000,0.000000,0.000000,0,0,0,0.000000,0.0000250000,0,,,,,296.199928
736,1000,stock,360.185080,54,3,295,0.367879,-1.000000,-1.000000,0.000000,1.000000,0.000000,0.000000,0.000000,0,0,0,0.000000,0.0000250000,0,,,,,296.199928
737,1000,stock,311.026758,47,3,275,0.367879,-1.000000,-1.000000,0.000000,1.000000,0.000000,0.000000,0.000000,0,0,0,0.000000,0.0000250000,0,,,,,296.199928
738,1000,stock,352.664693,53,3,287,0.367879,-1.000000,-1.000000,0.000000,1.000000,0.000000,0.000000,0.000000,0,0,0,0.000000,0.0000250000,0,,,,,296.199928
739,1000,stock,255.026336,39,3,296,0.367879,-1.000000,-1.000000,0.000000,1.000000,0.000000,0.000000,0.000000,0,0,0,0.000000,0.0000250000,0,,,,,296.199928
740,1000,donut_ring,526.011854,80,2,1801,0.367879,-1.000000,-1.000000,0.000000,1.000000,0.000000,0.000000,0.000000,0,0,0,0.000000,0.0000250000,0,296.199928,223.009097,287,23,296.199928
741,1000,donut_ring,284.601572,44,0,1801,0.367879,-1.000000,-1.000000,0.000000,1.000000,0.000000,0.000000,0.000000,0,0,0,0.000000,0.0000250000,0,,,,,296.199928
742,1000,vertical_wall_left,158.700293,25,3,297,0.367879,-1.000000,-1.000000,0.000000,1.000000,0.000000,0.000000,0.000000,0,0,0,0.000000,0.0000250000,0,,,,,296.199928
743,1000,stock,227.325580,35,3,264,0.367879,-1.000000,-1.000000,0.000000,1.000000,0.000000,0.000000,0.000000,0,0,0,0.000000,0.0000250000,0,,,,,296.199928
744,1000,donut_ring,297.080911,46,0,1801,0.367879,-1.000000,-1.000000,0.000000,1.000000,0.000000,0.000000,0.000000,0,0,0,0.000000,0.0000250000,0,,,,,296.199928
745,1000,stock,240.501890,37,3,279,0.367879,-1.000000,-1.000000,0.000000,1.000000,0.000000,0.000000,0.000000,0,0,0,0.000000,0.0000250000,0,,,,,296.199928
746,1000,stock,220.758081,34,3,256,0.367879,-1.000000,-1.000000,0.000000,1.000000,0.000000,0.000000,0.000000,0,0,0,0.000000,0.0000250000,0,,,,,296.199928
747,1000,donut_ring,493.175954,75,1,1801,0.367879,-1.000000,-1.000000,0.000000,1.000000,0.000000,0.000000,0.000000,0,0,0,0.000000,0.0000250000,0,,,,,296.199928
748,1000,stock,236.578276,36,3,209,0.367879,-1.000000,-1.000000,0.000000,1.000000,0.000000,0.000000,0.000000,0,0,0,0.000000,0.0000250000,0,,,,,296.199928
749,1000,stock,261.319495,40,3,281,0.367879,-1.000000,-1.000000,0.000000,1.000000,0.000000,0.000000,0.000000,0,0,0,0.000000,0.0000250000,0,,,,,296.199928
750,1000,stock,288.974134,44,3,298,0.367879,-1.000000,-1.000000,0.000000,1.000000,0.000000,0.000000,0.000000,0,0,0,0.000000,0.0000250000,0,,,,,296.199928
751,1000,vertical_wall_left,68.828034,12,3,167,0.367879,-1.000000,-1.000000,0.000000,1.000000,0.000000,0.000000,0.000000,0,0,0,0.000000,0.0000250000,0,,,,,296.199928
752,1000,vertical_wall_left,158.624293,25,3,287,0.367879,-1.000000,-1.000000,0.000000,1.000000,0.000000,0.000000,0.000000,0,0,0,0.000000,0.0000250000,0,,,,,296.199928
753,1000,stock,351.878805,53,3,331,0.367879,-1.000000,-1.000000,0.000000,1.000000,0.000000,0.000000,0.000000,0,0,0,0.000000,0.0000250000,0,,,,,296.199928
754,1000,donut_ring,346.934187,54,0,1801,0.367879,-1.000000,-1.000000,0.000000,1.000000,0.000000,0.000000,0.000000,0,0,0,0.000000,0.0000250000,0,,,,,296.199928
755,1000,vertical_wall_left,150.654942,24,3,284,0.367879,-1.000000,-1.000000,0.000000,1.000000,0.000000,0.000000,0.000000,0,0,0,0.000000,0.0000250000,0,,,,,296.199928
756,1000,donut_ring,523.134330,79,0,1801,0.367879,-1.000000,-1.000000,0.000000,1.000000,0.000000,0.000000,0.000000,0,0,0,0.000000,0.0000250000,0,,,,,296.199928
757,1000,vertical_wall_left,68.791221,12,3,162,0.367879,-1.000000,-1.000000,0.000000,1.000000,0.000000,0.000000,0.000000,0,0,0,0.000000,0.0000250000,0,,,,,296.199928
758,1000,donut_ring,241.022080,39,0,1801,0.367879,-1.000000,-1.000000,0.000000,1.000000,0.000000,0.000000,0.000000,0,0,0,0.000000,0.0000250000,0,,,,,296.199928
759,1000,donut_ring,498.124683,74,0,1801,0.367879,-1.000000,-1.000000,0.000000,1.000000,0.000000,0.000000,0.000000,0,0,0,0.000000,0.0000250000,0,,,,,296.199928
760,1000,donut_ring,360.947570,55,0,1801,0.367879,-1.000000,-1.000000,0.000000,1.000000,0.000000,0.000000,0.000000,0,0,0,0.000000,0.0000250000,0,296.199928,223.009097,287,23,296.199928
761,1000,donut_ring,383.939386,59,0,1801,0.367879,-1.000000,-1.000000,0.000000,1.000000,0.000000,0.000000,0.000000,0,0,0,0.000000,0.0000250000,0,,,,,296.199928
762,1000,stock,296.769774,45,3,300,0.367879,-1.000000,-1.000000,0.000000,1.000000,0.000000,0.000000,0.000000,0,0,0,0.000000,0.0000250000,0,,,,,296.199928
763,1000,vertical_wall_left,172.404045,27,3,285,0.367879,-1.000000,-1.000000,0.000000,1.000000,0.000000,0.000000,0.000000,0,0,0,0.000000,0.0000250000,0,,,,,296.199928
764,1000,stock,352.258033,53,3,306,0.367879,-1.000000,-1.000000,0.000000,1.000000,0.000000,0.000000,0.000000,0,0,0,0.000000,0.0000250000,0,,,,,296.199928
765,1000,stock,216.345334,33,3,184,0.367879,-1.000000,-1.000000,0.000000,1.000000,0.000000,0.000000,0.000000,0,0,0,0.000000,0.0000250000,0,,,,,296.199928
766,1000,vertical_wall_left,221.407054,34,3,283,0.367879,-1.000000,-1.000000,0.000000,1.000000,0.000000,0.000000,0.000000,0,0,0,0.000000,0.0000250000,0,,,,,296.199928
767,1000,stock,272.000381,41,3,197,0.367879,-1.000000,-1.000000,0.000000,1.000000,0.000000,0.000000,0.000000,0,0,0,0.000000,0.0000250000,0,,,,,296.199928
768,1000,vertical_wall_left,110.555357,18,3,166,0.367879,-1.000000,-1.000000,0.000000,1.000000,0.000000,0.000000,0.000000,0,0,0,0.000000,0.0000250000,0,,,,,296.199928
769,1000,stock,332.598136,50,3,285,0.367879,-1.000000,-1.000000,0.000000,1.000000,0.000000,0.000000,0.000000,0,0,0,0.000000,0.0000250000,0,,,,,296.199928
770,1000,vertical_wall_left,242.546255,37,3,293,0.367879,-1.000000,-1.000000,0.000000,1.000000,0.000000,0.000000,0.000000,0,0,0,0.000000,0.0000250000,0,,,,,296.199928
771,1000,stock,407.232960,61,3,394,0.367879,-1.000000,-1.000000,0.000000,1.000000,0.000000,0.000000,0.000000,0,0,0,0.000000,0.0000250000,0,,,,,296.199928
772,1000,stock,310.002204,47,3,316,0.367879,-1.000000,-1.000000,0.000000,1.000000,0.000000,0.000000,0.000000,0,0,0,0.000000,0.0000250000,0,,,,,296.199928
773,1000,stock,381.343465,57,3,273,0.367879,-1.000000,-1.000000,0.000000,1.000000,0.000000,0.000000,0.000000,0,0,0,0.000000,0.0000250000,0,,,,,296.199928
774,1000,stock,278.725286,42,3,206,0.367879,-1.000000,-1.000000,0.000000,1.000000,0.000000,0.000000,0.000000,0,0,0,0.000000,0.0000250000,0,,,,,296.199928
775,1000,vertical_wall_left,284.060183,43,3,399,0.367879,-1.000000,-1.000000,0.000000,1.000000,0.000000,0.000000,0.000000,0,0,0,0.000000,0.0000250000,0,,,,,296.199928
776,1000,donut_ring,514.996893,77,1,1801,0.367879,-1.000000,-1.000000,0.000000,1.000000,0.000000,0.000000,0.000000,0,0,0,0.000000,0.0000250000,0,,,,,296.199928
777,1000,vertical_wall_left,172.997225,27,3,349,0.367879,-1.000000,-1.000000,0.000000,1.000000,0.000000,0.000000,0.000000,0,0,0,0.000000,0.0000250000,0,,,,,296.199928
778,1000,vertical_wall_left,165.458900,26,3,287,0.367879,-1.000000,-1.000000,0.000000,1.000000,0.000000,0.000000,0.000000,0,0,0,0.000000,0.0000250000,0,,,,,296.199928
779,1000,stock,202.113397,31,3,200,0.367879,-1.000000,-1.000000,0.000000,1.000000,0.000000,0.000000,0.000000,0,0,0,0.000000,0.0000250000,0,,,,,296.199928
780,1000,donut_ring,634.953431,94,1,1801,0.367879,-1.000000,-1.000000,0.000000,1.000000,0.000000,0.000000,0.000000,0,0,0,0.000000,0.0000250000,0,296.199928,223.009097,287,23,296.199928
781,1000,stock,377.530797,57,3,395,0.367879,-1.000000,-1.000000,0.000000,1.000000,0.000000,0.000000,0.000000,0,0,0,0.000000,0.0000250000,0,,,,,296.199928
782,1000,stock,345.666656,52,3,299,0.367879,-1.000000,-1.000000,0.000000,1.000000,0.000000,0.000000,0.000000,0,0,0,0.000000,0.0000250000,0,,,,,296.199928
783,1000,donut_ring,525.585487,79,0,1801,0.367879,-1.000000,-1.000000,0.000000,1.000000,0.000000,0.000000,0.000000,0,0,0,0.000000,0.0000250000,0,,,,,296.199928
784,1000,vertical_wall_left,318.901585,48,3,460,0.367879,-1.000000,-1.000000,0.000000,1.000000,0.000000,0.000000,0.000000,0,0,0,0.000000,0.0000250000,0,,,,,296.199928
785,1000,vertical_wall_left,104.177406,17,3,236,0.367879,-1.000000,-1.000000,0.000000,1.000000,0.000000,0.000000,0.000000,0,0,0,0.000000,0.0000250000,0,,,,,296.199928
786,1000,donut_ring,399.450229,62,2,1801,0.367879,-1.000000,-1.000000,0.000000,1.000000,0.000000,0.000000,0.000000,0,0,0,0.000000,0.0000250000,0,,,,,296.199928
787,1000,donut_ring,509.993552,76,0,1801,0.367879,-1.000000,-1.000000,0.000000,1.000000,0.000000,0.000000,0.000000,0,0,0,0.000000,0.0000250000,0,,,,,296.199928
788,1000,donut_ring,373.063155,57,0,1801,0.367879,-1.000000,-1.000000,0.000000,1.000000,0.000000,0.000000,0.000000,0,0,0,0.000000,0.0000250000,0,,,,,296.199928
789,1000,donut_ring,414.974328,63,0,1801,0.367879,-1.000000,-1.000000,0.000000,1.000000,0.000000,0.000000,0.000000,0,0,0,0.000000,0.0000250000,0,,,,,296.199928
790,1000,stock,269.238243,41,3,277,0.367879,-1.000000,-1.000000,0.000000,1.000000,0.000000,0.000000,0.000000,0,0,0,0.000000,0.0000250000,0,,,,,296.199928
791,1000,stock,374.050263,56,3,288,0.367879,-1.000000,-1.000000,0.000000,1.000000,0.000000,0.000000,0.000000,0,0,0,0.000000,0.0000250000,0,,,,,296.199928
792,1000,vertical_wall_left,179.394428,28,3,315,0.367879,-1.000000,-1.000000,0.000000,1.000000,0.000000,0.000000,0.000000,0,0,0,0.000000,0.0000250000,0,,,,,296.199928
793,1000,stock,311.370055,47,3,265,0.367879,-1.000000,-1.000000,0.000000,1.000000,0.000000,0.000000,0.000000,0,0,0,0.000000,0.0000250000,0,,,,,296.199928
794,1000,vertical_wall_left,132.462031,21,3,142,0.367879,-1.000000,-1.000000,0.000000,1.000000,0.000000,0.000000,0.000000,0,0,0,0.000000,0.0000250000,0,,,,,296.199928
795,1000,vertical_wall_left,142.713508,23,3,345,0.367879,-1.000000,-1.000000,0.000000,1.000000,0.000000,0.000000,0.000000,0,0,0,0.000000,0.0000250000,0,,,,,296.199928
796,1000,vertical_wall_left,149.862456,24,3,298,0.367879,-1.000000,-1.000000,0.000000,1.000000,0.000000,0.000000,0.000000,0,0,0,0.000000,0.0000250000,0,,,,,296.199928
797,1000,donut_ring,331.706512,52,1,1801,0.367879,-1.000000,-1.000000,0.000000,1.000000,0.000000,0.000000,0.000000,0,0,0,0.000000,0.0000250000,0,,,,,296.199928
798,1000,stock,290.717792,44,3,256,0.367879,-1.000000,-1.000000,0.000000,1.000000,0.000000,0.000000,0.000000,0,0,0,0.000000,0.0000250000,0,,,,,296.199928
799,1000,stock,429.263489,64,3,318,0.367879,-1.000000,-1.000000,0.000000,1.000000,0.000000,0.000000,0.000000,0,0,0,0.000000,0.0000250000,0,,,,,296.199928
800,1000,donut_ring,357.326800,54,0,1801,0.367879,-1.000000,-1.000000,0.000000,1.000000,0.000000,0.000000,0.000000,0,0,0,0.000000,0.0000250000,0,296.199928,223.009097,287,23,296.199928
801,1000,stock,270.065812,41,3,265,0.367879,-1.000000,-1.000000,0.000000,1.000000,0.000000,0.000000,0.000000,0,0,0,0.000000,0.0000250000,0,,,,,296.199928
802,1000,stock,352.389290,53,3,296,0.367879,-1.000000,-1.000000,0.000000,1.000000,0.000000,0.000000,0.000000,0,0,0,0.000000,0.0000250000,0,,,,,296.199928
803,1000,donut_ring,317.088742,50,0,1801,0.367879,-1.000000,-1.000000,0.000000,1.000000,0.000000,0.000000,0.000000,0,0,0,0.000000,0.0000250000,0,,,,,296.199928
804,1000,stock,262.516038,40,3,286,0.367879,-1.000000,-1.000000,0.000000,1.000000,0.000000,0.000000,0.000000,0,0,0,0.000000,0.0000250000,0,,,,,296.199928
805,1000,stock,229.387696,35,3,211,0.367879,-1.000000,-1.000000,0.000000,1.000000,0.000000,0.000000,0.000000,0,0,0,0.000000,0.0000250000,0,,,,,296.199928
806,1000,stock,345.012276,52,3,300,0.367879,-1.000000,-1.000000,0.000000,1.000000,0.000000,0.000000,0.000000,0,0,0,0.000000,0.0000250000,0,,,,,296.199928
807,1000,donut_ring,455.079446,70,1,1801,0.367879,-1.000000,-1.000000,0.000000,1.000000,0.000000,0.000000,0.000000,0,0,0,0.000000,0.0000250000,0,,,,,296.199928
808,1000,donut_ring,560.621386,84,0,1801,0.367879,-1.000000,-1.000000,0.000000,1.000000,0.000000,0.000000,0.000000,0,0,0,0.000000,0.0000250000,0,,,,,296.199928
809,1000,vertical_wall_left,220.425580,34,3,295,0.367879,-1.000000,-1.000000,0.000000,1.000000,0.000000,0.000000,0.000000,0,0,0,0.000000,0.0000250000,0,,,,,296.199928
810,1000,donut_ring,414.025564,63,0,1801,0.367879,-1.000000,-1.000000,0.000000,1.000000,0.000000,0.000000,0.000000,0,0,0,0.000000,0.0000250000,0,,,,,296.199928
811,1000,donut_ring,480.955982,73,1,1801,0.367879,-1.000000,-1.000000,0.000000,1.000000,0.000000,0.000000,0.000000,0,0,0,0.000000,0.0000250000,0,,,,,296.199928
812,1000,donut_ring,466.936931,71,0,1801,0.367879,-1.000000,-1.000000,0.000000,1.000000,0.000000,0.000000,0.000000,0,0,0,0.000000,0.0000250000,0,,,,,296.199928
813,1000,stock,240.415370,37,3,283,0.367879,-1.000000,-1.000000,0.000000,1.000000,0.000000,0.000000,0.000000,0,0,0,0.000000,0.0000250000,0,,,,,296.199928
814,1000,donut_ring,512.673530,77,0,1801,0.367879,-1.000000,-1.000000,0.000000,1.000000,0.000000,0.000000,0.000000,0,0,0,0.000000,0.0000250000,0,,,,,296.199928
815,1000,vertical_wall_left,172.240675,27,3,268,0.367879,-1.000000,-1.000000,0.000000,1.000000,0.000000,0.000000,0.000000,0,0,0,0.000000,0.0000250000,0,,,,,296.199928
816,1000,stock,309.955977,47,3,295,0.367879,-1.000000,-1.000000,0.000000,1.000000,0.000000,0.000000,0.000000,0,0,0,0.000000,0.0000250000,0,,,,,296.199928
817,1000,stock,244.158082,37,3,191,0.367879,-1.000000,-1.000000,0.000000,1.000000,0.000000,0.000000,0.000000,0,0,0,0.000000,0.0000250000,0,,,,,296.199928
818,1000,stock,284.372995,43,3,255,0.367879,-1.000000,-1.000000,0.000000,1.000000,0.000000,0.000000,0.000000,0,0,0,0.000000,0.0000250000,0,,,,,296.199928
819,1000,vertical_wall_left,173.735040,27,3,171,0.367879,-1.000000,-1.000000,0.000000,1.000000,0.000000,0.000000,0.000000,0,0,0,0.000000,0.0000250000,0,,,,,296.199928
820,1000,vertical_wall_left,132.774844,21,3,134,0.367879,-1.000000,-1.000000,0.000000,1.000000,0.000000,0.000000,0.000000,0,0,0,0.000000,0.0000250000,0,296.199928,223.009097,287,23,296.199928
821,1000,donut_ring,468.336911,71,0,1801,0.367879,-1.000000,-1.000000,0.000000,1.000000,0.000000,0.000000,0.000000,0,0,0,0.000000,0.0000250000,0,,,,,296.199928
822,1000,vertical_wall_left,179.870621,28,3,435,0.367879,-1.000000,-1.000000,0.000000,1.000000,0.000000,0.000000,0.000000,0,0,0,0.000000,0.0000250000,0,,,,,296.199928
823,1000,stock,280.023796,43,3,366,0.367879,-1.000000,-1.000000,0.000000,1.000000,0.000000,0.000000,0.000000,0,0,0,0.000000,0.0000250000,0,,,,,296.199928
824,1000,donut_ring,462.978093,69,0,1801,0.367879,-1.000000,-1.000000,0.000000,1.000000,0.000000,0.000000,0.000000,0,0,0,0.000000,0.0000250000,0,,,,,296.199928
825,1000,stock,188.691596,29,3,179,0.367879,-1.000000,-1.000000,0.000000,1.000000,0.000000,0.000000,0.000000,0,0,0,0.000000,0.0000250000,0,,,,,296.199928
826,1000,vertical_wall_left,100.552555,17,3,302,0.367879,-1.000000,-1.000000,0.000000,1.000000,0.000000,0.000000,0.000000,0,0,0,0.000000,0.0000250000,0,,,,,296.199928
827,1000,stock,311.235562,47,3,279,0.367879,-1.000000,-1.000000,0.000000,1.000000,0.000000,0.000000,0.000000,0,0,0,0.000000,0.0000250000,0,,,,,296.199928
828,1000,vertical_wall_left,205.224135,32,3,386,0.367879,-1.000000,-1.000000,0.000000,1.000000,0.000000,0.000000,0.000000,0,0,0,0.000000,0.0000250000,0,,,,,296.199928
829,1000,donut_ring,461.083846,69,0,1801,0.367879,-1.000000,-1.000000,0.000000,1.000000,0.000000,0.000000,0.000000,0,0,0,0.000000,0.0000250000,0,,,,,296.199928
830,1000,donut_ring,448.496091,67,0,1801,0.367879,-1.000000,-1.000000,0.000000,1.000000,0.000000,0.000000,0.000000,0,0,0,0.000000,0.0000250000,0,,,,,296.199928
831,1000,vertical_wall_left,233.819748,36,3,289,0.367879,-1.000000,-1.000000,0.000000,1.000000,0.000000,0.000000,0.000000,0,0,0,0.000000,0.0000250000,0,,,,,296.199928
832,1000,stock,325.166977,49,3,279,0.367879,-1.000000,-1.000000,0.000000,1.000000,0.000000,0.000000,0.000000,0,0,0,0.000000,0.0000250000,0,,,,,296.199928
833,1000,stock,317.054707,48,3,331,0.367879,-1.000000,-1.000000,0.000000,1.000000,0.000000,0.000000,0.000000,0,0,0,0.000000,0.0000250000,0,,,,,296.199928
834,1000,donut_ring,379.840278,58,0,1801,0.367879,-1.000000,-1.000000,0.000000,1.000000,0.000000,0.000000,0.000000,0,0,0,0.000000,0.0000250000,0,,,,,296.199928
835,1000,donut_ring,377.189291,57,0,1801,0.367879,-1.000000,-1.000000,0.000000,1.000000,0.000000,0.000000,0.000000,0,0,0,0.000000,0.0000250000,0,,,,,296.199928
836,1000,donut_ring,442.550768,67,0,1801,0.367879,-1.000000,-1.000000,0.000000,1.000000,0.000000,0.000000,0.000000,0,0,0,0.000000,0.0000250000,0,,,,,296.199928
837,1000,donut_ring,436.542011,65,0,1801,0.367879,-1.000000,-1.000000,0.000000,1.000000,0.000000,0.000000,0.000000,0,0,0,0.000000,0.0000250000,0,,,,,296.199928
838,1000,vertical_wall_left,110.826134,18,3,169,0.367879,-1.000000,-1.000000,0.000000,1.000000,0.000000,0.000000,0.000000,0,0,0,0.000000,0.0000250000,0,,,,,296.199928
839,1000,vertical_wall_left,179.773095,28,3,280,0.367879,-1.000000,-1.000000,0.000000,1.000000,0.000000,0.000000,0.000000,0,0,0,0.000000,0.0000250000,0,,,,,296.199928
840,1000,vertical_wall_left,124.768061,20,3,262,0.367879,-1.000000,-1.000000,0.000000,1.000000,0.000000,0.000000,0.000000,0,0,0,0.000000,0.0000250000,0,296.199928,223.009097,287,23,296.199928
841,1000,donut_ring,458.308416,70,0,1801,0.367879,-1.000000,-1.000000,0.000000,1.000000,0.000000,0.000000,0.000000,0,0,0,0.000000,0.0000250000,0,,,,,296.199928
842,1000,vertical_wall_left,144.407314,23,3,305,0.367879,-1.000000,-1.000000,0.000000,1.000000,0.000000,0.000000,0.000000,0,0,0,0.000000,0.0000250000,0,,,,,296.199928
843,1000,donut_ring,593.594478,88,0,1801,0.367879,-1.000000,-1.000000,0.000000,1.000000,0.000000,0.000000,0.000000,0,0,0,0.000000,0.0000250000,0,,,,,296.199928
844,1000,donut_ring,446.912972,67,0,1801,0.367879,-1.000000,-1.000000,0.000000,1.000000,0.000000,0.000000,0.000000,0,0,0,0.000000,0.0000250000,0,,,,,296.199928
845,1000,vertical_wall_left,241.925446,37,3,336,0.367879,-1.000000,-1.000000,0.000000,1.000000,0.000000,0.000000,0.000000,0,0,0,0.000000,0.0000250000,0,,,,,296.199928
846,1000,stock,178.965671,28,3,255,0.367879,-1.000000,-1.000000,0.000000,1.000000,0.000000,0.000000,0.000000,0,0,0,0.000000,0.0000250000,0,,,,,296.199928
847,1000,stock,259.060856,40,3,352,0.367879,-1.000000,-1.000000,0.000000,1.000000,0.000000,0.000000,0.000000,0,0,0,0.000000,0.0000250000,0,,,,,296.199928
848,1000,stock,310.377493,47,3,328,0.367879,-1.000000,-1.000000,0.000000,1.000000,0.000000,0.000000,0.000000,0,0,0,0.000000,0.0000250000,0,,,,,296.199928
849,1000,stock,269.165610,41,3,292,0.367879,-1.000000,-1.000000,0.000000,1.000000,0.000000,0.000000,0.000000,0,0,0,0.000000,0.0000250000,0,,,,,296.199928
850,1000,donut_ring,585.529144,87,0,1801,0.367879,-1.000000,-1.000000,0.000000,1.000000,0.000000,0.000000,0.000000,0,0,0,0.000000,0.0000250000,0,,,,,296.199928
851,1000,stock,392.073805,59,3,400,0.367879,-1.000000,-1.000000,0.000000,1.000000,0.000000,0.000000,0.000000,0,0,0,0.000000,0.0000250000,0,,,,,296.199928
852,1000,vertical_wall_left,310.989912,47,3,455,0.367879,-1.000000,-1.000000,0.000000,1.000000,0.000000,0.000000,0.000000,0,0,0,0.000000,0.0000250000,0,,,,,296.199928
853,1000,donut_ring,544.060602,82,0,1801,0.367879,-1.000000,-1.000000,0.000000,1.000000,0.000000,0.000000,0.000000,0,0,0,0.000000,0.0000250000,0,,,,,296.199928
854,1000,donut_ring,578.804636,86,0,1801,0.367879,-1.000000,-1.000000,0.000000,1.000000,0.000000,0.000000,0.000000,0,0,0,0.000000,0.0000250000,0,,,,,296.199928
855,1000,stock,360.659720,54,3,276,0.367879,-1.000000,-1.000000,0.000000,1.000000,0.000000,0.000000,0.000000,0,0,0,0.000000,0.0000250000,0,,,,,296.199928
856,1000,vertical_wall_left,99.593044,16,3,76,0.367879,-1.000000,-1.000000,0.000000,1.000000,0.000000,0.000000,0.000000,0,0,0,0.000000,0.0000250000,0,,,,,296.199928
857,1000,donut_ring,408.402098,62,0,1801,0.367879,-1.000000,-1.000000,0.000000,1.000000,0.000000,0.000000,0.000000,0,0,0,0.000000,0.0000250000,0,,,,,296.199928
858,1000,donut_ring,458.357532,68,0,1801,0.367879,-1.000000,-1.000000,0.000000,1.000000,0.000000,0.000000,0.000000,0,0,0,0.000000,0.0000250000,0,,,,,296.199928
859,1000,donut_ring,499.625885,76,1,1801,0.367879,-1.000000,-1.000000,0.000000,1.000000,0.000000,0.000000,0.000000,0,0,0,0.000000,0.0000250000,0,,,,,296.199928
860,1000,vertical_wall_left,75.794078,13,3,167,0.367879,-1.000000,-1.000000,0.000000,1.000000,0.000000,0.000000,0.000000,0,0,0,0.000000,0.0000250000,0,296.199928,223.009097,287,23,296.199928
861,1000,donut_ring,499.220238,74,0,1801,0.367879,-1.000000,-1.000000,0.000000,1.000000,0.000000,0.000000,0.000000,0,0,0,0.000000,0.0000250000,0,,,,,296.199928
862,1000,donut_ring,462.569290,71,0,1801,0.367879,-1.000000,-1.000000,0.000000,1.000000,0.000000,0.000000,0.000000,0,0,0,0.000000,0.0000250000,0,,,,,296.199928
863,1000,stock,387.150785,58,3,324,0.367879,-1.000000,-1.000000,0.000000,1.000000,0.000000,0.000000,0.000000,0,0,0,0.000000,0.0000250000,0,,,,,296.199928
864,1000,stock,206.547302,32,3,262,0.367879,-1.000000,-1.000000,0.000000,1.000000,0.000000,0.000000,0.000000,0,0,0,0.000000,0.0000250000,0,,,,,296.199928
865,1000,stock,253.527730,39,3,296,0.367879,-1.000000,-1.000000,0.000000,1.000000,0.000000,0.000000,0.000000,0,0,0,0.000000,0.0000250000,0,,,,,296.199928
866,1000,stock,202.361752,31,3,187,0.367879,-1.000000,-1.000000,0.000000,1.000000,0.000000,0.000000,0.000000,0,0,0,0.000000,0.0000250000,0,,,,,296.199928
867,1000,stock,251.020736,38,3,203,0.367879,-1.000000,-1.000000,0.000000,1.000000,0.000000,0.000000,0.000000,0,0,0,0.000000,0.0000250000,0,,,,,296.199928
868,1000,stock,427.397905,64,3,366,0.367879,-1.000000,-1.000000,0.000000,1.000000,0.000000,0.000000,0.000000,0,0,0,0.000000,0.0000250000,0,,,,,296.199928
869,1000,vertical_wall_left,303.762162,46,3,471,0.367879,-1.000000,-1.000000,0.000000,1.000000,0.000000,0.000000,0.000000,0,0,0,0.000000,0.0000250000,0,,,,,296.199928
870,1000,stock,290.340724,44,3,268,0.367879,-1.000000,-1.000000,0.000000,1.000000,0.000000,0.000000,0.000000,0,0,0,0.000000,0.0000250000,0,,,,,296.199928
871,1000,donut_ring,583.472237,86,0,1801,0.367879,-1.000000,-1.000000,0.000000,1.000000,0.000000,0.000000,0.000000,0,0,0,0.000000,0.0000250000,0,,,,,296.199928
872,1000,donut_ring,517.880229,79,1,1801,0.367879,-1.000000,-1.000000,0.000000,1.000000,0.000000,0.000000,0.000000,0,0,0,0.000000,0.0000250000,0,,,,,296.199928
873,1000,vertical_wall_left,152.241662,24,3,265,0.367879,-1.000000,-1.000000,0.000000,1.000000,0.000000,0.000000,0.000000,0,0,0,0.000000,0.0000250000,0,,,,,296.199928
874,1000,vertical_wall_left,423.043238,63,3,461,0.367879,-1.000000,-1.000000,0.000000,1.000000,0.000000,0.000000,0.000000,0,0,0,0.000000,0.0000250000,0,,,,,296.199928
875,1000,vertical_wall_left,103.713105,17,3,171,0.367879,-1.000000,-1.000000,0.000000,1.000000,0.000000,0.000000,0.000000,0,0,0,0.000000,0.0000250000,0,,,,,296.199928
876,1000,vertical_wall_left,400.508310,60,3,608,0.367879,-1.000000,-1.000000,0.000000,1.000000,0.000000,0.000000,0.000000,0,0,0,0.000000,0.0000250000,0,,,,,296.199928
877,1000,stock,254.021125,39,3,287,0.367879,-1.000000,-1.000000,0.000000,1.000000,0.000000,0.000000,0.000000,0,0,0,0.000000,0.0000250000,0,,,,,296.199928
878,1000,vertical_wall_left,117.426259,19,3,176,0.367879,-1.000000,-1.000000,0.000000,1.000000,0.000000,0.000000,0.000000,0,0,0,0.000000,0.0000250000,0,,,,,296.199928
879,1000,stock,236.934258,36,3,195,0.367879,-1.000000,-1.000000,0.000000,1.000000,0.000000,0.000000,0.000000,0,0,0,0.000000,0.0000250000,0,,,,,296.199928
880,1000,donut_ring,496.791947,74,0,1801,0.367879,-1.000000,-1.000000,0.000000,1.000000,0.000000,0.000000,0.000000,0,0,0,0.000000,0.0000250000,0,296.199928,223.009097,287,23,296.199928
881,1000,stock,181.321173,28,3,182,0.367879,-1.000000,-1.000000,0.000000,1.000000,0.000000,0.000000,0.000000,0,0,0,0.000000,0.0000250000,0,,,,,296.199928
882,1000,stock,234.772380,36,3,259,0.367879,-1.000000,-1.000000,0.000000,1.000000,0.000000,0.000000,0.000000,0,0,0,0.000000,0.0000250000,0,,,,,296.199928
883,1000,stock,337.683249,51,3,326,0.367879,-1.000000,-1.000000,0.000000,1.000000,0.000000,0.000000,0.000000,0,0,0,0.000000,0.0000250000,0,,,,,296.199928
884,1000,vertical_wall_left,349.901087,53,3,532,0.367879,-1.000000,-1.000000,0.000000,1.000000,0.000000,0.000000,0.000000,0,0,0,0.000000,0.0000250000,0,,,,,296.199928
885,1000,donut_ring,581.303747,87,0,1801,0.367879,-1.000000,-1.000000,0.000000,1.000000,0.000000,0.000000,0.000000,0,0,0,0.000000,0.0000250000,0,,,,,296.199928
886,1000,donut_ring,553.674324,82,0,1801,0.367879,-1.000000,-1.000000,0.000000,1.000000,0.000000,0.000000,0.000000,0,0,0,0.000000,0.0000250000,0,,,,,296.199928
887,1000,stock,257.435651,39,3,205,0.367879,-1.000000,-1.000000,0.000000,1.000000,0.000000,0.000000,0.000000,0,0,0,0.000000,0.0000250000,0,,,,,296.199928
888,1000,stock,263.739890,40,3,227,0.367879,-1.000000,-1.000000,0.000000,1.000000,0.000000,0.000000,0.000000,0,0,0,0.000000,0.0000250000,0,,,,,296.199928
889,1000,donut_ring,429.144151,65,0,1801,0.367879,-1.000000,-1.000000,0.000000,1.000000,0.000000,0.000000,0.000000,0,0,0,0.000000,0.0000250000,0,,,,,296.199928
890,1000,donut_ring,618.471812,91,0,1801,0.367879,-1.000000,-1.000000,0.000000,1.000000,0.000000,0.000000,0.000000,0,0,0,0.000000,0.0000250000,0,,,,,296.199928
891,1000,donut_ring,554.639710,84,0,1801,0.367879,-1.000000,-1.000000,0.000000,1.000000,0.000000,0.000000,0.000000,0,0,0,0.000000,0.0000250000,0,,,,,296.199928
892,1000,stock,269.883688,41,3,262,0.367879,-1.000000,-1.000000,0.000000,1.000000,0.000000,0.000000,0.000000,0,0,0,0.000000,0.0000250000,0,,,,,296.199928
893,1000,vertical_wall_left,120.545180,19,3,79,0.367879,-1.000000,-1.000000,0.000000,1.000000,0.000000,0.000000,0.000000,0,0,0,0.000000,0.0000250000,0,,,,,296.199928
894,1000,stock,248.763930,38,3,262,0.367879,-1.000000,-1.000000,0.000000,1.000000,0.000000,0.000000,0.000000,0,0,0,0.000000,0.0000250000,0,,,,,296.199928
895,1000,vertical_wall_left,213.334489,33,3,502,0.367879,-1.000000,-1.000000,0.000000,1.000000,0.000000,0.000000,0.000000,0,0,0,0.000000,0.0000250000,0,,,,,296.199928
896,1000,vertical_wall_left,357.755757,54,3,481,0.367879,-1.000000,-1.000000,0.000000,1.000000,0.000000,0.000000,0.000000,0,0,0,0.000000,0.0000250000,0,,,,,296.199928
897,1000,donut_ring,369.698780,57,0,1801,0.367879,-1.000000,-1.000000,0.000000,1.000000,0.000000,0.000000,0.000000,0,0,0,0.000000,0.0000250000,0,,,,,296.199928
898,1000,vertical_wall_left,157.088590,25,3,301,0.367879,-1.000000,-1.000000,0.000000,1.000000,0.000000,0.000000,0.000000,0,0,0,0.000000,0.0000250000,0,,,,,296.199928
899,1000,stock,257.575590,39,3,204,0.367879,-1.000000,-1.000000,0.000000,1.000000,0.000000,0.000000,0.000000,0,0,0,0.000000,0.0000250000,0,,,,,296.199928
900,1000,stock,338.276942,51,3,297,0.367879,-1.000000,-1.000000,0.000000,1.000000,0.000000,0.000000,0.000000,0,0,0,0.000000,0.0000250000,0,296.199928,223.009097,287,23,296.199928
901,1000,vertical_wall_left,224.673665,35,3,507,0.367879,-1.000000,-1.000000,0.000000,1.000000,0.000000,0.000000,0.000000,0,0,0,0.000000,0.0000250000,0,,,,,296.199928
902,1000,stock,244.261071,37,3,188,0.367879,-1.000000,-1.000000,0.000000,1.000000,0.000000,0.000000,0.000000,0,0,0,0.000000,0.0000250000,0,,,,,296.199928
903,1000,stock,468.825773,70,3,366,0.367879,-1.000000,-1.000000,0.000000,1.000000,0.000000,0.000000,0.000000,0,0,0,0.000000,0.0000250000,0,,,,,296.199928
904,1000,vertical_wall_left,61.702052,11,3,169,0.367879,-1.000000,-1.000000,0.000000,1.000000,0.000000,0.000000,0.000000,0,0,0,0.000000,0.0000250000,0,,,,,296.199928
905,1000,stock,220.831812,34,3,261,0.367879,-1.000000,-1.000000,0.000000,1.000000,0.000000,0.000000,0.000000,0,0,0,0.000000,0.0000250000,0,,,,,296.199928
906,1000,vertical_wall_left,76.096223,13,3,245,0.367879,-1.000000,-1.000000,0.000000,1.000000,0.000000,0.000000,0.000000,0,0,0,0.000000,0.0000250000,0,,,,,296.199928
907,1000,stock,366.487795,55,3,301,0.367879,-1.000000,-1.000000,0.000000,1.000000,0.000000,0.000000,0.000000,0,0,0,0.000000,0.0000250000,0,,,,,296.199928
908,1000,stock,346.061258,52,3,282,0.367879,-1.000000,-1.000000,0.000000,1.000000,0.000000,0.000000,0.000000,0,0,0,0.000000,0.0000250000,0,,,,,296.199928
909,1000,stock,249.870575,38,3,226,0.367879,-1.000000,-1.000000,0.000000,1.000000,0.000000,0.000000,0.000000,0,0,0,0.000000,0.0000250000,0,,,,,296.199928
910,1000,stock,290.320885,44,3,293,0.367879,-1.000000,-1.000000,0.000000,1.000000,0.000000,0.000000,0.000000,0,0,0,0.000000,0.0000250000,0,,,,,296.199928
911,1000,stock,216.070572,33,3,184,0.367879,-1.000000,-1.000000,0.000000,1.000000,0.000000,0.000000,0.000000,0,0,0,0.000000,0.0000250000,0,,,,,296.199928
912,1000,donut_ring,420.311081,65,1,1801,0.367879,-1.000000,-1.000000,0.000000,1.000000,0.000000,0.000000,0.000000,0,0,0,0.000000,0.0000250000,0,,,,,296.199928
913,1000,donut_ring,301.661542,47,0,1801,0.367879,-1.000000,-1.000000,0.000000,1.000000,0.000000,0.000000,0.000000,0,0,0,0.000000,0.0000250000,0,,,,,296.199928
914,1000,donut_ring,560.558986,83,0,1801,0.367879,-1.000000,-1.000000,0.000000,1.000000,0.000000,0.000000,0.000000,0,0,0,0.000000,0.0000250000,0,,,,,296.199928
915,1000,stock,318.813563,48,3,263,0.367879,-1.000000,-1.000000,0.000000,1.000000,0.000000,0.000000,0.000000,0,0,0,0.000000,0.0000250000,0,,,,,296.199928
916,1000,stock,192.131406,30,3,284,0.367879,-1.000000,-1.000000,0.000000,1.000000,0.000000,0.000000,0.000000,0,0,0,0.000000,0.0000250000,0,,,,,296.199928
917,1000,stock,244.062518,37,3,190,0.367879,-1.000000,-1.000000,0.000000,1.000000,0.000000,0.000000,0.000000,0,0,0,0.000000,0.0000250000,0,,,,,296.199928
918,1000,stock,373.486815,56,3,296,0.367879,-1.000000,-1.000000,0.000000,1.000000,0.000000,0.000000,0.000000,0,0,0,0.000000,0.0000250000,0,,,,,296.199928
919,1000,donut_ring,514.460337,77,0,1801,0.367879,-1.000000,-1.000000,0.000000,1.000000,0.000000,0.000000,0.000000,0,0,0,0.000000,0.0000250000,0,,,,,296.199928
920,1000,stock,332.110518,50,3,291,0.367879,-1.000000,-1.000000,0.000000,1.000000,0.000000,0.000000,0.000000,0,0,0,0.000000,0.0000250000,0,296.199928,223.009097,287,23,296.199928
921,1000,stock,137.345663,22,3,248,0.367879,-1.000000,-1.000000,0.000000,1.000000,0.000000,0.000000,0.000000,0,0,0,0.000000,0.0000250000,0,,,,,296.199928
922,1000,donut_ring,440.914365,67,0,1801,0.367879,-1.000000,-1.000000,0.000000,1.000000,0.000000,0.000000,0.000000,0,0,0,0.000000,0.0000250000,0,,,,,296.199928
923,1000,donut_ring,517.644554,78,0,1801,0.367879,-1.000000,-1.000000,0.000000,1.000000,0.000000,0.000000,0.000000,0,0,0,0.000000,0.0000250000,0,,,,,296.199928
924,1000,donut_ring,453.455006,69,0,1801,0.367879,-1.000000,-1.000000,0.000000,1.000000,0.000000,0.000000,0.000000,0,0,0,0.000000,0.0000250000,0,,,,,296.199928
925,1000,vertical_wall_left,75.514679,13,3,166,0.367879,-1.000000,-1.000000,0.000000,1.000000,0.000000,0.000000,0.000000,0,0,0,0.000000,0.0000250000,0,,,,,296.199928
926,1000,stock,208.686501,32,3,198,0.367879,-1.000000,-1.000000,0.000000,1.000000,0.000000,0.000000,0.000000,0,0,0,0.000000,0.0000250000,0,,,,,296.199928
927,1000,donut_ring,483.348426,72,0,1801,0.367879,-1.000000,-1.000000,0.000000,1.000000,0.000000,0.000000,0.000000,0,0,0,0.000000,0.0000250000,0,,,,,296.199928
928,1000,stock,240.669052,37,3,284,0.367879,-1.000000,-1.000000,0.000000,1.000000,0.000000,0.000000,0.000000,0,0,0,0.000000,0.0000250000,0,,,,,296.199928
929,1000,donut_ring,582.970910,86,0,1801,0.367879,-1.000000,-1.000000,0.000000,1.000000,0.000000,0.000000,0.000000,0,0,0,0.000000,0.0000250000,0,,,,,296.199928
930,1000,vertical_wall_left,145.006246,23,3,194,0.367879,-1.000000,-1.000000,0.000000,1.000000,0.000000,0.000000,0.000000,0,0,0,0.000000,0.0000250000,0,,,,,296.199928
931,1000,stock,244.826427,38,3,408,0.367879,-1.000000,-1.000000,0.000000,1.000000,0.000000,0.000000,0.000000,0,0,0,0.000000,0.0000250000,0,,,,,296.199928
932,1000,donut_ring,409.960273,62,0,1801,0.367879,-1.000000,-1.000000,0.000000,1.000000,0.000000,0.000000,0.000000,0,0,0,0.000000,0.0000250000,0,,,,,296.199928
933,1000,stock,352.901041,53,3,301,0.367879,-1.000000,-1.000000,0.000000,1.000000,0.000000,0.000000,0.000000,0,0,0,0.000000,0.0000250000,0,,,,,296.199928
934,1000,vertical_wall_left,313.183181,47,3,296,0.367879,-1.000000,-1.000000,0.000000,1.000000,0.000000,0.000000,0.000000,0,0,0,0.000000,0.0000250000,0,,,,,296.199928
935,1000,vertical_wall_left,170.664922,27,3,295,0.367879,-1.000000,-1.000000,0.000000,1.000000,0.000000,0.000000,0.000000,0,0,0,0.000000,0.0000250000,0,,,,,296.199928
936,1000,stock,352.340664,53,3,300,0.367879,-1.000000,-1.000000,0.000000,1.000000,0.000000,0.000000,0.000000,0,0,0,0.000000,0.0000250000,0,,,,,296.199928
937,1000,stock,381.236171,57,3,269,0.367879,-1.000000,-1.000000,0.000000,1.000000,0.000000,0.000000,0.000000,0,0,0,0.000000,0.0000250000,0,,,,,296.199928
938,1000,stock,264.872868,40,3,193,0.367879,-1.000000,-1.000000,0.000000,1.000000,0.000000,0.000000,0.000000,0,0,0,0.000000,0.0000250000,0,,,,,296.199928
939,1000,stock,304.602396,46,3,272,0.367879,-1.000000,-1.000000,0.000000,1.000000,0.000000,0.000000,0.000000,0,0,0,0.000000,0.0000250000,0,,,,,296.199928
940,1000,donut_ring,524.191934,79,1,1801,0.367879,-1.000000,-1.000000,0.000000,1.000000,0.000000,0.000000,0.000000,0,0,0,0.000000,0.0000250000,0,296.199928,223.009097,287,23,296.199928
941,1000,stock,331.523498,50,3,298,0.367879,-1.000000,-1.000000,0.000000,1.000000,0.000000,0.000000,0.000000,0,0,0,0.000000,0.0000250000,0,,,,,296.199928
942,1000,vertical_wall_left,290.705988,44,3,382,0.367879,-1.000000,-1.000000,0.000000,1.000000,0.000000,0.000000,0.000000,0,0,0,0.000000,0.0000250000,0,,,,,296.199928
943,1000,donut_ring,441.480327,67,0,1801,0.367879,-1.000000,-1.000000,0.000000,1.000000,0.000000,0.000000,0.000000,0,0,0,0.000000,0.0000250000,0,,,,,296.199928
944,1000,stock,374.717433,56,3,280,0.367879,-1.000000,-1.000000,0.000000,1.000000,0.000000,0.000000,0.000000,0,0,0,0.000000,0.0000250000,0,,,,,296.199928
945,1000,vertical_wall_left,81.871365,14,3,278,0.367879,-1.000000,-1.000000,0.000000,1.000000,0.000000,0.000000,0.000000,0,0,0,0.000000,0.0000250000,0,,,,,296.199928
946,1000,stock,332.161058,50,3,291,0.367879,-1.000000,-1.000000,0.000000,1.000000,0.000000,0.000000,0.000000,0,0,0,0.000000,0.0000250000,0,,,,,296.199928
947,1000,stock,206.352639,32,3,256,0.367879,-1.000000,-1.000000,0.000000,1.000000,0.000000,0.000000,0.000000,0,0,0,0.000000,0.0000250000,0,,,,,296.199928
948,1000,vertical_wall_left,92.610363,15,3,76,0.367879,-1.000000,-1.000000,0.000000,1.000000,0.000000,0.000000,0.000000,0,0,0,0.000000,0.0000250000,0,,,,,296.199928
949,1000,donut_ring,528.174892,79,0,1801,0.367879,-1.000000,-1.000000,0.000000,1.000000,0.000000,0.000000,0.000000,0,0,0,0.000000,0.0000250000,0,,,,,296.199928
950,1000,stock,253.930396,39,3,300,0.367879,-1.000000,-1.000000,0.000000,1.000000,0.000000,0.000000,0.000000,0,0,0,0.000000,0.0000250000,0,,,,,296.199928
951,1000,donut_ring,538.586335,80,0,1801,0.367879,-1.000000,-1.000000,0.000000,1.000000,0.000000,0.000000,0.000000,0,0,0,0.000000,0.0000250000,0,,,,,296.199928
952,1000,donut_ring,579.494493,87,0,1801,0.367879,-1.000000,-1.000000,0.000000,1.000000,0.000000,0.000000,0.000000,0,0,0,0.000000,0.0000250000,0,,,,,296.199928
953,1000,stock,331.947529,50,3,292,0.367879,-1.000000,-1.000000,0.000000,1.000000,0.000000,0.000000,0.000000,0,0,0,0.000000,0.0000250000,0,,,,,296.199928
954,1000,stock,234.118784,36,3,265,0.367879,-1.000000,-1.000000,0.000000,1.000000,0.000000,0.000000,0.000000,0,0,0,0.000000,0.0000250000,0,,,,,296.199928
955,1000,donut_ring,413.393142,62,0,1801,0.367879,-1.000000,-1.000000,0.000000,1.000000,0.000000,0.000000,0.000000,0,0,0,0.000000,0.0000250000,0,,,,,296.199928
956,1000,donut_ring,283.690071,45,0,1801,0.367879,-1.000000,-1.000000,0.000000,1.000000,0.000000,0.000000,0.000000,0,0,0,0.000000,0.0000250000,0,,,,,296.199928
957,1000,donut_ring,513.751015,76,0,1801,0.367879,-1.000000,-1.000000,0.000000,1.000000,0.000000,0.000000,0.000000,0,0,0,0.000000,0.0000250000,0,,,,,296.199928
958,1000,stock,331.997332,50,3,285,0.367879,-1.000000,-1.000000,0.000000,1.000000,0.000000,0.000000,0.000000,0,0,0,0.000000,0.0000250000,0,,,,,296.199928
959,1000,stock,345.208581,52,3,318,0.367879,-1.000000,-1.000000,0.000000,1.000000,0.000000,0.000000,0.000000,0,0,0,0.000000,0.0000250000,0,,,,,296.199928
960,1000,vertical_wall_left,235.337418,36,3,312,0.367879,-1.000000,-1.000000,0.000000,1.000000,0.000000,0.000000,0.000000,0,0,0,0.000000,0.0000250000,0,296.199928,223.009097,287,23,296.199928
961,1000,donut_ring,467.355101,70,0,1801,0.367879,-1.000000,-1.000000,0.000000,1.000000,0.000000,0.000000,0.000000,0,0,0,0.000000,0.0000250000,0,,,,,296.199928
962,1000,stock,201.821178,31,3,193,0.367879,-1.000000,-1.000000,0.000000,1.000000,0.000000,0.000000,0.000000,0,0,0,0.000000,0.0000250000,0,,,,,296.199928
963,1000,donut_ring,538.544741,80,0,1801,0.367879,-1.000000,-1.000000,0.000000,1.000000,0.000000,0.000000,0.000000,0,0,0,0.000000,0.0000250000,0,,,,,296.199928
964,1000,vertical_wall_left,90.238448,15,3,247,0.367879,-1.000000,-1.000000,0.000000,1.000000,0.000000,0.000000,0.000000,0,0,0,0.000000,0.0000250000,0,,,,,296.199928
965,1000,vertical_wall_left,180.898032,28,3,166,0.367879,-1.000000,-1.000000,0.000000,1.000000,0.000000,0.000000,0.000000,0,0,0,0.000000,0.0000250000,0,,,,,296.199928
966,1000,vertical_wall_left,280.124137,43,3,608,0.367879,-1.000000,-1.000000,0.000000,1.000000,0.000000,0.000000,0.000000,0,0,0,0.000000,0.0000250000,0,,,,,296.199928
967,1000,donut_ring,237.811718,37,0,1801,0.367879,-1.000000,-1.000000,0.000000,1.000000,0.000000,0.000000,0.000000,0,0,0,0.000000,0.0000250000,0,,,,,296.199928
968,1000,donut_ring,474.979274,72,0,1801,0.367879,-1.000000,-1.000000,0.000000,1.000000,0.000000,0.000000,0.000000,0,0,0,0.000000,0.0000250000,0,,,,,296.199928
969,1000,stock,213.792671,33,3,252,0.367879,-1.000000,-1.000000,0.000000,1.000000,0.000000,0.000000,0.000000,0,0,0,0.000000,0.0000250000,0,,,,,296.199928
970,1000,vertical_wall_left,219.983153,34,3,415,0.367879,-1.000000,-1.000000,0.000000,1.000000,0.000000,0.000000,0.000000,0,0,0,0.000000,0.0000250000,0,,,,,296.199928
971,1000,donut_ring,564.835306,84,0,1801,0.367879,-1.000000,-1.000000,0.000000,1.000000,0.000000,0.000000,0.000000,0,0,0,0.000000,0.0000250000,0,,,,,296.199928
972,1000,donut_ring,431.059266,65,0,1801,0.367879,-1.000000,-1.000000,0.000000,1.000000,0.000000,0.000000,0.000000,0,0,0,0.000000,0.0000250000,0,,,,,296.199928
973,1000,vertical_wall_left,174.503293,27,3,142,0.367879,-1.000000,-1.000000,0.000000,1.000000,0.000000,0.000000,0.000000,0,0,0,0.000000,0.0000250000,0,,,,,296.199928
974,1000,stock,222.044045,34,3,233,0.367879,-1.000000,-1.000000,0.000000,1.000000,0.000000,0.000000,0.000000,0,0,0,0.000000,0.0000250000,0,,,,,296.199928
975,1000,stock,241.351759,37,3,266,0.367879,-1.000000,-1.000000,0.000000,1.000000,0.000000,0.000000,0.000000,0,0,0,0.000000,0.0000250000,0,,,,,296.199928
976,1000,stock,213.627310,33,3,274,0.367879,-1.000000,-1.000000,0.000000,1.000000,0.000000,0.000000,0.000000,0,0,0,0.000000,0.0000250000,0,,,,,296.199928
977,1000,donut_ring,392.781933,60,0,1801,0.367879,-1.000000,-1.000000,0.000000,1.000000,0.000000,0.000000,0.000000,0,0,0,0.000000,0.0000250000,0,,,,,296.199928
978,1000,vertical_wall_left,92.452097,15,3,79,0.367879,-1.000000,-1.000000,0.000000,1.000000,0.000000,0.000000,0.000000,0,0,0,0.000000,0.0000250000,0,,,,,296.199928
979,1000,donut_ring,536.581998,80,0,1801,0.367879,-1.000000,-1.000000,0.000000,1.000000,0.000000,0.000000,0.000000,0,0,0,0.000000,0.0000250000,0,,,,,296.199928
980,1000,donut_ring,518.172784,77,0,1801,0.367879,-1.000000,-1.000000,0.000000,1.000000,0.000000,0.000000,0.000000,0,0,0,0.000000,0.0000250000,0,296.199928,223.009097,287,23,296.199928
981,1000,stock,258.333406,39,3,184,0.367879,-1.000000,-1.000000,0.000000,1.000000,0.000000,0.000000,0.000000,0,0,0,0.000000,0.0000250000,0,,,,,296.199928
982,1000,stock,338.328470,51,3,320,0.367879,-1.000000,-1.000000,0.000000,1.000000,0.000000,0.000000,0.000000,0,0,0,0.000000,0.0000250000,0,,,,,296.199928
983,1000,vertical_wall_left,172.241529,27,3,343,0.367879,-1.000000,-1.000000,0.000000,1.000000,0.000000,0.000000,0.000000,0,0,0,0.000000,0.0000250000,0,,,,,296.199928
984,1000,vertical_wall_left,187.240818,29,3,285,0.367879,-1.000000,-1.000000,0.000000,1.000000,0.000000,0.000000,0.000000,0,0,0,0.000000,0.0000250000,0,,,,,296.199928
985,1000,vertical_wall_left,144.400420,23,3,306,0.367879,-1.000000,-1.000000,0.000000,1.000000,0.000000,0.000000,0.000000,0,0,0,0.000000,0.0000250000,0,,,,,296.199928
986,1000,donut_ring,509.056548,77,1,1801,0.367879,-1.000000,-1.000000,0.000000,1.000000,0.000000,0.000000,0.000000,0,0,0,0.000000,0.0000250000,0,,,,,296.199928
987,1000,stock,255.338035,39,3,280,0.367879,-1.000000,-1.000000,0.000000,1.000000,0.000000,0.000000,0.000000,0,0,0,0.000000,0.0000250000,0,,,,,296.199928
988,1000,stock,269.651294,41,3,276,0.367879,-1.000000,-1.000000,0.000000,1.000000,0.000000,0.000000,0.000000,0,0,0,0.000000,0.0000250000,0,,,,,296.199928
989,1000,vertical_wall_left,115.691802,19,3,356,0.367879,-1.000000,-1.000000,0.000000,1.000000,0.000000,0.000000,0.000000,0,0,0,0.000000,0.0000250000,0,,,,,296.199928
990,1000,donut_ring,557.761565,83,0,1801,0.367879,-1.000000,-1.000000,0.000000,1.000000,0.000000,0.000000,0.000000,0,0,0,0.000000,0.0000250000,0,,,,,296.199928
991,1000,vertical_wall_left,293.304334,44,3,279,0.367879,-1.000000,-1.000000,0.000000,1.000000,0.000000,0.000000,0.000000,0,0,0,0.000000,0.0000250000,0,,,,,296.199928
992,1000,vertical_wall_left,193.960124,30,3,331,0.367879,-1.000000,-1.000000,0.000000,1.000000,0.000000,0.000000,0.000000,0,0,0,0.000000,0.0000250000,0,,,,,296.199928
993,1000,stock,208.235371,32,3,222,0.367879,-1.000000,-1.000000,0.000000,1.000000,0.000000,0.000000,0.000000,0,0,0,0.000000,0.0000250000,0,,,,,296.199928
994,1000,vertical_wall_left,146.796588,23,3,135,0.367879,-1.000000,-1.000000,0.000000,1.000000,0.000000,0.000000,0.000000,0,0,0,0.000000,0.0000250000,0,,,,,296.199928
995,1000,donut_ring,454.307038,68,0,1801,0.367879,-1.000000,-1.000000,0.000000,1.000000,0.000000,0.000000,0.000000,0,0,0,0.000000,0.0000250000,0,,,,,296.199928
996,1000,donut_ring,378.247349,58,0,1801,0.367879,-1.000000,-1.000000,0.000000,1.000000,0.000000,0.000000,0.000000,0,0,0,0.000000,0.0000250000,0,,,,,296.199928
997,1000,stock,269.691026,41,3,273,0.367879,-1.000000,-1.000000,0.000000,1.000000,0.000000,0.000000,0.000000,0,0,0,0.000000,0.0000250000,0,,,,,296.199928
998,1000,donut_ring,468.722788,71,0,1801,0.367879,-1.000000,-1.000000,0.000000,1.000000,0.000000,0.000000,0.000000,0,0,0,0.000000,0.0000250000,0,,,,,296.199928
999,1000,vertical_wall_left,117.949131,19,3,256,0.367879,-1.000000,-1.000000,0.000000,1.000000,0.000000,0.000000,0.000000,0,0,0,0.000000,0.0000250000,0,,,,,296.199928
1000,1000,stock,345.154194,52,3,293,0.367879,-1.000000,-1.000000,0.000000,1.000000,0.000000,0.000000,0.000000,0,0,0,0.000000,0.0000250000,0,296.199928,223.009097,287,23,296.199928
