episode,total_episodes,scenario,reward,hits,deaths,steps,std,log_std_0,log_std_1,entropy,ratio,total_loss,policy_loss,value_loss,skipped,ppo_update_count,pool_episodes,adv_std_spread,learning_rate,policy_frozen,det_train_avg,det_all_avg,det_total_hits,det_total_deaths,best_reward_so_far
1,1000,asteroid_rain,166.746226,26,3,169,0.367879,-1.000000,-1.000000,0.000000,1.000000,0.000000,0.000000,0.000000,0,0,0,0.000000,0.0000500000,0,,,,,243.153637
2,1000,asteroid_rain,69.488845,12,3,133,0.367879,-1.000000,-1.000000,0.000000,1.000000,0.000000,0.000000,0.000000,0,0,0,0.000000,0.0000500000,0,,,,,243.153637
3,1000,asteroid_rain,55.514344,10,3,136,0.367879,-1.000000,-1.000000,0.000000,1.000000,0.000000,0.000000,0.000000,0,0,0,0.000000,0.0000500000,0,,,,,243.153637
4,1000,crossing_lanes,207.727073,36,9,279,0.367879,-1.000000,-1.000000,0.000000,1.000000,0.000000,0.000000,0.000000,0,0,0,0.000000,0.0000500000,0,,,,,243.153637
5,1000,spiral_arms,282.781709,43,3,293,0.367879,-1.000000,-1.000000,0.000000,1.000000,0.000000,0.000000,0.000000,0,0,0,0.000000,0.0000500000,0,,,,,243.153637
6,1000,asteroid_rain,206.569368,32,3,293,0.367879,-1.000000,-1.000000,0.000000,1.000000,0.000000,0.000000,0.000000,0,0,0,0.000000,0.0000500000,0,,,,,243.153637
7,1000,vertical_wall_left,312.456392,47,3,367,0.367879,-1.000000,-1.000000,0.000000,1.000000,0.000000,0.000000,0.000000,0,0,0,0.000000,0.0000500000,0,,,,,243.153637
8,1000,stock,254.950424,39,3,292,0.367879,-1.000000,-1.000000,0.000000,1.000000,0.000000,0.000000,0.000000,0,0,0,0.000000,0.0000500000,0,,,,,243.153637
9,1000,spiral_arms,229.215922,35,3,171,0.358473,-1.025901,-1.025901,0.837877,1.000006,14.931605,-0.027282,14.967266,0,1,9,3.695204,0.0000500000,0,,,,,243.153637
10,1000,crossing_lanes,212.961203,37,9,349,0.358473,-1.025901,-1.025901,0.000000,1.000000,0.000000,0.000000,0.000000,0,1,0,0.000000,0.0000500000,0,,,,,243.153637
11,1000,crossing_lanes,576.006643,90,9,930,0.358473,-1.025901,-1.025901,0.000000,1.000000,0.000000,0.000000,0.000000,0,1,0,0.000000,0.0000500000,0,,,,,243.153637
12,1000,asteroid_rain,170.634447,27,3,301,0.358473,-1.025901,-1.025901,0.000000,1.000000,0.000000,0.000000,0.000000,0,1,0,0.000000,0.0000500000,0,,,,,243.153637
13,1000,asteroid_rain,185.879256,29,3,288,0.358473,-1.025901,-1.025901,0.000000,1.000000,0.000000,0.000000,0.000000,0,1,0,0.000000,0.0000500000,0,,,,,243.153637
14,1000,vertical_wall_left,170.632552,27,3,436,0.358473,-1.025901,-1.025901,0.000000,1.000000,0.000000,0.000000,0.000000,0,1,0,0.000000,0.0000500000,0,,,,,243.153637
15,1000,asteroid_rain,82.683741,14,3,149,0.358473,-1.025901,-1.025901,0.000000,1.000000,0.000000,0.000000,0.000000,0,1,0,0.000000,0.0000500000,0,,,,,243.153637
16,1000,asteroid_rain,430.098288,65,3,725,0.358473,-1.025901,-1.025901,0.000000,1.000000,0.000000,0.000000,0.000000,0,1,0,0.000000,0.0000500000,0,,,,,243.153637
17,1000,spiral_arms,165.949576,26,3,159,0.351260,-1.046227,-1.046227,0.786076,1.000074,6.249191,0.084611,6.172441,0,2,8,3.074432,0.0000500000,0,,,,,243.153637
18,1000,crossing_lanes,502.274903,79,9,666,0.351260,-1.046227,-1.046227,0.000000,1.000000,0.000000,0.000000,0.000000,0,2,0,0.000000,0.0000500000,0,,,,,243.153637
19,1000,donut_ring,396.630730,61,0,1801,0.351260,-1.046227,-1.046227,0.000000,1.000000,0.000000,0.000000,0.000000,0,2,0,0.000000,0.0000500000,0,,,,,243.153637
20,1000,spiral_arms,118.708666,19,3,92,0.351260,-1.046227,-1.046227,0.000000,1.000000,0.000000,0.000000,0.000000,0,2,0,0.000000,0.0000500000,0,225.767760,207.813626,269,21,243.153637
21,1000,asteroid_rain,291.282255,44,3,321,0.351260,-1.046227,-1.046227,0.000000,1.000000,0.000000,0.000000,0.000000,0,2,0,0.000000,0.0000500000,0,,,,,243.153637
22,1000,four_corner,380.116433,58,0,2101,0.351260,-1.046227,-1.046227,0.000000,1.000000,0.000000,0.000000,0.000000,0,2,0,0.000000,0.0000500000,0,,,,,243.153637
23,1000,asteroid_rain,298.520544,45,3,278,0.345635,-1.062373,-1.062373,0.745422,1.000008,7.784479,0.072697,7.719236,0,3,6,2.220783,0.0000500000,0,,,,,243.153637
24,1000,vertical_wall_left,150.793622,24,3,297,0.345635,-1.062373,-1.062373,0.000000,1.000000,0.000000,0.000000,0.000000,0,3,0,0.000000,0.0000500000,0,,,,,243.153637
25,1000,asteroid_rain,82.902873,14,3,150,0.345635,-1.062373,-1.062373,0.000000,1.000000,0.000000,0.000000,0.000000,0,3,0,0.000000,0.0000500000,0,,,,,243.153637
26,1000,donut_ring,489.344138,73,0,1801,0.345635,-1.062373,-1.062373,0.000000,1.000000,0.000000,0.000000,0.000000,0,3,0,0.000000,0.0000500000,0,,,,,243.153637
27,1000,crossing_lanes,557.093433,87,9,789,0.345635,-1.062373,-1.062373,0.000000,1.000000,0.000000,0.000000,0.000000,0,3,0,0.000000,0.0000500000,0,,,,,243.153637
28,1000,asteroid_rain,220.488543,34,3,285,0.345635,-1.062373,-1.062373,0.000000,1.000000,0.000000,0.000000,0.000000,0,3,0,0.000000,0.0000500000,0,,,,,243.153637
29,1000,spiral_arms,105.866621,17,3,46,0.345635,-1.062373,-1.062373,0.000000,1.000000,0.000000,0.000000,0.000000,0,3,0,0.000000,0.0000500000,0,,,,,243.153637
30,1000,crossing_lanes,462.632739,73,9,662,0.341167,-1.075384,-1.075384,0.713130,0.999992,4.713873,0.119794,4.601210,0,4,7,3.211003,0.0000500000,0,,,,,243.153637
31,1000,vertical_wall_left,158.167649,25,3,315,0.341167,-1.075384,-1.075384,0.000000,1.000000,0.000000,0.000000,0.000000,0,4,0,0.000000,0.0000500000,0,,,,,243.153637
32,1000,asteroid_rain,298.641417,45,3,287,0.341167,-1.075384,-1.075384,0.000000,1.000000,0.000000,0.000000,0.000000,0,4,0,0.000000,0.0000500000,0,,,,,243.153637
33,1000,crossing_lanes,339.519640,55,9,414,0.341167,-1.075384,-1.075384,0.000000,1.000000,0.000000,0.000000,0.000000,0,4,0,0.000000,0.0000500000,0,,,,,243.153637
34,1000,crossing_lanes,930.472055,141,9,1285,0.341167,-1.075384,-1.075384,0.000000,1.000000,0.000000,0.000000,0.000000,0,4,0,0.000000,0.0000500000,0,,,,,243.153637
35,1000,spiral_arms,125.855073,20,3,87,0.341167,-1.075384,-1.075384,0.000000,1.000000,0.000000,0.000000,0.000000,0,4,0,0.000000,0.0000500000,0,,,,,243.153637
36,1000,asteroid_rain,118.240965,19,3,146,0.341167,-1.075384,-1.075384,0.000000,1.000000,0.000000,0.000000,0.000000,0,4,0,0.000000,0.0000500000,0,,,,,243.153637
37,1000,asteroid_rain,372.819895,56,3,449,0.337550,-1.086042,-1.086042,0.687110,1.000028,11.479815,0.040263,11.446424,0,5,7,3.006203,0.0000500000,0,,,,,243.153637
38,1000,spiral_arms,111.669202,18,3,92,0.337550,-1.086042,-1.086042,0.000000,1.000000,0.000000,0.000000,0.000000,0,5,0,0.000000,0.0000500000,0,,,,,243.153637
39,1000,spiral_arms,125.489778,20,3,102,0.337550,-1.086042,-1.086042,0.000000,1.000000,0.000000,0.000000,0.000000,0,5,0,0.000000,0.0000500000,0,,,,,243.153637
40,1000,asteroid_rain,277.883714,42,3,277,0.337550,-1.086042,-1.086042,0.000000,1.000000,0.000000,0.000000,0.000000,0,5,0,0.000000,0.0000250000,0,263.423143,240.767459,306,22,263.423143
41,1000,spiral_arms,200.842815,31,3,168,0.337550,-1.086042,-1.086042,0.000000,1.000000,0.000000,0.000000,0.000000,0,5,0,0.000000,0.0000250000,0,,,,,263.423143
42,1000,four_corner,561.580140,86,2,2101,0.337550,-1.086042,-1.086042,0.000000,1.000000,0.000000,0.000000,0.000000,0,5,0,0.000000,0.0000250000,0,,,,,263.423143
43,1000,crossing_lanes,601.115966,94,9,903,0.337550,-1.086042,-1.086042,0.000000,1.000000,0.000000,0.000000,0.000000,0,5,0,0.000000,0.0000250000,0,,,,,263.423143
44,1000,crossing_lanes,915.837173,139,9,1220,0.334561,-1.094937,-1.094937,0.665793,1.000003,5.354782,0.121075,5.240365,0,6,7,2.755662,0.0000250000,0,,,,,263.423143
45,1000,vertical_wall_left,229.589287,35,3,271,0.334561,-1.094937,-1.094937,0.000000,1.000000,0.000000,0.000000,0.000000,0,6,0,0.000000,0.0000250000,0,,,,,263.423143
46,1000,asteroid_rain,157.362414,25,3,298,0.334561,-1.094937,-1.094937,0.000000,1.000000,0.000000,0.000000,0.000000,0,6,0,0.000000,0.0000250000,0,,,,,263.423143
47,1000,crossing_lanes,140.892558,26,9,170,0.334561,-1.094937,-1.094937,0.000000,1.000000,0.000000,0.000000,0.000000,0,6,0,0.000000,0.0000250000,0,,,,,263.423143
48,1000,asteroid_rain,220.879026,34,3,285,0.334561,-1.094937,-1.094937,0.000000,1.000000,0.000000,0.000000,0.000000,0,6,0,0.000000,0.0000250000,0,,,,,263.423143
49,1000,spiral_arms,385.184756,58,3,365,0.334561,-1.094937,-1.094937,0.000000,1.000000,0.000000,0.000000,0.000000,0,6,0,0.000000,0.0000250000,0,,,,,263.423143
50,1000,crossing_lanes,683.720784,105,9,919,0.334561,-1.094937,-1.094937,0.000000,1.000000,0.000000,0.000000,0.000000,0,6,0,0.000000,0.0000250000,0,,,,,263.423143
51,1000,asteroid_rain,270.538857,41,3,301,0.332037,-1.102509,-1.102509,0.648003,0.999998,10.228725,0.061706,10.173500,0,7,7,2.543078,0.0000250000,0,,,,,263.423143
52,1000,donut_ring,444.307933,67,0,1801,0.332037,-1.102509,-1.102509,0.000000,1.000000,0.000000,0.000000,0.000000,0,7,0,0.000000,0.0000250000,0,,,,,263.423143
53,1000,stock,185.773787,29,3,265,0.332037,-1.102509,-1.102509,0.000000,1.000000,0.000000,0.000000,0.000000,0,7,0,0.000000,0.0000250000,0,,,,,263.423143
54,1000,crossing_lanes,359.497386,58,9,382,0.332037,-1.102509,-1.102509,0.000000,1.000000,0.000000,0.000000,0.000000,0,7,0,0.000000,0.0000250000,0,,,,,263.423143
55,1000,stock,346.150934,52,3,276,0.332037,-1.102509,-1.102509,0.000000,1.000000,0.000000,0.000000,0.000000,0,7,0,0.000000,0.0000250000,0,,,,,263.423143
56,1000,spiral_arms,221.414818,34,3,180,0.332037,-1.102509,-1.102509,0.000000,1.000000,0.000000,0.000000,0.000000,0,7,0,0.000000,0.0000250000,0,,,,,263.423143
57,1000,vertical_wall_left,234.741953,36,3,285,0.332037,-1.102509,-1.102509,0.000000,1.000000,0.000000,0.000000,0.000000,0,7,0,0.000000,0.0000250000,0,,,,,263.423143
58,1000,asteroid_rain,138.639021,22,3,173,0.329859,-1.109089,-1.109089,0.632859,0.999943,11.057458,0.068893,10.994894,0,8,7,2.043949,0.0000500000,0,,,,,263.423143
59,1000,spiral_arms,304.677481,46,3,253,0.329859,-1.109089,-1.109089,0.000000,1.000000,0.000000,0.000000,0.000000,0,8,0,0.000000,0.0000500000,0,,,,,263.423143
60,1000,crossing_lanes,146.209984,27,9,234,0.329859,-1.109089,-1.109089,0.000000,1.000000,0.000000,0.000000,0.000000,0,8,0,0.000000,0.0000500000,0,256.082916,234.351553,298,22,263.423143
61,1000,vertical_wall_left,97.186035,16,3,228,0.329859,-1.109089,-1.109089,0.000000,1.000000,0.000000,0.000000,0.000000,0,8,0,0.000000,0.0000500000,0,,,,,263.423143
62,1000,four_corner,257.693325,42,1,2101,0.329859,-1.109089,-1.109089,0.000000,1.000000,0.000000,0.000000,0.000000,0,8,0,0.000000,0.0000500000,0,,,,,263.423143
63,1000,asteroid_rain,55.039914,10,3,138,0.329859,-1.109089,-1.109089,0.000000,1.000000,0.000000,0.000000,0.000000,0,8,0,0.000000,0.0000500000,0,,,,,263.423143
64,1000,four_corner,495.504841,74,1,2101,0.329859,-1.109089,-1.109089,0.000000,1.000000,0.000000,0.000000,0.000000,0,8,0,0.000000,0.0000500000,0,,,,,263.423143
65,1000,vertical_wall_left,78.534039,13,3,76,0.329859,-1.109089,-1.109089,0.000000,1.000000,0.000000,0.000000,0.000000,0,8,0,0.000000,0.0000500000,0,,,,,263.423143
66,1000,crossing_lanes,588.060016,91,9,653,0.327940,-1.114925,-1.114925,0.619699,0.999963,4.848286,0.096766,4.757717,0,9,8,5.328881,0.0000500000,0,,,,,263.423143
67,1000,asteroid_rain,55.444807,10,3,130,0.327940,-1.114925,-1.114925,0.000000,1.000000,0.000000,0.000000,0.000000,0,9,0,0.000000,0.0000500000,0,,,,,263.423143
68,1000,four_corner,173.975926,31,1,2101,0.327940,-1.114925,-1.114925,0.000000,1.000000,0.000000,0.000000,0.000000,0,9,0,0.000000,0.0000500000,0,,,,,263.423143
69,1000,spiral_arms,187.205393,29,3,146,0.327940,-1.114925,-1.114925,0.000000,1.000000,0.000000,0.000000,0.000000,0,9,0,0.000000,0.0000500000,0,,,,,263.423143
70,1000,spiral_arms,208.370729,32,3,149,0.327940,-1.114925,-1.114925,0.000000,1.000000,0.000000,0.000000,0.000000,0,9,0,0.000000,0.0000500000,0,,,,,263.423143
71,1000,asteroid_rain,109.239030,18,3,254,0.327940,-1.114925,-1.114925,0.000000,1.000000,0.000000,0.000000,0.000000,0,9,0,0.000000,0.0000500000,0,,,,,263.423143
72,1000,spiral_arms,193.629966,30,3,176,0.327940,-1.114925,-1.114925,0.000000,1.000000,0.000000,0.000000,0.000000,0,9,0,0.000000,0.0000500000,0,,,,,263.423143
73,1000,vertical_wall_left,179.505052,28,3,295,0.327940,-1.114925,-1.114925,0.000000,1.000000,0.000000,0.000000,0.000000,0,9,0,0.000000,0.0000500000,0,,,,,263.423143
74,1000,vertical_wall_left,215.838262,33,3,265,0.327940,-1.114925,-1.114925,0.000000,1.000000,0.000000,0.000000,0.000000,0,9,0,0.000000,0.0000500000,0,,,,,263.423143
75,1000,vertical_wall_left,309.887228,47,3,355,0.326214,-1.120203,-1.120203,0.608027,0.999933,10.684907,0.033147,10.657841,0,10,9,3.674756,0.0000500000,0,,,,,263.423143
76,1000,vertical_wall_left,282.511440,43,3,508,0.326214,-1.120203,-1.120203,0.000000,1.000000,0.000000,0.000000,0.000000,0,10,0,0.000000,0.0000500000,0,,,,,263.423143
77,1000,crossing_lanes,852.119385,130,9,1224,0.326214,-1.120203,-1.120203,0.000000,1.000000,0.000000,0.000000,0.000000,0,10,0,0.000000,0.0000500000,0,,,,,263.423143
78,1000,vertical_wall_left,96.904468,16,3,251,0.326214,-1.120203,-1.120203,0.000000,1.000000,0.000000,0.000000,0.000000,0,10,0,0.000000,0.0000500000,0,,,,,263.423143
79,1000,spiral_arms,111.593948,18,3,94,0.326214,-1.120203,-1.120203,0.000000,1.000000,0.000000,0.000000,0.000000,0,10,0,0.000000,0.0000500000,0,,,,,263.423143
80,1000,donut_ring,476.485771,72,0,1801,0.326214,-1.120203,-1.120203,0.000000,1.000000,0.000000,0.000000,0.000000,0,10,0,0.000000,0.0000250000,0,305.141494,277.283638,348,21,305.141494
81,1000,crossing_lanes,578.763740,90,9,672,0.324632,-1.125062,-1.125062,0.597471,0.999988,3.534278,0.120177,3.420076,0,11,6,4.186370,0.0000250000,0,,,,,305.141494
82,1000,four_corner,274.199739,45,0,2101,0.324632,-1.125062,-1.125062,0.000000,1.000000,0.000000,0.000000,0.000000,0,11,0,0.000000,0.0000250000,0,,,,,305.141494
83,1000,asteroid_rain,185.676278,29,3,303,0.324632,-1.125062,-1.125062,0.000000,1.000000,0.000000,0.000000,0.000000,0,11,0,0.000000,0.0000250000,0,,,,,305.141494
84,1000,donut_ring,421.249422,63,0,1801,0.324632,-1.125062,-1.125062,0.000000,1.000000,0.000000,0.000000,0.000000,0,11,0,0.000000,0.0000250000,0,,,,,305.141494
85,1000,spiral_arms,277.081423,42,3,203,0.324632,-1.125062,-1.125062,0.000000,1.000000,0.000000,0.000000,0.000000,0,11,0,0.000000,0.0000250000,0,,,,,305.141494
86,1000,donut_ring,399.076339,60,0,1801,0.324632,-1.125062,-1.125062,0.000000,1.000000,0.000000,0.000000,0.000000,0,11,0,0.000000,0.0000250000,0,,,,,305.141494
87,1000,asteroid_rain,303.891659,46,3,449,0.323160,-1.129607,-1.129607,0.587753,0.999998,5.286156,0.086051,5.205982,0,12,6,2.647007,0.0000250000,0,,,,,305.141494
88,1000,asteroid_rain,380.120578,57,3,425,0.323160,-1.129607,-1.129607,0.000000,1.000000,0.000000,0.000000,0.000000,0,12,0,0.000000,0.0000250000,0,,,,,305.141494
89,1000,spiral_arms,323.565187,49,3,306,0.323160,-1.129607,-1.129607,0.000000,1.000000,0.000000,0.000000,0.000000,0,12,0,0.000000,0.0000250000,0,,,,,305.141494
90,1000,asteroid_rain,324.013594,49,3,433,0.323160,-1.129607,-1.129607,0.000000,1.000000,0.000000,0.000000,0.000000,0,12,0,0.000000,0.0000250000,0,,,,,305.141494
91,1000,vertical_wall_left,220.391688,34,3,398,0.323160,-1.129607,-1.129607,0.000000,1.000000,0.000000,0.000000,0.000000,0,12,0,0.000000,0.0000250000,0,,,,,305.141494
92,1000,vertical_wall_left,222.171422,34,3,268,0.323160,-1.129607,-1.129607,0.000000,1.000000,0.000000,0.000000,0.000000,0,12,0,0.000000,0.0000250000,0,,,,,305.141494
93,1000,vertical_wall_left,165.118392,26,3,364,0.323160,-1.129607,-1.129607,0.000000,1.000000,0.000000,0.000000,0.000000,0,12,0,0.000000,0.0000250000,0,,,,,305.141494
94,1000,stock,258.146167,39,3,196,0.321770,-1.133917,-1.133917,0.578663,1.000004,13.312737,0.010781,13.307743,0,13,7,2.123964,0.0000250000,0,,,,,305.141494
95,1000,crossing_lanes,367.685974,59,9,394,0.321770,-1.133917,-1.133917,0.000000,1.000000,0.000000,0.000000,0.000000,0,13,0,0.000000,0.0000250000,0,,,,,305.141494
96,1000,crossing_lanes,353.673357,57,9,352,0.321770,-1.133917,-1.133917,0.000000,1.000000,0.000000,0.000000,0.000000,0,13,0,0.000000,0.0000250000,0,,,,,305.141494
97,1000,spiral_arms,125.486646,20,3,95,0.321770,-1.133917,-1.133917,0.000000,1.000000,0.000000,0.000000,0.000000,0,13,0,0.000000,0.0000250000,0,,,,,305.141494
98,1000,spiral_arms,248.354193,38,3,211,0.321770,-1.133917,-1.133917,0.000000,1.000000,0.000000,0.000000,0.000000,0,13,0,0.000000,0.0000250000,0,,,,,305.141494
99,1000,vertical_wall_left,165.805218,26,3,364,0.321770,-1.133917,-1.133917,0.000000,1.000000,0.000000,0.000000,0.000000,0,13,0,0.000000,0.0000250000,0,,,,,305.141494
100,1000,stock,311.588561,47,3,274,0.321770,-1.133917,-1.133917,0.000000,1.000000,0.000000,0.000000,0.000000,0,13,0,0.000000,0.0000250000,0,308.925808,280.595071,351,22,308.925808
101,1000,crossing_lanes,413.790568,66,9,497,0.320443,-1.138050,-1.138050,0.570043,0.999989,15.908707,-0.002584,15.916992,0,14,7,2.179452,0.0000250000,0,,,,,308.925808
102,1000,crossing_lanes,597.141451,93,9,838,0.320443,-1.138050,-1.138050,0.000000,1.000000,0.000000,0.000000,0.000000,0,14,0,0.000000,0.0000250000,0,,,,,308.925808
103,1000,asteroid_rain,288.875946,44,3,427,0.320443,-1.138050,-1.138050,0.000000,1.000000,0.000000,0.000000,0.000000,0,14,0,0.000000,0.0000250000,0,,,,,308.925808
104,1000,spiral_arms,194.233922,30,3,147,0.320443,-1.138050,-1.138050,0.000000,1.000000,0.000000,0.000000,0.000000,0,14,0,0.000000,0.0000250000,0,,,,,308.925808
105,1000,four_corner,372.365482,60,2,2101,0.320443,-1.138050,-1.138050,0.000000,1.000000,0.000000,0.000000,0.000000,0,14,0,0.000000,0.0000250000,0,,,,,308.925808
106,1000,vertical_wall_left,214.406314,33,3,300,0.320443,-1.138050,-1.138050,0.000000,1.000000,0.000000,0.000000,0.000000,0,14,0,0.000000,0.0000250000,0,,,,,308.925808
107,1000,vertical_wall_left,129.371341,21,3,324,0.319164,-1.142051,-1.142051,0.561776,1.000027,6.331983,0.081126,6.256476,0,15,6,2.949946,0.0000250000,0,,,,,308.925808
108,1000,donut_ring,494.943105,74,0,1801,0.319164,-1.142051,-1.142051,0.000000,1.000000,0.000000,0.000000,0.000000,0,15,0,0.000000,0.0000250000,0,,,,,308.925808
109,1000,spiral_arms,200.752990,31,3,171,0.319164,-1.142051,-1.142051,0.000000,1.000000,0.000000,0.000000,0.000000,0,15,0,0.000000,0.0000250000,0,,,,,308.925808
110,1000,vertical_wall_left,111.642038,18,3,246,0.319164,-1.142051,-1.142051,0.000000,1.000000,0.000000,0.000000,0.000000,0,15,0,0.000000,0.0000250000,0,,,,,308.925808
111,1000,spiral_arms,221.810660,34,3,171,0.319164,-1.142051,-1.142051,0.000000,1.000000,0.000000,0.000000,0.000000,0,15,0,0.000000,0.0000250000,0,,,,,308.925808
112,1000,asteroid_rain,324.802970,49,3,434,0.319164,-1.142051,-1.142051,0.000000,1.000000,0.000000,0.000000,0.000000,0,15,0,0.000000,0.0000250000,0,,,,,308.925808
113,1000,crossing_lanes,456.699230,72,9,547,0.319164,-1.142051,-1.142051,0.000000,1.000000,0.000000,0.000000,0.000000,0,15,0,0.000000,0.0000250000,0,,,,,308.925808
114,1000,four_corner,278.041114,45,0,2101,0.317921,-1.145953,-1.145953,0.553774,1.000013,6.238097,0.094518,6.149117,0,16,7,2.868089,0.0000250000,0,,,,,308.925808
115,1000,crossing_lanes,598.582119,93,9,824,0.317921,-1.145953,-1.145953,0.000000,1.000000,0.000000,0.000000,0.000000,0,16,0,0.000000,0.0000250000,0,,,,,308.925808
116,1000,crossing_lanes,733.295235,113,9,1168,0.317921,-1.145953,-1.145953,0.000000,1.000000,0.000000,0.000000,0.000000,0,16,0,0.000000,0.0000250000,0,,,,,308.925808
117,1000,spiral_arms,228.473787,35,3,202,0.317921,-1.145953,-1.145953,0.000000,1.000000,0.000000,0.000000,0.000000,0,16,0,0.000000,0.0000250000,0,,,,,308.925808
118,1000,spiral_arms,248.500889,38,3,208,0.317921,-1.145953,-1.145953,0.000000,1.000000,0.000000,0.000000,0.000000,0,16,0,0.000000,0.0000250000,0,,,,,308.925808
119,1000,crossing_lanes,511.927361,80,9,595,0.317921,-1.145953,-1.145953,0.000000,1.000000,0.000000,0.000000,0.000000,0,16,0,0.000000,0.0000250000,0,,,,,308.925808
120,1000,asteroid_rain,227.832941,35,3,288,0.317921,-1.145953,-1.145953,0.000000,1.000000,0.000000,0.000000,0.000000,0,16,0,0.000000,0.0000250000,0,271.254205,248.522071,317,23,308.925808
121,1000,donut_ring,479.584661,72,0,1801,0.316706,-1.149780,-1.149780,0.545971,1.000004,4.480671,0.139874,4.346257,0,17,7,1.851699,0.0000500000,0,,,,,308.925808
122,1000,asteroid_rain,69.326023,12,3,143,0.316706,-1.149780,-1.149780,0.000000,1.000000,0.000000,0.000000,0.000000,0,17,0,0.000000,0.0000500000,0,,,,,308.925808
123,1000,donut_ring,380.117735,59,0,1801,0.316706,-1.149780,-1.149780,0.000000,1.000000,0.000000,0.000000,0.000000,0,17,0,0.000000,0.0000500000,0,,,,,308.925808
124,1000,four_corner,347.589337,55,1,2101,0.316706,-1.149780,-1.149780,0.000000,1.000000,0.000000,0.000000,0.000000,0,17,0,0.000000,0.0000500000,0,,,,,308.925808
125,1000,spiral_arms,343.912636,52,3,368,0.316706,-1.149780,-1.149780,0.000000,1.000000,0.000000,0.000000,0.000000,0,17,0,0.000000,0.0000500000,0,,,,,308.925808
126,1000,asteroid_rain,582.219982,87,3,1004,0.316706,-1.149780,-1.149780,0.000000,1.000000,0.000000,0.000000,0.000000,0,17,0,0.000000,0.0000500000,0,,,,,308.925808
127,1000,crossing_lanes,408.544267,65,9,441,0.315514,-1.153551,-1.153551,0.538317,1.000002,5.672057,0.098927,5.578514,0,18,6,3.681587,0.0000500000,0,,,,,308.925808
128,1000,vertical_wall_left,199.690225,31,3,441,0.315514,-1.153551,-1.153551,0.000000,1.000000,0.000000,0.000000,0.000000,0,18,0,0.000000,0.0000500000,0,,,,,308.925808
129,1000,spiral_arms,235.944723,36,3,184,0.315514,-1.153551,-1.153551,0.000000,1.000000,0.000000,0.000000,0.000000,0,18,0,0.000000,0.0000500000,0,,,,,308.925808
130,1000,stock,234.719499,36,3,268,0.315514,-1.153551,-1.153551,0.000000,1.000000,0.000000,0.000000,0.000000,0,18,0,0.000000,0.0000500000,0,,,,,308.925808
131,1000,asteroid_rain,310.288265,47,3,423,0.315514,-1.153551,-1.153551,0.000000,1.000000,0.000000,0.000000,0.000000,0,18,0,0.000000,0.0000500000,0,,,,,308.925808
132,1000,asteroid_rain,41.355232,8,3,133,0.315514,-1.153551,-1.153551,0.000000,1.000000,0.000000,0.000000,0.000000,0,18,0,0.000000,0.0000500000,0,,,,,308.925808
133,1000,donut_ring,507.390580,77,2,1801,0.315514,-1.153551,-1.153551,0.000000,1.000000,0.000000,0.000000,0.000000,0,18,0,0.000000,0.0000500000,0,,,,,308.925808
134,1000,stock,283.860837,43,3,267,0.314340,-1.157281,-1.157281,0.530774,0.999995,10.317280,0.025101,10.297488,0,19,7,5.014362,0.0000500000,0,,,,,308.925808
135,1000,four_corner,251.096799,40,0,2101,0.314340,-1.157281,-1.157281,0.000000,1.000000,0.000000,0.000000,0.000000,0,19,0,0.000000,0.0000500000,0,,,,,308.925808
136,1000,vertical_wall_left,202.163100,31,3,155,0.314340,-1.157281,-1.157281,0.000000,1.000000,0.000000,0.000000,0.000000,0,19,0,0.000000,0.0000500000,0,,,,,308.925808
137,1000,asteroid_rain,34.400330,7,3,131,0.314340,-1.157281,-1.157281,0.000000,1.000000,0.000000,0.000000,0.000000,0,19,0,0.000000,0.0000500000,0,,,,,308.925808
138,1000,spiral_arms,241.773937,37,3,206,0.314340,-1.157281,-1.157281,0.000000,1.000000,0.000000,0.000000,0.000000,0,19,0,0.000000,0.0000500000,0,,,,,308.925808
139,1000,stock,212.397696,33,3,274,0.314340,-1.157281,-1.157281,0.000000,1.000000,0.000000,0.000000,0.000000,0,19,0,0.000000,0.0000500000,0,,,,,308.925808
140,1000,spiral_arms,187.033375,29,3,153,0.314340,-1.157281,-1.157281,0.000000,1.000000,0.000000,0.000000,0.000000,0,19,0,0.000000,0.0000250000,0,313.767873,285.725230,360,23,313.767873
141,1000,donut_ring,418.358856,64,1,1801,0.314340,-1.157281,-1.157281,0.000000,1.000000,0.000000,0.000000,0.000000,0,19,0,0.000000,0.0000250000,0,,,,,313.767873
142,1000,four_corner,339.603441,53,0,2101,0.313180,-1.160978,-1.160978,0.523316,1.000014,6.076661,0.079868,6.002026,0,20,8,5.698261,0.0000250000,0,,,,,313.767873
143,1000,spiral_arms,227.867405,35,3,171,0.313180,-1.160978,-1.160978,0.000000,1.000000,0.000000,0.000000,0.000000,0,20,0,0.000000,0.0000250000,0,,,,,313.767873
144,1000,vertical_wall_left,153.521522,24,3,145,0.313180,-1.160978,-1.160978,0.000000,1.000000,0.000000,0.000000,0.000000,0,20,0,0.000000,0.0000250000,0,,,,,313.767873
145,1000,vertical_wall_left,383.874841,58,3,706,0.313180,-1.160978,-1.160978,0.000000,1.000000,0.000000,0.000000,0.000000,0,20,0,0.000000,0.0000250000,0,,,,,313.767873
146,1000,asteroid_rain,48.015069,9,3,140,0.313180,-1.160978,-1.160978,0.000000,1.000000,0.000000,0.000000,0.000000,0,20,0,0.000000,0.0000250000,0,,,,,313.767873
147,1000,donut_ring,554.601062,82,0,1801,0.313180,-1.160978,-1.160978,0.000000,1.000000,0.000000,0.000000,0.000000,0,20,0,0.000000,0.0000250000,0,,,,,313.767873
148,1000,asteroid_rain,249.349928,38,3,308,0.313180,-1.160978,-1.160978,0.000000,1.000000,0.000000,0.000000,0.000000,0,20,0,0.000000,0.0000250000,0,,,,,313.767873
149,1000,crossing_lanes,565.591172,88,9,682,0.312031,-1.164653,-1.164653,0.515920,1.000013,5.490108,0.124430,5.370837,0,21,7,5.819147,0.0000250000,0,,,,,313.767873
150,1000,crossing_lanes,665.810057,103,9,1235,0.312031,-1.164653,-1.164653,0.000000,1.000000,0.000000,0.000000,0.000000,0,21,0,0.000000,0.0000250000,0,,,,,313.767873
151,1000,asteroid_rain,132.365845,21,3,146,0.312031,-1.164653,-1.164653,0.000000,1.000000,0.000000,0.000000,0.000000,0,21,0,0.000000,0.0000250000,0,,,,,313.767873
152,1000,four_corner,209.260875,35,0,2101,0.312031,-1.164653,-1.164653,0.000000,1.000000,0.000000,0.000000,0.000000,0,21,0,0.000000,0.0000250000,0,,,,,313.767873
153,1000,stock,261.234409,40,3,283,0.312031,-1.164653,-1.164653,0.000000,1.000000,0.000000,0.000000,0.000000,0,21,0,0.000000,0.0000250000,0,,,,,313.767873
154,1000,vertical_wall_left,146.016262,23,3,259,0.312031,-1.164653,-1.164653,0.000000,1.000000,0.000000,0.000000,0.000000,0,21,0,0.000000,0.0000250000,0,,,,,313.767873
155,1000,asteroid_rain,544.851935,81,3,979,0.310892,-1.168309,-1.168309,0.508572,0.999994,4.212100,0.108172,4.109014,0,22,6,3.607788,0.0000500000,0,,,,,313.767873
156,1000,donut_ring,590.683217,88,1,1801,0.310892,-1.168309,-1.168309,0.000000,1.000000,0.000000,0.000000,0.000000,0,22,0,0.000000,0.0000500000,0,,,,,313.767873
157,1000,four_corner,328.343064,52,0,2101,0.310892,-1.168309,-1.168309,0.000000,1.000000,0.000000,0.000000,0.000000,0,22,0,0.000000,0.0000500000,0,,,,,313.767873
158,1000,stock,294.610196,45,3,343,0.310892,-1.168309,-1.168309,0.000000,1.000000,0.000000,0.000000,0.000000,0,22,0,0.000000,0.0000500000,0,,,,,313.767873
159,1000,vertical_wall_left,239.903010,37,3,315,0.310892,-1.168309,-1.168309,0.000000,1.000000,0.000000,0.000000,0.000000,0,22,0,0.000000,0.0000500000,0,,,,,313.767873
160,1000,donut_ring,465.302323,70,0,1801,0.309761,-1.171953,-1.171953,0.501258,0.999973,4.187695,0.096340,4.096367,0,23,5,1.950929,0.0000500000,0,263.060236,241.357572,306,22,313.767873
161,1000,stock,284.085817,43,3,254,0.309761,-1.171953,-1.171953,0.000000,1.000000,0.000000,0.000000,0.000000,0,23,0,0.000000,0.0000500000,0,,,,,313.767873
162,1000,asteroid_rain,192.705047,30,3,279,0.309761,-1.171953,-1.171953,0.000000,1.000000,0.000000,0.000000,0.000000,0,23,0,0.000000,0.0000500000,0,,,,,313.767873
163,1000,spiral_arms,276.610954,42,3,200,0.309761,-1.171953,-1.171953,0.000000,1.000000,0.000000,0.000000,0.000000,0,23,0,0.000000,0.0000500000,0,,,,,313.767873
164,1000,asteroid_rain,157.957040,25,3,298,0.309761,-1.171953,-1.171953,0.000000,1.000000,0.000000,0.000000,0.000000,0,23,0,0.000000,0.0000500000,0,,,,,313.767873
165,1000,crossing_lanes,525.463595,82,9,630,0.309761,-1.171953,-1.171953,0.000000,1.000000,0.000000,0.000000,0.000000,0,23,0,0.000000,0.0000500000,0,,,,,313.767873
166,1000,vertical_wall_left,317.971725,48,3,460,0.309761,-1.171953,-1.171953,0.000000,1.000000,0.000000,0.000000,0.000000,0,23,0,0.000000,0.0000500000,0,,,,,313.767873
167,1000,vertical_wall_left,259.714261,40,3,471,0.308638,-1.175586,-1.175586,0.493972,1.000046,10.589417,0.048929,10.545428,0,24,7,2.347932,0.0000500000,0,,,,,313.767873
168,1000,four_corner,224.005472,38,1,2101,0.308638,-1.175586,-1.175586,0.000000,1.000000,0.000000,0.000000,0.000000,0,24,0,0.000000,0.0000500000,0,,,,,313.767873
169,1000,vertical_wall_left,151.985343,24,3,191,0.308638,-1.175586,-1.175586,0.000000,1.000000,0.000000,0.000000,0.000000,0,24,0,0.000000,0.0000500000,0,,,,,313.767873
170,1000,vertical_wall_left,75.445295,13,3,168,0.308638,-1.175586,-1.175586,0.000000,1.000000,0.000000,0.000000,0.000000,0,24,0,0.000000,0.0000500000,0,,,,,313.767873
171,1000,vertical_wall_left,82.869836,14,3,166,0.308638,-1.175586,-1.175586,0.000000,1.000000,0.000000,0.000000,0.000000,0,24,0,0.000000,0.0000500000,0,,,,,313.767873
172,1000,crossing_lanes,98.931701,20,9,173,0.308638,-1.175586,-1.175586,0.000000,1.000000,0.000000,0.000000,0.000000,0,24,0,0.000000,0.0000500000,0,,,,,313.767873
173,1000,asteroid_rain,66.358029,12,3,288,0.308638,-1.175586,-1.175586,0.000000,1.000000,0.000000,0.000000,0.000000,0,24,0,0.000000,0.0000500000,0,,,,,313.767873
174,1000,stock,255.790980,39,3,274,0.308638,-1.175586,-1.175586,0.000000,1.000000,0.000000,0.000000,0.000000,0,24,0,0.000000,0.0000500000,0,,,,,313.767873
175,1000,spiral_arms,153.850290,24,3,86,0.308638,-1.175586,-1.175586,0.000000,1.000000,0.000000,0.000000,0.000000,0,24,0,0.000000,0.0000500000,0,,,,,313.767873
176,1000,vertical_wall_left,249.308175,38,3,268,0.307521,-1.179212,-1.179212,0.486705,1.000054,8.641435,0.052319,8.593983,0,25,9,3.689027,0.0000500000,0,,,,,313.767873
177,1000,asteroid_rain,41.369687,8,3,130,0.307521,-1.179212,-1.179212,0.000000,1.000000,0.000000,0.000000,0.000000,0,25,0,0.000000,0.0000500000,0,,,,,313.767873
178,1000,spiral_arms,243.229950,37,3,156,0.307521,-1.179212,-1.179212,0.000000,1.000000,0.000000,0.000000,0.000000,0,25,0,0.000000,0.0000500000,0,,,,,313.767873
179,1000,crossing_lanes,783.021610,120,9,1046,0.307521,-1.179212,-1.179212,0.000000,1.000000,0.000000,0.000000,0.000000,0,25,0,0.000000,0.0000500000,0,,,,,313.767873
180,1000,asteroid_rain,55.209901,10,3,135,0.307521,-1.179212,-1.179212,0.000000,1.000000,0.000000,0.000000,0.000000,0,25,0,0.000000,0.0000500000,0,278.383917,254.765524,323,23,313.767873
181,1000,stock,312.482017,48,3,447,0.307521,-1.179212,-1.179212,0.000000,1.000000,0.000000,0.000000,0.000000,0,25,0,0.000000,0.0000500000,0,,,,,313.767873
182,1000,crossing_lanes,606.973613,94,9,721,0.307521,-1.179212,-1.179212,0.000000,1.000000,0.000000,0.000000,0.000000,0,25,0,0.000000,0.0000500000,0,,,,,313.767873
183,1000,vertical_wall_left,242.658683,37,3,467,0.306410,-1.182833,-1.182833,0.479453,1.000065,6.625864,0.090087,6.540571,0,26,7,7.558810,0.0000500000,0,,,,,313.767873
184,1000,vertical_wall_left,112.012164,18,3,243,0.306410,-1.182833,-1.182833,0.000000,1.000000,0.000000,0.000000,0.000000,0,26,0,0.000000,0.0000500000,0,,,,,313.767873
185,1000,vertical_wall_left,173.322516,27,3,271,0.306410,-1.182833,-1.182833,0.000000,1.000000,0.000000,0.000000,0.000000,0,26,0,0.000000,0.0000500000,0,,,,,313.767873
186,1000,vertical_wall_left,415.349288,62,3,472,0.306410,-1.182833,-1.182833,0.000000,1.000000,0.000000,0.000000,0.000000,0,26,0,0.000000,0.0000500000,0,,,,,313.767873
187,1000,spiral_arms,125.802226,20,3,88,0.306410,-1.182833,-1.182833,0.000000,1.000000,0.000000,0.000000,0.000000,0,26,0,0.000000,0.0000500000,0,,,,,313.767873
188,1000,asteroid_rain,269.358541,41,3,403,0.306410,-1.182833,-1.182833,0.000000,1.000000,0.000000,0.000000,0.000000,0,26,0,0.000000,0.0000500000,0,,,,,313.767873
189,1000,crossing_lanes,555.273710,87,9,797,0.306410,-1.182833,-1.182833,0.000000,1.000000,0.000000,0.000000,0.000000,0,26,0,0.000000,0.0000500000,0,,,,,313.767873
190,1000,spiral_arms,132.268073,21,3,108,0.305304,-1.186449,-1.186449,0.472212,1.000043,10.582929,0.049226,10.538425,0,27,7,2.919182,0.0000500000,0,,,,,313.767873
191,1000,spiral_arms,200.811990,31,3,170,0.305304,-1.186449,-1.186449,0.000000,1.000000,0.000000,0.000000,0.000000,0,27,0,0.000000,0.0000500000,0,,,,,313.767873
192,1000,four_corner,298.370201,48,1,2101,0.305304,-1.186449,-1.186449,0.000000,1.000000,0.000000,0.000000,0.000000,0,27,0,0.000000,0.0000500000,0,,,,,313.767873
193,1000,vertical_wall_left,221.840985,34,3,281,0.305304,-1.186449,-1.186449,0.000000,1.000000,0.000000,0.000000,0.000000,0,27,0,0.000000,0.0000500000,0,,,,,313.767873
194,1000,vertical_wall_left,317.770816,48,3,504,0.305304,-1.186449,-1.186449,0.000000,1.000000,0.000000,0.000000,0.000000,0,27,0,0.000000,0.0000500000,0,,,,,313.767873
195,1000,four_corner,319.072054,49,3,1003,0.305304,-1.186449,-1.186449,0.000000,1.000000,0.000000,0.000000,0.000000,0,27,0,0.000000,0.0000500000,0,,,,,313.767873
196,1000,crossing_lanes,539.714511,84,9,559,0.304202,-1.190062,-1.190062,0.464979,0.999941,5.510831,0.111188,5.404293,0,28,6,3.132252,0.0000500000,0,,,,,313.767873
197,1000,asteroid_rain,206.994582,32,3,300,0.304202,-1.190062,-1.190062,0.000000,1.000000,0.000000,0.000000,0.000000,0,28,0,0.000000,0.0000500000,0,,,,,313.767873
198,1000,stock,351.847785,53,3,326,0.304202,-1.190062,-1.190062,0.000000,1.000000,0.000000,0.000000,0.000000,0,28,0,0.000000,0.0000500000,0,,,,,313.767873
199,1000,spiral_arms,186.647799,29,3,163,0.304202,-1.190062,-1.190062,0.000000,1.000000,0.000000,0.000000,0.000000,0,28,0,0.000000,0.0000500000,0,,,,,313.767873
200,1000,stock,255.304765,39,3,275,0.304202,-1.190062,-1.190062,0.000000,1.000000,0.000000,0.000000,0.000000,0,28,0,0.000000,0.0000500000,0,312.763983,284.838382,358,25,313.767873
201,1000,stock,229.938540,35,3,191,0.304202,-1.190062,-1.190062,0.000000,1.000000,0.000000,0.000000,0.000000,0,28,0,0.000000,0.0000500000,0,,,,,313.767873
202,1000,stock,332.439718,50,3,276,0.304202,-1.190062,-1.190062,0.000000,1.000000,0.000000,0.000000,0.000000,0,28,0,0.000000,0.0000500000,0,,,,,313.767873
203,1000,crossing_lanes,276.728058,46,9,377,0.304202,-1.190062,-1.190062,0.000000,1.000000,0.000000,0.000000,0.000000,0,28,0,0.000000,0.0000500000,0,,,,,313.767873
204,1000,four_corner,276.134165,43,3,926,0.303106,-1.193672,-1.193672,0.457753,0.999958,13.010785,0.039459,12.975904,0,29,8,2.030654,0.0000500000,0,,,,,313.767873
205,1000,donut_ring,554.991397,82,0,1801,0.303106,-1.193672,-1.193672,0.000000,1.000000,0.000000,0.000000,0.000000,0,29,0,0.000000,0.0000500000,0,,,,,313.767873
206,1000,four_corner,243.988692,40,1,2101,0.303106,-1.193672,-1.193672,0.000000,1.000000,0.000000,0.000000,0.000000,0,29,0,0.000000,0.0000500000,0,,,,,313.767873
207,1000,crossing_lanes,771.092507,118,9,977,0.303106,-1.193672,-1.193672,0.000000,1.000000,0.000000,0.000000,0.000000,0,29,0,0.000000,0.0000500000,0,,,,,313.767873
208,1000,vertical_wall_left,157.412460,25,3,288,0.303106,-1.193672,-1.193672,0.000000,1.000000,0.000000,0.000000,0.000000,0,29,0,0.000000,0.0000500000,0,,,,,313.767873
209,1000,spiral_arms,646.673930,96,3,646,0.302014,-1.197281,-1.197281,0.450532,0.999954,2.657894,0.129074,2.533326,0,30,5,4.192855,0.0000500000,0,,,,,313.767873
210,1000,crossing_lanes,720.105968,111,9,990,0.302014,-1.197281,-1.197281,0.000000,1.000000,0.000000,0.000000,0.000000,0,30,0,0.000000,0.0000500000,0,,,,,313.767873
211,1000,four_corner,240.774657,39,3,1259,0.302014,-1.197281,-1.197281,0.000000,1.000000,0.000000,0.000000,0.000000,0,30,0,0.000000,0.0000500000,0,,,,,313.767873
212,1000,spiral_arms,262.662667,40,3,212,0.302014,-1.197281,-1.197281,0.000000,1.000000,0.000000,0.000000,0.000000,0,30,0,0.000000,0.0000500000,0,,,,,313.767873
213,1000,spiral_arms,97.822191,16,3,87,0.302014,-1.197281,-1.197281,0.000000,1.000000,0.000000,0.000000,0.000000,0,30,0,0.000000,0.0000500000,0,,,,,313.767873
214,1000,crossing_lanes,697.775315,108,9,1094,0.302014,-1.197281,-1.197281,0.000000,1.000000,0.000000,0.000000,0.000000,0,30,0,0.000000,0.0000500000,0,,,,,313.767873
215,1000,four_corner,571.724588,87,2,2101,0.302014,-1.197281,-1.197281,0.000000,1.000000,0.000000,0.000000,0.000000,0,30,0,0.000000,0.0000500000,0,,,,,313.767873
216,1000,four_corner,322.397489,52,1,2101,0.302014,-1.197281,-1.197281,0.000000,1.000000,0.000000,0.000000,0.000000,0,30,0,0.000000,0.0000500000,0,,,,,313.767873
217,1000,stock,243.598430,37,3,205,0.300927,-1.200889,-1.200889,0.443314,1.000067,3.408463,0.128048,3.284848,0,31,8,3.179446,0.0000500000,0,,,,,313.767873
218,1000,stock,195.628326,30,3,176,0.300927,-1.200889,-1.200889,0.000000,1.000000,0.000000,0.000000,0.000000,0,31,0,0.000000,0.0000500000,0,,,,,313.767873
219,1000,vertical_wall_left,180.136666,28,3,274,0.300927,-1.200889,-1.200889,0.000000,1.000000,0.000000,0.000000,0.000000,0,31,0,0.000000,0.0000500000,0,,,,,313.767873
220,1000,asteroid_rain,221.145658,34,3,301,0.300927,-1.200889,-1.200889,0.000000,1.000000,0.000000,0.000000,0.000000,0,31,0,0.000000,0.0000500000,0,245.032166,225.582525,285,23,313.767873
221,1000,vertical_wall_left,192.164639,30,3,323,0.300927,-1.200889,-1.200889,0.000000,1.000000,0.000000,0.000000,0.000000,0,31,0,0.000000,0.0000500000,0,,,,,313.767873
222,1000,spiral_arms,199.977241,31,3,170,0.300927,-1.200889,-1.200889,0.000000,1.000000,0.000000,0.000000,0.000000,0,31,0,0.000000,0.0000500000,0,,,,,313.767873
223,1000,asteroid_rain,600.606564,89,3,784,0.300927,-1.200889,-1.200889,0.000000,1.000000,0.000000,0.000000,0.000000,0,31,0,0.000000,0.0000500000,0,,,,,313.767873
224,1000,donut_ring,447.139414,68,0,1801,0.299843,-1.204496,-1.204496,0.436099,0.999958,7.462394,0.079688,7.387067,0,32,7,2.057381,0.0000500000,0,,,,,313.767873
225,1000,asteroid_rain,41.401684,8,3,130,0.299843,-1.204496,-1.204496,0.000000,1.000000,0.000000,0.000000,0.000000,0,32,0,0.000000,0.0000500000,0,,,,,313.767873
226,1000,four_corner,245.855500,41,1,2101,0.299843,-1.204496,-1.204496,0.000000,1.000000,0.000000,0.000000,0.000000,0,32,0,0.000000,0.0000500000,0,,,,,313.767873
227,1000,crossing_lanes,773.806517,119,9,1207,0.299843,-1.204496,-1.204496,0.000000,1.000000,0.000000,0.000000,0.000000,0,32,0,0.000000,0.0000500000,0,,,,,313.767873
228,1000,crossing_lanes,153.444441,28,9,234,0.299843,-1.204496,-1.204496,0.000000,1.000000,0.000000,0.000000,0.000000,0,32,0,0.000000,0.0000500000,0,,,,,313.767873
229,1000,stock,262.483569,40,3,271,0.299843,-1.204496,-1.204496,0.000000,1.000000,0.000000,0.000000,0.000000,0,32,0,0.000000,0.0000500000,0,,,,,313.767873
230,1000,asteroid_rain,48.528332,9,3,131,0.299843,-1.204496,-1.204496,0.000000,1.000000,0.000000,0.000000,0.000000,0,32,0,0.000000,0.0000500000,0,,,,,313.767873
231,1000,vertical_wall_left,435.142626,65,3,691,0.298764,-1.208101,-1.208101,0.428886,1.000049,3.789345,0.112495,3.681139,0,33,7,6.995000,0.0000500000,0,,,,,313.767873
232,1000,vertical_wall_left,82.850434,14,3,165,0.298764,-1.208101,-1.208101,0.000000,1.000000,0.000000,0.000000,0.000000,0,33,0,0.000000,0.0000500000,0,,,,,313.767873
233,1000,crossing_lanes,265.379395,44,9,262,0.298764,-1.208101,-1.208101,0.000000,1.000000,0.000000,0.000000,0.000000,0,33,0,0.000000,0.0000500000,0,,,,,313.767873
234,1000,four_corner,249.258900,40,0,2101,0.298764,-1.208101,-1.208101,0.000000,1.000000,0.000000,0.000000,0.000000,0,33,0,0.000000,0.0000500000,0,,,,,313.767873
235,1000,donut_ring,498.604044,75,1,1801,0.298764,-1.208101,-1.208101,0.000000,1.000000,0.000000,0.000000,0.000000,0,33,0,0.000000,0.0000500000,0,,,,,313.767873
236,1000,spiral_arms,201.131920,31,3,154,0.298764,-1.208101,-1.208101,0.000000,1.000000,0.000000,0.000000,0.000000,0,33,0,0.000000,0.0000500000,0,,,,,313.767873
237,1000,vertical_wall_left,125.531968,20,3,141,0.298764,-1.208101,-1.208101,0.000000,1.000000,0.000000,0.000000,0.000000,0,33,0,0.000000,0.0000500000,0,,,,,313.767873
238,1000,four_corner,250.647054,40,0,2101,0.297689,-1.211707,-1.211707,0.421674,0.999983,5.260394,0.077939,5.186671,0,34,7,2.621459,0.0000500000,0,,,,,313.767873
239,1000,vertical_wall_left,89.782526,15,3,169,0.297689,-1.211707,-1.211707,0.000000,1.000000,0.000000,0.000000,0.000000,0,34,0,0.000000,0.0000500000,0,,,,,313.767873
240,1000,vertical_wall_left,136.435244,22,3,363,0.297689,-1.211707,-1.211707,0.000000,1.000000,0.000000,0.000000,0.000000,0,34,0,0.000000,0.0000500000,0,214.436139,198.813575,257,25,313.767873
241,1000,crossing_lanes,981.532681,148,7,2101,0.297689,-1.211707,-1.211707,0.000000,1.000000,0.000000,0.000000,0.000000,0,34,0,0.000000,0.0000500000,0,,,,,313.767873
242,1000,spiral_arms,193.969514,30,3,166,0.297689,-1.211707,-1.211707,0.000000,1.000000,0.000000,0.000000,0.000000,0,34,0,0.000000,0.0000500000,0,,,,,313.767873
243,1000,spiral_arms,324.304861,49,3,275,0.297689,-1.211707,-1.211707,0.000000,1.000000,0.000000,0.000000,0.000000,0,34,0,0.000000,0.0000500000,0,,,,,313.767873
244,1000,asteroid_rain,277.700708,42,3,275,0.297689,-1.211707,-1.211707,0.000000,1.000000,0.000000,0.000000,0.000000,0,34,0,0.000000,0.0000500000,0,,,,,313.767873
245,1000,four_corner,314.617201,52,2,2101,0.296618,-1.215312,-1.215312,0.414464,0.999995,7.327285,0.066528,7.264902,0,35,7,3.395328,0.0000500000,0,,,,,313.767873
246,1000,asteroid_rain,55.433809,10,3,131,0.296618,-1.215312,-1.215312,0.000000,1.000000,0.000000,0.000000,0.000000,0,35,0,0.000000,0.0000500000,0,,,,,313.767873
247,1000,stock,339.330027,51,3,302,0.296618,-1.215312,-1.215312,0.000000,1.000000,0.000000,0.000000,0.000000,0,35,0,0.000000,0.0000500000,0,,,,,313.767873
248,1000,vertical_wall_left,337.635121,51,3,478,0.296618,-1.215312,-1.215312,0.000000,1.000000,0.000000,0.000000,0.000000,0,35,0,0.000000,0.0000500000,0,,,,,313.767873
249,1000,asteroid_rain,255.133328,39,3,317,0.296618,-1.215312,-1.215312,0.000000,1.000000,0.000000,0.000000,0.000000,0,35,0,0.000000,0.0000500000,0,,,,,313.767873
250,1000,vertical_wall_left,137.161713,22,3,332,0.296618,-1.215312,-1.215312,0.000000,1.000000,0.000000,0.000000,0.000000,0,35,0,0.000000,0.0000500000,0,,,,,313.767873
251,1000,asteroid_rain,62.191702,11,3,140,0.296618,-1.215312,-1.215312,0.000000,1.000000,0.000000,0.000000,0.000000,0,35,0,0.000000,0.0000500000,0,,,,,313.767873
252,1000,stock,311.082649,47,3,290,0.296618,-1.215312,-1.215312,0.000000,1.000000,0.000000,0.000000,0.000000,0,35,0,0.000000,0.0000500000,0,,,,,313.767873
253,1000,spiral_arms,200.626160,31,3,170,0.295550,-1.218916,-1.218916,0.407254,0.999975,13.354184,-0.004170,13.362426,0,36,8,4.391655,0.0000500000,0,,,,,313.767873
254,1000,crossing_lanes,346.329121,56,9,440,0.295550,-1.218916,-1.218916,0.000000,1.000000,0.000000,0.000000,0.000000,0,36,0,0.000000,0.0000500000,0,,,,,313.767873
255,1000,stock,282.132967,43,3,289,0.295550,-1.218916,-1.218916,0.000000,1.000000,0.000000,0.000000,0.000000,0,36,0,0.000000,0.0000500000,0,,,,,313.767873
256,1000,stock,234.421302,36,3,271,0.295550,-1.218916,-1.218916,0.000000,1.000000,0.000000,0.000000,0.000000,0,36,0,0.000000,0.0000500000,0,,,,,313.767873
257,1000,crossing_lanes,274.966299,46,9,488,0.295550,-1.218916,-1.218916,0.000000,1.000000,0.000000,0.000000,0.000000,0,36,0,0.000000,0.0000500000,0,,,,,313.767873
258,1000,crossing_lanes,333.493070,54,9,319,0.295550,-1.218916,-1.218916,0.000000,1.000000,0.000000,0.000000,0.000000,0,36,0,0.000000,0.0000500000,0,,,,,313.767873
259,1000,asteroid_rain,125.200783,20,3,147,0.295550,-1.218916,-1.218916,0.000000,1.000000,0.000000,0.000000,0.000000,0,36,0,0.000000,0.0000500000,0,,,,,313.767873
260,1000,vertical_wall_left,82.859057,14,3,166,0.294487,-1.222520,-1.222520,0.400045,1.000004,13.990590,-0.010998,14.005588,0,37,7,3.020419,0.0000500000,0,230.424547,212.809313,273,25,313.767873
261,1000,donut_ring,488.612965,75,2,1801,0.294487,-1.222520,-1.222520,0.000000,1.000000,0.000000,0.000000,0.000000,0,37,0,0.000000,0.0000500000,0,,,,,313.767873
262,1000,asteroid_rain,41.415205,8,3,130,0.294487,-1.222520,-1.222520,0.000000,1.000000,0.000000,0.000000,0.000000,0,37,0,0.000000,0.0000500000,0,,,,,313.767873
263,1000,spiral_arms,296.131304,45,3,271,0.294487,-1.222520,-1.222520,0.000000,1.000000,0.000000,0.000000,0.000000,0,37,0,0.000000,0.0000500000,0,,,,,313.767873
264,1000,four_corner,683.463505,103,1,2101,0.294487,-1.222520,-1.222520,0.000000,1.000000,0.000000,0.000000,0.000000,0,37,0,0.000000,0.0000500000,0,,,,,313.767873
265,1000,stock,289.729206,44,3,298,0.294487,-1.222520,-1.222520,0.000000,1.000000,0.000000,0.000000,0.000000,0,37,0,0.000000,0.0000500000,0,,,,,313.767873
266,1000,vertical_wall_left,137.740891,22,3,265,0.294487,-1.222520,-1.222520,0.000000,1.000000,0.000000,0.000000,0.000000,0,37,0,0.000000,0.0000500000,0,,,,,313.767873
267,1000,stock,374.756677,56,3,277,0.293428,-1.226125,-1.226125,0.392836,0.999996,8.340619,0.066005,8.278543,0,38,7,6.711187,0.0000500000,0,,,,,313.767873
268,1000,vertical_wall_left,324.685524,49,3,468,0.293428,-1.226125,-1.226125,0.000000,1.000000,0.000000,0.000000,0.000000,0,38,0,0.000000,0.0000500000,0,,,,,313.767873
269,1000,asteroid_rain,41.040951,8,3,141,0.293428,-1.226125,-1.226125,0.000000,1.000000,0.000000,0.000000,0.000000,0,38,0,0.000000,0.0000500000,0,,,,,313.767873
270,1000,asteroid_rain,76.873646,13,3,132,0.293428,-1.226125,-1.226125,0.000000,1.000000,0.000000,0.000000,0.000000,0,38,0,0.000000,0.0000500000,0,,,,,313.767873
271,1000,asteroid_rain,48.008038,9,3,141,0.293428,-1.226125,-1.226125,0.000000,1.000000,0.000000,0.000000,0.000000,0,38,0,0.000000,0.0000500000,0,,,,,313.767873
272,1000,donut_ring,556.912510,83,0,1801,0.293428,-1.226125,-1.226125,0.000000,1.000000,0.000000,0.000000,0.000000,0,38,0,0.000000,0.0000500000,0,,,,,313.767873
273,1000,donut_ring,508.305974,76,0,1801,0.293428,-1.226125,-1.226125,0.000000,1.000000,0.000000,0.000000,0.000000,0,38,0,0.000000,0.0000500000,0,,,,,313.767873
274,1000,spiral_arms,111.744771,18,3,90,0.293428,-1.226125,-1.226125,0.000000,1.000000,0.000000,0.000000,0.000000,0,38,0,0.000000,0.0000500000,0,,,,,313.767873
275,1000,asteroid_rain,103.520969,17,3,166,0.292372,-1.229728,-1.229728,0.385628,0.999878,5.584886,0.062371,5.526371,0,39,8,4.688700,0.0000500000,0,,,,,313.767873
276,1000,asteroid_rain,123.174216,20,3,259,0.292372,-1.229728,-1.229728,0.000000,1.000000,0.000000,0.000000,0.000000,0,39,0,0.000000,0.0000500000,0,,,,,313.767873
277,1000,spiral_arms,221.873510,34,3,171,0.292372,-1.229728,-1.229728,0.000000,1.000000,0.000000,0.000000,0.000000,0,39,0,0.000000,0.0000500000,0,,,,,313.767873
278,1000,vertical_wall_left,151.265986,24,3,303,0.292372,-1.229728,-1.229728,0.000000,1.000000,0.000000,0.000000,0.000000,0,39,0,0.000000,0.0000500000,0,,,,,313.767873
279,1000,crossing_lanes,385.515130,62,9,509,0.292372,-1.229728,-1.229728,0.000000,1.000000,0.000000,0.000000,0.000000,0,39,0,0.000000,0.0000500000,0,,,,,313.767873
280,1000,four_corner,334.344678,53,1,2101,0.292372,-1.229728,-1.229728,0.000000,1.000000,0.000000,0.000000,0.000000,0,39,0,0.000000,0.0000500000,0,242.062676,222.994364,287,22,313.767873
281,1000,donut_ring,405.607884,62,0,1801,0.291320,-1.233332,-1.233332,0.378420,0.999994,6.987255,0.052641,6.938399,0,40,6,2.336660,0.0000500000,0,,,,,313.767873
282,1000,spiral_arms,193.693696,30,3,180,0.291320,-1.233332,-1.233332,0.000000,1.000000,0.000000,0.000000,0.000000,0,40,0,0.000000,0.0000500000,0,,,,,313.767873
283,1000,asteroid_rain,69.253580,12,3,141,0.291320,-1.233332,-1.233332,0.000000,1.000000,0.000000,0.000000,0.000000,0,40,0,0.000000,0.0000500000,0,,,,,313.767873
284,1000,asteroid_rain,81.329887,14,3,264,0.291320,-1.233332,-1.233332,0.000000,1.000000,0.000000,0.000000,0.000000,0,40,0,0.000000,0.0000500000,0,,,,,313.767873
285,1000,four_corner,295.543196,46,3,1063,0.291320,-1.233332,-1.233332,0.000000,1.000000,0.000000,0.000000,0.000000,0,40,0,0.000000,0.0000500000,0,,,,,313.767873
286,1000,crossing_lanes,380.463984,61,9,408,0.291320,-1.233332,-1.233332,0.000000,1.000000,0.000000,0.000000,0.000000,0,40,0,0.000000,0.0000500000,0,,,,,313.767873
287,1000,vertical_wall_left,99.505781,16,3,79,0.291320,-1.233332,-1.233332,0.000000,1.000000,0.000000,0.000000,0.000000,0,40,0,0.000000,0.0000500000,0,,,,,313.767873
288,1000,four_corner,349.725183,54,2,2101,0.290272,-1.236936,-1.236936,0.371212,0.999880,7.210138,0.057510,7.156339,0,41,7,3.842932,0.0000500000,0,,,,,313.767873
289,1000,spiral_arms,288.817131,44,3,296,0.290272,-1.236936,-1.236936,0.000000,1.000000,0.000000,0.000000,0.000000,0,41,0,0.000000,0.0000500000,0,,,,,313.767873
290,1000,crossing_lanes,874.834294,133,9,1352,0.290272,-1.236936,-1.236936,0.000000,1.000000,0.000000,0.000000,0.000000,0,41,0,0.000000,0.0000500000,0,,,,,313.767873
291,1000,donut_ring,465.571160,69,0,1801,0.290272,-1.236936,-1.236936,0.000000,1.000000,0.000000,0.000000,0.000000,0,41,0,0.000000,0.0000500000,0,,,,,313.767873
292,1000,asteroid_rain,248.658544,38,3,316,0.290272,-1.236936,-1.236936,0.000000,1.000000,0.000000,0.000000,0.000000,0,41,0,0.000000,0.0000500000,0,,,,,313.767873
293,1000,crossing_lanes,461.204136,73,9,600,0.289228,-1.240540,-1.240540,0.364005,1.000075,5.408094,0.106551,5.305183,0,42,5,2.128145,0.0000500000,0,,,,,313.767873
294,1000,vertical_wall_left,144.648634,23,3,297,0.289228,-1.240540,-1.240540,0.000000,1.000000,0.000000,0.000000,0.000000,0,42,0,0.000000,0.0000500000,0,,,,,313.767873
295,1000,spiral_arms,221.925577,34,3,169,0.289228,-1.240540,-1.240540,0.000000,1.000000,0.000000,0.000000,0.000000,0,42,0,0.000000,0.0000500000,0,,,,,313.767873
296,1000,asteroid_rain,55.495997,10,3,131,0.289228,-1.240540,-1.240540,0.000000,1.000000,0.000000,0.000000,0.000000,0,42,0,0.000000,0.0000500000,0,,,,,313.767873
297,1000,asteroid_rain,62.391972,11,3,130,0.289228,-1.240540,-1.240540,0.000000,1.000000,0.000000,0.000000,0.000000,0,42,0,0.000000,0.0000500000,0,,,,,313.767873
298,1000,asteroid_rain,195.309289,30,3,148,0.289228,-1.240540,-1.240540,0.000000,1.000000,0.000000,0.000000,0.000000,0,42,0,0.000000,0.0000500000,0,,,,,313.767873
299,1000,asteroid_rain,322.633702,49,3,442,0.289228,-1.240540,-1.240540,0.000000,1.000000,0.000000,0.000000,0.000000,0,42,0,0.000000,0.0000500000,0,,,,,313.767873
300,1000,stock,269.334643,41,3,265,0.289228,-1.240540,-1.240540,0.000000,1.000000,0.000000,0.000000,0.000000,0,42,0,0.000000,0.0000500000,0,260.298995,238.949039,301,24,313.767873
301,1000,vertical_wall_left,92.578607,15,3,76,0.289228,-1.240540,-1.240540,0.000000,1.000000,0.000000,0.000000,0.000000,0,42,0,0.000000,0.0000500000,0,,,,,313.767873
302,1000,asteroid_rain,62.488013,11,3,131,0.289228,-1.240540,-1.240540,0.000000,1.000000,0.000000,0.000000,0.000000,0,42,0,0.000000,0.0000500000,0,,,,,313.767873
303,1000,stock,230.119039,35,3,187,0.289228,-1.240540,-1.240540,0.000000,1.000000,0.000000,0.000000,0.000000,0,42,0,0.000000,0.0000500000,0,,,,,313.767873
304,1000,stock,476.318314,71,3,400,0.288188,-1.244144,-1.244144,0.356797,0.999955,15.176788,-0.000257,15.180613,0,43,11,5.525441,0.0000500000,0,,,,,313.767873
305,1000,asteroid_rain,62.338648,11,3,144,0.288188,-1.244144,-1.244144,0.000000,1.000000,0.000000,0.000000,0.000000,0,43,0,0.000000,0.0000500000,0,,,,,313.767873
306,1000,asteroid_rain,366.761220,55,3,416,0.288188,-1.244144,-1.244144,0.000000,1.000000,0.000000,0.000000,0.000000,0,43,0,0.000000,0.0000500000,0,,,,,313.767873
307,1000,four_corner,372.367085,59,2,2101,0.288188,-1.244144,-1.244144,0.000000,1.000000,0.000000,0.000000,0.000000,0,43,0,0.000000,0.0000500000,0,,,,,313.767873
308,1000,four_corner,244.082104,40,1,2101,0.288188,-1.244144,-1.244144,0.000000,1.000000,0.000000,0.000000,0.000000,0,43,0,0.000000,0.0000500000,0,,,,,313.767873
309,1000,asteroid_rain,195.458974,30,3,152,0.288188,-1.244144,-1.244144,0.000000,1.000000,0.000000,0.000000,0.000000,0,43,0,0.000000,0.0000500000,0,,,,,313.767873
310,1000,asteroid_rain,41.388703,8,3,131,0.288188,-1.244144,-1.244144,0.000000,1.000000,0.000000,0.000000,0.000000,0,43,0,0.000000,0.0000500000,0,,,,,313.767873
311,1000,vertical_wall_left,138.750750,22,3,246,0.288188,-1.244144,-1.244144,0.000000,1.000000,0.000000,0.000000,0.000000,0,43,0,0.000000,0.0000500000,0,,,,,313.767873
312,1000,four_corner,471.696308,72,1,2101,0.288188,-1.244144,-1.244144,0.000000,1.000000,0.000000,0.000000,0.000000,0,43,0,0.000000,0.0000500000,0,,,,,313.767873
313,1000,asteroid_rain,146.572041,23,3,145,0.288188,-1.244144,-1.244144,0.000000,1.000000,0.000000,0.000000,0.000000,0,43,0,0.000000,0.0000500000,0,,,,,313.767873
314,1000,crossing_lanes,742.603724,114,9,957,0.287151,-1.247747,-1.247747,0.349590,0.999910,5.237359,0.074753,5.166101,0,44,10,7.832533,0.0000500000,0,,,,,313.767873
315,1000,vertical_wall_left,129.937673,21,3,313,0.287151,-1.247747,-1.247747,0.000000,1.000000,0.000000,0.000000,0.000000,0,44,0,0.000000,0.0000500000,0,,,,,313.767873
316,1000,donut_ring,502.891177,76,1,1801,0.287151,-1.247747,-1.247747,0.000000,1.000000,0.000000,0.000000,0.000000,0,44,0,0.000000,0.0000500000,0,,,,,313.767873
317,1000,four_corner,540.717200,85,2,2101,0.287151,-1.247747,-1.247747,0.000000,1.000000,0.000000,0.000000,0.000000,0,44,0,0.000000,0.0000500000,0,,,,,313.767873
318,1000,asteroid_rain,253.638072,39,3,426,0.287151,-1.247747,-1.247747,0.000000,1.000000,0.000000,0.000000,0.000000,0,44,0,0.000000,0.0000500000,0,,,,,313.767873
319,1000,asteroid_rain,116.312766,19,3,272,0.287151,-1.247747,-1.247747,0.000000,1.000000,0.000000,0.000000,0.000000,0,44,0,0.000000,0.0000500000,0,,,,,313.767873
320,1000,spiral_arms,179.484113,28,3,175,0.286118,-1.251351,-1.251351,0.342382,1.000018,5.236471,0.059704,5.180191,0,45,6,1.895758,0.0000500000,0,260.359624,239.022652,304,21,313.767873
321,1000,vertical_wall_left,192.299657,30,3,501,0.286118,-1.251351,-1.251351,0.000000,1.000000,0.000000,0.000000,0.000000,0,45,0,0.000000,0.0000500000,0,,,,,313.767873
322,1000,crossing_lanes,590.170703,92,9,804,0.286118,-1.251351,-1.251351,0.000000,1.000000,0.000000,0.000000,0.000000,0,45,0,0.000000,0.0000500000,0,,,,,313.767873
323,1000,vertical_wall_left,236.473790,36,3,273,0.286118,-1.251351,-1.251351,0.000000,1.000000,0.000000,0.000000,0.000000,0,45,0,0.000000,0.0000500000,0,,,,,313.767873
324,1000,donut_ring,568.024450,84,0,1801,0.286118,-1.251351,-1.251351,0.000000,1.000000,0.000000,0.000000,0.000000,0,45,0,0.000000,0.0000500000,0,,,,,313.767873
325,1000,vertical_wall_left,110.699295,18,3,252,0.286118,-1.251351,-1.251351,0.000000,1.000000,0.000000,0.000000,0.000000,0,45,0,0.000000,0.0000500000,0,,,,,313.767873
326,1000,four_corner,325.634553,52,1,2101,0.285089,-1.254955,-1.254955,0.335175,1.000158,3.062750,0.104643,2.961459,0,46,6,3.204077,0.0000500000,0,,,,,313.767873
327,1000,stock,226.500833,35,3,275,0.285089,-1.254955,-1.254955,0.000000,1.000000,0.000000,0.000000,0.000000,0,46,0,0.000000,0.0000500000,0,,,,,313.767873
328,1000,asteroid_rain,274.891991,42,3,409,0.285089,-1.254955,-1.254955,0.000000,1.000000,0.000000,0.000000,0.000000,0,46,0,0.000000,0.0000500000,0,,,,,313.767873
329,1000,crossing_lanes,664.485817,103,9,1099,0.285089,-1.254955,-1.254955,0.000000,1.000000,0.000000,0.000000,0.000000,0,46,0,0.000000,0.0000500000,0,,,,,313.767873
330,1000,asteroid_rain,123.300777,20,3,267,0.285089,-1.254955,-1.254955,0.000000,1.000000,0.000000,0.000000,0.000000,0,46,0,0.000000,0.0000500000,0,,,,,313.767873
331,1000,vertical_wall_left,194.693300,30,3,165,0.285089,-1.254955,-1.254955,0.000000,1.000000,0.000000,0.000000,0.000000,0,46,0,0.000000,0.0000500000,0,,,,,313.767873
332,1000,four_corner,248.718011,40,0,2101,0.284063,-1.258559,-1.258559,0.327967,0.999996,7.592696,0.050430,7.545546,0,47,6,3.339950,0.0000500000,0,,,,,313.767873
333,1000,stock,177.764344,28,3,282,0.284063,-1.258559,-1.258559,0.000000,1.000000,0.000000,0.000000,0.000000,0,47,0,0.000000,0.0000500000,0,,,,,313.767873
334,1000,stock,281.349654,43,3,331,0.284063,-1.258559,-1.258559,0.000000,1.000000,0.000000,0.000000,0.000000,0,47,0,0.000000,0.0000500000,0,,,,,313.767873
335,1000,donut_ring,543.798281,81,0,1801,0.284063,-1.258559,-1.258559,0.000000,1.000000,0.000000,0.000000,0.000000,0,47,0,0.000000,0.0000500000,0,,,,,313.767873
336,1000,vertical_wall_left,222.365216,34,3,287,0.284063,-1.258559,-1.258559,0.000000,1.000000,0.000000,0.000000,0.000000,0,47,0,0.000000,0.0000500000,0,,,,,313.767873
337,1000,vertical_wall_left,97.455621,16,3,244,0.284063,-1.258559,-1.258559,0.000000,1.000000,0.000000,0.000000,0.000000,0,47,0,0.000000,0.0000500000,0,,,,,313.767873
338,1000,vertical_wall_left,322.768164,49,3,499,0.284063,-1.258559,-1.258559,0.000000,1.000000,0.000000,0.000000,0.000000,0,47,0,0.000000,0.0000500000,0,,,,,313.767873
339,1000,spiral_arms,200.408962,31,3,167,0.283041,-1.262162,-1.262162,0.320760,0.999991,9.242125,0.040735,9.204597,0,48,7,2.515818,0.0000500000,0,,,,,313.767873
340,1000,donut_ring,553.032885,82,0,1801,0.283041,-1.262162,-1.262162,0.000000,1.000000,0.000000,0.000000,0.000000,0,48,0,0.000000,0.0000500000,0,269.190517,246.736851,312,21,313.767873
341,1000,crossing_lanes,431.137854,69,9,691,0.283041,-1.262162,-1.262162,0.000000,1.000000,0.000000,0.000000,0.000000,0,48,0,0.000000,0.0000500000,0,,,,,313.767873
342,1000,stock,233.766569,36,3,281,0.283041,-1.262162,-1.262162,0.000000,1.000000,0.000000,0.000000,0.000000,0,48,0,0.000000,0.0000500000,0,,,,,313.767873
343,1000,vertical_wall_left,310.724086,47,3,478,0.283041,-1.262162,-1.262162,0.000000,1.000000,0.000000,0.000000,0.000000,0,48,0,0.000000,0.0000500000,0,,,,,313.767873
344,1000,crossing_lanes,620.625841,96,9,906,0.282023,-1.265766,-1.265766,0.313553,1.000061,5.214272,0.103465,5.113943,0,49,5,1.567039,0.0000500000,0,,,,,313.767873
345,1000,stock,243.793299,37,3,196,0.282023,-1.265766,-1.265766,0.000000,1.000000,0.000000,0.000000,0.000000,0,49,0,0.000000,0.0000500000,0,,,,,313.767873
346,1000,spiral_arms,125.604198,20,3,96,0.282023,-1.265766,-1.265766,0.000000,1.000000,0.000000,0.000000,0.000000,0,49,0,0.000000,0.0000500000,0,,,,,313.767873
347,1000,asteroid_rain,138.373792,22,3,171,0.282023,-1.265766,-1.265766,0.000000,1.000000,0.000000,0.000000,0.000000,0,49,0,0.000000,0.0000500000,0,,,,,313.767873
348,1000,spiral_arms,193.894592,30,3,163,0.282023,-1.265766,-1.265766,0.000000,1.000000,0.000000,0.000000,0.000000,0,49,0,0.000000,0.0000500000,0,,,,,313.767873
349,1000,crossing_lanes,554.563928,86,9,669,0.282023,-1.265766,-1.265766,0.000000,1.000000,0.000000,0.000000,0.000000,0,49,0,0.000000,0.0000500000,0,,,,,313.767873
350,1000,spiral_arms,158.742650,25,3,169,0.282023,-1.265766,-1.265766,0.000000,1.000000,0.000000,0.000000,0.000000,0,49,0,0.000000,0.0000500000,0,,,,,313.767873
351,1000,vertical_wall_left,78.591393,13,3,76,0.282023,-1.265766,-1.265766,0.000000,1.000000,0.000000,0.000000,0.000000,0,49,0,0.000000,0.0000500000,0,,,,,313.767873
352,1000,vertical_wall_left,82.604087,14,3,165,0.282023,-1.265766,-1.265766,0.000000,1.000000,0.000000,0.000000,0.000000,0,49,0,0.000000,0.0000500000,0,,,,,313.767873
353,1000,stock,220.220738,34,3,271,0.282023,-1.265766,-1.265766,0.000000,1.000000,0.000000,0.000000,0.000000,0,49,0,0.000000,0.0000500000,0,,,,,313.767873
354,1000,spiral_arms,528.478456,79,3,573,0.281009,-1.269369,-1.269369,0.306346,1.000061,10.947185,0.070377,10.879871,0,50,10,3.665749,0.0000500000,0,,,,,313.767873
355,1000,spiral_arms,221.574661,34,3,177,0.281009,-1.269369,-1.269369,0.000000,1.000000,0.000000,0.000000,0.000000,0,50,0,0.000000,0.0000500000,0,,,,,313.767873
356,1000,four_corner,533.452989,80,2,2101,0.281009,-1.269369,-1.269369,0.000000,1.000000,0.000000,0.000000,0.000000,0,50,0,0.000000,0.0000500000,0,,,,,313.767873
357,1000,crossing_lanes,467.520748,74,9,649,0.281009,-1.269369,-1.269369,0.000000,1.000000,0.000000,0.000000,0.000000,0,50,0,0.000000,0.0000500000,0,,,,,313.767873
358,1000,spiral_arms,220.487740,34,3,214,0.281009,-1.269369,-1.269369,0.000000,1.000000,0.000000,0.000000,0.000000,0,50,0,0.000000,0.0000500000,0,,,,,313.767873
359,1000,vertical_wall_left,89.745475,15,3,166,0.281009,-1.269369,-1.269369,0.000000,1.000000,0.000000,0.000000,0.000000,0,50,0,0.000000,0.0000500000,0,,,,,313.767873
360,1000,crossing_lanes,346.740509,56,9,368,0.281009,-1.269369,-1.269369,0.000000,1.000000,0.000000,0.000000,0.000000,0,50,0,0.000000,0.0000500000,0,255.996011,235.191378,301,24,313.767873
361,1000,spiral_arms,159.056433,25,3,158,0.279998,-1.272973,-1.272973,0.299138,0.999988,8.792540,0.082810,8.712721,0,51,7,2.884206,0.0000500000,0,,,,,313.767873
362,1000,four_corner,149.355327,25,3,946,0.279998,-1.272973,-1.272973,0.000000,1.000000,0.000000,0.000000,0.000000,0,51,0,0.000000,0.0000500000,0,,,,,313.767873
363,1000,stock,257.492211,39,3,202,0.279998,-1.272973,-1.272973,0.000000,1.000000,0.000000,0.000000,0.000000,0,51,0,0.000000,0.0000500000,0,,,,,313.767873
364,1000,vertical_wall_left,178.563995,28,3,289,0.279998,-1.272973,-1.272973,0.000000,1.000000,0.000000,0.000000,0.000000,0,51,0,0.000000,0.0000500000,0,,,,,313.767873
365,1000,spiral_arms,118.757381,19,3,90,0.279998,-1.272973,-1.272973,0.000000,1.000000,0.000000,0.000000,0.000000,0,51,0,0.000000,0.0000500000,0,,,,,313.767873
366,1000,spiral_arms,194.192722,30,3,168,0.279998,-1.272973,-1.272973,0.000000,1.000000,0.000000,0.000000,0.000000,0,51,0,0.000000,0.0000500000,0,,,,,313.767873
367,1000,donut_ring,502.027539,75,0,1801,0.279998,-1.272973,-1.272973,0.000000,1.000000,0.000000,0.000000,0.000000,0,51,0,0.000000,0.0000500000,0,,,,,313.767873
368,1000,asteroid_rain,146.650060,23,3,142,0.279998,-1.272973,-1.272973,0.000000,1.000000,0.000000,0.000000,0.000000,0,51,0,0.000000,0.0000500000,0,,,,,313.767873
369,1000,asteroid_rain,55.365809,10,3,132,0.279998,-1.272973,-1.272973,0.000000,1.000000,0.000000,0.000000,0.000000,0,51,0,0.000000,0.0000500000,0,,,,,313.767873
370,1000,vertical_wall_left,251.556429,39,3,510,0.278991,-1.276577,-1.276577,0.291931,0.999985,7.831240,0.069056,7.765103,0,52,9,4.007647,0.0000500000,0,,,,,313.767873
371,1000,spiral_arms,126.010740,20,3,79,0.278991,-1.276577,-1.276577,0.000000,1.000000,0.000000,0.000000,0.000000,0,52,0,0.000000,0.0000500000,0,,,,,313.767873
372,1000,vertical_wall_left,158.577905,25,3,302,0.278991,-1.276577,-1.276577,0.000000,1.000000,0.000000,0.000000,0.000000,0,52,0,0.000000,0.0000500000,0,,,,,313.767873
373,1000,spiral_arms,125.783646,20,3,89,0.278991,-1.276577,-1.276577,0.000000,1.000000,0.000000,0.000000,0.000000,0,52,0,0.000000,0.0000500000,0,,,,,313.767873
374,1000,asteroid_rain,172.467607,27,3,255,0.278991,-1.276577,-1.276577,0.000000,1.000000,0.000000,0.000000,0.000000,0,52,0,0.000000,0.0000500000,0,,,,,313.767873
375,1000,asteroid_rain,55.327132,10,3,132,0.278991,-1.276577,-1.276577,0.000000,1.000000,0.000000,0.000000,0.000000,0,52,0,0.000000,0.0000500000,0,,,,,313.767873
376,1000,spiral_arms,193.687014,30,3,171,0.278991,-1.276577,-1.276577,0.000000,1.000000,0.000000,0.000000,0.000000,0,52,0,0.000000,0.0000500000,0,,,,,313.767873
377,1000,four_corner,263.493256,43,1,2101,0.278991,-1.276577,-1.276577,0.000000,1.000000,0.000000,0.000000,0.000000,0,52,0,0.000000,0.0000500000,0,,,,,313.767873
378,1000,asteroid_rain,247.792099,38,3,414,0.278991,-1.276577,-1.276577,0.000000,1.000000,0.000000,0.000000,0.000000,0,52,0,0.000000,0.0000500000,0,,,,,313.767873
379,1000,vertical_wall_left,199.244116,31,3,390,0.277987,-1.280180,-1.280180,0.284724,1.000072,8.875160,0.035401,8.842607,0,53,9,3.243821,0.0000500000,0,,,,,313.767873
380,1000,stock,304.693638,46,3,283,0.277987,-1.280180,-1.280180,0.000000,1.000000,0.000000,0.000000,0.000000,0,53,0,0.000000,0.0000500000,0,217.889672,201.842522,260,21,313.767873
381,1000,stock,366.440532,55,3,306,0.277987,-1.280180,-1.280180,0.000000,1.000000,0.000000,0.000000,0.000000,0,53,0,0.000000,0.0000500000,0,,,,,313.767873
382,1000,donut_ring,364.045190,56,0,1801,0.277987,-1.280180,-1.280180,0.000000,1.000000,0.000000,0.000000,0.000000,0,53,0,0.000000,0.0000500000,0,,,,,313.767873
383,1000,spiral_arms,146.558991,23,3,98,0.277987,-1.280180,-1.280180,0.000000,1.000000,0.000000,0.000000,0.000000,0,53,0,0.000000,0.0000500000,0,,,,,313.767873
384,1000,vertical_wall_left,214.725707,33,3,259,0.277987,-1.280180,-1.280180,0.000000,1.000000,0.000000,0.000000,0.000000,0,53,0,0.000000,0.0000500000,0,,,,,313.767873
385,1000,asteroid_rain,41.286115,8,3,133,0.277987,-1.280180,-1.280180,0.000000,1.000000,0.000000,0.000000,0.000000,0,53,0,0.000000,0.0000500000,0,,,,,313.767873
386,1000,spiral_arms,243.007666,37,3,157,0.277987,-1.280180,-1.280180,0.000000,1.000000,0.000000,0.000000,0.000000,0,53,0,0.000000,0.0000500000,0,,,,,313.767873
387,1000,asteroid_rain,68.978278,12,3,141,0.277987,-1.280180,-1.280180,0.000000,1.000000,0.000000,0.000000,0.000000,0,53,0,0.000000,0.0000500000,0,,,,,313.767873
388,1000,crossing_lanes,262.262812,44,9,350,0.276987,-1.283784,-1.283784,0.277517,0.999950,11.919961,0.040748,11.881989,0,54,9,6.565254,0.0000500000,0,,,,,313.767873
389,1000,vertical_wall_left,158.589785,25,3,341,0.276987,-1.283784,-1.283784,0.000000,1.000000,0.000000,0.000000,0.000000,0,54,0,0.000000,0.0000500000,0,,,,,313.767873
390,1000,donut_ring,637.123885,94,0,1801,0.276987,-1.283784,-1.283784,0.000000,1.000000,0.000000,0.000000,0.000000,0,54,0,0.000000,0.0000500000,0,,,,,313.767873
391,1000,crossing_lanes,686.531251,106,9,913,0.276987,-1.283784,-1.283784,0.000000,1.000000,0.000000,0.000000,0.000000,0,54,0,0.000000,0.0000500000,0,,,,,313.767873
392,1000,spiral_arms,125.557449,20,3,94,0.276987,-1.283784,-1.283784,0.000000,1.000000,0.000000,0.000000,0.000000,0,54,0,0.000000,0.0000500000,0,,,,,313.767873
393,1000,spiral_arms,207.016756,32,3,202,0.276987,-1.283784,-1.283784,0.000000,1.000000,0.000000,0.000000,0.000000,0,54,0,0.000000,0.0000500000,0,,,,,313.767873
394,1000,crossing_lanes,380.247412,61,9,440,0.275991,-1.287387,-1.287387,0.270310,1.000019,6.850576,0.088657,6.764621,0,55,6,2.798579,0.0000500000,0,,,,,313.767873
395,1000,asteroid_rain,267.200311,41,3,409,0.275991,-1.287387,-1.287387,0.000000,1.000000,0.000000,0.000000,0.000000,0,55,0,0.000000,0.0000500000,0,,,,,313.767873
396,1000,spiral_arms,201.135818,31,3,156,0.275991,-1.287387,-1.287387,0.000000,1.000000,0.000000,0.000000,0.000000,0,55,0,0.000000,0.0000500000,0,,,,,313.767873
397,1000,donut_ring,540.080722,81,0,1801,0.275991,-1.287387,-1.287387,0.000000,1.000000,0.000000,0.000000,0.000000,0,55,0,0.000000,0.0000500000,0,,,,,313.767873
398,1000,spiral_arms,125.542541,20,3,95,0.275991,-1.287387,-1.287387,0.000000,1.000000,0.000000,0.000000,0.000000,0,55,0,0.000000,0.0000500000,0,,,,,313.767873
399,1000,asteroid_rain,116.397028,19,3,260,0.275991,-1.287387,-1.287387,0.000000,1.000000,0.000000,0.000000,0.000000,0,55,0,0.000000,0.0000500000,0,,,,,313.767873
400,1000,vertical_wall_left,89.750228,15,3,167,0.275991,-1.287387,-1.287387,0.000000,1.000000,0.000000,0.000000,0.000000,0,55,0,0.000000,0.0000500000,0,222.208745,204.728609,264,23,313.767873
401,1000,four_corner,274.977075,44,3,1384,0.274998,-1.290991,-1.290991,0.263102,1.000038,6.333197,0.070416,6.265413,0,56,7,2.254946,0.0000500000,0,,,,,313.767873
402,1000,asteroid_rain,48.029015,9,3,139,0.274998,-1.290991,-1.290991,0.000000,1.000000,0.000000,0.000000,0.000000,0,56,0,0.000000,0.0000500000,0,,,,,313.767873
403,1000,spiral_arms,132.623692,21,3,95,0.274998,-1.290991,-1.290991,0.000000,1.000000,0.000000,0.000000,0.000000,0,56,0,0.000000,0.0000500000,0,,,,,313.767873
404,1000,vertical_wall_left,146.310122,23,3,147,0.274998,-1.290991,-1.290991,0.000000,1.000000,0.000000,0.000000,0.000000,0,56,0,0.000000,0.0000500000,0,,,,,313.767873
405,1000,stock,836.099027,123,3,547,0.274998,-1.290991,-1.290991,0.000000,1.000000,0.000000,0.000000,0.000000,0,56,0,0.000000,0.0000500000,0,,,,,313.767873
406,1000,spiral_arms,206.760246,32,3,280,0.274998,-1.290991,-1.290991,0.000000,1.000000,0.000000,0.000000,0.000000,0,56,0,0.000000,0.0000500000,0,,,,,313.767873
407,1000,four_corner,249.469647,40,0,2101,0.274998,-1.290991,-1.290991,0.000000,1.000000,0.000000,0.000000,0.000000,0,56,0,0.000000,0.0000500000,0,,,,,313.767873
408,1000,crossing_lanes,444.835716,70,9,484,0.274009,-1.294595,-1.294595,0.255895,0.999979,12.844471,0.046569,12.800461,0,57,7,9.780622,0.0000500000,0,,,,,313.767873
409,1000,crossing_lanes,242.018157,41,9,347,0.274009,-1.294595,-1.294595,0.000000,1.000000,0.000000,0.000000,0.000000,0,57,0,0.000000,0.0000500000,0,,,,,313.767873
410,1000,donut_ring,501.390555,75,0,1801,0.274009,-1.294595,-1.294595,0.000000,1.000000,0.000000,0.000000,0.000000,0,57,0,0.000000,0.0000500000,0,,,,,313.767873
411,1000,four_corner,257.435404,41,3,1326,0.274009,-1.294595,-1.294595,0.000000,1.000000,0.000000,0.000000,0.000000,0,57,0,0.000000,0.0000500000,0,,,,,313.767873
412,1000,four_corner,275.317117,45,1,2101,0.274009,-1.294595,-1.294595,0.000000,1.000000,0.000000,0.000000,0.000000,0,57,0,0.000000,0.0000500000,0,,,,,313.767873
413,1000,spiral_arms,222.297518,34,3,146,0.274009,-1.294595,-1.294595,0.000000,1.000000,0.000000,0.000000,0.000000,0,57,0,0.000000,0.0000500000,0,,,,,313.767873
414,1000,vertical_wall_left,200.588215,31,3,312,0.273023,-1.298198,-1.298198,0.248688,1.000013,4.813636,0.092928,4.723195,0,58,6,2.405270,0.0000500000,0,,,,,313.767873
415,1000,asteroid_rain,55.549760,10,3,130,0.273023,-1.298198,-1.298198,0.000000,1.000000,0.000000,0.000000,0.000000,0,58,0,0.000000,0.0000500000,0,,,,,313.767873
416,1000,vertical_wall_left,166.988246,26,3,237,0.273023,-1.298198,-1.298198,0.000000,1.000000,0.000000,0.000000,0.000000,0,58,0,0.000000,0.0000500000,0,,,,,313.767873
417,1000,stock,290.866745,44,3,256,0.273023,-1.298198,-1.298198,0.000000,1.000000,0.000000,0.000000,0.000000,0,58,0,0.000000,0.0000500000,0,,,,,313.767873
418,1000,asteroid_rain,226.053268,35,3,387,0.273023,-1.298198,-1.298198,0.000000,1.000000,0.000000,0.000000,0.000000,0,58,0,0.000000,0.0000500000,0,,,,,313.767873
419,1000,four_corner,243.348610,40,1,2101,0.273023,-1.298198,-1.298198,0.000000,1.000000,0.000000,0.000000,0.000000,0,58,0,0.000000,0.0000500000,0,,,,,313.767873
420,1000,asteroid_rain,41.381543,8,3,131,0.273023,-1.298198,-1.298198,0.000000,1.000000,0.000000,0.000000,0.000000,0,58,0,0.000000,0.0000500000,0,230.321147,212.714605,272,22,313.767873
421,1000,four_corner,244.838397,40,1,2101,0.272041,-1.301802,-1.301802,0.241481,0.999949,5.702169,0.060069,5.644514,0,59,7,5.525538,0.0000500000,0,,,,,313.767873
422,1000,vertical_wall_left,214.076516,33,3,413,0.272041,-1.301802,-1.301802,0.000000,1.000000,0.000000,0.000000,0.000000,0,59,0,0.000000,0.0000500000,0,,,,,313.767873
423,1000,spiral_arms,186.914143,29,3,171,0.272041,-1.301802,-1.301802,0.000000,1.000000,0.000000,0.000000,0.000000,0,59,0,0.000000,0.0000500000,0,,,,,313.767873
424,1000,asteroid_rain,543.887438,81,3,686,0.272041,-1.301802,-1.301802,0.000000,1.000000,0.000000,0.000000,0.000000,0,59,0,0.000000,0.0000500000,0,,,,,313.767873
425,1000,asteroid_rain,192.671107,30,3,303,0.272041,-1.301802,-1.301802,0.000000,1.000000,0.000000,0.000000,0.000000,0,59,0,0.000000,0.0000500000,0,,,,,313.767873
426,1000,crossing_lanes,670.525579,103,9,797,0.272041,-1.301802,-1.301802,0.000000,1.000000,0.000000,0.000000,0.000000,0,59,0,0.000000,0.0000500000,0,,,,,313.767873
427,1000,vertical_wall_left,123.265929,20,3,273,0.271063,-1.305405,-1.305405,0.234274,0.999949,5.496389,0.112553,5.386179,0,60,6,3.342705,0.0000500000,0,,,,,313.767873
428,1000,four_corner,527.577652,80,3,2038,0.271063,-1.305405,-1.305405,0.000000,1.000000,0.000000,0.000000,0.000000,0,60,0,0.000000,0.0000500000,0,,,,,313.767873
429,1000,four_corner,245.343090,40,1,2101,0.271063,-1.305405,-1.305405,0.000000,1.000000,0.000000,0.000000,0.000000,0,60,0,0.000000,0.0000500000,0,,,,,313.767873
430,1000,spiral_arms,235.749362,36,3,180,0.271063,-1.305405,-1.305405,0.000000,1.000000,0.000000,0.000000,0.000000,0,60,0,0.000000,0.0000500000,0,,,,,313.767873
431,1000,crossing_lanes,723.122329,111,9,1080,0.271063,-1.305405,-1.305405,0.000000,1.000000,0.000000,0.000000,0.000000,0,60,0,0.000000,0.0000500000,0,,,,,313.767873
432,1000,donut_ring,501.828790,76,0,1801,0.270088,-1.309009,-1.309009,0.227066,1.000041,1.709897,0.135720,1.576448,0,61,5,3.694490,0.0000500000,0,,,,,313.767873
433,1000,asteroid_rain,68.945852,12,3,141,0.270088,-1.309009,-1.309009,0.000000,1.000000,0.000000,0.000000,0.000000,0,61,0,0.000000,0.0000500000,0,,,,,313.767873
434,1000,asteroid_rain,463.916793,69,3,478,0.270088,-1.309009,-1.309009,0.000000,1.000000,0.000000,0.000000,0.000000,0,61,0,0.000000,0.0000500000,0,,,,,313.767873
435,1000,asteroid_rain,205.173957,32,3,417,0.270088,-1.309009,-1.309009,0.000000,1.000000,0.000000,0.000000,0.000000,0,61,0,0.000000,0.0000500000,0,,,,,313.767873
436,1000,vertical_wall_left,367.467901,55,3,428,0.270088,-1.309009,-1.309009,0.000000,1.000000,0.000000,0.000000,0.000000,0,61,0,0.000000,0.0000500000,0,,,,,313.767873
437,1000,stock,275.556417,42,3,304,0.270088,-1.309009,-1.309009,0.000000,1.000000,0.000000,0.000000,0.000000,0,61,0,0.000000,0.0000500000,0,,,,,313.767873
438,1000,asteroid_rain,55.167486,10,3,135,0.270088,-1.309009,-1.309009,0.000000,1.000000,0.000000,0.000000,0.000000,0,61,0,0.000000,0.0000500000,0,,,,,313.767873
439,1000,vertical_wall_left,129.006097,21,3,287,0.270088,-1.309009,-1.309009,0.000000,1.000000,0.000000,0.000000,0.000000,0,61,0,0.000000,0.0000500000,0,,,,,313.767873
440,1000,four_corner,552.752362,83,3,1151,0.269116,-1.312613,-1.312613,0.219859,1.000052,9.713296,0.040378,9.675116,0,62,8,5.054991,0.0000500000,0,234.400697,216.280136,279,23,313.767873
441,1000,spiral_arms,152.298976,24,3,147,0.269116,-1.312613,-1.312613,0.000000,1.000000,0.000000,0.000000,0.000000,0,62,0,0.000000,0.0000500000,0,,,,,313.767873
442,1000,asteroid_rain,55.008157,10,3,140,0.269116,-1.312613,-1.312613,0.000000,1.000000,0.000000,0.000000,0.000000,0,62,0,0.000000,0.0000500000,0,,,,,313.767873
443,1000,vertical_wall_left,207.487869,32,3,381,0.269116,-1.312613,-1.312613,0.000000,1.000000,0.000000,0.000000,0.000000,0,62,0,0.000000,0.0000500000,0,,,,,313.767873
444,1000,crossing_lanes,213.585936,37,9,333,0.269116,-1.312613,-1.312613,0.000000,1.000000,0.000000,0.000000,0.000000,0,62,0,0.000000,0.0000500000,0,,,,,313.767873
445,1000,crossing_lanes,1005.962008,151,7,2101,0.269116,-1.312613,-1.312613,0.000000,1.000000,0.000000,0.000000,0.000000,0,62,0,0.000000,0.0000500000,0,,,,,313.767873
446,1000,vertical_wall_left,92.586075,15,3,76,0.269116,-1.312613,-1.312613,0.000000,1.000000,0.000000,0.000000,0.000000,0,62,0,0.000000,0.0000500000,0,,,,,313.767873
447,1000,donut_ring,495.169444,74,0,1801,0.268148,-1.316216,-1.316216,0.212652,1.000306,4.891854,0.098066,4.795915,0,63,7,5.448792,0.0000500000,0,,,,,313.767873
448,1000,asteroid_rain,94.451895,16,3,292,0.268148,-1.316216,-1.316216,0.000000,1.000000,0.000000,0.000000,0.000000,0,63,0,0.000000,0.0000500000,0,,,,,313.767873
449,1000,stock,226.550363,35,3,271,0.268148,-1.316216,-1.316216,0.000000,1.000000,0.000000,0.000000,0.000000,0,63,0,0.000000,0.0000500000,0,,,,,313.767873
450,1000,crossing_lanes,423.564785,67,9,415,0.268148,-1.316216,-1.316216,0.000000,1.000000,0.000000,0.000000,0.000000,0,63,0,0.000000,0.0000500000,0,,,,,313.767873
451,1000,spiral_arms,104.862693,17,3,86,0.268148,-1.316216,-1.316216,0.000000,1.000000,0.000000,0.000000,0.000000,0,63,0,0.000000,0.0000500000,0,,,,,313.767873
452,1000,donut_ring,655.976320,96,0,1520,0.268148,-1.316216,-1.316216,0.000000,1.000000,0.000000,0.000000,0.000000,0,63,0,0.000000,0.0000500000,0,,,,,313.767873
453,1000,four_corner,254.351381,42,1,2101,0.267183,-1.319820,-1.319820,0.205444,0.999958,6.804876,0.060557,6.746373,0,64,6,3.765654,0.0000500000,0,,,,,313.767873
454,1000,vertical_wall_left,104.286067,17,3,233,0.267183,-1.319820,-1.319820,0.000000,1.000000,0.000000,0.000000,0.000000,0,64,0,0.000000,0.0000500000,0,,,,,313.767873
455,1000,vertical_wall_left,97.322326,16,3,244,0.267183,-1.319820,-1.319820,0.000000,1.000000,0.000000,0.000000,0.000000,0,64,0,0.000000,0.0000500000,0,,,,,313.767873
456,1000,donut_ring,604.007426,89,0,1801,0.267183,-1.319820,-1.319820,0.000000,1.000000,0.000000,0.000000,0.000000,0,64,0,0.000000,0.0000500000,0,,,,,313.767873
457,1000,spiral_arms,221.816934,34,3,172,0.267183,-1.319820,-1.319820,0.000000,1.000000,0.000000,0.000000,0.000000,0,64,0,0.000000,0.0000500000,0,,,,,313.767873
458,1000,asteroid_rain,220.957760,34,3,303,0.267183,-1.319820,-1.319820,0.000000,1.000000,0.000000,0.000000,0.000000,0,64,0,0.000000,0.0000500000,0,,,,,313.767873
459,1000,four_corner,284.792501,48,2,2101,0.267183,-1.319820,-1.319820,0.000000,1.000000,0.000000,0.000000,0.000000,0,64,0,0.000000,0.0000500000,0,,,,,313.767873
460,1000,vertical_wall_left,345.914567,52,3,456,0.266222,-1.323423,-1.323423,0.198237,1.000039,6.785542,0.059618,6.727907,0,65,7,2.705509,0.0000500000,0,177.045094,166.094382,221,25,313.767873
461,1000,asteroid_rain,234.668738,36,3,303,0.266222,-1.323423,-1.323423,0.000000,1.000000,0.000000,0.000000,0.000000,0,65,0,0.000000,0.0000500000,0,,,,,313.767873
462,1000,vertical_wall_left,354.004478,53,3,462,0.266222,-1.323423,-1.323423,0.000000,1.000000,0.000000,0.000000,0.000000,0,65,0,0.000000,0.0000500000,0,,,,,313.767873
463,1000,vertical_wall_left,462.783496,69,3,524,0.266222,-1.323423,-1.323423,0.000000,1.000000,0.000000,0.000000,0.000000,0,65,0,0.000000,0.0000500000,0,,,,,313.767873
464,1000,spiral_arms,125.648350,20,3,95,0.266222,-1.323423,-1.323423,0.000000,1.000000,0.000000,0.000000,0.000000,0,65,0,0.000000,0.0000500000,0,,,,,313.767873
465,1000,stock,243.975878,37,3,194,0.266222,-1.323423,-1.323423,0.000000,1.000000,0.000000,0.000000,0.000000,0,65,0,0.000000,0.0000500000,0,,,,,313.767873
466,1000,spiral_arms,399.317808,60,3,352,0.266222,-1.323423,-1.323423,0.000000,1.000000,0.000000,0.000000,0.000000,0,65,0,0.000000,0.0000500000,0,,,,,313.767873
467,1000,crossing_lanes,989.382081,150,9,1546,0.265265,-1.327027,-1.327027,0.191030,1.000044,11.873341,0.047846,11.827406,0,66,7,2.453869,0.0000500000,0,,,,,313.767873
468,1000,vertical_wall_left,111.934426,18,3,233,0.265265,-1.327027,-1.327027,0.000000,1.000000,0.000000,0.000000,0.000000,0,66,0,0.000000,0.0000500000,0,,,,,313.767873
469,1000,crossing_lanes,954.201826,145,9,1695,0.265265,-1.327027,-1.327027,0.000000,1.000000,0.000000,0.000000,0.000000,0,66,0,0.000000,0.0000500000,0,,,,,313.767873
470,1000,spiral_arms,104.757245,17,3,90,0.265265,-1.327027,-1.327027,0.000000,1.000000,0.000000,0.000000,0.000000,0,66,0,0.000000,0.0000500000,0,,,,,313.767873
471,1000,donut_ring,542.935548,81,0,1801,0.265265,-1.327027,-1.327027,0.000000,1.000000,0.000000,0.000000,0.000000,0,66,0,0.000000,0.0000500000,0,,,,,313.767873
472,1000,four_corner,612.885766,94,2,2101,0.265265,-1.327027,-1.327027,0.000000,1.000000,0.000000,0.000000,0.000000,0,66,0,0.000000,0.0000500000,0,,,,,313.767873
473,1000,spiral_arms,126.234600,20,3,72,0.265265,-1.327027,-1.327027,0.000000,1.000000,0.000000,0.000000,0.000000,0,66,0,0.000000,0.0000500000,0,,,,,313.767873
474,1000,donut_ring,465.056267,70,1,1801,0.264311,-1.330631,-1.330631,0.183823,1.000023,2.398211,0.111294,2.288755,0,67,7,3.484651,0.0000500000,0,,,,,313.767873
475,1000,donut_ring,456.782820,68,0,1801,0.264311,-1.330631,-1.330631,0.000000,1.000000,0.000000,0.000000,0.000000,0,67,0,0.000000,0.0000500000,0,,,,,313.767873
476,1000,four_corner,244.519125,40,1,2101,0.264311,-1.330631,-1.330631,0.000000,1.000000,0.000000,0.000000,0.000000,0,67,0,0.000000,0.0000500000,0,,,,,313.767873
477,1000,vertical_wall_left,103.576127,17,3,166,0.264311,-1.330631,-1.330631,0.000000,1.000000,0.000000,0.000000,0.000000,0,67,0,0.000000,0.0000500000,0,,,,,313.767873
478,1000,vertical_wall_left,68.762126,12,3,164,0.264311,-1.330631,-1.330631,0.000000,1.000000,0.000000,0.000000,0.000000,0,67,0,0.000000,0.0000500000,0,,,,,313.767873
479,1000,spiral_arms,276.153855,42,3,245,0.264311,-1.330631,-1.330631,0.000000,1.000000,0.000000,0.000000,0.000000,0,67,0,0.000000,0.0000500000,0,,,,,313.767873
480,1000,spiral_arms,111.742463,18,3,91,0.264311,-1.330631,-1.330631,0.000000,1.000000,0.000000,0.000000,0.000000,0,67,0,0.000000,0.0000250000,0,316.701948,288.292145,363,24,316.701948
481,1000,asteroid_rain,97.332873,16,3,145,0.264311,-1.330631,-1.330631,0.000000,1.000000,0.000000,0.000000,0.000000,0,67,0,0.000000,0.0000250000,0,,,,,316.701948
482,1000,asteroid_rain,48.439294,9,3,139,0.264311,-1.330631,-1.330631,0.000000,1.000000,0.000000,0.000000,0.000000,0,67,0,0.000000,0.0000250000,0,,,,,316.701948
483,1000,vertical_wall_left,207.830292,32,3,353,0.263360,-1.334234,-1.334234,0.176616,0.999988,6.319033,0.060894,6.259905,0,68,9,4.727837,0.0000250000,0,,,,,316.701948
484,1000,spiral_arms,179.101642,28,3,227,0.263360,-1.334234,-1.334234,0.000000,1.000000,0.000000,0.000000,0.000000,0,68,0,0.000000,0.0000250000,0,,,,,316.701948
485,1000,stock,266.543343,41,3,342,0.263360,-1.334234,-1.334234,0.000000,1.000000,0.000000,0.000000,0.000000,0,68,0,0.000000,0.0000250000,0,,,,,316.701948
486,1000,crossing_lanes,244.336618,41,9,284,0.263360,-1.334234,-1.334234,0.000000,1.000000,0.000000,0.000000,0.000000,0,68,0,0.000000,0.0000250000,0,,,,,316.701948
487,1000,donut_ring,591.641429,87,0,1801,0.263360,-1.334234,-1.334234,0.000000,1.000000,0.000000,0.000000,0.000000,0,68,0,0.000000,0.0000250000,0,,,,,316.701948
488,1000,spiral_arms,207.656241,32,3,173,0.263360,-1.334234,-1.334234,0.000000,1.000000,0.000000,0.000000,0.000000,0,68,0,0.000000,0.0000250000,0,,,,,316.701948
489,1000,asteroid_rain,281.574880,43,3,418,0.263360,-1.334234,-1.334234,0.000000,1.000000,0.000000,0.000000,0.000000,0,68,0,0.000000,0.0000250000,0,,,,,316.701948
490,1000,asteroid_rain,151.016086,24,3,271,0.262412,-1.337838,-1.337838,0.169409,0.999986,9.580885,0.046663,9.535916,0,69,7,1.646868,0.0000250000,0,,,,,316.701948
491,1000,asteroid_rain,124.936525,20,3,159,0.262412,-1.337838,-1.337838,0.000000,1.000000,0.000000,0.000000,0.000000,0,69,0,0.000000,0.0000250000,0,,,,,316.701948
492,1000,crossing_lanes,501.498139,79,9,700,0.262412,-1.337838,-1.337838,0.000000,1.000000,0.000000,0.000000,0.000000,0,69,0,0.000000,0.0000250000,0,,,,,316.701948
493,1000,crossing_lanes,570.422091,89,9,846,0.262412,-1.337838,-1.337838,0.000000,1.000000,0.000000,0.000000,0.000000,0,69,0,0.000000,0.0000250000,0,,,,,316.701948
494,1000,asteroid_rain,255.530596,39,3,297,0.262412,-1.337838,-1.337838,0.000000,1.000000,0.000000,0.000000,0.000000,0,69,0,0.000000,0.0000250000,0,,,,,316.701948
495,1000,crossing_lanes,283.479272,47,9,422,0.262412,-1.337838,-1.337838,0.000000,1.000000,0.000000,0.000000,0.000000,0,69,0,0.000000,0.0000250000,0,,,,,316.701948
496,1000,asteroid_rain,55.136526,10,3,137,0.262412,-1.337838,-1.337838,0.000000,1.000000,0.000000,0.000000,0.000000,0,69,0,0.000000,0.0000250000,0,,,,,316.701948
497,1000,vertical_wall_left,186.186578,29,3,297,0.262412,-1.337838,-1.337838,0.000000,1.000000,0.000000,0.000000,0.000000,0,69,0,0.000000,0.0000250000,0,,,,,316.701948
498,1000,stock,371.057108,56,3,360,0.261469,-1.341441,-1.341441,0.162202,0.999984,8.383803,0.079198,8.306227,0,70,8,4.835325,0.0000500000,0,,,,,316.701948
499,1000,four_corner,249.317758,40,0,2101,0.261469,-1.341441,-1.341441,0.000000,1.000000,0.000000,0.000000,0.000000,0,70,0,0.000000,0.0000500000,0,,,,,316.701948
500,1000,crossing_lanes,489.057306,77,9,693,0.261469,-1.341441,-1.341441,0.000000,1.000000,0.000000,0.000000,0.000000,0,70,0,0.000000,0.0000500000,0,216.151640,200.312849,259,22,316.701948
501,1000,spiral_arms,110.800780,18,3,131,0.261469,-1.341441,-1.341441,0.000000,1.000000,0.000000,0.000000,0.000000,0,70,0,0.000000,0.0000500000,0,,,,,316.701948
502,1000,asteroid_rain,366.564160,55,3,442,0.261469,-1.341441,-1.341441,0.000000,1.000000,0.000000,0.000000,0.000000,0,70,0,0.000000,0.0000500000,0,,,,,316.701948
503,1000,vertical_wall_left,146.350153,23,3,245,0.261469,-1.341441,-1.341441,0.000000,1.000000,0.000000,0.000000,0.000000,0,70,0,0.000000,0.0000500000,0,,,,,316.701948
504,1000,crossing_lanes,564.493125,88,9,783,0.260528,-1.345045,-1.345045,0.154994,1.000050,4.422247,0.126015,4.297782,0,71,6,3.322512,0.0000500000,0,,,,,316.701948
505,1000,four_corner,370.285508,59,2,2101,0.260528,-1.345045,-1.345045,0.000000,1.000000,0.000000,0.000000,0.000000,0,71,0,0.000000,0.0000500000,0,,,,,316.701948
506,1000,vertical_wall_left,213.480649,33,3,303,0.260528,-1.345045,-1.345045,0.000000,1.000000,0.000000,0.000000,0.000000,0,71,0,0.000000,0.0000500000,0,,,,,316.701948
507,1000,asteroid_rain,55.373754,10,3,134,0.260528,-1.345045,-1.345045,0.000000,1.000000,0.000000,0.000000,0.000000,0,71,0,0.000000,0.0000500000,0,,,,,316.701948
508,1000,crossing_lanes,361.057004,58,9,339,0.260528,-1.345045,-1.345045,0.000000,1.000000,0.000000,0.000000,0.000000,0,71,0,0.000000,0.0000500000,0,,,,,316.701948
509,1000,asteroid_rain,180.912881,28,3,165,0.260528,-1.345045,-1.345045,0.000000,1.000000,0.000000,0.000000,0.000000,0,71,0,0.000000,0.0000500000,0,,,,,316.701948
510,1000,spiral_arms,236.114696,36,3,166,0.260528,-1.345045,-1.345045,0.000000,1.000000,0.000000,0.000000,0.000000,0,71,0,0.000000,0.0000500000,0,,,,,316.701948
511,1000,vertical_wall_left,119.099203,19,3,124,0.260528,-1.345045,-1.345045,0.000000,1.000000,0.000000,0.000000,0.000000,0,71,0,0.000000,0.0000500000,0,,,,,316.701948
512,1000,vertical_wall_left,208.686843,32,3,288,0.260528,-1.345045,-1.345045,0.000000,1.000000,0.000000,0.000000,0.000000,0,71,0,0.000000,0.0000500000,0,,,,,316.701948
513,1000,spiral_arms,104.648337,17,3,94,0.259591,-1.348649,-1.348649,0.147787,0.999988,11.889667,0.027483,11.863663,0,72,9,4.730378,0.0000500000,0,,,,,316.701948
514,1000,asteroid_rain,515.718292,77,3,713,0.259591,-1.348649,-1.348649,0.000000,1.000000,0.000000,0.000000,0.000000,0,72,0,0.000000,0.0000500000,0,,,,,316.701948
515,1000,spiral_arms,118.680292,19,3,93,0.259591,-1.348649,-1.348649,0.000000,1.000000,0.000000,0.000000,0.000000,0,72,0,0.000000,0.0000500000,0,,,,,316.701948
516,1000,crossing_lanes,512.444915,80,9,687,0.259591,-1.348649,-1.348649,0.000000,1.000000,0.000000,0.000000,0.000000,0,72,0,0.000000,0.0000500000,0,,,,,316.701948
517,1000,vertical_wall_left,138.993354,22,3,267,0.259591,-1.348649,-1.348649,0.000000,1.000000,0.000000,0.000000,0.000000,0,72,0,0.000000,0.0000500000,0,,,,,316.701948
518,1000,stock,325.375004,49,3,285,0.259591,-1.348649,-1.348649,0.000000,1.000000,0.000000,0.000000,0.000000,0,72,0,0.000000,0.0000500000,0,,,,,316.701948
519,1000,stock,366.175214,55,3,312,0.259591,-1.348649,-1.348649,0.000000,1.000000,0.000000,0.000000,0.000000,0,72,0,0.000000,0.0000500000,0,,,,,316.701948
520,1000,vertical_wall_left,85.604445,14,3,76,0.258657,-1.352252,-1.352252,0.140580,0.999945,9.060150,0.105956,8.955600,0,73,7,2.665159,0.0000500000,0,262.631907,240.991911,304,24,316.701948
521,1000,vertical_wall_left,110.592576,18,3,166,0.258657,-1.352252,-1.352252,0.000000,1.000000,0.000000,0.000000,0.000000,0,73,0,0.000000,0.0000500000,0,,,,,316.701948
522,1000,vertical_wall_left,241.638071,37,3,489,0.258657,-1.352252,-1.352252,0.000000,1.000000,0.000000,0.000000,0.000000,0,73,0,0.000000,0.0000500000,0,,,,,316.701948
523,1000,crossing_lanes,297.927297,49,9,310,0.258657,-1.352252,-1.352252,0.000000,1.000000,0.000000,0.000000,0.000000,0,73,0,0.000000,0.0000500000,0,,,,,316.701948
524,1000,spiral_arms,96.252760,16,3,150,0.258657,-1.352252,-1.352252,0.000000,1.000000,0.000000,0.000000,0.000000,0,73,0,0.000000,0.0000500000,0,,,,,316.701948
525,1000,asteroid_rain,69.380720,12,3,132,0.258657,-1.352252,-1.352252,0.000000,1.000000,0.000000,0.000000,0.000000,0,73,0,0.000000,0.0000500000,0,,,,,316.701948
526,1000,spiral_arms,193.675787,30,3,169,0.258657,-1.352252,-1.352252,0.000000,1.000000,0.000000,0.000000,0.000000,0,73,0,0.000000,0.0000500000,0,,,,,316.701948
527,1000,spiral_arms,489.284410,73,3,390,0.258657,-1.352252,-1.352252,0.000000,1.000000,0.000000,0.000000,0.000000,0,73,0,0.000000,0.0000500000,0,,,,,316.701948
528,1000,stock,269.508892,41,3,265,0.257727,-1.355856,-1.355856,0.133373,1.000144,12.987826,0.017103,12.972057,0,74,8,4.687120,0.0000500000,0,,,,,316.701948
529,1000,asteroid_rain,351.012186,53,3,450,0.257727,-1.355856,-1.355856,0.000000,1.000000,0.000000,0.000000,0.000000,0,74,0,0.000000,0.0000500000,0,,,,,316.701948
530,1000,spiral_arms,180.365533,28,3,144,0.257727,-1.355856,-1.355856,0.000000,1.000000,0.000000,0.000000,0.000000,0,74,0,0.000000,0.0000500000,0,,,,,316.701948
531,1000,vertical_wall_left,118.688966,19,3,242,0.257727,-1.355856,-1.355856,0.000000,1.000000,0.000000,0.000000,0.000000,0,74,0,0.000000,0.0000500000,0,,,,,316.701948
532,1000,asteroid_rain,221.850815,34,3,269,0.257727,-1.355856,-1.355856,0.000000,1.000000,0.000000,0.000000,0.000000,0,74,0,0.000000,0.0000500000,0,,,,,316.701948
533,1000,spiral_arms,195.371953,30,3,141,0.257727,-1.355856,-1.355856,0.000000,1.000000,0.000000,0.000000,0.000000,0,74,0,0.000000,0.0000500000,0,,,,,316.701948
534,1000,asteroid_rain,165.664035,26,3,263,0.257727,-1.355856,-1.355856,0.000000,1.000000,0.000000,0.000000,0.000000,0,74,0,0.000000,0.0000500000,0,,,,,316.701948
535,1000,asteroid_rain,48.531407,9,3,132,0.257727,-1.355856,-1.355856,0.000000,1.000000,0.000000,0.000000,0.000000,0,74,0,0.000000,0.0000500000,0,,,,,316.701948
536,1000,crossing_lanes,180.915394,32,9,251,0.257727,-1.355856,-1.355856,0.000000,1.000000,0.000000,0.000000,0.000000,0,74,0,0.000000,0.0000500000,0,,,,,316.701948
537,1000,asteroid_rain,34.423769,7,3,130,0.257727,-1.355856,-1.355856,0.000000,1.000000,0.000000,0.000000,0.000000,0,74,0,0.000000,0.0000500000,0,,,,,316.701948
538,1000,asteroid_rain,80.883874,14,3,268,0.256800,-1.359459,-1.359459,0.126165,1.000047,11.408835,0.004073,11.406023,0,75,10,6.450705,0.0000500000,0,,,,,316.701948
539,1000,asteroid_rain,242.338174,37,3,278,0.256800,-1.359459,-1.359459,0.000000,1.000000,0.000000,0.000000,0.000000,0,75,0,0.000000,0.0000500000,0,,,,,316.701948
540,1000,asteroid_rain,55.369026,10,3,131,0.256800,-1.359459,-1.359459,0.000000,1.000000,0.000000,0.000000,0.000000,0,75,0,0.000000,0.0000500000,0,229.460585,211.954713,277,24,316.701948
541,1000,donut_ring,439.588560,67,0,1801,0.256800,-1.359459,-1.359459,0.000000,1.000000,0.000000,0.000000,0.000000,0,75,0,0.000000,0.0000500000,0,,,,,316.701948
542,1000,asteroid_rain,299.711376,46,3,591,0.256800,-1.359459,-1.359459,0.000000,1.000000,0.000000,0.000000,0.000000,0,75,0,0.000000,0.0000500000,0,,,,,316.701948
543,1000,asteroid_rain,41.118578,8,3,138,0.256800,-1.359459,-1.359459,0.000000,1.000000,0.000000,0.000000,0.000000,0,75,0,0.000000,0.0000500000,0,,,,,316.701948
544,1000,four_corner,292.092771,48,1,2101,0.256800,-1.359459,-1.359459,0.000000,1.000000,0.000000,0.000000,0.000000,0,75,0,0.000000,0.0000500000,0,,,,,316.701948
545,1000,stock,283.631347,43,3,281,0.255876,-1.363063,-1.363063,0.118958,0.999992,4.605665,0.104731,4.502123,0,76,7,5.352209,0.0000500000,0,,,,,316.701948
546,1000,asteroid_rain,380.617810,57,3,448,0.255876,-1.363063,-1.363063,0.000000,1.000000,0.000000,0.000000,0.000000,0,76,0,0.000000,0.0000500000,0,,,,,316.701948
547,1000,four_corner,237.332538,39,0,2101,0.255876,-1.363063,-1.363063,0.000000,1.000000,0.000000,0.000000,0.000000,0,76,0,0.000000,0.0000500000,0,,,,,316.701948
548,1000,crossing_lanes,496.480640,78,9,710,0.255876,-1.363063,-1.363063,0.000000,1.000000,0.000000,0.000000,0.000000,0,76,0,0.000000,0.0000500000,0,,,,,316.701948
549,1000,crossing_lanes,344.358822,56,9,493,0.255876,-1.363063,-1.363063,0.000000,1.000000,0.000000,0.000000,0.000000,0,76,0,0.000000,0.0000500000,0,,,,,316.701948
550,1000,donut_ring,517.548806,77,0,1801,0.254955,-1.366667,-1.366667,0.111751,0.999992,5.121667,0.104464,5.018320,0,77,5,3.147428,0.0000500000,0,,,,,316.701948
551,1000,four_corner,442.565652,67,3,947,0.254955,-1.366667,-1.366667,0.000000,1.000000,0.000000,0.000000,0.000000,0,77,0,0.000000,0.0000500000,0,,,,,316.701948
552,1000,spiral_arms,242.843991,37,3,188,0.254955,-1.366667,-1.366667,0.000000,1.000000,0.000000,0.000000,0.000000,0,77,0,0.000000,0.0000500000,0,,,,,316.701948
553,1000,four_corner,249.204529,40,0,2101,0.254955,-1.366667,-1.366667,0.000000,1.000000,0.000000,0.000000,0.000000,0,77,0,0.000000,0.0000500000,0,,,,,316.701948
554,1000,stock,200.451469,31,3,243,0.254955,-1.366667,-1.366667,0.000000,1.000000,0.000000,0.000000,0.000000,0,77,0,0.000000,0.0000500000,0,,,,,316.701948
555,1000,vertical_wall_left,171.191333,27,3,275,0.254955,-1.366667,-1.366667,0.000000,1.000000,0.000000,0.000000,0.000000,0,77,0,0.000000,0.0000500000,0,,,,,316.701948
556,1000,four_corner,225.615273,38,1,2101,0.254038,-1.370270,-1.370270,0.104544,1.000003,4.711222,0.097483,4.614784,0,78,6,2.838240,0.0000500000,0,,,,,316.701948
557,1000,asteroid_rain,317.211655,48,3,428,0.254038,-1.370270,-1.370270,0.000000,1.000000,0.000000,0.000000,0.000000,0,78,0,0.000000,0.0000500000,0,,,,,316.701948
558,1000,asteroid_rain,157.935675,25,3,284,0.254038,-1.370270,-1.370270,0.000000,1.000000,0.000000,0.000000,0.000000,0,78,0,0.000000,0.0000500000,0,,,,,316.701948
559,1000,asteroid_rain,304.800560,46,3,337,0.254038,-1.370270,-1.370270,0.000000,1.000000,0.000000,0.000000,0.000000,0,78,0,0.000000,0.0000500000,0,,,,,316.701948
560,1000,asteroid_rain,69.037014,12,3,140,0.254038,-1.370270,-1.370270,0.000000,1.000000,0.000000,0.000000,0.000000,0,78,0,0.000000,0.0000500000,0,264.170347,242.332678,306,24,316.701948
561,1000,spiral_arms,468.043741,70,3,398,0.254038,-1.370270,-1.370270,0.000000,1.000000,0.000000,0.000000,0.000000,0,78,0,0.000000,0.0000500000,0,,,,,316.701948
562,1000,asteroid_rain,55.522311,10,3,131,0.254038,-1.370270,-1.370270,0.000000,1.000000,0.000000,0.000000,0.000000,0,78,0,0.000000,0.0000500000,0,,,,,316.701948
563,1000,donut_ring,580.254726,86,0,1801,0.254038,-1.370270,-1.370270,0.000000,1.000000,0.000000,0.000000,0.000000,0,78,0,0.000000,0.0000500000,0,,,,,316.701948
564,1000,four_corner,676.489790,100,0,2101,0.253124,-1.373874,-1.373874,0.097337,0.999937,8.457436,0.055282,8.403128,0,79,8,5.598738,0.0000500000,0,,,,,316.701948
565,1000,asteroid_rain,241.069383,37,3,319,0.253124,-1.373874,-1.373874,0.000000,1.000000,0.000000,0.000000,0.000000,0,79,0,0.000000,0.0000500000,0,,,,,316.701948
566,1000,spiral_arms,317.549883,48,3,262,0.253124,-1.373874,-1.373874,0.000000,1.000000,0.000000,0.000000,0.000000,0,79,0,0.000000,0.0000500000,0,,,,,316.701948
567,1000,asteroid_rain,282.101016,43,3,408,0.253124,-1.373874,-1.373874,0.000000,1.000000,0.000000,0.000000,0.000000,0,79,0,0.000000,0.0000500000,0,,,,,316.701948
568,1000,stock,198.896976,31,3,293,0.253124,-1.373874,-1.373874,0.000000,1.000000,0.000000,0.000000,0.000000,0,79,0,0.000000,0.0000500000,0,,,,,316.701948
569,1000,spiral_arms,571.245958,85,3,525,0.253124,-1.373874,-1.373874,0.000000,1.000000,0.000000,0.000000,0.000000,0,79,0,0.000000,0.0000500000,0,,,,,316.701948
570,1000,asteroid_rain,89.900187,15,3,153,0.253124,-1.373874,-1.373874,0.000000,1.000000,0.000000,0.000000,0.000000,0,79,0,0.000000,0.0000500000,0,,,,,316.701948
571,1000,vertical_wall_left,105.173418,17,3,117,0.252214,-1.377477,-1.377477,0.090129,1.000003,14.880888,0.006628,14.875161,0,80,7,3.780476,0.0000500000,0,,,,,316.701948
572,1000,asteroid_rain,41.292901,8,3,133,0.252214,-1.377477,-1.377477,0.000000,1.000000,0.000000,0.000000,0.000000,0,80,0,0.000000,0.0000500000,0,,,,,316.701948
573,1000,four_corner,249.567168,40,0,2101,0.252214,-1.377477,-1.377477,0.000000,1.000000,0.000000,0.000000,0.000000,0,80,0,0.000000,0.0000500000,0,,,,,316.701948
574,1000,crossing_lanes,235.709935,40,9,305,0.252214,-1.377477,-1.377477,0.000000,1.000000,0.000000,0.000000,0.000000,0,80,0,0.000000,0.0000500000,0,,,,,316.701948
575,1000,crossing_lanes,410.390226,65,9,408,0.252214,-1.377477,-1.377477,0.000000,1.000000,0.000000,0.000000,0.000000,0,80,0,0.000000,0.0000500000,0,,,,,316.701948
576,1000,donut_ring,476.253936,72,1,1801,0.252214,-1.377477,-1.377477,0.000000,1.000000,0.000000,0.000000,0.000000,0,80,0,0.000000,0.0000500000,0,,,,,316.701948
577,1000,stock,333.021043,50,3,256,0.251307,-1.381081,-1.381081,0.082922,0.999817,8.010757,0.065339,7.946248,0,81,6,6.708522,0.0000500000,0,,,,,316.701948
578,1000,vertical_wall_left,174.153861,27,3,156,0.251307,-1.381081,-1.381081,0.000000,1.000000,0.000000,0.000000,0.000000,0,81,0,0.000000,0.0000500000,0,,,,,316.701948
579,1000,asteroid_rain,48.536800,9,3,132,0.251307,-1.381081,-1.381081,0.000000,1.000000,0.000000,0.000000,0.000000,0,81,0,0.000000,0.0000500000,0,,,,,316.701948
580,1000,crossing_lanes,818.724849,126,9,1624,0.251307,-1.381081,-1.381081,0.000000,1.000000,0.000000,0.000000,0.000000,0,81,0,0.000000,0.0000500000,0,228.143869,205.921535,266,25,316.701948
581,1000,four_corner,230.257489,39,1,2101,0.251307,-1.381081,-1.381081,0.000000,1.000000,0.000000,0.000000,0.000000,0,81,0,0.000000,0.0000500000,0,,,,,316.701948
582,1000,crossing_lanes,438.011144,70,9,670,0.251307,-1.381081,-1.381081,0.000000,1.000000,0.000000,0.000000,0.000000,0,81,0,0.000000,0.0000500000,0,,,,,316.701948
583,1000,vertical_wall_left,123.223020,20,3,248,0.250403,-1.384685,-1.384685,0.075715,1.000149,3.054747,0.113314,2.942190,0,82,6,5.939675,0.0000500000,0,,,,,316.701948
584,1000,spiral_arms,118.996794,19,3,83,0.250403,-1.384685,-1.384685,0.000000,1.000000,0.000000,0.000000,0.000000,0,82,0,0.000000,0.0000500000,0,,,,,316.701948
585,1000,asteroid_rain,358.020406,54,3,428,0.250403,-1.384685,-1.384685,0.000000,1.000000,0.000000,0.000000,0.000000,0,82,0,0.000000,0.0000500000,0,,,,,316.701948
586,1000,spiral_arms,132.511711,21,3,95,0.250403,-1.384685,-1.384685,0.000000,1.000000,0.000000,0.000000,0.000000,0,82,0,0.000000,0.0000500000,0,,,,,316.701948
587,1000,spiral_arms,193.652532,30,3,162,0.250403,-1.384685,-1.384685,0.000000,1.000000,0.000000,0.000000,0.000000,0,82,0,0.000000,0.0000500000,0,,,,,316.701948
588,1000,spiral_arms,139.994876,22,3,77,0.250403,-1.384685,-1.384685,0.000000,1.000000,0.000000,0.000000,0.000000,0,82,0,0.000000,0.0000500000,0,,,,,316.701948
589,1000,spiral_arms,159.575319,25,3,156,0.250403,-1.384685,-1.384685,0.000000,1.000000,0.000000,0.000000,0.000000,0,82,0,0.000000,0.0000500000,0,,,,,316.701948
590,1000,stock,158.048591,25,3,246,0.250403,-1.384685,-1.384685,0.000000,1.000000,0.000000,0.000000,0.000000,0,82,0,0.000000,0.0000500000,0,,,,,316.701948
591,1000,crossing_lanes,167.755193,30,9,216,0.250403,-1.384685,-1.384685,0.000000,1.000000,0.000000,0.000000,0.000000,0,82,0,0.000000,0.0000500000,0,,,,,316.701948
592,1000,asteroid_rain,55.443893,10,3,131,0.250403,-1.384685,-1.384685,0.000000,1.000000,0.000000,0.000000,0.000000,0,82,0,0.000000,0.0000500000,0,,,,,316.701948
593,1000,crossing_lanes,518.176803,81,9,603,0.249502,-1.388288,-1.388288,0.068508,0.999981,10.950692,0.079042,10.872335,0,83,10,5.201351,0.0000500000,0,,,,,316.701948
594,1000,crossing_lanes,887.655584,135,9,1327,0.249502,-1.388288,-1.388288,0.000000,1.000000,0.000000,0.000000,0.000000,0,83,0,0.000000,0.0000500000,0,,,,,316.701948
595,1000,asteroid_rain,274.924463,42,3,406,0.249502,-1.388288,-1.388288,0.000000,1.000000,0.000000,0.000000,0.000000,0,83,0,0.000000,0.0000500000,0,,,,,316.701948
596,1000,spiral_arms,222.141821,34,3,148,0.249502,-1.388288,-1.388288,0.000000,1.000000,0.000000,0.000000,0.000000,0,83,0,0.000000,0.0000500000,0,,,,,316.701948
597,1000,crossing_lanes,366.867724,59,9,550,0.249502,-1.388288,-1.388288,0.000000,1.000000,0.000000,0.000000,0.000000,0,83,0,0.000000,0.0000500000,0,,,,,316.701948
598,1000,asteroid_rain,41.310330,8,3,131,0.249502,-1.388288,-1.388288,0.000000,1.000000,0.000000,0.000000,0.000000,0,83,0,0.000000,0.0000500000,0,,,,,316.701948
599,1000,four_corner,663.609650,99,1,2101,0.248605,-1.391892,-1.391892,0.061301,0.999976,4.956872,0.107728,4.849757,0,84,6,8.264919,0.0000500000,0,,,,,316.701948
600,1000,spiral_arms,179.577778,28,3,167,0.248605,-1.391892,-1.391892,0.000000,1.000000,0.000000,0.000000,0.000000,0,84,0,0.000000,0.0000500000,0,239.244611,217.341885,278,21,316.701948
601,1000,vertical_wall_left,385.723596,58,3,626,0.248605,-1.391892,-1.391892,0.000000,1.000000,0.000000,0.000000,0.000000,0,84,0,0.000000,0.0000500000,0,,,,,316.701948
602,1000,four_corner,393.564003,61,3,1328,0.248605,-1.391892,-1.391892,0.000000,1.000000,0.000000,0.000000,0.000000,0,84,0,0.000000,0.0000500000,0,,,,,316.701948
603,1000,four_corner,581.839135,86,0,2101,0.248605,-1.391892,-1.391892,0.000000,1.000000,0.000000,0.000000,0.000000,0,84,0,0.000000,0.0000500000,0,,,,,316.701948
604,1000,crossing_lanes,1021.215028,153,6,2101,0.247710,-1.395495,-1.395495,0.054093,0.999948,2.027136,0.137299,1.890378,0,85,5,2.014283,0.0000500000,0,,,,,316.701948
605,1000,four_corner,243.288053,41,1,2101,0.247710,-1.395495,-1.395495,0.000000,1.000000,0.000000,0.000000,0.000000,0,85,0,0.000000,0.0000500000,0,,,,,316.701948
606,1000,four_corner,284.792643,46,1,2101,0.247710,-1.395495,-1.395495,0.000000,1.000000,0.000000,0.000000,0.000000,0,85,0,0.000000,0.0000500000,0,,,,,316.701948
607,1000,four_corner,498.561824,75,0,2101,0.247710,-1.395495,-1.395495,0.000000,1.000000,0.000000,0.000000,0.000000,0,85,0,0.000000,0.0000500000,0,,,,,316.701948
608,1000,vertical_wall_left,158.301606,25,3,290,0.247710,-1.395495,-1.395495,0.000000,1.000000,0.000000,0.000000,0.000000,0,85,0,0.000000,0.0000500000,0,,,,,316.701948
609,1000,vertical_wall_left,242.272496,37,3,275,0.247710,-1.395495,-1.395495,0.000000,1.000000,0.000000,0.000000,0.000000,0,85,0,0.000000,0.0000500000,0,,,,,316.701948
610,1000,asteroid_rain,69.128875,12,3,139,0.247710,-1.395495,-1.395495,0.000000,1.000000,0.000000,0.000000,0.000000,0,85,0,0.000000,0.0000500000,0,,,,,316.701948
611,1000,crossing_lanes,127.190499,24,9,167,0.246819,-1.399099,-1.399099,0.046886,1.000037,4.751777,0.064776,4.687470,0,86,7,2.701253,0.0000500000,0,,,,,316.701948
612,1000,vertical_wall_left,85.567040,14,3,76,0.246819,-1.399099,-1.399099,0.000000,1.000000,0.000000,0.000000,0.000000,0,86,0,0.000000,0.0000500000,0,,,,,316.701948
613,1000,crossing_lanes,626.258401,97,9,843,0.246819,-1.399099,-1.399099,0.000000,1.000000,0.000000,0.000000,0.000000,0,86,0,0.000000,0.0000500000,0,,,,,316.701948
614,1000,stock,174.565036,27,3,174,0.246819,-1.399099,-1.399099,0.000000,1.000000,0.000000,0.000000,0.000000,0,86,0,0.000000,0.0000500000,0,,,,,316.701948
615,1000,asteroid_rain,55.035852,10,3,139,0.246819,-1.399099,-1.399099,0.000000,1.000000,0.000000,0.000000,0.000000,0,86,0,0.000000,0.0000500000,0,,,,,316.701948
616,1000,asteroid_rain,146.577141,23,3,143,0.246819,-1.399099,-1.399099,0.000000,1.000000,0.000000,0.000000,0.000000,0,86,0,0.000000,0.0000500000,0,,,,,316.701948
617,1000,crossing_lanes,746.706472,114,9,766,0.246819,-1.399099,-1.399099,0.000000,1.000000,0.000000,0.000000,0.000000,0,86,0,0.000000,0.0000500000,0,,,,,316.701948
618,1000,spiral_arms,106.000446,17,3,42,0.246819,-1.399099,-1.399099,0.000000,1.000000,0.000000,0.000000,0.000000,0,86,0,0.000000,0.0000500000,0,,,,,316.701948
619,1000,crossing_lanes,105.590887,21,9,167,0.246819,-1.399099,-1.399099,0.000000,1.000000,0.000000,0.000000,0.000000,0,86,0,0.000000,0.0000500000,0,,,,,316.701948
620,1000,vertical_wall_left,109.304065,18,3,318,0.245931,-1.402703,-1.402703,0.039679,0.999860,6.535454,0.094027,6.441823,0,87,9,6.624193,0.0000500000,0,242.922889,220.552239,282,22,316.701948
621,1000,asteroid_rain,383.233165,57,3,390,0.245931,-1.402703,-1.402703,0.000000,1.000000,0.000000,0.000000,0.000000,0,87,0,0.000000,0.0000500000,0,,,,,316.701948
622,1000,crossing_lanes,733.252314,113,9,1101,0.245931,-1.402703,-1.402703,0.000000,1.000000,0.000000,0.000000,0.000000,0,87,0,0.000000,0.0000500000,0,,,,,316.701948
623,1000,crossing_lanes,977.653568,149,8,2101,0.245931,-1.402703,-1.402703,0.000000,1.000000,0.000000,0.000000,0.000000,0,87,0,0.000000,0.0000500000,0,,,,,316.701948
624,1000,spiral_arms,300.589314,46,3,340,0.245931,-1.402703,-1.402703,0.000000,1.000000,0.000000,0.000000,0.000000,0,87,0,0.000000,0.0000500000,0,,,,,316.701948
625,1000,stock,227.608979,35,3,268,0.245931,-1.402703,-1.402703,0.000000,1.000000,0.000000,0.000000,0.000000,0,87,0,0.000000,0.0000500000,0,,,,,316.701948
626,1000,asteroid_rain,228.274335,35,3,308,0.245047,-1.406306,-1.406306,0.032472,1.000011,12.707137,0.011664,12.695797,0,88,6,1.805273,0.0000500000,0,,,,,316.701948
627,1000,spiral_arms,194.257444,30,3,154,0.245047,-1.406306,-1.406306,0.000000,1.000000,0.000000,0.000000,0.000000,0,88,0,0.000000,0.0000500000,0,,,,,316.701948
628,1000,spiral_arms,106.043751,17,3,41,0.245047,-1.406306,-1.406306,0.000000,1.000000,0.000000,0.000000,0.000000,0,88,0,0.000000,0.0000500000,0,,,,,316.701948
629,1000,asteroid_rain,118.171044,19,3,147,0.245047,-1.406306,-1.406306,0.000000,1.000000,0.000000,0.000000,0.000000,0,88,0,0.000000,0.0000500000,0,,,,,316.701948
630,1000,spiral_arms,378.315668,57,3,339,0.245047,-1.406306,-1.406306,0.000000,1.000000,0.000000,0.000000,0.000000,0,88,0,0.000000,0.0000500000,0,,,,,316.701948
631,1000,crossing_lanes,218.569931,38,9,457,0.245047,-1.406306,-1.406306,0.000000,1.000000,0.000000,0.000000,0.000000,0,88,0,0.000000,0.0000500000,0,,,,,316.701948
632,1000,vertical_wall_left,201.315560,31,3,277,0.245047,-1.406306,-1.406306,0.000000,1.000000,0.000000,0.000000,0.000000,0,88,0,0.000000,0.0000500000,0,,,,,316.701948
633,1000,spiral_arms,208.145994,32,3,148,0.245047,-1.406306,-1.406306,0.000000,1.000000,0.000000,0.000000,0.000000,0,88,0,0.000000,0.0000500000,0,,,,,316.701948
634,1000,crossing_lanes,808.678357,124,9,1239,0.244165,-1.409910,-1.409910,0.025265,0.999989,11.653236,0.034342,11.619147,0,89,8,2.741293,0.0000500000,0,,,,,316.701948
635,1000,asteroid_rain,291.702458,44,3,313,0.244165,-1.409910,-1.409910,0.000000,1.000000,0.000000,0.000000,0.000000,0,89,0,0.000000,0.0000500000,0,,,,,316.701948
636,1000,donut_ring,384.934177,59,0,1801,0.244165,-1.409910,-1.409910,0.000000,1.000000,0.000000,0.000000,0.000000,0,89,0,0.000000,0.0000500000,0,,,,,316.701948
637,1000,stock,215.748374,33,3,196,0.244165,-1.409910,-1.409910,0.000000,1.000000,0.000000,0.000000,0.000000,0,89,0,0.000000,0.0000500000,0,,,,,316.701948
638,1000,four_corner,373.746768,56,3,725,0.244165,-1.409910,-1.409910,0.000000,1.000000,0.000000,0.000000,0.000000,0,89,0,0.000000,0.0000500000,0,,,,,316.701948
639,1000,donut_ring,538.570672,81,1,1801,0.244165,-1.409910,-1.409910,0.000000,1.000000,0.000000,0.000000,0.000000,0,89,0,0.000000,0.0000500000,0,,,,,316.701948
640,1000,spiral_arms,125.526018,20,3,95,0.243287,-1.413513,-1.413513,0.018057,0.999951,5.667090,0.096789,5.570482,0,90,6,1.623741,0.0000500000,0,214.289678,195.490897,255,24,316.701948
641,1000,crossing_lanes,677.774042,105,9,1144,0.243287,-1.413513,-1.413513,0.000000,1.000000,0.000000,0.000000,0.000000,0,90,0,0.000000,0.0000500000,0,,,,,316.701948
642,1000,asteroid_rain,48.521199,9,3,130,0.243287,-1.413513,-1.413513,0.000000,1.000000,0.000000,0.000000,0.000000,0,90,0,0.000000,0.0000500000,0,,,,,316.701948
643,1000,asteroid_rain,146.239903,23,3,143,0.243287,-1.413513,-1.413513,0.000000,1.000000,0.000000,0.000000,0.000000,0,90,0,0.000000,0.0000500000,0,,,,,316.701948
644,1000,vertical_wall_left,160.184461,25,3,236,0.243287,-1.413513,-1.413513,0.000000,1.000000,0.000000,0.000000,0.000000,0,90,0,0.000000,0.0000500000,0,,,,,316.701948
645,1000,four_corner,339.974452,54,0,2101,0.243287,-1.413513,-1.413513,0.000000,1.000000,0.000000,0.000000,0.000000,0,90,0,0.000000,0.0000500000,0,,,,,316.701948
646,1000,stock,352.651230,53,3,288,0.243287,-1.413513,-1.413513,0.000000,1.000000,0.000000,0.000000,0.000000,0,90,0,0.000000,0.0000500000,0,,,,,316.701948
647,1000,spiral_arms,213.803550,33,3,217,0.243287,-1.413513,-1.413513,0.000000,1.000000,0.000000,0.000000,0.000000,0,90,0,0.000000,0.0000500000,0,,,,,316.701948
648,1000,vertical_wall_left,291.583430,44,3,340,0.242412,-1.417117,-1.417117,0.010850,1.000058,8.500638,0.062954,8.437793,0,91,8,5.819142,0.0000500000,0,,,,,316.701948
649,1000,crossing_lanes,409.437450,65,9,473,0.242412,-1.417117,-1.417117,0.000000,1.000000,0.000000,0.000000,0.000000,0,91,0,0.000000,0.0000500000,0,,,,,316.701948
650,1000,spiral_arms,111.598040,18,3,95,0.242412,-1.417117,-1.417117,0.000000,1.000000,0.000000,0.000000,0.000000,0,91,0,0.000000,0.0000500000,0,,,,,316.701948
651,1000,stock,265.233850,40,3,191,0.242412,-1.417117,-1.417117,0.000000,1.000000,0.000000,0.000000,0.000000,0,91,0,0.000000,0.0000500000,0,,,,,316.701948
652,1000,vertical_wall_left,151.697015,24,3,347,0.242412,-1.417117,-1.417117,0.000000,1.000000,0.000000,0.000000,0.000000,0,91,0,0.000000,0.0000500000,0,,,,,316.701948
653,1000,crossing_lanes,457.553326,72,9,473,0.242412,-1.417117,-1.417117,0.000000,1.000000,0.000000,0.000000,0.000000,0,91,0,0.000000,0.0000500000,0,,,,,316.701948
654,1000,spiral_arms,201.074893,31,3,159,0.242412,-1.417117,-1.417117,0.000000,1.000000,0.000000,0.000000,0.000000,0,91,0,0.000000,0.0000500000,0,,,,,316.701948
655,1000,spiral_arms,194.144855,30,3,167,0.242412,-1.417117,-1.417117,0.000000,1.000000,0.000000,0.000000,0.000000,0,91,0,0.000000,0.0000500000,0,,,,,316.701948
656,1000,spiral_arms,221.872026,34,3,172,0.241540,-1.420721,-1.420721,0.003643,1.000239,18.115088,-0.053767,18.168891,0,92,8,2.686048,0.0000500000,0,,,,,316.701948
657,1000,donut_ring,488.294033,73,0,1801,0.241540,-1.420721,-1.420721,0.000000,1.000000,0.000000,0.000000,0.000000,0,92,0,0.000000,0.0000500000,0,,,,,316.701948
658,1000,donut_ring,494.973638,75,1,1801,0.241540,-1.420721,-1.420721,0.000000,1.000000,0.000000,0.000000,0.000000,0,92,0,0.000000,0.0000500000,0,,,,,316.701948
659,1000,asteroid_rain,62.015476,11,3,140,0.241540,-1.420721,-1.420721,0.000000,1.000000,0.000000,0.000000,0.000000,0,92,0,0.000000,0.0000500000,0,,,,,316.701948
660,1000,four_corner,249.135944,40,0,2101,0.241540,-1.420721,-1.420721,0.000000,1.000000,0.000000,0.000000,0.000000,0,92,0,0.000000,0.0000500000,0,307.970213,276.601874,349,23,316.701948
661,1000,crossing_lanes,845.368258,129,9,1186,0.240671,-1.424324,-1.424324,-0.003564,0.999985,0.610595,0.133829,0.476731,0,93,5,5.463021,0.0000500000,0,,,,,316.701948
662,1000,asteroid_rain,34.357443,7,3,131,0.240671,-1.424324,-1.424324,0.000000,1.000000,0.000000,0.000000,0.000000,0,93,0,0.000000,0.0000500000,0,,,,,316.701948
663,1000,asteroid_rain,76.085694,13,3,142,0.240671,-1.424324,-1.424324,0.000000,1.000000,0.000000,0.000000,0.000000,0,93,0,0.000000,0.0000500000,0,,,,,316.701948
664,1000,spiral_arms,179.566169,28,3,171,0.240671,-1.424324,-1.424324,0.000000,1.000000,0.000000,0.000000,0.000000,0,93,0,0.000000,0.0000500000,0,,,,,316.701948
665,1000,spiral_arms,317.280718,48,3,247,0.240671,-1.424324,-1.424324,0.000000,1.000000,0.000000,0.000000,0.000000,0,93,0,0.000000,0.0000500000,0,,,,,316.701948
666,1000,asteroid_rain,34.431220,7,3,132,0.240671,-1.424324,-1.424324,0.000000,1.000000,0.000000,0.000000,0.000000,0,93,0,0.000000,0.0000500000,0,,,,,316.701948
667,1000,asteroid_rain,41.343254,8,3,131,0.240671,-1.424324,-1.424324,0.000000,1.000000,0.000000,0.000000,0.000000,0,93,0,0.000000,0.0000500000,0,,,,,316.701948
668,1000,asteroid_rain,34.317529,7,3,133,0.240671,-1.424324,-1.424324,0.000000,1.000000,0.000000,0.000000,0.000000,0,93,0,0.000000,0.0000500000,0,,,,,316.701948
669,1000,crossing_lanes,463.323131,73,9,504,0.240671,-1.424324,-1.424324,0.000000,1.000000,0.000000,0.000000,0.000000,0,93,0,0.000000,0.0000500000,0,,,,,316.701948
670,1000,four_corner,153.257119,28,2,2101,0.239805,-1.427928,-1.427928,-0.010772,1.000020,8.571272,0.042244,8.528920,0,94,9,8.494043,0.0000500000,0,,,,,316.701948
671,1000,vertical_wall_left,288.492629,44,3,483,0.239805,-1.427928,-1.427928,0.000000,1.000000,0.000000,0.000000,0.000000,0,94,0,0.000000,0.0000500000,0,,,,,316.701948
672,1000,spiral_arms,214.812287,33,3,170,0.239805,-1.427928,-1.427928,0.000000,1.000000,0.000000,0.000000,0.000000,0,94,0,0.000000,0.0000500000,0,,,,,316.701948
673,1000,donut_ring,481.197095,72,1,1801,0.239805,-1.427928,-1.427928,0.000000,1.000000,0.000000,0.000000,0.000000,0,94,0,0.000000,0.0000500000,0,,,,,316.701948
674,1000,four_corner,145.876007,27,0,2101,0.239805,-1.427928,-1.427928,0.000000,1.000000,0.000000,0.000000,0.000000,0,94,0,0.000000,0.0000500000,0,,,,,316.701948
675,1000,vertical_wall_left,92.634814,15,3,76,0.239805,-1.427928,-1.427928,0.000000,1.000000,0.000000,0.000000,0.000000,0,94,0,0.000000,0.0000500000,0,,,,,316.701948
676,1000,spiral_arms,186.125506,29,3,181,0.239805,-1.427928,-1.427928,0.000000,1.000000,0.000000,0.000000,0.000000,0,94,0,0.000000,0.0000500000,0,,,,,316.701948
677,1000,spiral_arms,242.488242,37,3,174,0.238943,-1.431531,-1.431531,-0.017979,0.999999,7.654859,0.072825,7.581854,0,95,7,4.046058,0.0000500000,0,,,,,316.701948
678,1000,vertical_wall_left,96.590294,16,3,167,0.238943,-1.431531,-1.431531,0.000000,1.000000,0.000000,0.000000,0.000000,0,95,0,0.000000,0.0000500000,0,,,,,316.701948
679,1000,spiral_arms,215.215551,33,3,165,0.238943,-1.431531,-1.431531,0.000000,1.000000,0.000000,0.000000,0.000000,0,95,0,0.000000,0.0000500000,0,,,,,316.701948
680,1000,vertical_wall_left,130.125995,21,3,312,0.238943,-1.431531,-1.431531,0.000000,1.000000,0.000000,0.000000,0.000000,0,95,0,0.000000,0.0000500000,0,228.754317,206.463047,267,27,316.701948
681,1000,crossing_lanes,826.693656,126,9,1020,0.238943,-1.431531,-1.431531,0.000000,1.000000,0.000000,0.000000,0.000000,0,95,0,0.000000,0.0000500000,0,,,,,316.701948
682,1000,asteroid_rain,247.368267,38,3,396,0.238943,-1.431531,-1.431531,0.000000,1.000000,0.000000,0.000000,0.000000,0,95,0,0.000000,0.0000500000,0,,,,,316.701948
683,1000,stock,241.922127,37,3,257,0.238943,-1.431531,-1.431531,0.000000,1.000000,0.000000,0.000000,0.000000,0,95,0,0.000000,0.0000500000,0,,,,,316.701948
684,1000,asteroid_rain,62.905488,11,3,129,0.238943,-1.431531,-1.431531,0.000000,1.000000,0.000000,0.000000,0.000000,0,95,0,0.000000,0.0000500000,0,,,,,316.701948
685,1000,asteroid_rain,41.320978,8,3,132,0.238083,-1.435135,-1.435135,-0.025186,1.000128,7.202050,0.061285,7.140514,0,96,8,8.926756,0.0000500000,0,,,,,316.701948
686,1000,stock,221.096608,34,3,254,0.238083,-1.435135,-1.435135,0.000000,1.000000,0.000000,0.000000,0.000000,0,96,0,0.000000,0.0000500000,0,,,,,316.701948
687,1000,four_corner,537.518267,83,2,2101,0.238083,-1.435135,-1.435135,0.000000,1.000000,0.000000,0.000000,0.000000,0,96,0,0.000000,0.0000500000,0,,,,,316.701948
688,1000,four_corner,279.393127,46,2,2101,0.238083,-1.435135,-1.435135,0.000000,1.000000,0.000000,0.000000,0.000000,0,96,0,0.000000,0.0000500000,0,,,,,316.701948
689,1000,crossing_lanes,249.627058,42,9,318,0.238083,-1.435135,-1.435135,0.000000,1.000000,0.000000,0.000000,0.000000,0,96,0,0.000000,0.0000500000,0,,,,,316.701948
690,1000,vertical_wall_left,457.144674,68,3,474,0.237227,-1.438739,-1.438739,-0.032393,1.000057,8.375600,0.057363,8.317913,0,97,5,2.990883,0.0000500000,0,,,,,316.701948
691,1000,vertical_wall_left,76.216824,13,3,250,0.237227,-1.438739,-1.438739,0.000000,1.000000,0.000000,0.000000,0.000000,0,97,0,0.000000,0.0000500000,0,,,,,316.701948
692,1000,spiral_arms,208.087619,32,3,166,0.237227,-1.438739,-1.438739,0.000000,1.000000,0.000000,0.000000,0.000000,0,97,0,0.000000,0.0000500000,0,,,,,316.701948
693,1000,asteroid_rain,41.365223,8,3,131,0.237227,-1.438739,-1.438739,0.000000,1.000000,0.000000,0.000000,0.000000,0,97,0,0.000000,0.0000500000,0,,,,,316.701948
694,1000,spiral_arms,125.497987,20,3,98,0.237227,-1.438739,-1.438739,0.000000,1.000000,0.000000,0.000000,0.000000,0,97,0,0.000000,0.0000500000,0,,,,,316.701948
695,1000,asteroid_rain,357.326418,54,3,586,0.237227,-1.438739,-1.438739,0.000000,1.000000,0.000000,0.000000,0.000000,0,97,0,0.000000,0.0000500000,0,,,,,316.701948
696,1000,spiral_arms,221.742911,34,3,159,0.237227,-1.438739,-1.438739,0.000000,1.000000,0.000000,0.000000,0.000000,0,97,0,0.000000,0.0000500000,0,,,,,316.701948
697,1000,vertical_wall_left,96.569962,16,3,166,0.237227,-1.438739,-1.438739,0.000000,1.000000,0.000000,0.000000,0.000000,0,97,0,0.000000,0.0000500000,0,,,,,316.701948
698,1000,four_corner,425.178728,67,2,2101,0.237227,-1.438739,-1.438739,0.000000,1.000000,0.000000,0.000000,0.000000,0,97,0,0.000000,0.0000500000,0,,,,,316.701948
699,1000,four_corner,245.038979,40,1,2101,0.236373,-1.442342,-1.442342,-0.039600,1.000033,5.256584,0.094518,5.161670,0,98,9,5.339258,0.0000500000,0,,,,,316.701948
700,1000,stock,290.797159,44,3,260,0.236373,-1.442342,-1.442342,0.000000,1.000000,0.000000,0.000000,0.000000,0,98,0,0.000000,0.0000500000,0,279.603297,250.959730,317,22,316.701948
701,1000,asteroid_rain,40.618146,8,3,151,0.236373,-1.442342,-1.442342,0.000000,1.000000,0.000000,0.000000,0.000000,0,98,0,0.000000,0.0000500000,0,,,,,316.701948
702,1000,stock,229.930203,35,3,190,0.236373,-1.442342,-1.442342,0.000000,1.000000,0.000000,0.000000,0.000000,0,98,0,0.000000,0.0000500000,0,,,,,316.701948
703,1000,spiral_arms,118.821091,19,3,87,0.236373,-1.442342,-1.442342,0.000000,1.000000,0.000000,0.000000,0.000000,0,98,0,0.000000,0.0000500000,0,,,,,316.701948
704,1000,crossing_lanes,381.186529,61,9,484,0.236373,-1.442342,-1.442342,0.000000,1.000000,0.000000,0.000000,0.000000,0,98,0,0.000000,0.0000500000,0,,,,,316.701948
705,1000,crossing_lanes,529.892385,83,9,683,0.236373,-1.442342,-1.442342,0.000000,1.000000,0.000000,0.000000,0.000000,0,98,0,0.000000,0.0000500000,0,,,,,316.701948
706,1000,spiral_arms,125.045086,20,3,116,0.236373,-1.442342,-1.442342,0.000000,1.000000,0.000000,0.000000,0.000000,0,98,0,0.000000,0.0000500000,0,,,,,316.701948
707,1000,four_corner,497.392055,76,1,2101,0.235523,-1.445946,-1.445946,-0.046808,1.000040,8.771446,0.074367,8.696611,0,99,8,6.931747,0.0000500000,0,,,,,316.701948
708,1000,vertical_wall_left,229.533589,35,3,280,0.235523,-1.445946,-1.445946,0.000000,1.000000,0.000000,0.000000,0.000000,0,99,0,0.000000,0.0000500000,0,,,,,316.701948
709,1000,donut_ring,543.233799,81,0,1801,0.235523,-1.445946,-1.445946,0.000000,1.000000,0.000000,0.000000,0.000000,0,99,0,0.000000,0.0000500000,0,,,,,316.701948
710,1000,crossing_lanes,343.501934,56,9,551,0.235523,-1.445946,-1.445946,0.000000,1.000000,0.000000,0.000000,0.000000,0,99,0,0.000000,0.0000500000,0,,,,,316.701948
711,1000,crossing_lanes,846.877135,129,9,1179,0.235523,-1.445946,-1.445946,0.000000,1.000000,0.000000,0.000000,0.000000,0,99,0,0.000000,0.0000500000,0,,,,,316.701948
712,1000,four_corner,280.922056,45,0,2101,0.234676,-1.449549,-1.449549,-0.054015,1.000035,2.186254,0.139006,2.046708,0,100,5,3.636670,0.0000500000,0,,,,,316.701948
713,1000,stock,263.102221,40,3,249,0.234676,-1.449549,-1.449549,0.000000,1.000000,0.000000,0.000000,0.000000,0,100,0,0.000000,0.0000500000,0,,,,,316.701948
714,1000,vertical_wall_left,105.018429,17,3,239,0.234676,-1.449549,-1.449549,0.000000,1.000000,0.000000,0.000000,0.000000,0,100,0,0.000000,0.0000500000,0,,,,,316.701948
715,1000,asteroid_rain,344.727093,52,3,487,0.234676,-1.449549,-1.449549,0.000000,1.000000,0.000000,0.000000,0.000000,0,100,0,0.000000,0.0000500000,0,,,,,316.701948
716,1000,asteroid_rain,41.543799,8,3,133,0.234676,-1.449549,-1.449549,0.000000,1.000000,0.000000,0.000000,0.000000,0,100,0,0.000000,0.0000500000,0,,,,,316.701948
717,1000,four_corner,339.768488,53,3,1332,0.234676,-1.449549,-1.449549,0.000000,1.000000,0.000000,0.000000,0.000000,0,100,0,0.000000,0.0000500000,0,,,,,316.701948
718,1000,vertical_wall_left,193.119888,30,3,267,0.234676,-1.449549,-1.449549,0.000000,1.000000,0.000000,0.000000,0.000000,0,100,0,0.000000,0.0000500000,0,,,,,316.701948
719,1000,asteroid_rain,61.978459,11,3,141,0.234676,-1.449549,-1.449549,0.000000,1.000000,0.000000,0.000000,0.000000,0,100,0,0.000000,0.0000500000,0,,,,,316.701948
720,1000,asteroid_rain,62.178679,11,3,141,0.233832,-1.453153,-1.453153,-0.061222,1.000064,8.856997,0.012555,8.843830,0,101,8,5.324253,0.0000500000,0,254.513483,232.999584,298,23,316.701948
721,1000,stock,331.429268,50,3,310,0.233832,-1.453153,-1.453153,0.000000,1.000000,0.000000,0.000000,0.000000,0,101,0,0.000000,0.0000500000,0,,,,,316.701948
722,1000,asteroid_rain,249.186805,38,3,282,0.233832,-1.453153,-1.453153,0.000000,1.000000,0.000000,0.000000,0.000000,0,101,0,0.000000,0.0000500000,0,,,,,316.701948
723,1000,asteroid_rain,207.047259,32,3,298,0.233832,-1.453153,-1.453153,0.000000,1.000000,0.000000,0.000000,0.000000,0,101,0,0.000000,0.0000500000,0,,,,,316.701948
724,1000,vertical_wall_left,106.488442,17,3,79,0.233832,-1.453153,-1.453153,0.000000,1.000000,0.000000,0.000000,0.000000,0,101,0,0.000000,0.0000500000,0,,,,,316.701948
725,1000,vertical_wall_left,159.919910,25,3,162,0.233832,-1.453153,-1.453153,0.000000,1.000000,0.000000,0.000000,0.000000,0,101,0,0.000000,0.0000500000,0,,,,,316.701948
726,1000,vertical_wall_left,104.614126,17,3,236,0.233832,-1.453153,-1.453153,0.000000,1.000000,0.000000,0.000000,0.000000,0,101,0,0.000000,0.0000500000,0,,,,,316.701948
727,1000,four_corner,322.313603,50,3,1175,0.233832,-1.453153,-1.453153,0.000000,1.000000,0.000000,0.000000,0.000000,0,101,0,0.000000,0.0000500000,0,,,,,316.701948
728,1000,spiral_arms,118.283851,19,3,107,0.233832,-1.453153,-1.453153,0.000000,1.000000,0.000000,0.000000,0.000000,0,101,0,0.000000,0.0000500000,0,,,,,316.701948
729,1000,crossing_lanes,407.546117,65,9,497,0.232991,-1.456757,-1.456757,-0.068429,0.999978,11.383913,0.034171,11.349057,0,102,9,2.928594,0.0000500000,0,,,,,316.701948
730,1000,stock,229.899588,35,3,193,0.232991,-1.456757,-1.456757,0.000000,1.000000,0.000000,0.000000,0.000000,0,102,0,0.000000,0.0000500000,0,,,,,316.701948
731,1000,spiral_arms,125.585493,20,3,94,0.232991,-1.456757,-1.456757,0.000000,1.000000,0.000000,0.000000,0.000000,0,102,0,0.000000,0.0000500000,0,,,,,316.701948
732,1000,asteroid_rain,298.669838,45,3,322,0.232991,-1.456757,-1.456757,0.000000,1.000000,0.000000,0.000000,0.000000,0,102,0,0.000000,0.0000500000,0,,,,,316.701948
733,1000,vertical_wall_left,118.975272,19,3,127,0.232991,-1.456757,-1.456757,0.000000,1.000000,0.000000,0.000000,0.000000,0,102,0,0.000000,0.0000500000,0,,,,,316.701948
734,1000,crossing_lanes,507.003457,79,9,476,0.232991,-1.456757,-1.456757,0.000000,1.000000,0.000000,0.000000,0.000000,0,102,0,0.000000,0.0000500000,0,,,,,316.701948
735,1000,four_corner,208.596918,33,3,1024,0.232991,-1.456757,-1.456757,0.000000,1.000000,0.000000,0.000000,0.000000,0,102,0,0.000000,0.0000500000,0,,,,,316.701948
736,1000,spiral_arms,125.522258,20,3,94,0.232991,-1.456757,-1.456757,0.000000,1.000000,0.000000,0.000000,0.000000,0,102,0,0.000000,0.0000500000,0,,,,,316.701948
737,1000,crossing_lanes,725.552886,112,9,1063,0.232153,-1.460360,-1.460360,-0.075636,1.000055,10.449290,0.076372,10.372162,0,103,8,3.406266,0.0000500000,0,,,,,316.701948
738,1000,spiral_arms,200.730960,31,3,173,0.232153,-1.460360,-1.460360,0.000000,1.000000,0.000000,0.000000,0.000000,0,103,0,0.000000,0.0000500000,0,,,,,316.701948
739,1000,crossing_lanes,433.635915,69,9,574,0.232153,-1.460360,-1.460360,0.000000,1.000000,0.000000,0.000000,0.000000,0,103,0,0.000000,0.0000500000,0,,,,,316.701948
740,1000,asteroid_rain,373.334932,56,3,479,0.232153,-1.460360,-1.460360,0.000000,1.000000,0.000000,0.000000,0.000000,0,103,0,0.000000,0.0000500000,0,257.780434,235.860415,300,25,316.701948
741,1000,vertical_wall_left,104.361226,17,3,236,0.232153,-1.460360,-1.460360,0.000000,1.000000,0.000000,0.000000,0.000000,0,103,0,0.000000,0.0000500000,0,,,,,316.701948
742,1000,spiral_arms,350.999962,53,3,318,0.232153,-1.460360,-1.460360,0.000000,1.000000,0.000000,0.000000,0.000000,0,103,0,0.000000,0.0000500000,0,,,,,316.701948
743,1000,spiral_arms,193.639985,30,3,162,0.232153,-1.460360,-1.460360,0.000000,1.000000,0.000000,0.000000,0.000000,0,103,0,0.000000,0.0000500000,0,,,,,316.701948
744,1000,spiral_arms,385.588403,58,3,344,0.231318,-1.463964,-1.463964,-0.082844,0.999958,11.687368,0.071686,11.614853,0,104,7,3.221420,0.0000500000,0,,,,,316.701948
745,1000,vertical_wall_left,131.202053,21,3,266,0.231318,-1.463964,-1.463964,0.000000,1.000000,0.000000,0.000000,0.000000,0,104,0,0.000000,0.0000500000,0,,,,,316.701948
746,1000,crossing_lanes,683.350038,105,9,870,0.231318,-1.463964,-1.463964,0.000000,1.000000,0.000000,0.000000,0.000000,0,104,0,0.000000,0.0000500000,0,,,,,316.701948
747,1000,stock,262.691713,40,3,272,0.231318,-1.463964,-1.463964,0.000000,1.000000,0.000000,0.000000,0.000000,0,104,0,0.000000,0.0000500000,0,,,,,316.701948
748,1000,asteroid_rain,146.471516,23,3,145,0.231318,-1.463964,-1.463964,0.000000,1.000000,0.000000,0.000000,0.000000,0,104,0,0.000000,0.0000500000,0,,,,,316.701948
749,1000,four_corner,248.698161,40,0,2101,0.231318,-1.463964,-1.463964,0.000000,1.000000,0.000000,0.000000,0.000000,0,104,0,0.000000,0.0000500000,0,,,,,316.701948
750,1000,stock,331.965917,50,3,273,0.231318,-1.463964,-1.463964,0.000000,1.000000,0.000000,0.000000,0.000000,0,104,0,0.000000,0.0000500000,0,,,,,316.701948
751,1000,crossing_lanes,282.817005,47,9,406,0.230485,-1.467567,-1.467567,-0.090051,1.000087,7.978467,0.074796,7.902770,0,105,7,3.817844,0.0000500000,0,,,,,316.701948
752,1000,spiral_arms,146.959691,23,3,76,0.230485,-1.467567,-1.467567,0.000000,1.000000,0.000000,0.000000,0.000000,0,105,0,0.000000,0.0000500000,0,,,,,316.701948
753,1000,vertical_wall_left,297.371285,45,3,510,0.230485,-1.467567,-1.467567,0.000000,1.000000,0.000000,0.000000,0.000000,0,105,0,0.000000,0.0000500000,0,,,,,316.701948
754,1000,crossing_lanes,624.112023,97,9,874,0.230485,-1.467567,-1.467567,0.000000,1.000000,0.000000,0.000000,0.000000,0,105,0,0.000000,0.0000500000,0,,,,,316.701948
755,1000,stock,337.613085,51,3,324,0.230485,-1.467567,-1.467567,0.000000,1.000000,0.000000,0.000000,0.000000,0,105,0,0.000000,0.0000500000,0,,,,,316.701948
756,1000,asteroid_rain,139.636580,22,3,139,0.230485,-1.467567,-1.467567,0.000000,1.000000,0.000000,0.000000,0.000000,0,105,0,0.000000,0.0000500000,0,,,,,316.701948
757,1000,asteroid_rain,40.965862,8,3,141,0.230485,-1.467567,-1.467567,0.000000,1.000000,0.000000,0.000000,0.000000,0,105,0,0.000000,0.0000500000,0,,,,,316.701948
758,1000,spiral_arms,158.955729,25,3,158,0.230485,-1.467567,-1.467567,0.000000,1.000000,0.000000,0.000000,0.000000,0,105,0,0.000000,0.0000500000,0,,,,,316.701948
759,1000,stock,282.953105,43,3,284,0.229656,-1.471171,-1.471171,-0.097258,1.000028,11.177692,0.044299,11.132420,0,106,8,7.217765,0.0000500000,0,,,,,316.701948
760,1000,donut_ring,558.142755,84,2,1801,0.229656,-1.471171,-1.471171,0.000000,1.000000,0.000000,0.000000,0.000000,0,106,0,0.000000,0.0000500000,0,232.328357,209.589475,270,22,316.701948
761,1000,crossing_lanes,412.002375,66,9,590,0.229656,-1.471171,-1.471171,0.000000,1.000000,0.000000,0.000000,0.000000,0,106,0,0.000000,0.0000500000,0,,,,,316.701948
762,1000,asteroid_rain,372.538914,56,3,446,0.229656,-1.471171,-1.471171,0.000000,1.000000,0.000000,0.000000,0.000000,0,106,0,0.000000,0.0000500000,0,,,,,316.701948
763,1000,vertical_wall_left,236.088302,36,3,278,0.229656,-1.471171,-1.471171,0.000000,1.000000,0.000000,0.000000,0.000000,0,106,0,0.000000,0.0000500000,0,,,,,316.701948
764,1000,vertical_wall_left,110.639223,18,3,246,0.229656,-1.471171,-1.471171,0.000000,1.000000,0.000000,0.000000,0.000000,0,106,0,0.000000,0.0000500000,0,,,,,316.701948
765,1000,asteroid_rain,312.417017,47,3,273,0.228830,-1.474775,-1.474775,-0.104465,0.999981,9.195026,0.048165,9.145816,0,107,6,2.743883,0.0000500000,0,,,,,316.701948
766,1000,stock,194.991074,30,3,194,0.228830,-1.474775,-1.474775,0.000000,1.000000,0.000000,0.000000,0.000000,0,107,0,0.000000,0.0000500000,0,,,,,316.701948
767,1000,vertical_wall_left,119.157209,19,3,122,0.228830,-1.474775,-1.474775,0.000000,1.000000,0.000000,0.000000,0.000000,0,107,0,0.000000,0.0000500000,0,,,,,316.701948
768,1000,vertical_wall_left,110.964332,18,3,257,0.228830,-1.474775,-1.474775,0.000000,1.000000,0.000000,0.000000,0.000000,0,107,0,0.000000,0.0000500000,0,,,,,316.701948
769,1000,spiral_arms,111.580176,18,3,94,0.228830,-1.474775,-1.474775,0.000000,1.000000,0.000000,0.000000,0.000000,0,107,0,0.000000,0.0000500000,0,,,,,316.701948
770,1000,spiral_arms,200.535698,31,3,173,0.228830,-1.474775,-1.474775,0.000000,1.000000,0.000000,0.000000,0.000000,0,107,0,0.000000,0.0000500000,0,,,,,316.701948
771,1000,vertical_wall_left,83.797647,14,3,134,0.228830,-1.474775,-1.474775,0.000000,1.000000,0.000000,0.000000,0.000000,0,107,0,0.000000,0.0000500000,0,,,,,316.701948
772,1000,spiral_arms,214.773399,33,3,170,0.228830,-1.474775,-1.474775,0.000000,1.000000,0.000000,0.000000,0.000000,0,107,0,0.000000,0.0000500000,0,,,,,316.701948
773,1000,spiral_arms,125.341601,20,3,106,0.228830,-1.474775,-1.474775,0.000000,1.000000,0.000000,0.000000,0.000000,0,107,0,0.000000,0.0000500000,0,,,,,316.701948
774,1000,vertical_wall_left,110.713326,18,3,166,0.228830,-1.474775,-1.474775,0.000000,1.000000,0.000000,0.000000,0.000000,0,107,0,0.000000,0.0000500000,0,,,,,316.701948
775,1000,crossing_lanes,148.204732,27,9,176,0.228830,-1.474775,-1.474775,0.000000,1.000000,0.000000,0.000000,0.000000,0,107,0,0.000000,0.0000500000,0,,,,,316.701948
776,1000,spiral_arms,213.689335,33,3,198,0.228830,-1.474775,-1.474775,0.000000,1.000000,0.000000,0.000000,0.000000,0,107,0,0.000000,0.0000500000,0,,,,,316.701948
777,1000,vertical_wall_left,85.600789,14,3,76,0.228830,-1.474775,-1.474775,0.000000,1.000000,0.000000,0.000000,0.000000,0,107,0,0.000000,0.0000500000,0,,,,,316.701948
778,1000,crossing_lanes,420.989713,67,9,552,0.228007,-1.478378,-1.478378,-0.111672,0.999977,12.440652,0.038280,12.401254,0,108,13,2.840777,0.0000500000,0,,,,,316.701948
779,1000,asteroid_rain,247.892334,38,3,392,0.228007,-1.478378,-1.478378,0.000000,1.000000,0.000000,0.000000,0.000000,0,108,0,0.000000,0.0000500000,0,,,,,316.701948
780,1000,stock,257.934877,39,3,197,0.228007,-1.478378,-1.478378,0.000000,1.000000,0.000000,0.000000,0.000000,0,108,0,0.000000,0.0000500000,0,245.899694,221.468575,283,22,316.701948
781,1000,asteroid_rain,55.455150,10,3,130,0.228007,-1.478378,-1.478378,0.000000,1.000000,0.000000,0.000000,0.000000,0,108,0,0.000000,0.0000500000,0,,,,,316.701948
782,1000,asteroid_rain,242.151433,37,3,282,0.228007,-1.478378,-1.478378,0.000000,1.000000,0.000000,0.000000,0.000000,0,108,0,0.000000,0.0000500000,0,,,,,316.701948
783,1000,stock,415.052789,62,3,321,0.228007,-1.478378,-1.478378,0.000000,1.000000,0.000000,0.000000,0.000000,0,108,0,0.000000,0.0000500000,0,,,,,316.701948
784,1000,spiral_arms,104.075105,17,3,117,0.228007,-1.478378,-1.478378,0.000000,1.000000,0.000000,0.000000,0.000000,0,108,0,0.000000,0.0000500000,0,,,,,316.701948
785,1000,spiral_arms,118.587330,19,3,93,0.228007,-1.478378,-1.478378,0.000000,1.000000,0.000000,0.000000,0.000000,0,108,0,0.000000,0.0000500000,0,,,,,316.701948
786,1000,crossing_lanes,180.550429,32,9,256,0.228007,-1.478378,-1.478378,0.000000,1.000000,0.000000,0.000000,0.000000,0,108,0,0.000000,0.0000500000,0,,,,,316.701948
787,1000,donut_ring,575.254790,85,0,1801,0.227187,-1.481982,-1.481982,-0.118879,1.000035,11.636808,0.029769,11.605850,0,109,9,5.540801,0.0000500000,0,,,,,316.701948
788,1000,crossing_lanes,339.168709,55,9,369,0.227187,-1.481982,-1.481982,0.000000,1.000000,0.000000,0.000000,0.000000,0,109,0,0.000000,0.0000500000,0,,,,,316.701948
789,1000,donut_ring,584.834014,87,0,1801,0.227187,-1.481982,-1.481982,0.000000,1.000000,0.000000,0.000000,0.000000,0,109,0,0.000000,0.0000500000,0,,,,,316.701948
790,1000,asteroid_rain,400.234281,60,3,677,0.227187,-1.481982,-1.481982,0.000000,1.000000,0.000000,0.000000,0.000000,0,109,0,0.000000,0.0000500000,0,,,,,316.701948
791,1000,stock,227.466382,35,3,269,0.227187,-1.481982,-1.481982,0.000000,1.000000,0.000000,0.000000,0.000000,0,109,0,0.000000,0.0000500000,0,,,,,316.701948
792,1000,donut_ring,300.722546,46,0,1801,0.226370,-1.485586,-1.485586,-0.126087,1.000090,4.377155,0.121304,4.254591,0,110,5,2.302726,0.0000500000,0,,,,,316.701948
793,1000,vertical_wall_left,104.243113,17,3,240,0.226370,-1.485586,-1.485586,0.000000,1.000000,0.000000,0.000000,0.000000,0,110,0,0.000000,0.0000500000,0,,,,,316.701948
794,1000,vertical_wall_left,165.706089,26,3,294,0.226370,-1.485586,-1.485586,0.000000,1.000000,0.000000,0.000000,0.000000,0,110,0,0.000000,0.0000500000,0,,,,,316.701948
795,1000,crossing_lanes,567.144440,88,9,583,0.226370,-1.485586,-1.485586,0.000000,1.000000,0.000000,0.000000,0.000000,0,110,0,0.000000,0.0000500000,0,,,,,316.701948
796,1000,four_corner,211.223443,33,3,802,0.226370,-1.485586,-1.485586,0.000000,1.000000,0.000000,0.000000,0.000000,0,110,0,0.000000,0.0000500000,0,,,,,316.701948
797,1000,asteroid_rain,48.475386,9,3,133,0.226370,-1.485586,-1.485586,0.000000,1.000000,0.000000,0.000000,0.000000,0,110,0,0.000000,0.0000500000,0,,,,,316.701948
798,1000,crossing_lanes,647.221392,100,9,866,0.225555,-1.489189,-1.489189,-0.133294,0.999926,2.963671,0.147313,2.815025,0,111,6,6.827572,0.0000500000,0,,,,,316.701948
799,1000,asteroid_rain,406.111056,61,3,614,0.225555,-1.489189,-1.489189,0.000000,1.000000,0.000000,0.000000,0.000000,0,111,0,0.000000,0.0000500000,0,,,,,316.701948
800,1000,asteroid_rain,358.462789,54,3,487,0.225555,-1.489189,-1.489189,0.000000,1.000000,0.000000,0.000000,0.000000,0,111,0,0.000000,0.0000500000,0,271.738134,244.079103,311,23,316.701948
801,1000,donut_ring,478.563975,72,1,1801,0.225555,-1.489189,-1.489189,0.000000,1.000000,0.000000,0.000000,0.000000,0,111,0,0.000000,0.0000500000,0,,,,,316.701948
802,1000,asteroid_rain,55.011219,10,3,139,0.225555,-1.489189,-1.489189,0.000000,1.000000,0.000000,0.000000,0.000000,0,111,0,0.000000,0.0000500000,0,,,,,316.701948
803,1000,asteroid_rain,547.722545,81,3,596,0.225555,-1.489189,-1.489189,0.000000,1.000000,0.000000,0.000000,0.000000,0,111,0,0.000000,0.0000500000,0,,,,,316.701948
804,1000,vertical_wall_left,157.468471,25,3,333,0.225555,-1.489189,-1.489189,0.000000,1.000000,0.000000,0.000000,0.000000,0,111,0,0.000000,0.0000500000,0,,,,,316.701948
805,1000,vertical_wall_left,97.919996,16,3,126,0.225555,-1.489189,-1.489189,0.000000,1.000000,0.000000,0.000000,0.000000,0,111,0,0.000000,0.0000500000,0,,,,,316.701948
806,1000,crossing_lanes,547.159610,85,9,623,0.224744,-1.492793,-1.492793,-0.140501,1.000048,4.059758,0.138337,3.920016,0,112,8,5.543394,0.0000500000,0,,,,,316.701948
807,1000,four_corner,457.507384,70,0,2101,0.224744,-1.492793,-1.492793,0.000000,1.000000,0.000000,0.000000,0.000000,0,112,0,0.000000,0.0000500000,0,,,,,316.701948
808,1000,asteroid_rain,69.419490,12,3,131,0.224744,-1.492793,-1.492793,0.000000,1.000000,0.000000,0.000000,0.000000,0,112,0,0.000000,0.0000500000,0,,,,,316.701948
809,1000,crossing_lanes,333.040093,54,9,367,0.224744,-1.492793,-1.492793,0.000000,1.000000,0.000000,0.000000,0.000000,0,112,0,0.000000,0.0000500000,0,,,,,316.701948
810,1000,spiral_arms,200.633568,31,3,171,0.224744,-1.492793,-1.492793,0.000000,1.000000,0.000000,0.000000,0.000000,0,112,0,0.000000,0.0000500000,0,,,,,316.701948
811,1000,four_corner,329.080258,51,3,1269,0.224744,-1.492793,-1.492793,0.000000,1.000000,0.000000,0.000000,0.000000,0,112,0,0.000000,0.0000500000,0,,,,,316.701948
812,1000,stock,346.230321,52,3,279,0.224744,-1.492793,-1.492793,0.000000,1.000000,0.000000,0.000000,0.000000,0,112,0,0.000000,0.0000500000,0,,,,,316.701948
813,1000,donut_ring,562.285200,84,1,1801,0.223936,-1.496396,-1.496396,-0.147708,0.999990,6.430688,0.087480,6.341731,0,113,7,3.829525,0.0000500000,0,,,,,316.701948
814,1000,donut_ring,558.912567,83,0,1801,0.223936,-1.496396,-1.496396,0.000000,1.000000,0.000000,0.000000,0.000000,0,113,0,0.000000,0.0000500000,0,,,,,316.701948
815,1000,stock,324.703424,49,3,298,0.223936,-1.496396,-1.496396,0.000000,1.000000,0.000000,0.000000,0.000000,0,113,0,0.000000,0.0000500000,0,,,,,316.701948
816,1000,vertical_wall_left,194.117935,30,3,192,0.223936,-1.496396,-1.496396,0.000000,1.000000,0.000000,0.000000,0.000000,0,113,0,0.000000,0.0000500000,0,,,,,316.701948
817,1000,vertical_wall_left,160.652473,25,3,138,0.223936,-1.496396,-1.496396,0.000000,1.000000,0.000000,0.000000,0.000000,0,113,0,0.000000,0.0000500000,0,,,,,316.701948
818,1000,vertical_wall_left,103.954597,17,3,166,0.223936,-1.496396,-1.496396,0.000000,1.000000,0.000000,0.000000,0.000000,0,113,0,0.000000,0.0000500000,0,,,,,316.701948
819,1000,vertical_wall_left,111.157279,18,3,238,0.223936,-1.496396,-1.496396,0.000000,1.000000,0.000000,0.000000,0.000000,0,113,0,0.000000,0.0000500000,0,,,,,316.701948
820,1000,spiral_arms,92.246263,15,3,37,0.223936,-1.496396,-1.496396,0.000000,1.000000,0.000000,0.000000,0.000000,0,113,0,0.000000,0.0000500000,0,251.011488,225.943531,290,22,316.701948
821,1000,four_corner,251.074987,41,0,2101,0.223130,-1.500000,-1.500000,-0.154916,0.999962,8.816037,0.029373,8.785115,0,114,8,2.845915,0.0000500000,0,,,,,316.701948
822,1000,asteroid_rain,40.927289,8,3,140,0.223130,-1.500000,-1.500000,0.000000,1.000000,0.000000,0.000000,0.000000,0,114,0,0.000000,0.0000500000,0,,,,,316.701948
823,1000,donut_ring,169.072431,27,3,585,0.223130,-1.500000,-1.500000,0.000000,1.000000,0.000000,0.000000,0.000000,0,114,0,0.000000,0.0000500000,0,,,,,316.701948
824,1000,asteroid_rain,48.386053,9,3,133,0.223130,-1.500000,-1.500000,0.000000,1.000000,0.000000,0.000000,0.000000,0,114,0,0.000000,0.0000500000,0,,,,,316.701948
825,1000,crossing_lanes,670.177416,104,9,1125,0.223130,-1.500000,-1.500000,0.000000,1.000000,0.000000,0.000000,0.000000,0,114,0,0.000000,0.0000500000,0,,,,,316.701948
826,1000,asteroid_rain,206.843680,32,3,288,0.223130,-1.500000,-1.500000,0.000000,1.000000,0.000000,0.000000,0.000000,0,114,0,0.000000,0.0000500000,0,,,,,316.701948
827,1000,vertical_wall_left,337.761613,51,3,480,0.222328,-1.503604,-1.503604,-0.162123,1.000024,4.830995,0.113394,4.715980,0,115,6,6.904909,0.0000500000,0,,,,,316.701948
828,1000,four_corner,250.702134,41,1,2101,0.222328,-1.503604,-1.503604,0.000000,1.000000,0.000000,0.000000,0.000000,0,115,0,0.000000,0.0000500000,0,,,,,316.701948
829,1000,spiral_arms,345.844296,52,3,260,0.222328,-1.503604,-1.503604,0.000000,1.000000,0.000000,0.000000,0.000000,0,115,0,0.000000,0.0000500000,0,,,,,316.701948
830,1000,vertical_wall_left,90.425212,15,3,235,0.222328,-1.503604,-1.503604,0.000000,1.000000,0.000000,0.000000,0.000000,0,115,0,0.000000,0.0000500000,0,,,,,316.701948
831,1000,crossing_lanes,553.145793,87,9,946,0.222328,-1.503604,-1.503604,0.000000,1.000000,0.000000,0.000000,0.000000,0,115,0,0.000000,0.0000500000,0,,,,,316.701948
832,1000,crossing_lanes,489.429274,77,9,677,0.222328,-1.503604,-1.503604,0.000000,1.000000,0.000000,0.000000,0.000000,0,115,0,0.000000,0.0000500000,0,,,,,316.701948
833,1000,vertical_wall_left,227.305810,35,3,396,0.221528,-1.507207,-1.507207,-0.169330,1.000034,5.206324,0.105084,5.099546,0,116,6,3.791859,0.0000500000,0,,,,,316.701948
834,1000,donut_ring,406.055533,61,0,1801,0.221528,-1.507207,-1.507207,0.000000,1.000000,0.000000,0.000000,0.000000,0,116,0,0.000000,0.0000500000,0,,,,,316.701948
835,1000,donut_ring,508.715748,76,0,1801,0.221528,-1.507207,-1.507207,0.000000,1.000000,0.000000,0.000000,0.000000,0,116,0,0.000000,0.0000500000,0,,,,,316.701948
836,1000,stock,223.156939,34,3,181,0.221528,-1.507207,-1.507207,0.000000,1.000000,0.000000,0.000000,0.000000,0,116,0,0.000000,0.0000500000,0,,,,,316.701948
837,1000,stock,195.661939,30,3,175,0.221528,-1.507207,-1.507207,0.000000,1.000000,0.000000,0.000000,0.000000,0,116,0,0.000000,0.0000500000,0,,,,,316.701948
838,1000,asteroid_rain,48.626892,9,3,131,0.221528,-1.507207,-1.507207,0.000000,1.000000,0.000000,0.000000,0.000000,0,116,0,0.000000,0.0000500000,0,,,,,316.701948
839,1000,asteroid_rain,330.737658,50,3,435,0.221528,-1.507207,-1.507207,0.000000,1.000000,0.000000,0.000000,0.000000,0,116,0,0.000000,0.0000500000,0,,,,,316.701948
840,1000,stock,290.376629,44,3,276,0.221528,-1.507207,-1.507207,0.000000,1.000000,0.000000,0.000000,0.000000,0,116,0,0.000000,0.0000500000,0,281.298029,257.321037,327,22,316.701948
841,1000,spiral_arms,111.510038,18,3,95,0.220731,-1.510811,-1.510811,-0.176537,0.999911,8.464550,0.065154,8.397631,0,117,8,4.785883,0.0000500000,0,,,,,316.701948
842,1000,spiral_arms,125.558596,20,3,93,0.220731,-1.510811,-1.510811,0.000000,1.000000,0.000000,0.000000,0.000000,0,117,0,0.000000,0.0000500000,0,,,,,316.701948
843,1000,stock,282.456217,43,3,292,0.220731,-1.510811,-1.510811,0.000000,1.000000,0.000000,0.000000,0.000000,0,117,0,0.000000,0.0000500000,0,,,,,316.701948
844,1000,spiral_arms,104.516604,17,3,96,0.220731,-1.510811,-1.510811,0.000000,1.000000,0.000000,0.000000,0.000000,0,117,0,0.000000,0.0000500000,0,,,,,316.701948
845,1000,spiral_arms,132.576101,21,3,94,0.220731,-1.510811,-1.510811,0.000000,1.000000,0.000000,0.000000,0.000000,0,117,0,0.000000,0.0000500000,0,,,,,316.701948
846,1000,asteroid_rain,274.789093,42,3,433,0.220731,-1.510811,-1.510811,0.000000,1.000000,0.000000,0.000000,0.000000,0,117,0,0.000000,0.0000500000,0,,,,,316.701948
847,1000,crossing_lanes,244.497678,41,9,256,0.220731,-1.510811,-1.510811,0.000000,1.000000,0.000000,0.000000,0.000000,0,117,0,0.000000,0.0000500000,0,,,,,316.701948
848,1000,asteroid_rain,179.328195,28,3,286,0.220731,-1.510811,-1.510811,0.000000,1.000000,0.000000,0.000000,0.000000,0,117,0,0.000000,0.0000500000,0,,,,,316.701948
849,1000,crossing_lanes,394.387909,63,9,513,0.219937,-1.514414,-1.514414,-0.183744,0.999944,16.095988,-0.072582,16.166732,0,118,8,2.027703,0.0000500000,0,,,,,316.701948
850,1000,donut_ring,483.216158,72,0,1801,0.219937,-1.514414,-1.514414,0.000000,1.000000,0.000000,0.000000,0.000000,0,118,0,0.000000,0.0000500000,0,,,,,316.701948
851,1000,asteroid_rain,34.442920,7,3,130,0.219937,-1.514414,-1.514414,0.000000,1.000000,0.000000,0.000000,0.000000,0,118,0,0.000000,0.0000500000,0,,,,,316.701948
852,1000,stock,271.742652,41,3,215,0.219937,-1.514414,-1.514414,0.000000,1.000000,0.000000,0.000000,0.000000,0,118,0,0.000000,0.0000500000,0,,,,,316.701948
853,1000,vertical_wall_left,221.766866,34,3,445,0.219937,-1.514414,-1.514414,0.000000,1.000000,0.000000,0.000000,0.000000,0,118,0,0.000000,0.0000500000,0,,,,,316.701948
854,1000,asteroid_rain,345.295266,52,3,449,0.219937,-1.514414,-1.514414,0.000000,1.000000,0.000000,0.000000,0.000000,0,118,0,0.000000,0.0000500000,0,,,,,316.701948
855,1000,crossing_lanes,584.737926,91,9,766,0.219146,-1.518018,-1.518018,-0.190952,0.999893,10.855373,0.021414,10.832049,0,119,6,9.028707,0.0000500000,0,,,,,316.701948
856,1000,four_corner,243.868096,40,1,2101,0.219146,-1.518018,-1.518018,0.000000,1.000000,0.000000,0.000000,0.000000,0,119,0,0.000000,0.0000500000,0,,,,,316.701948
857,1000,spiral_arms,309.973535,47,3,318,0.219146,-1.518018,-1.518018,0.000000,1.000000,0.000000,0.000000,0.000000,0,119,0,0.000000,0.0000500000,0,,,,,316.701948
858,1000,vertical_wall_left,118.801868,19,3,246,0.219146,-1.518018,-1.518018,0.000000,1.000000,0.000000,0.000000,0.000000,0,119,0,0.000000,0.0000500000,0,,,,,316.701948
859,1000,crossing_lanes,659.664394,102,9,989,0.219146,-1.518018,-1.518018,0.000000,1.000000,0.000000,0.000000,0.000000,0,119,0,0.000000,0.0000500000,0,,,,,316.701948
860,1000,vertical_wall_left,150.672108,24,3,283,0.219146,-1.518018,-1.518018,0.000000,1.000000,0.000000,0.000000,0.000000,0,119,0,0.000000,0.0000500000,0,274.011479,250.982180,319,22,316.701948
861,1000,vertical_wall_left,92.602854,15,3,76,0.219146,-1.518018,-1.518018,0.000000,1.000000,0.000000,0.000000,0.000000,0,119,0,0.000000,0.0000500000,0,,,,,316.701948
862,1000,donut_ring,442.214090,67,0,1801,0.218358,-1.521622,-1.521622,-0.198159,0.999980,4.678377,0.093251,4.583144,0,120,7,3.526585,0.0000500000,0,,,,,316.701948
863,1000,stock,381.401659,57,3,284,0.218358,-1.521622,-1.521622,0.000000,1.000000,0.000000,0.000000,0.000000,0,120,0,0.000000,0.0000500000,0,,,,,316.701948
864,1000,vertical_wall_left,451.332548,67,3,443,0.218358,-1.521622,-1.521622,0.000000,1.000000,0.000000,0.000000,0.000000,0,120,0,0.000000,0.0000500000,0,,,,,316.701948
865,1000,crossing_lanes,712.131715,109,9,821,0.218358,-1.521622,-1.521622,0.000000,1.000000,0.000000,0.000000,0.000000,0,120,0,0.000000,0.0000500000,0,,,,,316.701948
866,1000,crossing_lanes,649.896053,100,9,811,0.218358,-1.521622,-1.521622,0.000000,1.000000,0.000000,0.000000,0.000000,0,120,0,0.000000,0.0000500000,0,,,,,316.701948
867,1000,asteroid_rain,174.942624,27,3,131,0.218358,-1.521622,-1.521622,0.000000,1.000000,0.000000,0.000000,0.000000,0,120,0,0.000000,0.0000500000,0,,,,,316.701948
868,1000,stock,233.963619,36,3,279,0.217572,-1.525225,-1.525225,-0.205366,1.000046,10.809650,0.075225,10.732372,0,121,6,1.889319,0.0000500000,0,,,,,316.701948
869,1000,stock,262.180956,40,3,272,0.217572,-1.525225,-1.525225,0.000000,1.000000,0.000000,0.000000,0.000000,0,121,0,0.000000,0.0000500000,0,,,,,316.701948
870,1000,stock,337.490673,51,3,325,0.217572,-1.525225,-1.525225,0.000000,1.000000,0.000000,0.000000,0.000000,0,121,0,0.000000,0.0000500000,0,,,,,316.701948
871,1000,four_corner,246.424374,41,3,1414,0.217572,-1.525225,-1.525225,0.000000,1.000000,0.000000,0.000000,0.000000,0,121,0,0.000000,0.0000500000,0,,,,,316.701948
872,1000,vertical_wall_left,153.260101,24,3,252,0.217572,-1.525225,-1.525225,0.000000,1.000000,0.000000,0.000000,0.000000,0,121,0,0.000000,0.0000500000,0,,,,,316.701948
873,1000,donut_ring,442.781991,66,0,1801,0.217572,-1.525225,-1.525225,0.000000,1.000000,0.000000,0.000000,0.000000,0,121,0,0.000000,0.0000500000,0,,,,,316.701948
874,1000,four_corner,248.605343,40,0,2101,0.216789,-1.528829,-1.528829,-0.212573,1.000053,5.062685,0.096164,4.964395,0,122,6,2.925547,0.0000500000,0,,,,,316.701948
875,1000,donut_ring,490.008983,73,0,1801,0.216789,-1.528829,-1.528829,0.000000,1.000000,0.000000,0.000000,0.000000,0,122,0,0.000000,0.0000500000,0,,,,,316.701948
876,1000,four_corner,447.090580,69,3,1641,0.216789,-1.528829,-1.528829,0.000000,1.000000,0.000000,0.000000,0.000000,0,122,0,0.000000,0.0000500000,0,,,,,316.701948
877,1000,asteroid_rain,76.221665,13,3,143,0.216789,-1.528829,-1.528829,0.000000,1.000000,0.000000,0.000000,0.000000,0,122,0,0.000000,0.0000500000,0,,,,,316.701948
878,1000,asteroid_rain,185.105540,29,3,297,0.216789,-1.528829,-1.528829,0.000000,1.000000,0.000000,0.000000,0.000000,0,122,0,0.000000,0.0000500000,0,,,,,316.701948
879,1000,crossing_lanes,579.774279,90,9,694,0.216789,-1.528829,-1.528829,0.000000,1.000000,0.000000,0.000000,0.000000,0,122,0,0.000000,0.0000500000,0,,,,,316.701948
880,1000,stock,234.005365,36,3,262,0.216010,-1.532432,-1.532432,-0.219780,0.999994,3.606513,0.119208,3.485108,0,123,6,4.045515,0.0000500000,0,274.508523,250.486607,317,24,316.701948
881,1000,crossing_lanes,676.671428,104,9,738,0.216010,-1.532432,-1.532432,0.000000,1.000000,0.000000,0.000000,0.000000,0,123,0,0.000000,0.0000500000,0,,,,,316.701948
882,1000,donut_ring,517.547401,79,0,1801,0.216010,-1.532432,-1.532432,0.000000,1.000000,0.000000,0.000000,0.000000,0,123,0,0.000000,0.0000500000,0,,,,,316.701948
883,1000,vertical_wall_left,82.872675,14,3,166,0.216010,-1.532432,-1.532432,0.000000,1.000000,0.000000,0.000000,0.000000,0,123,0,0.000000,0.0000500000,0,,,,,316.701948
884,1000,spiral_arms,234.793292,36,3,246,0.216010,-1.532432,-1.532432,0.000000,1.000000,0.000000,0.000000,0.000000,0,123,0,0.000000,0.0000500000,0,,,,,316.701948
885,1000,crossing_lanes,446.725127,71,9,604,0.216010,-1.532432,-1.532432,0.000000,1.000000,0.000000,0.000000,0.000000,0,123,0,0.000000,0.0000500000,0,,,,,316.701948
886,1000,spiral_arms,97.651724,16,3,95,0.216010,-1.532432,-1.532432,0.000000,1.000000,0.000000,0.000000,0.000000,0,123,0,0.000000,0.0000500000,0,,,,,316.701948
887,1000,asteroid_rain,186.162507,29,3,286,0.215233,-1.536036,-1.536036,-0.226988,0.999956,4.354899,0.129637,4.222992,0,124,7,4.258016,0.0000500000,0,,,,,316.701948
888,1000,crossing_lanes,336.488267,55,9,534,0.215233,-1.536036,-1.536036,0.000000,1.000000,0.000000,0.000000,0.000000,0,124,0,0.000000,0.0000500000,0,,,,,316.701948
889,1000,spiral_arms,99.136838,16,3,39,0.215233,-1.536036,-1.536036,0.000000,1.000000,0.000000,0.000000,0.000000,0,124,0,0.000000,0.0000500000,0,,,,,316.701948
890,1000,vertical_wall_left,144.747767,23,3,292,0.215233,-1.536036,-1.536036,0.000000,1.000000,0.000000,0.000000,0.000000,0,124,0,0.000000,0.0000500000,0,,,,,316.701948
891,1000,asteroid_rain,394.875576,59,3,454,0.215233,-1.536036,-1.536036,0.000000,1.000000,0.000000,0.000000,0.000000,0,124,0,0.000000,0.0000500000,0,,,,,316.701948
892,1000,stock,246.988509,38,3,289,0.215233,-1.536036,-1.536036,0.000000,1.000000,0.000000,0.000000,0.000000,0,124,0,0.000000,0.0000500000,0,,,,,316.701948
893,1000,crossing_lanes,401.082660,64,9,414,0.215233,-1.536036,-1.536036,0.000000,1.000000,0.000000,0.000000,0.000000,0,124,0,0.000000,0.0000500000,0,,,,,316.701948
894,1000,crossing_lanes,929.677943,142,9,1785,0.214458,-1.539640,-1.539640,-0.234195,0.999975,9.734031,0.058626,9.673062,0,125,7,2.839335,0.0000500000,0,,,,,316.701948
895,1000,four_corner,243.605385,40,1,2101,0.214458,-1.539640,-1.539640,0.000000,1.000000,0.000000,0.000000,0.000000,0,125,0,0.000000,0.0000500000,0,,,,,316.701948
896,1000,vertical_wall_left,193.592399,30,3,337,0.214458,-1.539640,-1.539640,0.000000,1.000000,0.000000,0.000000,0.000000,0,125,0,0.000000,0.0000500000,0,,,,,316.701948
897,1000,spiral_arms,283.432291,43,3,246,0.214458,-1.539640,-1.539640,0.000000,1.000000,0.000000,0.000000,0.000000,0,125,0,0.000000,0.0000500000,0,,,,,316.701948
898,1000,four_corner,249.251559,40,0,2101,0.214458,-1.539640,-1.539640,0.000000,1.000000,0.000000,0.000000,0.000000,0,125,0,0.000000,0.0000500000,0,,,,,316.701948
899,1000,stock,325.519581,49,3,273,0.214458,-1.539640,-1.539640,0.000000,1.000000,0.000000,0.000000,0.000000,0,125,0,0.000000,0.0000500000,0,,,,,316.701948
900,1000,vertical_wall_left,180.434812,28,3,291,0.213687,-1.543243,-1.543243,-0.241402,1.000030,8.358118,0.039656,8.316049,0,126,6,3.058562,0.0000500000,0,223.955547,206.251445,266,22,316.701948
901,1000,stock,289.306015,44,3,281,0.213687,-1.543243,-1.543243,0.000000,1.000000,0.000000,0.000000,0.000000,0,126,0,0.000000,0.0000500000,0,,,,,316.701948
902,1000,spiral_arms,166.816445,26,3,145,0.213687,-1.543243,-1.543243,0.000000,1.000000,0.000000,0.000000,0.000000,0,126,0,0.000000,0.0000500000,0,,,,,316.701948
903,1000,crossing_lanes,672.821542,104,9,1083,0.213687,-1.543243,-1.543243,0.000000,1.000000,0.000000,0.000000,0.000000,0,126,0,0.000000,0.0000500000,0,,,,,316.701948
904,1000,asteroid_rain,48.503829,9,3,130,0.213687,-1.543243,-1.543243,0.000000,1.000000,0.000000,0.000000,0.000000,0,126,0,0.000000,0.0000500000,0,,,,,316.701948
905,1000,spiral_arms,207.613911,32,3,172,0.213687,-1.543243,-1.543243,0.000000,1.000000,0.000000,0.000000,0.000000,0,126,0,0.000000,0.0000500000,0,,,,,316.701948
906,1000,asteroid_rain,594.512935,88,3,756,0.213687,-1.543243,-1.543243,0.000000,1.000000,0.000000,0.000000,0.000000,0,126,0,0.000000,0.0000500000,0,,,,,316.701948
907,1000,vertical_wall_left,97.868006,16,3,237,0.213687,-1.543243,-1.543243,0.000000,1.000000,0.000000,0.000000,0.000000,0,126,0,0.000000,0.0000500000,0,,,,,316.701948
908,1000,crossing_lanes,389.320439,62,9,385,0.212918,-1.546847,-1.546847,-0.248609,1.000043,10.598126,0.049064,10.546575,0,127,8,6.281419,0.0000500000,0,,,,,316.701948
909,1000,stock,236.445442,36,3,205,0.212918,-1.546847,-1.546847,0.000000,1.000000,0.000000,0.000000,0.000000,0,127,0,0.000000,0.0000500000,0,,,,,316.701948
910,1000,asteroid_rain,48.176201,9,3,134,0.212918,-1.546847,-1.546847,0.000000,1.000000,0.000000,0.000000,0.000000,0,127,0,0.000000,0.0000500000,0,,,,,316.701948
911,1000,crossing_lanes,412.376100,66,9,601,0.212918,-1.546847,-1.546847,0.000000,1.000000,0.000000,0.000000,0.000000,0,127,0,0.000000,0.0000500000,0,,,,,316.701948
912,1000,donut_ring,328.753621,52,0,1801,0.212918,-1.546847,-1.546847,0.000000,1.000000,0.000000,0.000000,0.000000,0,127,0,0.000000,0.0000500000,0,,,,,316.701948
913,1000,spiral_arms,193.675419,30,3,162,0.212918,-1.546847,-1.546847,0.000000,1.000000,0.000000,0.000000,0.000000,0,127,0,0.000000,0.0000500000,0,,,,,316.701948
914,1000,vertical_wall_left,145.832320,23,3,255,0.212918,-1.546847,-1.546847,0.000000,1.000000,0.000000,0.000000,0.000000,0,127,0,0.000000,0.0000500000,0,,,,,316.701948
915,1000,stock,212.397854,33,3,281,0.212152,-1.550450,-1.550450,-0.255816,0.999768,5.519715,0.142260,5.374897,0,128,7,4.964030,0.0000500000,0,,,,,316.701948
916,1000,spiral_arms,125.836977,20,3,86,0.212152,-1.550450,-1.550450,0.000000,1.000000,0.000000,0.000000,0.000000,0,128,0,0.000000,0.0000500000,0,,,,,316.701948
917,1000,stock,237.085169,36,3,190,0.212152,-1.550450,-1.550450,0.000000,1.000000,0.000000,0.000000,0.000000,0,128,0,0.000000,0.0000500000,0,,,,,316.701948
918,1000,four_corner,249.675446,40,0,2101,0.212152,-1.550450,-1.550450,0.000000,1.000000,0.000000,0.000000,0.000000,0,128,0,0.000000,0.0000500000,0,,,,,316.701948
919,1000,donut_ring,406.861943,62,0,1801,0.212152,-1.550450,-1.550450,0.000000,1.000000,0.000000,0.000000,0.000000,0,128,0,0.000000,0.0000500000,0,,,,,316.701948
920,1000,crossing_lanes,676.883006,104,9,800,0.212152,-1.550450,-1.550450,0.000000,1.000000,0.000000,0.000000,0.000000,0,128,0,0.000000,0.0000500000,0,220.777037,198.744217,260,24,316.701948
921,1000,asteroid_rain,385.988154,58,3,550,0.211389,-1.554054,-1.554054,-0.263024,1.000013,2.991681,0.152387,2.836664,0,129,6,3.921581,0.0000500000,0,,,,,316.701948
922,1000,asteroid_rain,219.243807,34,3,404,0.211389,-1.554054,-1.554054,0.000000,1.000000,0.000000,0.000000,0.000000,0,129,0,0.000000,0.0000500000,0,,,,,316.701948
923,1000,vertical_wall_left,97.199751,16,3,232,0.211389,-1.554054,-1.554054,0.000000,1.000000,0.000000,0.000000,0.000000,0,129,0,0.000000,0.0000500000,0,,,,,316.701948
924,1000,spiral_arms,132.810947,21,3,87,0.211389,-1.554054,-1.554054,0.000000,1.000000,0.000000,0.000000,0.000000,0,129,0,0.000000,0.0000500000,0,,,,,316.701948
925,1000,vertical_wall_left,132.886502,21,3,129,0.211389,-1.554054,-1.554054,0.000000,1.000000,0.000000,0.000000,0.000000,0,129,0,0.000000,0.0000500000,0,,,,,316.701948
926,1000,vertical_wall_left,108.119316,18,3,285,0.211389,-1.554054,-1.554054,0.000000,1.000000,0.000000,0.000000,0.000000,0,129,0,0.000000,0.0000500000,0,,,,,316.701948
927,1000,asteroid_rain,62.078238,11,3,139,0.211389,-1.554054,-1.554054,0.000000,1.000000,0.000000,0.000000,0.000000,0,129,0,0.000000,0.0000500000,0,,,,,316.701948
928,1000,asteroid_rain,322.751556,49,3,418,0.211389,-1.554054,-1.554054,0.000000,1.000000,0.000000,0.000000,0.000000,0,129,0,0.000000,0.0000500000,0,,,,,316.701948
929,1000,vertical_wall_left,201.152141,31,3,253,0.211389,-1.554054,-1.554054,0.000000,1.000000,0.000000,0.000000,0.000000,0,129,0,0.000000,0.0000500000,0,,,,,316.701948
930,1000,vertical_wall_left,193.837505,30,3,260,0.211389,-1.554054,-1.554054,0.000000,1.000000,0.000000,0.000000,0.000000,0,129,0,0.000000,0.0000500000,0,,,,,316.701948
931,1000,asteroid_rain,62.131451,11,3,149,0.211389,-1.554054,-1.554054,0.000000,1.000000,0.000000,0.000000,0.000000,0,129,0,0.000000,0.0000500000,0,,,,,316.701948
932,1000,asteroid_rain,41.336299,8,3,132,0.211389,-1.554054,-1.554054,0.000000,1.000000,0.000000,0.000000,0.000000,0,129,0,0.000000,0.0000500000,0,,,,,316.701948
933,1000,asteroid_rain,152.986005,24,3,157,0.211389,-1.554054,-1.554054,0.000000,1.000000,0.000000,0.000000,0.000000,0,129,0,0.000000,0.0000500000,0,,,,,316.701948
934,1000,four_corner,229.818928,38,0,2101,0.210629,-1.557658,-1.557658,-0.270231,0.999847,9.027124,0.015201,9.009221,0,130,13,5.367030,0.0000500000,0,,,,,316.701948
935,1000,vertical_wall_left,104.921755,17,3,128,0.210629,-1.557658,-1.557658,0.000000,1.000000,0.000000,0.000000,0.000000,0,130,0,0.000000,0.0000500000,0,,,,,316.701948
936,1000,crossing_lanes,448.047979,71,9,596,0.210629,-1.557658,-1.557658,0.000000,1.000000,0.000000,0.000000,0.000000,0,130,0,0.000000,0.0000500000,0,,,,,316.701948
937,1000,four_corner,177.899539,28,3,653,0.210629,-1.557658,-1.557658,0.000000,1.000000,0.000000,0.000000,0.000000,0,130,0,0.000000,0.0000500000,0,,,,,316.701948
938,1000,crossing_lanes,284.557351,47,9,367,0.210629,-1.557658,-1.557658,0.000000,1.000000,0.000000,0.000000,0.000000,0,130,0,0.000000,0.0000500000,0,,,,,316.701948
939,1000,four_corner,387.736404,61,0,2101,0.210629,-1.557658,-1.557658,0.000000,1.000000,0.000000,0.000000,0.000000,0,130,0,0.000000,0.0000500000,0,,,,,316.701948
940,1000,stock,271.576183,41,3,199,0.209871,-1.561261,-1.561261,-0.277438,0.999990,6.536188,0.110528,6.422886,0,131,6,2.594998,0.0000500000,0,193.324198,175.456233,230,22,316.701948
941,1000,stock,297.229771,45,3,272,0.209871,-1.561261,-1.561261,0.000000,1.000000,0.000000,0.000000,0.000000,0,131,0,0.000000,0.0000500000,0,,,,,316.701948
942,1000,asteroid_rain,205.009362,32,3,403,0.209871,-1.561261,-1.561261,0.000000,1.000000,0.000000,0.000000,0.000000,0,131,0,0.000000,0.0000500000,0,,,,,316.701948
943,1000,vertical_wall_left,90.380530,15,3,243,0.209871,-1.561261,-1.561261,0.000000,1.000000,0.000000,0.000000,0.000000,0,131,0,0.000000,0.0000500000,0,,,,,316.701948
944,1000,stock,252.761291,39,3,340,0.209871,-1.561261,-1.561261,0.000000,1.000000,0.000000,0.000000,0.000000,0,131,0,0.000000,0.0000500000,0,,,,,316.701948
945,1000,stock,325.154233,49,3,287,0.209871,-1.561261,-1.561261,0.000000,1.000000,0.000000,0.000000,0.000000,0,131,0,0.000000,0.0000500000,0,,,,,316.701948
946,1000,vertical_wall_left,104.505889,17,3,235,0.209871,-1.561261,-1.561261,0.000000,1.000000,0.000000,0.000000,0.000000,0,131,0,0.000000,0.0000500000,0,,,,,316.701948
947,1000,vertical_wall_left,647.259954,96,3,1087,0.209871,-1.561261,-1.561261,0.000000,1.000000,0.000000,0.000000,0.000000,0,131,0,0.000000,0.0000500000,0,,,,,316.701948
948,1000,stock,332.365737,50,3,281,0.209871,-1.561261,-1.561261,0.000000,1.000000,0.000000,0.000000,0.000000,0,131,0,0.000000,0.0000500000,0,,,,,316.701948
949,1000,spiral_arms,118.497335,19,3,96,0.209116,-1.564865,-1.564865,-0.284645,1.000290,11.476265,0.027812,11.445606,0,132,9,3.771674,0.0000500000,0,,,,,316.701948
950,1000,donut_ring,573.449413,85,0,1801,0.209116,-1.564865,-1.564865,0.000000,1.000000,0.000000,0.000000,0.000000,0,132,0,0.000000,0.0000500000,0,,,,,316.701948
951,1000,crossing_lanes,631.316415,98,9,983,0.209116,-1.564865,-1.564865,0.000000,1.000000,0.000000,0.000000,0.000000,0,132,0,0.000000,0.0000500000,0,,,,,316.701948
952,1000,stock,401.488184,60,3,308,0.209116,-1.564865,-1.564865,0.000000,1.000000,0.000000,0.000000,0.000000,0,132,0,0.000000,0.0000500000,0,,,,,316.701948
953,1000,vertical_wall_left,292.247428,44,3,246,0.209116,-1.564865,-1.564865,0.000000,1.000000,0.000000,0.000000,0.000000,0,132,0,0.000000,0.0000500000,0,,,,,316.701948
954,1000,asteroid_rain,132.270346,21,3,146,0.209116,-1.564865,-1.564865,0.000000,1.000000,0.000000,0.000000,0.000000,0,132,0,0.000000,0.0000500000,0,,,,,316.701948
955,1000,four_corner,169.696099,30,1,2101,0.208364,-1.568468,-1.568468,-0.291853,0.999955,5.901705,0.107860,5.790927,0,133,6,4.831231,0.0000500000,0,,,,,316.701948
956,1000,vertical_wall_left,124.337412,20,3,189,0.208364,-1.568468,-1.568468,0.000000,1.000000,0.000000,0.000000,0.000000,0,133,0,0.000000,0.0000500000,0,,,,,316.701948
957,1000,vertical_wall_left,208.796706,32,3,371,0.208364,-1.568468,-1.568468,0.000000,1.000000,0.000000,0.000000,0.000000,0,133,0,0.000000,0.0000500000,0,,,,,316.701948
958,1000,asteroid_rain,62.424624,11,3,130,0.208364,-1.568468,-1.568468,0.000000,1.000000,0.000000,0.000000,0.000000,0,133,0,0.000000,0.0000500000,0,,,,,316.701948
959,1000,crossing_lanes,955.897834,146,9,1941,0.208364,-1.568468,-1.568468,0.000000,1.000000,0.000000,0.000000,0.000000,0,133,0,0.000000,0.0000500000,0,,,,,316.701948
960,1000,crossing_lanes,464.867878,73,9,473,0.208364,-1.568468,-1.568468,0.000000,1.000000,0.000000,0.000000,0.000000,0,133,0,0.000000,0.0000500000,0,213.618524,186.893349,244,23,316.701948
961,1000,asteroid_rain,352.011445,53,3,409,0.208364,-1.568468,-1.568468,0.000000,1.000000,0.000000,0.000000,0.000000,0,133,0,0.000000,0.0000500000,0,,,,,316.701948
962,1000,asteroid_rain,338.667636,51,3,411,0.208364,-1.568468,-1.568468,0.000000,1.000000,0.000000,0.000000,0.000000,0,133,0,0.000000,0.0000500000,0,,,,,316.701948
963,1000,asteroid_rain,69.458950,12,3,141,0.208364,-1.568468,-1.568468,0.000000,1.000000,0.000000,0.000000,0.000000,0,133,0,0.000000,0.0000500000,0,,,,,316.701948
964,1000,vertical_wall_left,242.793039,37,3,305,0.208364,-1.568468,-1.568468,0.000000,1.000000,0.000000,0.000000,0.000000,0,133,0,0.000000,0.0000500000,0,,,,,316.701948
965,1000,crossing_lanes,509.008820,80,9,776,0.208364,-1.568468,-1.568468,0.000000,1.000000,0.000000,0.000000,0.000000,0,133,0,0.000000,0.0000500000,0,,,,,316.701948
966,1000,crossing_lanes,688.757293,106,9,774,0.208364,-1.568468,-1.568468,0.000000,1.000000,0.000000,0.000000,0.000000,0,133,0,0.000000,0.0000500000,0,,,,,316.701948
967,1000,stock,296.427270,45,3,312,0.207615,-1.572072,-1.572072,-0.299060,1.000097,8.683069,0.062718,8.617360,0,134,12,5.604409,0.0000500000,0,,,,,316.701948
968,1000,four_corner,277.656111,45,1,2101,0.207615,-1.572072,-1.572072,0.000000,1.000000,0.000000,0.000000,0.000000,0,134,0,0.000000,0.0000500000,0,,,,,316.701948
969,1000,vertical_wall_left,188.197504,29,3,256,0.207615,-1.572072,-1.572072,0.000000,1.000000,0.000000,0.000000,0.000000,0,134,0,0.000000,0.0000500000,0,,,,,316.701948
970,1000,vertical_wall_left,172.490464,27,3,293,0.207615,-1.572072,-1.572072,0.000000,1.000000,0.000000,0.000000,0.000000,0,134,0,0.000000,0.0000500000,0,,,,,316.701948
971,1000,stock,290.146106,44,3,282,0.207615,-1.572072,-1.572072,0.000000,1.000000,0.000000,0.000000,0.000000,0,134,0,0.000000,0.0000500000,0,,,,,316.701948
972,1000,vertical_wall_left,89.626764,15,3,165,0.207615,-1.572072,-1.572072,0.000000,1.000000,0.000000,0.000000,0.000000,0,134,0,0.000000,0.0000500000,0,,,,,316.701948
973,1000,crossing_lanes,435.974517,69,9,533,0.207615,-1.572072,-1.572072,0.000000,1.000000,0.000000,0.000000,0.000000,0,134,0,0.000000,0.0000500000,0,,,,,316.701948
974,1000,four_corner,738.704753,110,2,2101,0.206868,-1.575676,-1.575676,-0.306267,1.000037,8.047406,0.035698,8.008645,0,135,7,3.040317,0.0000500000,0,,,,,316.701948
975,1000,crossing_lanes,250.366630,42,9,330,0.206868,-1.575676,-1.575676,0.000000,1.000000,0.000000,0.000000,0.000000,0,135,0,0.000000,0.0000500000,0,,,,,316.701948
976,1000,four_corner,520.587888,81,3,1814,0.206868,-1.575676,-1.575676,0.000000,1.000000,0.000000,0.000000,0.000000,0,135,0,0.000000,0.0000500000,0,,,,,316.701948
977,1000,asteroid_rain,48.724147,9,3,132,0.206868,-1.575676,-1.575676,0.000000,1.000000,0.000000,0.000000,0.000000,0,135,0,0.000000,0.0000500000,0,,,,,316.701948
978,1000,four_corner,248.191588,39,3,1036,0.206868,-1.575676,-1.575676,0.000000,1.000000,0.000000,0.000000,0.000000,0,135,0,0.000000,0.0000500000,0,,,,,316.701948
979,1000,asteroid_rain,55.080236,10,3,139,0.206868,-1.575676,-1.575676,0.000000,1.000000,0.000000,0.000000,0.000000,0,135,0,0.000000,0.0000500000,0,,,,,316.701948
980,1000,crossing_lanes,387.476313,62,9,457,0.206868,-1.575676,-1.575676,0.000000,1.000000,0.000000,0.000000,0.000000,0,135,0,0.000000,0.0000500000,0,290.133498,253.861077,322,23,316.701948
981,1000,spiral_arms,157.511895,25,3,209,0.206124,-1.579279,-1.579279,-0.313474,1.000001,6.663658,0.073332,6.587191,0,136,7,5.329643,0.0000500000,0,,,,,316.701948
982,1000,crossing_lanes,531.557620,83,9,702,0.206124,-1.579279,-1.579279,0.000000,1.000000,0.000000,0.000000,0.000000,0,136,0,0.000000,0.0000500000,0,,,,,316.701948
983,1000,vertical_wall_left,104.267928,17,3,237,0.206124,-1.579279,-1.579279,0.000000,1.000000,0.000000,0.000000,0.000000,0,136,0,0.000000,0.0000500000,0,,,,,316.701948
984,1000,asteroid_rain,41.294457,8,3,133,0.206124,-1.579279,-1.579279,0.000000,1.000000,0.000000,0.000000,0.000000,0,136,0,0.000000,0.0000500000,0,,,,,316.701948
985,1000,asteroid_rain,41.540306,8,3,132,0.206124,-1.579279,-1.579279,0.000000,1.000000,0.000000,0.000000,0.000000,0,136,0,0.000000,0.0000500000,0,,,,,316.701948
986,1000,crossing_lanes,1000.292041,152,9,1919,0.206124,-1.579279,-1.579279,0.000000,1.000000,0.000000,0.000000,0.000000,0,136,0,0.000000,0.0000500000,0,,,,,316.701948
987,1000,spiral_arms,179.713062,28,3,174,0.206124,-1.579279,-1.579279,0.000000,1.000000,0.000000,0.000000,0.000000,0,136,0,0.000000,0.0000500000,0,,,,,316.701948
988,1000,asteroid_rain,248.511312,38,3,326,0.206124,-1.579279,-1.579279,0.000000,1.000000,0.000000,0.000000,0.000000,0,136,0,0.000000,0.0000500000,0,,,,,316.701948
989,1000,four_corner,365.896275,55,3,756,0.205382,-1.582883,-1.582883,-0.320681,0.999981,6.649645,0.060327,6.586112,0,137,8,8.225603,0.0000500000,0,,,,,316.701948
990,1000,spiral_arms,118.928855,19,3,83,0.205382,-1.582883,-1.582883,0.000000,1.000000,0.000000,0.000000,0.000000,0,137,0,0.000000,0.0000500000,0,,,,,316.701948
991,1000,vertical_wall_left,118.474281,19,3,318,0.205382,-1.582883,-1.582883,0.000000,1.000000,0.000000,0.000000,0.000000,0,137,0,0.000000,0.0000500000,0,,,,,316.701948
992,1000,crossing_lanes,444.091263,70,9,488,0.205382,-1.582883,-1.582883,0.000000,1.000000,0.000000,0.000000,0.000000,0,137,0,0.000000,0.0000500000,0,,,,,316.701948
993,1000,spiral_arms,118.554433,19,3,95,0.205382,-1.582883,-1.582883,0.000000,1.000000,0.000000,0.000000,0.000000,0,137,0,0.000000,0.0000500000,0,,,,,316.701948
994,1000,vertical_wall_left,90.617963,15,3,243,0.205382,-1.582883,-1.582883,0.000000,1.000000,0.000000,0.000000,0.000000,0,137,0,0.000000,0.0000500000,0,,,,,316.701948
995,1000,crossing_lanes,207.619048,36,9,286,0.205382,-1.582883,-1.582883,0.000000,1.000000,0.000000,0.000000,0.000000,0,137,0,0.000000,0.0000500000,0,,,,,316.701948
996,1000,donut_ring,449.897390,68,1,1801,0.205382,-1.582883,-1.582883,0.000000,1.000000,0.000000,0.000000,0.000000,0,137,0,0.000000,0.0000500000,0,,,,,316.701948
997,1000,asteroid_rain,41.537360,8,3,131,0.204643,-1.586486,-1.586486,-0.327889,1.000040,7.893861,0.058189,7.832393,0,138,8,7.034672,0.0000500000,0,,,,,316.701948
998,1000,four_corner,504.084654,76,0,2101,0.204643,-1.586486,-1.586486,0.000000,1.000000,0.000000,0.000000,0.000000,0,138,0,0.000000,0.0000500000,0,,,,,316.701948
999,1000,asteroid_rain,48.039752,9,3,139,0.204643,-1.586486,-1.586486,0.000000,1.000000,0.000000,0.000000,0.000000,0,138,0,0.000000,0.0000500000,0,,,,,316.701948
1000,1000,vertical_wall_left,164.041195,26,3,290,0.204643,-1.586486,-1.586486,0.000000,1.000000,0.000000,0.000000,0.000000,0,138,0,0.000000,0.0000500000,0,251.588468,220.147632,280,22,316.701948
