episode,total_episodes,scenario,reward,hits,deaths,steps,std,log_std_0,log_std_1,entropy,ratio,total_loss,policy_loss,value_loss,skipped,ppo_update_count,pool_episodes,adv_std_spread,learning_rate,policy_frozen,det_train_avg,det_all_avg,det_total_hits,det_total_deaths,best_reward_so_far
1,1000,crossing_lanes,600.000073,93,9,767,0.367879,-1.000000,-1.000000,0.000000,1.000000,0.000000,0.000000,0.000000,0,0,0,0.000000,0.0000500000,0,,,,,195.403488
2,1000,crossing_lanes,848.507840,130,9,1334,0.367879,-1.000000,-1.000000,0.000000,1.000000,0.000000,0.000000,0.000000,0,0,0,0.000000,0.0000500000,0,,,,,195.403488
3,1000,spiral_arms,106.014633,17,3,42,0.367879,-1.000000,-1.000000,0.000000,1.000000,0.000000,0.000000,0.000000,0,0,0,0.000000,0.0000500000,0,,,,,195.403488
4,1000,crossing_lanes,444.114513,70,9,408,0.367879,-1.000000,-1.000000,0.000000,1.000000,0.000000,0.000000,0.000000,0,0,0,0.000000,0.0000500000,0,,,,,195.403488
5,1000,spiral_arms,180.446680,28,3,142,0.367879,-1.000000,-1.000000,0.000000,1.000000,0.000000,0.000000,0.000000,0,0,0,0.000000,0.0000500000,0,,,,,195.403488
6,1000,spiral_arms,125.520211,20,3,97,0.367879,-1.000000,-1.000000,0.000000,1.000000,0.000000,0.000000,0.000000,0,0,0,0.000000,0.0000500000,0,,,,,195.403488
7,1000,asteroid_rain,172.075795,27,3,325,0.367879,-1.000000,-1.000000,0.000000,1.000000,0.000000,0.000000,0.000000,0,0,0,0.000000,0.0000500000,0,,,,,195.403488
8,1000,crossing_lanes,627.980026,97,9,799,0.367879,-1.000000,-1.000000,0.000000,1.000000,0.000000,0.000000,0.000000,0,0,0,0.000000,0.0000500000,0,,,,,195.403488
9,1000,crossing_lanes,567.158695,88,9,751,0.367879,-1.000000,-1.000000,0.000000,1.000000,0.000000,0.000000,0.000000,0,0,0,0.000000,0.0000500000,0,,,,,195.403488
10,1000,spiral_arms,98.998379,16,3,42,0.367879,-1.000000,-1.000000,0.000000,1.000000,0.000000,0.000000,0.000000,0,0,0,0.000000,0.0000500000,0,,,,,195.403488
11,1000,crossing_lanes,614.527097,96,9,906,0.367879,-1.000000,-1.000000,0.000000,1.000000,0.000000,0.000000,0.000000,0,0,0,0.000000,0.0000500000,0,,,,,195.403488
12,1000,asteroid_rain,178.864706,28,3,271,0.367879,-1.000000,-1.000000,0.000000,1.000000,0.000000,0.000000,0.000000,0,0,0,0.000000,0.0000500000,0,,,,,195.403488
13,1000,spiral_arms,241.820258,37,3,206,0.367879,-1.000000,-1.000000,0.000000,1.000000,0.000000,0.000000,0.000000,0,0,0,0.000000,0.0000500000,0,,,,,195.403488
14,1000,asteroid_rain,556.879657,83,3,821,0.367879,-1.000000,-1.000000,0.000000,1.000000,0.000000,0.000000,0.000000,0,0,0,0.000000,0.0000500000,0,,,,,195.403488
15,1000,spiral_arms,132.631146,21,3,95,0.367879,-1.000000,-1.000000,0.000000,1.000000,0.000000,0.000000,0.000000,0,0,0,0.000000,0.0000500000,0,,,,,195.403488
16,1000,spiral_arms,165.036587,26,3,166,0.367879,-1.000000,-1.000000,0.000000,1.000000,0.000000,0.000000,0.000000,0,0,0,0.000000,0.0000500000,0,,,,,195.403488
17,1000,spiral_arms,111.653109,18,3,94,0.367879,-1.000000,-1.000000,0.000000,1.000000,0.000000,0.000000,0.000000,0,0,0,0.000000,0.0000500000,0,,,,,195.403488
18,1000,asteroid_rain,89.825120,15,3,143,0.367879,-1.000000,-1.000000,0.000000,1.000000,0.000000,0.000000,0.000000,0,0,0,0.000000,0.0000500000,0,,,,,195.403488
19,1000,crossing_lanes,421.298673,67,9,473,0.367879,-1.000000,-1.000000,0.000000,1.000000,0.000000,0.000000,0.000000,0,0,0,0.000000,0.0000500000,0,,,,,195.403488
20,1000,crossing_lanes,546.009643,86,9,898,0.367879,-1.000000,-1.000000,0.000000,1.000000,0.000000,0.000000,0.000000,0,0,0,0.000000,0.0000500000,0,195.403488,223.009097,287,23,195.403488
21,1000,asteroid_rain,190.669703,30,3,382,0.367879,-1.000000,-1.000000,0.000000,1.000000,0.000000,0.000000,0.000000,0,0,0,0.000000,0.0000500000,0,,,,,195.403488
22,1000,spiral_arms,139.741238,22,3,88,0.367879,-1.000000,-1.000000,0.000000,1.000000,0.000000,0.000000,0.000000,0,0,0,0.000000,0.0000500000,0,,,,,195.403488
23,1000,asteroid_rain,48.536414,9,3,132,0.367879,-1.000000,-1.000000,0.000000,1.000000,0.000000,0.000000,0.000000,0,0,0,0.000000,0.0000500000,0,,,,,195.403488
24,1000,spiral_arms,132.608905,21,3,95,0.367879,-1.000000,-1.000000,0.000000,1.000000,0.000000,0.000000,0.000000,0,0,0,0.000000,0.0000500000,0,,,,,195.403488
25,1000,spiral_arms,97.798857,16,3,93,0.367879,-1.000000,-1.000000,0.000000,1.000000,0.000000,0.000000,0.000000,0,0,0,0.000000,0.0000500000,0,,,,,195.403488
26,1000,spiral_arms,166.136242,26,3,165,0.367879,-1.000000,-1.000000,0.000000,1.000000,0.000000,0.000000,0.000000,0,0,0,0.000000,0.0000500000,0,,,,,195.403488
27,1000,asteroid_rain,248.055165,38,3,311,0.367879,-1.000000,-1.000000,0.000000,1.000000,0.000000,0.000000,0.000000,0,0,0,0.000000,0.0000500000,0,,,,,195.403488
28,1000,asteroid_rain,69.354172,12,3,143,0.367879,-1.000000,-1.000000,0.000000,1.000000,0.000000,0.000000,0.000000,0,0,0,0.000000,0.0000500000,0,,,,,195.403488
29,1000,spiral_arms,104.863018,17,3,85,0.367879,-1.000000,-1.000000,0.000000,1.000000,0.000000,0.000000,0.000000,0,0,0,0.000000,0.0000500000,0,,,,,195.403488
30,1000,spiral_arms,124.789930,20,3,127,0.367879,-1.000000,-1.000000,0.000000,1.000000,0.000000,0.000000,0.000000,0,0,0,0.000000,0.0000500000,0,,,,,195.403488
31,1000,asteroid_rain,34.388052,7,3,132,0.367879,-1.000000,-1.000000,0.000000,1.000000,0.000000,0.000000,0.000000,0,0,0,0.000000,0.0000500000,0,,,,,195.403488
32,1000,spiral_arms,92.229040,15,3,37,0.367879,-1.000000,-1.000000,0.000000,1.000000,0.000000,0.000000,0.000000,0,0,0,0.000000,0.0000500000,0,,,,,195.403488
33,1000,crossing_lanes,607.743233,94,9,690,0.367879,-1.000000,-1.000000,0.000000,1.000000,0.000000,0.000000,0.000000,0,0,0,0.000000,0.0000500000,0,,,,,195.403488
34,1000,spiral_arms,133.060145,21,3,76,0.367879,-1.000000,-1.000000,0.000000,1.000000,0.000000,0.000000,0.000000,0,0,0,0.000000,0.0000500000,0,,,,,195.403488
35,1000,crossing_lanes,285.720010,47,9,321,0.367879,-1.000000,-1.000000,0.000000,1.000000,0.000000,0.000000,0.000000,0,0,0,0.000000,0.0000500000,0,,,,,195.403488
36,1000,spiral_arms,125.224715,20,3,109,0.367879,-1.000000,-1.000000,0.000000,1.000000,0.000000,0.000000,0.000000,0,0,0,0.000000,0.0000500000,0,,,,,195.403488
37,1000,spiral_arms,125.542304,20,3,94,0.367879,-1.000000,-1.000000,0.000000,1.000000,0.000000,0.000000,0.000000,0,0,0,0.000000,0.0000500000,0,,,,,195.403488
38,1000,asteroid_rain,199.346341,31,3,320,0.367879,-1.000000,-1.000000,0.000000,1.000000,0.000000,0.000000,0.000000,0,0,0,0.000000,0.0000500000,0,,,,,195.403488
39,1000,asteroid_rain,76.724460,13,3,130,0.367879,-1.000000,-1.000000,0.000000,1.000000,0.000000,0.000000,0.000000,0,0,0,0.000000,0.0000500000,0,,,,,195.403488
40,1000,spiral_arms,161.073846,25,3,75,0.367879,-1.000000,-1.000000,0.000000,1.000000,0.000000,0.000000,0.000000,0,0,0,0.000000,0.0000500000,0,195.403488,223.009097,287,23,195.403488
41,1000,crossing_lanes,428.964071,68,9,469,0.367879,-1.000000,-1.000000,0.000000,1.000000,0.000000,0.000000,0.000000,0,0,0,0.000000,0.0000500000,0,,,,,195.403488
42,1000,asteroid_rain,55.451014,10,3,130,0.367879,-1.000000,-1.000000,0.000000,1.000000,0.000000,0.000000,0.000000,0,0,0,0.000000,0.0000500000,0,,,,,195.403488
43,1000,spiral_arms,283.246684,43,3,203,0.367879,-1.000000,-1.000000,0.000000,1.000000,0.000000,0.000000,0.000000,0,0,0,0.000000,0.0000500000,0,,,,,195.403488
44,1000,asteroid_rain,39.133075,8,3,261,0.367879,-1.000000,-1.000000,0.000000,1.000000,0.000000,0.000000,0.000000,0,0,0,0.000000,0.0000500000,0,,,,,195.403488
45,1000,crossing_lanes,770.635985,118,9,1316,0.367879,-1.000000,-1.000000,0.000000,1.000000,0.000000,0.000000,0.000000,0,0,0,0.000000,0.0000500000,0,,,,,195.403488
46,1000,crossing_lanes,637.357796,99,9,885,0.367879,-1.000000,-1.000000,0.000000,1.000000,0.000000,0.000000,0.000000,0,0,0,0.000000,0.0000500000,0,,,,,195.403488
47,1000,crossing_lanes,566.259383,88,9,635,0.367879,-1.000000,-1.000000,0.000000,1.000000,0.000000,0.000000,0.000000,0,0,0,0.000000,0.0000500000,0,,,,,195.403488
48,1000,spiral_arms,262.944525,40,3,203,0.367879,-1.000000,-1.000000,0.000000,1.000000,0.000000,0.000000,0.000000,0,0,0,0.000000,0.0000500000,0,,,,,195.403488
49,1000,crossing_lanes,289.970903,48,9,448,0.367879,-1.000000,-1.000000,0.000000,1.000000,0.000000,0.000000,0.000000,0,0,0,0.000000,0.0000500000,0,,,,,195.403488
50,1000,asteroid_rain,139.552071,22,3,139,0.367879,-1.000000,-1.000000,0.000000,1.000000,0.000000,0.000000,0.000000,0,0,0,0.000000,0.0000500000,0,,,,,195.403488
51,1000,crossing_lanes,552.095103,86,9,583,0.367879,-1.000000,-1.000000,0.000000,1.000000,0.000000,0.000000,0.000000,0,0,0,0.000000,0.0000500000,0,,,,,195.403488
52,1000,asteroid_rain,310.363237,47,3,439,0.367879,-1.000000,-1.000000,0.000000,1.000000,0.000000,0.000000,0.000000,0,0,0,0.000000,0.0000500000,0,,,,,195.403488
53,1000,spiral_arms,331.779538,50,3,266,0.367879,-1.000000,-1.000000,0.000000,1.000000,0.000000,0.000000,0.000000,0,0,0,0.000000,0.0000500000,0,,,,,195.403488
54,1000,spiral_arms,105.998720,17,3,42,0.367879,-1.000000,-1.000000,0.000000,1.000000,0.000000,0.000000,0.000000,0,0,0,0.000000,0.0000500000,0,,,,,195.403488
55,1000,crossing_lanes,411.869868,66,9,630,0.367879,-1.000000,-1.000000,0.000000,1.000000,0.000000,0.000000,0.000000,0,0,0,0.000000,0.0000500000,0,,,,,195.403488
56,1000,asteroid_rain,206.698070,32,3,280,0.367879,-1.000000,-1.000000,0.000000,1.000000,0.000000,0.000000,0.000000,0,0,0,0.000000,0.0000500000,0,,,,,195.403488
57,1000,asteroid_rain,214.014173,33,3,275,0.367879,-1.000000,-1.000000,0.000000,1.000000,0.000000,0.000000,0.000000,0,0,0,0.000000,0.0000500000,0,,,,,195.403488
58,1000,spiral_arms,235.568315,36,3,173,0.367879,-1.000000,-1.000000,0.000000,1.000000,0.000000,0.000000,0.000000,0,0,0,0.000000,0.0000500000,0,,,,,195.403488
59,1000,asteroid_rain,289.202038,44,3,430,0.367879,-1.000000,-1.000000,0.000000,1.000000,0.000000,0.000000,0.000000,0,0,0,0.000000,0.0000500000,0,,,,,195.403488
60,1000,spiral_arms,599.600741,89,3,529,0.367879,-1.000000,-1.000000,0.000000,1.000000,0.000000,0.000000,0.000000,0,0,0,0.000000,0.0000500000,0,195.403488,223.009097,287,23,195.403488
61,1000,spiral_arms,187.280757,29,3,152,0.367879,-1.000000,-1.000000,0.000000,1.000000,0.000000,0.000000,0.000000,0,0,0,0.000000,0.0000500000,0,,,,,195.403488
62,1000,crossing_lanes,690.028358,106,9,874,0.367879,-1.000000,-1.000000,0.000000,1.000000,0.000000,0.000000,0.000000,0,0,0,0.000000,0.0000500000,0,,,,,195.403488
63,1000,asteroid_rain,55.559181,10,3,131,0.367879,-1.000000,-1.000000,0.000000,1.000000,0.000000,0.000000,0.000000,0,0,0,0.000000,0.0000500000,0,,,,,195.403488
64,1000,spiral_arms,104.710638,17,3,92,0.367879,-1.000000,-1.000000,0.000000,1.000000,0.000000,0.000000,0.000000,0,0,0,0.000000,0.0000500000,0,,,,,195.403488
65,1000,crossing_lanes,146.972261,27,9,213,0.367879,-1.000000,-1.000000,0.000000,1.000000,0.000000,0.000000,0.000000,0,0,0,0.000000,0.0000500000,0,,,,,195.403488
66,1000,crossing_lanes,399.195170,64,9,596,0.367879,-1.000000,-1.000000,0.000000,1.000000,0.000000,0.000000,0.000000,0,0,0,0.000000,0.0000500000,0,,,,,195.403488
67,1000,asteroid_rain,366.684606,55,3,428,0.367879,-1.000000,-1.000000,0.000000,1.000000,0.000000,0.000000,0.000000,0,0,0,0.000000,0.0000500000,0,,,,,195.403488
68,1000,asteroid_rain,255.559875,39,3,301,0.367879,-1.000000,-1.000000,0.000000,1.000000,0.000000,0.000000,0.000000,0,0,0,0.000000,0.0000500000,0,,,,,195.403488
69,1000,crossing_lanes,338.254375,55,9,461,0.367879,-1.000000,-1.000000,0.000000,1.000000,0.000000,0.000000,0.000000,0,0,0,0.000000,0.0000500000,0,,,,,195.403488
70,1000,crossing_lanes,846.779697,129,9,1174,0.367879,-1.000000,-1.000000,0.000000,1.000000,0.000000,0.000000,0.000000,0,0,0,0.000000,0.0000500000,0,,,,,195.403488
71,1000,crossing_lanes,332.931958,54,9,357,0.367879,-1.000000,-1.000000,0.000000,1.000000,0.000000,0.000000,0.000000,0,0,0,0.000000,0.0000500000,0,,,,,195.403488
72,1000,asteroid_rain,557.003957,83,3,770,0.367879,-1.000000,-1.000000,0.000000,1.000000,0.000000,0.000000,0.000000,0,0,0,0.000000,0.0000500000,0,,,,,195.403488
73,1000,crossing_lanes,580.650810,90,9,680,0.367879,-1.000000,-1.000000,0.000000,1.000000,0.000000,0.000000,0.000000,0,0,0,0.000000,0.0000500000,0,,,,,195.403488
74,1000,spiral_arms,132.461459,21,3,96,0.367879,-1.000000,-1.000000,0.000000,1.000000,0.000000,0.000000,0.000000,0,0,0,0.000000,0.0000500000,0,,,,,195.403488
75,1000,asteroid_rain,62.549975,11,3,134,0.367879,-1.000000,-1.000000,0.000000,1.000000,0.000000,0.000000,0.000000,0,0,0,0.000000,0.0000500000,0,,,,,195.403488
76,1000,asteroid_rain,233.920602,36,3,313,0.367879,-1.000000,-1.000000,0.000000,1.000000,0.000000,0.000000,0.000000,0,0,0,0.000000,0.0000500000,0,,,,,195.403488
77,1000,crossing_lanes,318.337881,52,9,374,0.367879,-1.000000,-1.000000,0.000000,1.000000,0.000000,0.000000,0.000000,0,0,0,0.000000,0.0000500000,0,,,,,195.403488
78,1000,asteroid_rain,220.253388,34,3,300,0.367879,-1.000000,-1.000000,0.000000,1.000000,0.000000,0.000000,0.000000,0,0,0,0.000000,0.0000500000,0,,,,,195.403488
79,1000,asteroid_rain,304.816096,46,3,330,0.367879,-1.000000,-1.000000,0.000000,1.000000,0.000000,0.000000,0.000000,0,0,0,0.000000,0.0000500000,0,,,,,195.403488
80,1000,asteroid_rain,62.468342,11,3,133,0.367879,-1.000000,-1.000000,0.000000,1.000000,0.000000,0.000000,0.000000,0,0,0,0.000000,0.0000500000,0,195.403488,223.009097,287,23,195.403488
81,1000,spiral_arms,172.991642,27,3,149,0.367879,-1.000000,-1.000000,0.000000,1.000000,0.000000,0.000000,0.000000,0,0,0,0.000000,0.0000500000,0,,,,,195.403488
82,1000,crossing_lanes,584.624387,91,9,925,0.367879,-1.000000,-1.000000,0.000000,1.000000,0.000000,0.000000,0.000000,0,0,0,0.000000,0.0000500000,0,,,,,195.403488
83,1000,asteroid_rain,253.777946,39,3,413,0.367879,-1.000000,-1.000000,0.000000,1.000000,0.000000,0.000000,0.000000,0,0,0,0.000000,0.0000500000,0,,,,,195.403488
84,1000,asteroid_rain,281.142310,43,3,434,0.367879,-1.000000,-1.000000,0.000000,1.000000,0.000000,0.000000,0.000000,0,0,0,0.000000,0.0000500000,0,,,,,195.403488
85,1000,spiral_arms,236.563069,36,3,164,0.367879,-1.000000,-1.000000,0.000000,1.000000,0.000000,0.000000,0.000000,0,0,0,0.000000,0.0000500000,0,,,,,195.403488
86,1000,crossing_lanes,448.419678,71,9,671,0.367879,-1.000000,-1.000000,0.000000,1.000000,0.000000,0.000000,0.000000,0,0,0,0.000000,0.0000500000,0,,,,,195.403488
87,1000,spiral_arms,139.503444,22,3,95,0.367879,-1.000000,-1.000000,0.000000,1.000000,0.000000,0.000000,0.000000,0,0,0,0.000000,0.0000500000,0,,,,,195.403488
88,1000,asteroid_rain,179.864032,28,3,278,0.367879,-1.000000,-1.000000,0.000000,1.000000,0.000000,0.000000,0.000000,0,0,0,0.000000,0.0000500000,0,,,,,195.403488
89,1000,asteroid_rain,510.226277,76,3,750,0.367879,-1.000000,-1.000000,0.000000,1.000000,0.000000,0.000000,0.000000,0,0,0,0.000000,0.0000500000,0,,,,,195.403488
90,1000,crossing_lanes,305.813878,50,9,341,0.367879,-1.000000,-1.000000,0.000000,1.000000,0.000000,0.000000,0.000000,0,0,0,0.000000,0.0000500000,0,,,,,195.403488
91,1000,asteroid_rain,180.971110,28,3,162,0.367879,-1.000000,-1.000000,0.000000,1.000000,0.000000,0.000000,0.000000,0,0,0,0.000000,0.0000500000,0,,,,,195.403488
92,1000,spiral_arms,262.752394,40,3,202,0.367879,-1.000000,-1.000000,0.000000,1.000000,0.000000,0.000000,0.000000,0,0,0,0.000000,0.0000500000,0,,,,,195.403488
93,1000,spiral_arms,222.342469,34,3,151,0.367879,-1.000000,-1.000000,0.000000,1.000000,0.000000,0.000000,0.000000,0,0,0,0.000000,0.0000500000,0,,,,,195.403488
94,1000,asteroid_rain,118.639519,19,3,137,0.367879,-1.000000,-1.000000,0.000000,1.000000,0.000000,0.000000,0.000000,0,0,0,0.000000,0.0000500000,0,,,,,195.403488
95,1000,crossing_lanes,270.940788,45,9,324,0.367879,-1.000000,-1.000000,0.000000,1.000000,0.000000,0.000000,0.000000,0,0,0,0.000000,0.0000500000,0,,,,,195.403488
96,1000,crossing_lanes,339.992812,55,9,366,0.367879,-1.000000,-1.000000,0.000000,1.000000,0.000000,0.000000,0.000000,0,0,0,0.000000,0.0000500000,0,,,,,195.403488
97,1000,asteroid_rain,41.401035,8,3,130,0.367879,-1.000000,-1.000000,0.000000,1.000000,0.000000,0.000000,0.000000,0,0,0,0.000000,0.0000500000,0,,,,,195.403488
98,1000,crossing_lanes,257.180957,43,9,309,0.367879,-1.000000,-1.000000,0.000000,1.000000,0.000000,0.000000,0.000000,0,0,0,0.000000,0.0000500000,0,,,,,195.403488
99,1000,asteroid_rain,347.546806,52,3,287,0.367879,-1.000000,-1.000000,0.000000,1.000000,0.000000,0.000000,0.000000,0,0,0,0.000000,0.0000500000,0,,,,,195.403488
100,1000,asteroid_rain,152.378563,24,3,173,0.367879,-1.000000,-1.000000,0.000000,1.000000,0.000000,0.000000,0.000000,0,0,0,0.000000,0.0000500000,0,195.403488,223.009097,287,23,195.403488
101,1000,crossing_lanes,475.775705,75,9,604,0.367879,-1.000000,-1.000000,0.000000,1.000000,0.000000,0.000000,0.000000,0,0,0,0.000000,0.0000500000,0,,,,,195.403488
102,1000,asteroid_rain,421.089500,63,3,562,0.367879,-1.000000,-1.000000,0.000000,1.000000,0.000000,0.000000,0.000000,0,0,0,0.000000,0.0000500000,0,,,,,195.403488
103,1000,asteroid_rain,221.013852,34,3,318,0.367879,-1.000000,-1.000000,0.000000,1.000000,0.000000,0.000000,0.000000,0,0,0,0.000000,0.0000500000,0,,,,,195.403488
104,1000,crossing_lanes,490.612475,77,9,518,0.367879,-1.000000,-1.000000,0.000000,1.000000,0.000000,0.000000,0.000000,0,0,0,0.000000,0.0000500000,0,,,,,195.403488
105,1000,spiral_arms,453.316178,68,3,406,0.367879,-1.000000,-1.000000,0.000000,1.000000,0.000000,0.000000,0.000000,0,0,0,0.000000,0.0000500000,0,,,,,195.403488
106,1000,asteroid_rain,464.851846,70,3,700,0.367879,-1.000000,-1.000000,0.000000,1.000000,0.000000,0.000000,0.000000,0,0,0,0.000000,0.0000500000,0,,,,,195.403488
107,1000,asteroid_rain,444.165650,66,3,443,0.367879,-1.000000,-1.000000,0.000000,1.000000,0.000000,0.000000,0.000000,0,0,0,0.000000,0.0000500000,0,,,,,195.403488
108,1000,crossing_lanes,509.781168,80,9,642,0.367879,-1.000000,-1.000000,0.000000,1.000000,0.000000,0.000000,0.000000,0,0,0,0.000000,0.0000500000,0,,,,,195.403488
109,1000,crossing_lanes,625.930227,97,9,826,0.367879,-1.000000,-1.000000,0.000000,1.000000,0.000000,0.000000,0.000000,0,0,0,0.000000,0.0000500000,0,,,,,195.403488
110,1000,asteroid_rain,131.701264,21,3,172,0.367879,-1.000000,-1.000000,0.000000,1.000000,0.000000,0.000000,0.000000,0,0,0,0.000000,0.0000500000,0,,,,,195.403488
111,1000,crossing_lanes,1012.882486,153,7,2101,0.367879,-1.000000,-1.000000,0.000000,1.000000,0.000000,0.000000,0.000000,0,0,0,0.000000,0.0000500000,0,,,,,195.403488
112,1000,asteroid_rain,220.596715,34,3,314,0.367879,-1.000000,-1.000000,0.000000,1.000000,0.000000,0.000000,0.000000,0,0,0,0.000000,0.0000500000,0,,,,,195.403488
113,1000,crossing_lanes,485.003406,76,9,549,0.367879,-1.000000,-1.000000,0.000000,1.000000,0.000000,0.000000,0.000000,0,0,0,0.000000,0.0000500000,0,,,,,195.403488
114,1000,spiral_arms,139.654418,22,3,85,0.367879,-1.000000,-1.000000,0.000000,1.000000,0.000000,0.000000,0.000000,0,0,0,0.000000,0.0000500000,0,,,,,195.403488
115,1000,spiral_arms,112.262509,18,3,70,0.367879,-1.000000,-1.000000,0.000000,1.000000,0.000000,0.000000,0.000000,0,0,0,0.000000,0.0000500000,0,,,,,195.403488
116,1000,asteroid_rain,221.534277,34,3,280,0.367879,-1.000000,-1.000000,0.000000,1.000000,0.000000,0.000000,0.000000,0,0,0,0.000000,0.0000500000,0,,,,,195.403488
117,1000,crossing_lanes,267.691733,45,9,437,0.367879,-1.000000,-1.000000,0.000000,1.000000,0.000000,0.000000,0.000000,0,0,0,0.000000,0.0000500000,0,,,,,195.403488
118,1000,crossing_lanes,1003.675091,153,9,2073,0.367879,-1.000000,-1.000000,0.000000,1.000000,0.000000,0.000000,0.000000,0,0,0,0.000000,0.0000500000,0,,,,,195.403488
119,1000,crossing_lanes,202.403383,35,9,236,0.367879,-1.000000,-1.000000,0.000000,1.000000,0.000000,0.000000,0.000000,0,0,0,0.000000,0.0000500000,0,,,,,195.403488
120,1000,asteroid_rain,55.470907,10,3,132,0.367879,-1.000000,-1.000000,0.000000,1.000000,0.000000,0.000000,0.000000,0,0,0,0.000000,0.0000500000,0,195.403488,223.009097,287,23,195.403488
121,1000,asteroid_rain,309.200452,47,3,410,0.367879,-1.000000,-1.000000,0.000000,1.000000,0.000000,0.000000,0.000000,0,0,0,0.000000,0.0000500000,0,,,,,195.403488
122,1000,spiral_arms,208.974290,32,3,165,0.367879,-1.000000,-1.000000,0.000000,1.000000,0.000000,0.000000,0.000000,0,0,0,0.000000,0.0000500000,0,,,,,195.403488
123,1000,spiral_arms,104.772204,17,3,89,0.367879,-1.000000,-1.000000,0.000000,1.000000,0.000000,0.000000,0.000000,0,0,0,0.000000,0.0000500000,0,,,,,195.403488
124,1000,crossing_lanes,810.947117,124,9,1152,0.367879,-1.000000,-1.000000,0.000000,1.000000,0.000000,0.000000,0.000000,0,0,0,0.000000,0.0000500000,0,,,,,195.403488
125,1000,spiral_arms,90.490129,15,3,100,0.367879,-1.000000,-1.000000,0.000000,1.000000,0.000000,0.000000,0.000000,0,0,0,0.000000,0.0000500000,0,,,,,195.403488
126,1000,spiral_arms,222.043126,34,3,159,0.367879,-1.000000,-1.000000,0.000000,1.000000,0.000000,0.000000,0.000000,0,0,0,0.000000,0.0000500000,0,,,,,195.403488
127,1000,asteroid_rain,41.307043,8,3,132,0.367879,-1.000000,-1.000000,0.000000,1.000000,0.000000,0.000000,0.000000,0,0,0,0.000000,0.0000500000,0,,,,,195.403488
128,1000,asteroid_rain,324.135032,49,3,412,0.367879,-1.000000,-1.000000,0.000000,1.000000,0.000000,0.000000,0.000000,0,0,0,0.000000,0.0000500000,0,,,,,195.403488
129,1000,crossing_lanes,655.040811,102,9,1077,0.367879,-1.000000,-1.000000,0.000000,1.000000,0.000000,0.000000,0.000000,0,0,0,0.000000,0.0000500000,0,,,,,195.403488
130,1000,crossing_lanes,612.675013,95,9,790,0.367879,-1.000000,-1.000000,0.000000,1.000000,0.000000,0.000000,0.000000,0,0,0,0.000000,0.0000500000,0,,,,,195.403488
131,1000,asteroid_rain,319.753363,48,3,307,0.367879,-1.000000,-1.000000,0.000000,1.000000,0.000000,0.000000,0.000000,0,0,0,0.000000,0.0000500000,0,,,,,195.403488
132,1000,asteroid_rain,179.453912,28,3,275,0.367879,-1.000000,-1.000000,0.000000,1.000000,0.000000,0.000000,0.000000,0,0,0,0.000000,0.0000500000,0,,,,,195.403488
133,1000,spiral_arms,111.799171,18,3,86,0.367879,-1.000000,-1.000000,0.000000,1.000000,0.000000,0.000000,0.000000,0,0,0,0.000000,0.0000500000,0,,,,,195.403488
134,1000,crossing_lanes,333.890562,54,9,326,0.367879,-1.000000,-1.000000,0.000000,1.000000,0.000000,0.000000,0.000000,0,0,0,0.000000,0.0000500000,0,,,,,195.403488
135,1000,asteroid_rain,97.189696,16,3,146,0.367879,-1.000000,-1.000000,0.000000,1.000000,0.000000,0.000000,0.000000,0,0,0,0.000000,0.0000500000,0,,,,,195.403488
136,1000,crossing_lanes,214.749542,37,9,316,0.367879,-1.000000,-1.000000,0.000000,1.000000,0.000000,0.000000,0.000000,0,0,0,0.000000,0.0000500000,0,,,,,195.403488
137,1000,spiral_arms,248.491587,38,3,203,0.367879,-1.000000,-1.000000,0.000000,1.000000,0.000000,0.000000,0.000000,0,0,0,0.000000,0.0000500000,0,,,,,195.403488
138,1000,asteroid_rain,150.429058,24,3,301,0.367879,-1.000000,-1.000000,0.000000,1.000000,0.000000,0.000000,0.000000,0,0,0,0.000000,0.0000500000,0,,,,,195.403488
139,1000,crossing_lanes,695.007409,107,9,860,0.367879,-1.000000,-1.000000,0.000000,1.000000,0.000000,0.000000,0.000000,0,0,0,0.000000,0.0000500000,0,,,,,195.403488
140,1000,spiral_arms,132.497365,21,3,95,0.367879,-1.000000,-1.000000,0.000000,1.000000,0.000000,0.000000,0.000000,0,0,0,0.000000,0.0000500000,0,195.403488,223.009097,287,23,195.403488
141,1000,crossing_lanes,1034.840988,156,8,2101,0.367879,-1.000000,-1.000000,0.000000,1.000000,0.000000,0.000000,0.000000,0,0,0,0.000000,0.0000500000,0,,,,,195.403488
142,1000,spiral_arms,221.273970,34,3,224,0.367879,-1.000000,-1.000000,0.000000,1.000000,0.000000,0.000000,0.000000,0,0,0,0.000000,0.0000500000,0,,,,,195.403488
143,1000,asteroid_rain,47.993256,9,3,139,0.367879,-1.000000,-1.000000,0.000000,1.000000,0.000000,0.000000,0.000000,0,0,0,0.000000,0.0000500000,0,,,,,195.403488
144,1000,spiral_arms,213.248359,33,3,215,0.367879,-1.000000,-1.000000,0.000000,1.000000,0.000000,0.000000,0.000000,0,0,0,0.000000,0.0000500000,0,,,,,195.403488
145,1000,crossing_lanes,365.804951,59,9,511,0.367879,-1.000000,-1.000000,0.000000,1.000000,0.000000,0.000000,0.000000,0,0,0,0.000000,0.0000500000,0,,,,,195.403488
146,1000,crossing_lanes,389.498089,62,9,431,0.367879,-1.000000,-1.000000,0.000000,1.000000,0.000000,0.000000,0.000000,0,0,0,0.000000,0.0000500000,0,,,,,195.403488
147,1000,crossing_lanes,309.180883,51,9,473,0.367879,-1.000000,-1.000000,0.000000,1.000000,0.000000,0.000000,0.000000,0,0,0,0.000000,0.0000500000,0,,,,,195.403488
148,1000,asteroid_rain,62.605458,11,3,130,0.367879,-1.000000,-1.000000,0.000000,1.000000,0.000000,0.000000,0.000000,0,0,0,0.000000,0.0000500000,0,,,,,195.403488
149,1000,asteroid_rain,341.912797,52,3,581,0.367879,-1.000000,-1.000000,0.000000,1.000000,0.000000,0.000000,0.000000,0,0,0,0.000000,0.0000500000,0,,,,,195.403488
150,1000,spiral_arms,228.242505,35,3,176,0.367879,-1.000000,-1.000000,0.000000,1.000000,0.000000,0.000000,0.000000,0,0,0,0.000000,0.0000500000,0,,,,,195.403488
151,1000,asteroid_rain,241.683984,37,3,300,0.367879,-1.000000,-1.000000,0.000000,1.000000,0.000000,0.000000,0.000000,0,0,0,0.000000,0.0000500000,0,,,,,195.403488
152,1000,asteroid_rain,137.323539,22,3,280,0.367879,-1.000000,-1.000000,0.000000,1.000000,0.000000,0.000000,0.000000,0,0,0,0.000000,0.0000500000,0,,,,,195.403488
153,1000,asteroid_rain,69.241703,12,3,144,0.367879,-1.000000,-1.000000,0.000000,1.000000,0.000000,0.000000,0.000000,0,0,0,0.000000,0.0000500000,0,,,,,195.403488
154,1000,spiral_arms,104.893244,17,3,83,0.367879,-1.000000,-1.000000,0.000000,1.000000,0.000000,0.000000,0.000000,0,0,0,0.000000,0.0000500000,0,,,,,195.403488
155,1000,crossing_lanes,938.136176,143,9,1767,0.367879,-1.000000,-1.000000,0.000000,1.000000,0.000000,0.000000,0.000000,0,0,0,0.000000,0.0000500000,0,,,,,195.403488
156,1000,spiral_arms,180.682157,28,3,149,0.367879,-1.000000,-1.000000,0.000000,1.000000,0.000000,0.000000,0.000000,0,0,0,0.000000,0.0000500000,0,,,,,195.403488
157,1000,spiral_arms,461.054973,69,3,416,0.367879,-1.000000,-1.000000,0.000000,1.000000,0.000000,0.000000,0.000000,0,0,0,0.000000,0.0000500000,0,,,,,195.403488
158,1000,asteroid_rain,41.207976,8,3,134,0.367879,-1.000000,-1.000000,0.000000,1.000000,0.000000,0.000000,0.000000,0,0,0,0.000000,0.0000500000,0,,,,,195.403488
159,1000,spiral_arms,151.334533,24,3,184,0.367879,-1.000000,-1.000000,0.000000,1.000000,0.000000,0.000000,0.000000,0,0,0,0.000000,0.0000500000,0,,,,,195.403488
160,1000,asteroid_rain,212.157207,33,3,381,0.367879,-1.000000,-1.000000,0.000000,1.000000,0.000000,0.000000,0.000000,0,0,0,0.000000,0.0000500000,0,195.403488,223.009097,287,23,195.403488
161,1000,asteroid_rain,235.289642,36,3,289,0.367879,-1.000000,-1.000000,0.000000,1.000000,0.000000,0.000000,0.000000,0,0,0,0.000000,0.0000500000,0,,,,,195.403488
162,1000,crossing_lanes,874.355829,133,9,1531,0.367879,-1.000000,-1.000000,0.000000,1.000000,0.000000,0.000000,0.000000,0,0,0,0.000000,0.0000500000,0,,,,,195.403488
163,1000,asteroid_rain,101.824938,17,3,295,0.367879,-1.000000,-1.000000,0.000000,1.000000,0.000000,0.000000,0.000000,0,0,0,0.000000,0.0000500000,0,,,,,195.403488
164,1000,asteroid_rain,62.440314,11,3,131,0.367879,-1.000000,-1.000000,0.000000,1.000000,0.000000,0.000000,0.000000,0,0,0,0.000000,0.0000500000,0,,,,,195.403488
165,1000,crossing_lanes,187.296904,33,9,257,0.367879,-1.000000,-1.000000,0.000000,1.000000,0.000000,0.000000,0.000000,0,0,0,0.000000,0.0000500000,0,,,,,195.403488
166,1000,asteroid_rain,213.990683,33,3,275,0.367879,-1.000000,-1.000000,0.000000,1.000000,0.000000,0.000000,0.000000,0,0,0,0.000000,0.0000500000,0,,,,,195.403488
167,1000,crossing_lanes,759.169757,116,9,1042,0.367879,-1.000000,-1.000000,0.000000,1.000000,0.000000,0.000000,0.000000,0,0,0,0.000000,0.0000500000,0,,,,,195.403488
168,1000,asteroid_rain,69.097022,12,3,141,0.367879,-1.000000,-1.000000,0.000000,1.000000,0.000000,0.000000,0.000000,0,0,0,0.000000,0.0000500000,0,,,,,195.403488
169,1000,crossing_lanes,565.649618,88,9,715,0.367879,-1.000000,-1.000000,0.000000,1.000000,0.000000,0.000000,0.000000,0,0,0,0.000000,0.0000500000,0,,,,,195.403488
170,1000,asteroid_rain,326.083783,49,3,344,0.367879,-1.000000,-1.000000,0.000000,1.000000,0.000000,0.000000,0.000000,0,0,0,0.000000,0.0000500000,0,,,,,195.403488
171,1000,crossing_lanes,708.017086,109,9,916,0.367879,-1.000000,-1.000000,0.000000,1.000000,0.000000,0.000000,0.000000,0,0,0,0.000000,0.0000500000,0,,,,,195.403488
172,1000,spiral_arms,227.771852,35,3,200,0.367879,-1.000000,-1.000000,0.000000,1.000000,0.000000,0.000000,0.000000,0,0,0,0.000000,0.0000500000,0,,,,,195.403488
173,1000,asteroid_rain,146.633902,23,3,138,0.367879,-1.000000,-1.000000,0.000000,1.000000,0.000000,0.000000,0.000000,0,0,0,0.000000,0.0000500000,0,,,,,195.403488
174,1000,crossing_lanes,643.494308,100,9,986,0.367879,-1.000000,-1.000000,0.000000,1.000000,0.000000,0.000000,0.000000,0,0,0,0.000000,0.0000500000,0,,,,,195.403488
175,1000,asteroid_rain,34.328345,7,3,131,0.367879,-1.000000,-1.000000,0.000000,1.000000,0.000000,0.000000,0.000000,0,0,0,0.000000,0.0000500000,0,,,,,195.403488
176,1000,asteroid_rain,132.554963,21,3,137,0.367879,-1.000000,-1.000000,0.000000,1.000000,0.000000,0.000000,0.000000,0,0,0,0.000000,0.0000500000,0,,,,,195.403488
177,1000,asteroid_rain,75.947694,13,3,141,0.367879,-1.000000,-1.000000,0.000000,1.000000,0.000000,0.000000,0.000000,0,0,0,0.000000,0.0000500000,0,,,,,195.403488
178,1000,crossing_lanes,194.423232,34,9,281,0.367879,-1.000000,-1.000000,0.000000,1.000000,0.000000,0.000000,0.000000,0,0,0,0.000000,0.0000500000,0,,,,,195.403488
179,1000,asteroid_rain,243.934145,38,3,567,0.367879,-1.000000,-1.000000,0.000000,1.000000,0.000000,0.000000,0.000000,0,0,0,0.000000,0.0000500000,0,,,,,195.403488
180,1000,asteroid_rain,340.159042,51,3,346,0.367879,-1.000000,-1.000000,0.000000,1.000000,0.000000,0.000000,0.000000,0,0,0,0.000000,0.0000500000,0,195.403488,223.009097,287,23,195.403488
181,1000,asteroid_rain,48.481884,9,3,134,0.367879,-1.000000,-1.000000,0.000000,1.000000,0.000000,0.000000,0.000000,0,0,0,0.000000,0.0000500000,0,,,,,195.403488
182,1000,crossing_lanes,768.953956,118,9,1159,0.367879,-1.000000,-1.000000,0.000000,1.000000,0.000000,0.000000,0.000000,0,0,0,0.000000,0.0000500000,0,,,,,195.403488
183,1000,asteroid_rain,344.281015,52,3,449,0.367879,-1.000000,-1.000000,0.000000,1.000000,0.000000,0.000000,0.000000,0,0,0,0.000000,0.0000500000,0,,,,,195.403488
184,1000,crossing_lanes,740.820307,114,9,1014,0.367879,-1.000000,-1.000000,0.000000,1.000000,0.000000,0.000000,0.000000,0,0,0,0.000000,0.0000500000,0,,,,,195.403488
185,1000,crossing_lanes,428.871316,68,9,549,0.367879,-1.000000,-1.000000,0.000000,1.000000,0.000000,0.000000,0.000000,0,0,0,0.000000,0.0000500000,0,,,,,195.403488
186,1000,asteroid_rain,204.682121,32,3,397,0.367879,-1.000000,-1.000000,0.000000,1.000000,0.000000,0.000000,0.000000,0,0,0,0.000000,0.0000500000,0,,,,,195.403488
187,1000,spiral_arms,97.816490,16,3,88,0.367879,-1.000000,-1.000000,0.000000,1.000000,0.000000,0.000000,0.000000,0,0,0,0.000000,0.0000500000,0,,,,,195.403488
188,1000,crossing_lanes,618.994652,96,9,880,0.367879,-1.000000,-1.000000,0.000000,1.000000,0.000000,0.000000,0.000000,0,0,0,0.000000,0.0000500000,0,,,,,195.403488
189,1000,spiral_arms,131.744879,21,3,138,0.367879,-1.000000,-1.000000,0.000000,1.000000,0.000000,0.000000,0.000000,0,0,0,0.000000,0.0000500000,0,,,,,195.403488
190,1000,asteroid_rain,406.856866,62,3,929,0.367879,-1.000000,-1.000000,0.000000,1.000000,0.000000,0.000000,0.000000,0,0,0,0.000000,0.0000500000,0,,,,,195.403488
191,1000,asteroid_rain,414.744577,62,3,468,0.367879,-1.000000,-1.000000,0.000000,1.000000,0.000000,0.000000,0.000000,0,0,0,0.000000,0.0000500000,0,,,,,195.403488
192,1000,asteroid_rain,302.854397,46,3,429,0.367879,-1.000000,-1.000000,0.000000,1.000000,0.000000,0.000000,0.000000,0,0,0,0.000000,0.0000500000,0,,,,,195.403488
193,1000,asteroid_rain,136.640858,22,3,282,0.367879,-1.000000,-1.000000,0.000000,1.000000,0.000000,0.000000,0.000000,0,0,0,0.000000,0.0000500000,0,,,,,195.403488
194,1000,asteroid_rain,55.054649,10,3,138,0.367879,-1.000000,-1.000000,0.000000,1.000000,0.000000,0.000000,0.000000,0,0,0,0.000000,0.0000500000,0,,,,,195.403488
195,1000,asteroid_rain,405.668186,61,3,550,0.367879,-1.000000,-1.000000,0.000000,1.000000,0.000000,0.000000,0.000000,0,0,0,0.000000,0.0000500000,0,,,,,195.403488
196,1000,crossing_lanes,263.930163,44,9,319,0.367879,-1.000000,-1.000000,0.000000,1.000000,0.000000,0.000000,0.000000,0,0,0,0.000000,0.0000500000,0,,,,,195.403488
197,1000,asteroid_rain,179.201631,28,3,268,0.367879,-1.000000,-1.000000,0.000000,1.000000,0.000000,0.000000,0.000000,0,0,0,0.000000,0.0000500000,0,,,,,195.403488
198,1000,asteroid_rain,186.396496,29,3,268,0.367879,-1.000000,-1.000000,0.000000,1.000000,0.000000,0.000000,0.000000,0,0,0,0.000000,0.0000500000,0,,,,,195.403488
199,1000,spiral_arms,125.620342,20,3,94,0.367879,-1.000000,-1.000000,0.000000,1.000000,0.000000,0.000000,0.000000,0,0,0,0.000000,0.0000500000,0,,,,,195.403488
200,1000,crossing_lanes,490.949618,77,9,524,0.367879,-1.000000,-1.000000,0.000000,1.000000,0.000000,0.000000,0.000000,0,0,0,0.000000,0.0000500000,0,195.403488,223.009097,287,23,195.403488
201,1000,asteroid_rain,312.077219,47,3,300,0.367879,-1.000000,-1.000000,0.000000,1.000000,0.000000,0.000000,0.000000,0,0,0,0.000000,0.0000500000,0,,,,,195.403488
202,1000,asteroid_rain,275.250835,42,3,424,0.367879,-1.000000,-1.000000,0.000000,1.000000,0.000000,0.000000,0.000000,0,0,0,0.000000,0.0000500000,0,,,,,195.403488
203,1000,spiral_arms,97.830553,16,3,88,0.367879,-1.000000,-1.000000,0.000000,1.000000,0.000000,0.000000,0.000000,0,0,0,0.000000,0.0000500000,0,,,,,195.403488
204,1000,asteroid_rain,414.460347,62,3,429,0.367879,-1.000000,-1.000000,0.000000,1.000000,0.000000,0.000000,0.000000,0,0,0,0.000000,0.0000500000,0,,,,,195.403488
205,1000,crossing_lanes,379.783106,61,9,468,0.367879,-1.000000,-1.000000,0.000000,1.000000,0.000000,0.000000,0.000000,0,0,0,0.000000,0.0000500000,0,,,,,195.403488
206,1000,crossing_lanes,415.666176,66,9,549,0.367879,-1.000000,-1.000000,0.000000,1.000000,0.000000,0.000000,0.000000,0,0,0,0.000000,0.0000500000,0,,,,,195.403488
207,1000,spiral_arms,112.277420,18,3,71,0.367879,-1.000000,-1.000000,0.000000,1.000000,0.000000,0.000000,0.000000,0,0,0,0.000000,0.0000500000,0,,,,,195.403488
208,1000,spiral_arms,180.106076,28,3,151,0.367879,-1.000000,-1.000000,0.000000,1.000000,0.000000,0.000000,0.000000,0,0,0,0.000000,0.0000500000,0,,,,,195.403488
209,1000,spiral_arms,83.824448,14,3,89,0.367879,-1.000000,-1.000000,0.000000,1.000000,0.000000,0.000000,0.000000,0,0,0,0.000000,0.0000500000,0,,,,,195.403488
210,1000,crossing_lanes,509.875925,80,9,598,0.367879,-1.000000,-1.000000,0.000000,1.000000,0.000000,0.000000,0.000000,0,0,0,0.000000,0.0000500000,0,,,,,195.403488
211,1000,spiral_arms,118.824708,19,3,89,0.367879,-1.000000,-1.000000,0.000000,1.000000,0.000000,0.000000,0.000000,0,0,0,0.000000,0.0000500000,0,,,,,195.403488
212,1000,asteroid_rain,62.353046,11,3,130,0.367879,-1.000000,-1.000000,0.000000,1.000000,0.000000,0.000000,0.000000,0,0,0,0.000000,0.0000500000,0,,,,,195.403488
213,1000,asteroid_rain,129.487601,21,3,300,0.367879,-1.000000,-1.000000,0.000000,1.000000,0.000000,0.000000,0.000000,0,0,0,0.000000,0.0000500000,0,,,,,195.403488
214,1000,spiral_arms,132.849923,21,3,86,0.367879,-1.000000,-1.000000,0.000000,1.000000,0.000000,0.000000,0.000000,0,0,0,0.000000,0.0000500000,0,,,,,195.403488
215,1000,spiral_arms,106.015119,17,3,42,0.367879,-1.000000,-1.000000,0.000000,1.000000,0.000000,0.000000,0.000000,0,0,0,0.000000,0.0000500000,0,,,,,195.403488
216,1000,crossing_lanes,450.527320,71,9,488,0.367879,-1.000000,-1.000000,0.000000,1.000000,0.000000,0.000000,0.000000,0,0,0,0.000000,0.0000500000,0,,,,,195.403488
217,1000,crossing_lanes,450.478107,71,9,455,0.367879,-1.000000,-1.000000,0.000000,1.000000,0.000000,0.000000,0.000000,0,0,0,0.000000,0.0000500000,0,,,,,195.403488
218,1000,spiral_arms,118.839962,19,3,89,0.367879,-1.000000,-1.000000,0.000000,1.000000,0.000000,0.000000,0.000000,0,0,0,0.000000,0.0000500000,0,,,,,195.403488
219,1000,asteroid_rain,318.615117,48,3,334,0.367879,-1.000000,-1.000000,0.000000,1.000000,0.000000,0.000000,0.000000,0,0,0,0.000000,0.0000500000,0,,,,,195.403488
220,1000,spiral_arms,214.718235,33,3,175,0.367879,-1.000000,-1.000000,0.000000,1.000000,0.000000,0.000000,0.000000,0,0,0,0.000000,0.0000500000,0,195.403488,223.009097,287,23,195.403488
221,1000,crossing_lanes,487.603839,77,9,812,0.367879,-1.000000,-1.000000,0.000000,1.000000,0.000000,0.000000,0.000000,0,0,0,0.000000,0.0000500000,0,,,,,195.403488
222,1000,asteroid_rain,47.938579,9,3,140,0.367879,-1.000000,-1.000000,0.000000,1.000000,0.000000,0.000000,0.000000,0,0,0,0.000000,0.0000500000,0,,,,,195.403488
223,1000,crossing_lanes,976.158494,149,9,1796,0.367879,-1.000000,-1.000000,0.000000,1.000000,0.000000,0.000000,0.000000,0,0,0,0.000000,0.0000500000,0,,,,,195.403488
224,1000,asteroid_rain,62.233221,11,3,136,0.367879,-1.000000,-1.000000,0.000000,1.000000,0.000000,0.000000,0.000000,0,0,0,0.000000,0.0000500000,0,,,,,195.403488
225,1000,spiral_arms,105.986789,17,3,42,0.367879,-1.000000,-1.000000,0.000000,1.000000,0.000000,0.000000,0.000000,0,0,0,0.000000,0.0000500000,0,,,,,195.403488
226,1000,spiral_arms,139.817182,22,3,89,0.367879,-1.000000,-1.000000,0.000000,1.000000,0.000000,0.000000,0.000000,0,0,0,0.000000,0.0000500000,0,,,,,195.403488
227,1000,crossing_lanes,841.262630,129,9,1369,0.367879,-1.000000,-1.000000,0.000000,1.000000,0.000000,0.000000,0.000000,0,0,0,0.000000,0.0000500000,0,,,,,195.403488
228,1000,spiral_arms,214.639124,33,3,175,0.367879,-1.000000,-1.000000,0.000000,1.000000,0.000000,0.000000,0.000000,0,0,0,0.000000,0.0000500000,0,,,,,195.403488
229,1000,asteroid_rain,255.668656,39,3,284,0.367879,-1.000000,-1.000000,0.000000,1.000000,0.000000,0.000000,0.000000,0,0,0,0.000000,0.0000500000,0,,,,,195.403488
230,1000,asteroid_rain,429.590870,64,3,441,0.367879,-1.000000,-1.000000,0.000000,1.000000,0.000000,0.000000,0.000000,0,0,0,0.000000,0.0000500000,0,,,,,195.403488
231,1000,asteroid_rain,261.086481,40,3,416,0.367879,-1.000000,-1.000000,0.000000,1.000000,0.000000,0.000000,0.000000,0,0,0,0.000000,0.0000500000,0,,,,,195.403488
232,1000,asteroid_rain,181.294167,29,3,545,0.367879,-1.000000,-1.000000,0.000000,1.000000,0.000000,0.000000,0.000000,0,0,0,0.000000,0.0000500000,0,,,,,195.403488
233,1000,crossing_lanes,741.293799,114,9,1135,0.367879,-1.000000,-1.000000,0.000000,1.000000,0.000000,0.000000,0.000000,0,0,0,0.000000,0.0000500000,0,,,,,195.403488
234,1000,asteroid_rain,275.118967,42,3,438,0.367879,-1.000000,-1.000000,0.000000,1.000000,0.000000,0.000000,0.000000,0,0,0,0.000000,0.0000500000,0,,,,,195.403488
235,1000,spiral_arms,104.499190,17,3,98,0.367879,-1.000000,-1.000000,0.000000,1.000000,0.000000,0.000000,0.000000,0,0,0,0.000000,0.0000500000,0,,,,,195.403488
236,1000,spiral_arms,125.851706,20,3,87,0.367879,-1.000000,-1.000000,0.000000,1.000000,0.000000,0.000000,0.000000,0,0,0,0.000000,0.0000500000,0,,,,,195.403488
237,1000,spiral_arms,200.774034,31,3,172,0.367879,-1.000000,-1.000000,0.000000,1.000000,0.000000,0.000000,0.000000,0,0,0,0.000000,0.0000500000,0,,,,,195.403488
238,1000,asteroid_rain,316.137046,48,3,452,0.367879,-1.000000,-1.000000,0.000000,1.000000,0.000000,0.000000,0.000000,0,0,0,0.000000,0.0000500000,0,,,,,195.403488
239,1000,spiral_arms,221.802355,34,3,170,0.367879,-1.000000,-1.000000,0.000000,1.000000,0.000000,0.000000,0.000000,0,0,0,0.000000,0.0000500000,0,,,,,195.403488
240,1000,asteroid_rain,275.342762,42,3,410,0.367879,-1.000000,-1.000000,0.000000,1.000000,0.000000,0.000000,0.000000,0,0,0,0.000000,0.0000500000,0,195.403488,223.009097,287,23,195.403488
241,1000,crossing_lanes,912.341737,140,9,1783,0.367879,-1.000000,-1.000000,0.000000,1.000000,0.000000,0.000000,0.000000,0,0,0,0.000000,0.0000500000,0,,,,,195.403488
242,1000,asteroid_rain,41.417750,8,3,131,0.367879,-1.000000,-1.000000,0.000000,1.000000,0.000000,0.000000,0.000000,0,0,0,0.000000,0.0000500000,0,,,,,195.403488
243,1000,crossing_lanes,565.489818,88,9,674,0.367879,-1.000000,-1.000000,0.000000,1.000000,0.000000,0.000000,0.000000,0,0,0,0.000000,0.0000500000,0,,,,,195.403488
244,1000,asteroid_rain,233.757660,36,3,296,0.367879,-1.000000,-1.000000,0.000000,1.000000,0.000000,0.000000,0.000000,0,0,0,0.000000,0.0000500000,0,,,,,195.403488
245,1000,crossing_lanes,456.699947,72,9,496,0.367879,-1.000000,-1.000000,0.000000,1.000000,0.000000,0.000000,0.000000,0,0,0,0.000000,0.0000500000,0,,,,,195.403488
246,1000,spiral_arms,97.818353,16,3,87,0.367879,-1.000000,-1.000000,0.000000,1.000000,0.000000,0.000000,0.000000,0,0,0,0.000000,0.0000500000,0,,,,,195.403488
247,1000,asteroid_rain,34.366469,7,3,131,0.367879,-1.000000,-1.000000,0.000000,1.000000,0.000000,0.000000,0.000000,0,0,0,0.000000,0.0000500000,0,,,,,195.403488
248,1000,crossing_lanes,567.842563,89,9,832,0.367879,-1.000000,-1.000000,0.000000,1.000000,0.000000,0.000000,0.000000,0,0,0,0.000000,0.0000500000,0,,,,,195.403488
249,1000,crossing_lanes,188.554822,33,9,237,0.367879,-1.000000,-1.000000,0.000000,1.000000,0.000000,0.000000,0.000000,0,0,0,0.000000,0.0000500000,0,,,,,195.403488
250,1000,spiral_arms,104.658829,17,3,94,0.367879,-1.000000,-1.000000,0.000000,1.000000,0.000000,0.000000,0.000000,0,0,0,0.000000,0.0000500000,0,,,,,195.403488
251,1000,asteroid_rain,165.722870,26,3,278,0.367879,-1.000000,-1.000000,0.000000,1.000000,0.000000,0.000000,0.000000,0,0,0,0.000000,0.0000500000,0,,,,,195.403488
252,1000,asteroid_rain,131.263496,21,3,171,0.367879,-1.000000,-1.000000,0.000000,1.000000,0.000000,0.000000,0.000000,0,0,0,0.000000,0.0000500000,0,,,,,195.403488
253,1000,asteroid_rain,62.379392,11,3,133,0.367879,-1.000000,-1.000000,0.000000,1.000000,0.000000,0.000000,0.000000,0,0,0,0.000000,0.0000500000,0,,,,,195.403488
254,1000,asteroid_rain,324.314662,49,3,442,0.367879,-1.000000,-1.000000,0.000000,1.000000,0.000000,0.000000,0.000000,0,0,0,0.000000,0.0000500000,0,,,,,195.403488
255,1000,crossing_lanes,940.860983,143,9,1432,0.367879,-1.000000,-1.000000,0.000000,1.000000,0.000000,0.000000,0.000000,0,0,0,0.000000,0.0000500000,0,,,,,195.403488
256,1000,crossing_lanes,668.449072,103,9,828,0.367879,-1.000000,-1.000000,0.000000,1.000000,0.000000,0.000000,0.000000,0,0,0,0.000000,0.0000500000,0,,,,,195.403488
257,1000,asteroid_rain,115.909181,19,3,274,0.367879,-1.000000,-1.000000,0.000000,1.000000,0.000000,0.000000,0.000000,0,0,0,0.000000,0.0000500000,0,,,,,195.403488
258,1000,spiral_arms,132.308737,21,3,106,0.367879,-1.000000,-1.000000,0.000000,1.000000,0.000000,0.000000,0.000000,0,0,0,0.000000,0.0000500000,0,,,,,195.403488
259,1000,crossing_lanes,551.629007,86,9,621,0.367879,-1.000000,-1.000000,0.000000,1.000000,0.000000,0.000000,0.000000,0,0,0,0.000000,0.0000500000,0,,,,,195.403488
260,1000,crossing_lanes,694.517363,107,9,1062,0.367879,-1.000000,-1.000000,0.000000,1.000000,0.000000,0.000000,0.000000,0,0,0,0.000000,0.0000500000,0,195.403488,223.009097,287,23,195.403488
261,1000,crossing_lanes,277.877596,46,9,322,0.367879,-1.000000,-1.000000,0.000000,1.000000,0.000000,0.000000,0.000000,0,0,0,0.000000,0.0000500000,0,,,,,195.403488
262,1000,asteroid_rain,274.922278,42,3,418,0.367879,-1.000000,-1.000000,0.000000,1.000000,0.000000,0.000000,0.000000,0,0,0,0.000000,0.0000500000,0,,,,,195.403488
263,1000,crossing_lanes,731.278267,112,9,785,0.367879,-1.000000,-1.000000,0.000000,1.000000,0.000000,0.000000,0.000000,0,0,0,0.000000,0.0000500000,0,,,,,195.403488
264,1000,spiral_arms,118.585640,19,3,96,0.367879,-1.000000,-1.000000,0.000000,1.000000,0.000000,0.000000,0.000000,0,0,0,0.000000,0.0000500000,0,,,,,195.403488
265,1000,crossing_lanes,649.613071,100,9,808,0.367879,-1.000000,-1.000000,0.000000,1.000000,0.000000,0.000000,0.000000,0,0,0,0.000000,0.0000500000,0,,,,,195.403488
266,1000,asteroid_rain,75.479968,13,3,166,0.367879,-1.000000,-1.000000,0.000000,1.000000,0.000000,0.000000,0.000000,0,0,0,0.000000,0.0000500000,0,,,,,195.403488
267,1000,spiral_arms,139.579474,22,3,95,0.367879,-1.000000,-1.000000,0.000000,1.000000,0.000000,0.000000,0.000000,0,0,0,0.000000,0.0000500000,0,,,,,195.403488
268,1000,crossing_lanes,649.166826,100,9,936,0.367879,-1.000000,-1.000000,0.000000,1.000000,0.000000,0.000000,0.000000,0,0,0,0.000000,0.0000500000,0,,,,,195.403488
269,1000,crossing_lanes,243.774033,41,9,296,0.367879,-1.000000,-1.000000,0.000000,1.000000,0.000000,0.000000,0.000000,0,0,0,0.000000,0.0000500000,0,,,,,195.403488
270,1000,asteroid_rain,220.152980,34,3,317,0.367879,-1.000000,-1.000000,0.000000,1.000000,0.000000,0.000000,0.000000,0,0,0,0.000000,0.0000500000,0,,,,,195.403488
271,1000,asteroid_rain,220.017569,34,3,279,0.367879,-1.000000,-1.000000,0.000000,1.000000,0.000000,0.000000,0.000000,0,0,0,0.000000,0.0000500000,0,,,,,195.403488
272,1000,asteroid_rain,379.880791,57,3,451,0.367879,-1.000000,-1.000000,0.000000,1.000000,0.000000,0.000000,0.000000,0,0,0,0.000000,0.0000500000,0,,,,,195.403488
273,1000,spiral_arms,118.783433,19,3,90,0.367879,-1.000000,-1.000000,0.000000,1.000000,0.000000,0.000000,0.000000,0,0,0,0.000000,0.0000500000,0,,,,,195.403488
274,1000,crossing_lanes,546.416176,85,9,597,0.367879,-1.000000,-1.000000,0.000000,1.000000,0.000000,0.000000,0.000000,0,0,0,0.000000,0.0000500000,0,,,,,195.403488
275,1000,asteroid_rain,143.534217,23,3,297,0.367879,-1.000000,-1.000000,0.000000,1.000000,0.000000,0.000000,0.000000,0,0,0,0.000000,0.0000500000,0,,,,,195.403488
276,1000,crossing_lanes,775.576309,119,9,1164,0.367879,-1.000000,-1.000000,0.000000,1.000000,0.000000,0.000000,0.000000,0,0,0,0.000000,0.0000500000,0,,,,,195.403488
277,1000,crossing_lanes,504.564898,79,9,573,0.367879,-1.000000,-1.000000,0.000000,1.000000,0.000000,0.000000,0.000000,0,0,0,0.000000,0.0000500000,0,,,,,195.403488
278,1000,asteroid_rain,221.057912,34,3,298,0.367879,-1.000000,-1.000000,0.000000,1.000000,0.000000,0.000000,0.000000,0,0,0,0.000000,0.0000500000,0,,,,,195.403488
279,1000,asteroid_rain,41.463830,8,3,131,0.367879,-1.000000,-1.000000,0.000000,1.000000,0.000000,0.000000,0.000000,0,0,0,0.000000,0.0000500000,0,,,,,195.403488
280,1000,crossing_lanes,582.648729,91,9,725,0.367879,-1.000000,-1.000000,0.000000,1.000000,0.000000,0.000000,0.000000,0,0,0,0.000000,0.0000500000,0,195.403488,223.009097,287,23,195.403488
281,1000,asteroid_rain,247.827394,38,3,387,0.367879,-1.000000,-1.000000,0.000000,1.000000,0.000000,0.000000,0.000000,0,0,0,0.000000,0.0000500000,0,,,,,195.403488
282,1000,spiral_arms,111.692594,18,3,92,0.367879,-1.000000,-1.000000,0.000000,1.000000,0.000000,0.000000,0.000000,0,0,0,0.000000,0.0000500000,0,,,,,195.403488
283,1000,crossing_lanes,825.726206,126,9,1098,0.367879,-1.000000,-1.000000,0.000000,1.000000,0.000000,0.000000,0.000000,0,0,0,0.000000,0.0000500000,0,,,,,195.403488
284,1000,crossing_lanes,759.185124,116,9,891,0.367879,-1.000000,-1.000000,0.000000,1.000000,0.000000,0.000000,0.000000,0,0,0,0.000000,0.0000500000,0,,,,,195.403488
285,1000,spiral_arms,132.406463,21,3,102,0.367879,-1.000000,-1.000000,0.000000,1.000000,0.000000,0.000000,0.000000,0,0,0,0.000000,0.0000500000,0,,,,,195.403488
286,1000,crossing_lanes,346.406641,56,9,368,0.367879,-1.000000,-1.000000,0.000000,1.000000,0.000000,0.000000,0.000000,0,0,0,0.000000,0.0000500000,0,,,,,195.403488
287,1000,asteroid_rain,249.604016,38,3,263,0.367879,-1.000000,-1.000000,0.000000,1.000000,0.000000,0.000000,0.000000,0,0,0,0.000000,0.0000500000,0,,,,,195.403488
288,1000,asteroid_rain,88.492418,15,3,266,0.367879,-1.000000,-1.000000,0.000000,1.000000,0.000000,0.000000,0.000000,0,0,0,0.000000,0.0000500000,0,,,,,195.403488
289,1000,crossing_lanes,396.571098,63,9,370,0.367879,-1.000000,-1.000000,0.000000,1.000000,0.000000,0.000000,0.000000,0,0,0,0.000000,0.0000500000,0,,,,,195.403488
290,1000,asteroid_rain,214.046548,33,3,288,0.367879,-1.000000,-1.000000,0.000000,1.000000,0.000000,0.000000,0.000000,0,0,0,0.000000,0.0000500000,0,,,,,195.403488
291,1000,asteroid_rain,55.624524,10,3,130,0.367879,-1.000000,-1.000000,0.000000,1.000000,0.000000,0.000000,0.000000,0,0,0,0.000000,0.0000500000,0,,,,,195.403488
292,1000,asteroid_rain,330.151118,50,3,441,0.367879,-1.000000,-1.000000,0.000000,1.000000,0.000000,0.000000,0.000000,0,0,0,0.000000,0.0000500000,0,,,,,195.403488
293,1000,crossing_lanes,586.497487,91,9,692,0.367879,-1.000000,-1.000000,0.000000,1.000000,0.000000,0.000000,0.000000,0,0,0,0.000000,0.0000500000,0,,,,,195.403488
294,1000,crossing_lanes,353.670926,57,9,399,0.367879,-1.000000,-1.000000,0.000000,1.000000,0.000000,0.000000,0.000000,0,0,0,0.000000,0.0000500000,0,,,,,195.403488
295,1000,crossing_lanes,294.983261,49,9,449,0.367879,-1.000000,-1.000000,0.000000,1.000000,0.000000,0.000000,0.000000,0,0,0,0.000000,0.0000500000,0,,,,,195.403488
296,1000,crossing_lanes,557.674848,87,9,682,0.367879,-1.000000,-1.000000,0.000000,1.000000,0.000000,0.000000,0.000000,0,0,0,0.000000,0.0000500000,0,,,,,195.403488
297,1000,asteroid_rain,368.520950,55,3,311,0.367879,-1.000000,-1.000000,0.000000,1.000000,0.000000,0.000000,0.000000,0,0,0,0.000000,0.0000500000,0,,,,,195.403488
298,1000,crossing_lanes,570.922472,89,9,791,0.367879,-1.000000,-1.000000,0.000000,1.000000,0.000000,0.000000,0.000000,0,0,0,0.000000,0.0000500000,0,,,,,195.403488
299,1000,spiral_arms,125.543200,20,3,93,0.367879,-1.000000,-1.000000,0.000000,1.000000,0.000000,0.000000,0.000000,0,0,0,0.000000,0.0000500000,0,,,,,195.403488
300,1000,crossing_lanes,416.524233,66,9,436,0.367879,-1.000000,-1.000000,0.000000,1.000000,0.000000,0.000000,0.000000,0,0,0,0.000000,0.0000500000,0,195.403488,223.009097,287,23,195.403488
301,1000,asteroid_rain,165.269253,26,3,273,0.367879,-1.000000,-1.000000,0.000000,1.000000,0.000000,0.000000,0.000000,0,0,0,0.000000,0.0000500000,0,,,,,195.403488
302,1000,crossing_lanes,367.632523,59,9,365,0.367879,-1.000000,-1.000000,0.000000,1.000000,0.000000,0.000000,0.000000,0,0,0,0.000000,0.0000500000,0,,,,,195.403488
303,1000,asteroid_rain,157.787476,25,3,313,0.367879,-1.000000,-1.000000,0.000000,1.000000,0.000000,0.000000,0.000000,0,0,0,0.000000,0.0000500000,0,,,,,195.403488
304,1000,spiral_arms,99.137128,16,3,39,0.367879,-1.000000,-1.000000,0.000000,1.000000,0.000000,0.000000,0.000000,0,0,0,0.000000,0.0000500000,0,,,,,195.403488
305,1000,crossing_lanes,434.468869,69,9,560,0.367879,-1.000000,-1.000000,0.000000,1.000000,0.000000,0.000000,0.000000,0,0,0,0.000000,0.0000500000,0,,,,,195.403488
306,1000,crossing_lanes,307.698802,51,9,524,0.367879,-1.000000,-1.000000,0.000000,1.000000,0.000000,0.000000,0.000000,0,0,0,0.000000,0.0000500000,0,,,,,195.403488
307,1000,spiral_arms,133.023829,21,3,76,0.367879,-1.000000,-1.000000,0.000000,1.000000,0.000000,0.000000,0.000000,0,0,0,0.000000,0.0000500000,0,,,,,195.403488
308,1000,spiral_arms,311.329218,47,3,287,0.367879,-1.000000,-1.000000,0.000000,1.000000,0.000000,0.000000,0.000000,0,0,0,0.000000,0.0000500000,0,,,,,195.403488
309,1000,crossing_lanes,153.064627,28,9,236,0.367879,-1.000000,-1.000000,0.000000,1.000000,0.000000,0.000000,0.000000,0,0,0,0.000000,0.0000500000,0,,,,,195.403488
310,1000,crossing_lanes,230.430729,39,9,276,0.367879,-1.000000,-1.000000,0.000000,1.000000,0.000000,0.000000,0.000000,0,0,0,0.000000,0.0000500000,0,,,,,195.403488
311,1000,asteroid_rain,291.725781,45,3,570,0.367879,-1.000000,-1.000000,0.000000,1.000000,0.000000,0.000000,0.000000,0,0,0,0.000000,0.0000500000,0,,,,,195.403488
312,1000,asteroid_rain,221.435279,34,3,268,0.367879,-1.000000,-1.000000,0.000000,1.000000,0.000000,0.000000,0.000000,0,0,0,0.000000,0.0000500000,0,,,,,195.403488
313,1000,spiral_arms,283.381510,43,3,200,0.367879,-1.000000,-1.000000,0.000000,1.000000,0.000000,0.000000,0.000000,0,0,0,0.000000,0.0000500000,0,,,,,195.403488
314,1000,asteroid_rain,95.130083,16,3,280,0.367879,-1.000000,-1.000000,0.000000,1.000000,0.000000,0.000000,0.000000,0,0,0,0.000000,0.0000500000,0,,,,,195.403488
315,1000,asteroid_rain,155.613567,25,3,414,0.367879,-1.000000,-1.000000,0.000000,1.000000,0.000000,0.000000,0.000000,0,0,0,0.000000,0.0000500000,0,,,,,195.403488
316,1000,spiral_arms,207.236527,32,3,178,0.367879,-1.000000,-1.000000,0.000000,1.000000,0.000000,0.000000,0.000000,0,0,0,0.000000,0.0000500000,0,,,,,195.403488
317,1000,crossing_lanes,682.501151,105,9,764,0.367879,-1.000000,-1.000000,0.000000,1.000000,0.000000,0.000000,0.000000,0,0,0,0.000000,0.0000500000,0,,,,,195.403488
318,1000,asteroid_rain,234.407797,36,3,352,0.367879,-1.000000,-1.000000,0.000000,1.000000,0.000000,0.000000,0.000000,0,0,0,0.000000,0.0000500000,0,,,,,195.403488
319,1000,asteroid_rain,241.256330,37,3,322,0.367879,-1.000000,-1.000000,0.000000,1.000000,0.000000,0.000000,0.000000,0,0,0,0.000000,0.0000500000,0,,,,,195.403488
320,1000,crossing_lanes,318.228350,52,9,416,0.367879,-1.000000,-1.000000,0.000000,1.000000,0.000000,0.000000,0.000000,0,0,0,0.000000,0.0000500000,0,195.403488,223.009097,287,23,195.403488
321,1000,crossing_lanes,269.832296,45,9,314,0.367879,-1.000000,-1.000000,0.000000,1.000000,0.000000,0.000000,0.000000,0,0,0,0.000000,0.0000500000,0,,,,,195.403488
322,1000,spiral_arms,118.779353,19,3,88,0.367879,-1.000000,-1.000000,0.000000,1.000000,0.000000,0.000000,0.000000,0,0,0,0.000000,0.0000500000,0,,,,,195.403488
323,1000,asteroid_rain,48.451648,9,3,130,0.367879,-1.000000,-1.000000,0.000000,1.000000,0.000000,0.000000,0.000000,0,0,0,0.000000,0.0000500000,0,,,,,195.403488
324,1000,crossing_lanes,488.695260,77,9,622,0.367879,-1.000000,-1.000000,0.000000,1.000000,0.000000,0.000000,0.000000,0,0,0,0.000000,0.0000500000,0,,,,,195.403488
325,1000,asteroid_rain,62.236388,11,3,142,0.367879,-1.000000,-1.000000,0.000000,1.000000,0.000000,0.000000,0.000000,0,0,0,0.000000,0.0000500000,0,,,,,195.403488
326,1000,asteroid_rain,53.154393,10,3,262,0.367879,-1.000000,-1.000000,0.000000,1.000000,0.000000,0.000000,0.000000,0,0,0,0.000000,0.0000500000,0,,,,,195.403488
327,1000,spiral_arms,200.983982,31,3,168,0.367879,-1.000000,-1.000000,0.000000,1.000000,0.000000,0.000000,0.000000,0,0,0,0.000000,0.0000500000,0,,,,,195.403488
328,1000,crossing_lanes,630.719931,98,9,959,0.367879,-1.000000,-1.000000,0.000000,1.000000,0.000000,0.000000,0.000000,0,0,0,0.000000,0.0000500000,0,,,,,195.403488
329,1000,crossing_lanes,730.980630,112,9,917,0.367879,-1.000000,-1.000000,0.000000,1.000000,0.000000,0.000000,0.000000,0,0,0,0.000000,0.0000500000,0,,,,,195.403488
330,1000,crossing_lanes,666.063465,103,9,853,0.367879,-1.000000,-1.000000,0.000000,1.000000,0.000000,0.000000,0.000000,0,0,0,0.000000,0.0000500000,0,,,,,195.403488
331,1000,crossing_lanes,139.165942,26,9,241,0.367879,-1.000000,-1.000000,0.000000,1.000000,0.000000,0.000000,0.000000,0,0,0,0.000000,0.0000500000,0,,,,,195.403488
332,1000,crossing_lanes,860.862291,132,9,1438,0.367879,-1.000000,-1.000000,0.000000,1.000000,0.000000,0.000000,0.000000,0,0,0,0.000000,0.0000500000,0,,,,,195.403488
333,1000,asteroid_rain,96.448060,16,3,168,0.367879,-1.000000,-1.000000,0.000000,1.000000,0.000000,0.000000,0.000000,0,0,0,0.000000,0.0000500000,0,,,,,195.403488
334,1000,crossing_lanes,970.254212,147,9,1387,0.367879,-1.000000,-1.000000,0.000000,1.000000,0.000000,0.000000,0.000000,0,0,0,0.000000,0.0000500000,0,,,,,195.403488
335,1000,asteroid_rain,301.766954,47,3,918,0.367879,-1.000000,-1.000000,0.000000,1.000000,0.000000,0.000000,0.000000,0,0,0,0.000000,0.0000500000,0,,,,,195.403488
336,1000,asteroid_rain,157.279666,25,3,311,0.367879,-1.000000,-1.000000,0.000000,1.000000,0.000000,0.000000,0.000000,0,0,0,0.000000,0.0000500000,0,,,,,195.403488
337,1000,asteroid_rain,62.539110,11,3,130,0.367879,-1.000000,-1.000000,0.000000,1.000000,0.000000,0.000000,0.000000,0,0,0,0.000000,0.0000500000,0,,,,,195.403488
338,1000,asteroid_rain,408.310844,61,3,532,0.367879,-1.000000,-1.000000,0.000000,1.000000,0.000000,0.000000,0.000000,0,0,0,0.000000,0.0000500000,0,,,,,195.403488
339,1000,spiral_arms,180.016371,28,3,153,0.367879,-1.000000,-1.000000,0.000000,1.000000,0.000000,0.000000,0.000000,0,0,0,0.000000,0.0000500000,0,,,,,195.403488
340,1000,crossing_lanes,421.535536,67,9,483,0.367879,-1.000000,-1.000000,0.000000,1.000000,0.000000,0.000000,0.000000,0,0,0,0.000000,0.0000500000,0,195.403488,223.009097,287,23,195.403488
341,1000,crossing_lanes,137.076745,26,9,316,0.367879,-1.000000,-1.000000,0.000000,1.000000,0.000000,0.000000,0.000000,0,0,0,0.000000,0.0000500000,0,,,,,195.403488
342,1000,crossing_lanes,299.463031,49,9,308,0.367879,-1.000000,-1.000000,0.000000,1.000000,0.000000,0.000000,0.000000,0,0,0,0.000000,0.0000500000,0,,,,,195.403488
343,1000,asteroid_rain,160.061543,25,3,154,0.367879,-1.000000,-1.000000,0.000000,1.000000,0.000000,0.000000,0.000000,0,0,0,0.000000,0.0000500000,0,,,,,195.403488
344,1000,asteroid_rain,202.504931,31,3,138,0.367879,-1.000000,-1.000000,0.000000,1.000000,0.000000,0.000000,0.000000,0,0,0,0.000000,0.0000500000,0,,,,,195.403488
345,1000,crossing_lanes,577.542422,90,9,878,0.367879,-1.000000,-1.000000,0.000000,1.000000,0.000000,0.000000,0.000000,0,0,0,0.000000,0.0000500000,0,,,,,195.403488
346,1000,crossing_lanes,243.584495,41,9,272,0.367879,-1.000000,-1.000000,0.000000,1.000000,0.000000,0.000000,0.000000,0,0,0,0.000000,0.0000500000,0,,,,,195.403488
347,1000,crossing_lanes,728.776929,112,9,1037,0.367879,-1.000000,-1.000000,0.000000,1.000000,0.000000,0.000000,0.000000,0,0,0,0.000000,0.0000500000,0,,,,,195.403488
348,1000,asteroid_rain,145.937602,23,3,150,0.367879,-1.000000,-1.000000,0.000000,1.000000,0.000000,0.000000,0.000000,0,0,0,0.000000,0.0000500000,0,,,,,195.403488
349,1000,spiral_arms,111.482989,18,3,101,0.367879,-1.000000,-1.000000,0.000000,1.000000,0.000000,0.000000,0.000000,0,0,0,0.000000,0.0000500000,0,,,,,195.403488
350,1000,crossing_lanes,305.736451,50,9,389,0.367879,-1.000000,-1.000000,0.000000,1.000000,0.000000,0.000000,0.000000,0,0,0,0.000000,0.0000500000,0,,,,,195.403488
351,1000,crossing_lanes,459.486114,72,9,343,0.367879,-1.000000,-1.000000,0.000000,1.000000,0.000000,0.000000,0.000000,0,0,0,0.000000,0.0000500000,0,,,,,195.403488
352,1000,asteroid_rain,242.499613,37,3,270,0.367879,-1.000000,-1.000000,0.000000,1.000000,0.000000,0.000000,0.000000,0,0,0,0.000000,0.0000500000,0,,,,,195.403488
353,1000,asteroid_rain,298.717318,45,3,331,0.367879,-1.000000,-1.000000,0.000000,1.000000,0.000000,0.000000,0.000000,0,0,0,0.000000,0.0000500000,0,,,,,195.403488
354,1000,asteroid_rain,284.248453,43,3,282,0.367879,-1.000000,-1.000000,0.000000,1.000000,0.000000,0.000000,0.000000,0,0,0,0.000000,0.0000500000,0,,,,,195.403488
355,1000,crossing_lanes,613.052667,95,9,782,0.367879,-1.000000,-1.000000,0.000000,1.000000,0.000000,0.000000,0.000000,0,0,0,0.000000,0.0000500000,0,,,,,195.403488
356,1000,spiral_arms,284.000751,43,3,186,0.367879,-1.000000,-1.000000,0.000000,1.000000,0.000000,0.000000,0.000000,0,0,0,0.000000,0.0000500000,0,,,,,195.403488
357,1000,crossing_lanes,187.113224,33,9,278,0.367879,-1.000000,-1.000000,0.000000,1.000000,0.000000,0.000000,0.000000,0,0,0,0.000000,0.0000500000,0,,,,,195.403488
358,1000,asteroid_rain,517.321953,77,3,589,0.367879,-1.000000,-1.000000,0.000000,1.000000,0.000000,0.000000,0.000000,0,0,0,0.000000,0.0000500000,0,,,,,195.403488
359,1000,crossing_lanes,536.529254,84,9,720,0.367879,-1.000000,-1.000000,0.000000,1.000000,0.000000,0.000000,0.000000,0,0,0,0.000000,0.0000500000,0,,,,,195.403488
360,1000,crossing_lanes,584.487830,91,9,754,0.367879,-1.000000,-1.000000,0.000000,1.000000,0.000000,0.000000,0.000000,0,0,0,0.000000,0.0000500000,0,195.403488,223.009097,287,23,195.403488
361,1000,spiral_arms,504.371794,75,3,391,0.367879,-1.000000,-1.000000,0.000000,1.000000,0.000000,0.000000,0.000000,0,0,0,0.000000,0.0000500000,0,,,,,195.403488
362,1000,asteroid_rain,55.349227,10,3,131,0.367879,-1.000000,-1.000000,0.000000,1.000000,0.000000,0.000000,0.000000,0,0,0,0.000000,0.0000500000,0,,,,,195.403488
363,1000,spiral_arms,207.543150,32,3,171,0.367879,-1.000000,-1.000000,0.000000,1.000000,0.000000,0.000000,0.000000,0,0,0,0.000000,0.0000500000,0,,,,,195.403488
364,1000,crossing_lanes,688.939630,106,9,901,0.367879,-1.000000,-1.000000,0.000000,1.000000,0.000000,0.000000,0.000000,0,0,0,0.000000,0.0000500000,0,,,,,195.403488
365,1000,asteroid_rain,200.726538,31,3,284,0.367879,-1.000000,-1.000000,0.000000,1.000000,0.000000,0.000000,0.000000,0,0,0,0.000000,0.0000500000,0,,,,,195.403488
366,1000,crossing_lanes,325.633317,53,9,370,0.367879,-1.000000,-1.000000,0.000000,1.000000,0.000000,0.000000,0.000000,0,0,0,0.000000,0.0000500000,0,,,,,195.403488
367,1000,asteroid_rain,222.110466,34,3,284,0.367879,-1.000000,-1.000000,0.000000,1.000000,0.000000,0.000000,0.000000,0,0,0,0.000000,0.0000500000,0,,,,,195.403488
368,1000,spiral_arms,153.899903,24,3,82,0.367879,-1.000000,-1.000000,0.000000,1.000000,0.000000,0.000000,0.000000,0,0,0,0.000000,0.0000500000,0,,,,,195.403488
369,1000,crossing_lanes,243.725015,41,9,276,0.367879,-1.000000,-1.000000,0.000000,1.000000,0.000000,0.000000,0.000000,0,0,0,0.000000,0.0000500000,0,,,,,195.403488
370,1000,asteroid_rain,303.342093,46,3,442,0.367879,-1.000000,-1.000000,0.000000,1.000000,0.000000,0.000000,0.000000,0,0,0,0.000000,0.0000500000,0,,,,,195.403488
371,1000,asteroid_rain,277.132642,42,3,306,0.367879,-1.000000,-1.000000,0.000000,1.000000,0.000000,0.000000,0.000000,0,0,0,0.000000,0.0000500000,0,,,,,195.403488
372,1000,spiral_arms,236.544637,36,3,149,0.367879,-1.000000,-1.000000,0.000000,1.000000,0.000000,0.000000,0.000000,0,0,0,0.000000,0.0000500000,0,,,,,195.403488
373,1000,asteroid_rain,97.199258,16,3,149,0.367879,-1.000000,-1.000000,0.000000,1.000000,0.000000,0.000000,0.000000,0,0,0,0.000000,0.0000500000,0,,,,,195.403488
374,1000,asteroid_rain,213.738826,33,3,314,0.367879,-1.000000,-1.000000,0.000000,1.000000,0.000000,0.000000,0.000000,0,0,0,0.000000,0.0000500000,0,,,,,195.403488
375,1000,spiral_arms,125.834309,20,3,87,0.367879,-1.000000,-1.000000,0.000000,1.000000,0.000000,0.000000,0.000000,0,0,0,0.000000,0.0000500000,0,,,,,195.403488
376,1000,crossing_lanes,800.822210,122,9,887,0.367879,-1.000000,-1.000000,0.000000,1.000000,0.000000,0.000000,0.000000,0,0,0,0.000000,0.0000500000,0,,,,,195.403488
377,1000,spiral_arms,111.693838,18,3,92,0.367879,-1.000000,-1.000000,0.000000,1.000000,0.000000,0.000000,0.000000,0,0,0,0.000000,0.0000500000,0,,,,,195.403488
378,1000,crossing_lanes,569.170622,88,9,539,0.367879,-1.000000,-1.000000,0.000000,1.000000,0.000000,0.000000,0.000000,0,0,0,0.000000,0.0000500000,0,,,,,195.403488
379,1000,crossing_lanes,105.719924,21,9,167,0.367879,-1.000000,-1.000000,0.000000,1.000000,0.000000,0.000000,0.000000,0,0,0,0.000000,0.0000500000,0,,,,,195.403488
380,1000,crossing_lanes,829.066649,128,9,2001,0.367879,-1.000000,-1.000000,0.000000,1.000000,0.000000,0.000000,0.000000,0,0,0,0.000000,0.0000500000,0,195.403488,223.009097,287,23,195.403488
381,1000,asteroid_rain,195.746991,30,3,158,0.367879,-1.000000,-1.000000,0.000000,1.000000,0.000000,0.000000,0.000000,0,0,0,0.000000,0.0000500000,0,,,,,195.403488
382,1000,spiral_arms,200.777494,31,3,155,0.367879,-1.000000,-1.000000,0.000000,1.000000,0.000000,0.000000,0.000000,0,0,0,0.000000,0.0000500000,0,,,,,195.403488
383,1000,crossing_lanes,561.626424,88,9,1004,0.367879,-1.000000,-1.000000,0.000000,1.000000,0.000000,0.000000,0.000000,0,0,0,0.000000,0.0000500000,0,,,,,195.403488
384,1000,asteroid_rain,228.320020,35,3,279,0.367879,-1.000000,-1.000000,0.000000,1.000000,0.000000,0.000000,0.000000,0,0,0,0.000000,0.0000500000,0,,,,,195.403488
385,1000,asteroid_rain,241.544284,37,3,297,0.367879,-1.000000,-1.000000,0.000000,1.000000,0.000000,0.000000,0.000000,0,0,0,0.000000,0.0000500000,0,,,,,195.403488
386,1000,crossing_lanes,711.792040,109,9,752,0.367879,-1.000000,-1.000000,0.000000,1.000000,0.000000,0.000000,0.000000,0,0,0,0.000000,0.0000500000,0,,,,,195.403488
387,1000,asteroid_rain,290.783241,44,3,397,0.367879,-1.000000,-1.000000,0.000000,1.000000,0.000000,0.000000,0.000000,0,0,0,0.000000,0.0000500000,0,,,,,195.403488
388,1000,crossing_lanes,155.395509,28,9,171,0.367879,-1.000000,-1.000000,0.000000,1.000000,0.000000,0.000000,0.000000,0,0,0,0.000000,0.0000500000,0,,,,,195.403488
389,1000,crossing_lanes,623.682604,96,9,625,0.367879,-1.000000,-1.000000,0.000000,1.000000,0.000000,0.000000,0.000000,0,0,0,0.000000,0.0000500000,0,,,,,195.403488
390,1000,spiral_arms,106.037259,17,3,41,0.367879,-1.000000,-1.000000,0.000000,1.000000,0.000000,0.000000,0.000000,0,0,0,0.000000,0.0000500000,0,,,,,195.403488
391,1000,crossing_lanes,878.094428,134,8,2101,0.367879,-1.000000,-1.000000,0.000000,1.000000,0.000000,0.000000,0.000000,0,0,0,0.000000,0.0000500000,0,,,,,195.403488
392,1000,spiral_arms,200.807397,31,3,170,0.367879,-1.000000,-1.000000,0.000000,1.000000,0.000000,0.000000,0.000000,0,0,0,0.000000,0.0000500000,0,,,,,195.403488
393,1000,asteroid_rain,48.339238,9,3,130,0.367879,-1.000000,-1.000000,0.000000,1.000000,0.000000,0.000000,0.000000,0,0,0,0.000000,0.0000500000,0,,,,,195.403488
394,1000,asteroid_rain,296.428754,45,3,421,0.367879,-1.000000,-1.000000,0.000000,1.000000,0.000000,0.000000,0.000000,0,0,0,0.000000,0.0000500000,0,,,,,195.403488
395,1000,crossing_lanes,441.939518,70,9,614,0.367879,-1.000000,-1.000000,0.000000,1.000000,0.000000,0.000000,0.000000,0,0,0,0.000000,0.0000500000,0,,,,,195.403488
396,1000,spiral_arms,160.879564,25,3,83,0.367879,-1.000000,-1.000000,0.000000,1.000000,0.000000,0.000000,0.000000,0,0,0,0.000000,0.0000500000,0,,,,,195.403488
397,1000,spiral_arms,132.704059,21,3,92,0.367879,-1.000000,-1.000000,0.000000,1.000000,0.000000,0.000000,0.000000,0,0,0,0.000000,0.0000500000,0,,,,,195.403488
398,1000,asteroid_rain,505.702294,75,3,569,0.367879,-1.000000,-1.000000,0.000000,1.000000,0.000000,0.000000,0.000000,0,0,0,0.000000,0.0000500000,0,,,,,195.403488
399,1000,asteroid_rain,41.461508,8,3,129,0.367879,-1.000000,-1.000000,0.000000,1.000000,0.000000,0.000000,0.000000,0,0,0,0.000000,0.0000500000,0,,,,,195.403488
400,1000,crossing_lanes,575.914993,89,9,567,0.367879,-1.000000,-1.000000,0.000000,1.000000,0.000000,0.000000,0.000000,0,0,0,0.000000,0.0000500000,0,195.403488,223.009097,287,23,195.403488
401,1000,spiral_arms,117.749314,19,3,125,0.367879,-1.000000,-1.000000,0.000000,1.000000,0.000000,0.000000,0.000000,0,0,0,0.000000,0.0000500000,0,,,,,195.403488
402,1000,asteroid_rain,146.102319,23,3,156,0.367879,-1.000000,-1.000000,0.000000,1.000000,0.000000,0.000000,0.000000,0,0,0,0.000000,0.0000500000,0,,,,,195.403488
403,1000,crossing_lanes,760.492241,118,9,1528,0.367879,-1.000000,-1.000000,0.000000,1.000000,0.000000,0.000000,0.000000,0,0,0,0.000000,0.0000500000,0,,,,,195.403488
404,1000,spiral_arms,106.001575,17,3,42,0.367879,-1.000000,-1.000000,0.000000,1.000000,0.000000,0.000000,0.000000,0,0,0,0.000000,0.0000500000,0,,,,,195.403488
405,1000,asteroid_rain,251.105965,38,3,403,0.367879,-1.000000,-1.000000,0.000000,1.000000,0.000000,0.000000,0.000000,0,0,0,0.000000,0.0000500000,0,,,,,195.403488
406,1000,asteroid_rain,345.653470,52,3,414,0.367879,-1.000000,-1.000000,0.000000,1.000000,0.000000,0.000000,0.000000,0,0,0,0.000000,0.0000500000,0,,,,,195.403488
407,1000,asteroid_rain,179.252704,28,3,274,0.367879,-1.000000,-1.000000,0.000000,1.000000,0.000000,0.000000,0.000000,0,0,0,0.000000,0.0000500000,0,,,,,195.403488
408,1000,asteroid_rain,225.452638,35,3,422,0.367879,-1.000000,-1.000000,0.000000,1.000000,0.000000,0.000000,0.000000,0,0,0,0.000000,0.0000500000,0,,,,,195.403488
409,1000,asteroid_rain,314.095808,48,3,584,0.367879,-1.000000,-1.000000,0.000000,1.000000,0.000000,0.000000,0.000000,0,0,0,0.000000,0.0000500000,0,,,,,195.403488
410,1000,crossing_lanes,262.342732,44,9,366,0.367879,-1.000000,-1.000000,0.000000,1.000000,0.000000,0.000000,0.000000,0,0,0,0.000000,0.0000500000,0,,,,,195.403488
411,1000,asteroid_rain,289.323330,44,3,408,0.367879,-1.000000,-1.000000,0.000000,1.000000,0.000000,0.000000,0.000000,0,0,0,0.000000,0.0000500000,0,,,,,195.403488
412,1000,spiral_arms,221.988114,34,3,153,0.367879,-1.000000,-1.000000,0.000000,1.000000,0.000000,0.000000,0.000000,0,0,0,0.000000,0.0000500000,0,,,,,195.403488
413,1000,asteroid_rain,337.769511,51,3,409,0.367879,-1.000000,-1.000000,0.000000,1.000000,0.000000,0.000000,0.000000,0,0,0,0.000000,0.0000500000,0,,,,,195.403488
414,1000,spiral_arms,193.464497,30,3,175,0.367879,-1.000000,-1.000000,0.000000,1.000000,0.000000,0.000000,0.000000,0,0,0,0.000000,0.0000500000,0,,,,,195.403488
415,1000,asteroid_rain,46.253103,9,3,259,0.367879,-1.000000,-1.000000,0.000000,1.000000,0.000000,0.000000,0.000000,0,0,0,0.000000,0.0000500000,0,,,,,195.403488
416,1000,spiral_arms,193.627609,30,3,160,0.367879,-1.000000,-1.000000,0.000000,1.000000,0.000000,0.000000,0.000000,0,0,0,0.000000,0.0000500000,0,,,,,195.403488
417,1000,spiral_arms,167.923127,26,3,78,0.367879,-1.000000,-1.000000,0.000000,1.000000,0.000000,0.000000,0.000000,0,0,0,0.000000,0.0000500000,0,,,,,195.403488
418,1000,asteroid_rain,173.885444,27,3,156,0.367879,-1.000000,-1.000000,0.000000,1.000000,0.000000,0.000000,0.000000,0,0,0,0.000000,0.0000500000,0,,,,,195.403488
419,1000,crossing_lanes,319.224412,52,9,333,0.367879,-1.000000,-1.000000,0.000000,1.000000,0.000000,0.000000,0.000000,0,0,0,0.000000,0.0000500000,0,,,,,195.403488
420,1000,asteroid_rain,48.104747,9,3,139,0.367879,-1.000000,-1.000000,0.000000,1.000000,0.000000,0.000000,0.000000,0,0,0,0.000000,0.0000500000,0,195.403488,223.009097,287,23,195.403488
421,1000,crossing_lanes,554.193070,86,9,610,0.367879,-1.000000,-1.000000,0.000000,1.000000,0.000000,0.000000,0.000000,0,0,0,0.000000,0.0000500000,0,,,,,195.403488
422,1000,asteroid_rain,207.755053,32,3,304,0.367879,-1.000000,-1.000000,0.000000,1.000000,0.000000,0.000000,0.000000,0,0,0,0.000000,0.0000500000,0,,,,,195.403488
423,1000,asteroid_rain,255.664632,39,3,308,0.367879,-1.000000,-1.000000,0.000000,1.000000,0.000000,0.000000,0.000000,0,0,0,0.000000,0.0000500000,0,,,,,195.403488
424,1000,spiral_arms,111.810206,18,3,88,0.367879,-1.000000,-1.000000,0.000000,1.000000,0.000000,0.000000,0.000000,0,0,0,0.000000,0.0000500000,0,,,,,195.403488
425,1000,spiral_arms,104.746611,17,3,91,0.367879,-1.000000,-1.000000,0.000000,1.000000,0.000000,0.000000,0.000000,0,0,0,0.000000,0.0000500000,0,,,,,195.403488
426,1000,spiral_arms,111.736142,18,3,88,0.367879,-1.000000,-1.000000,0.000000,1.000000,0.000000,0.000000,0.000000,0,0,0,0.000000,0.0000500000,0,,,,,195.403488
427,1000,asteroid_rain,281.593436,43,3,452,0.367879,-1.000000,-1.000000,0.000000,1.000000,0.000000,0.000000,0.000000,0,0,0,0.000000,0.0000500000,0,,,,,195.403488
428,1000,spiral_arms,214.885235,33,3,170,0.367879,-1.000000,-1.000000,0.000000,1.000000,0.000000,0.000000,0.000000,0,0,0,0.000000,0.0000500000,0,,,,,195.403488
429,1000,spiral_arms,124.766008,20,3,121,0.367879,-1.000000,-1.000000,0.000000,1.000000,0.000000,0.000000,0.000000,0,0,0,0.000000,0.0000500000,0,,,,,195.403488
430,1000,asteroid_rain,195.540670,30,3,164,0.367879,-1.000000,-1.000000,0.000000,1.000000,0.000000,0.000000,0.000000,0,0,0,0.000000,0.0000500000,0,,,,,195.403488
431,1000,spiral_arms,118.494406,19,3,101,0.367879,-1.000000,-1.000000,0.000000,1.000000,0.000000,0.000000,0.000000,0,0,0,0.000000,0.0000500000,0,,,,,195.403488
432,1000,spiral_arms,139.417910,22,3,100,0.367879,-1.000000,-1.000000,0.000000,1.000000,0.000000,0.000000,0.000000,0,0,0,0.000000,0.0000500000,0,,,,,195.403488
433,1000,asteroid_rain,157.535500,25,3,286,0.367879,-1.000000,-1.000000,0.000000,1.000000,0.000000,0.000000,0.000000,0,0,0,0.000000,0.0000500000,0,,,,,195.403488
434,1000,asteroid_rain,90.366701,15,3,136,0.367879,-1.000000,-1.000000,0.000000,1.000000,0.000000,0.000000,0.000000,0,0,0,0.000000,0.0000500000,0,,,,,195.403488
435,1000,asteroid_rain,76.057050,13,3,138,0.367879,-1.000000,-1.000000,0.000000,1.000000,0.000000,0.000000,0.000000,0,0,0,0.000000,0.0000500000,0,,,,,195.403488
436,1000,asteroid_rain,318.736496,48,3,309,0.367879,-1.000000,-1.000000,0.000000,1.000000,0.000000,0.000000,0.000000,0,0,0,0.000000,0.0000500000,0,,,,,195.403488
437,1000,spiral_arms,97.669362,16,3,94,0.367879,-1.000000,-1.000000,0.000000,1.000000,0.000000,0.000000,0.000000,0,0,0,0.000000,0.0000500000,0,,,,,195.403488
438,1000,spiral_arms,276.930470,42,3,200,0.367879,-1.000000,-1.000000,0.000000,1.000000,0.000000,0.000000,0.000000,0,0,0,0.000000,0.0000500000,0,,,,,195.403488
439,1000,spiral_arms,118.283257,19,3,107,0.367879,-1.000000,-1.000000,0.000000,1.000000,0.000000,0.000000,0.000000,0,0,0,0.000000,0.0000500000,0,,,,,195.403488
440,1000,crossing_lanes,679.050242,105,9,1045,0.367879,-1.000000,-1.000000,0.000000,1.000000,0.000000,0.000000,0.000000,0,0,0,0.000000,0.0000500000,0,195.403488,223.009097,287,23,195.403488
441,1000,asteroid_rain,69.065404,12,3,139,0.367879,-1.000000,-1.000000,0.000000,1.000000,0.000000,0.000000,0.000000,0,0,0,0.000000,0.0000500000,0,,,,,195.403488
442,1000,crossing_lanes,434.505985,69,9,549,0.367879,-1.000000,-1.000000,0.000000,1.000000,0.000000,0.000000,0.000000,0,0,0,0.000000,0.0000500000,0,,,,,195.403488
443,1000,asteroid_rain,391.542958,59,3,583,0.367879,-1.000000,-1.000000,0.000000,1.000000,0.000000,0.000000,0.000000,0,0,0,0.000000,0.0000500000,0,,,,,195.403488
444,1000,spiral_arms,214.575132,33,3,171,0.367879,-1.000000,-1.000000,0.000000,1.000000,0.000000,0.000000,0.000000,0,0,0,0.000000,0.0000500000,0,,,,,195.403488
445,1000,asteroid_rain,393.631534,59,3,465,0.367879,-1.000000,-1.000000,0.000000,1.000000,0.000000,0.000000,0.000000,0,0,0,0.000000,0.0000500000,0,,,,,195.403488
446,1000,spiral_arms,146.995024,23,3,77,0.367879,-1.000000,-1.000000,0.000000,1.000000,0.000000,0.000000,0.000000,0,0,0,0.000000,0.0000500000,0,,,,,195.403488
447,1000,asteroid_rain,288.508915,44,3,418,0.367879,-1.000000,-1.000000,0.000000,1.000000,0.000000,0.000000,0.000000,0,0,0,0.000000,0.0000500000,0,,,,,195.403488
448,1000,spiral_arms,132.500305,21,3,96,0.367879,-1.000000,-1.000000,0.000000,1.000000,0.000000,0.000000,0.000000,0,0,0,0.000000,0.0000500000,0,,,,,195.403488
449,1000,spiral_arms,132.760217,21,3,90,0.367879,-1.000000,-1.000000,0.000000,1.000000,0.000000,0.000000,0.000000,0,0,0,0.000000,0.0000500000,0,,,,,195.403488
450,1000,spiral_arms,222.003851,34,3,172,0.367879,-1.000000,-1.000000,0.000000,1.000000,0.000000,0.000000,0.000000,0,0,0,0.000000,0.0000500000,0,,,,,195.403488
451,1000,crossing_lanes,626.258885,97,9,907,0.367879,-1.000000,-1.000000,0.000000,1.000000,0.000000,0.000000,0.000000,0,0,0,0.000000,0.0000500000,0,,,,,195.403488
452,1000,asteroid_rain,83.060705,14,3,153,0.367879,-1.000000,-1.000000,0.000000,1.000000,0.000000,0.000000,0.000000,0,0,0,0.000000,0.0000500000,0,,,,,195.403488
453,1000,crossing_lanes,440.685736,70,9,689,0.367879,-1.000000,-1.000000,0.000000,1.000000,0.000000,0.000000,0.000000,0,0,0,0.000000,0.0000500000,0,,,,,195.403488
454,1000,asteroid_rain,60.108299,11,3,259,0.367879,-1.000000,-1.000000,0.000000,1.000000,0.000000,0.000000,0.000000,0,0,0,0.000000,0.0000500000,0,,,,,195.403488
455,1000,asteroid_rain,55.439418,10,3,130,0.367879,-1.000000,-1.000000,0.000000,1.000000,0.000000,0.000000,0.000000,0,0,0,0.000000,0.0000500000,0,,,,,195.403488
456,1000,spiral_arms,283.822857,43,3,198,0.367879,-1.000000,-1.000000,0.000000,1.000000,0.000000,0.000000,0.000000,0,0,0,0.000000,0.0000500000,0,,,,,195.403488
457,1000,crossing_lanes,461.471271,73,9,601,0.367879,-1.000000,-1.000000,0.000000,1.000000,0.000000,0.000000,0.000000,0,0,0,0.000000,0.0000500000,0,,,,,195.403488
458,1000,spiral_arms,214.612754,33,3,169,0.367879,-1.000000,-1.000000,0.000000,1.000000,0.000000,0.000000,0.000000,0,0,0,0.000000,0.0000500000,0,,,,,195.403488
459,1000,asteroid_rain,125.613478,20,3,142,0.367879,-1.000000,-1.000000,0.000000,1.000000,0.000000,0.000000,0.000000,0,0,0,0.000000,0.0000500000,0,,,,,195.403488
460,1000,crossing_lanes,810.504218,124,9,1204,0.367879,-1.000000,-1.000000,0.000000,1.000000,0.000000,0.000000,0.000000,0,0,0,0.000000,0.0000500000,0,195.403488,223.009097,287,23,195.403488
461,1000,crossing_lanes,798.395465,122,9,1248,0.367879,-1.000000,-1.000000,0.000000,1.000000,0.000000,0.000000,0.000000,0,0,0,0.000000,0.0000500000,0,,,,,195.403488
462,1000,asteroid_rain,338.005158,51,3,436,0.367879,-1.000000,-1.000000,0.000000,1.000000,0.000000,0.000000,0.000000,0,0,0,0.000000,0.0000500000,0,,,,,195.403488
463,1000,crossing_lanes,461.647059,73,9,660,0.367879,-1.000000,-1.000000,0.000000,1.000000,0.000000,0.000000,0.000000,0,0,0,0.000000,0.0000500000,0,,,,,195.403488
464,1000,crossing_lanes,402.740424,64,9,493,0.367879,-1.000000,-1.000000,0.000000,1.000000,0.000000,0.000000,0.000000,0,0,0,0.000000,0.0000500000,0,,,,,195.403488
465,1000,spiral_arms,173.399648,27,3,141,0.367879,-1.000000,-1.000000,0.000000,1.000000,0.000000,0.000000,0.000000,0,0,0,0.000000,0.0000500000,0,,,,,195.403488
466,1000,asteroid_rain,234.270066,36,3,296,0.367879,-1.000000,-1.000000,0.000000,1.000000,0.000000,0.000000,0.000000,0,0,0,0.000000,0.0000500000,0,,,,,195.403488
467,1000,crossing_lanes,319.203957,52,9,328,0.367879,-1.000000,-1.000000,0.000000,1.000000,0.000000,0.000000,0.000000,0,0,0,0.000000,0.0000500000,0,,,,,195.403488
468,1000,crossing_lanes,503.400885,79,9,594,0.367879,-1.000000,-1.000000,0.000000,1.000000,0.000000,0.000000,0.000000,0,0,0,0.000000,0.0000500000,0,,,,,195.403488
469,1000,spiral_arms,214.702380,33,3,174,0.367879,-1.000000,-1.000000,0.000000,1.000000,0.000000,0.000000,0.000000,0,0,0,0.000000,0.0000500000,0,,,,,195.403488
470,1000,crossing_lanes,312.380974,51,9,338,0.367879,-1.000000,-1.000000,0.000000,1.000000,0.000000,0.000000,0.000000,0,0,0,0.000000,0.0000500000,0,,,,,195.403488
471,1000,asteroid_rain,62.310346,11,3,131,0.367879,-1.000000,-1.000000,0.000000,1.000000,0.000000,0.000000,0.000000,0,0,0,0.000000,0.0000500000,0,,,,,195.403488
472,1000,asteroid_rain,422.150264,63,3,618,0.367879,-1.000000,-1.000000,0.000000,1.000000,0.000000,0.000000,0.000000,0,0,0,0.000000,0.0000500000,0,,,,,195.403488
473,1000,asteroid_rain,62.188464,11,3,143,0.367879,-1.000000,-1.000000,0.000000,1.000000,0.000000,0.000000,0.000000,0,0,0,0.000000,0.0000500000,0,,,,,195.403488
474,1000,spiral_arms,152.642915,24,3,126,0.367879,-1.000000,-1.000000,0.000000,1.000000,0.000000,0.000000,0.000000,0,0,0,0.000000,0.0000500000,0,,,,,195.403488
475,1000,crossing_lanes,659.576685,102,9,1013,0.367879,-1.000000,-1.000000,0.000000,1.000000,0.000000,0.000000,0.000000,0,0,0,0.000000,0.0000500000,0,,,,,195.403488
476,1000,spiral_arms,97.635978,16,3,95,0.367879,-1.000000,-1.000000,0.000000,1.000000,0.000000,0.000000,0.000000,0,0,0,0.000000,0.0000500000,0,,,,,195.403488
477,1000,spiral_arms,311.057619,47,3,250,0.367879,-1.000000,-1.000000,0.000000,1.000000,0.000000,0.000000,0.000000,0,0,0,0.000000,0.0000500000,0,,,,,195.403488
478,1000,asteroid_rain,115.609044,19,3,298,0.367879,-1.000000,-1.000000,0.000000,1.000000,0.000000,0.000000,0.000000,0,0,0,0.000000,0.0000500000,0,,,,,195.403488
479,1000,asteroid_rain,404.005406,61,3,743,0.367879,-1.000000,-1.000000,0.000000,1.000000,0.000000,0.000000,0.000000,0,0,0,0.000000,0.0000500000,0,,,,,195.403488
480,1000,crossing_lanes,640.943854,99,9,816,0.367879,-1.000000,-1.000000,0.000000,1.000000,0.000000,0.000000,0.000000,0,0,0,0.000000,0.0000500000,0,195.403488,223.009097,287,23,195.403488
481,1000,spiral_arms,228.842176,35,3,169,0.367879,-1.000000,-1.000000,0.000000,1.000000,0.000000,0.000000,0.000000,0,0,0,0.000000,0.0000500000,0,,,,,195.403488
482,1000,asteroid_rain,345.156658,52,3,511,0.367879,-1.000000,-1.000000,0.000000,1.000000,0.000000,0.000000,0.000000,0,0,0,0.000000,0.0000500000,0,,,,,195.403488
483,1000,asteroid_rain,206.939098,32,3,297,0.367879,-1.000000,-1.000000,0.000000,1.000000,0.000000,0.000000,0.000000,0,0,0,0.000000,0.0000500000,0,,,,,195.403488
484,1000,spiral_arms,208.057671,32,3,171,0.367879,-1.000000,-1.000000,0.000000,1.000000,0.000000,0.000000,0.000000,0,0,0,0.000000,0.0000500000,0,,,,,195.403488
485,1000,asteroid_rain,48.516289,9,3,134,0.367879,-1.000000,-1.000000,0.000000,1.000000,0.000000,0.000000,0.000000,0,0,0,0.000000,0.0000500000,0,,,,,195.403488
486,1000,asteroid_rain,261.074504,40,3,409,0.367879,-1.000000,-1.000000,0.000000,1.000000,0.000000,0.000000,0.000000,0,0,0,0.000000,0.0000500000,0,,,,,195.403488
487,1000,asteroid_rain,101.440911,17,3,280,0.367879,-1.000000,-1.000000,0.000000,1.000000,0.000000,0.000000,0.000000,0,0,0,0.000000,0.0000500000,0,,,,,195.403488
488,1000,asteroid_rain,330.344227,50,3,423,0.367879,-1.000000,-1.000000,0.000000,1.000000,0.000000,0.000000,0.000000,0,0,0,0.000000,0.0000500000,0,,,,,195.403488
489,1000,crossing_lanes,876.006282,133,9,1181,0.367879,-1.000000,-1.000000,0.000000,1.000000,0.000000,0.000000,0.000000,0,0,0,0.000000,0.0000500000,0,,,,,195.403488
490,1000,spiral_arms,133.029130,21,3,75,0.367879,-1.000000,-1.000000,0.000000,1.000000,0.000000,0.000000,0.000000,0,0,0,0.000000,0.0000500000,0,,,,,195.403488
491,1000,spiral_arms,228.808724,35,3,151,0.367879,-1.000000,-1.000000,0.000000,1.000000,0.000000,0.000000,0.000000,0,0,0,0.000000,0.0000500000,0,,,,,195.403488
492,1000,asteroid_rain,48.412674,9,3,132,0.367879,-1.000000,-1.000000,0.000000,1.000000,0.000000,0.000000,0.000000,0,0,0,0.000000,0.0000500000,0,,,,,195.403488
493,1000,spiral_arms,104.564941,17,3,96,0.367879,-1.000000,-1.000000,0.000000,1.000000,0.000000,0.000000,0.000000,0,0,0,0.000000,0.0000500000,0,,,,,195.403488
494,1000,asteroid_rain,69.633171,12,3,130,0.367879,-1.000000,-1.000000,0.000000,1.000000,0.000000,0.000000,0.000000,0,0,0,0.000000,0.0000500000,0,,,,,195.403488
495,1000,spiral_arms,167.462660,26,3,97,0.367879,-1.000000,-1.000000,0.000000,1.000000,0.000000,0.000000,0.000000,0,0,0,0.000000,0.0000500000,0,,,,,195.403488
496,1000,asteroid_rain,55.768374,10,3,130,0.367879,-1.000000,-1.000000,0.000000,1.000000,0.000000,0.000000,0.000000,0,0,0,0.000000,0.0000500000,0,,,,,195.403488
497,1000,asteroid_rain,90.127611,15,3,145,0.367879,-1.000000,-1.000000,0.000000,1.000000,0.000000,0.000000,0.000000,0,0,0,0.000000,0.0000500000,0,,,,,195.403488
498,1000,spiral_arms,104.816136,17,3,87,0.367879,-1.000000,-1.000000,0.000000,1.000000,0.000000,0.000000,0.000000,0,0,0,0.000000,0.0000500000,0,,,,,195.403488
499,1000,asteroid_rain,134.011525,22,3,433,0.367879,-1.000000,-1.000000,0.000000,1.000000,0.000000,0.000000,0.000000,0,0,0,0.000000,0.0000500000,0,,,,,195.403488
500,1000,asteroid_rain,95.171488,16,3,263,0.367879,-1.000000,-1.000000,0.000000,1.000000,0.000000,0.000000,0.000000,0,0,0,0.000000,0.0000500000,0,195.403488,223.009097,287,23,195.403488
501,1000,asteroid_rain,330.998979,50,3,457,0.367879,-1.000000,-1.000000,0.000000,1.000000,0.000000,0.000000,0.000000,0,0,0,0.000000,0.0000500000,0,,,,,195.403488
502,1000,asteroid_rain,247.946576,38,3,298,0.367879,-1.000000,-1.000000,0.000000,1.000000,0.000000,0.000000,0.000000,0,0,0,0.000000,0.0000500000,0,,,,,195.403488
503,1000,crossing_lanes,742.825858,114,9,1070,0.367879,-1.000000,-1.000000,0.000000,1.000000,0.000000,0.000000,0.000000,0,0,0,0.000000,0.0000500000,0,,,,,195.403488
504,1000,spiral_arms,112.319189,18,3,69,0.367879,-1.000000,-1.000000,0.000000,1.000000,0.000000,0.000000,0.000000,0,0,0,0.000000,0.0000500000,0,,,,,195.403488
505,1000,asteroid_rain,48.349934,9,3,131,0.367879,-1.000000,-1.000000,0.000000,1.000000,0.000000,0.000000,0.000000,0,0,0,0.000000,0.0000500000,0,,,,,195.403488
506,1000,asteroid_rain,150.247423,24,3,290,0.367879,-1.000000,-1.000000,0.000000,1.000000,0.000000,0.000000,0.000000,0,0,0,0.000000,0.0000500000,0,,,,,195.403488
507,1000,asteroid_rain,284.412304,43,3,304,0.367879,-1.000000,-1.000000,0.000000,1.000000,0.000000,0.000000,0.000000,0,0,0,0.000000,0.0000500000,0,,,,,195.403488
508,1000,asteroid_rain,284.451879,43,3,314,0.367879,-1.000000,-1.000000,0.000000,1.000000,0.000000,0.000000,0.000000,0,0,0,0.000000,0.0000500000,0,,,,,195.403488
509,1000,crossing_lanes,193.946340,34,9,261,0.367879,-1.000000,-1.000000,0.000000,1.000000,0.000000,0.000000,0.000000,0,0,0,0.000000,0.0000500000,0,,,,,195.403488
510,1000,spiral_arms,139.506318,22,3,95,0.367879,-1.000000,-1.000000,0.000000,1.000000,0.000000,0.000000,0.000000,0,0,0,0.000000,0.0000500000,0,,,,,195.403488
511,1000,spiral_arms,202.201934,31,3,123,0.367879,-1.000000,-1.000000,0.000000,1.000000,0.000000,0.000000,0.000000,0,0,0,0.000000,0.0000500000,0,,,,,195.403488
512,1000,crossing_lanes,220.911133,38,9,318,0.367879,-1.000000,-1.000000,0.000000,1.000000,0.000000,0.000000,0.000000,0,0,0,0.000000,0.0000500000,0,,,,,195.403488
513,1000,asteroid_rain,103.936986,17,3,141,0.367879,-1.000000,-1.000000,0.000000,1.000000,0.000000,0.000000,0.000000,0,0,0,0.000000,0.0000500000,0,,,,,195.403488
514,1000,crossing_lanes,974.781136,148,9,1917,0.367879,-1.000000,-1.000000,0.000000,1.000000,0.000000,0.000000,0.000000,0,0,0,0.000000,0.0000500000,0,,,,,195.403488
515,1000,crossing_lanes,412.705247,66,9,653,0.367879,-1.000000,-1.000000,0.000000,1.000000,0.000000,0.000000,0.000000,0,0,0,0.000000,0.0000500000,0,,,,,195.403488
516,1000,spiral_arms,193.914578,30,3,169,0.367879,-1.000000,-1.000000,0.000000,1.000000,0.000000,0.000000,0.000000,0,0,0,0.000000,0.0000500000,0,,,,,195.403488
517,1000,crossing_lanes,557.643588,87,9,743,0.367879,-1.000000,-1.000000,0.000000,1.000000,0.000000,0.000000,0.000000,0,0,0,0.000000,0.0000500000,0,,,,,195.403488
518,1000,asteroid_rain,463.499629,69,3,663,0.367879,-1.000000,-1.000000,0.000000,1.000000,0.000000,0.000000,0.000000,0,0,0,0.000000,0.0000500000,0,,,,,195.403488
519,1000,spiral_arms,111.723307,18,3,92,0.367879,-1.000000,-1.000000,0.000000,1.000000,0.000000,0.000000,0.000000,0,0,0,0.000000,0.0000500000,0,,,,,195.403488
520,1000,crossing_lanes,645.209990,100,9,888,0.367879,-1.000000,-1.000000,0.000000,1.000000,0.000000,0.000000,0.000000,0,0,0,0.000000,0.0000500000,0,195.403488,223.009097,287,23,195.403488
521,1000,spiral_arms,214.700790,33,3,179,0.367879,-1.000000,-1.000000,0.000000,1.000000,0.000000,0.000000,0.000000,0,0,0,0.000000,0.0000500000,0,,,,,195.403488
522,1000,asteroid_rain,495.088078,74,3,807,0.367879,-1.000000,-1.000000,0.000000,1.000000,0.000000,0.000000,0.000000,0,0,0,0.000000,0.0000500000,0,,,,,195.403488
523,1000,spiral_arms,132.289929,21,3,107,0.367879,-1.000000,-1.000000,0.000000,1.000000,0.000000,0.000000,0.000000,0,0,0,0.000000,0.0000500000,0,,,,,195.403488
524,1000,crossing_lanes,617.632993,96,9,966,0.367879,-1.000000,-1.000000,0.000000,1.000000,0.000000,0.000000,0.000000,0,0,0,0.000000,0.0000500000,0,,,,,195.403488
525,1000,asteroid_rain,125.207169,20,3,146,0.367879,-1.000000,-1.000000,0.000000,1.000000,0.000000,0.000000,0.000000,0,0,0,0.000000,0.0000500000,0,,,,,195.403488
526,1000,crossing_lanes,752.988915,115,9,864,0.367879,-1.000000,-1.000000,0.000000,1.000000,0.000000,0.000000,0.000000,0,0,0,0.000000,0.0000500000,0,,,,,195.403488
527,1000,asteroid_rain,41.082859,8,3,137,0.367879,-1.000000,-1.000000,0.000000,1.000000,0.000000,0.000000,0.000000,0,0,0,0.000000,0.0000500000,0,,,,,195.403488
528,1000,spiral_arms,85.209112,14,3,38,0.367879,-1.000000,-1.000000,0.000000,1.000000,0.000000,0.000000,0.000000,0,0,0,0.000000,0.0000500000,0,,,,,195.403488
529,1000,crossing_lanes,506.045343,79,9,550,0.367879,-1.000000,-1.000000,0.000000,1.000000,0.000000,0.000000,0.000000,0,0,0,0.000000,0.0000500000,0,,,,,195.403488
530,1000,crossing_lanes,853.222450,130,9,1350,0.367879,-1.000000,-1.000000,0.000000,1.000000,0.000000,0.000000,0.000000,0,0,0,0.000000,0.0000500000,0,,,,,195.403488
531,1000,asteroid_rain,61.940170,11,3,139,0.367879,-1.000000,-1.000000,0.000000,1.000000,0.000000,0.000000,0.000000,0,0,0,0.000000,0.0000500000,0,,,,,195.403488
532,1000,crossing_lanes,302.349951,50,9,518,0.367879,-1.000000,-1.000000,0.000000,1.000000,0.000000,0.000000,0.000000,0,0,0,0.000000,0.0000500000,0,,,,,195.403488
533,1000,crossing_lanes,228.098533,39,9,326,0.367879,-1.000000,-1.000000,0.000000,1.000000,0.000000,0.000000,0.000000,0,0,0,0.000000,0.0000500000,0,,,,,195.403488
534,1000,asteroid_rain,185.993003,29,3,274,0.367879,-1.000000,-1.000000,0.000000,1.000000,0.000000,0.000000,0.000000,0,0,0,0.000000,0.0000500000,0,,,,,195.403488
535,1000,asteroid_rain,218.184916,34,3,439,0.367879,-1.000000,-1.000000,0.000000,1.000000,0.000000,0.000000,0.000000,0,0,0,0.000000,0.0000500000,0,,,,,195.403488
536,1000,crossing_lanes,428.538357,68,9,502,0.367879,-1.000000,-1.000000,0.000000,1.000000,0.000000,0.000000,0.000000,0,0,0,0.000000,0.0000500000,0,,,,,195.403488
537,1000,asteroid_rain,231.659978,36,3,440,0.367879,-1.000000,-1.000000,0.000000,1.000000,0.000000,0.000000,0.000000,0,0,0,0.000000,0.0000500000,0,,,,,195.403488
538,1000,asteroid_rain,248.430512,38,3,339,0.367879,-1.000000,-1.000000,0.000000,1.000000,0.000000,0.000000,0.000000,0,0,0,0.000000,0.0000500000,0,,,,,195.403488
539,1000,asteroid_rain,249.404720,38,3,289,0.367879,-1.000000,-1.000000,0.000000,1.000000,0.000000,0.000000,0.000000,0,0,0,0.000000,0.0000500000,0,,,,,195.403488
540,1000,spiral_arms,118.473304,19,3,99,0.367879,-1.000000,-1.000000,0.000000,1.000000,0.000000,0.000000,0.000000,0,0,0,0.000000,0.0000500000,0,195.403488,223.009097,287,23,195.403488
541,1000,asteroid_rain,41.259619,8,3,131,0.367879,-1.000000,-1.000000,0.000000,1.000000,0.000000,0.000000,0.000000,0,0,0,0.000000,0.0000500000,0,,,,,195.403488
542,1000,spiral_arms,395.405224,59,3,288,0.367879,-1.000000,-1.000000,0.000000,1.000000,0.000000,0.000000,0.000000,0,0,0,0.000000,0.0000500000,0,,,,,195.403488
543,1000,asteroid_rain,233.209148,36,3,425,0.367879,-1.000000,-1.000000,0.000000,1.000000,0.000000,0.000000,0.000000,0,0,0,0.000000,0.0000500000,0,,,,,195.403488
544,1000,spiral_arms,104.540845,17,3,99,0.367879,-1.000000,-1.000000,0.000000,1.000000,0.000000,0.000000,0.000000,0,0,0,0.000000,0.0000500000,0,,,,,195.403488
545,1000,spiral_arms,140.255125,22,3,71,0.367879,-1.000000,-1.000000,0.000000,1.000000,0.000000,0.000000,0.000000,0,0,0,0.000000,0.0000500000,0,,,,,195.403488
546,1000,crossing_lanes,333.497908,54,9,340,0.367879,-1.000000,-1.000000,0.000000,1.000000,0.000000,0.000000,0.000000,0,0,0,0.000000,0.0000500000,0,,,,,195.403488
547,1000,asteroid_rain,145.573733,23,3,167,0.367879,-1.000000,-1.000000,0.000000,1.000000,0.000000,0.000000,0.000000,0,0,0,0.000000,0.0000500000,0,,,,,195.403488
548,1000,asteroid_rain,319.168226,48,3,344,0.367879,-1.000000,-1.000000,0.000000,1.000000,0.000000,0.000000,0.000000,0,0,0,0.000000,0.0000500000,0,,,,,195.403488
549,1000,spiral_arms,125.693642,20,3,93,0.367879,-1.000000,-1.000000,0.000000,1.000000,0.000000,0.000000,0.000000,0,0,0,0.000000,0.0000500000,0,,,,,195.403488
550,1000,crossing_lanes,837.428155,128,7,2101,0.367879,-1.000000,-1.000000,0.000000,1.000000,0.000000,0.000000,0.000000,0,0,0,0.000000,0.0000500000,0,,,,,195.403488
551,1000,spiral_arms,126.149931,20,3,73,0.367879,-1.000000,-1.000000,0.000000,1.000000,0.000000,0.000000,0.000000,0,0,0,0.000000,0.0000500000,0,,,,,195.403488
552,1000,spiral_arms,90.644065,15,3,96,0.367879,-1.000000,-1.000000,0.000000,1.000000,0.000000,0.000000,0.000000,0,0,0,0.000000,0.0000500000,0,,,,,195.403488
553,1000,crossing_lanes,504.112435,79,9,618,0.367879,-1.000000,-1.000000,0.000000,1.000000,0.000000,0.000000,0.000000,0,0,0,0.000000,0.0000500000,0,,,,,195.403488
554,1000,asteroid_rain,152.621576,24,3,170,0.367879,-1.000000,-1.000000,0.000000,1.000000,0.000000,0.000000,0.000000,0,0,0,0.000000,0.0000500000,0,,,,,195.403488
555,1000,asteroid_rain,213.800393,33,3,296,0.367879,-1.000000,-1.000000,0.000000,1.000000,0.000000,0.000000,0.000000,0,0,0,0.000000,0.0000500000,0,,,,,195.403488
556,1000,crossing_lanes,786.702259,120,9,1032,0.367879,-1.000000,-1.000000,0.000000,1.000000,0.000000,0.000000,0.000000,0,0,0,0.000000,0.0000500000,0,,,,,195.403488
557,1000,spiral_arms,111.602788,18,3,93,0.367879,-1.000000,-1.000000,0.000000,1.000000,0.000000,0.000000,0.000000,0,0,0,0.000000,0.0000500000,0,,,,,195.403488
558,1000,asteroid_rain,336.153960,51,3,536,0.367879,-1.000000,-1.000000,0.000000,1.000000,0.000000,0.000000,0.000000,0,0,0,0.000000,0.0000500000,0,,,,,195.403488
559,1000,spiral_arms,125.679955,20,3,94,0.367879,-1.000000,-1.000000,0.000000,1.000000,0.000000,0.000000,0.000000,0,0,0,0.000000,0.0000500000,0,,,,,195.403488
560,1000,spiral_arms,208.271203,32,3,146,0.367879,-1.000000,-1.000000,0.000000,1.000000,0.000000,0.000000,0.000000,0,0,0,0.000000,0.0000500000,0,195.403488,223.009097,287,23,195.403488
561,1000,crossing_lanes,590.296923,92,9,858,0.367879,-1.000000,-1.000000,0.000000,1.000000,0.000000,0.000000,0.000000,0,0,0,0.000000,0.0000500000,0,,,,,195.403488
562,1000,spiral_arms,139.760285,22,3,89,0.367879,-1.000000,-1.000000,0.000000,1.000000,0.000000,0.000000,0.000000,0,0,0,0.000000,0.0000500000,0,,,,,195.403488
563,1000,crossing_lanes,1003.307342,152,8,2101,0.367879,-1.000000,-1.000000,0.000000,1.000000,0.000000,0.000000,0.000000,0,0,0,0.000000,0.0000500000,0,,,,,195.403488
564,1000,asteroid_rain,153.344322,24,3,143,0.367879,-1.000000,-1.000000,0.000000,1.000000,0.000000,0.000000,0.000000,0,0,0,0.000000,0.0000500000,0,,,,,195.403488
565,1000,spiral_arms,311.946233,47,3,258,0.367879,-1.000000,-1.000000,0.000000,1.000000,0.000000,0.000000,0.000000,0,0,0,0.000000,0.0000500000,0,,,,,195.403488
566,1000,spiral_arms,515.190744,77,3,509,0.367879,-1.000000,-1.000000,0.000000,1.000000,0.000000,0.000000,0.000000,0,0,0,0.000000,0.0000500000,0,,,,,195.403488
567,1000,crossing_lanes,830.415991,127,9,1167,0.367879,-1.000000,-1.000000,0.000000,1.000000,0.000000,0.000000,0.000000,0,0,0,0.000000,0.0000500000,0,,,,,195.403488
568,1000,spiral_arms,236.022284,36,3,150,0.367879,-1.000000,-1.000000,0.000000,1.000000,0.000000,0.000000,0.000000,0,0,0,0.000000,0.0000500000,0,,,,,195.403488
569,1000,asteroid_rain,41.226938,8,3,132,0.367879,-1.000000,-1.000000,0.000000,1.000000,0.000000,0.000000,0.000000,0,0,0,0.000000,0.0000500000,0,,,,,195.403488
570,1000,asteroid_rain,255.485597,39,3,307,0.367879,-1.000000,-1.000000,0.000000,1.000000,0.000000,0.000000,0.000000,0,0,0,0.000000,0.0000500000,0,,,,,195.403488
571,1000,spiral_arms,76.843974,13,3,92,0.367879,-1.000000,-1.000000,0.000000,1.000000,0.000000,0.000000,0.000000,0,0,0,0.000000,0.0000500000,0,,,,,195.403488
572,1000,spiral_arms,125.895369,20,3,84,0.367879,-1.000000,-1.000000,0.000000,1.000000,0.000000,0.000000,0.000000,0,0,0,0.000000,0.0000500000,0,,,,,195.403488
573,1000,crossing_lanes,898.542323,137,9,1506,0.367879,-1.000000,-1.000000,0.000000,1.000000,0.000000,0.000000,0.000000,0,0,0,0.000000,0.0000500000,0,,,,,195.403488
574,1000,spiral_arms,214.770518,33,3,166,0.367879,-1.000000,-1.000000,0.000000,1.000000,0.000000,0.000000,0.000000,0,0,0,0.000000,0.0000500000,0,,,,,195.403488
575,1000,spiral_arms,200.804812,31,3,166,0.367879,-1.000000,-1.000000,0.000000,1.000000,0.000000,0.000000,0.000000,0,0,0,0.000000,0.0000500000,0,,,,,195.403488
576,1000,spiral_arms,243.544164,37,3,187,0.367879,-1.000000,-1.000000,0.000000,1.000000,0.000000,0.000000,0.000000,0,0,0,0.000000,0.0000500000,0,,,,,195.403488
577,1000,crossing_lanes,601.088487,93,9,659,0.367879,-1.000000,-1.000000,0.000000,1.000000,0.000000,0.000000,0.000000,0,0,0,0.000000,0.0000500000,0,,,,,195.403488
578,1000,asteroid_rain,69.059651,12,3,139,0.367879,-1.000000,-1.000000,0.000000,1.000000,0.000000,0.000000,0.000000,0,0,0,0.000000,0.0000500000,0,,,,,195.403488
579,1000,crossing_lanes,270.782648,45,9,312,0.367879,-1.000000,-1.000000,0.000000,1.000000,0.000000,0.000000,0.000000,0,0,0,0.000000,0.0000500000,0,,,,,195.403488
580,1000,asteroid_rain,103.855175,17,3,159,0.367879,-1.000000,-1.000000,0.000000,1.000000,0.000000,0.000000,0.000000,0,0,0,0.000000,0.0000500000,0,195.403488,223.009097,287,23,195.403488
581,1000,asteroid_rain,62.367528,11,3,131,0.367879,-1.000000,-1.000000,0.000000,1.000000,0.000000,0.000000,0.000000,0,0,0,0.000000,0.0000500000,0,,,,,195.403488
582,1000,crossing_lanes,394.184308,63,9,506,0.367879,-1.000000,-1.000000,0.000000,1.000000,0.000000,0.000000,0.000000,0,0,0,0.000000,0.0000500000,0,,,,,195.403488
583,1000,crossing_lanes,256.924605,43,9,297,0.367879,-1.000000,-1.000000,0.000000,1.000000,0.000000,0.000000,0.000000,0,0,0,0.000000,0.0000500000,0,,,,,195.403488
584,1000,asteroid_rain,117.971925,19,3,139,0.367879,-1.000000,-1.000000,0.000000,1.000000,0.000000,0.000000,0.000000,0,0,0,0.000000,0.0000500000,0,,,,,195.403488
585,1000,crossing_lanes,291.336618,48,9,322,0.367879,-1.000000,-1.000000,0.000000,1.000000,0.000000,0.000000,0.000000,0,0,0,0.000000,0.0000500000,0,,,,,195.403488
586,1000,spiral_arms,200.987998,31,3,170,0.367879,-1.000000,-1.000000,0.000000,1.000000,0.000000,0.000000,0.000000,0,0,0,0.000000,0.0000500000,0,,,,,195.403488
587,1000,asteroid_rain,295.710941,45,3,418,0.367879,-1.000000,-1.000000,0.000000,1.000000,0.000000,0.000000,0.000000,0,0,0,0.000000,0.0000500000,0,,,,,195.403488
588,1000,asteroid_rain,164.683735,26,3,295,0.367879,-1.000000,-1.000000,0.000000,1.000000,0.000000,0.000000,0.000000,0,0,0,0.000000,0.0000500000,0,,,,,195.403488
589,1000,spiral_arms,283.287684,43,3,207,0.367879,-1.000000,-1.000000,0.000000,1.000000,0.000000,0.000000,0.000000,0,0,0,0.000000,0.0000500000,0,,,,,195.403488
590,1000,crossing_lanes,628.247951,97,9,877,0.367879,-1.000000,-1.000000,0.000000,1.000000,0.000000,0.000000,0.000000,0,0,0,0.000000,0.0000500000,0,,,,,195.403488
591,1000,asteroid_rain,262.743848,40,3,314,0.367879,-1.000000,-1.000000,0.000000,1.000000,0.000000,0.000000,0.000000,0,0,0,0.000000,0.0000500000,0,,,,,195.403488
592,1000,asteroid_rain,253.728912,39,3,417,0.367879,-1.000000,-1.000000,0.000000,1.000000,0.000000,0.000000,0.000000,0,0,0,0.000000,0.0000500000,0,,,,,195.403488
593,1000,asteroid_rain,40.737977,8,3,156,0.367879,-1.000000,-1.000000,0.000000,1.000000,0.000000,0.000000,0.000000,0,0,0,0.000000,0.0000500000,0,,,,,195.403488
594,1000,asteroid_rain,260.706165,40,3,418,0.367879,-1.000000,-1.000000,0.000000,1.000000,0.000000,0.000000,0.000000,0,0,0,0.000000,0.0000500000,0,,,,,195.403488
595,1000,spiral_arms,153.908779,24,3,78,0.367879,-1.000000,-1.000000,0.000000,1.000000,0.000000,0.000000,0.000000,0,0,0,0.000000,0.0000500000,0,,,,,195.403488
596,1000,crossing_lanes,659.740308,102,9,981,0.367879,-1.000000,-1.000000,0.000000,1.000000,0.000000,0.000000,0.000000,0,0,0,0.000000,0.0000500000,0,,,,,195.403488
597,1000,asteroid_rain,137.317855,22,3,271,0.367879,-1.000000,-1.000000,0.000000,1.000000,0.000000,0.000000,0.000000,0,0,0,0.000000,0.0000500000,0,,,,,195.403488
598,1000,crossing_lanes,251.483855,42,9,281,0.367879,-1.000000,-1.000000,0.000000,1.000000,0.000000,0.000000,0.000000,0,0,0,0.000000,0.0000500000,0,,,,,195.403488
599,1000,spiral_arms,118.521855,19,3,94,0.367879,-1.000000,-1.000000,0.000000,1.000000,0.000000,0.000000,0.000000,0,0,0,0.000000,0.0000500000,0,,,,,195.403488
600,1000,spiral_arms,118.810888,19,3,88,0.367879,-1.000000,-1.000000,0.000000,1.000000,0.000000,0.000000,0.000000,0,0,0,0.000000,0.0000500000,0,195.403488,223.009097,287,23,195.403488
601,1000,crossing_lanes,261.356798,44,9,400,0.367879,-1.000000,-1.000000,0.000000,1.000000,0.000000,0.000000,0.000000,0,0,0,0.000000,0.0000500000,0,,,,,195.403488
602,1000,spiral_arms,99.247940,16,3,37,0.367879,-1.000000,-1.000000,0.000000,1.000000,0.000000,0.000000,0.000000,0,0,0,0.000000,0.0000500000,0,,,,,195.403488
603,1000,asteroid_rain,55.691955,10,3,131,0.367879,-1.000000,-1.000000,0.000000,1.000000,0.000000,0.000000,0.000000,0,0,0,0.000000,0.0000500000,0,,,,,195.403488
604,1000,asteroid_rain,150.732561,24,3,268,0.367879,-1.000000,-1.000000,0.000000,1.000000,0.000000,0.000000,0.000000,0,0,0,0.000000,0.0000500000,0,,,,,195.403488
605,1000,asteroid_rain,130.059761,21,3,277,0.367879,-1.000000,-1.000000,0.000000,1.000000,0.000000,0.000000,0.000000,0,0,0,0.000000,0.0000500000,0,,,,,195.403488
606,1000,spiral_arms,111.791715,18,3,89,0.367879,-1.000000,-1.000000,0.000000,1.000000,0.000000,0.000000,0.000000,0,0,0,0.000000,0.0000500000,0,,,,,195.403488
607,1000,crossing_lanes,230.613035,39,9,267,0.367879,-1.000000,-1.000000,0.000000,1.000000,0.000000,0.000000,0.000000,0,0,0,0.000000,0.0000500000,0,,,,,195.403488
608,1000,crossing_lanes,465.098117,73,9,482,0.367879,-1.000000,-1.000000,0.000000,1.000000,0.000000,0.000000,0.000000,0,0,0,0.000000,0.0000500000,0,,,,,195.403488
609,1000,asteroid_rain,414.909504,62,3,474,0.367879,-1.000000,-1.000000,0.000000,1.000000,0.000000,0.000000,0.000000,0,0,0,0.000000,0.0000500000,0,,,,,195.403488
610,1000,asteroid_rain,213.252393,33,3,308,0.367879,-1.000000,-1.000000,0.000000,1.000000,0.000000,0.000000,0.000000,0,0,0,0.000000,0.0000500000,0,,,,,195.403488
611,1000,spiral_arms,221.172832,34,3,172,0.367879,-1.000000,-1.000000,0.000000,1.000000,0.000000,0.000000,0.000000,0,0,0,0.000000,0.0000500000,0,,,,,195.403488
612,1000,asteroid_rain,48.076639,9,3,136,0.367879,-1.000000,-1.000000,0.000000,1.000000,0.000000,0.000000,0.000000,0,0,0,0.000000,0.0000500000,0,,,,,195.403488
613,1000,asteroid_rain,174.089309,27,3,155,0.367879,-1.000000,-1.000000,0.000000,1.000000,0.000000,0.000000,0.000000,0,0,0,0.000000,0.0000500000,0,,,,,195.403488
614,1000,asteroid_rain,62.315208,11,3,130,0.367879,-1.000000,-1.000000,0.000000,1.000000,0.000000,0.000000,0.000000,0,0,0,0.000000,0.0000500000,0,,,,,195.403488
615,1000,spiral_arms,158.643755,25,3,159,0.367879,-1.000000,-1.000000,0.000000,1.000000,0.000000,0.000000,0.000000,0,0,0,0.000000,0.0000500000,0,,,,,195.403488
616,1000,spiral_arms,229.275232,35,3,147,0.367879,-1.000000,-1.000000,0.000000,1.000000,0.000000,0.000000,0.000000,0,0,0,0.000000,0.0000500000,0,,,,,195.403488
617,1000,spiral_arms,346.199192,52,3,254,0.367879,-1.000000,-1.000000,0.000000,1.000000,0.000000,0.000000,0.000000,0,0,0,0.000000,0.0000500000,0,,,,,195.403488
618,1000,asteroid_rain,139.170518,22,3,146,0.367879,-1.000000,-1.000000,0.000000,1.000000,0.000000,0.000000,0.000000,0,0,0,0.000000,0.0000500000,0,,,,,195.403488
619,1000,asteroid_rain,48.268757,9,3,132,0.367879,-1.000000,-1.000000,0.000000,1.000000,0.000000,0.000000,0.000000,0,0,0,0.000000,0.0000500000,0,,,,,195.403488
620,1000,crossing_lanes,236.481099,40,9,291,0.367879,-1.000000,-1.000000,0.000000,1.000000,0.000000,0.000000,0.000000,0,0,0,0.000000,0.0000500000,0,195.403488,223.009097,287,23,195.403488
621,1000,crossing_lanes,845.654093,129,9,1222,0.367879,-1.000000,-1.000000,0.000000,1.000000,0.000000,0.000000,0.000000,0,0,0,0.000000,0.0000500000,0,,,,,195.403488
622,1000,crossing_lanes,282.770605,47,9,382,0.367879,-1.000000,-1.000000,0.000000,1.000000,0.000000,0.000000,0.000000,0,0,0,0.000000,0.0000500000,0,,,,,195.403488
623,1000,crossing_lanes,537.976724,84,9,643,0.367879,-1.000000,-1.000000,0.000000,1.000000,0.000000,0.000000,0.000000,0,0,0,0.000000,0.0000500000,0,,,,,195.403488
624,1000,asteroid_rain,185.687691,29,3,301,0.367879,-1.000000,-1.000000,0.000000,1.000000,0.000000,0.000000,0.000000,0,0,0,0.000000,0.0000500000,0,,,,,195.403488
625,1000,crossing_lanes,428.049291,68,9,560,0.367879,-1.000000,-1.000000,0.000000,1.000000,0.000000,0.000000,0.000000,0,0,0,0.000000,0.0000500000,0,,,,,195.403488
626,1000,spiral_arms,151.982509,24,3,154,0.367879,-1.000000,-1.000000,0.000000,1.000000,0.000000,0.000000,0.000000,0,0,0,0.000000,0.0000500000,0,,,,,195.403488
627,1000,crossing_lanes,385.277063,62,9,527,0.367879,-1.000000,-1.000000,0.000000,1.000000,0.000000,0.000000,0.000000,0,0,0,0.000000,0.0000500000,0,,,,,195.403488
628,1000,spiral_arms,111.634529,18,3,96,0.367879,-1.000000,-1.000000,0.000000,1.000000,0.000000,0.000000,0.000000,0,0,0,0.000000,0.0000500000,0,,,,,195.403488
629,1000,spiral_arms,187.611369,29,3,152,0.367879,-1.000000,-1.000000,0.000000,1.000000,0.000000,0.000000,0.000000,0,0,0,0.000000,0.0000500000,0,,,,,195.403488
630,1000,spiral_arms,160.951100,25,3,75,0.367879,-1.000000,-1.000000,0.000000,1.000000,0.000000,0.000000,0.000000,0,0,0,0.000000,0.0000500000,0,,,,,195.403488
631,1000,spiral_arms,132.566244,21,3,94,0.367879,-1.000000,-1.000000,0.000000,1.000000,0.000000,0.000000,0.000000,0,0,0,0.000000,0.0000500000,0,,,,,195.403488
632,1000,crossing_lanes,659.769890,103,9,1053,0.367879,-1.000000,-1.000000,0.000000,1.000000,0.000000,0.000000,0.000000,0,0,0,0.000000,0.0000500000,0,,,,,195.403488
633,1000,asteroid_rain,157.801744,25,3,279,0.367879,-1.000000,-1.000000,0.000000,1.000000,0.000000,0.000000,0.000000,0,0,0,0.000000,0.0000500000,0,,,,,195.403488
634,1000,crossing_lanes,557.782551,87,9,691,0.367879,-1.000000,-1.000000,0.000000,1.000000,0.000000,0.000000,0.000000,0,0,0,0.000000,0.0000500000,0,,,,,195.403488
635,1000,asteroid_rain,48.451466,9,3,130,0.367879,-1.000000,-1.000000,0.000000,1.000000,0.000000,0.000000,0.000000,0,0,0,0.000000,0.0000500000,0,,,,,195.403488
636,1000,asteroid_rain,122.572653,20,3,298,0.367879,-1.000000,-1.000000,0.000000,1.000000,0.000000,0.000000,0.000000,0,0,0,0.000000,0.0000500000,0,,,,,195.403488
637,1000,spiral_arms,111.686825,18,3,94,0.367879,-1.000000,-1.000000,0.000000,1.000000,0.000000,0.000000,0.000000,0,0,0,0.000000,0.0000500000,0,,,,,195.403488
638,1000,asteroid_rain,297.359882,45,3,303,0.367879,-1.000000,-1.000000,0.000000,1.000000,0.000000,0.000000,0.000000,0,0,0,0.000000,0.0000500000,0,,,,,195.403488
639,1000,crossing_lanes,819.834368,125,9,1308,0.367879,-1.000000,-1.000000,0.000000,1.000000,0.000000,0.000000,0.000000,0,0,0,0.000000,0.0000500000,0,,,,,195.403488
640,1000,crossing_lanes,619.788784,96,9,801,0.367879,-1.000000,-1.000000,0.000000,1.000000,0.000000,0.000000,0.000000,0,0,0,0.000000,0.0000500000,0,195.403488,223.009097,287,23,195.403488
641,1000,crossing_lanes,181.477182,32,9,222,0.367879,-1.000000,-1.000000,0.000000,1.000000,0.000000,0.000000,0.000000,0,0,0,0.000000,0.0000500000,0,,,,,195.403488
642,1000,spiral_arms,140.021108,22,3,76,0.367879,-1.000000,-1.000000,0.000000,1.000000,0.000000,0.000000,0.000000,0,0,0,0.000000,0.0000500000,0,,,,,195.403488
643,1000,asteroid_rain,62.000903,11,3,140,0.367879,-1.000000,-1.000000,0.000000,1.000000,0.000000,0.000000,0.000000,0,0,0,0.000000,0.0000500000,0,,,,,195.403488
644,1000,crossing_lanes,581.367380,90,9,578,0.367879,-1.000000,-1.000000,0.000000,1.000000,0.000000,0.000000,0.000000,0,0,0,0.000000,0.0000500000,0,,,,,195.403488
645,1000,asteroid_rain,88.179304,15,3,267,0.367879,-1.000000,-1.000000,0.000000,1.000000,0.000000,0.000000,0.000000,0,0,0,0.000000,0.0000500000,0,,,,,195.403488
646,1000,spiral_arms,187.001646,29,3,166,0.367879,-1.000000,-1.000000,0.000000,1.000000,0.000000,0.000000,0.000000,0,0,0,0.000000,0.0000500000,0,,,,,195.403488
647,1000,asteroid_rain,61.875942,11,3,145,0.367879,-1.000000,-1.000000,0.000000,1.000000,0.000000,0.000000,0.000000,0,0,0,0.000000,0.0000500000,0,,,,,195.403488
648,1000,asteroid_rain,181.007872,28,3,154,0.367879,-1.000000,-1.000000,0.000000,1.000000,0.000000,0.000000,0.000000,0,0,0,0.000000,0.0000500000,0,,,,,195.403488
649,1000,crossing_lanes,381.718355,61,9,380,0.367879,-1.000000,-1.000000,0.000000,1.000000,0.000000,0.000000,0.000000,0,0,0,0.000000,0.0000500000,0,,,,,195.403488
650,1000,asteroid_rain,324.216739,49,3,417,0.367879,-1.000000,-1.000000,0.000000,1.000000,0.000000,0.000000,0.000000,0,0,0,0.000000,0.0000500000,0,,,,,195.403488
651,1000,spiral_arms,140.074396,22,3,74,0.367879,-1.000000,-1.000000,0.000000,1.000000,0.000000,0.000000,0.000000,0,0,0,0.000000,0.0000500000,0,,,,,195.403488
652,1000,crossing_lanes,667.594788,103,9,816,0.367879,-1.000000,-1.000000,0.000000,1.000000,0.000000,0.000000,0.000000,0,0,0,0.000000,0.0000500000,0,,,,,195.403488
653,1000,crossing_lanes,223.106999,38,9,253,0.367879,-1.000000,-1.000000,0.000000,1.000000,0.000000,0.000000,0.000000,0,0,0,0.000000,0.0000500000,0,,,,,195.403488
654,1000,crossing_lanes,491.372427,77,9,494,0.367879,-1.000000,-1.000000,0.000000,1.000000,0.000000,0.000000,0.000000,0,0,0,0.000000,0.0000500000,0,,,,,195.403488
655,1000,spiral_arms,201.222845,31,3,150,0.367879,-1.000000,-1.000000,0.000000,1.000000,0.000000,0.000000,0.000000,0,0,0,0.000000,0.0000500000,0,,,,,195.403488
656,1000,asteroid_rain,169.582561,27,3,439,0.367879,-1.000000,-1.000000,0.000000,1.000000,0.000000,0.000000,0.000000,0,0,0,0.000000,0.0000500000,0,,,,,195.403488
657,1000,asteroid_rain,234.248142,36,3,312,0.367879,-1.000000,-1.000000,0.000000,1.000000,0.000000,0.000000,0.000000,0,0,0,0.000000,0.0000500000,0,,,,,195.403488
658,1000,spiral_arms,153.531492,24,3,96,0.367879,-1.000000,-1.000000,0.000000,1.000000,0.000000,0.000000,0.000000,0,0,0,0.000000,0.0000500000,0,,,,,195.403488
659,1000,asteroid_rain,158.491365,25,3,281,0.367879,-1.000000,-1.000000,0.000000,1.000000,0.000000,0.000000,0.000000,0,0,0,0.000000,0.0000500000,0,,,,,195.403488
660,1000,asteroid_rain,48.571821,9,3,131,0.367879,-1.000000,-1.000000,0.000000,1.000000,0.000000,0.000000,0.000000,0,0,0,0.000000,0.0000500000,0,195.403488,223.009097,287,23,195.403488
661,1000,spiral_arms,167.631557,26,3,93,0.367879,-1.000000,-1.000000,0.000000,1.000000,0.000000,0.000000,0.000000,0,0,0,0.000000,0.0000500000,0,,,,,195.403488
662,1000,crossing_lanes,637.883305,99,9,935,0.367879,-1.000000,-1.000000,0.000000,1.000000,0.000000,0.000000,0.000000,0,0,0,0.000000,0.0000500000,0,,,,,195.403488
663,1000,crossing_lanes,276.324421,46,9,360,0.367879,-1.000000,-1.000000,0.000000,1.000000,0.000000,0.000000,0.000000,0,0,0,0.000000,0.0000500000,0,,,,,195.403488
664,1000,asteroid_rain,227.678159,35,3,273,0.367879,-1.000000,-1.000000,0.000000,1.000000,0.000000,0.000000,0.000000,0,0,0,0.000000,0.0000500000,0,,,,,195.403488
665,1000,asteroid_rain,124.466040,20,3,165,0.367879,-1.000000,-1.000000,0.000000,1.000000,0.000000,0.000000,0.000000,0,0,0,0.000000,0.0000500000,0,,,,,195.403488
666,1000,crossing_lanes,578.855848,90,9,810,0.367879,-1.000000,-1.000000,0.000000,1.000000,0.000000,0.000000,0.000000,0,0,0,0.000000,0.0000500000,0,,,,,195.403488
667,1000,crossing_lanes,823.083577,125,9,871,0.367879,-1.000000,-1.000000,0.000000,1.000000,0.000000,0.000000,0.000000,0,0,0,0.000000,0.0000500000,0,,,,,195.403488
668,1000,crossing_lanes,561.504881,87,9,595,0.367879,-1.000000,-1.000000,0.000000,1.000000,0.000000,0.000000,0.000000,0,0,0,0.000000,0.0000500000,0,,,,,195.403488
669,1000,crossing_lanes,563.668956,88,9,803,0.367879,-1.000000,-1.000000,0.000000,1.000000,0.000000,0.000000,0.000000,0,0,0,0.000000,0.0000500000,0,,,,,195.403488
670,1000,spiral_arms,125.590752,20,3,92,0.367879,-1.000000,-1.000000,0.000000,1.000000,0.000000,0.000000,0.000000,0,0,0,0.000000,0.0000500000,0,,,,,195.403488
671,1000,spiral_arms,200.556984,31,3,177,0.367879,-1.000000,-1.000000,0.000000,1.000000,0.000000,0.000000,0.000000,0,0,0,0.000000,0.0000500000,0,,,,,195.403488
672,1000,crossing_lanes,440.921046,70,9,561,0.367879,-1.000000,-1.000000,0.000000,1.000000,0.000000,0.000000,0.000000,0,0,0,0.000000,0.0000500000,0,,,,,195.403488
673,1000,crossing_lanes,680.847823,105,9,890,0.367879,-1.000000,-1.000000,0.000000,1.000000,0.000000,0.000000,0.000000,0,0,0,0.000000,0.0000500000,0,,,,,195.403488
674,1000,asteroid_rain,139.712602,22,3,140,0.367879,-1.000000,-1.000000,0.000000,1.000000,0.000000,0.000000,0.000000,0,0,0,0.000000,0.0000500000,0,,,,,195.403488
675,1000,asteroid_rain,69.229638,12,3,144,0.367879,-1.000000,-1.000000,0.000000,1.000000,0.000000,0.000000,0.000000,0,0,0,0.000000,0.0000500000,0,,,,,195.403488
676,1000,asteroid_rain,80.952010,14,3,250,0.367879,-1.000000,-1.000000,0.000000,1.000000,0.000000,0.000000,0.000000,0,0,0,0.000000,0.0000500000,0,,,,,195.403488
677,1000,spiral_arms,104.727047,17,3,89,0.367879,-1.000000,-1.000000,0.000000,1.000000,0.000000,0.000000,0.000000,0,0,0,0.000000,0.0000500000,0,,,,,195.403488
678,1000,crossing_lanes,348.884257,57,9,564,0.367879,-1.000000,-1.000000,0.000000,1.000000,0.000000,0.000000,0.000000,0,0,0,0.000000,0.0000500000,0,,,,,195.403488
679,1000,spiral_arms,118.406997,19,3,99,0.367879,-1.000000,-1.000000,0.000000,1.000000,0.000000,0.000000,0.000000,0,0,0,0.000000,0.0000500000,0,,,,,195.403488
680,1000,asteroid_rain,110.955234,18,3,141,0.367879,-1.000000,-1.000000,0.000000,1.000000,0.000000,0.000000,0.000000,0,0,0,0.000000,0.0000500000,0,195.403488,223.009097,287,23,195.403488
681,1000,asteroid_rain,146.654033,23,3,149,0.367879,-1.000000,-1.000000,0.000000,1.000000,0.000000,0.000000,0.000000,0,0,0,0.000000,0.0000500000,0,,,,,195.403488
682,1000,crossing_lanes,457.566505,72,9,472,0.367879,-1.000000,-1.000000,0.000000,1.000000,0.000000,0.000000,0.000000,0,0,0,0.000000,0.0000500000,0,,,,,195.403488
683,1000,asteroid_rain,107.633199,18,3,275,0.367879,-1.000000,-1.000000,0.000000,1.000000,0.000000,0.000000,0.000000,0,0,0,0.000000,0.0000500000,0,,,,,195.403488
684,1000,spiral_arms,97.912325,16,3,92,0.367879,-1.000000,-1.000000,0.000000,1.000000,0.000000,0.000000,0.000000,0,0,0,0.000000,0.0000500000,0,,,,,195.403488
685,1000,crossing_lanes,643.330601,99,9,755,0.367879,-1.000000,-1.000000,0.000000,1.000000,0.000000,0.000000,0.000000,0,0,0,0.000000,0.0000500000,0,,,,,195.403488
686,1000,asteroid_rain,62.480603,11,3,131,0.367879,-1.000000,-1.000000,0.000000,1.000000,0.000000,0.000000,0.000000,0,0,0,0.000000,0.0000500000,0,,,,,195.403488
687,1000,spiral_arms,242.039627,37,3,210,0.367879,-1.000000,-1.000000,0.000000,1.000000,0.000000,0.000000,0.000000,0,0,0,0.000000,0.0000500000,0,,,,,195.403488
688,1000,asteroid_rain,537.050363,80,3,693,0.367879,-1.000000,-1.000000,0.000000,1.000000,0.000000,0.000000,0.000000,0,0,0,0.000000,0.0000500000,0,,,,,195.403488
689,1000,spiral_arms,153.967265,24,3,77,0.367879,-1.000000,-1.000000,0.000000,1.000000,0.000000,0.000000,0.000000,0,0,0,0.000000,0.0000500000,0,,,,,195.403488
690,1000,spiral_arms,146.533656,23,3,95,0.367879,-1.000000,-1.000000,0.000000,1.000000,0.000000,0.000000,0.000000,0,0,0,0.000000,0.0000500000,0,,,,,195.403488
691,1000,spiral_arms,316.577617,48,3,313,0.367879,-1.000000,-1.000000,0.000000,1.000000,0.000000,0.000000,0.000000,0,0,0,0.000000,0.0000500000,0,,,,,195.403488
692,1000,spiral_arms,243.142488,37,3,165,0.367879,-1.000000,-1.000000,0.000000,1.000000,0.000000,0.000000,0.000000,0,0,0,0.000000,0.0000500000,0,,,,,195.403488
693,1000,crossing_lanes,469.497720,74,9,636,0.367879,-1.000000,-1.000000,0.000000,1.000000,0.000000,0.000000,0.000000,0,0,0,0.000000,0.0000500000,0,,,,,195.403488
694,1000,crossing_lanes,463.617291,73,9,473,0.367879,-1.000000,-1.000000,0.000000,1.000000,0.000000,0.000000,0.000000,0,0,0,0.000000,0.0000500000,0,,,,,195.403488
695,1000,spiral_arms,140.126187,22,3,74,0.367879,-1.000000,-1.000000,0.000000,1.000000,0.000000,0.000000,0.000000,0,0,0,0.000000,0.0000500000,0,,,,,195.403488
696,1000,crossing_lanes,696.875483,107,9,824,0.367879,-1.000000,-1.000000,0.000000,1.000000,0.000000,0.000000,0.000000,0,0,0,0.000000,0.0000500000,0,,,,,195.403488
697,1000,asteroid_rain,323.783805,49,3,416,0.367879,-1.000000,-1.000000,0.000000,1.000000,0.000000,0.000000,0.000000,0,0,0,0.000000,0.0000500000,0,,,,,195.403488
698,1000,spiral_arms,111.675314,18,3,92,0.367879,-1.000000,-1.000000,0.000000,1.000000,0.000000,0.000000,0.000000,0,0,0,0.000000,0.0000500000,0,,,,,195.403488
699,1000,spiral_arms,130.926044,21,3,152,0.367879,-1.000000,-1.000000,0.000000,1.000000,0.000000,0.000000,0.000000,0,0,0,0.000000,0.0000500000,0,,,,,195.403488
700,1000,crossing_lanes,717.807702,110,9,883,0.367879,-1.000000,-1.000000,0.000000,1.000000,0.000000,0.000000,0.000000,0,0,0,0.000000,0.0000500000,0,195.403488,223.009097,287,23,195.403488
701,1000,spiral_arms,112.923453,18,3,44,0.367879,-1.000000,-1.000000,0.000000,1.000000,0.000000,0.000000,0.000000,0,0,0,0.000000,0.0000500000,0,,,,,195.403488
702,1000,crossing_lanes,270.420071,45,9,305,0.367879,-1.000000,-1.000000,0.000000,1.000000,0.000000,0.000000,0.000000,0,0,0,0.000000,0.0000500000,0,,,,,195.403488
703,1000,crossing_lanes,633.426316,98,9,878,0.367879,-1.000000,-1.000000,0.000000,1.000000,0.000000,0.000000,0.000000,0,0,0,0.000000,0.0000500000,0,,,,,195.403488
704,1000,asteroid_rain,115.640479,19,3,276,0.367879,-1.000000,-1.000000,0.000000,1.000000,0.000000,0.000000,0.000000,0,0,0,0.000000,0.0000500000,0,,,,,195.403488
705,1000,asteroid_rain,134.660050,22,3,396,0.367879,-1.000000,-1.000000,0.000000,1.000000,0.000000,0.000000,0.000000,0,0,0,0.000000,0.0000500000,0,,,,,195.403488
706,1000,asteroid_rain,97.192701,16,3,145,0.367879,-1.000000,-1.000000,0.000000,1.000000,0.000000,0.000000,0.000000,0,0,0,0.000000,0.0000500000,0,,,,,195.403488
707,1000,crossing_lanes,325.549693,53,9,348,0.367879,-1.000000,-1.000000,0.000000,1.000000,0.000000,0.000000,0.000000,0,0,0,0.000000,0.0000500000,0,,,,,195.403488
708,1000,asteroid_rain,68.804436,12,3,148,0.367879,-1.000000,-1.000000,0.000000,1.000000,0.000000,0.000000,0.000000,0,0,0,0.000000,0.0000500000,0,,,,,195.403488
709,1000,asteroid_rain,76.028352,13,3,141,0.367879,-1.000000,-1.000000,0.000000,1.000000,0.000000,0.000000,0.000000,0,0,0,0.000000,0.0000500000,0,,,,,195.403488
710,1000,spiral_arms,118.973017,19,3,78,0.367879,-1.000000,-1.000000,0.000000,1.000000,0.000000,0.000000,0.000000,0,0,0,0.000000,0.0000500000,0,,,,,195.403488
711,1000,spiral_arms,264.849010,40,3,174,0.367879,-1.000000,-1.000000,0.000000,1.000000,0.000000,0.000000,0.000000,0,0,0,0.000000,0.0000500000,0,,,,,195.403488
712,1000,crossing_lanes,363.209143,59,9,590,0.367879,-1.000000,-1.000000,0.000000,1.000000,0.000000,0.000000,0.000000,0,0,0,0.000000,0.0000500000,0,,,,,195.403488
713,1000,asteroid_rain,230.808356,36,3,526,0.367879,-1.000000,-1.000000,0.000000,1.000000,0.000000,0.000000,0.000000,0,0,0,0.000000,0.0000500000,0,,,,,195.403488
714,1000,spiral_arms,146.487377,23,3,96,0.367879,-1.000000,-1.000000,0.000000,1.000000,0.000000,0.000000,0.000000,0,0,0,0.000000,0.0000500000,0,,,,,195.403488
715,1000,crossing_lanes,411.472755,66,9,663,0.367879,-1.000000,-1.000000,0.000000,1.000000,0.000000,0.000000,0.000000,0,0,0,0.000000,0.0000500000,0,,,,,195.403488
716,1000,crossing_lanes,187.141386,33,9,278,0.367879,-1.000000,-1.000000,0.000000,1.000000,0.000000,0.000000,0.000000,0,0,0,0.000000,0.0000500000,0,,,,,195.403488
717,1000,spiral_arms,125.830267,20,3,87,0.367879,-1.000000,-1.000000,0.000000,1.000000,0.000000,0.000000,0.000000,0,0,0,0.000000,0.0000500000,0,,,,,195.403488
718,1000,spiral_arms,125.448039,20,3,99,0.367879,-1.000000,-1.000000,0.000000,1.000000,0.000000,0.000000,0.000000,0,0,0,0.000000,0.0000500000,0,,,,,195.403488
719,1000,asteroid_rain,258.683360,40,3,525,0.367879,-1.000000,-1.000000,0.000000,1.000000,0.000000,0.000000,0.000000,0,0,0,0.000000,0.0000500000,0,,,,,195.403488
720,1000,spiral_arms,221.647908,34,3,171,0.367879,-1.000000,-1.000000,0.000000,1.000000,0.000000,0.000000,0.000000,0,0,0,0.000000,0.0000500000,0,195.403488,223.009097,287,23,195.403488
721,1000,asteroid_rain,359.587437,54,3,536,0.367879,-1.000000,-1.000000,0.000000,1.000000,0.000000,0.000000,0.000000,0,0,0,0.000000,0.0000500000,0,,,,,195.403488
722,1000,asteroid_rain,366.792170,55,3,436,0.367879,-1.000000,-1.000000,0.000000,1.000000,0.000000,0.000000,0.000000,0,0,0,0.000000,0.0000500000,0,,,,,195.403488
723,1000,spiral_arms,283.909988,43,3,206,0.367879,-1.000000,-1.000000,0.000000,1.000000,0.000000,0.000000,0.000000,0,0,0,0.000000,0.0000500000,0,,,,,195.403488
724,1000,asteroid_rain,96.974177,16,3,153,0.367879,-1.000000,-1.000000,0.000000,1.000000,0.000000,0.000000,0.000000,0,0,0,0.000000,0.0000500000,0,,,,,195.403488
725,1000,asteroid_rain,167.423930,26,3,156,0.367879,-1.000000,-1.000000,0.000000,1.000000,0.000000,0.000000,0.000000,0,0,0,0.000000,0.0000500000,0,,,,,195.403488
726,1000,spiral_arms,146.670767,23,3,94,0.367879,-1.000000,-1.000000,0.000000,1.000000,0.000000,0.000000,0.000000,0,0,0,0.000000,0.0000500000,0,,,,,195.403488
727,1000,crossing_lanes,256.701241,43,9,356,0.367879,-1.000000,-1.000000,0.000000,1.000000,0.000000,0.000000,0.000000,0,0,0,0.000000,0.0000500000,0,,,,,195.403488
728,1000,asteroid_rain,69.037593,12,3,140,0.367879,-1.000000,-1.000000,0.000000,1.000000,0.000000,0.000000,0.000000,0,0,0,0.000000,0.0000500000,0,,,,,195.403488
729,1000,asteroid_rain,55.517883,10,3,130,0.367879,-1.000000,-1.000000,0.000000,1.000000,0.000000,0.000000,0.000000,0,0,0,0.000000,0.0000500000,0,,,,,195.403488
730,1000,asteroid_rain,255.360808,39,3,311,0.367879,-1.000000,-1.000000,0.000000,1.000000,0.000000,0.000000,0.000000,0,0,0,0.000000,0.0000500000,0,,,,,195.403488
731,1000,asteroid_rain,97.148837,16,3,139,0.367879,-1.000000,-1.000000,0.000000,1.000000,0.000000,0.000000,0.000000,0,0,0,0.000000,0.0000500000,0,,,,,195.403488
732,1000,spiral_arms,482.282697,72,3,465,0.367879,-1.000000,-1.000000,0.000000,1.000000,0.000000,0.000000,0.000000,0,0,0,0.000000,0.0000500000,0,,,,,195.403488
733,1000,crossing_lanes,485.509084,77,9,859,0.367879,-1.000000,-1.000000,0.000000,1.000000,0.000000,0.000000,0.000000,0,0,0,0.000000,0.0000500000,0,,,,,195.403488
734,1000,spiral_arms,164.811743,26,3,174,0.367879,-1.000000,-1.000000,0.000000,1.000000,0.000000,0.000000,0.000000,0,0,0,0.000000,0.0000500000,0,,,,,195.403488
735,1000,asteroid_rain,41.414284,8,3,130,0.367879,-1.000000,-1.000000,0.000000,1.000000,0.000000,0.000000,0.000000,0,0,0,0.000000,0.0000500000,0,,,,,195.403488
736,1000,spiral_arms,236.201302,36,3,147,0.367879,-1.000000,-1.000000,0.000000,1.000000,0.000000,0.000000,0.000000,0,0,0,0.000000,0.0000500000,0,,,,,195.403488
737,1000,spiral_arms,99.130185,16,3,39,0.367879,-1.000000,-1.000000,0.000000,1.000000,0.000000,0.000000,0.000000,0,0,0,0.000000,0.0000500000,0,,,,,195.403488
738,1000,asteroid_rain,73.630495,13,3,280,0.367879,-1.000000,-1.000000,0.000000,1.000000,0.000000,0.000000,0.000000,0,0,0,0.000000,0.0000500000,0,,,,,195.403488
739,1000,crossing_lanes,413.773613,66,9,504,0.367879,-1.000000,-1.000000,0.000000,1.000000,0.000000,0.000000,0.000000,0,0,0,0.000000,0.0000500000,0,,,,,195.403488
740,1000,spiral_arms,132.558666,21,3,100,0.367879,-1.000000,-1.000000,0.000000,1.000000,0.000000,0.000000,0.000000,0,0,0,0.000000,0.0000500000,0,195.403488,223.009097,287,23,195.403488
741,1000,asteroid_rain,197.991102,31,3,401,0.367879,-1.000000,-1.000000,0.000000,1.000000,0.000000,0.000000,0.000000,0,0,0,0.000000,0.0000500000,0,,,,,195.403488
742,1000,crossing_lanes,545.120980,85,9,640,0.367879,-1.000000,-1.000000,0.000000,1.000000,0.000000,0.000000,0.000000,0,0,0,0.000000,0.0000500000,0,,,,,195.403488
743,1000,spiral_arms,249.570330,38,3,173,0.367879,-1.000000,-1.000000,0.000000,1.000000,0.000000,0.000000,0.000000,0,0,0,0.000000,0.0000500000,0,,,,,195.403488
744,1000,crossing_lanes,775.102478,119,9,1396,0.367879,-1.000000,-1.000000,0.000000,1.000000,0.000000,0.000000,0.000000,0,0,0,0.000000,0.0000500000,0,,,,,195.403488
745,1000,asteroid_rain,62.397002,11,3,130,0.367879,-1.000000,-1.000000,0.000000,1.000000,0.000000,0.000000,0.000000,0,0,0,0.000000,0.0000500000,0,,,,,195.403488
746,1000,crossing_lanes,908.959497,138,9,1517,0.367879,-1.000000,-1.000000,0.000000,1.000000,0.000000,0.000000,0.000000,0,0,0,0.000000,0.0000500000,0,,,,,195.403488
747,1000,crossing_lanes,872.899799,133,9,1423,0.367879,-1.000000,-1.000000,0.000000,1.000000,0.000000,0.000000,0.000000,0,0,0,0.000000,0.0000500000,0,,,,,195.403488
748,1000,crossing_lanes,337.124985,55,9,513,0.367879,-1.000000,-1.000000,0.000000,1.000000,0.000000,0.000000,0.000000,0,0,0,0.000000,0.0000500000,0,,,,,195.403488
749,1000,spiral_arms,125.490662,20,3,94,0.367879,-1.000000,-1.000000,0.000000,1.000000,0.000000,0.000000,0.000000,0,0,0,0.000000,0.0000500000,0,,,,,195.403488
750,1000,spiral_arms,229.389040,35,3,154,0.367879,-1.000000,-1.000000,0.000000,1.000000,0.000000,0.000000,0.000000,0,0,0,0.000000,0.0000500000,0,,,,,195.403488
751,1000,asteroid_rain,414.850214,62,3,480,0.367879,-1.000000,-1.000000,0.000000,1.000000,0.000000,0.000000,0.000000,0,0,0,0.000000,0.0000500000,0,,,,,195.403488
752,1000,crossing_lanes,558.392378,87,9,720,0.367879,-1.000000,-1.000000,0.000000,1.000000,0.000000,0.000000,0.000000,0,0,0,0.000000,0.0000500000,0,,,,,195.403488
753,1000,asteroid_rain,134.334325,22,3,418,0.367879,-1.000000,-1.000000,0.000000,1.000000,0.000000,0.000000,0.000000,0,0,0,0.000000,0.0000500000,0,,,,,195.403488
754,1000,crossing_lanes,241.945201,41,9,381,0.367879,-1.000000,-1.000000,0.000000,1.000000,0.000000,0.000000,0.000000,0,0,0,0.000000,0.0000500000,0,,,,,195.403488
755,1000,spiral_arms,243.008942,37,3,169,0.367879,-1.000000,-1.000000,0.000000,1.000000,0.000000,0.000000,0.000000,0,0,0,0.000000,0.0000500000,0,,,,,195.403488
756,1000,asteroid_rain,178.916524,28,3,276,0.367879,-1.000000,-1.000000,0.000000,1.000000,0.000000,0.000000,0.000000,0,0,0,0.000000,0.0000500000,0,,,,,195.403488
757,1000,spiral_arms,132.632516,21,3,97,0.367879,-1.000000,-1.000000,0.000000,1.000000,0.000000,0.000000,0.000000,0,0,0,0.000000,0.0000500000,0,,,,,195.403488
758,1000,crossing_lanes,985.288492,149,9,1703,0.367879,-1.000000,-1.000000,0.000000,1.000000,0.000000,0.000000,0.000000,0,0,0,0.000000,0.0000500000,0,,,,,195.403488
759,1000,crossing_lanes,276.312031,46,9,382,0.367879,-1.000000,-1.000000,0.000000,1.000000,0.000000,0.000000,0.000000,0,0,0,0.000000,0.0000500000,0,,,,,195.403488
760,1000,crossing_lanes,336.378033,55,9,551,0.367879,-1.000000,-1.000000,0.000000,1.000000,0.000000,0.000000,0.000000,0,0,0,0.000000,0.0000500000,0,195.403488,223.009097,287,23,195.403488
761,1000,asteroid_rain,55.067829,10,3,142,0.367879,-1.000000,-1.000000,0.000000,1.000000,0.000000,0.000000,0.000000,0,0,0,0.000000,0.0000500000,0,,,,,195.403488
762,1000,crossing_lanes,796.130991,122,9,1384,0.367879,-1.000000,-1.000000,0.000000,1.000000,0.000000,0.000000,0.000000,0,0,0,0.000000,0.0000500000,0,,,,,195.403488
763,1000,asteroid_rain,240.685255,37,3,477,0.367879,-1.000000,-1.000000,0.000000,1.000000,0.000000,0.000000,0.000000,0,0,0,0.000000,0.0000500000,0,,,,,195.403488
764,1000,asteroid_rain,371.292494,56,3,545,0.367879,-1.000000,-1.000000,0.000000,1.000000,0.000000,0.000000,0.000000,0,0,0,0.000000,0.0000500000,0,,,,,195.403488
765,1000,spiral_arms,317.492445,48,3,268,0.367879,-1.000000,-1.000000,0.000000,1.000000,0.000000,0.000000,0.000000,0,0,0,0.000000,0.0000500000,0,,,,,195.403488
766,1000,asteroid_rain,75.900100,13,3,140,0.367879,-1.000000,-1.000000,0.000000,1.000000,0.000000,0.000000,0.000000,0,0,0,0.000000,0.0000500000,0,,,,,195.403488
767,1000,crossing_lanes,567.869219,89,9,935,0.367879,-1.000000,-1.000000,0.000000,1.000000,0.000000,0.000000,0.000000,0,0,0,0.000000,0.0000500000,0,,,,,195.403488
768,1000,crossing_lanes,1034.317268,155,7,2101,0.367879,-1.000000,-1.000000,0.000000,1.000000,0.000000,0.000000,0.000000,0,0,0,0.000000,0.0000500000,0,,,,,195.403488
769,1000,crossing_lanes,823.839111,126,9,1171,0.367879,-1.000000,-1.000000,0.000000,1.000000,0.000000,0.000000,0.000000,0,0,0,0.000000,0.0000500000,0,,,,,195.403488
770,1000,crossing_lanes,173.378005,31,9,282,0.367879,-1.000000,-1.000000,0.000000,1.000000,0.000000,0.000000,0.000000,0,0,0,0.000000,0.0000500000,0,,,,,195.403488
771,1000,spiral_arms,158.230767,25,3,173,0.367879,-1.000000,-1.000000,0.000000,1.000000,0.000000,0.000000,0.000000,0,0,0,0.000000,0.0000500000,0,,,,,195.403488
772,1000,crossing_lanes,616.653332,96,9,896,0.367879,-1.000000,-1.000000,0.000000,1.000000,0.000000,0.000000,0.000000,0,0,0,0.000000,0.0000500000,0,,,,,195.403488
773,1000,asteroid_rain,220.212302,34,3,312,0.367879,-1.000000,-1.000000,0.000000,1.000000,0.000000,0.000000,0.000000,0,0,0,0.000000,0.0000500000,0,,,,,195.403488
774,1000,spiral_arms,118.540671,19,3,95,0.367879,-1.000000,-1.000000,0.000000,1.000000,0.000000,0.000000,0.000000,0,0,0,0.000000,0.0000500000,0,,,,,195.403488
775,1000,asteroid_rain,225.609182,35,3,438,0.367879,-1.000000,-1.000000,0.000000,1.000000,0.000000,0.000000,0.000000,0,0,0,0.000000,0.0000500000,0,,,,,195.403488
776,1000,crossing_lanes,450.144395,71,9,560,0.367879,-1.000000,-1.000000,0.000000,1.000000,0.000000,0.000000,0.000000,0,0,0,0.000000,0.0000500000,0,,,,,195.403488
777,1000,asteroid_rain,122.621322,20,3,300,0.367879,-1.000000,-1.000000,0.000000,1.000000,0.000000,0.000000,0.000000,0,0,0,0.000000,0.0000500000,0,,,,,195.403488
778,1000,asteroid_rain,143.738925,23,3,288,0.367879,-1.000000,-1.000000,0.000000,1.000000,0.000000,0.000000,0.000000,0,0,0,0.000000,0.0000500000,0,,,,,195.403488
779,1000,crossing_lanes,642.591973,100,9,1153,0.367879,-1.000000,-1.000000,0.000000,1.000000,0.000000,0.000000,0.000000,0,0,0,0.000000,0.0000500000,0,,,,,195.403488
780,1000,spiral_arms,104.818701,17,3,87,0.367879,-1.000000,-1.000000,0.000000,1.000000,0.000000,0.000000,0.000000,0,0,0,0.000000,0.0000500000,0,195.403488,223.009097,287,23,195.403488
781,1000,asteroid_rain,41.428861,8,3,131,0.367879,-1.000000,-1.000000,0.000000,1.000000,0.000000,0.000000,0.000000,0,0,0,0.000000,0.0000500000,0,,,,,195.403488
782,1000,spiral_arms,111.812234,18,3,89,0.367879,-1.000000,-1.000000,0.000000,1.000000,0.000000,0.000000,0.000000,0,0,0,0.000000,0.0000500000,0,,,,,195.403488
783,1000,crossing_lanes,276.928286,46,9,352,0.367879,-1.000000,-1.000000,0.000000,1.000000,0.000000,0.000000,0.000000,0,0,0,0.000000,0.0000500000,0,,,,,195.403488
784,1000,asteroid_rain,90.850804,15,3,130,0.367879,-1.000000,-1.000000,0.000000,1.000000,0.000000,0.000000,0.000000,0,0,0,0.000000,0.0000500000,0,,,,,195.403488
785,1000,asteroid_rain,261.386206,40,3,421,0.367879,-1.000000,-1.000000,0.000000,1.000000,0.000000,0.000000,0.000000,0,0,0,0.000000,0.0000500000,0,,,,,195.403488
786,1000,asteroid_rain,55.495181,10,3,132,0.367879,-1.000000,-1.000000,0.000000,1.000000,0.000000,0.000000,0.000000,0,0,0,0.000000,0.0000500000,0,,,,,195.403488
787,1000,crossing_lanes,97.324500,20,9,234,0.367879,-1.000000,-1.000000,0.000000,1.000000,0.000000,0.000000,0.000000,0,0,0,0.000000,0.0000500000,0,,,,,195.403488
788,1000,asteroid_rain,248.125619,38,3,304,0.367879,-1.000000,-1.000000,0.000000,1.000000,0.000000,0.000000,0.000000,0,0,0,0.000000,0.0000500000,0,,,,,195.403488
789,1000,crossing_lanes,511.900398,81,9,935,0.367879,-1.000000,-1.000000,0.000000,1.000000,0.000000,0.000000,0.000000,0,0,0,0.000000,0.0000500000,0,,,,,195.403488
790,1000,crossing_lanes,174.597575,31,9,235,0.367879,-1.000000,-1.000000,0.000000,1.000000,0.000000,0.000000,0.000000,0,0,0,0.000000,0.0000500000,0,,,,,195.403488
791,1000,crossing_lanes,165.839703,30,9,280,0.367879,-1.000000,-1.000000,0.000000,1.000000,0.000000,0.000000,0.000000,0,0,0,0.000000,0.0000500000,0,,,,,195.403488
792,1000,spiral_arms,221.721266,34,3,171,0.367879,-1.000000,-1.000000,0.000000,1.000000,0.000000,0.000000,0.000000,0,0,0,0.000000,0.0000500000,0,,,,,195.403488
793,1000,crossing_lanes,719.711191,111,9,1099,0.367879,-1.000000,-1.000000,0.000000,1.000000,0.000000,0.000000,0.000000,0,0,0,0.000000,0.0000500000,0,,,,,195.403488
794,1000,asteroid_rain,558.660837,83,3,816,0.367879,-1.000000,-1.000000,0.000000,1.000000,0.000000,0.000000,0.000000,0,0,0,0.000000,0.0000500000,0,,,,,195.403488
795,1000,crossing_lanes,643.032221,99,9,758,0.367879,-1.000000,-1.000000,0.000000,1.000000,0.000000,0.000000,0.000000,0,0,0,0.000000,0.0000500000,0,,,,,195.403488
796,1000,asteroid_rain,76.763559,13,3,130,0.367879,-1.000000,-1.000000,0.000000,1.000000,0.000000,0.000000,0.000000,0,0,0,0.000000,0.0000500000,0,,,,,195.403488
797,1000,spiral_arms,310.146778,47,3,274,0.367879,-1.000000,-1.000000,0.000000,1.000000,0.000000,0.000000,0.000000,0,0,0,0.000000,0.0000500000,0,,,,,195.403488
798,1000,asteroid_rain,298.154306,45,3,334,0.367879,-1.000000,-1.000000,0.000000,1.000000,0.000000,0.000000,0.000000,0,0,0,0.000000,0.0000500000,0,,,,,195.403488
799,1000,crossing_lanes,933.697657,142,9,1591,0.367879,-1.000000,-1.000000,0.000000,1.000000,0.000000,0.000000,0.000000,0,0,0,0.000000,0.0000500000,0,,,,,195.403488
800,1000,asteroid_rain,102.409832,17,3,247,0.367879,-1.000000,-1.000000,0.000000,1.000000,0.000000,0.000000,0.000000,0,0,0,0.000000,0.0000500000,0,195.403488,223.009097,287,23,195.403488
801,1000,spiral_arms,125.546535,20,3,94,0.367879,-1.000000,-1.000000,0.000000,1.000000,0.000000,0.000000,0.000000,0,0,0,0.000000,0.0000500000,0,,,,,195.403488
802,1000,asteroid_rain,41.349538,8,3,132,0.367879,-1.000000,-1.000000,0.000000,1.000000,0.000000,0.000000,0.000000,0,0,0,0.000000,0.0000500000,0,,,,,195.403488
803,1000,crossing_lanes,525.574098,82,9,575,0.367879,-1.000000,-1.000000,0.000000,1.000000,0.000000,0.000000,0.000000,0,0,0,0.000000,0.0000500000,0,,,,,195.403488
804,1000,asteroid_rain,48.556002,9,3,130,0.367879,-1.000000,-1.000000,0.000000,1.000000,0.000000,0.000000,0.000000,0,0,0,0.000000,0.0000500000,0,,,,,195.403488
805,1000,crossing_lanes,244.433025,41,9,272,0.367879,-1.000000,-1.000000,0.000000,1.000000,0.000000,0.000000,0.000000,0,0,0,0.000000,0.0000500000,0,,,,,195.403488
806,1000,spiral_arms,97.991668,16,3,88,0.367879,-1.000000,-1.000000,0.000000,1.000000,0.000000,0.000000,0.000000,0,0,0,0.000000,0.0000500000,0,,,,,195.403488
807,1000,asteroid_rain,193.772436,30,3,298,0.367879,-1.000000,-1.000000,0.000000,1.000000,0.000000,0.000000,0.000000,0,0,0,0.000000,0.0000500000,0,,,,,195.403488
808,1000,asteroid_rain,372.809334,56,3,588,0.367879,-1.000000,-1.000000,0.000000,1.000000,0.000000,0.000000,0.000000,0,0,0,0.000000,0.0000500000,0,,,,,195.403488
809,1000,crossing_lanes,816.930159,125,9,1152,0.367879,-1.000000,-1.000000,0.000000,1.000000,0.000000,0.000000,0.000000,0,0,0,0.000000,0.0000500000,0,,,,,195.403488
810,1000,asteroid_rain,48.151250,9,3,142,0.367879,-1.000000,-1.000000,0.000000,1.000000,0.000000,0.000000,0.000000,0,0,0,0.000000,0.0000500000,0,,,,,195.403488
811,1000,asteroid_rain,179.026342,28,3,284,0.367879,-1.000000,-1.000000,0.000000,1.000000,0.000000,0.000000,0.000000,0,0,0,0.000000,0.0000500000,0,,,,,195.403488
812,1000,asteroid_rain,55.507399,10,3,133,0.367879,-1.000000,-1.000000,0.000000,1.000000,0.000000,0.000000,0.000000,0,0,0,0.000000,0.0000500000,0,,,,,195.403488
813,1000,asteroid_rain,249.089729,38,3,303,0.367879,-1.000000,-1.000000,0.000000,1.000000,0.000000,0.000000,0.000000,0,0,0,0.000000,0.0000500000,0,,,,,195.403488
814,1000,asteroid_rain,160.325528,25,3,163,0.367879,-1.000000,-1.000000,0.000000,1.000000,0.000000,0.000000,0.000000,0,0,0,0.000000,0.0000500000,0,,,,,195.403488
815,1000,asteroid_rain,171.676946,27,3,285,0.367879,-1.000000,-1.000000,0.000000,1.000000,0.000000,0.000000,0.000000,0,0,0,0.000000,0.0000500000,0,,,,,195.403488
816,1000,asteroid_rain,531.243564,79,3,669,0.367879,-1.000000,-1.000000,0.000000,1.000000,0.000000,0.000000,0.000000,0,0,0,0.000000,0.0000500000,0,,,,,195.403488
817,1000,asteroid_rain,55.678097,10,3,131,0.367879,-1.000000,-1.000000,0.000000,1.000000,0.000000,0.000000,0.000000,0,0,0,0.000000,0.0000500000,0,,,,,195.403488
818,1000,crossing_lanes,496.857007,78,9,646,0.367879,-1.000000,-1.000000,0.000000,1.000000,0.000000,0.000000,0.000000,0,0,0,0.000000,0.0000500000,0,,,,,195.403488
819,1000,crossing_lanes,407.473935,65,9,524,0.367879,-1.000000,-1.000000,0.000000,1.000000,0.000000,0.000000,0.000000,0,0,0,0.000000,0.0000500000,0,,,,,195.403488
820,1000,spiral_arms,207.941165,32,3,161,0.367879,-1.000000,-1.000000,0.000000,1.000000,0.000000,0.000000,0.000000,0,0,0,0.000000,0.0000500000,0,195.403488,223.009097,287,23,195.403488
821,1000,asteroid_rain,214.381148,33,3,284,0.367879,-1.000000,-1.000000,0.000000,1.000000,0.000000,0.000000,0.000000,0,0,0,0.000000,0.0000500000,0,,,,,195.403488
822,1000,asteroid_rain,249.445433,38,3,292,0.367879,-1.000000,-1.000000,0.000000,1.000000,0.000000,0.000000,0.000000,0,0,0,0.000000,0.0000500000,0,,,,,195.403488
823,1000,asteroid_rain,352.186158,53,3,479,0.367879,-1.000000,-1.000000,0.000000,1.000000,0.000000,0.000000,0.000000,0,0,0,0.000000,0.0000500000,0,,,,,195.403488
824,1000,crossing_lanes,885.099031,135,9,1570,0.367879,-1.000000,-1.000000,0.000000,1.000000,0.000000,0.000000,0.000000,0,0,0,0.000000,0.0000500000,0,,,,,195.403488
825,1000,spiral_arms,125.440392,20,3,98,0.367879,-1.000000,-1.000000,0.000000,1.000000,0.000000,0.000000,0.000000,0,0,0,0.000000,0.0000500000,0,,,,,195.403488
826,1000,spiral_arms,249.243257,38,3,186,0.367879,-1.000000,-1.000000,0.000000,1.000000,0.000000,0.000000,0.000000,0,0,0,0.000000,0.0000500000,0,,,,,195.403488
827,1000,asteroid_rain,220.188112,34,3,318,0.367879,-1.000000,-1.000000,0.000000,1.000000,0.000000,0.000000,0.000000,0,0,0,0.000000,0.0000500000,0,,,,,195.403488
828,1000,asteroid_rain,86.063109,15,3,389,0.367879,-1.000000,-1.000000,0.000000,1.000000,0.000000,0.000000,0.000000,0,0,0,0.000000,0.0000500000,0,,,,,195.403488
829,1000,asteroid_rain,61.951930,11,3,142,0.367879,-1.000000,-1.000000,0.000000,1.000000,0.000000,0.000000,0.000000,0,0,0,0.000000,0.0000500000,0,,,,,195.403488
830,1000,asteroid_rain,62.504334,11,3,130,0.367879,-1.000000,-1.000000,0.000000,1.000000,0.000000,0.000000,0.000000,0,0,0,0.000000,0.0000500000,0,,,,,195.403488
831,1000,crossing_lanes,611.507140,95,9,934,0.367879,-1.000000,-1.000000,0.000000,1.000000,0.000000,0.000000,0.000000,0,0,0,0.000000,0.0000500000,0,,,,,195.403488
832,1000,crossing_lanes,181.280997,32,9,237,0.367879,-1.000000,-1.000000,0.000000,1.000000,0.000000,0.000000,0.000000,0,0,0,0.000000,0.0000500000,0,,,,,195.403488
833,1000,asteroid_rain,199.277207,31,3,318,0.367879,-1.000000,-1.000000,0.000000,1.000000,0.000000,0.000000,0.000000,0,0,0,0.000000,0.0000500000,0,,,,,195.403488
834,1000,crossing_lanes,337.226911,55,9,483,0.367879,-1.000000,-1.000000,0.000000,1.000000,0.000000,0.000000,0.000000,0,0,0,0.000000,0.0000500000,0,,,,,195.403488
835,1000,asteroid_rain,104.111200,17,3,154,0.367879,-1.000000,-1.000000,0.000000,1.000000,0.000000,0.000000,0.000000,0,0,0,0.000000,0.0000500000,0,,,,,195.403488
836,1000,asteroid_rain,87.218351,15,3,317,0.367879,-1.000000,-1.000000,0.000000,1.000000,0.000000,0.000000,0.000000,0,0,0,0.000000,0.0000500000,0,,,,,195.403488
837,1000,asteroid_rain,165.529044,26,3,255,0.367879,-1.000000,-1.000000,0.000000,1.000000,0.000000,0.000000,0.000000,0,0,0,0.000000,0.0000500000,0,,,,,195.403488
838,1000,crossing_lanes,391.664517,63,9,510,0.367879,-1.000000,-1.000000,0.000000,1.000000,0.000000,0.000000,0.000000,0,0,0,0.000000,0.0000500000,0,,,,,195.403488
839,1000,asteroid_rain,139.479352,22,3,140,0.367879,-1.000000,-1.000000,0.000000,1.000000,0.000000,0.000000,0.000000,0,0,0,0.000000,0.0000500000,0,,,,,195.403488
840,1000,asteroid_rain,62.493179,11,3,132,0.367879,-1.000000,-1.000000,0.000000,1.000000,0.000000,0.000000,0.000000,0,0,0,0.000000,0.0000500000,0,195.403488,223.009097,287,23,195.403488
841,1000,asteroid_rain,159.585653,25,3,169,0.367879,-1.000000,-1.000000,0.000000,1.000000,0.000000,0.000000,0.000000,0,0,0,0.000000,0.0000500000,0,,,,,195.403488
842,1000,asteroid_rain,83.146060,14,3,140,0.367879,-1.000000,-1.000000,0.000000,1.000000,0.000000,0.000000,0.000000,0,0,0,0.000000,0.0000500000,0,,,,,195.403488
843,1000,crossing_lanes,949.269081,143,6,2101,0.367879,-1.000000,-1.000000,0.000000,1.000000,0.000000,0.000000,0.000000,0,0,0,0.000000,0.0000500000,0,,,,,195.403488
844,1000,spiral_arms,214.357006,33,3,173,0.367879,-1.000000,-1.000000,0.000000,1.000000,0.000000,0.000000,0.000000,0,0,0,0.000000,0.0000500000,0,,,,,195.403488
845,1000,spiral_arms,125.666903,20,3,94,0.367879,-1.000000,-1.000000,0.000000,1.000000,0.000000,0.000000,0.000000,0,0,0,0.000000,0.0000500000,0,,,,,195.403488
846,1000,asteroid_rain,352.466155,53,3,418,0.367879,-1.000000,-1.000000,0.000000,1.000000,0.000000,0.000000,0.000000,0,0,0,0.000000,0.0000500000,0,,,,,195.403488
847,1000,crossing_lanes,353.216258,57,9,410,0.367879,-1.000000,-1.000000,0.000000,1.000000,0.000000,0.000000,0.000000,0,0,0,0.000000,0.0000500000,0,,,,,195.403488
848,1000,asteroid_rain,192.271416,30,3,307,0.367879,-1.000000,-1.000000,0.000000,1.000000,0.000000,0.000000,0.000000,0,0,0,0.000000,0.0000500000,0,,,,,195.403488
849,1000,crossing_lanes,636.576365,98,9,706,0.367879,-1.000000,-1.000000,0.000000,1.000000,0.000000,0.000000,0.000000,0,0,0,0.000000,0.0000500000,0,,,,,195.403488
850,1000,crossing_lanes,296.294019,49,9,438,0.367879,-1.000000,-1.000000,0.000000,1.000000,0.000000,0.000000,0.000000,0,0,0,0.000000,0.0000500000,0,,,,,195.403488
851,1000,crossing_lanes,415.387308,66,9,438,0.367879,-1.000000,-1.000000,0.000000,1.000000,0.000000,0.000000,0.000000,0,0,0,0.000000,0.0000500000,0,,,,,195.403488
852,1000,spiral_arms,90.812085,15,3,88,0.367879,-1.000000,-1.000000,0.000000,1.000000,0.000000,0.000000,0.000000,0,0,0,0.000000,0.0000500000,0,,,,,195.403488
853,1000,crossing_lanes,215.254518,37,9,316,0.367879,-1.000000,-1.000000,0.000000,1.000000,0.000000,0.000000,0.000000,0,0,0,0.000000,0.0000500000,0,,,,,195.403488
854,1000,asteroid_rain,55.169145,10,3,139,0.367879,-1.000000,-1.000000,0.000000,1.000000,0.000000,0.000000,0.000000,0,0,0,0.000000,0.0000500000,0,,,,,195.403488
855,1000,crossing_lanes,313.085977,51,9,327,0.367879,-1.000000,-1.000000,0.000000,1.000000,0.000000,0.000000,0.000000,0,0,0,0.000000,0.0000500000,0,,,,,195.403488
856,1000,crossing_lanes,325.645663,53,9,383,0.367879,-1.000000,-1.000000,0.000000,1.000000,0.000000,0.000000,0.000000,0,0,0,0.000000,0.0000500000,0,,,,,195.403488
857,1000,crossing_lanes,222.570776,38,9,263,0.367879,-1.000000,-1.000000,0.000000,1.000000,0.000000,0.000000,0.000000,0,0,0,0.000000,0.0000500000,0,,,,,195.403488
858,1000,crossing_lanes,531.629327,83,9,595,0.367879,-1.000000,-1.000000,0.000000,1.000000,0.000000,0.000000,0.000000,0,0,0,0.000000,0.0000500000,0,,,,,195.403488
859,1000,asteroid_rain,123.230270,20,3,273,0.367879,-1.000000,-1.000000,0.000000,1.000000,0.000000,0.000000,0.000000,0,0,0,0.000000,0.0000500000,0,,,,,195.403488
860,1000,spiral_arms,193.777330,30,3,167,0.367879,-1.000000,-1.000000,0.000000,1.000000,0.000000,0.000000,0.000000,0,0,0,0.000000,0.0000500000,0,195.403488,223.009097,287,23,195.403488
861,1000,crossing_lanes,127.123173,24,9,157,0.367879,-1.000000,-1.000000,0.000000,1.000000,0.000000,0.000000,0.000000,0,0,0,0.000000,0.0000500000,0,,,,,195.403488
862,1000,crossing_lanes,215.010244,37,9,291,0.367879,-1.000000,-1.000000,0.000000,1.000000,0.000000,0.000000,0.000000,0,0,0,0.000000,0.0000500000,0,,,,,195.403488
863,1000,asteroid_rain,213.329960,33,3,298,0.367879,-1.000000,-1.000000,0.000000,1.000000,0.000000,0.000000,0.000000,0,0,0,0.000000,0.0000500000,0,,,,,195.403488
864,1000,spiral_arms,161.022743,25,3,77,0.367879,-1.000000,-1.000000,0.000000,1.000000,0.000000,0.000000,0.000000,0,0,0,0.000000,0.0000500000,0,,,,,195.403488
865,1000,spiral_arms,145.125206,23,3,146,0.367879,-1.000000,-1.000000,0.000000,1.000000,0.000000,0.000000,0.000000,0,0,0,0.000000,0.0000500000,0,,,,,195.403488
866,1000,asteroid_rain,55.633211,10,3,132,0.367879,-1.000000,-1.000000,0.000000,1.000000,0.000000,0.000000,0.000000,0,0,0,0.000000,0.0000500000,0,,,,,195.403488
867,1000,asteroid_rain,83.442585,14,3,134,0.367879,-1.000000,-1.000000,0.000000,1.000000,0.000000,0.000000,0.000000,0,0,0,0.000000,0.0000500000,0,,,,,195.403488
868,1000,asteroid_rain,220.119437,34,3,325,0.367879,-1.000000,-1.000000,0.000000,1.000000,0.000000,0.000000,0.000000,0,0,0,0.000000,0.0000500000,0,,,,,195.403488
869,1000,crossing_lanes,1037.689200,157,9,2003,0.367879,-1.000000,-1.000000,0.000000,1.000000,0.000000,0.000000,0.000000,0,0,0,0.000000,0.0000500000,0,,,,,195.403488
870,1000,asteroid_rain,500.572136,75,3,894,0.367879,-1.000000,-1.000000,0.000000,1.000000,0.000000,0.000000,0.000000,0,0,0,0.000000,0.0000500000,0,,,,,195.403488
871,1000,spiral_arms,295.678851,45,3,291,0.367879,-1.000000,-1.000000,0.000000,1.000000,0.000000,0.000000,0.000000,0,0,0,0.000000,0.0000500000,0,,,,,195.403488
872,1000,asteroid_rain,200.253302,31,3,280,0.367879,-1.000000,-1.000000,0.000000,1.000000,0.000000,0.000000,0.000000,0,0,0,0.000000,0.0000500000,0,,,,,195.403488
873,1000,asteroid_rain,294.799567,45,3,448,0.367879,-1.000000,-1.000000,0.000000,1.000000,0.000000,0.000000,0.000000,0,0,0,0.000000,0.0000500000,0,,,,,195.403488
874,1000,spiral_arms,99.246879,16,3,37,0.367879,-1.000000,-1.000000,0.000000,1.000000,0.000000,0.000000,0.000000,0,0,0,0.000000,0.0000500000,0,,,,,195.403488
875,1000,crossing_lanes,490.565392,77,9,598,0.367879,-1.000000,-1.000000,0.000000,1.000000,0.000000,0.000000,0.000000,0,0,0,0.000000,0.0000500000,0,,,,,195.403488
876,1000,asteroid_rain,131.545044,21,3,166,0.367879,-1.000000,-1.000000,0.000000,1.000000,0.000000,0.000000,0.000000,0,0,0,0.000000,0.0000500000,0,,,,,195.403488
877,1000,asteroid_rain,160.231111,25,3,147,0.367879,-1.000000,-1.000000,0.000000,1.000000,0.000000,0.000000,0.000000,0,0,0,0.000000,0.0000500000,0,,,,,195.403488
878,1000,crossing_lanes,523.856087,82,9,626,0.367879,-1.000000,-1.000000,0.000000,1.000000,0.000000,0.000000,0.000000,0,0,0,0.000000,0.0000500000,0,,,,,195.403488
879,1000,crossing_lanes,311.394196,51,9,384,0.367879,-1.000000,-1.000000,0.000000,1.000000,0.000000,0.000000,0.000000,0,0,0,0.000000,0.0000500000,0,,,,,195.403488
880,1000,spiral_arms,131.142688,21,3,154,0.367879,-1.000000,-1.000000,0.000000,1.000000,0.000000,0.000000,0.000000,0,0,0,0.000000,0.0000500000,0,195.403488,223.009097,287,23,195.403488
881,1000,crossing_lanes,620.982004,96,9,856,0.367879,-1.000000,-1.000000,0.000000,1.000000,0.000000,0.000000,0.000000,0,0,0,0.000000,0.0000500000,0,,,,,195.403488
882,1000,crossing_lanes,481.791567,76,9,639,0.367879,-1.000000,-1.000000,0.000000,1.000000,0.000000,0.000000,0.000000,0,0,0,0.000000,0.0000500000,0,,,,,195.403488
883,1000,asteroid_rain,234.938979,36,3,268,0.367879,-1.000000,-1.000000,0.000000,1.000000,0.000000,0.000000,0.000000,0,0,0,0.000000,0.0000500000,0,,,,,195.403488
884,1000,crossing_lanes,860.826625,132,9,1498,0.367879,-1.000000,-1.000000,0.000000,1.000000,0.000000,0.000000,0.000000,0,0,0,0.000000,0.0000500000,0,,,,,195.403488
885,1000,spiral_arms,167.820620,26,3,86,0.367879,-1.000000,-1.000000,0.000000,1.000000,0.000000,0.000000,0.000000,0,0,0,0.000000,0.0000500000,0,,,,,195.403488
886,1000,asteroid_rain,200.502001,31,3,265,0.367879,-1.000000,-1.000000,0.000000,1.000000,0.000000,0.000000,0.000000,0,0,0,0.000000,0.0000500000,0,,,,,195.403488
887,1000,asteroid_rain,283.598352,43,3,307,0.367879,-1.000000,-1.000000,0.000000,1.000000,0.000000,0.000000,0.000000,0,0,0,0.000000,0.0000500000,0,,,,,195.403488
888,1000,asteroid_rain,345.191286,52,3,401,0.367879,-1.000000,-1.000000,0.000000,1.000000,0.000000,0.000000,0.000000,0,0,0,0.000000,0.0000500000,0,,,,,195.403488
889,1000,asteroid_rain,62.025027,11,3,137,0.367879,-1.000000,-1.000000,0.000000,1.000000,0.000000,0.000000,0.000000,0,0,0,0.000000,0.0000500000,0,,,,,195.403488
890,1000,asteroid_rain,228.780779,35,3,288,0.367879,-1.000000,-1.000000,0.000000,1.000000,0.000000,0.000000,0.000000,0,0,0,0.000000,0.0000500000,0,,,,,195.403488
891,1000,asteroid_rain,83.154330,14,3,145,0.367879,-1.000000,-1.000000,0.000000,1.000000,0.000000,0.000000,0.000000,0,0,0,0.000000,0.0000500000,0,,,,,195.403488
892,1000,asteroid_rain,41.015923,8,3,139,0.367879,-1.000000,-1.000000,0.000000,1.000000,0.000000,0.000000,0.000000,0,0,0,0.000000,0.0000500000,0,,,,,195.403488
893,1000,crossing_lanes,875.486988,134,9,1579,0.367879,-1.000000,-1.000000,0.000000,1.000000,0.000000,0.000000,0.000000,0,0,0,0.000000,0.0000500000,0,,,,,195.403488
894,1000,asteroid_rain,228.212623,35,3,286,0.367879,-1.000000,-1.000000,0.000000,1.000000,0.000000,0.000000,0.000000,0,0,0,0.000000,0.0000500000,0,,,,,195.403488
895,1000,spiral_arms,180.015320,28,3,151,0.367879,-1.000000,-1.000000,0.000000,1.000000,0.000000,0.000000,0.000000,0,0,0,0.000000,0.0000500000,0,,,,,195.403488
896,1000,spiral_arms,111.864221,18,3,86,0.367879,-1.000000,-1.000000,0.000000,1.000000,0.000000,0.000000,0.000000,0,0,0,0.000000,0.0000500000,0,,,,,195.403488
897,1000,spiral_arms,106.054827,17,3,41,0.367879,-1.000000,-1.000000,0.000000,1.000000,0.000000,0.000000,0.000000,0,0,0,0.000000,0.0000500000,0,,,,,195.403488
898,1000,asteroid_rain,447.842853,67,3,563,0.367879,-1.000000,-1.000000,0.000000,1.000000,0.000000,0.000000,0.000000,0,0,0,0.000000,0.0000500000,0,,,,,195.403488
899,1000,crossing_lanes,289.252751,48,9,471,0.367879,-1.000000,-1.000000,0.000000,1.000000,0.000000,0.000000,0.000000,0,0,0,0.000000,0.0000500000,0,,,,,195.403488
900,1000,spiral_arms,132.552643,21,3,96,0.367879,-1.000000,-1.000000,0.000000,1.000000,0.000000,0.000000,0.000000,0,0,0,0.000000,0.0000500000,0,195.403488,223.009097,287,23,195.403488
901,1000,crossing_lanes,228.788273,39,9,297,0.367879,-1.000000,-1.000000,0.000000,1.000000,0.000000,0.000000,0.000000,0,0,0,0.000000,0.0000500000,0,,,,,195.403488
902,1000,spiral_arms,220.398640,34,3,218,0.367879,-1.000000,-1.000000,0.000000,1.000000,0.000000,0.000000,0.000000,0,0,0,0.000000,0.0000500000,0,,,,,195.403488
903,1000,asteroid_rain,101.130617,17,3,320,0.367879,-1.000000,-1.000000,0.000000,1.000000,0.000000,0.000000,0.000000,0,0,0,0.000000,0.0000500000,0,,,,,195.403488
904,1000,asteroid_rain,95.026932,16,3,290,0.367879,-1.000000,-1.000000,0.000000,1.000000,0.000000,0.000000,0.000000,0,0,0,0.000000,0.0000500000,0,,,,,195.403488
905,1000,asteroid_rain,41.413450,8,3,130,0.367879,-1.000000,-1.000000,0.000000,1.000000,0.000000,0.000000,0.000000,0,0,0,0.000000,0.0000500000,0,,,,,195.403488
906,1000,spiral_arms,160.887595,25,3,82,0.367879,-1.000000,-1.000000,0.000000,1.000000,0.000000,0.000000,0.000000,0,0,0,0.000000,0.0000500000,0,,,,,195.403488
907,1000,asteroid_rain,69.461730,12,3,128,0.367879,-1.000000,-1.000000,0.000000,1.000000,0.000000,0.000000,0.000000,0,0,0,0.000000,0.0000500000,0,,,,,195.403488
908,1000,asteroid_rain,185.617936,29,3,288,0.367879,-1.000000,-1.000000,0.000000,1.000000,0.000000,0.000000,0.000000,0,0,0,0.000000,0.0000500000,0,,,,,195.403488
909,1000,crossing_lanes,432.266732,69,9,845,0.367879,-1.000000,-1.000000,0.000000,1.000000,0.000000,0.000000,0.000000,0,0,0,0.000000,0.0000500000,0,,,,,195.403488
910,1000,spiral_arms,186.515498,29,3,164,0.367879,-1.000000,-1.000000,0.000000,1.000000,0.000000,0.000000,0.000000,0,0,0,0.000000,0.0000500000,0,,,,,195.403488
911,1000,asteroid_rain,188.347954,29,3,145,0.367879,-1.000000,-1.000000,0.000000,1.000000,0.000000,0.000000,0.000000,0,0,0,0.000000,0.0000500000,0,,,,,195.403488
912,1000,spiral_arms,214.677401,33,3,174,0.367879,-1.000000,-1.000000,0.000000,1.000000,0.000000,0.000000,0.000000,0,0,0,0.000000,0.0000500000,0,,,,,195.403488
913,1000,asteroid_rain,69.049586,12,3,141,0.367879,-1.000000,-1.000000,0.000000,1.000000,0.000000,0.000000,0.000000,0,0,0,0.000000,0.0000500000,0,,,,,195.403488
914,1000,asteroid_rain,224.813872,35,3,433,0.367879,-1.000000,-1.000000,0.000000,1.000000,0.000000,0.000000,0.000000,0,0,0,0.000000,0.0000500000,0,,,,,195.403488
915,1000,crossing_lanes,528.496602,83,9,708,0.367879,-1.000000,-1.000000,0.000000,1.000000,0.000000,0.000000,0.000000,0,0,0,0.000000,0.0000500000,0,,,,,195.403488
916,1000,asteroid_rain,359.471500,54,3,455,0.367879,-1.000000,-1.000000,0.000000,1.000000,0.000000,0.000000,0.000000,0,0,0,0.000000,0.0000500000,0,,,,,195.403488
917,1000,crossing_lanes,747.473474,115,9,1124,0.367879,-1.000000,-1.000000,0.000000,1.000000,0.000000,0.000000,0.000000,0,0,0,0.000000,0.0000500000,0,,,,,195.403488
918,1000,crossing_lanes,609.948328,95,9,945,0.367879,-1.000000,-1.000000,0.000000,1.000000,0.000000,0.000000,0.000000,0,0,0,0.000000,0.0000500000,0,,,,,195.403488
919,1000,crossing_lanes,778.541592,119,9,928,0.367879,-1.000000,-1.000000,0.000000,1.000000,0.000000,0.000000,0.000000,0,0,0,0.000000,0.0000500000,0,,,,,195.403488
920,1000,crossing_lanes,627.878290,97,9,789,0.367879,-1.000000,-1.000000,0.000000,1.000000,0.000000,0.000000,0.000000,0,0,0,0.000000,0.0000500000,0,195.403488,223.009097,287,23,195.403488
921,1000,crossing_lanes,257.875627,43,9,255,0.367879,-1.000000,-1.000000,0.000000,1.000000,0.000000,0.000000,0.000000,0,0,0,0.000000,0.0000500000,0,,,,,195.403488
922,1000,crossing_lanes,601.228783,93,9,732,0.367879,-1.000000,-1.000000,0.000000,1.000000,0.000000,0.000000,0.000000,0,0,0,0.000000,0.0000500000,0,,,,,195.403488
923,1000,spiral_arms,106.040992,17,3,41,0.367879,-1.000000,-1.000000,0.000000,1.000000,0.000000,0.000000,0.000000,0,0,0,0.000000,0.0000500000,0,,,,,195.403488
924,1000,crossing_lanes,864.537239,132,9,1216,0.367879,-1.000000,-1.000000,0.000000,1.000000,0.000000,0.000000,0.000000,0,0,0,0.000000,0.0000500000,0,,,,,195.403488
925,1000,asteroid_rain,541.186995,81,3,978,0.367879,-1.000000,-1.000000,0.000000,1.000000,0.000000,0.000000,0.000000,0,0,0,0.000000,0.0000500000,0,,,,,195.403488
926,1000,asteroid_rain,179.446163,28,3,265,0.367879,-1.000000,-1.000000,0.000000,1.000000,0.000000,0.000000,0.000000,0,0,0,0.000000,0.0000500000,0,,,,,195.403488
927,1000,asteroid_rain,659.230447,98,3,968,0.367879,-1.000000,-1.000000,0.000000,1.000000,0.000000,0.000000,0.000000,0,0,0,0.000000,0.0000500000,0,,,,,195.403488
928,1000,crossing_lanes,460.264870,73,9,607,0.367879,-1.000000,-1.000000,0.000000,1.000000,0.000000,0.000000,0.000000,0,0,0,0.000000,0.0000500000,0,,,,,195.403488
929,1000,crossing_lanes,120.059785,23,9,167,0.367879,-1.000000,-1.000000,0.000000,1.000000,0.000000,0.000000,0.000000,0,0,0,0.000000,0.0000500000,0,,,,,195.403488
930,1000,crossing_lanes,566.727881,88,9,572,0.367879,-1.000000,-1.000000,0.000000,1.000000,0.000000,0.000000,0.000000,0,0,0,0.000000,0.0000500000,0,,,,,195.403488
931,1000,asteroid_rain,419.901442,63,3,637,0.367879,-1.000000,-1.000000,0.000000,1.000000,0.000000,0.000000,0.000000,0,0,0,0.000000,0.0000500000,0,,,,,195.403488
932,1000,crossing_lanes,609.717383,94,9,677,0.367879,-1.000000,-1.000000,0.000000,1.000000,0.000000,0.000000,0.000000,0,0,0,0.000000,0.0000500000,0,,,,,195.403488
933,1000,spiral_arms,208.479276,32,3,150,0.367879,-1.000000,-1.000000,0.000000,1.000000,0.000000,0.000000,0.000000,0,0,0,0.000000,0.0000500000,0,,,,,195.403488
934,1000,crossing_lanes,291.596954,48,9,319,0.367879,-1.000000,-1.000000,0.000000,1.000000,0.000000,0.000000,0.000000,0,0,0,0.000000,0.0000500000,0,,,,,195.403488
935,1000,asteroid_rain,41.012784,8,3,139,0.367879,-1.000000,-1.000000,0.000000,1.000000,0.000000,0.000000,0.000000,0,0,0,0.000000,0.0000500000,0,,,,,195.403488
936,1000,crossing_lanes,229.695631,39,9,263,0.367879,-1.000000,-1.000000,0.000000,1.000000,0.000000,0.000000,0.000000,0,0,0,0.000000,0.0000500000,0,,,,,195.403488
937,1000,spiral_arms,133.243854,21,3,71,0.367879,-1.000000,-1.000000,0.000000,1.000000,0.000000,0.000000,0.000000,0,0,0,0.000000,0.0000500000,0,,,,,195.403488
938,1000,spiral_arms,118.547205,19,3,93,0.367879,-1.000000,-1.000000,0.000000,1.000000,0.000000,0.000000,0.000000,0,0,0,0.000000,0.0000500000,0,,,,,195.403488
939,1000,asteroid_rain,262.115468,40,3,318,0.367879,-1.000000,-1.000000,0.000000,1.000000,0.000000,0.000000,0.000000,0,0,0,0.000000,0.0000500000,0,,,,,195.403488
940,1000,crossing_lanes,811.824482,125,9,1419,0.367879,-1.000000,-1.000000,0.000000,1.000000,0.000000,0.000000,0.000000,0,0,0,0.000000,0.0000500000,0,195.403488,223.009097,287,23,195.403488
941,1000,spiral_arms,112.932104,18,3,44,0.367879,-1.000000,-1.000000,0.000000,1.000000,0.000000,0.000000,0.000000,0,0,0,0.000000,0.0000500000,0,,,,,195.403488
942,1000,asteroid_rain,48.333725,9,3,132,0.367879,-1.000000,-1.000000,0.000000,1.000000,0.000000,0.000000,0.000000,0,0,0,0.000000,0.0000500000,0,,,,,195.403488
943,1000,asteroid_rain,249.662044,38,3,268,0.367879,-1.000000,-1.000000,0.000000,1.000000,0.000000,0.000000,0.000000,0,0,0,0.000000,0.0000500000,0,,,,,195.403488
944,1000,asteroid_rain,193.053127,30,3,287,0.367879,-1.000000,-1.000000,0.000000,1.000000,0.000000,0.000000,0.000000,0,0,0,0.000000,0.0000500000,0,,,,,195.403488
945,1000,asteroid_rain,48.287452,9,3,131,0.367879,-1.000000,-1.000000,0.000000,1.000000,0.000000,0.000000,0.000000,0,0,0,0.000000,0.0000500000,0,,,,,195.403488
946,1000,asteroid_rain,344.671430,52,3,462,0.367879,-1.000000,-1.000000,0.000000,1.000000,0.000000,0.000000,0.000000,0,0,0,0.000000,0.0000500000,0,,,,,195.403488
947,1000,asteroid_rain,111.649047,18,3,137,0.367879,-1.000000,-1.000000,0.000000,1.000000,0.000000,0.000000,0.000000,0,0,0,0.000000,0.0000500000,0,,,,,195.403488
948,1000,asteroid_rain,41.422961,8,3,131,0.367879,-1.000000,-1.000000,0.000000,1.000000,0.000000,0.000000,0.000000,0,0,0,0.000000,0.0000500000,0,,,,,195.403488
949,1000,asteroid_rain,386.144302,58,3,459,0.367879,-1.000000,-1.000000,0.000000,1.000000,0.000000,0.000000,0.000000,0,0,0,0.000000,0.0000500000,0,,,,,195.403488
950,1000,crossing_lanes,676.050367,104,9,796,0.367879,-1.000000,-1.000000,0.000000,1.000000,0.000000,0.000000,0.000000,0,0,0,0.000000,0.0000500000,0,,,,,195.403488
951,1000,asteroid_rain,48.267670,9,3,133,0.367879,-1.000000,-1.000000,0.000000,1.000000,0.000000,0.000000,0.000000,0,0,0,0.000000,0.0000500000,0,,,,,195.403488
952,1000,asteroid_rain,482.592951,72,3,577,0.367879,-1.000000,-1.000000,0.000000,1.000000,0.000000,0.000000,0.000000,0,0,0,0.000000,0.0000500000,0,,,,,195.403488
953,1000,crossing_lanes,356.165495,58,9,624,0.367879,-1.000000,-1.000000,0.000000,1.000000,0.000000,0.000000,0.000000,0,0,0,0.000000,0.0000500000,0,,,,,195.403488
954,1000,spiral_arms,228.844380,35,3,167,0.367879,-1.000000,-1.000000,0.000000,1.000000,0.000000,0.000000,0.000000,0,0,0,0.000000,0.0000500000,0,,,,,195.403488
955,1000,asteroid_rain,55.396440,10,3,130,0.367879,-1.000000,-1.000000,0.000000,1.000000,0.000000,0.000000,0.000000,0,0,0,0.000000,0.0000500000,0,,,,,195.403488
956,1000,crossing_lanes,753.147025,115,9,872,0.367879,-1.000000,-1.000000,0.000000,1.000000,0.000000,0.000000,0.000000,0,0,0,0.000000,0.0000500000,0,,,,,195.403488
957,1000,crossing_lanes,663.031279,102,9,791,0.367879,-1.000000,-1.000000,0.000000,1.000000,0.000000,0.000000,0.000000,0,0,0,0.000000,0.0000500000,0,,,,,195.403488
958,1000,asteroid_rain,494.893014,74,3,830,0.367879,-1.000000,-1.000000,0.000000,1.000000,0.000000,0.000000,0.000000,0,0,0,0.000000,0.0000500000,0,,,,,195.403488
959,1000,crossing_lanes,832.930791,127,9,1110,0.367879,-1.000000,-1.000000,0.000000,1.000000,0.000000,0.000000,0.000000,0,0,0,0.000000,0.0000500000,0,,,,,195.403488
960,1000,crossing_lanes,380.779121,61,9,475,0.367879,-1.000000,-1.000000,0.000000,1.000000,0.000000,0.000000,0.000000,0,0,0,0.000000,0.0000500000,0,195.403488,223.009097,287,23,195.403488
961,1000,crossing_lanes,208.337370,36,9,274,0.367879,-1.000000,-1.000000,0.000000,1.000000,0.000000,0.000000,0.000000,0,0,0,0.000000,0.0000500000,0,,,,,195.403488
962,1000,spiral_arms,208.274023,32,3,176,0.367879,-1.000000,-1.000000,0.000000,1.000000,0.000000,0.000000,0.000000,0,0,0,0.000000,0.0000500000,0,,,,,195.403488
963,1000,crossing_lanes,146.010153,27,9,239,0.367879,-1.000000,-1.000000,0.000000,1.000000,0.000000,0.000000,0.000000,0,0,0,0.000000,0.0000500000,0,,,,,195.403488
964,1000,spiral_arms,395.346338,59,3,309,0.367879,-1.000000,-1.000000,0.000000,1.000000,0.000000,0.000000,0.000000,0,0,0,0.000000,0.0000500000,0,,,,,195.403488
965,1000,crossing_lanes,668.688790,103,9,820,0.367879,-1.000000,-1.000000,0.000000,1.000000,0.000000,0.000000,0.000000,0,0,0,0.000000,0.0000500000,0,,,,,195.403488
966,1000,asteroid_rain,123.139024,20,3,266,0.367879,-1.000000,-1.000000,0.000000,1.000000,0.000000,0.000000,0.000000,0,0,0,0.000000,0.0000500000,0,,,,,195.403488
967,1000,spiral_arms,271.249651,41,3,173,0.367879,-1.000000,-1.000000,0.000000,1.000000,0.000000,0.000000,0.000000,0,0,0,0.000000,0.0000500000,0,,,,,195.403488
968,1000,asteroid_rain,288.270048,44,3,419,0.367879,-1.000000,-1.000000,0.000000,1.000000,0.000000,0.000000,0.000000,0,0,0,0.000000,0.0000500000,0,,,,,195.403488
969,1000,spiral_arms,263.914829,40,3,151,0.367879,-1.000000,-1.000000,0.000000,1.000000,0.000000,0.000000,0.000000,0,0,0,0.000000,0.0000500000,0,,,,,195.403488
970,1000,asteroid_rain,157.523640,25,3,299,0.367879,-1.000000,-1.000000,0.000000,1.000000,0.000000,0.000000,0.000000,0,0,0,0.000000,0.0000500000,0,,,,,195.403488
971,1000,asteroid_rain,235.940115,36,3,316,0.367879,-1.000000,-1.000000,0.000000,1.000000,0.000000,0.000000,0.000000,0,0,0,0.000000,0.0000500000,0,,,,,195.403488
972,1000,crossing_lanes,338.775373,55,9,415,0.367879,-1.000000,-1.000000,0.000000,1.000000,0.000000,0.000000,0.000000,0,0,0,0.000000,0.0000500000,0,,,,,195.403488
973,1000,spiral_arms,207.319111,32,3,173,0.367879,-1.000000,-1.000000,0.000000,1.000000,0.000000,0.000000,0.000000,0,0,0,0.000000,0.0000500000,0,,,,,195.403488
974,1000,asteroid_rain,206.307731,32,3,296,0.367879,-1.000000,-1.000000,0.000000,1.000000,0.000000,0.000000,0.000000,0,0,0,0.000000,0.0000500000,0,,,,,195.403488
975,1000,asteroid_rain,48.044640,9,3,137,0.367879,-1.000000,-1.000000,0.000000,1.000000,0.000000,0.000000,0.000000,0,0,0,0.000000,0.0000500000,0,,,,,195.403488
976,1000,crossing_lanes,641.962235,99,9,680,0.367879,-1.000000,-1.000000,0.000000,1.000000,0.000000,0.000000,0.000000,0,0,0,0.000000,0.0000500000,0,,,,,195.403488
977,1000,crossing_lanes,550.848965,86,9,668,0.367879,-1.000000,-1.000000,0.000000,1.000000,0.000000,0.000000,0.000000,0,0,0,0.000000,0.0000500000,0,,,,,195.403488
978,1000,asteroid_rain,123.445915,20,3,275,0.367879,-1.000000,-1.000000,0.000000,1.000000,0.000000,0.000000,0.000000,0,0,0,0.000000,0.0000500000,0,,,,,195.403488
979,1000,crossing_lanes,737.222697,113,9,901,0.367879,-1.000000,-1.000000,0.000000,1.000000,0.000000,0.000000,0.000000,0,0,0,0.000000,0.0000500000,0,,,,,195.403488
980,1000,asteroid_rain,61.586619,11,3,154,0.367879,-1.000000,-1.000000,0.000000,1.000000,0.000000,0.000000,0.000000,0,0,0,0.000000,0.0000500000,0,195.403488,223.009097,287,23,195.403488
981,1000,asteroid_rain,52.851237,10,3,268,0.367879,-1.000000,-1.000000,0.000000,1.000000,0.000000,0.000000,0.000000,0,0,0,0.000000,0.0000500000,0,,,,,195.403488
982,1000,asteroid_rain,318.457841,48,3,301,0.367879,-1.000000,-1.000000,0.000000,1.000000,0.000000,0.000000,0.000000,0,0,0,0.000000,0.0000500000,0,,,,,195.403488
983,1000,crossing_lanes,399.338226,64,9,508,0.367879,-1.000000,-1.000000,0.000000,1.000000,0.000000,0.000000,0.000000,0,0,0,0.000000,0.0000500000,0,,,,,195.403488
984,1000,asteroid_rain,274.508761,42,3,442,0.367879,-1.000000,-1.000000,0.000000,1.000000,0.000000,0.000000,0.000000,0,0,0,0.000000,0.0000500000,0,,,,,195.403488
985,1000,asteroid_rain,48.376620,9,3,132,0.367879,-1.000000,-1.000000,0.000000,1.000000,0.000000,0.000000,0.000000,0,0,0,0.000000,0.0000500000,0,,,,,195.403488
986,1000,spiral_arms,132.668509,21,3,93,0.367879,-1.000000,-1.000000,0.000000,1.000000,0.000000,0.000000,0.000000,0,0,0,0.000000,0.0000500000,0,,,,,195.403488
987,1000,asteroid_rain,146.547621,23,3,139,0.367879,-1.000000,-1.000000,0.000000,1.000000,0.000000,0.000000,0.000000,0,0,0,0.000000,0.0000500000,0,,,,,195.403488
988,1000,crossing_lanes,358.443607,58,9,519,0.367879,-1.000000,-1.000000,0.000000,1.000000,0.000000,0.000000,0.000000,0,0,0,0.000000,0.0000500000,0,,,,,195.403488
989,1000,crossing_lanes,343.541740,56,9,488,0.367879,-1.000000,-1.000000,0.000000,1.000000,0.000000,0.000000,0.000000,0,0,0,0.000000,0.0000500000,0,,,,,195.403488
990,1000,crossing_lanes,474.980968,75,9,606,0.367879,-1.000000,-1.000000,0.000000,1.000000,0.000000,0.000000,0.000000,0,0,0,0.000000,0.0000500000,0,,,,,195.403488
991,1000,crossing_lanes,516.830590,81,9,752,0.367879,-1.000000,-1.000000,0.000000,1.000000,0.000000,0.000000,0.000000,0,0,0,0.000000,0.0000500000,0,,,,,195.403488
992,1000,spiral_arms,160.726497,25,3,82,0.367879,-1.000000,-1.000000,0.000000,1.000000,0.000000,0.000000,0.000000,0,0,0,0.000000,0.0000500000,0,,,,,195.403488
993,1000,asteroid_rain,62.353271,11,3,130,0.367879,-1.000000,-1.000000,0.000000,1.000000,0.000000,0.000000,0.000000,0,0,0,0.000000,0.0000500000,0,,,,,195.403488
994,1000,crossing_lanes,447.890403,71,9,549,0.367879,-1.000000,-1.000000,0.000000,1.000000,0.000000,0.000000,0.000000,0,0,0,0.000000,0.0000500000,0,,,,,195.403488
995,1000,asteroid_rain,220.200386,34,3,308,0.367879,-1.000000,-1.000000,0.000000,1.000000,0.000000,0.000000,0.000000,0,0,0,0.000000,0.0000500000,0,,,,,195.403488
996,1000,crossing_lanes,776.925727,119,9,1000,0.367879,-1.000000,-1.000000,0.000000,1.000000,0.000000,0.000000,0.000000,0,0,0,0.000000,0.0000500000,0,,,,,195.403488
997,1000,asteroid_rain,48.574964,9,3,133,0.367879,-1.000000,-1.000000,0.000000,1.000000,0.000000,0.000000,0.000000,0,0,0,0.000000,0.0000500000,0,,,,,195.403488
998,1000,asteroid_rain,421.097187,63,3,453,0.367879,-1.000000,-1.000000,0.000000,1.000000,0.000000,0.000000,0.000000,0,0,0,0.000000,0.0000500000,0,,,,,195.403488
999,1000,crossing_lanes,890.501964,136,9,1438,0.367879,-1.000000,-1.000000,0.000000,1.000000,0.000000,0.000000,0.000000,0,0,0,0.000000,0.0000500000,0,,,,,195.403488
1000,1000,crossing_lanes,392.618070,63,9,580,0.367879,-1.000000,-1.000000,0.000000,1.000000,0.000000,0.000000,0.000000,0,0,0,0.000000,0.0000500000,0,195.403488,223.009097,287,23,195.403488
